taxonKey	nubKey	taxonID	scientificName	taxonomicStatus	acceptedKey	acceptedName	acceptedTaxonRank	acceptedClassKey	acceptedClass	acceptedKingdom
159748482	1002621	https://www.gbif.org/species/1002621	Keratella tropica (Apstein, 1907)	ACCEPTED	1002621	Keratella tropica (Apstein, 1907)	SPECIES	307	Eurotatoria	Animalia
310017604	1007512	https://www.gbif.org/species/1007512	Pacificincola perforata (Okada & Mawatari, 1937)	ACCEPTED	1007512	Pacificincola perforata (Okada & Mawatari, 1937)	SPECIES	252	Gymnolaemata	Animalia
159748469	1007534	https://www.gbif.org/species/1007534	Phaeostachys spinifera (Johnston, 1847)	ACCEPTED	1007534	Phaeostachys spinifera (Johnston, 1847)	SPECIES	252	Gymnolaemata	Animalia
159748473	1008610	https://www.gbif.org/species/1008610	Haplopoma graniferum (Johnston, 1847)	ACCEPTED	1008610	Haplopoma graniferum (Johnston, 1847)	SPECIES	252	Gymnolaemata	Animalia
159748474	1008612	https://www.gbif.org/species/1008612	Haplopoma impressum (Audouin, 1826)	ACCEPTED	1008612	Haplopoma impressum (Audouin, 1826)	SPECIES	252	Gymnolaemata	Animalia
152544653	1010644	https://www.gbif.org/species/1010644	Hanseniella caldaria (Hansen, 1903)	ACCEPTED	1010644	Hanseniella caldaria (Hansen, 1903)	SPECIES	7742773	Symphyla	Animalia
152544627	1031512	https://www.gbif.org/species/1031512	Liposcelis brunnea Motschulsky, 1852	ACCEPTED	1031512	Liposcelis brunnea Motschulsky, 1852	SPECIES	216	Insecta	Animalia
152544628	1031520	https://www.gbif.org/species/1031520	Liposcelis bostrychophila Badonnel, 1931	ACCEPTED	1031520	Liposcelis bostrychophila Badonnel, 1931	SPECIES	216	Insecta	Animalia
152544630	1031524	https://www.gbif.org/species/1031524	Liposcelis paeta Pearman, 1942	ACCEPTED	1031524	Liposcelis paeta Pearman, 1942	SPECIES	216	Insecta	Animalia
152544607	1031564	https://www.gbif.org/species/1031564	Psoquilla marginepunctata Hagen, 1865	ACCEPTED	1031564	Psoquilla marginepunctata Hagen, 1865	SPECIES	216	Insecta	Animalia
152544616	1031677	https://www.gbif.org/species/1031677	Trogium pulsatorium (Linnaeus, 1758)	ACCEPTED	1031677	Trogium pulsatorium (Linnaeus, 1758)	SPECIES	216	Insecta	Animalia
152544620	1031680	https://www.gbif.org/species/1031680	Cerobasis annulata (Hagen, 1865)	ACCEPTED	1031680	Cerobasis annulata (Hagen, 1865)	SPECIES	216	Insecta	Animalia
152544613	1031685	https://www.gbif.org/species/1031685	Lepinotus reticulatus Enderlein, 1904	ACCEPTED	1031685	Lepinotus reticulatus Enderlein, 1904	SPECIES	216	Insecta	Animalia
152544600	1031743	https://www.gbif.org/species/1031743	Dorypteryx pallida Aaron, 1883	ACCEPTED	1031743	Dorypteryx pallida Aaron, 1883	SPECIES	216	Insecta	Animalia
152544591	1032262	https://www.gbif.org/species/1032262	Enderleinellus kumadai Kaneko, 1954	ACCEPTED	1032262	Enderleinellus kumadai Kaneko, 1954	SPECIES	216	Insecta	Animalia
152544587	1032377	https://www.gbif.org/species/1032377	Hoplopleura erismata Ferris, 1921	ACCEPTED	1032377	Hoplopleura erismata Ferris, 1921	SPECIES	216	Insecta	Animalia
310015706	1146023	https://www.gbif.org/species/1146023	Aegosoma scabricorne (Scopoli, 1763)	ACCEPTED	1146023	Aegosoma scabricorne (Scopoli, 1763)	SPECIES	216	Insecta	Animalia
182134456	1194885	https://www.gbif.org/species/1194885	Otiorhynchus meridionalis Gyllenhal, 1834	ACCEPTED	1194885	Otiorhynchus meridionalis Gyllenhal, 1834	SPECIES	216	Insecta	Animalia
182134455	1194989	https://www.gbif.org/species/1194989	Otiorhynchus cribricollis Gyllenhal, 1834	ACCEPTED	1194989	Otiorhynchus cribricollis Gyllenhal, 1834	SPECIES	216	Insecta	Animalia
182134454	1195013	https://www.gbif.org/species/1195013	Otiorhynchus aurifer Boheman, 1842	ACCEPTED	1195013	Otiorhynchus aurifer Boheman, 1842	SPECIES	216	Insecta	Animalia
152544520	1319260	https://www.gbif.org/species/1319260	Tetraponera allaborans (Walker, 1859)	ACCEPTED	1319260	Tetraponera allaborans (Walker, 1859)	SPECIES	216	Insecta	Animalia
152544508	1321805	https://www.gbif.org/species/1321805	Pheidole bilimeki Mayr, 1870	ACCEPTED	1321805	Pheidole bilimeki Mayr, 1870	SPECIES	216	Insecta	Animalia
152544507	1322674	https://www.gbif.org/species/1322674	Pheidole anastasii Emery, 1896	ACCEPTED	1322674	Pheidole anastasii Emery, 1896	SPECIES	216	Insecta	Animalia
152544459	1419894	https://www.gbif.org/species/1419894	Euborellia annulipes (Lucas, 1847)	ACCEPTED	1419894	Euborellia annulipes (Lucas, 1847)	SPECIES	216	Insecta	Animalia
152544422	1420197	https://www.gbif.org/species/1420197	Aleurodothrips fasciapennis (Franklin, 1908)	ACCEPTED	1420197	Aleurodothrips fasciapennis (Franklin, 1908)	SPECIES	216	Insecta	Animalia
152544448	1420612	https://www.gbif.org/species/1420612	Scirtothrips longipennis (Bagnall, 1909)	ACCEPTED	1420612	Scirtothrips longipennis (Bagnall, 1909)	SPECIES	216	Insecta	Animalia
152544453	1420765	https://www.gbif.org/species/1420765	Chaetanaphothrips orchidii (Moulton, 1907)	ACCEPTED	1420765	Chaetanaphothrips orchidii (Moulton, 1907)	SPECIES	216	Insecta	Animalia
152544436	1420769	https://www.gbif.org/species/1420769	Aurantothrips orchidaceus (Bagnall, 1909)	ACCEPTED	1420769	Aurantothrips orchidaceus (Bagnall, 1909)	SPECIES	216	Insecta	Animalia
152544438	1420791	https://www.gbif.org/species/1420791	Leucothrips nigripennis Reuter, 1904	ACCEPTED	1420791	Leucothrips nigripennis Reuter, 1904	SPECIES	216	Insecta	Animalia
152544441	1420795	https://www.gbif.org/species/1420795	Heliothrips haemorrhoidalis (Bouché, 1833)	ACCEPTED	1420795	Heliothrips haemorrhoidalis (Bouché, 1833)	SPECIES	216	Insecta	Animalia
152544443	1420828	https://www.gbif.org/species/1420828	Hercinothrips bicinctus (Bagnall, 1919)	ACCEPTED	1420828	Hercinothrips bicinctus (Bagnall, 1919)	SPECIES	216	Insecta	Animalia
152544445	1420829	https://www.gbif.org/species/1420829	Hercinothrips femoralis (Reuter, 1891)	ACCEPTED	1420829	Hercinothrips femoralis (Reuter, 1891)	SPECIES	216	Insecta	Animalia
152544397	1421095	https://www.gbif.org/species/1421095	Ctenolepisma lineata (Fabricius, 1775)	ACCEPTED	1421095	Ctenolepisma lineata (Fabricius, 1775)	SPECIES	216	Insecta	Animalia
152544412	1422818	https://www.gbif.org/species/1422818	Pseudagrion microcephalum (Rambur, 1842)	ACCEPTED	1422818	Pseudagrion microcephalum (Rambur, 1842)	SPECIES	216	Insecta	Animalia
310015688	1428861	https://www.gbif.org/species/1428861	Trithemis kirbyi Selys, 1891	ACCEPTED	1428861	Trithemis kirbyi Selys, 1891	SPECIES	216	Insecta	Animalia
310015690	1429199	https://www.gbif.org/species/1429199	Leucorrhinia albifrons (Burmeister, 1839)	ACCEPTED	1429199	Leucorrhinia albifrons (Burmeister, 1839)	SPECIES	216	Insecta	Animalia
182134330	1548900	https://www.gbif.org/species/1548900	Dohrniphora cornuta (Bigot, 1857)	ACCEPTED	1548900	Dohrniphora cornuta (Bigot, 1857)	SPECIES	216	Insecta	Animalia
213214411	1623077	https://www.gbif.org/species/1623077	Tephritis carmen Hering, 1937	ACCEPTED	1623077	Tephritis carmen Hering, 1937	SPECIES	216	Insecta	Animalia
310016021	1737850	https://www.gbif.org/species/1737850	Cydia interscindana (Möschler, 1866)	ACCEPTED	1737850	Cydia interscindana (Möschler, 1866)	SPECIES	216	Insecta	Animalia
310016081	1786515	https://www.gbif.org/species/1786515	Paradiarsia punicea Hübner	ACCEPTED	1786515	Paradiarsia punicea Hübner	SPECIES	216	Insecta	Animalia
310016071	1792768	https://www.gbif.org/species/1792768	Dryobota labecula Esper	ACCEPTED	1792768	Dryobota labecula Esper	SPECIES	216	Insecta	Animalia
213213908	1795068	https://www.gbif.org/species/1795068	Thysanoplusia orichalcea (Fabricius, 1775)	ACCEPTED	1795068	Thysanoplusia orichalcea (Fabricius, 1775)	SPECIES	216	Insecta	Animalia
310016059	1797333	https://www.gbif.org/species/1797333	Catocala nymphagoga Esper, 1787	ACCEPTED	1797333	Catocala nymphagoga Esper, 1787	SPECIES	216	Insecta	Animalia
310016057	1814653	https://www.gbif.org/species/1814653	Dysauxes punctata Fabricius, 1781	ACCEPTED	1814653	Dysauxes punctata Fabricius, 1781	SPECIES	216	Insecta	Animalia
310016130	1830822	https://www.gbif.org/species/1830822	Prays oleae Bernard, 1788	ACCEPTED	1830822	Prays oleae Bernard, 1788	SPECIES	216	Insecta	Animalia
310016116	1876624	https://www.gbif.org/species/1876624	Elegia atrifasciella Ragonot, 1887	ACCEPTED	1876624	Elegia atrifasciella Ragonot, 1887	SPECIES	216	Insecta	Animalia
310016038	1882905	https://www.gbif.org/species/1882905	Diplopseustis perieresalis (Walker, 1859)	ACCEPTED	1882905	Diplopseustis perieresalis (Walker, 1859)	SPECIES	216	Insecta	Animalia
310016049	1889905	https://www.gbif.org/species/1889905	Pseudobissetia terrestrellus Christoph, 1885	ACCEPTED	1889905	Pseudobissetia terrestrellus Christoph, 1885	SPECIES	216	Insecta	Animalia
310016051	1890776	https://www.gbif.org/species/1890776	Pyrausta virginalis Duponchel	ACCEPTED	1890776	Pyrausta virginalis Duponchel	SPECIES	216	Insecta	Animalia
310015986	2000167	https://www.gbif.org/species/2000167	Periplaneta fuliginosa Serville, 1838	ACCEPTED	2000167	Periplaneta fuliginosa Serville, 1838	SPECIES	216	Insecta	Animalia
159748101	2110811	https://www.gbif.org/species/2110811	Mytilicola intestinalis Steuer, 1902	ACCEPTED	2110811	Mytilicola intestinalis Steuer, 1902	SPECIES	11545536	Copepoda	Animalia
310015332	2113862	https://www.gbif.org/species/2113862	Dosima fascicularis (Ellis & Solander, 1786)	ACCEPTED	2113862	Dosima fascicularis (Ellis & Solander, 1786)	SPECIES	203	Maxillopoda	Animalia
310015336	2113864	https://www.gbif.org/species/2113864	Conchoderma virgatum Spengler, 1789	ACCEPTED	2113864	Conchoderma virgatum Spengler, 1789	SPECIES	203	Maxillopoda	Animalia
159748106	2114326	https://www.gbif.org/species/2114326	Eurytemora americana Williams, 1906	ACCEPTED	2114326	Eurytemora americana Williams, 1906	SPECIES	11545536	Copepoda	Animalia
159748091	2115724	https://www.gbif.org/species/2115724	Balanus trigonus Darwin, 1854	ACCEPTED	2115724	Balanus trigonus Darwin, 1854	SPECIES	203	Maxillopoda	Animalia
152544238	2138649	https://www.gbif.org/species/2138649	Mermessus denticulatus (Banks, 1898)	ACCEPTED	2138649	Mermessus denticulatus (Banks, 1898)	SPECIES	367	Arachnida	Animalia
152544229	2140406	https://www.gbif.org/species/2140406	Triaeris stenaspis Simon, 1892	ACCEPTED	2140406	Triaeris stenaspis Simon, 1892	SPECIES	367	Arachnida	Animalia
152544246	2141241	https://www.gbif.org/species/2141241	Callobius nomeus (Chamberlin, 1919)	ACCEPTED	2141241	Callobius nomeus (Chamberlin, 1919)	SPECIES	367	Arachnida	Animalia
152544257	2145078	https://www.gbif.org/species/2145078	Macrothele calpeiana (Walckenaer, 1805)	ACCEPTED	2145078	Macrothele calpeiana (Walckenaer, 1805)	SPECIES	367	Arachnida	Animalia
152544253	2148040	https://www.gbif.org/species/2148040	Thanatus vulgaris Simon, 1870	ACCEPTED	2148040	Thanatus vulgaris Simon, 1870	SPECIES	367	Arachnida	Animalia
152544202	2149847	https://www.gbif.org/species/2149847	Spermophora senoculata (Dugès, 1836)	ACCEPTED	2149847	Spermophora senoculata (Dugès, 1836)	SPECIES	367	Arachnida	Animalia
152544212	2149992	https://www.gbif.org/species/2149992	Pholcus opilionoides (Schrank, 1781)	ACCEPTED	2149992	Pholcus opilionoides (Schrank, 1781)	SPECIES	367	Arachnida	Animalia
152544209	2150043	https://www.gbif.org/species/2150043	Crossopriza lyoni (Blackwall, 1867)	ACCEPTED	2150043	Crossopriza lyoni (Blackwall, 1867)	SPECIES	367	Arachnida	Animalia
213214657	2152793	https://www.gbif.org/species/2152793	Cupiennius getazi Simon, 1891	ACCEPTED	2152793	Cupiennius getazi Simon, 1891	SPECIES	367	Arachnida	Animalia
152544221	2152822	https://www.gbif.org/species/2152822	Phoneutria nigriventer (Keyserling, 1891)	ACCEPTED	2152822	Phoneutria nigriventer (Keyserling, 1891)	SPECIES	367	Arachnida	Animalia
152544182	2153712	https://www.gbif.org/species/2153712	Grammostola rosea (Walckenaer, 1837)	ACCEPTED	2153712	Grammostola rosea (Walckenaer, 1837)	SPECIES	367	Arachnida	Animalia
152544186	2153759	https://www.gbif.org/species/2153759	Phormictopus cancerides (Latreille, 1806)	ACCEPTED	2153759	Phormictopus cancerides (Latreille, 1806)	SPECIES	367	Arachnida	Animalia
152544188	2153791	https://www.gbif.org/species/2153791	Chaetopelma olivaceum (C.L.Koch, 1841)	ACCEPTED	2153791	Chaetopelma olivaceum (C.L.Koch, 1841)	SPECIES	367	Arachnida	Animalia
152544194	2155557	https://www.gbif.org/species/2155557	Selenops radiatus Latreille, 1819	ACCEPTED	2155557	Selenops radiatus Latreille, 1819	SPECIES	367	Arachnida	Animalia
152544145	2155807	https://www.gbif.org/species/2155807	Euryopis episinoides (Walckenaer, 1847)	ACCEPTED	2155807	Euryopis episinoides (Walckenaer, 1847)	SPECIES	367	Arachnida	Animalia
152544161	2157335	https://www.gbif.org/species/2157335	Hadrotarsus ornatus Hickman, 1943	ACCEPTED	2157335	Hadrotarsus ornatus Hickman, 1943	SPECIES	367	Arachnida	Animalia
152544167	2157928	https://www.gbif.org/species/2157928	Latrodectus hasselti Thorell, 1870	ACCEPTED	2157928	Latrodectus hasselti Thorell, 1870	SPECIES	367	Arachnida	Animalia
152544170	2157942	https://www.gbif.org/species/2157942	Latrodectus hesperus Chamberlin & Ivie, 1935	ACCEPTED	2157942	Latrodectus hesperus Chamberlin & Ivie, 1935	SPECIES	367	Arachnida	Animalia
152544168	2157944	https://www.gbif.org/species/2157944	Latrodectus geometricus C.L.Koch, 1841	ACCEPTED	2157944	Latrodectus geometricus C.L.Koch, 1841	SPECIES	367	Arachnida	Animalia
152544165	2157949	https://www.gbif.org/species/2157949	Latrodectus mactans (Fabricius, 1775)	ACCEPTED	2157949	Latrodectus mactans (Fabricius, 1775)	SPECIES	367	Arachnida	Animalia
152544141	2157984	https://www.gbif.org/species/2157984	Nesticodes rufipes (Lucas, 1846)	ACCEPTED	2157984	Nesticodes rufipes (Lucas, 1846)	SPECIES	367	Arachnida	Animalia
152544093	2158821	https://www.gbif.org/species/2158821	Neoscona nautica (L.Koch, 1875)	ACCEPTED	2158821	Neoscona nautica (L.Koch, 1875)	SPECIES	367	Arachnida	Animalia
152544085	2161467	https://www.gbif.org/species/2161467	Cerbalus Simon, 1897	ACCEPTED	2161467	Cerbalus Simon, 1897	GENUS	367	Arachnida	Animalia
152544080	2161710	https://www.gbif.org/species/2161710	Heteropoda venatoria (Linnaeus, 1767)	ACCEPTED	2161710	Heteropoda venatoria (Linnaeus, 1767)	SPECIES	367	Arachnida	Animalia
152544084	2161911	https://www.gbif.org/species/2161911	Nolavia Kammerer, 2006	ACCEPTED	2161911	Nolavia Kammerer, 2006	GENUS	367	Arachnida	Animalia
152544070	2162464	https://www.gbif.org/species/2162464	Uroctea durandi (Latreille, 1809)	ACCEPTED	2162464	Uroctea durandi (Latreille, 1809)	SPECIES	367	Arachnida	Animalia
310015439	2168363	https://www.gbif.org/species/2168363	Salticus mutabilis Lucas, 1846	ACCEPTED	2168363	Salticus mutabilis Lucas, 1846	SPECIES	367	Arachnida	Animalia
152544112	2172282	https://www.gbif.org/species/2172282	Pellenes geniculatus (Simon, 1868)	ACCEPTED	2172282	Pellenes geniculatus (Simon, 1868)	SPECIES	367	Arachnida	Animalia
213214732	2173887	https://www.gbif.org/species/2173887	Icius subinermis Simon, 1937	ACCEPTED	2173887	Icius subinermis Simon, 1937	SPECIES	367	Arachnida	Animalia
152544105	2176168	https://www.gbif.org/species/2176168	Phidippus C.L.Koch, 1846	ACCEPTED	2176168	Phidippus C.L.Koch, 1846	GENUS	367	Arachnida	Animalia
152543907	2202786	https://www.gbif.org/species/2202786	Synarmadillo Dollfus, 1892	ACCEPTED	2202786	Synarmadillo Dollfus, 1892	GENUS	229	Malacostraca	Animalia
213214464	2211487	https://www.gbif.org/species/2211487	Porcellionides cingendus (Kinahan, 1857)	ACCEPTED	2211487	Porcellionides cingendus (Kinahan, 1857)	SPECIES	229	Malacostraca	Animalia
182134074	2219149	https://www.gbif.org/species/2219149	Grandidierella japonica Stephensen, 1938	ACCEPTED	2219149	Grandidierella japonica Stephensen, 1938	SPECIES	229	Malacostraca	Animalia
182134080	2220417	https://www.gbif.org/species/2220417	Neomysis americana (S.I.Smith, 1873)	ACCEPTED	2220417	Neomysis americana (S.I.Smith, 1873)	SPECIES	229	Malacostraca	Animalia
182134007	2223840	https://www.gbif.org/species/2223840	Penaeus aztecus Ives, 1891	ACCEPTED	2223840	Penaeus aztecus Ives, 1891	SPECIES	229	Malacostraca	Animalia
159747996	2228667	https://www.gbif.org/species/2228667	Sinelobus stanfordi (Richardson, 1901)	ACCEPTED	2228667	Sinelobus stanfordi (Richardson, 1901)	SPECIES	229	Malacostraca	Animalia
152543820	2284443	https://www.gbif.org/species/2284443	Mastophorus Diesing, 1853	ACCEPTED	2284443	Mastophorus Diesing, 1853	GENUS	11133537	Chromadorea	Animalia
152543744	2286079	https://www.gbif.org/species/2286079	Crassostrea virginica (Gmelin, 1791)	ACCEPTED	2286079	Crassostrea virginica (Gmelin, 1791)	SPECIES	137	Bivalvia	Animalia
152543768	2288847	https://www.gbif.org/species/2288847	Teredo navalis Linnaeus, 1758	ACCEPTED	2288847	Teredo navalis Linnaeus, 1758	SPECIES	137	Bivalvia	Animalia
152543766	2288859	https://www.gbif.org/species/2288859	Psiloteredo megotara (Hanley, 1848)	ACCEPTED	2288859	Psiloteredo megotara (Hanley, 1848)	SPECIES	137	Bivalvia	Animalia
310016289	2290489	https://www.gbif.org/species/2290489	Todarodes sagittatus (Lamarck, 1798)	ACCEPTED	2290489	Todarodes sagittatus (Lamarck, 1798)	SPECIES	136	Cephalopoda	Animalia
156872873	2292567	https://www.gbif.org/species/9738098	Cipangopaludina chinensis (J.E.Gray, 1833)	DOUBTFUL	2292567	Cipangopaludina chinensis (Griffith & Pidgeon, 1865)	SPECIES	225	Gastropoda	Animalia
310016500	2292567	https://www.gbif.org/species/2292567	Cipangopaludina chinensis (Griffith & Pidgeon, 1865)	DOUBTFUL	2292567	Cipangopaludina chinensis (Griffith & Pidgeon, 1865)	SPECIES	225	Gastropoda	Animalia
310016460	2293404	https://www.gbif.org/species/2293404	Tricolia pullus (Linnaeus, 1758)	ACCEPTED	2293404	Tricolia pullus (Linnaeus, 1758)	SPECIES	225	Gastropoda	Animalia
157092291	2294131	https://www.gbif.org/species/2294131	Allopeas clavulinum (Potiez & Michaud, 1838)	ACCEPTED	2294131	Allopeas clavulinum (Potiez & Michaud, 1838)	SPECIES	225	Gastropoda	Animalia
157092306	2295309	https://www.gbif.org/species/2295309	Hawaiia minuscula (A.Binney, 1841)	ACCEPTED	2295309	Hawaiia minuscula (A.Binney, 1841)	SPECIES	225	Gastropoda	Animalia
310016511	2300980	https://www.gbif.org/species/2300980	Graphis albida (Kanmacher, 1798)	ACCEPTED	2300980	Graphis albida (Kanmacher, 1798)	SPECIES	225	Gastropoda	Animalia
152543699	2308541	https://www.gbif.org/species/2308541	Limnodrilus cervix Brinkhurst, 1963	ACCEPTED	2308541	Limnodrilus cervix Brinkhurst, 1963	SPECIES	255	Clitellata	Animalia
182133944	2308549	https://www.gbif.org/species/2308549	Limnodrilus maumeensis Brinkhurst & Cook, 1966	ACCEPTED	2308549	Limnodrilus maumeensis Brinkhurst & Cook, 1966	SPECIES	255	Clitellata	Animalia
152543695	2308605	https://www.gbif.org/species/2308605	Potamothrix vejdovskyi (Hrabĕ, 1941)	ACCEPTED	2308605	Potamothrix vejdovskyi (Hrabĕ, 1941)	SPECIES	255	Clitellata	Animalia
310015173	2327326	https://www.gbif.org/species/2327326	Neodexiospira brasiliensis (Grube, 1872)	ACCEPTED	2327326	Neodexiospira brasiliensis (Grube, 1872)	SPECIES	256	Polychaeta	Animalia
310015179	2328383	https://www.gbif.org/species/2328383	Hydroides ezoensis Okuda, 1934	ACCEPTED	2328383	Hydroides ezoensis Okuda, 1934	SPECIES	256	Polychaeta	Animalia
152543510	2351064	https://www.gbif.org/species/2351064	Coregonus nasus (Pallas, 1776)	ACCEPTED	2351064	Coregonus nasus (Pallas, 1776)	SPECIES			Animalia
152543513	2351136	https://www.gbif.org/species/2351136	Coregonus peled (Gmelin, 1789)	ACCEPTED	2351136	Coregonus peled (Gmelin, 1789)	SPECIES			Animalia
152543517	2351413	https://www.gbif.org/species/2351413	Hucho hucho (Linnaeus, 1758)	ACCEPTED	2351413	Hucho hucho (Linnaeus, 1758)	SPECIES			Animalia
152543535	2367033	https://www.gbif.org/species/2367033	Ballerus ballerus (Linnaeus, 1758)	ACCEPTED	2367033	Ballerus ballerus (Linnaeus, 1758)	SPECIES			Animalia
182133671	2374521	https://www.gbif.org/species/2374521	Terapon jarbua (Forsskål, 1775)	ACCEPTED	2374521	Terapon jarbua (Forsskål, 1775)	SPECIES			Animalia
152543455	2394563	https://www.gbif.org/species/2394563	Micropterus salmoides (Lacepède, 1802)	ACCEPTED	2394563	Micropterus salmoides (Lacepède, 1802)	SPECIES			Animalia
213213205	2426658	https://www.gbif.org/species/2426658	Pelophylax perezi (López-Seoane, 1885)	ACCEPTED	2426658	Pelophylax perezi (López-Seoane, 1885)	SPECIES	131	Amphibia	Animalia
213213247	2431993	https://www.gbif.org/species/2431993	Ambystoma tigrinum (Green, 1825)	ACCEPTED	2431993	Ambystoma tigrinum (Green, 1825)	SPECIES	131	Amphibia	Animalia
182133525	2432063	https://www.gbif.org/species/2432063	Siren intermedia Barnes, 1826	ACCEPTED	2432063	Siren intermedia Barnes, 1826	SPECIES	131	Amphibia	Animalia
152543358	2436886	https://www.gbif.org/species/2436886	Sylvilagus floridanus (J.A.Allen, 1890)	ACCEPTED	2436886	Sylvilagus floridanus (J.A.Allen, 1890)	SPECIES	359	Mammalia	Animalia
310017340	2442165	https://www.gbif.org/species/2442165	Lepidochelys kempii Garman, 1880	ACCEPTED	2442165	Lepidochelys kempii Garman, 1880	SPECIES	11418114	Testudines	Animalia
182133884	2442665	https://www.gbif.org/species/2442665	Apalone ferox (Schneider, 1783)	ACCEPTED	2442665	Apalone ferox (Schneider, 1783)	SPECIES	11418114	Testudines	Animalia
182133907	2443074	https://www.gbif.org/species/2443074	Graptemys geographica (Lesueur, 1817)	ACCEPTED	2443074	Graptemys geographica (Lesueur, 1817)	SPECIES	11418114	Testudines	Animalia
213213129	2443339	https://www.gbif.org/species/2443339	Mauremys Gray, 1869	DOUBTFUL	2443339	Mauremys Gray, 1869	GENUS	11418114	Testudines	Animalia
182133875	2443597	https://www.gbif.org/species/2443597	Mauremys reevesii (Gray, 1831)	ACCEPTED	2443597	Mauremys reevesii (Gray, 1831)	SPECIES	11418114	Testudines	Animalia
182133846	2443876	https://www.gbif.org/species/2443876	Echis carinatus (Schneider, 1801)	ACCEPTED	2443876	Echis carinatus (Schneider, 1801)	SPECIES	11592253	Squamata	Animalia
182133832	2444141	https://www.gbif.org/species/2444141	Boa Linnaeus, 1758	ACCEPTED	2444141	Boa Linnaeus, 1758	GENUS	11592253	Squamata	Animalia
182133843	2444221	https://www.gbif.org/species/2444221	Sistrurus Garman, 1884	ACCEPTED	2444221	Sistrurus Garman, 1884	GENUS	11592253	Squamata	Animalia
182133838	2444356	https://www.gbif.org/species/2444356	Crotalus atrox Baird & Girard, 1853	ACCEPTED	2444356	Crotalus atrox Baird & Girard, 1853	SPECIES	11592253	Squamata	Animalia
213212513	2445496	https://www.gbif.org/species/2445496	Pachydactylus Wiegmann, 1834	ACCEPTED	2445496	Pachydactylus Wiegmann, 1834	GENUS	11592253	Squamata	Animalia
182133852	2447367	https://www.gbif.org/species/2447367	Gekko gecko (Linnaeus, 1758)	ACCEPTED	2447367	Gekko gecko (Linnaeus, 1758)	SPECIES	11592253	Squamata	Animalia
182133849	2447418	https://www.gbif.org/species/2447418	Phelsuma Gray, 1825	ACCEPTED	2447418	Phelsuma Gray, 1825	GENUS	11592253	Squamata	Animalia
182133751	2453826	https://www.gbif.org/species/2453826	Pituophis catenifer (Blainville, 1835)	ACCEPTED	2453826	Pituophis catenifer (Blainville, 1835)	SPECIES	11592253	Squamata	Animalia
182133766	2453882	https://www.gbif.org/species/2453882	Boaedon A.M.C.Duméril, Bibron & A.H.A.Duméril, 1854	ACCEPTED	2453882	Boaedon A.M.C.Duméril, Bibron & A.H.A.Duméril, 1854	GENUS	11592253	Squamata	Animalia
182133761	2455676	https://www.gbif.org/species/2455676	Pantherophis obsoletus (Say, 1823)	ACCEPTED	2455676	Pantherophis obsoletus (Say, 1823)	SPECIES	11592253	Squamata	Animalia
213212475	2457224	https://www.gbif.org/species/2457224	Dolichophis caspius (Gmelin, 1789)	ACCEPTED	2457224	Dolichophis caspius (Gmelin, 1789)	SPECIES	11592253	Squamata	Animalia
182133765	2457378	https://www.gbif.org/species/2457378	Rhamphiophis Peters, 1854	ACCEPTED	2457378	Rhamphiophis Peters, 1854	GENUS	11592253	Squamata	Animalia
213212457	2457577	https://www.gbif.org/species/2457577	Thamnophis saurita (Linnaeus, 1766)	ACCEPTED	2457577	Thamnophis saurita (Linnaeus, 1766)	SPECIES	11592253	Squamata	Animalia
213212445	2458374	https://www.gbif.org/species/2458374	Zamenis situla (Linnaeus, 1758)	ACCEPTED	2458374	Zamenis situla (Linnaeus, 1758)	SPECIES	11592253	Squamata	Animalia
182133754	2458386	https://www.gbif.org/species/2458386	Elaphe sauromates (Pallas, 1811)	ACCEPTED	2458386	Elaphe sauromates (Pallas, 1811)	SPECIES	11592253	Squamata	Animalia
182133755	2458438	https://www.gbif.org/species/2458438	Elaphe schrenckii Strauch, 1873	ACCEPTED	2458438	Elaphe schrenckii Strauch, 1873	SPECIES	11592253	Squamata	Animalia
213212540	2459603	https://www.gbif.org/species/2459603	Ctenosaura similis (Gray, 1831)	ACCEPTED	2459603	Ctenosaura similis (Gray, 1831)	SPECIES	11592253	Squamata	Animalia
182133833	2464899	https://www.gbif.org/species/2464899	Boa constrictor Linnaeus, 1758	ACCEPTED	2464899	Boa constrictor Linnaeus, 1758	SPECIES	11592253	Squamata	Animalia
182133789	2465003	https://www.gbif.org/species/2465003	Antaresia childreni (Gray, 1842)	ACCEPTED	2465003	Antaresia childreni (Gray, 1842)	SPECIES	11592253	Squamata	Animalia
182133787	2465369	https://www.gbif.org/species/2465369	Python molurus (Linnaeus, 1758)	ACCEPTED	2465369	Python molurus (Linnaeus, 1758)	SPECIES	11592253	Squamata	Animalia
182133805	2465402	https://www.gbif.org/species/2465402	Physignathus cocincinus Cuvier, 1829	ACCEPTED	2465402	Physignathus cocincinus Cuvier, 1829	SPECIES	11592253	Squamata	Animalia
182133799	2465641	https://www.gbif.org/species/2465641	Pogona vitticeps (Ahl, 1926)	ACCEPTED	2465641	Pogona vitticeps (Ahl, 1926)	SPECIES	11592253	Squamata	Animalia
182133800	2465649	https://www.gbif.org/species/2465649	Pogona henrylawsoni Wells & Wellington, 1985	ACCEPTED	2465649	Pogona henrylawsoni Wells & Wellington, 1985	SPECIES	11592253	Squamata	Animalia
182133818	2470656	https://www.gbif.org/species/2470656	Varanus niloticus (Linnaeus, 1766)	ACCEPTED	2470656	Varanus niloticus (Linnaeus, 1766)	SPECIES	11592253	Squamata	Animalia
213212412	2473221	https://www.gbif.org/species/2473221	Blanus Wagler, 1830	ACCEPTED	2473221	Blanus Wagler, 1830	GENUS	11592253	Squamata	Animalia
159747550	2473421	https://www.gbif.org/species/2473421	Lagopus lagopus (Linnaeus, 1758)	ACCEPTED	2473421	Lagopus lagopus (Linnaeus, 1758)	SPECIES	212	Aves	Animalia
159747497	2474937	https://www.gbif.org/species/2474937	Anthropoides paradiseus (A.A.H.Lichtenstein, 1793)	ACCEPTED	2474937	Anthropoides paradiseus (A.A.H.Lichtenstein, 1793)	SPECIES	212	Aves	Animalia
159747449	2475373	https://www.gbif.org/species/2475373	Coracias abyssinicus Hermann, 1783	ACCEPTED	2475373	Coracias abyssinicus Hermann, 1783	SPECIES	212	Aves	Animalia
159747442	2475679	https://www.gbif.org/species/2475679	Ceryle rudis (Linnaeus, 1758)	ACCEPTED	2475679	Ceryle rudis (Linnaeus, 1758)	SPECIES	212	Aves	Animalia
159747414	2479550	https://www.gbif.org/species/2479550	Agapornis roseicollis (Stanley, 1814)	DOUBTFUL	2479550	Agapornis roseicollis (Stanley, 1814)	SPECIES	212	Aves	Animalia
213212904	2479694	https://www.gbif.org/species/2479694	Trichoglossus moluccanus (Gmelin, 1788)	SYNONYM	6170530	Trichoglossus haematodus moluccanus (Gmelin, 1788)	SUBSPECIES	212	Aves	Animalia
159747407	2480102	https://www.gbif.org/species/2480102	Nandayus nenday (Vieillot, 1823)	ACCEPTED	2480102	Nandayus nenday (Vieillot, 1823)	SPECIES	212	Aves	Animalia
310017051	2480384	https://www.gbif.org/species/2480384	Gyps rueppellii (A.E.Brehm, 1852)	ACCEPTED	2480384	Gyps rueppellii (A.E.Brehm, 1852)	SPECIES	212	Aves	Animalia
310017041	2480500	https://www.gbif.org/species/2480500	Aquila heliaca Savigny, 1809	ACCEPTED	2480500	Aquila heliaca Savigny, 1809	SPECIES	212	Aves	Animalia
213212584	2481066	https://www.gbif.org/species/2481066	Milvago chimachima (Vieillot, 1816)	ACCEPTED	2481066	Milvago chimachima (Vieillot, 1816)	SPECIES	212	Aves	Animalia
159747166	2481092	https://www.gbif.org/species/2481092	Phalcoboenus megalopterus (Meyen, 1834)	ACCEPTED	2481092	Phalcoboenus megalopterus (Meyen, 1834)	SPECIES	212	Aves	Animalia
310017253	2481789	https://www.gbif.org/species/2481789	Numenius tenuirostris Vieillot, 1817	ACCEPTED	2481789	Numenius tenuirostris Vieillot, 1817	SPECIES	212	Aves	Animalia
159747348	2481875	https://www.gbif.org/species/2481875	Phalacrocorax auritus (Lesson, 1831)	ACCEPTED	2481875	Phalacrocorax auritus (Lesson, 1831)	SPECIES	212	Aves	Animalia
159747335	2482499	https://www.gbif.org/species/2482499	Corvus splendens Vieillot, 1817	ACCEPTED	2482499	Corvus splendens Vieillot, 1817	SPECIES	212	Aves	Animalia
159747235	2484608	https://www.gbif.org/species/2484608	Bombycilla japonica (Siebold, 1824)	ACCEPTED	2484608	Bombycilla japonica (Siebold, 1824)	SPECIES	212	Aves	Animalia
159747223	2484628	https://www.gbif.org/species/2484628	Vidua macroura (Pallas, 1764)	ACCEPTED	2484628	Vidua macroura (Pallas, 1764)	SPECIES	212	Aves	Animalia
159747229	2486147	https://www.gbif.org/species/2486147	Pycnonotus barbatus (Desfontaines, 1789)	ACCEPTED	2486147	Pycnonotus barbatus (Desfontaines, 1789)	SPECIES	212	Aves	Animalia
159747269	2488960	https://www.gbif.org/species/2488960	Oriolus auratus Vieillot, 1817	ACCEPTED	2488960	Oriolus auratus Vieillot, 1817	SPECIES	212	Aves	Animalia
159747259	2489073	https://www.gbif.org/species/2489073	Lamprotornis nitens (Linnaeus, 1766)	ACCEPTED	2489073	Lamprotornis nitens (Linnaeus, 1766)	SPECIES	212	Aves	Animalia
159747239	2489362	https://www.gbif.org/species/2489362	Zosterops palpebrosus (Temminck, 1824)	ACCEPTED	2489362	Zosterops palpebrosus (Temminck, 1824)	SPECIES	212	Aves	Animalia
159747285	2490789	https://www.gbif.org/species/2490789	Turdus dissimilis Blyth, 1847	ACCEPTED	2490789	Turdus dissimilis Blyth, 1847	SPECIES	212	Aves	Animalia
159747323	2493447	https://www.gbif.org/species/2493447	Garrulax leucolophus (Hardwicke, 1816)	ACCEPTED	2493447	Garrulax leucolophus (Hardwicke, 1816)	SPECIES	212	Aves	Animalia
159747309	2493697	https://www.gbif.org/species/2493697	Amandava subflava (Vieillot, 1819)	ACCEPTED	2493697	Amandava subflava (Vieillot, 1819)	SPECIES	212	Aves	Animalia
159747307	2493739	https://www.gbif.org/species/2493739	Neochmia ruficauda (Gould, 1837)	ACCEPTED	2493739	Neochmia ruficauda (Gould, 1837)	SPECIES	212	Aves	Animalia
159747216	2494536	https://www.gbif.org/species/2494536	Pyrrhula erythaca Blyth, 1862	ACCEPTED	2494536	Pyrrhula erythaca Blyth, 1862	SPECIES	212	Aves	Animalia
159747219	2494787	https://www.gbif.org/species/2494787	Rhodospiza obsoleta (M.H.K.Lichtenstein, 1823)	ACCEPTED	2494787	Rhodospiza obsoleta (M.H.K.Lichtenstein, 1823)	SPECIES	212	Aves	Animalia
159746953	2495342	https://www.gbif.org/species/2495342	Oena capensis (Linnaeus, 1766)	ACCEPTED	2495342	Oena capensis (Linnaeus, 1766)	SPECIES	212	Aves	Animalia
213213006	2497341	https://www.gbif.org/species/2497341	Megascops kennicottii (D.G.Elliot, 1867)	ACCEPTED	2497341	Megascops kennicottii (D.G.Elliot, 1867)	SPECIES	212	Aves	Animalia
159746977	2497798	https://www.gbif.org/species/2497798	Ninox connivens (Latham, 1801)	ACCEPTED	2497798	Ninox connivens (Latham, 1801)	SPECIES	212	Aves	Animalia
213213001	2497828	https://www.gbif.org/species/2497828	Ninox boobook (Latham, 1801)	ACCEPTED	2497828	Ninox boobook (Latham, 1801)	SPECIES	212	Aves	Animalia
159747111	2498054	https://www.gbif.org/species/2498054	Pteronetta hartlaubii (Cassin, 1860)	ACCEPTED	2498054	Pteronetta hartlaubii (Cassin, 1860)	SPECIES	212	Aves	Animalia
213212687	2498061	https://www.gbif.org/species/2498061	Anas zonorhyncha Swinhoe, 1866	ACCEPTED	2498061	Anas zonorhyncha Swinhoe, 1866	SPECIES	212	Aves	Animalia
159747024	2498104	https://www.gbif.org/species/2498104	Anas gibberifrons S.Müller, 1842	ACCEPTED	2498104	Anas gibberifrons S.Müller, 1842	SPECIES	212	Aves	Animalia
159747018	2498109	https://www.gbif.org/species/2498109	Anas laysanensis Rothschild, 1892	ACCEPTED	2498109	Anas laysanensis Rothschild, 1892	SPECIES	212	Aves	Animalia
159747040	2498283	https://www.gbif.org/species/2498283	Cairina moschata (Established Feral)	DOUBTFUL	2498283	Cairina moschata (Established Feral)	SPECIES	212	Aves	Animalia
213212733	2498325	https://www.gbif.org/species/2498325	Bucephala islandica (J.F.Gmelin, 1789)	ACCEPTED	2498325	Bucephala islandica (J.F.Gmelin, 1789)	SPECIES	212	Aves	Animalia
182132858	2502805	https://www.gbif.org/species/2502805	Kontikia ventrolineata (Dendy, 1892)	ACCEPTED	2502805	Kontikia ventrolineata (Dendy, 1892)	SPECIES			Animalia
310017560	2503215	https://www.gbif.org/species/2503215	Euplana gracilis Girard, 1853	ACCEPTED	2503215	Euplana gracilis Girard, 1853	SPECIES	341	Turbellaria	Animalia
213212302	2513637	https://www.gbif.org/species/2513637	Entyloma eschscholziae Harkn.	ACCEPTED	2513637	Entyloma eschscholziae Harkn.	SPECIES	151	Exobasidiomycetes	Fungi
152543128	2557730	https://www.gbif.org/species/2557730	Sporisorium destruens (Schltdl.) Vánky	ACCEPTED	2557730	Sporisorium destruens (Schltdl.) Vánky	SPECIES	148	Ustilaginomycetes	Fungi
152543209	2627503	https://www.gbif.org/species/2627503	Batrachochytrium dendrobatidis Longcore, Pessier & D.K.Nichols	ACCEPTED	2627503	Batrachochytrium dendrobatidis Longcore, Pessier & D.K.Nichols	SPECIES	10689325	Rhizophydiomycetes	Fungi
152547190	2650180	https://www.gbif.org/species/2650180	Botrychium simplex E.Hitchc.	ACCEPTED	2650180	Botrychium simplex E.Hitchc.	SPECIES	7228684	Polypodiopsida	Plantae
213213353	2653389	https://www.gbif.org/species/2653389	Ephedra gerardiana Wall. ex Stapf	DOUBTFUL	2653389	Ephedra gerardiana Wall. ex Stapf	SPECIES	282	Gnetopsida	Plantae
310016599	2684102	https://www.gbif.org/species/2684102	Thujopsis dolabrata (Thunb. ex L.f.) Siebold & Zucc.	ACCEPTED	2684102	Thujopsis dolabrata (Thunb. ex L.f.) Siebold & Zucc.	SPECIES	194	Pinopsida	Plantae
152547170	2700646	https://www.gbif.org/species/2700646	Juncus pallescens Lam.	ACCEPTED	2700646	Juncus pallescens Lam.	SPECIES	196	Liliopsida	Plantae
152547166	2701618	https://www.gbif.org/species/2701618	Juncus imbricatus Laharpe	ACCEPTED	2701618	Juncus imbricatus Laharpe	SPECIES	196	Liliopsida	Plantae
152547001	2702519	https://www.gbif.org/species/2702519	Eriochloa pseudoacrotricha (Stapf ex Thell.) J.M.Black	ACCEPTED	2702519	Eriochloa pseudoacrotricha (Stapf ex Thell.) J.M.Black	SPECIES	196	Liliopsida	Plantae
152547002	2702527	https://www.gbif.org/species/2702527	Eriochloa procera (Retz.) C.E.Hubb.	ACCEPTED	2702527	Eriochloa procera (Retz.) C.E.Hubb.	SPECIES	196	Liliopsida	Plantae
152547014	2702862	https://www.gbif.org/species/2702862	Ehrharta longiflora Sm.	ACCEPTED	2702862	Ehrharta longiflora Sm.	SPECIES	196	Liliopsida	Plantae
152546957	2703682	https://www.gbif.org/species/2703682	Bromus briziformis Fisch. & C.A.Mey.	ACCEPTED	2703682	Bromus briziformis Fisch. & C.A.Mey.	SPECIES	196	Liliopsida	Plantae
152546958	2703686	https://www.gbif.org/species/2703686	Bromus marginatus Nees ex Steud.	ACCEPTED	2703686	Bromus marginatus Nees ex Steud.	SPECIES	196	Liliopsida	Plantae
152546952	2703696	https://www.gbif.org/species/2703696	Bromus alopecuros Poir.	ACCEPTED	2703696	Bromus alopecuros Poir.	SPECIES	196	Liliopsida	Plantae
152546955	2703704	https://www.gbif.org/species/2703704	Bromus danthoniae Trin.	ACCEPTED	2703704	Bromus danthoniae Trin.	SPECIES	196	Liliopsida	Plantae
152546964	2703720	https://www.gbif.org/species/2703720	Bromus scoparius L.	ACCEPTED	2703720	Bromus scoparius L.	SPECIES	196	Liliopsida	Plantae
152546959	2703731	https://www.gbif.org/species/2703731	Bromus brevis Steud.	ACCEPTED	2703731	Bromus brevis Steud.	SPECIES	196	Liliopsida	Plantae
152546951	2703765	https://www.gbif.org/species/2703765	Bromus arenarius Labill.	ACCEPTED	2703765	Bromus arenarius Labill.	SPECIES	196	Liliopsida	Plantae
182133530	2703776	https://www.gbif.org/species/2703776	Bromus polyanthus Scribn. ex Shear	ACCEPTED	2703776	Bromus polyanthus Scribn. ex Shear	SPECIES	196	Liliopsida	Plantae
213212831	2703867	https://www.gbif.org/species/2703867	Leptochloa decipiens (R.Br.) Stapf ex Maiden	ACCEPTED	2703867	Leptochloa decipiens (R.Br.) Stapf ex Maiden	SPECIES	196	Liliopsida	Plantae
152546979	2703892	https://www.gbif.org/species/2703892	Enneapogon desvauxii P.Beauv.	ACCEPTED	2703892	Enneapogon desvauxii P.Beauv.	SPECIES	196	Liliopsida	Plantae
152546982	2704112	https://www.gbif.org/species/2704112	Bothriochloa decipiens (Hack.) C.E.Hubb.	ACCEPTED	2704112	Bothriochloa decipiens (Hack.) C.E.Hubb.	SPECIES	196	Liliopsida	Plantae
152546969	2704234	https://www.gbif.org/species/2704234	Poa alpina L.	ACCEPTED	2704234	Poa alpina L.	SPECIES	196	Liliopsida	Plantae
152546974	2704341	https://www.gbif.org/species/2704341	Schismus barbatus (L.) Thell.	ACCEPTED	2704341	Schismus barbatus (L.) Thell.	SPECIES	196	Liliopsida	Plantae
152547088	2704664	https://www.gbif.org/species/2704664	Eremopyrum bonaepartis (Spreng.) Nevski	ACCEPTED	2704664	Eremopyrum bonaepartis (Spreng.) Nevski	SPECIES	196	Liliopsida	Plantae
152547085	2704778	https://www.gbif.org/species/2704778	Sporobolus elongatus R.Br.	ACCEPTED	2704778	Sporobolus elongatus R.Br.	SPECIES	196	Liliopsida	Plantae
152547105	2704966	https://www.gbif.org/species/2704966	Festuca valesiaca Schleich. ex Gaudin	ACCEPTED	2704966	Festuca valesiaca Schleich. ex Gaudin	SPECIES	196	Liliopsida	Plantae
152547097	2705066	https://www.gbif.org/species/2705066	Panicum hirticaule J.Presl	ACCEPTED	2705066	Panicum hirticaule J.Presl	SPECIES	196	Liliopsida	Plantae
152547098	2705092	https://www.gbif.org/species/2705092	Panicum coloratum L.	ACCEPTED	2705092	Panicum coloratum L.	SPECIES	196	Liliopsida	Plantae
152547100	2705141	https://www.gbif.org/species/2705141	Panicum antidotale Retz.	ACCEPTED	2705141	Panicum antidotale Retz.	SPECIES	196	Liliopsida	Plantae
152547066	2705341	https://www.gbif.org/species/2705341	Eragrostis atrovirens (Desf.) Trin. ex Steud.	ACCEPTED	2705341	Eragrostis atrovirens (Desf.) Trin. ex Steud.	SPECIES	196	Liliopsida	Plantae
152547067	2705350	https://www.gbif.org/species/2705350	Eragrostis plana Nees	ACCEPTED	2705350	Eragrostis plana Nees	SPECIES	196	Liliopsida	Plantae
152547068	2705362	https://www.gbif.org/species/2705362	Eragrostis elongata (Willd.) J.Jacq.	ACCEPTED	2705362	Eragrostis elongata (Willd.) J.Jacq.	SPECIES	196	Liliopsida	Plantae
152547074	2705373	https://www.gbif.org/species/2705373	Eragrostis ciliaris (L.) R.Br.	ACCEPTED	2705373	Eragrostis ciliaris (L.) R.Br.	SPECIES	196	Liliopsida	Plantae
213213148	2705391	https://www.gbif.org/species/2705391	Eragrostis cylindriflora Hochst.	ACCEPTED	2705391	Eragrostis cylindriflora Hochst.	SPECIES	196	Liliopsida	Plantae
152547076	2705422	https://www.gbif.org/species/2705422	Eragrostis leptostachya (R.Br.) Steud.	ACCEPTED	2705422	Eragrostis leptostachya (R.Br.) Steud.	SPECIES	196	Liliopsida	Plantae
152547069	2705452	https://www.gbif.org/species/2705452	Eragrostis bahiensis Schult.	ACCEPTED	2705452	Eragrostis bahiensis Schult.	SPECIES	196	Liliopsida	Plantae
152547020	2705737	https://www.gbif.org/species/2705737	Oplismenus hirtellus (L.) P.Beauv.	ACCEPTED	2705737	Oplismenus hirtellus (L.) P.Beauv.	SPECIES	196	Liliopsida	Plantae
213212987	2705848	https://www.gbif.org/species/2705848	Urochloa mutica (Forssk.) T.Q.Nguyen	ACCEPTED	2705848	Urochloa mutica (Forssk.) T.Q.Nguyen	SPECIES	196	Liliopsida	Plantae
213212988	2705875	https://www.gbif.org/species/2705875	Urochloa ramosa (L.) T.Q.Nguyen	ACCEPTED	2705875	Urochloa ramosa (L.) T.Q.Nguyen	SPECIES	196	Liliopsida	Plantae
152547139	2706003	https://www.gbif.org/species/2706003	Phleum subulatum (Savi) Asch. & Graebn.	ACCEPTED	2706003	Phleum subulatum (Savi) Asch. & Graebn.	SPECIES	196	Liliopsida	Plantae
152547152	2706067	https://www.gbif.org/species/2706067	Hordeum bulbosum L.	ACCEPTED	2706067	Hordeum bulbosum L.	SPECIES	196	Liliopsida	Plantae
152547150	2706070	https://www.gbif.org/species/2706070	Hordeum pusillum Nutt.	ACCEPTED	2706070	Hordeum pusillum Nutt.	SPECIES	196	Liliopsida	Plantae
152547155	2706190	https://www.gbif.org/species/2706190	Dactyloctenium radulans (R.Br.) P.Beauv.	ACCEPTED	2706190	Dactyloctenium radulans (R.Br.) P.Beauv.	SPECIES	196	Liliopsida	Plantae
152547110	2706195	https://www.gbif.org/species/2706195	Milium vernale M.Bieb.	ACCEPTED	2706195	Milium vernale M.Bieb.	SPECIES	196	Liliopsida	Plantae
152547115	2706277	https://www.gbif.org/species/2706277	Aristida adscensionis L.	ACCEPTED	2706277	Aristida adscensionis L.	SPECIES	196	Liliopsida	Plantae
152547133	2706457	https://www.gbif.org/species/2706457	Agrostis nebulosa Boiss. & Reut.	ACCEPTED	2706457	Agrostis nebulosa Boiss. & Reut.	SPECIES	196	Liliopsida	Plantae
152546759	2708808	https://www.gbif.org/species/2708808	Fimbristylis dichotoma (L.) Vahl	ACCEPTED	2708808	Fimbristylis dichotoma (L.) Vahl	SPECIES	196	Liliopsida	Plantae
152546752	2713519	https://www.gbif.org/species/2713519	Cyperus rigens J.Presl & C.Presl	ACCEPTED	2713519	Cyperus rigens J.Presl & C.Presl	SPECIES	196	Liliopsida	Plantae
152546751	2713662	https://www.gbif.org/species/2713662	Cyperus aggregatus (Willd.) Endl.	ACCEPTED	2713662	Cyperus aggregatus (Willd.) Endl.	SPECIES	196	Liliopsida	Plantae
213213191	2714166	https://www.gbif.org/species/2714166	Cyperus involucratus Rottb.	HETEROTYPIC_SYNONYM	2714158	Cyperus alternifolius subsp. flabelliformis Kük.	SUBSPECIES	196	Liliopsida	Plantae
152546749	2714301	https://www.gbif.org/species/2714301	Cyperus conglomeratus Rottb.	ACCEPTED	2714301	Cyperus conglomeratus Rottb.	SPECIES	196	Liliopsida	Plantae
152546745	2714796	https://www.gbif.org/species/2714796	Cyperus difformis L.	ACCEPTED	2714796	Cyperus difformis L.	SPECIES	196	Liliopsida	Plantae
152546757	2715206	https://www.gbif.org/species/2715206	Cyperus exaltatus Retz.	ACCEPTED	2715206	Cyperus exaltatus Retz.	SPECIES	196	Liliopsida	Plantae
152546753	2716420	https://www.gbif.org/species/2716420	Cyperus virens Michx.	ACCEPTED	2716420	Cyperus virens Michx.	SPECIES	196	Liliopsida	Plantae
162644337	2725229	https://www.gbif.org/species/2725229	Carex agastachys L.f.	ACCEPTED	2725229	Carex agastachys L.f.	SPECIES	196	Liliopsida	Plantae
213212416	2739769	https://www.gbif.org/species/2739769	Colchicum lusitanum Brot.	ACCEPTED	2739769	Colchicum lusitanum Brot.	SPECIES	196	Liliopsida	Plantae
152546606	2742119	https://www.gbif.org/species/2742119	Veratrum album L.	ACCEPTED	2742119	Veratrum album L.	SPECIES	196	Liliopsida	Plantae
152546724	2764337	https://www.gbif.org/species/2764337	Commelina obliqua Vahl	ACCEPTED	2764337	Commelina obliqua Vahl	SPECIES	196	Liliopsida	Plantae
310016516	2765359	https://www.gbif.org/species/2765359	Tradescantia zebrina Bosse	ACCEPTED	2765359	Tradescantia zebrina Bosse	SPECIES	196	Liliopsida	Plantae
152546634	2784401	https://www.gbif.org/species/2784401	Traunsteinera globosa (L.) Rchb.	ACCEPTED	2784401	Traunsteinera globosa (L.) Rchb.	SPECIES	196	Liliopsida	Plantae
152546644	2856504	https://www.gbif.org/species/2856504	Allium fistulosum L.	ACCEPTED	2856504	Allium fistulosum L.	SPECIES	196	Liliopsida	Plantae
213212605	2870049	https://www.gbif.org/species/2870049	Pinellia tripartita (Blume) Schott	ACCEPTED	2870049	Pinellia tripartita (Blume) Schott	SPECIES	196	Liliopsida	Plantae
213212609	2871376	https://www.gbif.org/species/2871376	Spirodela punctata (G.Mey.) C.H.Thomps.	ACCEPTED	2871376	Spirodela punctata (G.Mey.) C.H.Thomps.	SPECIES	196	Liliopsida	Plantae
152546215	2874019	https://www.gbif.org/species/2874019	Aristolochia rotunda L.	ACCEPTED	2874019	Aristolochia rotunda L.	SPECIES	220	Magnoliopsida	Plantae
310017624	2874529	https://www.gbif.org/species/2874529	Cyclanthera pedata (L.) Schrad.	ACCEPTED	2874529	Cyclanthera pedata (L.) Schrad.	SPECIES	220	Magnoliopsida	Plantae
152546098	2874701	https://www.gbif.org/species/2874701	Tamarix canariensis Willd.	ACCEPTED	2874701	Tamarix canariensis Willd.	SPECIES	220	Magnoliopsida	Plantae
213215616	2874718	https://www.gbif.org/species/2874718	Begonia semperflorens Link & Otto	ACCEPTED	2874718	Begonia semperflorens Link & Otto	SPECIES	220	Magnoliopsida	Plantae
213215364	2879411	https://www.gbif.org/species/2879411	Quercus suber L.	ACCEPTED	2879411	Quercus suber L.	SPECIES	220	Magnoliopsida	Plantae
152545865	2888298	https://www.gbif.org/species/2888298	Moneses uniflora (L.) A.Gray	ACCEPTED	2888298	Moneses uniflora (L.) A.Gray	SPECIES	220	Magnoliopsida	Plantae
213215410	2888796	https://www.gbif.org/species/2888796	Cephalaria syriaca (L.) Roem. & Schult.	DOUBTFUL	2888796	Cephalaria syriaca (L.) Roem. & Schult.	SPECIES	220	Magnoliopsida	Plantae
213215401	2888799	https://www.gbif.org/species/2888799	Cephalaria alpina (L.) Roem. & Schult.	ACCEPTED	2888799	Cephalaria alpina (L.) Roem. & Schult.	SPECIES	220	Magnoliopsida	Plantae
213214875	2888945	https://www.gbif.org/species/2888945	Rumex brownii Campd.	ACCEPTED	2888945	Rumex brownii Campd.	SPECIES	220	Magnoliopsida	Plantae
213214880	2888955	https://www.gbif.org/species/2888955	Rumex pseudonatronatus Borbás	DOUBTFUL	2888955	Rumex pseudonatronatus Borbás	SPECIES	220	Magnoliopsida	Plantae
152546156	2888993	https://www.gbif.org/species/2888993	Rumex bucephalophorus L.	ACCEPTED	2888993	Rumex bucephalophorus L.	SPECIES	220	Magnoliopsida	Plantae
152546147	2889030	https://www.gbif.org/species/2889030	Rumex altissimus Wood	ACCEPTED	2889030	Rumex altissimus Wood	SPECIES	220	Magnoliopsida	Plantae
152546145	2889038	https://www.gbif.org/species/2889038	Rumex dentatus L.	ACCEPTED	2889038	Rumex dentatus L.	SPECIES	220	Magnoliopsida	Plantae
152545298	2891617	https://www.gbif.org/species/2891617	Erodium brachycarpum (Godr.) Thell.	ACCEPTED	2891617	Erodium brachycarpum (Godr.) Thell.	SPECIES	220	Magnoliopsida	Plantae
213214009	2891621	https://www.gbif.org/species/2891621	Erodium malacoides (L.) Willd., 1794	DOUBTFUL	2891621	Erodium malacoides (L.) Willd., 1794	SPECIES	220	Magnoliopsida	Plantae
152545297	2891628	https://www.gbif.org/species/2891628	Erodium botrys (Cav.) Bertol.	ACCEPTED	2891628	Erodium botrys (Cav.) Bertol.	SPECIES	220	Magnoliopsida	Plantae
152545265	2908428	https://www.gbif.org/species/2908428	Galium divaricatum Pourr. ex Lam.	ACCEPTED	2908428	Galium divaricatum Pourr. ex Lam.	SPECIES	220	Magnoliopsida	Plantae
152545267	2914501	https://www.gbif.org/species/2914501	Galium tenuissimum M.Bieb.	ACCEPTED	2914501	Galium tenuissimum M.Bieb.	SPECIES	220	Magnoliopsida	Plantae
152545258	2916975	https://www.gbif.org/species/2916975	Asperula taurina L.	ACCEPTED	2916975	Asperula taurina L.	SPECIES	220	Magnoliopsida	Plantae
152545795	2925492	https://www.gbif.org/species/2925492	Verbena supina L.	ACCEPTED	2925492	Verbena supina L.	SPECIES	220	Magnoliopsida	Plantae
152545798	2925515	https://www.gbif.org/species/2925515	Verbena halei Small	ACCEPTED	2925515	Verbena halei Small	SPECIES	220	Magnoliopsida	Plantae
152545799	2925518	https://www.gbif.org/species/2925518	Verbena brasiliensis Vell.	ACCEPTED	2925518	Verbena brasiliensis Vell.	SPECIES	220	Magnoliopsida	Plantae
152545539	2925754	https://www.gbif.org/species/2925754	Lappula marginata (M.Bieb.) Gürke	ACCEPTED	2925754	Lappula marginata (M.Bieb.) Gürke	SPECIES	220	Magnoliopsida	Plantae
152545543	2925790	https://www.gbif.org/species/2925790	Heliotropium amplexicaule Vahl	ACCEPTED	2925790	Heliotropium amplexicaule Vahl	SPECIES	220	Magnoliopsida	Plantae
152545536	2925877	https://www.gbif.org/species/2925877	Amsinckia tessellata A.Gray	ACCEPTED	2925877	Amsinckia tessellata A.Gray	SPECIES	220	Magnoliopsida	Plantae
152545535	2925879	https://www.gbif.org/species/2925879	Amsinckia eastwoodiae J.F.Macbr.	ACCEPTED	2925879	Amsinckia eastwoodiae J.F.Macbr.	SPECIES	220	Magnoliopsida	Plantae
152545522	2926041	https://www.gbif.org/species/2926041	Nonea rosea (M.Bieb.) Link	ACCEPTED	2926041	Nonea rosea (M.Bieb.) Link	SPECIES	220	Magnoliopsida	Plantae
152545777	2926686	https://www.gbif.org/species/2926686	Sideritis lanata L.	ACCEPTED	2926686	Sideritis lanata L.	SPECIES	220	Magnoliopsida	Plantae
213215471	2927029	https://www.gbif.org/species/2927029	Salvia splendens Sellow ex Schult.	DOUBTFUL	2927029	Salvia splendens Sellow ex Schult.	SPECIES	220	Magnoliopsida	Plantae
152545768	2927030	https://www.gbif.org/species/2927030	Salvia aethiopis L.	ACCEPTED	2927030	Salvia aethiopis L.	SPECIES	220	Magnoliopsida	Plantae
152545756	2927224	https://www.gbif.org/species/2927224	Dracocephalum thymiflorum L.	ACCEPTED	2927224	Dracocephalum thymiflorum L.	SPECIES	220	Magnoliopsida	Plantae
152545753	2927296	https://www.gbif.org/species/2927296	Stachys cretica L.	ACCEPTED	2927296	Stachys cretica L.	SPECIES	220	Magnoliopsida	Plantae
152545020	2927484	https://www.gbif.org/species/2927484	Cuscuta suaveolens Ser.	ACCEPTED	2927484	Cuscuta suaveolens Ser.	SPECIES	220	Magnoliopsida	Plantae
152545021	2927522	https://www.gbif.org/species/2927522	Cuscuta planiflora Ten.	ACCEPTED	2927522	Cuscuta planiflora Ten.	SPECIES	220	Magnoliopsida	Plantae
152545482	2928153	https://www.gbif.org/species/2928153	Phacelia purshii Buckley	ACCEPTED	2928153	Phacelia purshii Buckley	SPECIES	220	Magnoliopsida	Plantae
152545008	2928624	https://www.gbif.org/species/2928624	Ipomoea hederifolia L.	ACCEPTED	2928624	Ipomoea hederifolia L.	SPECIES	220	Magnoliopsida	Plantae
152544968	2928766	https://www.gbif.org/species/2928766	Nicotiana longiflora Cav.	ACCEPTED	2928766	Nicotiana longiflora Cav.	SPECIES	220	Magnoliopsida	Plantae
152544964	2928779	https://www.gbif.org/species/2928779	Nicotiana forgetiana Hemsl.	DOUBTFUL	2928779	Nicotiana forgetiana Hemsl.	SPECIES	220	Magnoliopsida	Plantae
152544995	2932501	https://www.gbif.org/species/2932501	Solanum pygmaeum Cav.	ACCEPTED	2932501	Solanum pygmaeum Cav.	SPECIES	220	Magnoliopsida	Plantae
182134356	2938473	https://www.gbif.org/species/2938473	Biserrula pelecinus L.	ACCEPTED	2938473	Biserrula pelecinus L.	SPECIES	220	Magnoliopsida	Plantae
159748507	2940408	https://www.gbif.org/species/2940408	Cytisophyllum sessilifolium (L.) O.Lang	ACCEPTED	2940408	Cytisophyllum sessilifolium (L.) O.Lang	SPECIES	220	Magnoliopsida	Plantae
152545230	2949235	https://www.gbif.org/species/2949235	Aeschynomene americana L.	ACCEPTED	2949235	Aeschynomene americana L.	SPECIES	220	Magnoliopsida	Plantae
152545231	2949250	https://www.gbif.org/species/2949250	Aeschynomene indica L.	ACCEPTED	2949250	Aeschynomene indica L.	SPECIES	220	Magnoliopsida	Plantae
152545212	2965209	https://www.gbif.org/species/2965209	Medicago murex Willd.	ACCEPTED	2965209	Medicago murex Willd.	SPECIES	220	Magnoliopsida	Plantae
152545216	2965226	https://www.gbif.org/species/2965226	Medicago monantha (C.A.Mey.) Trautv.	ACCEPTED	2965226	Medicago monantha (C.A.Mey.) Trautv.	SPECIES	220	Magnoliopsida	Plantae
152545213	2965232	https://www.gbif.org/species/2965232	Medicago carstiensis Wulfen	ACCEPTED	2965232	Medicago carstiensis Wulfen	SPECIES	220	Magnoliopsida	Plantae
152545214	2965233	https://www.gbif.org/species/2965233	Medicago fischeriana (Ser.) Trautv.	ACCEPTED	2965233	Medicago fischeriana (Ser.) Trautv.	SPECIES	220	Magnoliopsida	Plantae
213213929	2965250	https://www.gbif.org/species/2965250	Medicago tornata (L.) Mill.	ACCEPTED	2965250	Medicago tornata (L.) Mill.	SPECIES	220	Magnoliopsida	Plantae
213213935	2965405	https://www.gbif.org/species/2965405	Medicago intertexta (L.) Mill.	ACCEPTED	2965405	Medicago intertexta (L.) Mill.	SPECIES	220	Magnoliopsida	Plantae
152545209	2965459	https://www.gbif.org/species/2965459	Medicago doliata Carmign.	ACCEPTED	2965459	Medicago doliata Carmign.	SPECIES	220	Magnoliopsida	Plantae
152545210	2965461	https://www.gbif.org/species/2965461	Medicago turbinata (L.) All.	ACCEPTED	2965461	Medicago turbinata (L.) All.	SPECIES	220	Magnoliopsida	Plantae
152545160	2971068	https://www.gbif.org/species/2971068	Melilotus wolgicus Poir.	ACCEPTED	2971068	Melilotus wolgicus Poir.	SPECIES	220	Magnoliopsida	Plantae
182134308	2972703	https://www.gbif.org/species/2972703	Onobrychis caput-galli (L.) Lam.	ACCEPTED	2972703	Onobrychis caput-galli (L.) Lam.	SPECIES	220	Magnoliopsida	Plantae
152545178	2974876	https://www.gbif.org/species/2974876	Vicia assyriaca Boiss.	ACCEPTED	2974876	Vicia assyriaca Boiss.	SPECIES	220	Magnoliopsida	Plantae
152545177	2974887	https://www.gbif.org/species/2974887	Vicia ervilia (L.) Willd.	ACCEPTED	2974887	Vicia ervilia (L.) Willd.	SPECIES	220	Magnoliopsida	Plantae
152545173	2974946	https://www.gbif.org/species/2974946	Vicia dumetorum L.	ACCEPTED	2974946	Vicia dumetorum L.	SPECIES	220	Magnoliopsida	Plantae
152545172	2975257	https://www.gbif.org/species/2975257	Vicia hybrida L.	ACCEPTED	2975257	Vicia hybrida L.	SPECIES	220	Magnoliopsida	Plantae
152545167	2975384	https://www.gbif.org/species/2975384	Vicia benghalensis L.	ACCEPTED	2975384	Vicia benghalensis L.	SPECIES	220	Magnoliopsida	Plantae
152545168	2975393	https://www.gbif.org/species/2975393	Vicia sicula (Raf.) Guss.	ACCEPTED	2975393	Vicia sicula (Raf.) Guss.	SPECIES	220	Magnoliopsida	Plantae
213215651	2984537	https://www.gbif.org/species/2984537	Humulus scandens (Lour.) Merr.	ACCEPTED	2984537	Humulus scandens (Lour.) Merr.	SPECIES	220	Magnoliopsida	Plantae
213215704	2988040	https://www.gbif.org/species/2988040	Filipendula digitata (Willd.) Bergmans	ACCEPTED	2988040	Filipendula digitata (Willd.) Bergmans	SPECIES	220	Magnoliopsida	Plantae
213215669	3000384	https://www.gbif.org/species/3000384	Pourthiaea beauverdiana (C.K.Schneid.) Hatus.	ACCEPTED	3000384	Pourthiaea beauverdiana (C.K.Schneid.) Hatus.	SPECIES	220	Magnoliopsida	Plantae
152544876	3002263	https://www.gbif.org/species/3002263	Rosa majalis Herrm.	ACCEPTED	3002263	Rosa majalis Herrm.	SPECIES	220	Magnoliopsida	Plantae
152544877	3002372	https://www.gbif.org/species/3002372	Rosa blanda Aiton	ACCEPTED	3002372	Rosa blanda Aiton	SPECIES	220	Magnoliopsida	Plantae
213215741	3012426	https://www.gbif.org/species/3012426	Sorbus latifolia K.Koch	DOUBTFUL	3012426	Sorbus latifolia K.Koch	SPECIES	220	Magnoliopsida	Plantae
310018309	3025684	https://www.gbif.org/species/3025684	Cotoneaster gamblei G.Klotz	ACCEPTED	3025684	Cotoneaster gamblei G.Klotz	SPECIES	220	Magnoliopsida	Plantae
213215659	3025764	https://www.gbif.org/species/3025764	Cotoneaster adpressus Bois	ACCEPTED	3025764	Cotoneaster adpressus Bois	SPECIES	220	Magnoliopsida	Plantae
213215730	3026426	https://www.gbif.org/species/3026426	Spiraea ×brachybotrys Lange	ACCEPTED	3026426	Spiraea ×brachybotrys Lange	SPECIES	220	Magnoliopsida	Plantae
152544866	3026431	https://www.gbif.org/species/3026431	Spiraea hypericifolia L.	ACCEPTED	3026431	Spiraea hypericifolia L.	SPECIES	220	Magnoliopsida	Plantae
213215729	3026906	https://www.gbif.org/species/3026906	Spiraea cantoniensis Lour.	ACCEPTED	3026906	Spiraea cantoniensis Lour.	SPECIES	220	Magnoliopsida	Plantae
152544851	3028431	https://www.gbif.org/species/3028431	Alchemilla conjuncta Bab.	ACCEPTED	3028431	Alchemilla conjuncta Bab.	SPECIES	220	Magnoliopsida	Plantae
152544853	3028586	https://www.gbif.org/species/3028586	Alchemilla tytthantha Juz.	ACCEPTED	3028586	Alchemilla tytthantha Juz.	SPECIES	220	Magnoliopsida	Plantae
152544699	3032646	https://www.gbif.org/species/3032646	Heuchera micrantha Lindl.	DOUBTFUL	3032646	Heuchera micrantha Lindl.	SPECIES	220	Magnoliopsida	Plantae
152544480	3036958	https://www.gbif.org/species/3036958	Aralia racemosa L.	ACCEPTED	3036958	Aralia racemosa L.	SPECIES	220	Magnoliopsida	Plantae
152544478	3037015	https://www.gbif.org/species/3037015	Aralia cordata Thunb.	ACCEPTED	3037015	Aralia cordata Thunb.	SPECIES	220	Magnoliopsida	Plantae
152545410	3040923	https://www.gbif.org/species/3040923	Conringia austriaca (Jacq.) Sweet	ACCEPTED	3040923	Conringia austriaca (Jacq.) Sweet	SPECIES	220	Magnoliopsida	Plantae
152545404	3041109	https://www.gbif.org/species/3041109	Cordylocarpus muricatus Desf.	ACCEPTED	3041109	Cordylocarpus muricatus Desf.	SPECIES	220	Magnoliopsida	Plantae
152545387	3042399	https://www.gbif.org/species/3042399	Camelina alyssum (Mill.) Thell.	ACCEPTED	3042399	Camelina alyssum (Mill.) Thell.	SPECIES	220	Magnoliopsida	Plantae
152545388	3042439	https://www.gbif.org/species/3042439	Camelina rumelica Velen.	ACCEPTED	3042439	Camelina rumelica Velen.	SPECIES	220	Magnoliopsida	Plantae
152545393	3042889	https://www.gbif.org/species/3042889	Brassica elongata subsp. integrifolia (Boiss.) Breistr.	ACCEPTED	3042889	Brassica elongata subsp. integrifolia (Boiss.) Breistr.	SUBSPECIES	220	Magnoliopsida	Plantae
152545437	3044201	https://www.gbif.org/species/3044201	Descurainia incisa (Engelm. ex A.Gray) Britton	ACCEPTED	3044201	Descurainia incisa (Engelm. ex A.Gray) Britton	SPECIES	220	Magnoliopsida	Plantae
152545431	3045006	https://www.gbif.org/species/3045006	Alyssum hirsutum M.Bieb.	ACCEPTED	3045006	Alyssum hirsutum M.Bieb.	SPECIES	220	Magnoliopsida	Plantae
152545429	3045042	https://www.gbif.org/species/3045042	Alyssum simplex Rudolphi	ACCEPTED	3045042	Alyssum simplex Rudolphi	SPECIES	220	Magnoliopsida	Plantae
213214614	3045082	https://www.gbif.org/species/3045082	Alyssum turkestanicum Regel & Schmalh.	ACCEPTED	3045082	Alyssum turkestanicum Regel & Schmalh.	SPECIES	220	Magnoliopsida	Plantae
152545427	3045193	https://www.gbif.org/species/3045193	Alyssum strigosum Banks & Sol.	ACCEPTED	3045193	Alyssum strigosum Banks & Sol.	SPECIES	220	Magnoliopsida	Plantae
213214517	3045473	https://www.gbif.org/species/3045473	Noccaea brachypetala (Jord.) F.K.Mey.	ACCEPTED	3045473	Noccaea brachypetala (Jord.) F.K.Mey.	SPECIES	220	Magnoliopsida	Plantae
152545417	3046778	https://www.gbif.org/species/3046778	Sisymbrium septulatum DC.	ACCEPTED	3046778	Sisymbrium septulatum DC.	SPECIES	220	Magnoliopsida	Plantae
152545415	3046839	https://www.gbif.org/species/3046839	Sisymbrium runcinatum Lag. ex DC.	ACCEPTED	3046839	Sisymbrium runcinatum Lag. ex DC.	SPECIES	220	Magnoliopsida	Plantae
213214647	3047147	https://www.gbif.org/species/3047147	Neslia paniculata subsp. thracica (Velen.) Bornm.	ACCEPTED	3047147	Neslia paniculata subsp. thracica (Velen.) Bornm.	SUBSPECIES	220	Magnoliopsida	Plantae
152545466	3047633	https://www.gbif.org/species/3047633	Sinapis alba subsp. dissecta (Lag.) Simonk.	ACCEPTED	3047633	Sinapis alba subsp. dissecta (Lag.) Simonk.	SUBSPECIES	220	Magnoliopsida	Plantae
213214628	3048073	https://www.gbif.org/species/3048073	Erysimum collisparsum Jord.	ACCEPTED	3048073	Erysimum collisparsum Jord.	SPECIES	220	Magnoliopsida	Plantae
152545461	3048288	https://www.gbif.org/species/3048288	Erysimum diffusum Ehrh.	ACCEPTED	3048288	Erysimum diffusum Ehrh.	SPECIES	220	Magnoliopsida	Plantae
152545439	3053950	https://www.gbif.org/species/3053950	Enarthrocarpus lyratus (Forssk.) DC.	ACCEPTED	3053950	Enarthrocarpus lyratus (Forssk.) DC.	SPECIES	220	Magnoliopsida	Plantae
152546431	3056259	https://www.gbif.org/species/3056259	Acalypha indica L.	ACCEPTED	3056259	Acalypha indica L.	SPECIES	220	Magnoliopsida	Plantae
152546433	3060710	https://www.gbif.org/species/3060710	Manihot grahamii Hook.	ACCEPTED	3060710	Manihot grahamii Hook.	SPECIES	220	Magnoliopsida	Plantae
152546459	3079631	https://www.gbif.org/species/3079631	Andrachne telephioides L.	ACCEPTED	3079631	Andrachne telephioides L.	SPECIES	220	Magnoliopsida	Plantae
152545960	3083603	https://www.gbif.org/species/3083603	Polycnemum arvense L.	ACCEPTED	3083603	Polycnemum arvense L.	SPECIES	220	Magnoliopsida	Plantae
152545964	3083657	https://www.gbif.org/species/3083657	Atriplex oblongifolia Waldst. & Kit.	ACCEPTED	3083657	Atriplex oblongifolia Waldst. & Kit.	SPECIES	220	Magnoliopsida	Plantae
213214957	3083659	https://www.gbif.org/species/3083659	Atriplex eardleyae Aellen	ACCEPTED	3083659	Atriplex eardleyae Aellen	SPECIES	220	Magnoliopsida	Plantae
152545967	3083667	https://www.gbif.org/species/3083667	Atriplex semibaccata R.Br.	ACCEPTED	3083667	Atriplex semibaccata R.Br.	SPECIES	220	Magnoliopsida	Plantae
152545972	3083746	https://www.gbif.org/species/3083746	Atriplex holocarpa F.Muell.	ACCEPTED	3083746	Atriplex holocarpa F.Muell.	SPECIES	220	Magnoliopsida	Plantae
152545970	3083763	https://www.gbif.org/species/3083763	Atriplex sibirica L.	ACCEPTED	3083763	Atriplex sibirica L.	SPECIES	220	Magnoliopsida	Plantae
152545973	3083771	https://www.gbif.org/species/3083771	Atriplex suberecta I.Verd.	ACCEPTED	3083771	Atriplex suberecta I.Verd.	SPECIES	220	Magnoliopsida	Plantae
152545985	3083921	https://www.gbif.org/species/3083921	Chenopodium pratericola Rydb.	ACCEPTED	3083921	Chenopodium pratericola Rydb.	SPECIES	220	Magnoliopsida	Plantae
152546002	3084616	https://www.gbif.org/species/3084616	Glinus lotoides L.	ACCEPTED	3084616	Glinus lotoides L.	SPECIES	220	Magnoliopsida	Plantae
159749078	3084693	https://www.gbif.org/species/3084693	Calandrinia ciliata (Ruiz & Pav.) DC.	ACCEPTED	3084693	Calandrinia ciliata (Ruiz & Pav.) DC.	SPECIES	220	Magnoliopsida	Plantae
182135028	3084872	https://www.gbif.org/species/3084872	Drosanthemum floribundum (Haw.) Schwantes	ACCEPTED	3084872	Drosanthemum floribundum (Haw.) Schwantes	SPECIES	220	Magnoliopsida	Plantae
152546028	3084883	https://www.gbif.org/species/3084883	Sesuvium portulacastrum (L.) L.	ACCEPTED	3084883	Sesuvium portulacastrum (L.) L.	SPECIES	220	Magnoliopsida	Plantae
152545994	3084922	https://www.gbif.org/species/3084922	Alternanthera paronychioides A.St.-Hil.	ACCEPTED	3084922	Alternanthera paronychioides A.St.-Hil.	SPECIES	220	Magnoliopsida	Plantae
152545995	3084939	https://www.gbif.org/species/3084939	Alternanthera sessilis (L.) R.Br. ex DC.	ACCEPTED	3084939	Alternanthera sessilis (L.) R.Br. ex DC.	SPECIES	220	Magnoliopsida	Plantae
152545996	3084949	https://www.gbif.org/species/3084949	Alternanthera pungens Kunth	ACCEPTED	3084949	Alternanthera pungens Kunth	SPECIES	220	Magnoliopsida	Plantae
152545997	3084958	https://www.gbif.org/species/3084958	Alternanthera caracasana Kunth	ACCEPTED	3084958	Alternanthera caracasana Kunth	SPECIES	220	Magnoliopsida	Plantae
182135058	3085196	https://www.gbif.org/species/3085196	Celosia cristata L.	SYNONYM	6429520	Celosia argentea f. cristata (L.) Schinz	FORM	220	Magnoliopsida	Plantae
152546087	3085435	https://www.gbif.org/species/3085435	Cerastium dichotomum L.	ACCEPTED	3085435	Cerastium dichotomum L.	SPECIES	220	Magnoliopsida	Plantae
152546085	3085622	https://www.gbif.org/species/3085622	Petrorhagia nanteuilii (Burnat) P.W.Ball & Heywood	ACCEPTED	3085622	Petrorhagia nanteuilii (Burnat) P.W.Ball & Heywood	SPECIES	220	Magnoliopsida	Plantae
152544404	3088652	https://www.gbif.org/species/3088652	Guizotia schimperi Sch.Bip.	ACCEPTED	3088652	Guizotia schimperi Sch.Bip.	SPECIES	220	Magnoliopsida	Plantae
182134955	3089140	https://www.gbif.org/species/3089140	Xanthium ambrosioides Hook. & Arn.	ACCEPTED	3089140	Xanthium ambrosioides Hook. & Arn.	SPECIES	220	Magnoliopsida	Plantae
213215227	3089142	https://www.gbif.org/species/3089142	Xanthium albinum (Holuby) Holub	ACCEPTED	3089142	Xanthium albinum (Holuby) Holub	SPECIES	220	Magnoliopsida	Plantae
152544419	3092125	https://www.gbif.org/species/3092125	Acmella Rich., 1807	DOUBTFUL	3092125	Acmella Rich., 1807	GENUS	220	Magnoliopsida	Plantae
152544368	3092604	https://www.gbif.org/species/3092604	Leysera tenella DC.	ACCEPTED	3092604	Leysera tenella DC.	SPECIES	220	Magnoliopsida	Plantae
152544355	3093891	https://www.gbif.org/species/3093891	Hypochaeris microcephala (Sch.Bip.) Cabrera	ACCEPTED	3093891	Hypochaeris microcephala (Sch.Bip.) Cabrera	SPECIES	220	Magnoliopsida	Plantae
152544381	3094899	https://www.gbif.org/species/3094899	Onopordum macracanthum Schousb.	ACCEPTED	3094899	Onopordum macracanthum Schousb.	SPECIES	220	Magnoliopsida	Plantae
152544336	3098176	https://www.gbif.org/species/3098176	Calotis hispidula (F.Muell.) F.Muell.	ACCEPTED	3098176	Calotis hispidula (F.Muell.) F.Muell.	SPECIES	220	Magnoliopsida	Plantae
152544338	3098183	https://www.gbif.org/species/3098183	Calotis lappulacea Benth.	ACCEPTED	3098183	Calotis lappulacea Benth.	SPECIES	220	Magnoliopsida	Plantae
152544339	3098186	https://www.gbif.org/species/3098186	Calotis cuneifolia R.Br.	ACCEPTED	3098186	Calotis cuneifolia R.Br.	SPECIES	220	Magnoliopsida	Plantae
152544312	3104078	https://www.gbif.org/species/3104078	Heteranthemis viscidehirta Schott	ACCEPTED	3104078	Heteranthemis viscidehirta Schott	SPECIES	220	Magnoliopsida	Plantae
152544274	3107177	https://www.gbif.org/species/3107177	Senecio pterophorus DC.	ACCEPTED	3107177	Senecio pterophorus DC.	SPECIES	220	Magnoliopsida	Plantae
213215061	3107362	https://www.gbif.org/species/3107362	Senecio saracenicus W.D.J.Koch	DOUBTFUL	3107362	Senecio saracenicus W.D.J.Koch	SPECIES	220	Magnoliopsida	Plantae
213215062	3107661	https://www.gbif.org/species/3107661	Senecio quadridentatus Labill.	ACCEPTED	3107661	Senecio quadridentatus Labill.	SPECIES	220	Magnoliopsida	Plantae
152544273	3107896	https://www.gbif.org/species/3107896	Senecio gallicus Chaix	ACCEPTED	3107896	Senecio gallicus Chaix	SPECIES	220	Magnoliopsida	Plantae
213215060	3108121	https://www.gbif.org/species/3108121	Senecio glossanthus (Sond.) Belcher	ACCEPTED	3108121	Senecio glossanthus (Sond.) Belcher	SPECIES	220	Magnoliopsida	Plantae
152544222	3110293	https://www.gbif.org/species/3110293	Facelis retusa (Lam.) Sch.Bip.	ACCEPTED	3110293	Facelis retusa (Lam.) Sch.Bip.	SPECIES	220	Magnoliopsida	Plantae
152544239	3112098	https://www.gbif.org/species/3112098	Cotula turbinata L.	ACCEPTED	3112098	Cotula turbinata L.	SPECIES	220	Magnoliopsida	Plantae
152544235	3112123	https://www.gbif.org/species/3112123	Cotula anthemoides L.	ACCEPTED	3112123	Cotula anthemoides L.	SPECIES	220	Magnoliopsida	Plantae
152544191	3114343	https://www.gbif.org/species/3114343	Athanasia trifurcata (L.) L.	ACCEPTED	3114343	Athanasia trifurcata (L.) L.	SPECIES	220	Magnoliopsida	Plantae
152544203	3114679	https://www.gbif.org/species/3114679	Carduus hamulosus Ehrh.	ACCEPTED	3114679	Carduus hamulosus Ehrh.	SPECIES	220	Magnoliopsida	Plantae
152544154	3119191	https://www.gbif.org/species/3119191	Helianthus debilis Nutt.	ACCEPTED	3119191	Helianthus debilis Nutt.	SPECIES	220	Magnoliopsida	Plantae
152544045	3120066	https://www.gbif.org/species/3120066	Achillea setacea Waldst. & Kit.	ACCEPTED	3120066	Achillea setacea Waldst. & Kit.	SPECIES	220	Magnoliopsida	Plantae
152544041	3120391	https://www.gbif.org/species/3120391	Achillea ageratum L.	ACCEPTED	3120391	Achillea ageratum L.	SPECIES	220	Magnoliopsida	Plantae
213215085	3121474	https://www.gbif.org/species/3121474	Artemisia rubripes Nakai	ACCEPTED	3121474	Artemisia rubripes Nakai	SPECIES	220	Magnoliopsida	Plantae
310017898	3121525	https://www.gbif.org/species/3121525	Artemisia gilvescens Miq.	ACCEPTED	3121525	Artemisia gilvescens Miq.	SPECIES	220	Magnoliopsida	Plantae
213215086	3121547	https://www.gbif.org/species/3121547	Artemisia mongolica Fisch. ex Besser, 1834	DOUBTFUL	3121547	Artemisia mongolica Fisch. ex Besser, 1834	SPECIES	220	Magnoliopsida	Plantae
213215088	3121593	https://www.gbif.org/species/3121593	Artemisia gmelinii Weber ex Stechm.	ACCEPTED	3121593	Artemisia gmelinii Weber ex Stechm.	SPECIES	220	Magnoliopsida	Plantae
152544016	3122190	https://www.gbif.org/species/3122190	Amberboa moschata (L.) DC.	ACCEPTED	3122190	Amberboa moschata (L.) DC.	SPECIES	220	Magnoliopsida	Plantae
152544087	3123300	https://www.gbif.org/species/3123300	Pilosella fuscoatra (Nägeli & Peter) Soják	ACCEPTED	3123300	Pilosella fuscoatra (Nägeli & Peter) Soják	SPECIES	220	Magnoliopsida	Plantae
152544073	3125765	https://www.gbif.org/species/3125765	Stuartina muelleri Sond.	ACCEPTED	3125765	Stuartina muelleri Sond.	SPECIES	220	Magnoliopsida	Plantae
152544069	3125901	https://www.gbif.org/species/3125901	Sigesbeckia orientalis L.	ACCEPTED	3125901	Sigesbeckia orientalis L.	SPECIES	220	Magnoliopsida	Plantae
152544065	3125944	https://www.gbif.org/species/3125944	Santolina rosmarinifolia L.	ACCEPTED	3125944	Santolina rosmarinifolia L.	SPECIES	220	Magnoliopsida	Plantae
152544062	3126046	https://www.gbif.org/species/3126046	Erigeron pampeanus Parodi	ACCEPTED	3126046	Erigeron pampeanus Parodi	SPECIES	220	Magnoliopsida	Plantae
152543971	3127837	https://www.gbif.org/species/3127837	Centaurea hyalolepis Boiss.	ACCEPTED	3127837	Centaurea hyalolepis Boiss.	SPECIES	220	Magnoliopsida	Plantae
152543970	3128007	https://www.gbif.org/species/3128007	Centaurea orientalis L.	ACCEPTED	3128007	Centaurea orientalis L.	SPECIES	220	Magnoliopsida	Plantae
152543969	3128437	https://www.gbif.org/species/3128437	Centaurea glaberrima Tausch	ACCEPTED	3128437	Centaurea glaberrima Tausch	SPECIES	220	Magnoliopsida	Plantae
310017871	3128725	https://www.gbif.org/species/3128725	Centaurea varnensis Velen.	ACCEPTED	3128725	Centaurea varnensis Velen.	SPECIES	220	Magnoliopsida	Plantae
213215214	3132567	https://www.gbif.org/species/3132567	Galinsoga quadriradiata Cav.	DOUBTFUL	3132567	Galinsoga quadriradiata Cav.	SPECIES	220	Magnoliopsida	Plantae
152543997	3133702	https://www.gbif.org/species/3133702	Adenostyles alliariae (Gouan) A.Kern.	ACCEPTED	3133702	Adenostyles alliariae (Gouan) A.Kern.	SPECIES	220	Magnoliopsida	Plantae
213215120	3137579	https://www.gbif.org/species/3137579	Galactites tomentosa Moench	ACCEPTED	3137579	Galactites tomentosa Moench	SPECIES	220	Magnoliopsida	Plantae
152543990	3137629	https://www.gbif.org/species/3137629	Rhodanthe floribunda (DC.) Paul G.Wilson	ACCEPTED	3137629	Rhodanthe floribunda (DC.) Paul G.Wilson	SPECIES	220	Magnoliopsida	Plantae
159748874	3137686	https://www.gbif.org/species/3137686	Rhodanthe stricta (Lindl.) Paul G.Wilson	ACCEPTED	3137686	Rhodanthe stricta (Lindl.) Paul G.Wilson	SPECIES	220	Magnoliopsida	Plantae
213215231	3138949	https://www.gbif.org/species/3138949	Melampodium divaricatum (Rich.) DC.	ACCEPTED	3138949	Melampodium divaricatum (Rich.) DC.	SPECIES	220	Magnoliopsida	Plantae
152543898	3140910	https://www.gbif.org/species/3140910	Madia sativa Molina	ACCEPTED	3140910	Madia sativa Molina	SPECIES	220	Magnoliopsida	Plantae
152543893	3141046	https://www.gbif.org/species/3141046	Centromadia pungens (Hook. & Arn.) Greene	ACCEPTED	3141046	Centromadia pungens (Hook. & Arn.) Greene	SPECIES	220	Magnoliopsida	Plantae
152543930	3141571	https://www.gbif.org/species/3141571	Mantisalca salmantica (L.) Briq. & Cavill.	ACCEPTED	3141571	Mantisalca salmantica (L.) Briq. & Cavill.	SPECIES	220	Magnoliopsida	Plantae
310017862	3145311	https://www.gbif.org/species/3145311	Smallanthus sonchifolius (Poepp. & Endl.) H.Rob.	ACCEPTED	3145311	Smallanthus sonchifolius (Poepp. & Endl.) H.Rob.	SPECIES	220	Magnoliopsida	Plantae
159748887	3145375	https://www.gbif.org/species/3145375	Deinandra fasciculata (DC.) Greene	ACCEPTED	3145375	Deinandra fasciculata (DC.) Greene	SPECIES	220	Magnoliopsida	Plantae
152543874	3147913	https://www.gbif.org/species/3147913	Verbesina encelioides (Cav.) Benth. & Hook.fil. ex A.Gray	ACCEPTED	3147913	Verbesina encelioides (Cav.) Benth. & Hook.fil. ex A.Gray	SPECIES	220	Magnoliopsida	Plantae
152543867	3148548	https://www.gbif.org/species/3148548	Anacyclus ×valentinus L.	ACCEPTED	3148548	Anacyclus ×valentinus L.	SPECIES	220	Magnoliopsida	Plantae
152544394	3151666	https://www.gbif.org/species/3151666	Symphyotrichum racemosum (Elliott) G.L.Nesom	ACCEPTED	3151666	Symphyotrichum racemosum (Elliott) G.L.Nesom	SPECIES	220	Magnoliopsida	Plantae
152546256	3152723	https://www.gbif.org/species/3152723	Sidalcea candida A.Gray	ACCEPTED	3152723	Sidalcea candida A.Gray	SPECIES	220	Magnoliopsida	Plantae
213213627	3152839	https://www.gbif.org/species/3152839	Cercidiphyllum japonicum, 1852	DOUBTFUL	3152839	Cercidiphyllum japonicum, 1852	SPECIES	220	Magnoliopsida	Plantae
213215253	3170260	https://www.gbif.org/species/3170260	Asclepias speciosa Torr.	ACCEPTED	3170260	Asclepias speciosa Torr.	SPECIES	220	Magnoliopsida	Plantae
152545617	3170878	https://www.gbif.org/species/3170878	Scrophularia lanceolata Pursh	ACCEPTED	3170878	Scrophularia lanceolata Pursh	SPECIES	220	Magnoliopsida	Plantae
152545685	3172066	https://www.gbif.org/species/3172066	Veronica campylopoda Boiss.	ACCEPTED	3172066	Veronica campylopoda Boiss.	SPECIES	220	Magnoliopsida	Plantae
152545568	3172127	https://www.gbif.org/species/3172127	Calceolaria chelidonioides Kunth	ACCEPTED	3172127	Calceolaria chelidonioides Kunth	SPECIES	220	Magnoliopsida	Plantae
152543476	3188838	https://www.gbif.org/species/3188838	Oenothera perennis L.	ACCEPTED	3188838	Oenothera perennis L.	SPECIES	220	Magnoliopsida	Plantae
213213437	3188847	https://www.gbif.org/species/3188847	Oenothera affinis Cambess.	ACCEPTED	3188847	Oenothera affinis Cambess.	SPECIES	220	Magnoliopsida	Plantae
152543478	3188867	https://www.gbif.org/species/3188867	Oenothera laciniata Hill	ACCEPTED	3188867	Oenothera laciniata Hill	SPECIES	220	Magnoliopsida	Plantae
310018177	3189636	https://www.gbif.org/species/3189636	Camellia japonica L.	ACCEPTED	3189636	Camellia japonica L.	SPECIES	220	Magnoliopsida	Plantae
213215549	3189696	https://www.gbif.org/species/3189696	Plantago aristata Michx.	ACCEPTED	3189696	Plantago aristata Michx.	SPECIES	220	Magnoliopsida	Plantae
152545671	3189723	https://www.gbif.org/species/3189723	Plantago ovata Forssk.	ACCEPTED	3189723	Plantago ovata Forssk.	SPECIES	220	Magnoliopsida	Plantae
152545673	3189760	https://www.gbif.org/species/3189760	Plantago heterophylla Nutt.	ACCEPTED	3189760	Plantago heterophylla Nutt.	SPECIES	220	Magnoliopsida	Plantae
152543351	3189935	https://www.gbif.org/species/3189935	Cardiospermum grandiflorum Sw.	ACCEPTED	3189935	Cardiospermum grandiflorum Sw.	SPECIES	220	Magnoliopsida	Plantae
152545886	3190845	https://www.gbif.org/species/3190845	Drosera linearis Goldie	ACCEPTED	3190845	Drosera linearis Goldie	SPECIES	220	Magnoliopsida	Plantae
310015208	3195749	https://www.gbif.org/species/3195749	Chorda filum (L.) Stackh.	ACCEPTED	3195749	Chorda filum (L.) Stackh.	SPECIES	7073593	Phaeophyceae	Chromista
152543102	3202936	https://www.gbif.org/species/3202936	Aphanomyces astaci Schikora	ACCEPTED	3202936	Aphanomyces astaci Schikora	SPECIES	8179345	Peronosporea	Chromista
182133994	3266899	https://www.gbif.org/species/3266899	Lampropeltis Öpik, 1967	DOUBTFUL	3266899	Lampropeltis Öpik, 1967	GENUS	9273948	Trilobita	Animalia
152543176	3376286	https://www.gbif.org/species/3376286	Puccinia pazschkei Dietel	ACCEPTED	3376286	Puccinia pazschkei Dietel	SPECIES	270	Pucciniomycetes	Fungi
152544569	3637112	https://www.gbif.org/species/3637112	Scandix iberica M.Bieb.	ACCEPTED	3637112	Scandix iberica M.Bieb.	SPECIES	220	Magnoliopsida	Plantae
152544942	3645346	https://www.gbif.org/species/3645346	Philadelphus ×virginalis Rehder	ACCEPTED	3645346	Philadelphus ×virginalis Rehder	SPECIES	220	Magnoliopsida	Plantae
213213452	3666059	https://www.gbif.org/species/3666059	Oenothera glazioviana f. rubricalyx (R.R.Gates) Lambinon	ACCEPTED	3666059	Oenothera glazioviana f. rubricalyx (R.R.Gates) Lambinon	FORM	220	Magnoliopsida	Plantae
152543458	3667406	https://www.gbif.org/species/3667406	Oenothera curtiflora W.L.Wagner & Hoch	ACCEPTED	3667406	Oenothera curtiflora W.L.Wagner & Hoch	SPECIES	220	Magnoliopsida	Plantae
213213379	3697259	https://www.gbif.org/species/3697259	Nymphaea ×marliacea Wildsmith	DOUBTFUL	3697259	Nymphaea ×marliacea Wildsmith	SPECIES	220	Magnoliopsida	Plantae
213214828	3707394	https://www.gbif.org/species/3707394	Delosperma cooperi L.Bol.Forma Cooperi	DOUBTFUL	3707394	Delosperma cooperi L.Bol.Forma Cooperi	SPECIES	220	Magnoliopsida	Plantae
152545609	3725805	https://www.gbif.org/species/3725805	Hebenstretia integrifolia L.	ACCEPTED	3725805	Hebenstretia integrifolia L.	SPECIES	220	Magnoliopsida	Plantae
152545678	3732995	https://www.gbif.org/species/3732995	Veronica ceratocarpa C.A.Mey.	ACCEPTED	3732995	Veronica ceratocarpa C.A.Mey.	SPECIES	220	Magnoliopsida	Plantae
213215497	3736228	https://www.gbif.org/species/3736228	Scrophularia pyrenaica Benth.	ACCEPTED	3736228	Scrophularia pyrenaica Benth.	SPECIES	220	Magnoliopsida	Plantae
152545622	3741432	https://www.gbif.org/species/3741432	Verbascum banaticum Schrad.	ACCEPTED	3741432	Verbascum banaticum Schrad.	SPECIES	220	Magnoliopsida	Plantae
213213226	3746867	https://www.gbif.org/species/3746867	Cheilanthes viridis var. macrophylla (Kunze) Schelpe & N.C.Anthony	ACCEPTED	3746867	Cheilanthes viridis var. macrophylla (Kunze) Schelpe & N.C.Anthony	VARIETY	7228684	Polypodiopsida	Plantae
152544692	3753098	https://www.gbif.org/species/3753098	Saxifraga cymbalaria L.	ACCEPTED	3753098	Saxifraga cymbalaria L.	SPECIES	220	Magnoliopsida	Plantae
213214932	3755928	https://www.gbif.org/species/3755928	Chenopodium album var. missouriense (Aellen) Bassett & Crompton	ACCEPTED	3755928	Chenopodium album var. missouriense (Aellen) Bassett & Crompton	VARIETY	220	Magnoliopsida	Plantae
213214934	3757050	https://www.gbif.org/species/3757050	Chenopodium berlandieri var. bushianum (Aellen) Cronquist	ACCEPTED	3757050	Chenopodium berlandieri var. bushianum (Aellen) Cronquist	VARIETY	220	Magnoliopsida	Plantae
152545981	3757189	https://www.gbif.org/species/3757189	Chenopodium auricomiforme Murr & Thell.	ACCEPTED	3757189	Chenopodium auricomiforme Murr & Thell.	SPECIES	220	Magnoliopsida	Plantae
159749099	3757457	https://www.gbif.org/species/3757457	Chenopodium polygonoides (Murr) Aellen	ACCEPTED	3757457	Chenopodium polygonoides (Murr) Aellen	SPECIES	220	Magnoliopsida	Plantae
213214935	3757660	https://www.gbif.org/species/3757660	Chenopodium ×pelgrimsianum Aellen	DOUBTFUL	3757660	Chenopodium ×pelgrimsianum Aellen	SPECIES	220	Magnoliopsida	Plantae
152544961	3798835	https://www.gbif.org/species/3798835	Nicotiana velutina H.-M.Wheeler	ACCEPTED	3798835	Nicotiana velutina H.-M.Wheeler	SPECIES	220	Magnoliopsida	Plantae
213213501	3799170	https://www.gbif.org/species/3799170	Nicotiana ×sanderae W.Watson	ACCEPTED	3799170	Nicotiana ×sanderae W.Watson	SPECIES	220	Magnoliopsida	Plantae
213214004	3826756	https://www.gbif.org/species/3826756	Erodium meynieri Maire	ACCEPTED	3826756	Erodium meynieri Maire	SPECIES	220	Magnoliopsida	Plantae
152545295	3828217	https://www.gbif.org/species/3828217	Erodium chium (Burm.fil.) Willd.	ACCEPTED	3828217	Erodium chium (Burm.fil.) Willd.	SPECIES	220	Magnoliopsida	Plantae
152545752	3885185	https://www.gbif.org/species/3885185	Stachys atherocalyx K.Koch	ACCEPTED	3885185	Stachys atherocalyx K.Koch	SPECIES	220	Magnoliopsida	Plantae
213215453	3890974	https://www.gbif.org/species/3890974	Pycnanthemum verticillatum var. pilosum (Nutt.) Cooperr.	ACCEPTED	3890974	Pycnanthemum verticillatum var. pilosum (Nutt.) Cooperr.	VARIETY	220	Magnoliopsida	Plantae
213215469	3898065	https://www.gbif.org/species/3898065	Salvia lavandulifolia subsp. gallica W.Lippert	SYNONYM	6411218	Salvia officinalis subsp. gallica (W.Lippert) Reales, D.Rivera & Obón	SUBSPECIES	220	Magnoliopsida	Plantae
152545743	3905970	https://www.gbif.org/species/3905970	Marrubium peregrinum L.	ACCEPTED	3905970	Marrubium peregrinum L.	SPECIES	220	Magnoliopsida	Plantae
182134288	3967193	https://www.gbif.org/species/3967193	Caragana halodendron (Pall.) Dum.Cours.	ACCEPTED	3967193	Caragana halodendron (Pall.) Dum.Cours.	SPECIES	220	Magnoliopsida	Plantae
213214346	3982013	https://www.gbif.org/species/3982013	Epimedium pubigerum (DC.) C.Mooren & Decne.	ACCEPTED	3982013	Epimedium pubigerum (DC.) C.Mooren & Decne.	SPECIES	220	Magnoliopsida	Plantae
213214366	3982284	https://www.gbif.org/species/3982284	Mahonia ×wagneri (Jouin) Rehder	ACCEPTED	3982284	Mahonia ×wagneri (Jouin) Rehder	SPECIES	220	Magnoliopsida	Plantae
152543401	3989886	https://www.gbif.org/species/3989886	Lythrum acutangulum Lag.	ACCEPTED	3989886	Lythrum acutangulum Lag.	SPECIES	220	Magnoliopsida	Plantae
152545821	4007682	https://www.gbif.org/species/4007682	Lysimachia linum-stellatum L.	ACCEPTED	4007682	Lysimachia linum-stellatum L.	SPECIES	220	Magnoliopsida	Plantae
213214842	4022910	https://www.gbif.org/species/4022910	Portulaca macrantha (Maire) Ricceri & Arrigoni	ACCEPTED	4022910	Portulaca macrantha (Maire) Ricceri & Arrigoni	SPECIES	220	Magnoliopsida	Plantae
152546009	4023424	https://www.gbif.org/species/4023424	Portulaca trituberculata Danin, Domina & Raimondo	ACCEPTED	4023424	Portulaca trituberculata Danin, Domina & Raimondo	SPECIES	220	Magnoliopsida	Plantae
152546143	4036957	https://www.gbif.org/species/4036957	Rumex pulcher subsp. pulcher	ACCEPTED	4036957	Rumex pulcher subsp. pulcher	SUBSPECIES	220	Magnoliopsida	Plantae
152545529	4064572	https://www.gbif.org/species/4064572	Cynoglossum clandestinum Desf.	ACCEPTED	4064572	Cynoglossum clandestinum Desf.	SPECIES	220	Magnoliopsida	Plantae
152546297	4095186	https://www.gbif.org/species/4095186	Valeriana pyrenaica L.	ACCEPTED	4095186	Valeriana pyrenaica L.	SPECIES	220	Magnoliopsida	Plantae
152546305	4095244	https://www.gbif.org/species/4095244	Valerianella vesicaria (L.) Moench	ACCEPTED	4095244	Valerianella vesicaria (L.) Moench	SPECIES	220	Magnoliopsida	Plantae
152546294	4102909	https://www.gbif.org/species/4102909	Lomelosia stellata (L.) Raf.	ACCEPTED	4102909	Lomelosia stellata (L.) Raf.	SPECIES	220	Magnoliopsida	Plantae
213215383	4103685	https://www.gbif.org/species/4103685	Scabiosa nitens Roem. & Schult.	ACCEPTED	4103685	Scabiosa nitens Roem. & Schult.	SPECIES	220	Magnoliopsida	Plantae
213212695	4104665	https://www.gbif.org/species/4104665	Avellinia festucoides (Link) Valdés & H.Scholz	ACCEPTED	4104665	Avellinia festucoides (Link) Valdés & H.Scholz	SPECIES	196	Liliopsida	Plantae
152546943	4104718	https://www.gbif.org/species/4104718	Austrostipa verticillata (Nees ex Spreng.) S.W.L.Jacobs & J.Everett	ACCEPTED	4104718	Austrostipa verticillata (Nees ex Spreng.) S.W.L.Jacobs & J.Everett	SPECIES	196	Liliopsida	Plantae
152546944	4104890	https://www.gbif.org/species/4104890	Austrostipa scabra subsp. falcata (Hughes) S.W.L.Jacobs & J.Everett	ACCEPTED	4104890	Austrostipa scabra subsp. falcata (Hughes) S.W.L.Jacobs & J.Everett	SUBSPECIES	196	Liliopsida	Plantae
152546945	4105208	https://www.gbif.org/species/4105208	Austrostipa nitida (Summerh. & C.E.Hubb.) S.W.L.Jacobs & J.Everett	ACCEPTED	4105208	Austrostipa nitida (Summerh. & C.E.Hubb.) S.W.L.Jacobs & J.Everett	SPECIES	196	Liliopsida	Plantae
152547162	4105652	https://www.gbif.org/species/4105652	Amphibromus recurvatus Swallen	ACCEPTED	4105652	Amphibromus recurvatus Swallen	SPECIES	196	Liliopsida	Plantae
213212701	4105744	https://www.gbif.org/species/4105744	Austrodanthonia racemosa (R.Br.) H.P.Linder	SYNONYM	4135762	Rytidosperma racemosum (R.Br.) Connor & Edgar	SPECIES	196	Liliopsida	Plantae
152547160	4107552	https://www.gbif.org/species/4107552	Alopecurus magellanicus Lam.	ACCEPTED	4107552	Alopecurus magellanicus Lam.	SPECIES	196	Liliopsida	Plantae
152547158	4108297	https://www.gbif.org/species/4108297	Oxychloris scariosa (F.Muell.) Lazarides	ACCEPTED	4108297	Oxychloris scariosa (F.Muell.) Lazarides	SPECIES	196	Liliopsida	Plantae
152546968	4110879	https://www.gbif.org/species/4110879	Poa sieberiana Spreng.	ACCEPTED	4110879	Poa sieberiana Spreng.	SPECIES	196	Liliopsida	Plantae
152547062	4111606	https://www.gbif.org/species/4111606	Eragrostis rotifer Rendle	ACCEPTED	4111606	Eragrostis rotifer Rendle	SPECIES	196	Liliopsida	Plantae
213212782	4113111	https://www.gbif.org/species/4113111	Festuca octoflora Walter	ACCEPTED	4113111	Festuca octoflora Walter	SPECIES	196	Liliopsida	Plantae
152547095	4113402	https://www.gbif.org/species/4113402	Panicum decompositum R.Br.	ACCEPTED	4113402	Panicum decompositum R.Br.	SPECIES	196	Liliopsida	Plantae
152547063	4113766	https://www.gbif.org/species/4113766	Eragrostis dielsii Pilg.	ACCEPTED	4113766	Eragrostis dielsii Pilg.	SPECIES	196	Liliopsida	Plantae
213212866	4114858	https://www.gbif.org/species/4114858	Poa persica Trin.	ACCEPTED	4114858	Poa persica Trin.	SPECIES	196	Liliopsida	Plantae
152547093	4116709	https://www.gbif.org/species/4116709	Panicum laevinode Lindl.	ACCEPTED	4116709	Panicum laevinode Lindl.	SPECIES	196	Liliopsida	Plantae
152547061	4117648	https://www.gbif.org/species/4117648	Eragrostis bicolor Nees	ACCEPTED	4117648	Eragrostis bicolor Nees	SPECIES	196	Liliopsida	Plantae
152546993	4118753	https://www.gbif.org/species/4118753	Echinochloa jubata Stapf	ACCEPTED	4118753	Echinochloa jubata Stapf	SPECIES	196	Liliopsida	Plantae
213213060	4121049	https://www.gbif.org/species/4121049	Secale strictum (C.Presl) C.Presl	ACCEPTED	4121049	Secale strictum (C.Presl) C.Presl	SPECIES	196	Liliopsida	Plantae
152546936	4121201	https://www.gbif.org/species/4121201	Rytidosperma thomsonii (Buchanan) Connor & Edgar	ACCEPTED	4121201	Rytidosperma thomsonii (Buchanan) Connor & Edgar	SPECIES	196	Liliopsida	Plantae
213212776	4121365	https://www.gbif.org/species/4121365	Festuca ligustica (All.) Bertol.	ACCEPTED	4121365	Festuca ligustica (All.) Bertol.	SPECIES	196	Liliopsida	Plantae
152546950	4122609	https://www.gbif.org/species/4122609	Bromus pectinatus Thunb.	ACCEPTED	4122609	Bromus pectinatus Thunb.	SPECIES	196	Liliopsida	Plantae
152547104	4123970	https://www.gbif.org/species/4123970	Festuca gautieri (Hack.) K.Richt.	ACCEPTED	4123970	Festuca gautieri (Hack.) K.Richt.	SPECIES	196	Liliopsida	Plantae
152546938	4125110	https://www.gbif.org/species/4125110	Harpachne schimperi Hochst. ex A.Rich.	ACCEPTED	4125110	Harpachne schimperi Hochst. ex A.Rich.	SPECIES	196	Liliopsida	Plantae
152546940	4125808	https://www.gbif.org/species/4125808	Thinopyrum elongatum (Host) D.R.Dewey	ACCEPTED	4125808	Thinopyrum elongatum (Host) D.R.Dewey	SPECIES	196	Liliopsida	Plantae
152547113	4126800	https://www.gbif.org/species/4126800	Aristida hordeacea Kunth	ACCEPTED	4126800	Aristida hordeacea Kunth	SPECIES	196	Liliopsida	Plantae
152546921	4127831	https://www.gbif.org/species/4127831	Stipa pennata L.	ACCEPTED	4127831	Stipa pennata L.	SPECIES	196	Liliopsida	Plantae
152546948	4128347	https://www.gbif.org/species/4128347	Bromus intermedius Guss.	ACCEPTED	4128347	Bromus intermedius Guss.	SPECIES	196	Liliopsida	Plantae
152547114	4128792	https://www.gbif.org/species/4128792	Aristida congesta Roem. & Schult.	ACCEPTED	4128792	Aristida congesta Roem. & Schult.	SPECIES	196	Liliopsida	Plantae
213212780	4128881	https://www.gbif.org/species/4128881	Festuca antucensis (Trin.) Steud.	ACCEPTED	4128881	Festuca antucensis (Trin.) Steud.	SPECIES	196	Liliopsida	Plantae
152546923	4130246	https://www.gbif.org/species/4130246	Stipagrostis pungens (Desf.) De Winter	ACCEPTED	4130246	Stipagrostis pungens (Desf.) De Winter	SPECIES	196	Liliopsida	Plantae
152546930	4131963	https://www.gbif.org/species/4131963	Digitaria acuminatissima Stapf	ACCEPTED	4131963	Digitaria acuminatissima Stapf	SPECIES	196	Liliopsida	Plantae
213213046	4132010	https://www.gbif.org/species/4132010	Pleioblastus distichus (Mitford) Nakai	ACCEPTED	4132010	Pleioblastus distichus (Mitford) Nakai	SPECIES	196	Liliopsida	Plantae
213212834	4132112	https://www.gbif.org/species/4132112	Leptochloa panicea subsp. brachiata (Steud.) N.Snow	ACCEPTED	4132112	Leptochloa panicea subsp. brachiata (Steud.) N.Snow	SUBSPECIES	196	Liliopsida	Plantae
213213048	4132188	https://www.gbif.org/species/4132188	Pleioblastus argenteostriatus (Regel) Nakai	ACCEPTED	4132188	Pleioblastus argenteostriatus (Regel) Nakai	SPECIES	196	Liliopsida	Plantae
213212833	4132902	https://www.gbif.org/species/4132902	Leptochloa decipiens subsp. peacockii (Maiden & Betche) N.Snow	ACCEPTED	4132902	Leptochloa decipiens subsp. peacockii (Maiden & Betche) N.Snow	SUBSPECIES	196	Liliopsida	Plantae
159747527	4134265	https://www.gbif.org/species/4134265	Anthosachne scabra (R.Br.) Nevski	ACCEPTED	4134265	Anthosachne scabra (R.Br.) Nevski	SPECIES	196	Liliopsida	Plantae
152547000	4134508	https://www.gbif.org/species/4134508	Eriochloa crebra S.T.Blake	ACCEPTED	4134508	Eriochloa crebra S.T.Blake	SPECIES	196	Liliopsida	Plantae
152546999	4134633	https://www.gbif.org/species/4134633	Eriochloa australiensis Stapf & Thell.	ACCEPTED	4134633	Eriochloa australiensis Stapf & Thell.	SPECIES	196	Liliopsida	Plantae
213212700	4135683	https://www.gbif.org/species/4135683	Rytidosperma setaceum (R.Br.) Connor & Edgar	ACCEPTED	4135683	Rytidosperma setaceum (R.Br.) Connor & Edgar	SPECIES	196	Liliopsida	Plantae
152546905	4135892	https://www.gbif.org/species/4135892	Lachnagrostis lachnantha (Nees) Rúgolo & A.M.Molina	ACCEPTED	4135892	Lachnagrostis lachnantha (Nees) Rúgolo & A.M.Molina	SPECIES	196	Liliopsida	Plantae
152546906	4136060	https://www.gbif.org/species/4136060	Lachnagrostis billardierei (R.Br.) Trin.	ACCEPTED	4136060	Lachnagrostis billardierei (R.Br.) Trin.	SPECIES	196	Liliopsida	Plantae
152546935	4136338	https://www.gbif.org/species/4136338	Rytidosperma gracile (Hook.f.) Connor & Edgar	ACCEPTED	4136338	Rytidosperma gracile (Hook.f.) Connor & Edgar	SPECIES	196	Liliopsida	Plantae
152546909	4136390	https://www.gbif.org/species/4136390	Aeluropus littoralis (Gouan) Parl.	ACCEPTED	4136390	Aeluropus littoralis (Gouan) Parl.	SPECIES	196	Liliopsida	Plantae
152546981	4136695	https://www.gbif.org/species/4136695	Bothriochloa macra (Steud.) S.T.Blake	ACCEPTED	4136695	Bothriochloa macra (Steud.) S.T.Blake	SPECIES	196	Liliopsida	Plantae
213212810	4138275	https://www.gbif.org/species/4138275	Zuloagaea bulbosa (Kunth) Bess	ACCEPTED	4138275	Zuloagaea bulbosa (Kunth) Bess	SPECIES	196	Liliopsida	Plantae
152546913	4138669	https://www.gbif.org/species/4138669	Pholiurus pannonicus (Host) Trin.	ACCEPTED	4138669	Pholiurus pannonicus (Host) Trin.	SPECIES	196	Liliopsida	Plantae
152547137	4139625	https://www.gbif.org/species/4139625	Phleum hirsutum Honck.	ACCEPTED	4139625	Phleum hirsutum Honck.	SPECIES	196	Liliopsida	Plantae
152547138	4139894	https://www.gbif.org/species/4139894	Phleum echinatum Host	ACCEPTED	4139894	Phleum echinatum Host	SPECIES	196	Liliopsida	Plantae
152546896	4142153	https://www.gbif.org/species/4142153	Desmazeria sicula (Jacq.) Dumort.	ACCEPTED	4142153	Desmazeria sicula (Jacq.) Dumort.	SPECIES	196	Liliopsida	Plantae
213212844	4142335	https://www.gbif.org/species/4142335	Achnatherum bromoides (L.) P.Beauv.	ACCEPTED	4142335	Achnatherum bromoides (L.) P.Beauv.	SPECIES	196	Liliopsida	Plantae
152547055	4142399	https://www.gbif.org/species/4142399	Eragrostis procumbens Nees	ACCEPTED	4142399	Eragrostis procumbens Nees	SPECIES	196	Liliopsida	Plantae
152547054	4142741	https://www.gbif.org/species/4142741	Eragrostis planiculmis Nees	ACCEPTED	4142741	Eragrostis planiculmis Nees	SPECIES	196	Liliopsida	Plantae
152547053	4143386	https://www.gbif.org/species/4143386	Eragrostis papposa (Roem. & Schult.) Steud.	ACCEPTED	4143386	Eragrostis papposa (Roem. & Schult.) Steud.	SPECIES	196	Liliopsida	Plantae
152547059	4143702	https://www.gbif.org/species/4143702	Eragrostis obtusa Munro ex Ficalho & Hiern	ACCEPTED	4143702	Eragrostis obtusa Munro ex Ficalho & Hiern	SPECIES	196	Liliopsida	Plantae
152547058	4143852	https://www.gbif.org/species/4143852	Eragrostis nigra Nees ex Steud.	ACCEPTED	4143852	Eragrostis nigra Nees ex Steud.	SPECIES	196	Liliopsida	Plantae
152547057	4143912	https://www.gbif.org/species/4143912	Eragrostis neesii Trin.	ACCEPTED	4143912	Eragrostis neesii Trin.	SPECIES	196	Liliopsida	Plantae
152547056	4145354	https://www.gbif.org/species/4145354	Eragrostis leptocarpa Benth.	ACCEPTED	4145354	Eragrostis leptocarpa Benth.	SPECIES	196	Liliopsida	Plantae
152546898	4146512	https://www.gbif.org/species/4146512	Puccinellia stricta (Hook.f.) C.H.Blom	ACCEPTED	4146512	Puccinellia stricta (Hook.f.) C.H.Blom	SPECIES	196	Liliopsida	Plantae
213213104	4146851	https://www.gbif.org/species/4146851	Pentameris airoides (Nees) Steud.	ACCEPTED	4146851	Pentameris airoides (Nees) Steud.	SPECIES	196	Liliopsida	Plantae
152547147	4148661	https://www.gbif.org/species/4148661	Hordeum flexuosum Nees ex Steud.	ACCEPTED	4148661	Hordeum flexuosum Nees ex Steud.	SPECIES	196	Liliopsida	Plantae
152547148	4148721	https://www.gbif.org/species/4148721	Hordeum euclaston Steud.	ACCEPTED	4148721	Hordeum euclaston Steud.	SPECIES	196	Liliopsida	Plantae
152547149	4149167	https://www.gbif.org/species/4149167	Hordeum comosum J.Presl	ACCEPTED	4149167	Hordeum comosum J.Presl	SPECIES	196	Liliopsida	Plantae
213213143	4149175	https://www.gbif.org/species/4149175	Eragrostis brownii (Kunth) Nees	ACCEPTED	4149175	Eragrostis brownii (Kunth) Nees	SPECIES	196	Liliopsida	Plantae
152547060	4150636	https://www.gbif.org/species/4150636	Eragrostis alveiformis Lazarides	ACCEPTED	4150636	Eragrostis alveiformis Lazarides	SPECIES	196	Liliopsida	Plantae
152547084	4151306	https://www.gbif.org/species/4151306	Sporobolus caroli Mez	ACCEPTED	4151306	Sporobolus caroli Mez	SPECIES	196	Liliopsida	Plantae
152546900	4152037	https://www.gbif.org/species/4152037	Helictotrichon sempervirens (Vill.) Pilg.	ACCEPTED	4152037	Helictotrichon sempervirens (Vill.) Pilg.	SPECIES	196	Liliopsida	Plantae
152546978	4152153	https://www.gbif.org/species/4152153	Enneapogon scaber Lehm.	ACCEPTED	4152153	Enneapogon scaber Lehm.	SPECIES	196	Liliopsida	Plantae
152547043	4154800	https://www.gbif.org/species/4154800	Avena brevis Roth	ACCEPTED	4154800	Avena brevis Roth	SPECIES	196	Liliopsida	Plantae
213212997	4155246	https://www.gbif.org/species/4155246	Moorochloa eruciformis (Sm.) Veldkamp	ACCEPTED	4155246	Moorochloa eruciformis (Sm.) Veldkamp	SPECIES	196	Liliopsida	Plantae
213213642	4202184	https://www.gbif.org/species/4202184	Hylotelephium anacampseros (L.) H.Ohba	ACCEPTED	4202184	Hylotelephium anacampseros (L.) H.Ohba	SPECIES	220	Magnoliopsida	Plantae
152544198	4210773	https://www.gbif.org/species/4210773	Carduus vivariensis Jord.	ACCEPTED	4210773	Carduus vivariensis Jord.	SPECIES	220	Magnoliopsida	Plantae
213215030	4211074	https://www.gbif.org/species/4211074	Carduus ×theriotii Rouy	ACCEPTED	4211074	Carduus ×theriotii Rouy	SPECIES	220	Magnoliopsida	Plantae
182134919	4211590	https://www.gbif.org/species/4211590	Lactuca macrophylla subsp. uralensis (Rouy) N.Kilian & Greuter	ACCEPTED	4211590	Lactuca macrophylla subsp. uralensis (Rouy) N.Kilian & Greuter	SUBSPECIES	220	Magnoliopsida	Plantae
213215122	4233822	https://www.gbif.org/species/4233822	Vittadinia dentata (Gaudich.) DC.	ACCEPTED	4233822	Vittadinia dentata (Gaudich.) DC.	SPECIES	220	Magnoliopsida	Plantae
152543845	4243464	https://www.gbif.org/species/4243464	Hieracium speciosum Willd. ex Hornem.	ACCEPTED	4243464	Hieracium speciosum Willd. ex Hornem.	SPECIES	220	Magnoliopsida	Plantae
213215179	4248063	https://www.gbif.org/species/4248063	Hieracium pulmonarioides subsp. spelaeum (Arv.-Touv.) Greuter	ACCEPTED	4248063	Hieracium pulmonarioides subsp. spelaeum (Arv.-Touv.) Greuter	SUBSPECIES	220	Magnoliopsida	Plantae
152543957	4250826	https://www.gbif.org/species/4250826	Centaurea nemenyiana J.Wagner	DOUBTFUL	4250826	Centaurea nemenyiana J.Wagner	SPECIES	220	Magnoliopsida	Plantae
152544178	4255472	https://www.gbif.org/species/4255472	Rudbeckia amplexicaulis Vahl	ACCEPTED	4255472	Rudbeckia amplexicaulis Vahl	SPECIES	220	Magnoliopsida	Plantae
310018275	4261619	https://www.gbif.org/species/4261619	Tilia henryana Szyszyl.	ACCEPTED	4261619	Tilia henryana Szyszyl.	SPECIES	220	Magnoliopsida	Plantae
213214087	4273336	https://www.gbif.org/species/4273336	Amsinckia menziesii var. intermedia (Fisch. & C.A.Mey.) Ganders	ACCEPTED	4273336	Amsinckia menziesii var. intermedia (Fisch. & C.A.Mey.) Ganders	VARIETY	220	Magnoliopsida	Plantae
182133728	4287413	https://www.gbif.org/species/4287413	Anolis sagrei Duméril & Bibron, 1837	ACCEPTED	4287413	Anolis sagrei Duméril & Bibron, 1837	SPECIES	11592253	Squamata	Animalia
152543692	4307880	https://www.gbif.org/species/4307880	Potamothrix heuscheri (Bretscher, 1900)	ACCEPTED	4307880	Potamothrix heuscheri (Bretscher, 1900)	SPECIES	255	Clitellata	Animalia
213213694	4346612	https://www.gbif.org/species/4346612	Anguillicola crassus Kuwahara, Niimi & Itagaki, 1974	ACCEPTED	4346612	Anguillicola crassus Kuwahara, Niimi & Itagaki, 1974	SPECIES	11133537	Chromadorea	Animalia
310016353	4373699	https://www.gbif.org/species/4373699	Talochlamys pusio (Linnaeus, 1758)	ACCEPTED	4373699	Talochlamys pusio (Linnaeus, 1758)	SPECIES	137	Bivalvia	Animalia
310015219	4377207	https://www.gbif.org/species/4377207	Saccharina latissima (L.) C.E.Lane, C.Mayes, Druehl & G.W.Saunders	ACCEPTED	4377207	Saccharina latissima (L.) C.E.Lane, C.Mayes, Druehl & G.W.Saunders	SPECIES	7073593	Phaeophyceae	Chromista
152543671	4410150	https://www.gbif.org/species/4410150	Monopylephorus limosus (Hatai, 1898)	ACCEPTED	4410150	Monopylephorus limosus (Hatai, 1898)	SPECIES	255	Clitellata	Animalia
182132848	4416161	https://www.gbif.org/species/4416161	Dolichoplana striata Moseley, 1877	ACCEPTED	4416161	Dolichoplana striata Moseley, 1877	SPECIES			Animalia
152544541	4453195	https://www.gbif.org/species/4453195	Carpophilus obsoletus Erichson, 1843	ACCEPTED	4453195	Carpophilus obsoletus Erichson, 1843	SPECIES	216	Insecta	Animalia
156873354	4467502	https://www.gbif.org/species/4467502	Otiorhynchus indefinitus Reitter, 1912	ACCEPTED	4467502	Otiorhynchus indefinitus Reitter, 1912	SPECIES	216	Insecta	Animalia
310015911	4485921	https://www.gbif.org/species/4485921	Mecidea lindbergi Wagner, 1954	ACCEPTED	4485921	Mecidea lindbergi Wagner, 1954	SPECIES	216	Insecta	Animalia
152544272	4487282	https://www.gbif.org/species/4487282	Fulvius anthocoroides (Reuter, 1875)	ACCEPTED	4487282	Fulvius anthocoroides (Reuter, 1875)	SPECIES	216	Insecta	Animalia
310015564	4504757	https://www.gbif.org/species/4504757	Tapinoma nigerrimum (Nylander, 1856)	ACCEPTED	4504757	Tapinoma nigerrimum (Nylander, 1856)	SPECIES	216	Insecta	Animalia
310016068	4533345	https://www.gbif.org/species/4533345	Mniotype solieri (Boisduval, 1829)	ACCEPTED	4533345	Mniotype solieri (Boisduval, 1829)	SPECIES	216	Insecta	Animalia
213214815	4544759	https://www.gbif.org/species/4544759	Aceria heteronyx (Nalepa, 1891)	ACCEPTED	4544759	Aceria heteronyx (Nalepa, 1891)	SPECIES	367	Arachnida	Animalia
213214832	4549071	https://www.gbif.org/species/4549071	Varroa jacobsoni Oudemans, 1904	ACCEPTED	4549071	Varroa jacobsoni Oudemans, 1904	SPECIES	367	Arachnida	Animalia
152544136	4550810	https://www.gbif.org/species/4550810	Cryptachaea veruculata (Urquhart, 1886)	ACCEPTED	4550810	Cryptachaea veruculata (Urquhart, 1886)	SPECIES	367	Arachnida	Animalia
152543814	4556286	https://www.gbif.org/species/4556286	Meloidogyne artiellia Franklin, 1961	ACCEPTED	4556286	Meloidogyne artiellia Franklin, 1961	SPECIES	11133537	Chromadorea	Animalia
213213418	4561827	https://www.gbif.org/species/4561827	Cochlostoma septemspirale (Razoumowsky, 1789)	ACCEPTED	4561827	Cochlostoma septemspirale (Razoumowsky, 1789)	SPECIES	225	Gastropoda	Animalia
152543600	4562566	https://www.gbif.org/species/4562566	Aegopinella nitens (Michaud, 1831)	ACCEPTED	4562566	Aegopinella nitens (Michaud, 1831)	SPECIES	225	Gastropoda	Animalia
152543646	4564944	https://www.gbif.org/species/4564944	Xerosecta cespitum (Draparnaud, 1801)	ACCEPTED	4564944	Xerosecta cespitum (Draparnaud, 1801)	SPECIES	225	Gastropoda	Animalia
213213455	4567449	https://www.gbif.org/species/4567449	Gittenbergia sororcula (Benoit, 1859)	ACCEPTED	4567449	Gittenbergia sororcula (Benoit, 1859)	SPECIES	225	Gastropoda	Animalia
152543639	4598226	https://www.gbif.org/species/4598226	Tandonia sowerbyi (A.Férussac, 1823)	ACCEPTED	4598226	Tandonia sowerbyi (A.Férussac, 1823)	SPECIES	225	Gastropoda	Animalia
152543686	4812260	https://www.gbif.org/species/4812260	Branchiodrilus hortensis (Stephenson, 1910)	ACCEPTED	4812260	Branchiodrilus hortensis (Stephenson, 1910)	SPECIES	255	Clitellata	Animalia
213212759	4845821	https://www.gbif.org/species/4845821	Aidemosyne modesta (Gould, 1837)	HOMOTYPIC_SYNONYM	2493740	Neochmia modesta (Gould, 1837)	SPECIES	212	Aves	Animalia
152545725	4930999	https://www.gbif.org/species/4930999	Amethystea caerulea L.	ACCEPTED	4930999	Amethystea caerulea L.	SPECIES	220	Magnoliopsida	Plantae
152546902	4932431	https://www.gbif.org/species/4932431	Crithopsis delileana (Schult.) Roshev.	ACCEPTED	4932431	Crithopsis delileana (Schult.) Roshev.	SPECIES	196	Liliopsida	Plantae
152545292	4934102	https://www.gbif.org/species/4934102	Erodium salzmannii Delile	ACCEPTED	4934102	Erodium salzmannii Delile	SPECIES	220	Magnoliopsida	Plantae
152544582	4987920	https://www.gbif.org/species/4987920	Trichopsocus clarus (Banks, 1908)	ACCEPTED	4987920	Trichopsocus clarus (Banks, 1908)	SPECIES	216	Insecta	Animalia
152544554	4989894	https://www.gbif.org/species/4989894	Hippodamia convergens Guérin-Méneville, 1842	ACCEPTED	4989894	Hippodamia convergens Guérin-Méneville, 1842	SPECIES	216	Insecta	Animalia
310015680	5051955	https://www.gbif.org/species/5051955	Gomphus simillimus Selys, 1840	ACCEPTED	5051955	Gomphus simillimus Selys, 1840	SPECIES	216	Insecta	Animalia
310016073	5109931	https://www.gbif.org/species/5109931	Spodoptera littoralis (Boisduval, 1833)	ACCEPTED	5109931	Spodoptera littoralis (Boisduval, 1833)	SPECIES	216	Insecta	Animalia
310016078	5113847	https://www.gbif.org/species/5113847	Aedia funesta Esper	ACCEPTED	5113847	Aedia funesta Esper	SPECIES	216	Insecta	Animalia
310016077	5113853	https://www.gbif.org/species/5113853	Aedia leucomelas (Linnaeus, 1758)	ACCEPTED	5113853	Aedia leucomelas (Linnaeus, 1758)	SPECIES	216	Insecta	Animalia
213213981	5130444	https://www.gbif.org/species/5130444	Junonia iphita (Cramer, 1782)	ACCEPTED	5130444	Junonia iphita (Cramer, 1782)	SPECIES	216	Insecta	Animalia
310016104	5133088	https://www.gbif.org/species/5133088	Danaus plexippus (Linnaeus, 1758)	ACCEPTED	5133088	Danaus plexippus (Linnaeus, 1758)	SPECIES	216	Insecta	Animalia
310015325	5166341	https://www.gbif.org/species/5166341	Lepas anserifera Linnaeus, 1767	ACCEPTED	5166341	Lepas anserifera Linnaeus, 1767	SPECIES	203	Maxillopoda	Animalia
182134118	5166487	https://www.gbif.org/species/5166487	Megabalanus tintinnabulum (Linnaeus, 1758)	ACCEPTED	5166487	Megabalanus tintinnabulum (Linnaeus, 1758)	SPECIES	203	Maxillopoda	Animalia
152544023	5166489	https://www.gbif.org/species/5166489	Megabalanus coccopoma (Darwin, 1854)	ACCEPTED	5166489	Megabalanus coccopoma (Darwin, 1854)	SPECIES	203	Maxillopoda	Animalia
152544234	5168461	https://www.gbif.org/species/5168461	Erigone dentosa O.Pickard-Cambridge, 1894	ACCEPTED	5168461	Erigone dentosa O.Pickard-Cambridge, 1894	SPECIES	367	Arachnida	Animalia
152544220	5170395	https://www.gbif.org/species/5170395	Phoneutria boliviensis (F.O.Pickard-Cambridge, 1897)	ACCEPTED	5170395	Phoneutria boliviensis (F.O.Pickard-Cambridge, 1897)	SPECIES	367	Arachnida	Animalia
159746857	5188774	https://www.gbif.org/species/5188774	Barentsia ramosa (Robertson, 1900)	ACCEPTED	5188774	Barentsia ramosa (Robertson, 1900)	SPECIES			Animalia
310016339	5189500	https://www.gbif.org/species/5189500	Limaria loscombi (G.B.Sowerby I, 1823)	ACCEPTED	5189500	Limaria loscombi (G.B.Sowerby I, 1823)	SPECIES	137	Bivalvia	Animalia
152543609	5190777	https://www.gbif.org/species/5190777	Deroceras panormitanum (Lessona & Pollonera, 1882)	ACCEPTED	5190777	Deroceras panormitanum (Lessona & Pollonera, 1882)	SPECIES	225	Gastropoda	Animalia
213213493	5190912	https://www.gbif.org/species/5190912	Testacella haliotidea Draparnaud, 1801	ACCEPTED	5190912	Testacella haliotidea Draparnaud, 1801	SPECIES	225	Gastropoda	Animalia
159747729	5200414	https://www.gbif.org/species/5200414	Diplosoma listerianum (Milne Edwards, 1841)	ACCEPTED	5200414	Diplosoma listerianum (Milne Edwards, 1841)	SPECIES	356	Ascidiacea	Animalia
152543507	5204034	https://www.gbif.org/species/5204034	Oncorhynchus kisutch (Walbaum, 1792)	ACCEPTED	5204034	Oncorhynchus kisutch (Walbaum, 1792)	SPECIES			Animalia
154367400	5211250	https://www.gbif.org/species/5211250	Micropterus dolomieu Lacepède, 1802	ACCEPTED	5211250	Micropterus dolomieu Lacepède, 1802	SPECIES			Animalia
152543377	5216933	https://www.gbif.org/species/5216933	Rhinella marina (Linnaeus, 1758)	ACCEPTED	5216933	Rhinella marina (Linnaeus, 1758)	SPECIES	131	Amphibia	Animalia
310017440	5218525	https://www.gbif.org/species/5218525	Nyctalus lasiopterus (Schreber, 1780)	ACCEPTED	5218525	Nyctalus lasiopterus (Schreber, 1780)	SPECIES	359	Mammalia	Animalia
310017474	5219369	https://www.gbif.org/species/5219369	Pusa hispida (Schreber, 1775)	ACCEPTED	5219369	Pusa hispida (Schreber, 1775)	SPECIES	359	Mammalia	Animalia
182133860	5220394	https://www.gbif.org/species/5220394	Sternotherus carinatus (Gray, 1856)	ACCEPTED	5220394	Sternotherus carinatus (Gray, 1856)	SPECIES	11418114	Testudines	Animalia
182133704	5221810	https://www.gbif.org/species/5221810	Basiliscus plumifrons Cope, 1875	ACCEPTED	5221810	Basiliscus plumifrons Cope, 1875	SPECIES	11592253	Squamata	Animalia
182133734	5221988	https://www.gbif.org/species/5221988	Furcifer pardalis (Cuvier, 1829)	ACCEPTED	5221988	Furcifer pardalis (Cuvier, 1829)	SPECIES	11592253	Squamata	Animalia
182133745	5222820	https://www.gbif.org/species/5222820	Lycodon capucinus (Boie, 1827)	ACCEPTED	5222820	Lycodon capucinus (Boie, 1827)	SPECIES	11592253	Squamata	Animalia
182133709	5223725	https://www.gbif.org/species/5223725	Heterodon nasicus Baird & Girard, 1852	ACCEPTED	5223725	Heterodon nasicus Baird & Girard, 1852	SPECIES	11592253	Squamata	Animalia
213212464	5224480	https://www.gbif.org/species/5224480	Lampropeltis getula (Blainville, 1835)	DOUBTFUL	5224480	Lampropeltis getula (Blainville, 1835)	SPECIES	11592253	Squamata	Animalia
213212466	5224543	https://www.gbif.org/species/5224543	Lampropeltis triangulum hondurensis Williams, 1978	SYNONYM	9366139	Lampropeltis abnorma (Bocourt, 1886)	SPECIES	11592253	Squamata	Animalia
182133715	5225137	https://www.gbif.org/species/5225137	Chalcides ocellatus (Forskal, 1775)	ACCEPTED	5225137	Chalcides ocellatus (Forskal, 1775)	SPECIES	11592253	Squamata	Animalia
182133718	5225433	https://www.gbif.org/species/5225433	Trachylepis striata (Peters, 1844)	ACCEPTED	5225433	Trachylepis striata (Peters, 1844)	SPECIES	11592253	Squamata	Animalia
182133781	5225659	https://www.gbif.org/species/5225659	Morelia spilota (Lacépède, 1804)	ACCEPTED	5225659	Morelia spilota (Lacépède, 1804)	SPECIES	11592253	Squamata	Animalia
182133795	5226308	https://www.gbif.org/species/5226308	Agama agama (Linnaeus, 1758)	ACCEPTED	5226308	Agama agama (Linnaeus, 1758)	SPECIES	11592253	Squamata	Animalia
159747376	5229072	https://www.gbif.org/species/5229072	Psittacula derbiana (Fraser, 1852)	ACCEPTED	5229072	Psittacula derbiana (Fraser, 1852)	SPECIES	212	Aves	Animalia
310017294	5229131	https://www.gbif.org/species/5229131	Vanellus indicus (Boddaert, 1783)	ACCEPTED	5229131	Vanellus indicus (Boddaert, 1783)	SPECIES	212	Aves	Animalia
152543121	5250090	https://www.gbif.org/species/5250090	Urocystis trollii Nannf.	ACCEPTED	5250090	Urocystis trollii Nannf.	SPECIES	148	Ustilaginomycetes	Fungi
152547227	5274858	https://www.gbif.org/species/5274858	Salvinia natans (L.) All.	ACCEPTED	5274858	Salvinia natans (L.) All.	SPECIES	7228684	Polypodiopsida	Plantae
152547198	5274964	https://www.gbif.org/species/5274964	Polypodium hesperium Maxon	ACCEPTED	5274964	Polypodium hesperium Maxon	SPECIES	7228684	Polypodiopsida	Plantae
310015372	5281739	https://www.gbif.org/species/5281739	Grimmia elatior Bruch ex Bals.-Criv. & De Not.	ACCEPTED	5281739	Grimmia elatior Bruch ex Bals.-Criv. & De Not.	SPECIES	327	Bryopsida	Plantae
152546512	5285053	https://www.gbif.org/species/5285053	Pinus ponderosa Douglas ex C.Lawson	ACCEPTED	5285053	Pinus ponderosa Douglas ex C.Lawson	SPECIES	194	Pinopsida	Plantae
152546872	5289620	https://www.gbif.org/species/5289620	Chloris truncata R.Br.	ACCEPTED	5289620	Chloris truncata R.Br.	SPECIES	196	Liliopsida	Plantae
152546873	5289623	https://www.gbif.org/species/5289623	Chloris pectinata Benth.	ACCEPTED	5289623	Chloris pectinata Benth.	SPECIES	196	Liliopsida	Plantae
152546876	5289629	https://www.gbif.org/species/5289629	Chloris ventricosa R.Br.	ACCEPTED	5289629	Chloris ventricosa R.Br.	SPECIES	196	Liliopsida	Plantae
152546874	5289631	https://www.gbif.org/species/5289631	Chloris divaricata R.Br.	ACCEPTED	5289631	Chloris divaricata R.Br.	SPECIES	196	Liliopsida	Plantae
213212856	5289726	https://www.gbif.org/species/5289726	Cenchrus spinifex Cav.	ACCEPTED	5289726	Cenchrus spinifex Cav.	SPECIES	196	Liliopsida	Plantae
152546828	5289751	https://www.gbif.org/species/5289751	Phalaris coerulescens Desf.	ACCEPTED	5289751	Phalaris coerulescens Desf.	SPECIES	196	Liliopsida	Plantae
152546811	5289762	https://www.gbif.org/species/5289762	Lamarckia aurea (L.) Moench	ACCEPTED	5289762	Lamarckia aurea (L.) Moench	SPECIES	196	Liliopsida	Plantae
152546814	5289763	https://www.gbif.org/species/5289763	Gastridium phleoides (Nees & Meyen) C.E.Hubb.	ACCEPTED	5289763	Gastridium phleoides (Nees & Meyen) C.E.Hubb.	SPECIES	196	Liliopsida	Plantae
152546808	5289781	https://www.gbif.org/species/5289781	Aegilops geniculata Roth	ACCEPTED	5289781	Aegilops geniculata Roth	SPECIES	196	Liliopsida	Plantae
152546806	5289791	https://www.gbif.org/species/5289791	Aegilops ventricosa Tausch	ACCEPTED	5289791	Aegilops ventricosa Tausch	SPECIES	196	Liliopsida	Plantae
152546807	5289793	https://www.gbif.org/species/5289793	Aegilops triuncialis L.	ACCEPTED	5289793	Aegilops triuncialis L.	SPECIES	196	Liliopsida	Plantae
152546803	5289814	https://www.gbif.org/species/5289814	Eustachys neglecta (Nash) Nash	ACCEPTED	5289814	Eustachys neglecta (Nash) Nash	SPECIES	196	Liliopsida	Plantae
152546804	5289819	https://www.gbif.org/species/5289819	Eustachys retusa (Lag.) Kunth	ACCEPTED	5289819	Eustachys retusa (Lag.) Kunth	SPECIES	196	Liliopsida	Plantae
152546869	5289831	https://www.gbif.org/species/5289831	Nassella neesiana (Trin. & Rupr.) Barkworth	ACCEPTED	5289831	Nassella neesiana (Trin. & Rupr.) Barkworth	SPECIES	196	Liliopsida	Plantae
152546867	5289836	https://www.gbif.org/species/5289836	Nassella formicarum (Delile) Barkworth	ACCEPTED	5289836	Nassella formicarum (Delile) Barkworth	SPECIES	196	Liliopsida	Plantae
152546861	5289911	https://www.gbif.org/species/5289911	Polypogon elongatus Kunth	ACCEPTED	5289911	Polypogon elongatus Kunth	SPECIES	196	Liliopsida	Plantae
152546928	5289957	https://www.gbif.org/species/5289957	Digitaria brownii (Roem. & Schult.) Hughes	ACCEPTED	5289957	Digitaria brownii (Roem. & Schult.) Hughes	SPECIES	196	Liliopsida	Plantae
152546848	5290129	https://www.gbif.org/species/5290129	Tragus berteronianus Schult.	ACCEPTED	5290129	Tragus berteronianus Schult.	SPECIES	196	Liliopsida	Plantae
152546846	5290130	https://www.gbif.org/species/5290130	Tragus australianus S.T.Blake	ACCEPTED	5290130	Tragus australianus S.T.Blake	SPECIES	196	Liliopsida	Plantae
310016254	5290161	https://www.gbif.org/species/5290161	Phyllostachys aureosulcata McClure	ACCEPTED	5290161	Phyllostachys aureosulcata McClure	SPECIES	196	Liliopsida	Plantae
310015562	5330496	https://www.gbif.org/species/5330496	Arum concinnatum Schott	ACCEPTED	5330496	Arum concinnatum Schott	SPECIES	196	Liliopsida	Plantae
152546189	5331404	https://www.gbif.org/species/5331404	Echinocystis lobata (Michx.) Torr. & A.Gray	ACCEPTED	5331404	Echinocystis lobata (Michx.) Torr. & A.Gray	SPECIES	220	Magnoliopsida	Plantae
152546111	5334386	https://www.gbif.org/species/5334386	Polygonum achoreum S.F.Blake	ACCEPTED	5334386	Polygonum achoreum S.F.Blake	SPECIES	220	Magnoliopsida	Plantae
152546112	5334439	https://www.gbif.org/species/5334439	Polygonum patulum M.Bieb.	ACCEPTED	5334439	Polygonum patulum M.Bieb.	SPECIES	220	Magnoliopsida	Plantae
152545253	5336632	https://www.gbif.org/species/5336632	Crucianella angustifolia L.	ACCEPTED	5336632	Crucianella angustifolia L.	SPECIES	220	Magnoliopsida	Plantae
213215482	5341447	https://www.gbif.org/species/5341447	Thymus pannonicus All.	ACCEPTED	5341447	Thymus pannonicus All.	SPECIES	220	Magnoliopsida	Plantae
152545717	5341498	https://www.gbif.org/species/5341498	Nepeta grandiflora M.Bieb.	ACCEPTED	5341498	Nepeta grandiflora M.Bieb.	SPECIES	220	Magnoliopsida	Plantae
152544954	5341768	https://www.gbif.org/species/5341768	Physalis cinerascens (Dunal) Hitchc.	ACCEPTED	5341768	Physalis cinerascens (Dunal) Hitchc.	SPECIES	220	Magnoliopsida	Plantae
152545138	5342618	https://www.gbif.org/species/5342618	Astragalus onobrychis L.	ACCEPTED	5342618	Astragalus onobrychis L.	SPECIES	220	Magnoliopsida	Plantae
152545137	5342681	https://www.gbif.org/species/5342681	Astragalus hamosus L.	ACCEPTED	5342681	Astragalus hamosus L.	SPECIES	220	Magnoliopsida	Plantae
152545134	5344424	https://www.gbif.org/species/5344424	Astragalus cymbicarpos Brot.	ACCEPTED	5344424	Astragalus cymbicarpos Brot.	SPECIES	220	Magnoliopsida	Plantae
152545133	5344663	https://www.gbif.org/species/5344663	Astragalus boeticus L.	ACCEPTED	5344663	Astragalus boeticus L.	SPECIES	220	Magnoliopsida	Plantae
152545132	5345210	https://www.gbif.org/species/5345210	Astragalus stella L.	ACCEPTED	5345210	Astragalus stella L.	SPECIES	220	Magnoliopsida	Plantae
152545131	5345430	https://www.gbif.org/species/5345430	Astragalus oxyglottis Steven ex M.Bieb.	ACCEPTED	5345430	Astragalus oxyglottis Steven ex M.Bieb.	SPECIES	220	Magnoliopsida	Plantae
213213860	5349991	https://www.gbif.org/species/5349991	Coronilla securidaca L.	ACCEPTED	5349991	Coronilla securidaca L.	SPECIES	220	Magnoliopsida	Plantae
213213877	5354675	https://www.gbif.org/species/5354675	Chamaecytisus elongatus (Waldst. & Kit.) Link	ACCEPTED	5354675	Chamaecytisus elongatus (Waldst. & Kit.) Link	SPECIES	220	Magnoliopsida	Plantae
182134200	5354799	https://www.gbif.org/species/5354799	Lotus hirsutus L.	ACCEPTED	5354799	Lotus hirsutus L.	SPECIES	220	Magnoliopsida	Plantae
152545029	5356407	https://www.gbif.org/species/5356407	Lathyrus clymenum L.	ACCEPTED	5356407	Lathyrus clymenum L.	SPECIES	220	Magnoliopsida	Plantae
152545028	5356429	https://www.gbif.org/species/5356429	Lathyrus angulatus L.	ACCEPTED	5356429	Lathyrus angulatus L.	SPECIES	220	Magnoliopsida	Plantae
152545030	5356441	https://www.gbif.org/species/5356441	Lathyrus ochrus (L.) DC.	ACCEPTED	5356441	Lathyrus ochrus (L.) DC.	SPECIES	220	Magnoliopsida	Plantae
152545136	5356481	https://www.gbif.org/species/5356481	Lathyrus cicera L.	ACCEPTED	5356481	Lathyrus cicera L.	SPECIES	220	Magnoliopsida	Plantae
152545033	5356614	https://www.gbif.org/species/5356614	Lathyrus inconspicuus L.	ACCEPTED	5356614	Lathyrus inconspicuus L.	SPECIES	220	Magnoliopsida	Plantae
152545035	5356680	https://www.gbif.org/species/5356680	Lathyrus sphaericus Retz.	ACCEPTED	5356680	Lathyrus sphaericus Retz.	SPECIES	220	Magnoliopsida	Plantae
152545049	5356971	https://www.gbif.org/species/5356971	Lotus conimbricensis Brot.	ACCEPTED	5356971	Lotus conimbricensis Brot.	SPECIES	220	Magnoliopsida	Plantae
152545083	5358301	https://www.gbif.org/species/5358301	Scorpiurus vermiculatus L.	ACCEPTED	5358301	Scorpiurus vermiculatus L.	SPECIES	220	Magnoliopsida	Plantae
152545060	5359118	https://www.gbif.org/species/5359118	Trifolium retusum L.	ACCEPTED	5359118	Trifolium retusum L.	SPECIES	220	Magnoliopsida	Plantae
152545070	5359263	https://www.gbif.org/species/5359263	Trifolium spumosum L.	ACCEPTED	5359263	Trifolium spumosum L.	SPECIES	220	Magnoliopsida	Plantae
213213843	5360221	https://www.gbif.org/species/5360221	Thermopsis montana Torr. & A.Gray	DOUBTFUL	5360221	Thermopsis montana Torr. & A.Gray	SPECIES	220	Magnoliopsida	Plantae
152545127	5360415	https://www.gbif.org/species/5360415	Trigonella calliceras Fisch.	DOUBTFUL	5360415	Trigonella calliceras Fisch.	SPECIES	220	Magnoliopsida	Plantae
152545128	5360417	https://www.gbif.org/species/5360417	Trigonella stellata Forssk.	ACCEPTED	5360417	Trigonella stellata Forssk.	SPECIES	220	Magnoliopsida	Plantae
152545120	5360451	https://www.gbif.org/species/5360451	Trigonella esculenta Willd.	ACCEPTED	5360451	Trigonella esculenta Willd.	SPECIES	220	Magnoliopsida	Plantae
152545123	5360465	https://www.gbif.org/species/5360465	Trigonella arabica Delile	ACCEPTED	5360465	Trigonella arabica Delile	SPECIES	220	Magnoliopsida	Plantae
152545124	5360508	https://www.gbif.org/species/5360508	Trigonella maritima Delile ex Poir.	DOUBTFUL	5360508	Trigonella maritima Delile ex Poir.	SPECIES	220	Magnoliopsida	Plantae
152545126	5360523	https://www.gbif.org/species/5360523	Trigonella spinosa L.	ACCEPTED	5360523	Trigonella spinosa L.	SPECIES	220	Magnoliopsida	Plantae
213215744	5365494	https://www.gbif.org/species/5365494	Potentilla argyrophylla var. atrosanguinea (G.Lodd. ex D.Don) Hook.fil.	ACCEPTED	5365494	Potentilla argyrophylla var. atrosanguinea (G.Lodd. ex D.Don) Hook.fil.	VARIETY	220	Magnoliopsida	Plantae
152544797	5370043	https://www.gbif.org/species/5370043	Geum quellyon Sweet	ACCEPTED	5370043	Geum quellyon Sweet	SPECIES	220	Magnoliopsida	Plantae
152544757	5372457	https://www.gbif.org/species/5372457	Paliurus spina-christi Mill.	ACCEPTED	5372457	Paliurus spina-christi Mill.	SPECIES	220	Magnoliopsida	Plantae
152546466	5372854	https://www.gbif.org/species/5372854	Salix nigra Marshall	ACCEPTED	5372854	Salix nigra Marshall	SPECIES	220	Magnoliopsida	Plantae
152545333	5374933	https://www.gbif.org/species/5374933	Arabis planisiliqua (Pers.) Rchb.	ACCEPTED	5374933	Arabis planisiliqua (Pers.) Rchb.	SPECIES	220	Magnoliopsida	Plantae
152545332	5374998	https://www.gbif.org/species/5374998	Arabis collina Ten.	ACCEPTED	5374998	Arabis collina Ten.	SPECIES	220	Magnoliopsida	Plantae
152545334	5375105	https://www.gbif.org/species/5375105	Arabis auriculata Lam.	ACCEPTED	5375105	Arabis auriculata Lam.	SPECIES	220	Magnoliopsida	Plantae
152545372	5375285	https://www.gbif.org/species/5375285	Carrichtera annua (L.) DC.	ACCEPTED	5375285	Carrichtera annua (L.) DC.	SPECIES	220	Magnoliopsida	Plantae
152545370	5375555	https://www.gbif.org/species/5375555	Erucastrum nasturtiifolium (Poir.) O.E.Schulz	ACCEPTED	5375555	Erucastrum nasturtiifolium (Poir.) O.E.Schulz	SPECIES	220	Magnoliopsida	Plantae
152545353	5376481	https://www.gbif.org/species/5376481	Lepidium schinzii Thell.	ACCEPTED	5376481	Lepidium schinzii Thell.	SPECIES	220	Magnoliopsida	Plantae
152545363	5376494	https://www.gbif.org/species/5376494	Lepidium desertorum Eckl. & Zeyh.	ACCEPTED	5376494	Lepidium desertorum Eckl. & Zeyh.	SPECIES	220	Magnoliopsida	Plantae
152545362	5376530	https://www.gbif.org/species/5376530	Lepidium africanum (Burm.f.) DC.	ACCEPTED	5376530	Lepidium africanum (Burm.f.) DC.	SPECIES	220	Magnoliopsida	Plantae
152545366	5376785	https://www.gbif.org/species/5376785	Lepidium fasciculatum Thell.	ACCEPTED	5376785	Lepidium fasciculatum Thell.	SPECIES	220	Magnoliopsida	Plantae
152545357	5376874	https://www.gbif.org/species/5376874	Lepidium hirtum (L.) Sm.	ACCEPTED	5376874	Lepidium hirtum (L.) Sm.	SPECIES	220	Magnoliopsida	Plantae
152545354	5376994	https://www.gbif.org/species/5376994	Lepidium graminifolium L.	ACCEPTED	5376994	Lepidium graminifolium L.	SPECIES	220	Magnoliopsida	Plantae
152545381	5377196	https://www.gbif.org/species/5377196	Iberis odorata L.	ACCEPTED	5377196	Iberis odorata L.	SPECIES	220	Magnoliopsida	Plantae
152545344	5377678	https://www.gbif.org/species/5377678	Erucaria hispanica (L.) Druce	ACCEPTED	5377678	Erucaria hispanica (L.) Druce	SPECIES	220	Magnoliopsida	Plantae
152546457	5381097	https://www.gbif.org/species/5381097	Phyllanthus tenellus Roxb.	ACCEPTED	5381097	Phyllanthus tenellus Roxb.	SPECIES	220	Magnoliopsida	Plantae
152545921	5383909	https://www.gbif.org/species/5383909	Bassia hyssopifolia (Pall.) Kuntze	ACCEPTED	5383909	Bassia hyssopifolia (Pall.) Kuntze	SPECIES	220	Magnoliopsida	Plantae
152545925	5383926	https://www.gbif.org/species/5383926	Beta trigyna Waldst. & Kit.	ACCEPTED	5383926	Beta trigyna Waldst. & Kit.	SPECIES	220	Magnoliopsida	Plantae
152545956	5384332	https://www.gbif.org/species/5384332	Amaranthus muricatus (Gillies ex Moq.) Hieron.	ACCEPTED	5384332	Amaranthus muricatus (Gillies ex Moq.) Hieron.	SPECIES	220	Magnoliopsida	Plantae
152545958	5384341	https://www.gbif.org/species/5384341	Amaranthus crispus (Lesp. & Thévenau) N.Terracc.	ACCEPTED	5384341	Amaranthus crispus (Lesp. & Thévenau) N.Terracc.	SPECIES	220	Magnoliopsida	Plantae
152545957	5384342	https://www.gbif.org/species/5384342	Amaranthus polygonoides L.	ACCEPTED	5384342	Amaranthus polygonoides L.	SPECIES	220	Magnoliopsida	Plantae
152545949	5384370	https://www.gbif.org/species/5384370	Amaranthus scleropoides Uline & W.L.Bray	ACCEPTED	5384370	Amaranthus scleropoides Uline & W.L.Bray	SPECIES	220	Magnoliopsida	Plantae
152545951	5384383	https://www.gbif.org/species/5384383	Amaranthus thunbergii Moq.	ACCEPTED	5384383	Amaranthus thunbergii Moq.	SPECIES	220	Magnoliopsida	Plantae
152546037	5384459	https://www.gbif.org/species/5384459	Gypsophila pilosa Huds.	ACCEPTED	5384459	Gypsophila pilosa Huds.	SPECIES	220	Magnoliopsida	Plantae
152546040	5384465	https://www.gbif.org/species/5384465	Gypsophila scorzonerifolia Ser.	ACCEPTED	5384465	Gypsophila scorzonerifolia Ser.	SPECIES	220	Magnoliopsida	Plantae
213215000	5384782	https://www.gbif.org/species/5384782	Silene csereii Baumg.	ACCEPTED	5384782	Silene csereii Baumg.	SPECIES	220	Magnoliopsida	Plantae
182135021	5384889	https://www.gbif.org/species/5384889	Abronia fragrans Nutt. ex Hook.	ACCEPTED	5384889	Abronia fragrans Nutt. ex Hook.	SPECIES	220	Magnoliopsida	Plantae
152543611	5386028	https://www.gbif.org/species/5386028	Cyanus triumfettii (All.) Dostál ex Á.Löve & D.Löve	SYNONYM	7338495	Centaurea triumfettii subsp. triumfettii	SUBSPECIES	220	Magnoliopsida	Plantae
152544421	5386764	https://www.gbif.org/species/5386764	Acmella oleracea (L.) R.K.Jansen	ACCEPTED	5386764	Acmella oleracea (L.) R.K.Jansen	SPECIES	220	Magnoliopsida	Plantae
213215159	5387537	https://www.gbif.org/species/5387537	Aster indamellus Grierson	ACCEPTED	5387537	Aster indamellus Grierson	SPECIES	220	Magnoliopsida	Plantae
152543803	5393689	https://www.gbif.org/species/5393689	Asteriscus aquaticus (L.) Less.	ACCEPTED	5393689	Asteriscus aquaticus (L.) Less.	SPECIES	220	Magnoliopsida	Plantae
152543823	5399550	https://www.gbif.org/species/5399550	Rhagadiolus stellatus (L.) Gaertn.	ACCEPTED	5399550	Rhagadiolus stellatus (L.) Gaertn.	SPECIES	220	Magnoliopsida	Plantae
152543776	5401239	https://www.gbif.org/species/5401239	Felicia tenella (L.) Nees	ACCEPTED	5401239	Felicia tenella (L.) Nees	SPECIES	220	Magnoliopsida	Plantae
152543779	5401508	https://www.gbif.org/species/5401508	Emilia fosbergii Nicolson	ACCEPTED	5401508	Emilia fosbergii Nicolson	SPECIES	220	Magnoliopsida	Plantae
152543796	5402627	https://www.gbif.org/species/5402627	Iva annua L.	ACCEPTED	5402627	Iva annua L.	SPECIES	220	Magnoliopsida	Plantae
152543800	5402874	https://www.gbif.org/species/5402874	Eupatorium perfoliatum L.	ACCEPTED	5402874	Eupatorium perfoliatum L.	SPECIES	220	Magnoliopsida	Plantae
152543772	5403742	https://www.gbif.org/species/5403742	Scolymus hispanicus L.	ACCEPTED	5403742	Scolymus hispanicus L.	SPECIES	220	Magnoliopsida	Plantae
152543587	5408775	https://www.gbif.org/species/5408775	Lobelia sessilifolia Lamb.	ACCEPTED	5408775	Lobelia sessilifolia Lamb.	SPECIES	220	Magnoliopsida	Plantae
310016975	5414248	https://www.gbif.org/species/5414248	Ilex opaca Aiton	ACCEPTED	5414248	Ilex opaca Aiton	SPECIES	220	Magnoliopsida	Plantae
213215544	5415006	https://www.gbif.org/species/5415006	Linaria bipartita (Vent.) Willd.	ACCEPTED	5415006	Linaria bipartita (Vent.) Willd.	SPECIES	220	Magnoliopsida	Plantae
152545654	5415013	https://www.gbif.org/species/5415013	Linaria genistifolia (L.) Mill.	ACCEPTED	5415013	Linaria genistifolia (L.) Mill.	SPECIES	220	Magnoliopsida	Plantae
152545655	5415014	https://www.gbif.org/species/5415014	Linaria angustissima (Loisel.) Borbás	ACCEPTED	5415014	Linaria angustissima (Loisel.) Borbás	SPECIES	220	Magnoliopsida	Plantae
152545652	5415018	https://www.gbif.org/species/5415018	Linaria incarnata (Vent.) Spreng.	ACCEPTED	5415018	Linaria incarnata (Vent.) Spreng.	SPECIES	220	Magnoliopsida	Plantae
152545598	5415100	https://www.gbif.org/species/5415100	Proboscidea louisianica (Mill.) Thell.	ACCEPTED	5415100	Proboscidea louisianica (Mill.) Thell.	SPECIES	220	Magnoliopsida	Plantae
310015214	5422479	https://www.gbif.org/species/5422479	Laminaria digitata (Huds.) J.V.Lamour.	ACCEPTED	5422479	Laminaria digitata (Huds.) J.V.Lamour.	SPECIES	7073593	Phaeophyceae	Chromista
213215309	5539680	https://www.gbif.org/species/5539680	Pimpinella aromatica M.Bieb.	ACCEPTED	5539680	Pimpinella aromatica M.Bieb.	SPECIES	220	Magnoliopsida	Plantae
152543418	5544928	https://www.gbif.org/species/5544928	Clarkia purpurea subsp. quadrivulnera (Douglas) F.H.Lewis & M.E.Lewis	ACCEPTED	5544928	Clarkia purpurea subsp. quadrivulnera (Douglas) F.H.Lewis & M.E.Lewis	SUBSPECIES	220	Magnoliopsida	Plantae
152545946	5547989	https://www.gbif.org/species/5547989	Amaranthus clementii Domin	ACCEPTED	5547989	Amaranthus clementii Domin	SPECIES	220	Magnoliopsida	Plantae
152545945	5548011	https://www.gbif.org/species/5548011	Amaranthus capensis subsp. uncinatus (Thell.) Brenan	ACCEPTED	5548011	Amaranthus capensis subsp. uncinatus (Thell.) Brenan	SUBSPECIES	220	Magnoliopsida	Plantae
213215422	5549698	https://www.gbif.org/species/5549698	Syringa josikaea J.Jacquin	DOUBTFUL	5549698	Syringa josikaea J.Jacquin	SPECIES	220	Magnoliopsida	Plantae
213215556	5559825	https://www.gbif.org/species/5559825	Cymbalaria pubescens (C.Presl) Cufod.	ACCEPTED	5559825	Cymbalaria pubescens (C.Presl) Cufod.	SPECIES	220	Magnoliopsida	Plantae
152545914	5568361	https://www.gbif.org/species/5568361	Dysphania multifida (L.) Mosyakin & Clemants	ACCEPTED	5568361	Dysphania multifida (L.) Mosyakin & Clemants	SPECIES	220	Magnoliopsida	Plantae
213213519	5581279	https://www.gbif.org/species/5581279	Physalis longifolia var. subglabrata (Mack. & Bush) Cronquist	ACCEPTED	5581279	Physalis longifolia var. subglabrata (Mack. & Bush) Cronquist	VARIETY	220	Magnoliopsida	Plantae
213214763	5583195	https://www.gbif.org/species/5583195	Salix dolichostachya Flod.	ACCEPTED	5583195	Salix dolichostachya Flod.	SPECIES	220	Magnoliopsida	Plantae
152546041	5585762	https://www.gbif.org/species/5585762	Gypsophila viscosa Murray	ACCEPTED	5585762	Gypsophila viscosa Murray	SPECIES	220	Magnoliopsida	Plantae
213214999	5586656	https://www.gbif.org/species/5586656	Silene linicola C.C.Gmel.	ACCEPTED	5586656	Silene linicola C.C.Gmel.	SPECIES	220	Magnoliopsida	Plantae
152545704	5605751	https://www.gbif.org/species/5605751	Lycopus exaltatus L.f.	ACCEPTED	5605751	Lycopus exaltatus L.f.	SPECIES	220	Magnoliopsida	Plantae
152545706	5608183	https://www.gbif.org/species/5608183	Lallemantia iberica (M.Bieb.) Fisch. & C.A.Mey.	ACCEPTED	5608183	Lallemantia iberica (M.Bieb.) Fisch. & C.A.Mey.	SPECIES	220	Magnoliopsida	Plantae
152545883	5621983	https://www.gbif.org/species/5621983	Echinopsis silvestrii Speg.	SYNONYM	7282357	Echinopsis albispinosa K.Schum.	SPECIES	220	Magnoliopsida	Plantae
182134198	5632022	https://www.gbif.org/species/5632022	Lotus dorycnium L.	ACCEPTED	5632022	Lotus dorycnium L.	SPECIES	220	Magnoliopsida	Plantae
152545119	5632334	https://www.gbif.org/species/5632334	Trigonella hierosolymitana Boiss.	ACCEPTED	5632334	Trigonella hierosolymitana Boiss.	SPECIES	220	Magnoliopsida	Plantae
152546420	5646136	https://www.gbif.org/species/5646136	Elatine alsinastrum L.	ACCEPTED	5646136	Elatine alsinastrum L.	SPECIES	220	Magnoliopsida	Plantae
152545829	5659657	https://www.gbif.org/species/5659657	Gilia capitata subsp. mediomontana V.E.Grant	ACCEPTED	5659657	Gilia capitata subsp. mediomontana V.E.Grant	SUBSPECIES	220	Magnoliopsida	Plantae
152545494	5662089	https://www.gbif.org/species/5662089	Anchusa ochroleuca M.Bieb.	ACCEPTED	5662089	Anchusa ochroleuca M.Bieb.	SPECIES	220	Magnoliopsida	Plantae
152546865	5674047	https://www.gbif.org/species/5674047	Nassella hyalina (Nees) Barkworth	ACCEPTED	5674047	Nassella hyalina (Nees) Barkworth	SPECIES	196	Liliopsida	Plantae
152546866	5674110	https://www.gbif.org/species/5674110	Nassella filiculmis (Delile) Barkworth	ACCEPTED	5674110	Nassella filiculmis (Delile) Barkworth	SPECIES	196	Liliopsida	Plantae
152546832	5674218	https://www.gbif.org/species/5674218	Setaria dielsii R.A.W.Herrm.	ACCEPTED	5674218	Setaria dielsii R.A.W.Herrm.	SPECIES	196	Liliopsida	Plantae
213212789	5674825	https://www.gbif.org/species/5674825	Cynodon incompletus Nees	ACCEPTED	5674825	Cynodon incompletus Nees	SPECIES	196	Liliopsida	Plantae
152546796	5674888	https://www.gbif.org/species/5674888	Schmidtia kalahariensis Stent	ACCEPTED	5674888	Schmidtia kalahariensis Stent	SPECIES	196	Liliopsida	Plantae
152546845	5674919	https://www.gbif.org/species/5674919	Tragus koelerioides Asch.	ACCEPTED	5674919	Tragus koelerioides Asch.	SPECIES	196	Liliopsida	Plantae
152546798	5677636	https://www.gbif.org/species/5677636	Cynodon convergens F.Muell.	ACCEPTED	5677636	Cynodon convergens F.Muell.	SPECIES	196	Liliopsida	Plantae
152546790	5679692	https://www.gbif.org/species/5679692	Enteropogon acicularis (Lindl.) Lazarides	ACCEPTED	5679692	Enteropogon acicularis (Lindl.) Lazarides	SPECIES	196	Liliopsida	Plantae
152546856	5679952	https://www.gbif.org/species/5679952	Polypogon chilensis (Kunth) Pilg.	ACCEPTED	5679952	Polypogon chilensis (Kunth) Pilg.	SPECIES	196	Liliopsida	Plantae
213213669	5688347	https://www.gbif.org/species/5688347	Sedum sediforme (Jacq.) Pau	SYNONYM	11206887	Petrosedum sediforme subsp. sediforme	SUBSPECIES	220	Magnoliopsida	Plantae
152543786	5704991	https://www.gbif.org/species/5704991	Helenium ×clementii Verloove & Lambinon	ACCEPTED	5704991	Helenium ×clementii Verloove & Lambinon	SPECIES	220	Magnoliopsida	Plantae
310016141	5716906	https://www.gbif.org/species/5716906	Zeuxo holdichi Bamber, 1990	ACCEPTED	5716906	Zeuxo holdichi Bamber, 1990	SPECIES	229	Malacostraca	Animalia
310016305	5729351	https://www.gbif.org/species/5729351	Bucardium ringens (Bruguière, 1789)	ACCEPTED	5729351	Bucardium ringens (Bruguière, 1789)	SPECIES	137	Bivalvia	Animalia
213213014	5739284	https://www.gbif.org/species/5739284	Porphyrio poliocephalus (Latham, 1801)	HOMOTYPIC_SYNONYM	6176735	Porphyrio porphyrio poliocephalus (Latham, 1802)	SUBSPECIES	212	Aves	Animalia
310015749	5752145	https://www.gbif.org/species/5752145	Bruchus brachialis Fåhraeus, 1839	ACCEPTED	5752145	Bruchus brachialis Fåhraeus, 1839	SPECIES	216	Insecta	Animalia
310016639	5788062	https://www.gbif.org/species/5788062	Babka gymnotrachelus (Kessler, 1857)	ACCEPTED	5788062	Babka gymnotrachelus (Kessler, 1857)	SPECIES			Animalia
159747121	5788513	https://www.gbif.org/species/5788513	Spizaetus melanoleucus (Vieillot, 1816)	ACCEPTED	5788513	Spizaetus melanoleucus (Vieillot, 1816)	SPECIES	212	Aves	Animalia
213213497	5795017	https://www.gbif.org/species/5795017	Ferussacia folliculum (Schröter, 1784)	ACCEPTED	5795017	Ferussacia folliculum (Schröter, 1784)	SPECIES	225	Gastropoda	Animalia
152544614	5831906	https://www.gbif.org/species/5831906	Bupleurum gerardi All.	ACCEPTED	5831906	Bupleurum gerardi All.	SPECIES	220	Magnoliopsida	Plantae
159747243	5845390	https://www.gbif.org/species/5845390	Gracupica nigricollis (Paykull, 1807)	ACCEPTED	5845390	Gracupica nigricollis (Paykull, 1807)	SPECIES	212	Aves	Animalia
310015165	5855054	https://www.gbif.org/species/5855054	Cephalothrix simula (Iwata, 1952)	ACCEPTED	5855054	Cephalothrix simula (Iwata, 1952)	SPECIES	7194193	Palaeonemertea	Animalia
213214486	5928306	https://www.gbif.org/species/5928306	Lepidium draba subsp. chalepense (L.) Thell.	ACCEPTED	5928306	Lepidium draba subsp. chalepense (L.) Thell.	SUBSPECIES	220	Magnoliopsida	Plantae
213213885	5928735	https://www.gbif.org/species/5928735	Sulla coronaria (L.) B.H.Choi & H.Ohashi	ACCEPTED	5928735	Sulla coronaria (L.) B.H.Choi & H.Ohashi	SPECIES	220	Magnoliopsida	Plantae
159747363	5959227	https://www.gbif.org/species/5959227	Ara macao (Linnaeus, 1758)	ACCEPTED	5959227	Ara macao (Linnaeus, 1758)	SPECIES	212	Aves	Animalia
152544617	6026972	https://www.gbif.org/species/6026972	Bupleurum praealtum L.	ACCEPTED	6026972	Bupleurum praealtum L.	SPECIES	220	Magnoliopsida	Plantae
152544549	6027313	https://www.gbif.org/species/6027313	Daucus glochidiatus (Labill.) Fisch., C.A.Mey. & Avé-Lall.	ACCEPTED	6027313	Daucus glochidiatus (Labill.) Fisch., C.A.Mey. & Avé-Lall.	SPECIES	220	Magnoliopsida	Plantae
152545980	6035549	https://www.gbif.org/species/6035549	Chenopodium striatiforme Murr	ACCEPTED	6035549	Chenopodium striatiforme Murr	SPECIES	220	Magnoliopsida	Plantae
213215184	6076279	https://www.gbif.org/species/6076279	Centaurea diluta subsp. algeriensis (Coss. & Durieu) Maire	ACCEPTED	6076279	Centaurea diluta subsp. algeriensis (Coss. & Durieu) Maire	SUBSPECIES	220	Magnoliopsida	Plantae
310017137	6100888	https://www.gbif.org/species/6100888	Geokichla sibirica (Pallas, 1776)	ACCEPTED	6100888	Geokichla sibirica (Pallas, 1776)	SPECIES	212	Aves	Animalia
182133220	6101215	https://www.gbif.org/species/6101215	Leptoptilos crumenifer (Linnaeus, 1758)	DOUBTFUL	6101215	Leptoptilos crumenifer (Linnaeus, 1758)	SPECIES	212	Aves	Animalia
310016377	6126571	https://www.gbif.org/species/6126571	Haloa japonica (Pilsbry, 1895)	ACCEPTED	6126571	Haloa japonica (Pilsbry, 1895)	SPECIES	225	Gastropoda	Animalia
152544011	6128436	https://www.gbif.org/species/6128436	Amphibalanus reticulatus (Utinomi, 1967)	ACCEPTED	6128436	Amphibalanus reticulatus (Utinomi, 1967)	SPECIES	203	Maxillopoda	Animalia
152543132	6157050	https://www.gbif.org/species/6157050	Graptemys pseudogeographica kohnii (Baur, 1890)	ACCEPTED	6157050	Graptemys pseudogeographica kohnii (Baur, 1890)	SUBSPECIES	11418114	Testudines	Animalia
213212495	6159238	https://www.gbif.org/species/6159238	Lacerta strigata Eichwald, 1831	ACCEPTED	6159238	Lacerta strigata Eichwald, 1831	SPECIES	11592253	Squamata	Animalia
213215199	6300531	https://www.gbif.org/species/6300531	Petasites japonicus subsp. japonicus	ACCEPTED	6300531	Petasites japonicus subsp. japonicus	SUBSPECIES	220	Magnoliopsida	Plantae
213215190	6302047	https://www.gbif.org/species/6302047	Kalimeris incisa subsp. incisa	ACCEPTED	6302047	Kalimeris incisa subsp. incisa	SUBSPECIES	220	Magnoliopsida	Plantae
152544565	6308164	https://www.gbif.org/species/6308164	Scandix australis subsp. grandiflora (L.) Thell.	ACCEPTED	6308164	Scandix australis subsp. grandiflora (L.) Thell.	SUBSPECIES	220	Magnoliopsida	Plantae
213212959	6313049	https://www.gbif.org/species/6313049	Triticum turgidum subsp. polonicum (L.) Thell.	ACCEPTED	6313049	Triticum turgidum subsp. polonicum (L.) Thell.	SUBSPECIES	196	Liliopsida	Plantae
152545235	6366597	https://www.gbif.org/species/6366597	Gentiana acaulis L.	ACCEPTED	6366597	Gentiana acaulis L.	SPECIES	220	Magnoliopsida	Plantae
213213515	6402873	https://www.gbif.org/species/6402873	Physalis ixocarpa Brot. ex Hornem.	HETEROTYPIC_SYNONYM	5581168	Physalis philadelphica subsp. ixocarpa (Brot. ex Hornem.) Sobr.-Vesp. & Sanz-Elorza	SUBSPECIES	220	Magnoliopsida	Plantae
213213461	6427623	https://www.gbif.org/species/6427623	Oenothera villosa subsp. villosa	ACCEPTED	6427623	Oenothera villosa subsp. villosa	SUBSPECIES	220	Magnoliopsida	Plantae
152547112	6431764	https://www.gbif.org/species/6431764	Aristida longespica Poir.	ACCEPTED	6431764	Aristida longespica Poir.	SPECIES	196	Liliopsida	Plantae
152545962	6447496	https://www.gbif.org/species/6447496	Atriplex leptocarpa F.Muell.	ACCEPTED	6447496	Atriplex leptocarpa F.Muell.	SPECIES	220	Magnoliopsida	Plantae
310016165	6461590	https://www.gbif.org/species/6461590	Ptilohyale littoralis (Stimpson, 1853)	ACCEPTED	6461590	Ptilohyale littoralis (Stimpson, 1853)	SPECIES	229	Malacostraca	Animalia
213213344	6476579	https://www.gbif.org/species/6476579	Dolichoplana signata Graff, 1899	SYNONYM	9085904	Anisorhynchodemus signata (Graff, 1899)	SPECIES			Animalia
310017555	6479063	https://www.gbif.org/species/6479063	Prosthiostomum wagurensis Kato, 1944	ACCEPTED	6479063	Prosthiostomum wagurensis Kato, 1944	SPECIES	341	Turbellaria	Animalia
159747368	6559940	https://www.gbif.org/species/6559940	Helictochloa bromoides (Gouan) Romero Zarco	ACCEPTED	6559940	Helictochloa bromoides (Gouan) Romero Zarco	SPECIES	196	Liliopsida	Plantae
152546942	6710856	https://www.gbif.org/species/6710856	Austrostipa scabra subsp. scabra	ACCEPTED	6710856	Austrostipa scabra subsp. scabra	SUBSPECIES	196	Liliopsida	Plantae
213214803	6913500	https://www.gbif.org/species/6913500	Eriophyes alniincanae Nalepa, 1919	ACCEPTED	6913500	Eriophyes alniincanae Nalepa, 1919	SPECIES	367	Arachnida	Animalia
152544386	6931186	https://www.gbif.org/species/6931186	Nicoletia phytophila Gervais, 1844	ACCEPTED	6931186	Nicoletia phytophila Gervais, 1844	SPECIES	216	Insecta	Animalia
152543712	7009279	https://www.gbif.org/species/7009279	Laonome calida Capa, 2007	ACCEPTED	7009279	Laonome calida Capa, 2007	SPECIES	256	Polychaeta	Animalia
152543660	7066596	https://www.gbif.org/species/7066596	Zinnia angustifolia var. angustifolia	ACCEPTED	7066596	Zinnia angustifolia var. angustifolia	VARIETY	220	Magnoliopsida	Plantae
213214756	7104074	https://www.gbif.org/species/7104074	Salix lapponum L.	ACCEPTED	7104074	Salix lapponum L.	SPECIES	220	Magnoliopsida	Plantae
152544039	7222196	https://www.gbif.org/species/7222196	Achillea salicifolia subsp. salicifolia	ACCEPTED	7222196	Achillea salicifolia subsp. salicifolia	SUBSPECIES	220	Magnoliopsida	Plantae
213215071	7223177	https://www.gbif.org/species/7223177	Crepis sancta subsp. sancta	ACCEPTED	7223177	Crepis sancta subsp. sancta	SUBSPECIES	220	Magnoliopsida	Plantae
152545828	7223680	https://www.gbif.org/species/7223680	Gilia capitata subsp. capitata	ACCEPTED	7223680	Gilia capitata subsp. capitata	SUBSPECIES	220	Magnoliopsida	Plantae
213215279	7224069	https://www.gbif.org/species/7224069	Petroselinum crispum subsp. crispum	ACCEPTED	7224069	Petroselinum crispum subsp. crispum	SUBSPECIES	220	Magnoliopsida	Plantae
213213583	7225712	https://www.gbif.org/species/7225712	Calystegia silvatica subsp. silvatica	ACCEPTED	7225712	Calystegia silvatica subsp. silvatica	SUBSPECIES	220	Magnoliopsida	Plantae
152543162	7239373	https://www.gbif.org/species/7239373	Uromyces veratri (DC.) J.Schröt.	ACCEPTED	7239373	Uromyces veratri (DC.) J.Schröt.	SPECIES	270	Pucciniomycetes	Fungi
213212211	7261816	https://www.gbif.org/species/7261816	Eptesicus nilssonii (Keyserling & Blasius, 1839)	ACCEPTED	7261816	Eptesicus nilssonii (Keyserling & Blasius, 1839)	SPECIES	359	Mammalia	Animalia
213214759	7266656	https://www.gbif.org/species/7266656	Salix rorida Laksch.	ACCEPTED	7266656	Salix rorida Laksch.	SPECIES	220	Magnoliopsida	Plantae
213215722	7272185	https://www.gbif.org/species/7272185	Rosa carolina subsp. carolina	ACCEPTED	7272185	Rosa carolina subsp. carolina	SUBSPECIES	220	Magnoliopsida	Plantae
152544784	7272312	https://www.gbif.org/species/7272312	Filipendula camtschatica (Pall.) Maxim.	ACCEPTED	7272312	Filipendula camtschatica (Pall.) Maxim.	SPECIES	220	Magnoliopsida	Plantae
213214398	7277946	https://www.gbif.org/species/7277946	Adonis aestivalis subsp. aestivalis	ACCEPTED	7277946	Adonis aestivalis subsp. aestivalis	SUBSPECIES	220	Magnoliopsida	Plantae
213214974	7282357	https://www.gbif.org/species/7282357	Echinopsis albispinosa K.Schum.	ACCEPTED	7282357	Echinopsis albispinosa K.Schum.	SPECIES	220	Magnoliopsida	Plantae
213214856	7288892	https://www.gbif.org/species/7288892	Calandrinia pilosiuscula DC.	ACCEPTED	7288892	Calandrinia pilosiuscula DC.	SPECIES	220	Magnoliopsida	Plantae
152545521	7294644	https://www.gbif.org/species/7294644	Nonea pulla (L.) DC.	ACCEPTED	7294644	Nonea pulla (L.) DC.	SPECIES	220	Magnoliopsida	Plantae
152545516	7294722	https://www.gbif.org/species/7294722	Cerinthe minor L.	ACCEPTED	7294722	Cerinthe minor L.	SPECIES	220	Magnoliopsida	Plantae
213214344	7300414	https://www.gbif.org/species/7300414	Epimedium pinnatum Fisch.	DOUBTFUL	7300414	Epimedium pinnatum Fisch.	SPECIES	220	Magnoliopsida	Plantae
213213764	7302355	https://www.gbif.org/species/7302355	Vicia benghalensis subsp. benghalensis	ACCEPTED	7302355	Vicia benghalensis subsp. benghalensis	SUBSPECIES	220	Magnoliopsida	Plantae
152545669	7303024	https://www.gbif.org/species/7303024	Plantago myosuros Lam.	ACCEPTED	7303024	Plantago myosuros Lam.	SPECIES	220	Magnoliopsida	Plantae
152545740	7308043	https://www.gbif.org/species/7308043	Lamium garganicum subsp. garganicum	ACCEPTED	7308043	Lamium garganicum subsp. garganicum	SUBSPECIES	220	Magnoliopsida	Plantae
152546061	7314281	https://www.gbif.org/species/7314281	Paronychia brasiliana DC.	ACCEPTED	7314281	Paronychia brasiliana DC.	SPECIES	220	Magnoliopsida	Plantae
213214184	7318199	https://www.gbif.org/species/7318199	Oxalis tetraphylla Link & Otto, 1828	DOUBTFUL	7318199	Oxalis tetraphylla Link & Otto, 1828	SPECIES	220	Magnoliopsida	Plantae
152543452	7322393	https://www.gbif.org/species/7322393	Oenothera indecora Cambess.	ACCEPTED	7322393	Oenothera indecora Cambess.	SPECIES	220	Magnoliopsida	Plantae
152545940	7323341	https://www.gbif.org/species/7323341	Amaranthus capensis subsp. capensis	ACCEPTED	7323341	Amaranthus capensis subsp. capensis	SUBSPECIES	220	Magnoliopsida	Plantae
152545907	7323632	https://www.gbif.org/species/7323632	Ptilotus spicatus F.Muell. ex Benth.	ACCEPTED	7323632	Ptilotus spicatus F.Muell. ex Benth.	SPECIES	220	Magnoliopsida	Plantae
152545938	7323810	https://www.gbif.org/species/7323810	Amaranthus mitchellii Benth.	ACCEPTED	7323810	Amaranthus mitchellii Benth.	SPECIES	220	Magnoliopsida	Plantae
152545937	7323834	https://www.gbif.org/species/7323834	Amaranthus macrocarpus var. macrocarpus	ACCEPTED	7323834	Amaranthus macrocarpus var. macrocarpus	VARIETY	220	Magnoliopsida	Plantae
213215596	7327959	https://www.gbif.org/species/7327959	Daboecia cantabrica subsp. cantabrica	ACCEPTED	7327959	Daboecia cantabrica subsp. cantabrica	SUBSPECIES	220	Magnoliopsida	Plantae
159749052	7331548	https://www.gbif.org/species/7331548	Alonsoa linearis (Jacq.) Ruiz & Pav.	ACCEPTED	7331548	Alonsoa linearis (Jacq.) Ruiz & Pav.	SPECIES	220	Magnoliopsida	Plantae
213215431	7332517	https://www.gbif.org/species/7332517	Orobanche flava subsp. flava	ACCEPTED	7332517	Orobanche flava subsp. flava	SUBSPECIES	220	Magnoliopsida	Plantae
152545687	7333212	https://www.gbif.org/species/7333212	Antirrhinum graniticum Rothm.	ACCEPTED	7333212	Antirrhinum graniticum Rothm.	SPECIES	220	Magnoliopsida	Plantae
152544703	7334263	https://www.gbif.org/species/7334263	Crassula decumbens Thunb.	ACCEPTED	7334263	Crassula decumbens Thunb.	SPECIES	220	Magnoliopsida	Plantae
159747187	7340811	https://www.gbif.org/species/7340811	Euplectes macroura (Gmelin, 1789)	ACCEPTED	7340811	Euplectes macroura (Gmelin, 1789)	SPECIES	212	Aves	Animalia
152545620	7353862	https://www.gbif.org/species/7353862	Verbascum ×divaricatum Kitt.	ACCEPTED	7353862	Verbascum ×divaricatum Kitt.	SPECIES	220	Magnoliopsida	Plantae
213215433	7359335	https://www.gbif.org/species/7359335	Odontites luteus Steven	DOUBTFUL	7359335	Odontites luteus Steven	SPECIES	220	Magnoliopsida	Plantae
152546792	7361239	https://www.gbif.org/species/7361239	Triraphis mollis R.Br.	ACCEPTED	7361239	Triraphis mollis R.Br.	SPECIES	196	Liliopsida	Plantae
213213933	7373959	https://www.gbif.org/species/7373959	Medicago ciliaris (L.) All.	ACCEPTED	7373959	Medicago ciliaris (L.) All.	SPECIES	220	Magnoliopsida	Plantae
152545896	7407436	https://www.gbif.org/species/7407436	Chenopodiastrum simplex (Torr.) S.Fuentes, Uotila & Borsch	ACCEPTED	7407436	Chenopodiastrum simplex (Torr.) S.Fuentes, Uotila & Borsch	SPECIES	220	Magnoliopsida	Plantae
213214773	7427741	https://www.gbif.org/species/7427741	Cratoxylum sumatranum subsp. blancoi (Blume) Gogelein	ACCEPTED	7427741	Cratoxylum sumatranum subsp. blancoi (Blume) Gogelein	SUBSPECIES	220	Magnoliopsida	Plantae
213212499	7444957	https://www.gbif.org/species/7444957	Podarcis liolepis (Boulenger, 1905)	ACCEPTED	7444957	Podarcis liolepis (Boulenger, 1905)	SPECIES	11592253	Squamata	Animalia
213215270	7480365	https://www.gbif.org/species/7480365	Hydrocotyle moschata G.Forst.	ACCEPTED	7480365	Hydrocotyle moschata G.Forst.	SPECIES	220	Magnoliopsida	Plantae
152544270	7481364	https://www.gbif.org/species/7481364	Fulvius subnitens Poppius, 1909	ACCEPTED	7481364	Fulvius subnitens Poppius, 1909	SPECIES	216	Insecta	Animalia
182134182	7484581	https://www.gbif.org/species/7484581	Desmanthus illinoensis (Michx.) MacMill. ex B.L.Rob. & Fernald	ACCEPTED	7484581	Desmanthus illinoensis (Michx.) MacMill. ex B.L.Rob. & Fernald	SPECIES	220	Magnoliopsida	Plantae
213215717	7499940	https://www.gbif.org/species/7499940	Prunus armeniaca Thunb.	DOUBTFUL	7499940	Prunus armeniaca Thunb.	SPECIES	220	Magnoliopsida	Plantae
152544875	7501634	https://www.gbif.org/species/7501634	Rosa multiflora Murray	DOUBTFUL	7501634	Rosa multiflora Murray	SPECIES	220	Magnoliopsida	Plantae
152543618	7505045	https://www.gbif.org/species/7505045	Soliva anthemifolia R.Br.	ACCEPTED	7505045	Soliva anthemifolia R.Br.	SPECIES	220	Magnoliopsida	Plantae
213213509	7505521	https://www.gbif.org/species/7505521	Zebrina detrita (O.F.Müller, 1774)	ACCEPTED	7505521	Zebrina detrita (O.F.Müller, 1774)	SPECIES	225	Gastropoda	Animalia
152546108	7510471	https://www.gbif.org/species/7510471	Polygonum argyrocoleum Steud. ex Kunze	ACCEPTED	7510471	Polygonum argyrocoleum Steud. ex Kunze	SPECIES	220	Magnoliopsida	Plantae
152546934	7517279	https://www.gbif.org/species/7517279	Rytidosperma tenuius (Steud.) O.E.Erikss., A.Hansen & Sunding	ACCEPTED	7517279	Rytidosperma tenuius (Steud.) O.E.Erikss., A.Hansen & Sunding	SPECIES	196	Liliopsida	Plantae
152546044	7523432	https://www.gbif.org/species/7523432	Silene behen L.	ACCEPTED	7523432	Silene behen L.	SPECIES	220	Magnoliopsida	Plantae
213212952	7528816	https://www.gbif.org/species/7528816	Avena nuda Thuill.	DOUBTFUL	7528816	Avena nuda Thuill.	SPECIES	196	Liliopsida	Plantae
152545485	7536406	https://www.gbif.org/species/7536406	Nemophila menziesii var. integrifolia Brand	ACCEPTED	7536406	Nemophila menziesii var. integrifolia Brand	VARIETY	220	Magnoliopsida	Plantae
213213266	7536754	https://www.gbif.org/species/7536754	Dryopteris lacunosa S.Jess., Zenner, Chr.Stark & Bujnoch	ACCEPTED	7536754	Dryopteris lacunosa S.Jess., Zenner, Chr.Stark & Bujnoch	SPECIES	7228684	Polypodiopsida	Plantae
213213188	7540482	https://www.gbif.org/species/7540482	Cyperus longus A.Rich., 1850	DOUBTFUL	7540482	Cyperus longus A.Rich., 1850	SPECIES	196	Liliopsida	Plantae
152546780	7549853	https://www.gbif.org/species/7549853	Disakisperma dubium (Kunth) P.M.Peterson & N.Snow	ACCEPTED	7549853	Disakisperma dubium (Kunth) P.M.Peterson & N.Snow	SPECIES	196	Liliopsida	Plantae
152543843	7569785	https://www.gbif.org/species/7569785	Hieracium pilosum Schleich. ex Froel.	ACCEPTED	7569785	Hieracium pilosum Schleich. ex Froel.	SPECIES	220	Magnoliopsida	Plantae
213212473	7576179	https://www.gbif.org/species/7576179	Pantherophis spiloides (Duméril, Bibron & Duméril, 1854)	ACCEPTED	7576179	Pantherophis spiloides (Duméril, Bibron & Duméril, 1854)	SPECIES	11592253	Squamata	Animalia
152545933	7576335	https://www.gbif.org/species/7576335	Amaranthus ozanonii Piszter	DOUBTFUL	7576335	Amaranthus ozanonii Piszter	SPECIES	220	Magnoliopsida	Plantae
182133082	7581174	https://www.gbif.org/species/7581174	Eucheilota menoni Kramp, 1959	ACCEPTED	7581174	Eucheilota menoni Kramp, 1959	SPECIES	205	Hydrozoa	Animalia
182133732	7582319	https://www.gbif.org/species/7582319	Trioceros hoehnelii (Steindachner, 1891)	ACCEPTED	7582319	Trioceros hoehnelii (Steindachner, 1891)	SPECIES	11592253	Squamata	Animalia
152543631	7587923	https://www.gbif.org/species/7587923	Euchiton sphaericus (Willd.) Holub	ACCEPTED	7587923	Euchiton sphaericus (Willd.) Holub	SPECIES	220	Magnoliopsida	Plantae
213213177	7594735	https://www.gbif.org/species/7594735	Carex curvata Knaf	ACCEPTED	7594735	Carex curvata Knaf	SPECIES	196	Liliopsida	Plantae
213214104	7600329	https://www.gbif.org/species/7600329	Pulmonaria mollis Wulfen	DOUBTFUL	7600329	Pulmonaria mollis Wulfen	SPECIES	220	Magnoliopsida	Plantae
152544768	7602322	https://www.gbif.org/species/7602322	Urtica incisa Poir.	ACCEPTED	7602322	Urtica incisa Poir.	SPECIES	220	Magnoliopsida	Plantae
152545993	7606014	https://www.gbif.org/species/7606014	Alternanthera angustifolia R.Br.	ACCEPTED	7606014	Alternanthera angustifolia R.Br.	SPECIES	220	Magnoliopsida	Plantae
213214862	7624620	https://www.gbif.org/species/7624620	Rumex crispus var. robustus Rech.	ACCEPTED	7624620	Rumex crispus var. robustus Rech.	VARIETY	220	Magnoliopsida	Plantae
152545979	7644304	https://www.gbif.org/species/7644304	Chenopodium borbasioides A.Ludw.	ACCEPTED	7644304	Chenopodium borbasioides A.Ludw.	SPECIES	220	Magnoliopsida	Plantae
152544089	7652364	https://www.gbif.org/species/7652364	Nephila Leach, 1815	ACCEPTED	7652364	Nephila Leach, 1815	GENUS	367	Arachnida	Animalia
182135060	7655198	https://www.gbif.org/species/7655198	Alternanthera denticulata R.Br.	ACCEPTED	7655198	Alternanthera denticulata R.Br.	SPECIES	220	Magnoliopsida	Plantae
152543207	7670473	https://www.gbif.org/species/7670473	Batrachochytrium salamandrivorans A.Martel, Blooi, Bossuyt & Pasmans	ACCEPTED	7670473	Batrachochytrium salamandrivorans A.Martel, Blooi, Bossuyt & Pasmans	SPECIES	10689325	Rhizophydiomycetes	Fungi
213214956	7685459	https://www.gbif.org/species/7685459	Atriplex pseudocampanulata Aellen ex Blom	ACCEPTED	7685459	Atriplex pseudocampanulata Aellen ex Blom	SPECIES	220	Magnoliopsida	Plantae
152543850	7706146	https://www.gbif.org/species/7706146	Crepis nicaeensis Balb.	DOUBTFUL	7706146	Crepis nicaeensis Balb.	SPECIES	220	Magnoliopsida	Plantae
152545909	7707087	https://www.gbif.org/species/7707087	Dysphania glomulifera (Nees) Paul G.Wilson	ACCEPTED	7707087	Dysphania glomulifera (Nees) Paul G.Wilson	SPECIES	220	Magnoliopsida	Plantae
213214651	7711892	https://www.gbif.org/species/7711892	Isatis quadrialata Al-Shehbaz, Moazzeni & Mummenhoff	ACCEPTED	7711892	Isatis quadrialata Al-Shehbaz, Moazzeni & Mummenhoff	SPECIES	220	Magnoliopsida	Plantae
152545666	7727786	https://www.gbif.org/species/7727786	Plantago loeflingii L.	ACCEPTED	7727786	Plantago loeflingii L.	SPECIES	220	Magnoliopsida	Plantae
213213093	7738621	https://www.gbif.org/species/7738621	Dinebra divaricatissima (S.T.Blake) P.M.Peterson & N.Snow	ACCEPTED	7738621	Dinebra divaricatissima (S.T.Blake) P.M.Peterson & N.Snow	SPECIES	196	Liliopsida	Plantae
213215005	7757300	https://www.gbif.org/species/7757300	Silene badaroi Breistr.	ACCEPTED	7757300	Silene badaroi Breistr.	SPECIES	220	Magnoliopsida	Plantae
213213754	7769230	https://www.gbif.org/species/7769230	Vicia lentoides (Ten.) Coss. & Germ.	ACCEPTED	7769230	Vicia lentoides (Ten.) Coss. & Germ.	SPECIES	220	Magnoliopsida	Plantae
152545677	7784175	https://www.gbif.org/species/7784175	Veronica glauca Sibth. & Sm.	ACCEPTED	7784175	Veronica glauca Sibth. & Sm.	SPECIES	220	Magnoliopsida	Plantae
152546761	7795128	https://www.gbif.org/species/7795128	Carex crus-corvi Shuttlew.	DOUBTFUL	7795128	Carex crus-corvi Shuttlew.	SPECIES	196	Liliopsida	Plantae
152545490	7806790	https://www.gbif.org/species/7806790	Arnebia decumbens (Vent.) Coss. & Kralik	ACCEPTED	7806790	Arnebia decumbens (Vent.) Coss. & Kralik	SPECIES	220	Magnoliopsida	Plantae
152543416	7814921	https://www.gbif.org/species/7814921	Clarkia bottae (Spach) F.H.Lewis & M.E.Lewis	ACCEPTED	7814921	Clarkia bottae (Spach) F.H.Lewis & M.E.Lewis	SPECIES	220	Magnoliopsida	Plantae
213212670	7826520	https://www.gbif.org/species/7826520	Canna indica Ruiz & Pav., 1798	DOUBTFUL	7826520	Canna indica Ruiz & Pav., 1798	SPECIES	196	Liliopsida	Plantae
152545899	7846821	https://www.gbif.org/species/7846821	Oxybasis macrosperma (Hook.fil.) S.Fuentes, Uotila & Borsch	ACCEPTED	7846821	Oxybasis macrosperma (Hook.fil.) S.Fuentes, Uotila & Borsch	SPECIES	220	Magnoliopsida	Plantae
152545471	7853188	https://www.gbif.org/species/7853188	Reseda lutea subsp. vivantii (P.Monts.) Rovira	ACCEPTED	7853188	Reseda lutea subsp. vivantii (P.Monts.) Rovira	SUBSPECIES	220	Magnoliopsida	Plantae
213213666	7863397	https://www.gbif.org/species/7863397	Petrosedum ochroleucum (Chaix) Niederle	ACCEPTED	7863397	Petrosedum ochroleucum (Chaix) Niederle	SPECIES	220	Magnoliopsida	Plantae
152545910	7877091	https://www.gbif.org/species/7877091	Dysphania pseudomultiflora (Murr) Verloove & Lambinon	ACCEPTED	7877091	Dysphania pseudomultiflora (Murr) Verloove & Lambinon	SPECIES	220	Magnoliopsida	Plantae
213215715	7882872	https://www.gbif.org/species/7882872	Prunus domestica A.Sav.	DOUBTFUL	7882872	Prunus domestica A.Sav.	SPECIES	220	Magnoliopsida	Plantae
310017806	7912535	https://www.gbif.org/species/7912535	Falkia repens L.fil.	ACCEPTED	7912535	Falkia repens L.fil.	SPECIES	220	Magnoliopsida	Plantae
213213995	7926816	https://www.gbif.org/species/7926816	Monsonia angustifolia E.Mey. ex A.Rich.	DOUBTFUL	7926816	Monsonia angustifolia E.Mey. ex A.Rich.	SPECIES	220	Magnoliopsida	Plantae
152545901	7933495	https://www.gbif.org/species/7933495	Sclerolaena muricata (Moq.) Domin	ACCEPTED	7933495	Sclerolaena muricata (Moq.) Domin	SPECIES	220	Magnoliopsida	Plantae
213213069	7948459	https://www.gbif.org/species/7948459	Aira elegans Willd. ex Roem. & Schult.	ACCEPTED	7948459	Aira elegans Willd. ex Roem. & Schult.	SPECIES	196	Liliopsida	Plantae
152546784	7998563	https://www.gbif.org/species/7998563	Diplachne fusca subsp. fusca	ACCEPTED	7998563	Diplachne fusca subsp. fusca	SUBSPECIES	196	Liliopsida	Plantae
213215546	8006893	https://www.gbif.org/species/8006893	Kickxia elatine subsp. sieberi (Rchb.) Hayek	ACCEPTED	8006893	Kickxia elatine subsp. sieberi (Rchb.) Hayek	SUBSPECIES	220	Magnoliopsida	Plantae
152546073	8012084	https://www.gbif.org/species/8012084	Dianthus subacaulis Vill.	ACCEPTED	8012084	Dianthus subacaulis Vill.	SPECIES	220	Magnoliopsida	Plantae
152547051	8018483	https://www.gbif.org/species/8018483	Eragrostis neomexicana Vasey	ACCEPTED	8018483	Eragrostis neomexicana Vasey	SPECIES	196	Liliopsida	Plantae
152547082	8047362	https://www.gbif.org/species/8047362	Sporobolus creber De Nardi	ACCEPTED	8047362	Sporobolus creber De Nardi	SPECIES	196	Liliopsida	Plantae
159747067	8050384	https://www.gbif.org/species/8050384	Bonamia ostreae Pichot, Comps, Tigé, Grizel & Rabouin, 1980	ACCEPTED	8050384	Bonamia ostreae Pichot, Comps, Tigé, Grizel & Rabouin, 1980	SPECIES	232	Haplosporea	Protozoa
159748820	8078031	https://www.gbif.org/species/8078031	Artemisia afra Jacq.	ACCEPTED	8078031	Artemisia afra Jacq.	SPECIES	220	Magnoliopsida	Plantae
213212852	8112114	https://www.gbif.org/species/8112114	Elymus hystrix L.	ACCEPTED	8112114	Elymus hystrix L.	SPECIES	196	Liliopsida	Plantae
152545735	8118326	https://www.gbif.org/species/8118326	Teucrium resupinatum Desf.	ACCEPTED	8118326	Teucrium resupinatum Desf.	SPECIES	220	Magnoliopsida	Plantae
213214925	8129694	https://www.gbif.org/species/8129694	Armeria arenaria (Pers.) Schult.	HETEROTYPIC_SYNONYM	7297998	Armeria arenaria subsp. arenaria	SUBSPECIES	220	Magnoliopsida	Plantae
152546047	8150863	https://www.gbif.org/species/8150863	Silene cretica L.	ACCEPTED	8150863	Silene cretica L.	SPECIES	220	Magnoliopsida	Plantae
310017592	8155634	https://www.gbif.org/species/8155634	Watersipora subatra (Ortmann, 1890)	ACCEPTED	8155634	Watersipora subatra (Ortmann, 1890)	SPECIES	252	Gymnolaemata	Animalia
152546022	8185812	https://www.gbif.org/species/8185812	Mesembryanthemum cordifolium L.fil.	ACCEPTED	8185812	Mesembryanthemum cordifolium L.fil.	SPECIES	220	Magnoliopsida	Plantae
152545616	8186932	https://www.gbif.org/species/8186932	Scrophularia scopolii Hoppe ex Pers.	DOUBTFUL	8186932	Scrophularia scopolii Hoppe ex Pers.	SPECIES	220	Magnoliopsida	Plantae
152547052	8192063	https://www.gbif.org/species/8192063	Eragrostis lacunaria F.Muell. ex Benth.	DOUBTFUL	8192063	Eragrostis lacunaria F.Muell. ex Benth.	SPECIES	196	Liliopsida	Plantae
152544021	8195160	https://www.gbif.org/species/8195160	Artemisia pontica L.	ACCEPTED	8195160	Artemisia pontica L.	SPECIES	220	Magnoliopsida	Plantae
213212556	8219807	https://www.gbif.org/species/8219807	Trimeresurus albolabris Gray, 1842	ACCEPTED	8219807	Trimeresurus albolabris Gray, 1842	SPECIES	11592253	Squamata	Animalia
152545492	8227753	https://www.gbif.org/species/8227753	Anchusa procera Besser	DOUBTFUL	8227753	Anchusa procera Besser	SPECIES	220	Magnoliopsida	Plantae
213212549	8228334	https://www.gbif.org/species/8228334	Daboia palaestinae (Werner, 1938)	ACCEPTED	8228334	Daboia palaestinae (Werner, 1938)	SPECIES	11592253	Squamata	Animalia
152547195	8241853	https://www.gbif.org/species/8241853	Anisocampium niponicum (Mett.) Yea C.Liu, W.L.Chiou & M.Kato	ACCEPTED	8241853	Anisocampium niponicum (Mett.) Yea C.Liu, W.L.Chiou & M.Kato	SPECIES	7228684	Polypodiopsida	Plantae
152545903	8243150	https://www.gbif.org/species/8243150	Spirobassia hirsuta (L.) Freitag & G.Kadereit	ACCEPTED	8243150	Spirobassia hirsuta (L.) Freitag & G.Kadereit	SPECIES	220	Magnoliopsida	Plantae
213213853	8261015	https://www.gbif.org/species/8261015	Trigonella foenum-graecum (Habl.)	DOUBTFUL	8261015	Trigonella foenum-graecum (Habl.)	SPECIES	220	Magnoliopsida	Plantae
213214700	8264893	https://www.gbif.org/species/8264893	Nephilingis cruentata (Fabricius, 1775)	ACCEPTED	8264893	Nephilingis cruentata (Fabricius, 1775)	SPECIES	367	Arachnida	Animalia
213213472	8305409	https://www.gbif.org/species/8305409	Achatina achatina (Linnaeus, 1758)	ACCEPTED	8305409	Achatina achatina (Linnaeus, 1758)	SPECIES	225	Gastropoda	Animalia
152547041	8322034	https://www.gbif.org/species/8322034	Avena ×marquandii Druce	ACCEPTED	8322034	Avena ×marquandii Druce	SPECIES	196	Liliopsida	Plantae
213215363	8326061	https://www.gbif.org/species/8326061	Quercus coccinea Münchh.	ACCEPTED	8326061	Quercus coccinea Münchh.	SPECIES	220	Magnoliopsida	Plantae
213214794	8332078	https://www.gbif.org/species/8332078	Viola gracilis Sibth. & Sm.	ACCEPTED	8332078	Viola gracilis Sibth. & Sm.	SPECIES	220	Magnoliopsida	Plantae
213212895	8338571	https://www.gbif.org/species/8338571	Hordeum marinum subsp. gussoneanum (Parl.) Thell.	ACCEPTED	8338571	Hordeum marinum subsp. gussoneanum (Parl.) Thell.	SUBSPECIES	196	Liliopsida	Plantae
152544425	8351995	https://www.gbif.org/species/8351995	Frankliniella occidentalis (Pergande, 1895)	ACCEPTED	8351995	Frankliniella occidentalis (Pergande, 1895)	SPECIES	216	Insecta	Animalia
152544492	8364220	https://www.gbif.org/species/8364220	Torilis leptophylla (L.) Rchb.fil.	ACCEPTED	8364220	Torilis leptophylla (L.) Rchb.fil.	SPECIES	220	Magnoliopsida	Plantae
213212957	8389446	https://www.gbif.org/species/8389446	Triticum turgidum subsp. dicoccum (Schrank ex Schübl.) Thell.	ACCEPTED	8389446	Triticum turgidum subsp. dicoccum (Schrank ex Schübl.) Thell.	SUBSPECIES	196	Liliopsida	Plantae
213214001	8391331	https://www.gbif.org/species/8391331	Erodium moschatum (L.) Aiton	DOUBTFUL	8391331	Erodium moschatum (L.) Aiton	SPECIES	220	Magnoliopsida	Plantae
152546616	8418777	https://www.gbif.org/species/8418777	Lilium ×hollandicum Woodcock & Stearn	DOUBTFUL	8418777	Lilium ×hollandicum Woodcock & Stearn	SPECIES	196	Liliopsida	Plantae
213215004	8419625	https://www.gbif.org/species/8419625	Silene scabriflora Brot.	ACCEPTED	8419625	Silene scabriflora Brot.	SPECIES	220	Magnoliopsida	Plantae
152546821	8420312	https://www.gbif.org/species/8420312	Phalaris platensis Henrard ex Heukels	DOUBTFUL	8420312	Phalaris platensis Henrard ex Heukels	SPECIES	196	Liliopsida	Plantae
159748459	8428595	https://www.gbif.org/species/8428595	Bugulina stolonifera (Ryland, 1960)	ACCEPTED	8428595	Bugulina stolonifera (Ryland, 1960)	SPECIES	252	Gymnolaemata	Animalia
182133821	8566446	https://www.gbif.org/species/8566446	Aesculus indica (Colebr. ex Cambess.) Hook.	ACCEPTED	8566446	Aesculus indica (Colebr. ex Cambess.) Hook.	SPECIES	220	Magnoliopsida	Plantae
213213533	8624880	https://www.gbif.org/species/8624880	Cernuella virgata (Muller, 1774)	DOUBTFUL	8624880	Cernuella virgata (Muller, 1774)	SPECIES	225	Gastropoda	Animalia
310015884	8636371	https://www.gbif.org/species/8636371	Hauptidia maroccana (Melichar, 1907)	ACCEPTED	8636371	Hauptidia maroccana (Melichar, 1907)	SPECIES	216	Insecta	Animalia
152546106	8720751	https://www.gbif.org/species/8720751	Koenigia divaricata (L.) T.M.Schust. & Reveal	ACCEPTED	8720751	Koenigia divaricata (L.) T.M.Schust. & Reveal	SPECIES	220	Magnoliopsida	Plantae
182133725	8782549	https://www.gbif.org/species/8782549	Anolis Daudin, 1802	ACCEPTED	8782549	Anolis Daudin, 1802	GENUS	11592253	Squamata	Animalia
213213511	8791507	https://www.gbif.org/species/8791507	Physalis philadelphica Lambert	DOUBTFUL	8791507	Physalis philadelphica Lambert	SPECIES	220	Magnoliopsida	Plantae
310015215	8845441	https://www.gbif.org/species/8845441	Hirudo verbana Carena, 1820	ACCEPTED	8845441	Hirudo verbana Carena, 1820	SPECIES	255	Clitellata	Animalia
213213618	8864505	https://www.gbif.org/species/8864505	Macomopsis melo (G.B.Sowerby II, 1866)	ACCEPTED	8864505	Macomopsis melo (G.B.Sowerby II, 1866)	SPECIES	137	Bivalvia	Animalia
310017343	8894817	https://www.gbif.org/species/8894817	Caretta caretta (Linnaeus, 1758)	ACCEPTED	8894817	Caretta caretta (Linnaeus, 1758)	SPECIES	11418114	Testudines	Animalia
182133699	8953936	https://www.gbif.org/species/8953936	Caiman crocodilus (Linnaeus, 1758)	ACCEPTED	8953936	Caiman crocodilus (Linnaeus, 1758)	SPECIES	11493978	Crocodylia	Animalia
213212580	8991514	https://www.gbif.org/species/8991514	Caracara plancus cheriway (Jacquin, 1784)	ACCEPTED	8991514	Caracara plancus cheriway (Jacquin, 1784)	SUBSPECIES	212	Aves	Animalia
213214673	9067615	https://www.gbif.org/species/9067615	Mentzelia albicaulis (Douglas ex Hook.) Douglas ex Torr. & A.Gray	ACCEPTED	9067615	Mentzelia albicaulis (Douglas ex Hook.) Douglas ex Torr. & A.Gray	SPECIES	220	Magnoliopsida	Plantae
213212483	9099408	https://www.gbif.org/species/9099408	Elaphe quatuorlineata Lacepede, 1789	ACCEPTED	9099408	Elaphe quatuorlineata Lacepede, 1789	SPECIES	11592253	Squamata	Animalia
182133749	9187223	https://www.gbif.org/species/9187223	Pituophis melanoleucus (Daudin, 1803)	ACCEPTED	9187223	Pituophis melanoleucus (Daudin, 1803)	SPECIES	11592253	Squamata	Animalia
182133743	9195230	https://www.gbif.org/species/9195230	Spilotes pullatus (Linnaeus, 1758)	ACCEPTED	9195230	Spilotes pullatus (Linnaeus, 1758)	SPECIES	11592253	Squamata	Animalia
213212721	9267300	https://www.gbif.org/species/9267300	Sporobolus advenus (Stapf) P.M.Peterson	ACCEPTED	9267300	Sporobolus advenus (Stapf) P.M.Peterson	SPECIES	196	Liliopsida	Plantae
213212453	9342283	https://www.gbif.org/species/9342283	Thamnophis marcianus (Baird & Girard, 1853)	ACCEPTED	9342283	Thamnophis marcianus (Baird & Girard, 1853)	SPECIES	11592253	Squamata	Animalia
213212731	9379326	https://www.gbif.org/species/9379326	Sporobolus aculeatus (L.) P.M.Peterson	ACCEPTED	9379326	Sporobolus aculeatus (L.) P.M.Peterson	SPECIES	196	Liliopsida	Plantae
213212726	9405036	https://www.gbif.org/species/9405036	Spatula cyanoptera cyanoptera	ACCEPTED	9405036	Spatula cyanoptera cyanoptera	SUBSPECIES	212	Aves	Animalia
152543667	9442679	https://www.gbif.org/species/9442679	Bratislavia dadayi (Michaelsen, 1905)	ACCEPTED	9442679	Bratislavia dadayi (Michaelsen, 1905)	SPECIES	255	Clitellata	Animalia
213214939	9454901	https://www.gbif.org/species/9454901	Amaranthus macrocarpus subsp. pallidus (Benth.) N.Bayón	ACCEPTED	9454901	Amaranthus macrocarpus subsp. pallidus (Benth.) N.Bayón	SUBSPECIES	220	Magnoliopsida	Plantae
213212725	9462721	https://www.gbif.org/species/9462721	Spatula versicolor versicolor	ACCEPTED	9462721	Spatula versicolor versicolor	SUBSPECIES	212	Aves	Animalia
152543663	9479629	https://www.gbif.org/species/9479629	Tasserkidrilus americanus (Brinkhurst & Cook, 1966)	ACCEPTED	9479629	Tasserkidrilus americanus (Brinkhurst & Cook, 1966)	SPECIES	255	Clitellata	Animalia
152546904	9484350	https://www.gbif.org/species/9484350	Lachnagrostis eriantha (Hack.) A.J.Br.	ACCEPTED	9484350	Lachnagrostis eriantha (Hack.) A.J.Br.	SPECIES	196	Liliopsida	Plantae
156872745	9491873	https://www.gbif.org/species/9491873	Dichotomyctere fluviatilis (Hamilton, 1822)	ACCEPTED	9491873	Dichotomyctere fluviatilis (Hamilton, 1822)	SPECIES			Animalia
213214847	9554442	https://www.gbif.org/species/9554442	Tamarix gallica (Habl.)	DOUBTFUL	9554442	Tamarix gallica (Habl.)	SPECIES	220	Magnoliopsida	Plantae
182133911	9601519	https://www.gbif.org/species/9601519	Pseudemys rubriventris (Le Conte, 1830)	ACCEPTED	9601519	Pseudemys rubriventris (Le Conte, 1830)	SPECIES	11418114	Testudines	Animalia
213212723	9632508	https://www.gbif.org/species/9632508	Sporobolus alopecuroides (Piller & Mitterp.) P.M.Peterson	ACCEPTED	9632508	Sporobolus alopecuroides (Piller & Mitterp.) P.M.Peterson	SPECIES	196	Liliopsida	Plantae
213213238	9662775	https://www.gbif.org/species/9662775	Gastoniella chaerophylla (Desv.) Li Bing Zhang & Liang Zhang	ACCEPTED	9662775	Gastoniella chaerophylla (Desv.) Li Bing Zhang & Liang Zhang	SPECIES	7228684	Polypodiopsida	Plantae
213214042	9711656	https://www.gbif.org/species/9711656	Pelargonium capitatum (L.) L'Hér.	ACCEPTED	9711656	Pelargonium capitatum (L.) L'Hér.	SPECIES	220	Magnoliopsida	Plantae
213215403	9771172	https://www.gbif.org/species/9771172	Valerianella locusta subsp. locusta	ACCEPTED	9771172	Valerianella locusta subsp. locusta	SUBSPECIES	220	Magnoliopsida	Plantae
182133918	9803191	https://www.gbif.org/species/9803191	Pelusios castaneus (Schweigger, 1812)	ACCEPTED	9803191	Pelusios castaneus (Schweigger, 1812)	SPECIES	11418114	Testudines	Animalia
310016603	9990542	https://www.gbif.org/species/9990542	Naja subfulva Laurent, 1955	ACCEPTED	9990542	Naja subfulva Laurent, 1955	SPECIES	11592253	Squamata	Animalia
213215083	10108775	https://www.gbif.org/species/10108775	Pentanema spiraeifolium (L.) D.Gut.Larr., Santos-Vicente, Anderb., E.Rico & M.M.Mart.Ort.	ACCEPTED	10108775	Pentanema spiraeifolium (L.) D.Gut.Larr., Santos-Vicente, Anderb., E.Rico & M.M.Mart.Ort.	SPECIES	220	Magnoliopsida	Plantae
213212627	10236166	https://www.gbif.org/species/9817629	Lysichiton americanus × camtschatcensis	ACCEPTED	10236166	Lysichiton americanus × camtschatcensis	SPECIES	196	Liliopsida	Plantae
159748397	10269496	https://www.gbif.org/species/10269496	Epuraea imperialis (Reitter, 1877)	ACCEPTED	10269496	Epuraea imperialis (Reitter, 1877)	SPECIES	216	Insecta	Animalia
159748235	10329298	https://www.gbif.org/species/10329298	Haplodrassus securifer Bosmans & Abrous, 2018	ACCEPTED	10329298	Haplodrassus securifer Bosmans & Abrous, 2018	SPECIES	367	Arachnida	Animalia
159748902	10411852	https://www.gbif.org/species/10411852	Centaurea jacea x nigrescens	ACCEPTED	10411852	Centaurea jacea x nigrescens	SPECIES	220	Magnoliopsida	Plantae
213215082	10629881	https://www.gbif.org/species/10629881	Pentanema hirtum (L.) D.Gut.Larr., Santos-Vicente, Anderb., E.Rico & M.M.Mart.Ort.	ACCEPTED	10629881	Pentanema hirtum (L.) D.Gut.Larr., Santos-Vicente, Anderb., E.Rico & M.M.Mart.Ort.	SPECIES	220	Magnoliopsida	Plantae
213215451	10646747	https://www.gbif.org/species/10646747	Caryopteris incana x mongholica	ACCEPTED	10646747	Caryopteris incana x mongholica	SPECIES	220	Magnoliopsida	Plantae
213213675	10730110	https://www.gbif.org/species/10730110	Crassula peduncularis (Sm.) Cambess.	ACCEPTED	10730110	Crassula peduncularis (Sm.) Cambess.	SPECIES	220	Magnoliopsida	Plantae
213213740	10773250	https://www.gbif.org/species/10773250	Melilotus siculus (Turra) Steud.	ACCEPTED	10773250	Melilotus siculus (Turra) Steud.	SPECIES	220	Magnoliopsida	Plantae
213212281	10797854	https://www.gbif.org/species/10797854	Puccinia grisea (F.Strauss) Bonord.	ACCEPTED	10797854	Puccinia grisea (F.Strauss) Bonord.	SPECIES	270	Pucciniomycetes	Fungi
213213227	10857535	https://www.gbif.org/species/10857535	Dryophytes japonicus (Günther, 1859)	ACCEPTED	10857535	Dryophytes japonicus (Günther, 1859)	SPECIES	131	Amphibia	Animalia
213212760	10920460	https://www.gbif.org/species/10920460	Bathilda ruficauda (Gould, 1837)	HOMOTYPIC_SYNONYM	2493739	Neochmia ruficauda (Gould, 1837)	SPECIES	212	Aves	Animalia
213215173	10948891	https://www.gbif.org/species/10948891	Podolepis aristata subsp. auriculata (DC.) Jeanes	ACCEPTED	10948891	Podolepis aristata subsp. auriculata (DC.) Jeanes	SUBSPECIES	220	Magnoliopsida	Plantae
213213042	10986555	https://www.gbif.org/species/10986555	Thinopyrum obtusiflorum (DC.) Banfi	ACCEPTED	10986555	Thinopyrum obtusiflorum (DC.) Banfi	SPECIES	196	Liliopsida	Plantae
310017094	11081628	https://www.gbif.org/species/11081628	Stilpnia vitriolina (Cabanis, 1851)	ACCEPTED	11081628	Stilpnia vitriolina (Cabanis, 1851)	SPECIES	212	Aves	Animalia
213215131	11136683	https://www.gbif.org/species/11136683	Pulicaria arabica subsp. arabica	ACCEPTED	11136683	Pulicaria arabica subsp. arabica	SUBSPECIES	220	Magnoliopsida	Plantae
213212490	11205618	https://www.gbif.org/species/11205618	Leptodeira ashmeadii (Hallowell, 1845)	ACCEPTED	11205618	Leptodeira ashmeadii (Hallowell, 1845)	SPECIES	11592253	Squamata	Animalia
310015191	11403089	https://www.gbif.org/species/11403089	Gongolaria baccata (S.G.Gmelin) Molinari & Guiry	DOUBTFUL	11403089	Gongolaria baccata (S.G.Gmelin) Molinari & Guiry	SPECIES	7073593	Phaeophyceae	Chromista
213214692	11528335	https://www.gbif.org/species/11528335	Tliltocatl albopilosus (Valerio, 1980)	ACCEPTED	11528335	Tliltocatl albopilosus (Valerio, 1980)	SPECIES	367	Arachnida	Animalia
213215228	11794300	https://www.gbif.org/species/11794300	Xanthium orientale var. saccharatum (Wallr.) M.Hassl.	ACCEPTED	11794300	Xanthium orientale var. saccharatum (Wallr.) M.Hassl.	VARIETY	220	Magnoliopsida	Plantae
213215339	12132283	https://www.gbif.org/species/12132283	Malva alcea var. ribifolia (Viv.) Paol.	ACCEPTED	12132283	Malva alcea var. ribifolia (Viv.) Paol.	VARIETY	220	Magnoliopsida	Plantae
213212963	12205713	https://www.gbif.org/species/12205713	Triticum aestivum subsp. compactum (Host) H.Messik.	ACCEPTED	12205713	Triticum aestivum subsp. compactum (Host) H.Messik.	SUBSPECIES	196	Liliopsida	Plantae
