taxonKey	year_2022_em_status_occs_Belgium	year_2022_em_status_occupancy_Belgium	year_2022_em_status_occs_natura2000	year_2022_em_status_occupancy_natura2000	year_2023_em_status_occs_Belgium	year_2023_em_status_occupancy_Belgium	year_2023_em_status_occs_natura2000	year_2023_em_status_occupancy_natura2000	year_2024_em_status_occs_Belgium	year_2024_em_status_occupancy_Belgium	year_2024_em_status_occs_natura2000	year_2024_em_status_occupancy_natura2000	mean_growth	taxonName	class	clasKey	kingdom
1017419	3	3	3	3	3	3	3	3	3	3	3	3		Oxidus gracilis (C.L.Koch, 1847)	Diplopoda	361	Animalia
1031394	1	1	1	2	1	1	1	2	1	1	1	1	0.8351341604740733	Ectopsocus petersi Smithers, 1978	Insecta	216	Animalia
1031400	0	0	1	1	0	0	1	1	0	0	1	1	0.5129519285231047	Ectopsocus briggsi McLachlan, 1899	Insecta	216	Animalia
1031684	3	3	3	3	3	3	3	3	3	3	3	3	1.1318259882386794	Lepinotus patruelis Pearman, 1931	Insecta	216	Animalia
1031742	2	2	1	1	2	2	1	1	3	3	3	3		Dorypteryx domestica (Smithers, 1958)	Insecta	216	Animalia
1047536	3	3	2	3	3	3	2	3	3	3	0	3	1.4137714913940618	Leptinotarsa decemlineata (Say, 1824)	Insecta	216	Animalia
1095946	1	1	1	1	3	3	3	3	3	3	3	3		Reesa vespulae (Milliron, 1939)	Insecta	216	Animalia
1111797	1	1			3	3			1	1				Chlorophorus annularis (Fabricius, 1787)	Insecta	216	Animalia
1309600	0	0	0	0	0	0	0	0	0	0	0	0	0.6516047065379795	Andricus kollari (Hartig, 1843)	Insecta	216	Animalia
1309606	1	1			1	1			1	1			0.5118774425515021	Andricus grossulariae Giraud, 1859	Insecta	216	Animalia
1309652	0	0	0	0	2	2	2	2	2	3	2	3	0.6804642165861483	Dryocosmus kuriphilus Yasumatsu, 1951	Insecta	216	Animalia
1311477	3	3	3	3	3	3	3	3	3	3	3	3	2.8141568665120453	Vespa velutina Lepeletier, 1836	Insecta	216	Animalia
1313740	1	1			3	3			3	3				Camponotus vagus (Scopoli, 1763)	Insecta	216	Animalia
1314773	1	0			1	0			1	0			0.8104831508183515	Monomorium pharaonis (Linnaeus, 1758)	Insecta	216	Animalia
1316908	3	2			3	2			3	3			1.771156500965342	Linepithema humile (Mayr, 1868)	Insecta	216	Animalia
1346919	0	0	1	3	0	0	3	3	0	0	1	1	0.15894418054690848	Isodontia mexicana (de Saussure, 1867)	Insecta	216	Animalia
1411953	3	3	3	3	1	1	1	1	3	3	3	3		Carausius morosus Brunner von Wattenwyl, 1907	Insecta	216	Animalia
1421091	3	3	2	2	3	3	0	0	3	3	0	0	1.2814212822390554	Lepisma saccharinum Linnaeus, 1758	Insecta	216	Animalia
1577153	1	1	1	1	3	3	1	1	2	2	1	1		Hermetia illucens (Linnaeus, 1758)	Insecta	216	Animalia
1579447	3	3	3	3	3	3	3	3	3	3	3	3	1.5492843043796931	Exaireta spinigera (Wiedemann, 1830)	Insecta	216	Animalia
1622599	0	0	3	3	0	0	2	2	0	0	2	2	0.5250550836721968	Rhagoletis cingulata (Loew, 1862)	Insecta	216	Animalia
1622658	2	2	3	3	3	3	3	3	3	3	1	2		Rhagoletis completa Cresson, 1929	Insecta	216	Animalia
1626096	3	3	1	1	1	3	1	1	1	3	3	3	0.9359154222755955	Ceratitis capitata (Wiedemann, 1824)	Insecta	216	Animalia
1651430	0	1			0	2			0	2			0.6215761598460032	Aedes albopictus (Skuse, 1894)	Insecta	216	Animalia
1652212	0	2	1	1	0	2	2	2	0	2	2	3	0.2888278043268676	Aedes japonicus (Theobald, 1901)	Insecta	216	Animalia
1690429	0	0	0	1	0	0	0	1	0	0	0	2	0.807096811182263	Meconema meridionale Costa, 1860	Insecta	216	Animalia
1702101	0	0			0	0			0	0			0.35102001533947125	Anacridium aegyptium (Linnaeus, 1764)	Insecta	216	Animalia
1713034	2	2			2	3			2	3				Gryllus bimaculatus De Geer, 1773	Insecta	216	Animalia
1718308	3	3	3	3	3	3	3	3	3	3	3	3	1.1792666300524541	Acheta domesticus (Linnaeus, 1758)	Insecta	216	Animalia
1719204	3	3			2	3			3	3				Gryllomorpha dalmatina (Ocskay, 1832)	Insecta	216	Animalia
1722299	1	2			1	1			1	2			0.6563551606335876	Gryllodes sigillatus (Walker, 1869)	Insecta	216	Animalia
1737131	3	3	3	3	2	2	2	2	2	1	2	2		Epiphyas postvittana (Walker, 1863)	Insecta	216	Animalia
1749449	0	3	1	3	0	1	1	1	0	1	1	1	0.7133194107256325	Cameraria ohridella Deschka & Dimić, 1986	Insecta	216	Animalia
1749580	1	1	1	1	1	1	2	3	1	1	2	3	0.8390936483712167	Phyllocnistis citrella Stainton, 1856	Insecta	216	Animalia
1751299	1	3	1	2	1	1	1	2	1	1	1	2	0.998503074847053	Bucculatrix ainsliella Murtfeldt, 1905	Insecta	216	Animalia
1798504	3	3			1	1			1	1				Dysgonia algira Linnaeus, 1767	Insecta	216	Animalia
1830823	2	2			3	3			2	2				Prays citri Millière, 1873	Insecta	216	Animalia
1852787	2	3	2	1	2	3	2	3	2	2	2	3		Blastobasis lacticolella Rebel, 1939	Insecta	216	Animalia
1852831	3	3	3	3	3	3	3	1	1	2	2	1		Blastobasis adustella Walsingham, 1894	Insecta	216	Animalia
1873890	1	1			1	1			1	1				Cadra cautella (Walker, 1863)	Insecta	216	Animalia
1873903	3	1			1	1			1	1				Cadra figulilella (Gregson, 1871)	Insecta	216	Animalia
1885213	3	3			2	2			2	2				Crocidophora butleri South, 1901	Insecta	216	Animalia
1891245	1	1			1	1			1	1				Sufetula diminutalis Walker, 1865	Insecta	216	Animalia
1920491	1	1	1	1	2	2	2	2	1	1	1	1		Pieris mannii (Mayer, 1851)	Insecta	216	Animalia
1932752	2	2			2	2			2	2				Cacyreus marshalli Butler, 1897	Insecta	216	Animalia
1941864	1	1	1	1	1	1	1	1	1	1	2	3		Paysandisia archon (Burmeister, 1880)	Insecta	216	Animalia
1997215	3	3	3	3	3	3	3	3	3	3	2	2	1.6107810570782684	Blattella germanica (Linnaeus, 1767)	Insecta	216	Animalia
1998083	1	1			1	1			1	1				Ectobius vittiventris (Costa, 1847)	Insecta	216	Animalia
1998599	1	1			1	1			3	3				Cariblatta lutea (Saussure & Zehntner, 1893)	Insecta	216	Animalia
2000152	2	2			3	3			2	2				Periplaneta americana (Linnaeus, 1758)	Insecta	216	Animalia
2000204	3	3	3	3	3	3	3	3	3	3	2	3	1.3490079272631346	Periplaneta australasiae (Fabricius, 1775)	Insecta	216	Animalia
2008616	0	1	1	3	0	3	1	1	0	3	1	1	0.8102783229584426	Empicoris rubromaculatus (Blackburn, 1888)	Insecta	216	Animalia
2020655	3	3	3	3	3	3	3	3	3	3	1	3	1.3795411554136432	Corythucha ciliata (Say, 1832)	Insecta	216	Animalia
2020686	3	3	3	0	3	3	3	0	3	3	3	0	1.1792208690638275	Stephanitis takeyai Drake & Maa, 1955	Insecta	216	Animalia
2020779	1	1			3	1			3	3				Buchananiella continua (White, 1880)	Insecta	216	Animalia
2026623	1	1			3	3			3	3				Pediopsoides sharmai (Viraktamath, 1981)	Insecta	216	Animalia
2029273	3	2	3	3	2	2	3	3	2	2	2	3		Zygina nivea (Mulsant & Rey, 1855)	Insecta	216	Animalia
2037925	3	3	2	2	3	3	2	2	3	3	2	2	1.557666896261076	Orientus ishidae (Matsumura, 1902)	Insecta	216	Animalia
2037991	1	1			3	3			1	1				Liguropia juniperi (Lethierry, 1876)	Insecta	216	Animalia
2038171	3	3	3	3	3	3	3	3	3	3	1	1	1.083416949561124	Opsius stactogalus Fieber, 1866	Insecta	216	Animalia
2041682	3	3	2	3	3	3	2	3	3	3	0	3	1.2921523410768816	Graphocephala fennahi Young, 1977	Insecta	216	Animalia
2049296	3	3	3	3	1	1	1	1	2	2	2	2		Pithyotettix abietinus (Fallén, 1806)	Insecta	216	Animalia
2049661	1	1	0	1	1	1	0	1	1	1	0	1	0.7679389593670162	Adelges abietis (Linnaeus, 1758)	Insecta	216	Animalia
2072196	3	3			2	2			2	2				Aphis nerii Boyer de Fonscolombe, 1841	Insecta	216	Animalia
2077209	1	1			1	1			3	3				Idiopterus nephrelepidis Davis, 1909	Insecta	216	Animalia
2077985	1	1	1	1	3	2	1	1	3	2	3	3		Impatientinum asiaticum Nevsky, 1929	Insecta	216	Animalia
2078259	1	1			3	3			3	3				Neotoxoptera formosana (Takahashi, 1921)	Insecta	216	Animalia
2078852	3	2	2	2	3	2	0	2	3	0	0	0	2.5917887617479134	Nezara viridula (Linnaeus, 1758)	Insecta	216	Animalia
2080592	2	2	3	1	3	3	1	1	3	3	1	1		Icerya purchasi Maskell, 1879	Insecta	216	Animalia
2092040	1	1			3	3			2	2				Pulvinaria regalis Canard, 1968	Insecta	216	Animalia
2095283	3	3	1	1	3	3	1	1	3	3	3	3		Pseudococcus longispinus (Targioni Tozzetti, 1867)	Insecta	216	Animalia
2115769	1	1	1	1	1	1	1	1	1	1	1	1	0.8629959580037151	Austrominius modestus (Darwin, 1854)			Animalia
2128502	2	2			2	2			1	1				Aceria erinea (Nalepa, 1891)	Arachnida	367	Animalia
2142456	0	0	1	1	0	0	1	1	0	0	1	1	0.6701001543519777	Uloborus plumipes Lucas, 1846	Arachnida	367	Animalia
2149679	0	0	3	2	0	0	2	1	0	0	1	1	0.5084910254228827	Holocnemus pluchei (Scopoli, 1763)	Arachnida	367	Animalia
2153287	3	3	3	3	3	3	3	3	3	3	3	3	1.9840121359165777	Zoropsis spinimana (Dufour, 1820)	Arachnida	367	Animalia
2157203	3	3	3	3	2	2	1	1	2	2	1	1		Steatoda nobilis (Thorell, 1875)	Arachnida	367	Animalia
2157245	0	0	3	0	0	0	3	0	0	0	3	0	0.7889916308547047	Steatoda grossa (C.L.Koch, 1838)	Arachnida	367	Animalia
2164198	3	3			3	3			2	2				Cheiracanthium mildei L.Koch, 1864	Arachnida	367	Animalia
2169430	1	2	3	3	3	3	3	3	3	3	2	3		Macaroeris nidicolens (Walckenaer, 1802)	Arachnida	367	Animalia
2174528	0	2	2	2	0	3	3	3	0	2	2	2	0.7189541296470056	Saitis barbipes (Simon, 1868)	Arachnida	367	Animalia
2176858	3	3	1	1	1	1	1	1	3	3	1	1		Philaeus chrysops (Poda, 1761)	Arachnida	367	Animalia
2177741	1	1	1	1	1	1	3	3	1	1	1	1	0.935045823433929	Hasarius adansoni (Audouin, 1826)	Arachnida	367	Animalia
2188249	1	1			2	2			2	2				Varroa destructor Anderson & Trueman, 2000	Arachnida	367	Animalia
2204981	1	1			1	1			3	2				Trichorhina tomentosa (Budde-Lund, 1893)	Malacostraca	229	Animalia
2211599	2	1	1	1	1	1	1	1	1	1	3	3		Ianiropsis serricaudis Gurjanova, 1936	Malacostraca	229	Animalia
2217982	3	3	1	3	3	3	1	3	3	3	1	3	1.462189843953735	Crangonyx pseudogracilis Bousfield, 1958	Malacostraca	229	Animalia
2220312	2	1			2	1			2	1				Hemimysis anomala G.O.Sars, 1907	Malacostraca	229	Animalia
2220347	3	3	2	1	3	3	1	1	3	3	1	1	1.3332652217491416	Limnomysis benedeni Czerniavsky, 1882	Malacostraca	229	Animalia
2225772	3	3	3	3	3	3	3	3	3	3	3	3	1.4710803158394117	Hemigrapsus sanguineus (De Haan, 1835)	Malacostraca	229	Animalia
2225776	2	3	3	3	2	3	3	3	3	3	3	3	0.9959830003702397	Eriocheir sinensis H.Milne Edwards, 1853	Malacostraca	229	Animalia
2226990	3	3	3	3	3	3	3	3	3	3	3	3	1.0450155145454016	Pacifastacus leniusculus (Dana, 1852)	Malacostraca	229	Animalia
2227289	3	3	2	2	3	3	2	2	3	3	3	3	1.4900956894029975	Procambarus acutus (Girard, 1852)	Malacostraca	229	Animalia
2227300	3	3	3	3	3	3	3	3	3	3	3	3	1.248222645688271	Procambarus clarkii (Girard, 1852)	Malacostraca	229	Animalia
2227663	3	1	3	3	3	1	3	3	3	1	3	3	1.0701300381053822	Rhithropanopeus harrisii (Gould, 1841)	Malacostraca	229	Animalia
2285504	1	1	1	1	3	3	3	3	2	2	2	2		Yoldia limatula (Say, 1831)	Bivalvia	137	Animalia
2286388	1	1	1	1	1	2	2	2	1	1	1	1		Mulinia lateralis (Say, 1822)	Bivalvia	137	Animalia
2287072	1	1	1	1	1	1	1	1	1	1	1	1	0.9738364220048717	Dreissena polymorpha (Pallas, 1771)	Bivalvia	137	Animalia
2287073	1	2	1	1	1	2	1	1	1	2	1	1	0.8643635576773284	Dreissena bugensis (Andrusov, 1897)	Bivalvia	137	Animalia
2288926	1	1	1	1	2	1	2	1	1	1	1	1		Potamocorbula amurensis (Schrenck, 1862)	Bivalvia	137	Animalia
2294275	3	3			3	3			3	3				Eobania vermiculata (O.F.Müller, 1774)	Gastropoda	225	Animalia
2294277	1	1	1	1	1	1	1	1	1	1	1	1	0.6795056366496176	Theba pisana (O.F.Müller, 1774)	Gastropoda	225	Animalia
2294284	0	0			0	0			0	0			0.23167151695244542	Otala lactea (O.F.Müller, 1774)	Gastropoda	225	Animalia
2295442	1	1	3	3	1	1	1	3	1	1	1	3	0.8841559663137636	Limacus flavus (Linnaeus, 1758)	Gastropoda	225	Animalia
2296807	1	1	2	2	1	1	2	2	1	1	2	2	0.31625143264922406	Cochlicella barbara (Linnaeus, 1758)	Gastropoda	225	Animalia
2297108	0	0	2	2	0	0	2	3	0	0	3	3	0.45097128901283806	Milax gagates (Draparnaud, 1801)	Gastropoda	225	Animalia
2307726	1	1			1	1			2	2				Microscolex phosphoreus (Dugès, 1837)	Clitellata	255	Animalia
2320810	1	1	1	1	1	1	1	1	3	3	3	3		Boccardia proboscidea Hartman, 1940	Polychaeta	256	Animalia
2327735	3	3	1	1	3	3	1	1	3	3	1	1	1.1539800551009696	Ficopomatus enigmaticus (Fauvel, 1923)	Polychaeta	256	Animalia
2337607	0	0	0	0	0	0	0	0	0	0	1	0	0.3084493265566021	Silurus glanis Linnaeus, 1758			Animalia
2362030	1	1	3	3	1	1	3	3	1	1	3	3	0.9321931324012853	Ctenopharyngodon idella (Valenciennes, 1844)			Animalia
2362868	1	1	1	1	1	1	1	1	1	1	1	1	0.888616232158549	Pseudorasbora parva (Temminck & Schlegel, 1846)			Animalia
2366634	1	1	1	1	1	1	1	1	1	1	1	1	0.8236790194716631	Carassius gibelio (Bloch, 1782)			Animalia
2367742	0	1			0	1			0	2			0.7471037579671481	Pimephales promelas Rafinesque, 1820			Animalia
2367911	0	1	0	1	3	1	3	1	3	1	3	1	12.64015881464535	Misgurnus mohoity (Dybowski, 1869)			Animalia
2379089	0	0	1	1	1	0	1	1	1	0	1	1	0.6725721173870425	Neogobius melanostomus (Pallas, 1814)			Animalia
2379245	0	1	1	1	0	1	1	2	0	1	1	2	0.4575929035714963	Proterorhinus semilunaris (Heckel, 1837)			Animalia
2382155	0	1	0	1	0	1	0	0	0	1	0	0	0.7897009162494971	Sander lucioperca (Linnaeus, 1758)			Animalia
2394486	3	3	3	3	3	3	3	3	3	3	3	3	1.1702673999115292	Lepomis gibbosus (Linnaeus, 1758)			Animalia
2426640	2	0	0	0	3	0	0	0	3	0	0	0	1.0922731502734229	Pelophylax bedriagae (Camerano, 1882)	Amphibia	131	Animalia
2426661	3	3	3	3	3	3	3	3	3	3	3	3	1.1109076066663033	Pelophylax ridibundus (Pallas, 1771)	Amphibia	131	Animalia
2427091	1	0	3	1	1	0	1	1	1	0	1	1	0.7681073123211738	Lithobates catesbeianus (Shaw, 1802)	Amphibia	131	Animalia
2435035	3	3	3	3	1	3	3	3	1	3	3	3	0.9968648719064099	Felis catus Linnaeus, 1758	Mammalia	359	Animalia
2436940	3	3	3	3	3	3	3	3	3	3	3	3	1.143123612753355	Oryctolagus cuniculus (Linnaeus, 1758)	Mammalia	359	Animalia
2437282	1	1			1	1			1	1				Tamiasciurus hudsonicus (Erxleben, 1777)	Mammalia	359	Animalia
2437397	1	1			1	1			2	2				Callosciurus prevostii (Desmarest, 1822)	Mammalia	359	Animalia
2437450	0	1	3	1	0	1	3	1	0	1	3	1	0.8920147134120928	Tamias sibiricus (Laxmann, 1769)	Mammalia	359	Animalia
2437619	1	1	1	1	3	3	1	1	2	2	3	2		Dolichotis patagonum (Zimmermann, 1780)	Mammalia	359	Animalia
2439261	3	3	3	3	3	3	3	3	3	3	3	3	1.3030231435311013	Rattus norvegicus (Berkenhout, 1769)	Mammalia	359	Animalia
2439270	2	3	3	1	2	3	3	1	2	3	3	1		Rattus rattus (Linnaeus, 1758)	Mammalia	359	Animalia
2440196	1	1	1	1	1	1	1	1	3	3	1	1		Macropus rufogriseus (Desmarest, 1817)	Mammalia	359	Animalia
2440946	0	0	1	1	0	0	1	2	0	0	1	2	0.8283517075108031	Muntiacus reevesi (Ogilby, 1839)	Mammalia	359	Animalia
2440954	2	2	0	0	1	1	0	0	1	1	0	0		Cervus nippon Temminck, 1838	Mammalia	359	Animalia
2441905	1	1			3	3			2	2				Chelydra serpentina (Linnaeus, 1758)	Testudines	11418114	Animalia
2443002	1	1	2	2	1	1	2	2	1	1	2	2	0.9658176881925794	Trachemys scripta (Thunberg In Schoepff, 1792)	Testudines	11418114	Animalia
2445034	2	2			2	2			3	3				Tarentola mauritanica (Linnaeus, 1758)	Squamata	11592253	Animalia
2455615	1	1			1	1			1	1			0.6296478755770027	Pantherophis guttatus (Linnaeus, 1766)	Squamata	11592253	Animalia
2469188	1	1	1	1	1	1	1	1	1	1	1	1	0.7242146130145048	Podarcis muralis (Laurenti, 1768)	Squamata	11592253	Animalia
2473341	3	1	1	1	1	1	1	3	1	1	1	3	1.0061983467370503	Numida meleagris (Linnaeus, 1758)	Aves	212	Animalia
2473477	3	3	3	3	3	3	3	3	3	3	3	3	1.0597150110405373	Syrmaticus reevesii (J.E.Gray, 1829)	Aves	212	Animalia
2474029	2	2			2	2			2	2				Alectoris chukar (J.E.Gray, 1830)	Aves	212	Animalia
2474051	1	1			1	1			1	1			0.9565472023677425	Alectoris rufa (Linnaeus, 1758)	Aves	212	Animalia
2474416	1	1	1	1	1	1	1	1	2	2	2	2		Porphyrio porphyrio (Linnaeus, 1758)	Aves	212	Animalia
2474936	1	1			1	1			1	1			0.7786954867156427	Anthropoides virgo (Linnaeus, 1758)	Aves	212	Animalia
2475235	1	1			1	1			3	3				Tauraco leucotis (Ruppell, 1835)	Aves	212	Animalia
2475648	2	1	1	1	3	1	2	2	3	2	2	2	1.016766762388079	Dacelo novaeguineae (Hermann, 1783)	Aves	212	Animalia
2479226	3	3	3	3	3	3	3	3	3	3	3	3	1.1599521227729261	Psittacula krameri (Scopoli, 1769)	Aves	212	Animalia
2479311	0	2	1	1	0	1	1	1	0	2	2	2	0.530071677014417	Platycercus elegans (Gmelin, 1788)	Aves	212	Animalia
2479329	1	1	1	1	1	1	1	1	2	2	1	1		Platycercus eximius (Shaw, 1792)	Aves	212	Animalia
2479407	3	3	3	3	3	3	3	3	3	3	3	3	1.0589174824891925	Myiopsitta monachus (Boddaert, 1783)	Aves	212	Animalia
2479544	3	3	3	3	2	2	1	1	1	2	1	1		Agapornis fischeri Reichenow, 1887	Aves	212	Animalia
2479798	1	1	1	1	1	1	1	2	1	1	1	2	0.8807257308760111	Melopsittacus undulatus (Shaw, 1805)	Aves	212	Animalia
2479804	1	1			1	1			3	3				Pyrrhura molinae (Massena & Souance, 1854)	Aves	212	Animalia
2479925	1	1			1	1			3	3				Alisterus scapularis (Lichtenstein, 1816)	Aves	212	Animalia
2479977	1	1	1	1	1	1	1	1	1	1	1	1	0.9792651514938435	Nymphicus hollandicus (Kerr, 1792)	Aves	212	Animalia
2480350	1	0			3	0			3	0			1.014006779483915	Pelecanus onocrotalus Linnaeus, 1758	Aves	212	Animalia
2480372	0	0	0	2	0	0	0	1	0	1	0	1	0.25307083781612194	Elanus caeruleus (Desfontaines, 1789)	Aves	212	Animalia
2480410	1	3	1	1	1	3	1	1	1	3	1	1	0.9838350900509751	Parabuteo unicinctus (Temminck, 1824)	Aves	212	Animalia
2480446	3	3			3	3			2	2				Haliaeetus leucocephalus (Linnaeus, 1766)	Aves	212	Animalia
2480491	1	0	1	0	1	0	1	0	1	0	1	1	0.6857535865977924	Circus macrourus (S.G.Gmelin, 1770)	Aves	212	Animalia
2480524	0	0			0	0			0	0			0.47043413090743363	Buteo lagopus (Pontoppidan, 1763)	Aves	212	Animalia
2480649	2	3			1	1			1	1				Gypaetus barbatus (Linnaeus, 1758)	Aves	212	Animalia
2480685	1	2	3	2	1	1	3	1	1	2	3	2	0.7527792433983991	Hieraaetus pennatus (Gmelin, 1788)	Aves	212	Animalia
2480764	1	1	1	0	1	1	1	0	1	1	1	0	0.8214804581011296	Threskiornis aethiopicus (Latham, 1790)	Aves	212	Animalia
2480773	1	1	1	0	1	1	1	0	1	1	1	0	0.8303445013213592	Plegadis falcinellus (Linnaeus, 1766)	Aves	212	Animalia
2480906	0	0	1	0	0	0	1	0	0	0	1	0	0.6951719158393788	Ardeola ralloides (Scopoli, 1769)	Aves	212	Animalia
2481062	0	0	1	0	0	0	1	0	0	0	1	0	0.8376147914519019	Falco vespertinus Linnaeus, 1766	Aves	212	Animalia
2481134	1	1			1	1			1	1			0.8607121822152546	Larus delawarensis Ord, 1815	Aves	212	Animalia
2481263	0	0	1	0	0	0	1	0	0	0	1	0	0.7822509803457244	Gelochelidon nilotica (J.F.Gmelin, 1789)	Aves	212	Animalia
2481670	1	1			1	1			2	2				Limnodromus scolopaceus (Say, 1822)	Aves	212	Animalia
2481703	0	0	0	0	0	0	0	0	0	0	0	0	0.6045687100713496	Xenus cinereus (Güldenstädt, 1775)	Aves	212	Animalia
2481719	0	0	0	0	0	0	0	0	0	0	0	0	0.6956306717343477	Tringa stagnatilis (Bechstein, 1803)	Aves	212	Animalia
2481744	0	0	0	0	0	0	0	0	0	0	0	0	0.6508294752995184	Calidris melanotos (Vieillot, 1819)	Aves	212	Animalia
2481959	0	0	0	0	0	0	0	0	0	0	0	0	0.8508571559781839	Gavia arctica (Linnaeus, 1758)	Aves	212	Animalia
2481962	0	0	0	0	0	0	0	0	0	0	0	0	0.833828915172735	Gavia immer (Brunnich, 1764)	Aves	212	Animalia
2484605	1	0			1	0			1	0			0.5840573592431713	Bombycilla garrulus (Linnaeus, 1758)	Aves	212	Animalia
2486132	3	1	1	1	1	1	1	1	1	1	1	1		Pycnonotus leucotis (Gould, 1836)	Aves	212	Animalia
2489075	1	1			1	1			2	2				Lamprotornis superbus Rüppell, 1845	Aves	212	Animalia
2490384	2	2			2	2			3	3				Cardinalis cardinalis (Linnaeus, 1758)	Aves	212	Animalia
2492867	0	0	1	0	0	0	1	0	0	0	1	0	0.6792978318787398	Lanius senator Linnaeus, 1758	Aves	212	Animalia
2493618	1	1			1	1			3	3				Lonchura striata (Linnaeus, 1766)	Aves	212	Animalia
2493633	1	0	1	1	1	0	1	1	1	0	1	1	0.8104518999625933	Taeniopygia guttata (Vieillot, 1817)	Aves	212	Animalia
2494303	3	3	0	1	3	3	0	1	1	3	0	1	1.0123602593998355	Serinus canaria (Linnaeus, 1758)	Aves	212	Animalia
2495414	3	3	3	3	3	3	3	3	3	3	3	3	1.2436163650463723	Columba livia J.F.Gmelin, 1789	Aves	212	Animalia
2495494	1	3			1	3			1	3			0.6773258186522173	Geopelia cuneata (Latham, 1801)	Aves	212	Animalia
2497701	1	1	1	1	2	2	1	1	2	2	2	2		Otus scops (Linnaeus, 1758)	Aves	212	Animalia
2498015	1	1	3	1	1	1	3	0	1	0	3	0	0.9287235109778913	Tadorna ferruginea (Pallas, 1764)	Aves	212	Animalia
2498026	0	0	0	0	0	0	0	0	0	0	0	0	0.5166704321912181	Anser erythropus (Linnaeus, 1758)	Aves	212	Animalia
2498034	1	3	1	3	1	3	1	3	1	3	1	3	0.9545770109048567	Anser cygnoides (Linnaeus, 1758)	Aves	212	Animalia
2498035	3	3	3	3	3	3	3	3	3	3	3	3	1.036847123185732	Anser indicus (Latham, 1790)	Aves	212	Animalia
2498046	1	3	1	1	1	3	1	1	1	3	1	1	0.9122399264194285	Chenonetta jubata (Latham, 1801)	Aves	212	Animalia
2498090	1	0	0	2	0	0	0	1	0	0	0	2	0.8919174938981981	Anas bahamensis Linnaeus, 1758	Aves	212	Animalia
2498094	1	1			1	1			1	1			0.9258968381508899	Anas capensis J.F.Gmelin, 1789	Aves	212	Animalia
2498161	1	3	3	3	1	3	3	3	1	3	3	3	0.7852071032592447	Anser rossii Cassin, 1861	Aves	212	Animalia
2498163	1	1	1	2	1	1	1	2	1	1	3	1	0.8783430600746774	Anser canagicus (Sevastianov, 1802)	Aves	212	Animalia
2498167	0	0	1	0	0	0	1	0	0	0	1	0	0.7796064341785852	Anser caerulescens (Linnaeus, 1758)	Aves	212	Animalia
2498252	3	1	3	1	3	1	3	1	3	1	1	1	1.0336668292997668	Alopochen aegyptiaca (Linnaeus, 1766)	Aves	212	Animalia
2498259	0	0	0	0	0	0	0	0	0	0	0	0	0.6194518093838731	Aythya nyroca (Güldenstädt, 1770)	Aves	212	Animalia
2498305	0	0	0	0	0	0	0	0	0	0	0	0	0.6864991311185611	Oxyura jamaicensis (J.F.Gmelin, 1789)	Aves	212	Animalia
2498329	3	3	1	1	3	3	1	1	3	3	1	1	1.2290920367798468	Bucephala albeola (Linnaeus, 1758)	Aves	212	Animalia
2498344	3	3	3	3	3	3	3	3	3	3	3	3	1.1897394638057017	Cygnus atratus (Latham, 1790)	Aves	212	Animalia
2498384	1	1	1	1	1	1	1	1	1	1	1	1	0.9323802281210363	Callonetta leucophrys (Vieillot, 1816)	Aves	212	Animalia
2498387	0	3	0	1	0	1	0	1	0	1	0	1	0.7934811508008844	Aix sponsa (Linnaeus, 1758)	Aves	212	Animalia
2498388	1	3	1	1	1	3	1	1	1	3	1	1	1.001589856175604	Aix galericulata (Linnaeus, 1758)	Aves	212	Animalia
2498402	3	3	3	3	3	1	3	3	1	1	3	3	1.0113738160007573	Dendrocygna bicolor (Vieillot, 1816)	Aves	212	Animalia
2498408	1	1	0	1	1	1	0	1	1	1	1	1	0.9135740403718565	Lophodytes cucullatus (Linnaeus, 1758)	Aves	212	Animalia
2501248	3	3	3	3	3	3	2	2	3	3	2	2	1.206460937798808	Mnemiopsis leidyi A.Agassiz, 1865	Tentaculata	365	Animalia
2502810	1	1			1	1			3	3				Caenoplana coerulea Moseley, 1877			Animalia
2515351	1	1			2	2			3	3				Puccinia oxalidis Dietel & Ellis	Pucciniomycetes	270	Fungi
2516075	1	1	1	1	1	1	1	1	1	1	1	1	0.8574902025058826	Cumminsiella mirabilissima (Peck) Nannf.	Pucciniomycetes	270	Fungi
2516419	1	1			1	1			1	1			0.7422007938664956	Tranzschelia discolor (Fuckel) Tranzschel & M.A.Litv.	Pucciniomycetes	270	Fungi
2516809	0	0			0	0			0	0			0.73877244691859	Melampsoridium betulinum (Pers.) Kleb.	Pucciniomycetes	270	Fungi
2537743	2	2	1	1	2	2	1	1	3	3	3	3		Lentinula edodes (Berk.) Pegler	Agaricomycetes	186	Fungi
2598552	0	0	1	1	0	0	2	2	0	0	1	1	0.7860583584142671	Seifertia azaleae (Peck) Partr. & Morgan-Jones	Dothideomycetes	183	Fungi
2650107	3	3	1	3	3	3	1	3	3	3	1	3	1.0786254896084846	Azolla filiculoides Lam.	Polypodiopsida	7228684	Plantae
2650827	3	3	1	1	1	3	1	1	1	3	1	1	0.9271165518413281	Cyrtomium fortunei J.Sm.	Polypodiopsida	7228684	Plantae
2650829	3	3			2	3			2	3				Cyrtomium falcatum (L.fil.) C.Presl	Polypodiopsida	7228684	Plantae
2650903	3	1	1	1	3	1	1	2	3	1	1	2	1.0250181365992423	Onoclea sensibilis L.	Polypodiopsida	7228684	Plantae
2651122	3	3	3	3	1	1	1	1	1	1	3	1		Polystichum munitum (Kaulf.) C.Presl	Polypodiopsida	7228684	Plantae
2651816	3	3			3	3			3	3			1.0178856197044874	Adiantum capillus-veneris L.	Polypodiopsida	7228684	Plantae
2651826	3	3	1	1	3	3	2	3	3	3	3	3	1.1813878087208636	Adiantum raddianum C.Presl	Polypodiopsida	7228684	Plantae
2677047	3	3	3	3	3	3	3	3	3	3	3	3	1.0782227590811744	Orthodontium lineare Schwägr.	Bryopsida	327	Plantae
2683866	3	3	3	3	1	3	1	3	1	3	1	1	0.9887209971327947	Chamaecyparis lawsoniana (A.Murray bis) Parl.	Pinopsida	194	Plantae
2684120	1	1			1	1			1	1			0.637570844117195	Sequoiadendron giganteum (Lindl.) J.T.Buchholz	Pinopsida	194	Plantae
2684171	3	3	3	3	3	3	3	1	3	3	3	1	1.1499436099978508	Thuja plicata Donn ex D.Don	Pinopsida	194	Plantae
2684178	1	1			1	1			1	1			0.9929635680450881	Thuja occidentalis L.	Pinopsida	194	Plantae
2684191	0	0			0	0			0	0			0.7038647771203224	Taxodium distichum (L.) Rich.	Pinopsida	194	Plantae
2684984	3	3			1	1			2	2				Araucaria araucana (Molina) K.Koch	Pinopsida	194	Plantae
2685361	3	3	3	3	3	3	3	3	3	3	3	3	1.0435292031200951	Abies grandis (Douglas ex D.Don) Lindl.	Pinopsida	194	Plantae
2685484	1	1	1	1	1	1	1	1	1	1	1	1	0.9386437182581086	Abies alba Mill.	Pinopsida	194	Plantae
2685552	1	1			1	1			1	1			0.9422627199073893	Abies nordmanniana (Steven) Spach	Pinopsida	194	Plantae
2685796	1	1	1	1	1	1	1	1	1	1	1	1	0.9475038948577792	Pseudotsuga menziesii (Mirb.) Franco	Pinopsida	194	Plantae
2686157	3	3	0	1	3	3	0	1	3	3	0	1	1.0390667416074535	Larix kaempferi (Lamb.) Carrière	Pinopsida	194	Plantae
2686212	1	1	1	1	1	1	1	1	1	1	1	1	0.9037473945111142	Larix decidua Mill.	Pinopsida	194	Plantae
2687182	2	1			1	1			2	1				Tsuga canadensis (L.) Carrière	Pinopsida	194	Plantae
2687210	1	1	1	1	1	1	1	1	1	1	1	1	0.8764154938444987	Tsuga heterophylla (Raf.) Sarg.	Pinopsida	194	Plantae
2687885	3	3			3	3			2	2				Ginkgo biloba L.	Ginkgoopsida	244	Plantae
2688189	0	1			0	1			0	1			0.6772162045629508	Selaginella kraussiana (Kunze) A.Braun	Lycopodiopsida	245	Plantae
2700768	1	1			1	1			1	1			0.7260210107516786	Luzula nivea (Nathh.) DC.	Liliopsida	196	Plantae
2701578	1	1	1	1	1	1	1	1	1	1	1	1	0.7731486379182698	Juncus foliosus Desf.	Liliopsida	196	Plantae
2701612	2	3	1	1	1	1	1	1	1	1	2	3		Juncus ensifolius Wikstr.	Liliopsida	196	Plantae
2701879	3	3	3	3	1	1	1	1	1	1	1	1		Juncus striatus Schousb. ex E.Mey.	Liliopsida	196	Plantae
2701986	3	3	3	3	3	3	3	3	3	3	3	3	1.1052494832606758	Juncus canadensis J.Gay ex Laharpe	Liliopsida	196	Plantae
2702058	1	1	1	1	1	1	1	1	1	1	1	1	0.7098226532832622	Juncus anthelatus (Wiegand) R.E.Brooks	Liliopsida	196	Plantae
2702084	3	3	3	3	3	3	3	3	3	3	3	3	1.0932444547348004	Juncus tenuis Willd.	Liliopsida	196	Plantae
2702727	0	0	0	0	0	0	0	0	0	0	0	0	0.9315374052051476	Festuca myuros L.	Liliopsida	196	Plantae
2702792	1	2	1	1	1	2	1	1	1	2	1	3	0.974365606149681	Briza maxima L.	Liliopsida	196	Plantae
2702808	3	3	3	3	3	3	3	3	3	3	3	3	1.1765695168059562	Echinochloa crus-galli (L.) P.Beauv.	Liliopsida	196	Plantae
2702816	1	1	1	1	1	1	1	1	1	1	1	1	0.9080707923741763	Echinochloa muricata (P.Beauv.) Fernald	Liliopsida	196	Plantae
2702822	1	1			1	1			1	1			1.005181579287165	Echinochloa frumentacea Link	Liliopsida	196	Plantae
2703041	1	1			1	1			1	1				Arundo donax L.	Liliopsida	196	Plantae
2703663	1	1			1	1			1	1			0.7752626277117527	Bromus rigidus Roth	Liliopsida	196	Plantae
2703670	1	1			1	1			1	1			0.9690520882872908	Bromus inermis Leyss.	Liliopsida	196	Plantae
2703698	0	1	0	1	0	1	0	1	0	1	0	1	0.7096856444078147	Bromus sitchensis Trin.	Liliopsida	196	Plantae
2703712	0	1			0	1			0	1			0.7639770049553067	Bromus carinatus Hook. & Arn.	Liliopsida	196	Plantae
2703721	3	3	3	3	3	3	3	3	3	3	3	3	1.077267066752962	Bromus madritensis L.	Liliopsida	196	Plantae
2703723	3	3	3	1	3	3	3	3	3	3	3	2	1.1570119196519308	Bromus catharticus Vahl	Liliopsida	196	Plantae
2703740	1	1			1	1			2	3				Bromus rubens L.	Liliopsida	196	Plantae
2703760	3	3	3	3	3	3	3	3	3	3	3	3	1.1321985182117533	Bromus diandrus Roth	Liliopsida	196	Plantae
2704038	3	3			3	3			3	3			1.1157924178039913	Muhlenbergia mexicana (L.) Trin.	Liliopsida	196	Plantae
2704194	0	0	1	1	0	0	1	1	0	0	1	1	0.38692953987642364	Poa infirma Kunth	Liliopsida	196	Plantae
2704394	1	1			1	1			1	1			0.8890979465242436	Cynosurus echinatus L.	Liliopsida	196	Plantae
2704523	1	0	3	3	1	0	3	3	1	0	3	3	0.9564360258254722	Cortaderia selloana (Schult. & Schult.f.) Asch. & Graebn.	Liliopsida	196	Plantae
2704757	3	3	3	3	3	3	3	3	3	3	2	2	1.2912922161328249	Sporobolus indicus (L.) R.Br.	Liliopsida	196	Plantae
2704949	1	1	1	1	1	1	1	1	1	1	1	1	0.8894220745663519	Festuca trachyphylla (Hack.) Hack.	Liliopsida	196	Plantae
2705031	1	2	1	1	1	3	3	3	1	2	2	2	0.9438006562652022	Festuca glauca Vill.	Liliopsida	196	Plantae
2705081	1	3	1	1	1	3	3	3	1	3	3	2	0.9475818915429174	Panicum virgatum L.	Liliopsida	196	Plantae
2705090	3	3	3	3	3	3	3	3	3	3	3	3	1.1306153610776575	Panicum miliaceum L.	Liliopsida	196	Plantae
2705144	1	1	0	1	1	1	0	1	1	1	0	1	0.8856864672992126	Panicum dichotomiflorum Michx.	Liliopsida	196	Plantae
2705162	3	3	1	3	3	3	1	3	3	3	1	3	1.0199040650376463	Panicum capillare L.	Liliopsida	196	Plantae
2705181	3	3	3	3	3	3	3	3	3	3	3	3	1.3000021600401825	Sorghum bicolor (L.) Moench	Liliopsida	196	Plantae
2705185	3	3	3	3	3	3	3	3	3	3	3	3	1.19986439171848	Sorghum halepense (L.) Pers.	Liliopsida	196	Plantae
2705290	3	3	3	3	3	3	3	3	3	3	3	3	1.1681514825819963	Avena sativa L.	Liliopsida	196	Plantae
2705295	0	2			0	2			0	2			0.7321427669047853	Avena strigosa Schreb.	Liliopsida	196	Plantae
2705300	3	3			3	3			1	2				Avena barbata Pott ex Link	Liliopsida	196	Plantae
2705369	0	0			1	0			1	0			0.7592736946581118	Eragrostis cilianensis (All.) Vignolo ex Janch.	Liliopsida	196	Plantae
2705378	1	1	1	1	1	1	1	1	1	1	1	1	0.7919232209406442	Eragrostis curvula (Schrad.) Nees	Liliopsida	196	Plantae
2705400	1	1	0	2	1	1	0	2	1	1	0	2	0.8828755521934696	Eragrostis pilosa (L.) P.Beauv.	Liliopsida	196	Plantae
2705401	1	1	1	1	1	1	1	1	1	1	1	1	0.8793868336833188	Eragrostis multicaulis Steud.	Liliopsida	196	Plantae
2705449	1	3	3	1	1	3	3	1	1	3	3	1	0.9983526375135474	Eragrostis minor Host	Liliopsida	196	Plantae
2705953	3	3	1	1	3	3	1	1	3	3	1	1	1.049173436165759	Eleusine indica (L.) Gaertn.	Liliopsida	196	Plantae
2705966	3	3	1	3	3	3	1	3	3	3	1	3	1.0717025811213707	Secale cereale L.	Liliopsida	196	Plantae
2705972	1	1	1	1	1	1	1	1	1	1	1	1	0.9447184807912207	Anthoxanthum aristatum Boiss.	Liliopsida	196	Plantae
2706002	0	1			0	1			0	1			0.6821844584541751	Phleum paniculatum Huds.	Liliopsida	196	Plantae
2706026	0	0	0	1	0	0	0	1	0	0	0	1	0.6727757559795084	Miscanthus sinensis Andersson	Liliopsida	196	Plantae
2706052	0	0			0	0			0	0			0.6462788245533226	Hordeum jubatum L.	Liliopsida	196	Plantae
2706056	3	3	3	3	3	3	3	3	3	3	3	3	1.2480275026471754	Hordeum vulgare L.	Liliopsida	196	Plantae
2706406	1	1			3	3			3	3				Triticum turgidum L.	Liliopsida	196	Plantae
2715482	3	3	3	3	3	3	3	3	3	3	3	3	1.2204092565810243	Cyperus eragrostis Lam.	Liliopsida	196	Plantae
2716226	3	3	3	3	3	3	3	3	3	3	3	3	1.2236279420140408	Cyperus esculentus L.	Liliopsida	196	Plantae
2716838	3	1	1	1	3	1	1	1	3	2	3	3	1.1629086529727108	Eleocharis engelmannii Steud.	Liliopsida	196	Plantae
2717467	1	1	1	1	1	1	1	1	2	2	1	2		Eleocharis obtusa (Willd.) Schult.	Liliopsida	196	Plantae
2718377	1	1	1	1	1	1	1	1	1	1	1	1		Bolboschoenus planiculmis (F.Schmidt) T.V.Egorova	Liliopsida	196	Plantae
2720120	3	3	3	3	2	2	2	2	3	3	3	3		Scirpus atrovirens Willd.	Liliopsida	196	Plantae
2720269	1	1	1	1	2	2	2	2	2	2	2	2		Scirpus georgianus R.M.Harper	Liliopsida	196	Plantae
2722515	0	0	1	1	0	0	1	1	0	0	2	1	0.46800860041830733	Carex morrowii Boott	Liliopsida	196	Plantae
2726360	3	1	1	1	3	2	3	3	3	2	3	2	1.2415988785919396	Carex grayi J.Carey	Liliopsida	196	Plantae
2726538	2	2	1	1	1	1	1	1	2	2	2	2		Carex muskingumensis Schwein.	Liliopsida	196	Plantae
2726539	2	2			1	1			2	2				Carex scoparia Schkuhr ex Willd.	Liliopsida	196	Plantae
2739071	3	1	0	3	1	1	0	2	1	1	0	1	0.9853838542093466	Trachycarpus fortunei (Hook.) H.Wendl.	Liliopsida	196	Plantae
2747489	1	1			1	1			3	3				Crocus chrysanthus (Herb.) Herb.	Liliopsida	196	Plantae
2747564	3	3	3	3	3	3	3	3	3	3	3	3	1.3276182302327282	Crocus tommasinianus Herb.	Liliopsida	196	Plantae
2747567	3	3	3	3	3	3	3	3	3	3	3	3	1.273525244355948	Crocus vernus (L.) Hill	Liliopsida	196	Plantae
2747718	2	3			2	2			2	2				Crocus speciosus M.Bieb.	Liliopsida	196	Plantae
2747750	1	1	2	2	1	1	1	1	1	1	2	2	0.7486973834773782	Crocus ×luteus Lam.	Liliopsida	196	Plantae
2747939	3	3	3	3	3	3	3	3	3	3	3	3	1.564886606999215	Crocosmia ×crocosmiiflora (Lemoine) N.E.Br.	Liliopsida	196	Plantae
2753146	1	3	3	3	1	3	2	2	1	3	3	3	0.9707433732095243	Lilium martagon L.	Liliopsida	196	Plantae
2762737	1	1			1	1			2	3				Musa basjoo Siebold & Zucc. ex Iinuma	Liliopsida	196	Plantae
2764179	1	2			1	2			1	2			0.8187690876179439	Commelina communis L.	Liliopsida	196	Plantae
2765156	3	3			3	3			3	3			1.1739176195104828	Tradescantia fluminensis Vell.	Liliopsida	196	Plantae
2765272	3	3	3	3	3	3	3	3	3	3	3	3	1.259484005554583	Tradescantia virginiana L.	Liliopsida	196	Plantae
2766030	3	3	3	3	3	3	3	3	3	3	3	3	1.1485708926409215	Pontederia cordata L.	Liliopsida	196	Plantae
2767229	3	3	3	3	2	2	2	2	2	2	2	2		Scilla sardensis (Whittall ex Barr & Sugden) Speta	Liliopsida	196	Plantae
2767271	0	0	1	3	0	0	1	2	0	0	1	1	0.3332243188275837	Scilla luciliae (Boiss.) Speta	Liliopsida	196	Plantae
2767275	0	0	0	0	0	0	0	0	0	0	0	0	0.5740254705607054	Scilla forbesii (Baker) Speta	Liliopsida	196	Plantae
2767428	3	3	3	3	3	3	2	2	2	2	3	3		Puschkinia scilloides Adams	Liliopsida	196	Plantae
2769766	1	2			1	2			1	2			0.756282604633793	Ruscus aculeatus L.	Liliopsida	196	Plantae
2772082	3	3	2	2	3	3	3	3	2	2	2	2		Muscari latifolium J.Kirk	Liliopsida	196	Plantae
2772094	1	0	1	1	1	0	1	1	1	0	1	1	0.8664361941007612	Muscari botryoides (L.) Mill.	Liliopsida	196	Plantae
2772174	3	3	3	3	3	3	3	3	3	3	3	3	1.0986937030057038	Muscari armeniacum Leichtlin ex Baker	Liliopsida	196	Plantae
2772666	3	3	3	3	3	3	3	3	3	3	3	3	1.2806102794392078	Hyacinthus orientalis L.	Liliopsida	196	Plantae
2773281	1	3	1	1	1	3	1	1	1	3	1	1	0.9900180462282651	Ornithogalum nutans L.	Liliopsida	196	Plantae
2773453	3	3	3	3	3	3	3	3	3	3	2	2	1.1408509800127506	Ornithogalum divergens Boreau	Liliopsida	196	Plantae
2775530	1	2	0	0	1	2	0	0	1	2	0	0	0.8278159547304748	Yucca flaccida Haw.	Liliopsida	196	Plantae
2775619	1	1	3	3	1	1	3	3	1	1	3	3	0.975337388204544	Yucca gloriosa L.	Liliopsida	196	Plantae
2781074	3	3	3	3	3	3	3	3	3	3	3	3	1.1717183243882954	Hemerocallis fulva (L.) L.	Liliopsida	196	Plantae
2781103	1	1	1	2	1	1	1	3	1	1	1	3	0.9542338501186416	Hemerocallis lilioasphodelus L.	Liliopsida	196	Plantae
2840931	3	3	3	3	3	3	3	3	3	3	3	3	1.56668041297514	Goodyera repens (L.) R.Br.	Liliopsida	196	Plantae
2855338	3	3			1	1			1	1				Galanthus plicatus M.Bieb.	Liliopsida	196	Plantae
2855356	3	3	3	3	3	3	3	3	3	3	1	3	1.1715628691629625	Galanthus nivalis L.	Liliopsida	196	Plantae
2855398	2	1	2	3	2	1	2	2	3	1	2	2		Galanthus elwesii Hook.f.	Liliopsida	196	Plantae
2855439	1	0	3	3	1	0	2	2	1	0	2	2	0.809162182276395	Galanthus woronowii Losinsk.	Liliopsida	196	Plantae
2855705	1	1	1	1	1	1	1	1	1	1	1	1		Allium lusitanicum Lam.	Liliopsida	196	Plantae
2855823	2	2			2	3			2	2				Allium nigrum L.	Liliopsida	196	Plantae
2855825	2	2			1	1			1	1				Allium moly L.	Liliopsida	196	Plantae
2855860	3	3	3	3	3	3	3	3	1	3	3	3	1.0322060718844184	Allium schoenoprasum L.	Liliopsida	196	Plantae
2855893	2	2	1	1	2	3	1	1	1	1	1	1		Allium roseum L.	Liliopsida	196	Plantae
2856037	1	1			1	1			1	1				Allium ampeloprasum L.	Liliopsida	196	Plantae
2856457	0	0			1	0			1	0			0.5580975221785277	Allium triquetrum L.	Liliopsida	196	Plantae
2856780	2	2	2	2	2	3	2	2	3	3	3	3		Allium cristophii Trautv.	Liliopsida	196	Plantae
2856920	3	2	1	1	1	2	3	3	1	3	3	3	1.0037532565872989	Allium hollandicum R.M.Fritsch	Liliopsida	196	Plantae
2857017	3	3	3	3	3	1	2	3	3	1	2	1	1.2186813861075925	Allium paradoxum (M.Bieb.) G.Don	Liliopsida	196	Plantae
2857697	2	1			2	1			2	1				Allium cepa L.	Liliopsida	196	Plantae
2858581	1	3	1	1	1	3	1	1	1	3	1	1	0.8205196436255192	Narcissus poeticus L.	Liliopsida	196	Plantae
2858846	1	1			1	1			3	3				Narcissus bulbocodium L.	Liliopsida	196	Plantae
2858963	2	2			1	1			2	2				Narcissus tazetta L.	Liliopsida	196	Plantae
2859597	0	0	2	2	0	0	3	2	0	0	1	2	0.6806537862882128	Ipheion uniflorum (Graham) Raf.	Liliopsida	196	Plantae
2865448	0	0	0	0	0	0	0	0	0	0	0	0	0.7731710091294007	Elodea canadensis Michx.	Liliopsida	196	Plantae
2865524	1	1			3	3			3	3				Vallisneria australis S.W.L.Jacobs & Les	Liliopsida	196	Plantae
2865565	1	1	3	3	1	3	3	3	1	3	3	3	0.8487730478896869	Lagarosiphon major (Ridl.) Moss	Liliopsida	196	Plantae
2866850	1	1			1	1			3	3				Arisaema dracontium (L.) Schott	Liliopsida	196	Plantae
2867614	1	0	0	0	1	0	0	0	1	0	0	0	0.8674278302111005	Lemna minuta Kunth	Liliopsida	196	Plantae
2867631	0	0	0	0	0	0	0	0	0	0	0	0	0.4273046733423744	Lemna turionifera Landolt	Liliopsida	196	Plantae
2868827	0	0			0	0			0	0			0.6704227386593171	Zantedeschia aethiopica (L.) Spreng.	Liliopsida	196	Plantae
2869311	2	3	1	3	3	3	1	3	2	3	1	3		Lysichiton americanus Hultén & H.St.John	Liliopsida	196	Plantae
2869597	1	1	1	1	1	1	3	3	2	2	3	3		Sauromatum venosum (Dryand. ex Aiton) Kunth	Liliopsida	196	Plantae
2870583	1	0			1	0			1	0			0.8061032751324422	Pistia stratiotes L.	Liliopsida	196	Plantae
2873769	3	3	3	2	3	3	3	2	3	3	3	2	1.0724613470739266	Acorus calamus L.	Liliopsida	196	Plantae
2873861	3	3	3	3	3	3	3	3	3	3	3	3	1.1267953339925232	Linum usitatissimum L.	Magnoliopsida	220	Plantae
2873877	0	1	1	1	0	1	1	1	0	1	1	1	0.6878390988790244	Linum austriacum L.	Magnoliopsida	220	Plantae
2873926	0	1	3	2	0	1	2	2	0	1	2	2	0.46661226395026506	Linum grandiflorum Desf.	Magnoliopsida	220	Plantae
2873991	3	1	3	1	3	1	3	1	3	1	3	1	1.118615095143733	Aristolochia clematitis L.	Magnoliopsida	220	Plantae
2874199	1	2			1	2			1	2			0.922713286284612	Passiflora caerulea L.	Magnoliopsida	220	Plantae
2874508	1	2	0	0	1	2	0	0	1	2	0	0	0.8927797138854139	Cucurbita pepo L.	Magnoliopsida	220	Plantae
2874570	3	1	3	3	3	1	1	1	1	1	2	2	1.0110554867840371	Cucumis melo L.	Magnoliopsida	220	Plantae
2874621	1	1	3	3	1	1	2	2	1	1	1	1	0.9491463833134035	Citrullus lanatus (Thunb.) Matsum. & Nakai	Magnoliopsida	220	Plantae
2874706	1	1			1	1			1	1			0.854280981470401	Tamarix parviflora DC.	Magnoliopsida	220	Plantae
2875968	3	1	1	1	3	1	1	1	3	1	1	1	1.0367205238003734	Corylus colurna L.	Magnoliopsida	220	Plantae
2876049	3	3	3	3	3	3	3	3	3	3	3	3	1.2766800559641576	Corylus maxima Mill.	Magnoliopsida	220	Plantae
2876571	1	1			1	1			1	1			0.8118080855333253	Alnus ×pubescens Tausch	Magnoliopsida	220	Plantae
2876607	3	1	3	1	3	1	3	1	3	1	3	1	1.0621226422402927	Alnus cordata (Loisel.) Duby	Magnoliopsida	220	Plantae
2879098	3	3	2	3	3	3	0	3	3	3	0	3	1.5385318759330708	Quercus ilex L.	Magnoliopsida	220	Plantae
2879520	3	3	1	1	3	3	1	1	3	3	2	2	1.4925510349102966	Quercus conferta Kit.	Magnoliopsida	220	Plantae
2880539	1	3	1	3	1	3	1	3	1	3	1	3	1.0000761649920655	Quercus rubra L.	Magnoliopsida	220	Plantae
2880580	3	1	1	1	3	1	1	1	3	1	1	1	1.0888897648788167	Quercus cerris L.	Magnoliopsida	220	Plantae
2882841	3	3			2	2			2	2				Vaccinium macrocarpon Aiton	Magnoliopsida	220	Plantae
2882849	3	3	1	2	3	3	1	3	3	3	1	3	1.0349429319564092	Vaccinium corymbosum L.	Magnoliopsida	220	Plantae
2888323	3	1	2	2	3	1	3	2	3	1	2	2	1.1863867587456398	Clethra alnifolia L.	Magnoliopsida	220	Plantae
2888380	3	1	0	0	3	1	0	0	3	1	0	0	1.3090577400241599	Eschscholzia californica Cham.	Magnoliopsida	220	Plantae
2888435	3	1	3	1	1	1	1	1	2	1	1	1		Papaver bracteatum Lindl.	Magnoliopsida	220	Plantae
2888437	3	3	3	2	2	2	3	2	2	2	3	2		Papaver orientale L.	Magnoliopsida	220	Plantae
2888439	3	3	3	1	3	3	3	1	3	3	3	1	1.1726761068060292	Papaver somniferum L.	Magnoliopsida	220	Plantae
2888513	3	3	3	1	3	3	3	1	3	3	3	1	1.1839400983554311	Pseudofumaria lutea (L.) Borkh.	Magnoliopsida	220	Plantae
2888553	3	1	1	1	3	1	1	1	3	1	1	1	1.0662945948768991	Dicentra formosa (Andrews) Walp.	Magnoliopsida	220	Plantae
2888564	1	1	1	1	1	1	1	1	2	2	2	2		Lamprocapnos spectabilis (L.) Fukuhara	Magnoliopsida	220	Plantae
2888579	3	1	2	1	3	1	2	1	3	1	2	1	1.0453150043105013	Leycesteria formosa Wall.	Magnoliopsida	220	Plantae
2888585	0	0	0	0	0	0	0	0	0	0	0	0	0.5027403279981975	Viburnum tinus L.	Magnoliopsida	220	Plantae
2888622	3	1			3	1			3	1			1.195449673186978	Viburnum plicatum Thunb.	Magnoliopsida	220	Plantae
2888625	3	3	3	3	3	3	3	3	3	3	3	3	1.1316835738833841	Viburnum rhytidophyllum Hemsl. ex Forbes & Hemsl.	Magnoliopsida	220	Plantae
2888636	1	1			1	1			1	1			0.9634082204861071	Symphoricarpos orbiculatus Moench	Magnoliopsida	220	Plantae
2888740	3	3	3	3	3	3	3	3	3	3	3	3	1.3523788215520351	Centranthus ruber (L.) DC.	Magnoliopsida	220	Plantae
2888797	3	2	1	1	3	2	3	2	3	2	3	3	1.2790013254321224	Cephalaria gigantea (Ledeb.) Bobrov	Magnoliopsida	220	Plantae
2888806	3	3	1	1	3	3	1	1	3	3	3	3	1.5882459430797184	Scabiosa ochroleuca L.	Magnoliopsida	220	Plantae
2888814	3	3	3	3	3	3	3	1	3	3	3	3	1.2270174366495454	Dipsacus laciniatus L.	Magnoliopsida	220	Plantae
2888859	3	3	3	3	1	3	3	3	1	3	2	2	0.9021876895401506	Muehlenbeckia complexa (A.Cunn.) Meisn.	Magnoliopsida	220	Plantae
2888867	1	0	1	1	1	0	1	1	1	0	2	2	0.8014245729861893	Rheum rhabarbarum L.	Magnoliopsida	220	Plantae
2888978	1	1	1	1	1	1	2	3	1	1	2	2	0.8987887164780083	Rumex pulcher L.	Magnoliopsida	220	Plantae
2889019	1	0	1	1	1	0	1	1	1	0	1	1	0.8378981181869933	Rumex patientia L.	Magnoliopsida	220	Plantae
2889023	0	0			0	0			0	0			0.6519117937601723	Rumex stenophyllus Ledeb.	Magnoliopsida	220	Plantae
2889037	1	0			2	1			1	1				Rumex rugosus Campd.	Magnoliopsida	220	Plantae
2889088	3	3	3	1	3	2	2	1	3	2	2	1	1.0223811105875749	Reynoutria sachalinensis (F.Schmidt) Nakai	Magnoliopsida	220	Plantae
2889173	1	3	0	3	1	3	0	3	1	3	0	3	0.8788581565793951	Reynoutria japonica Houtt.	Magnoliopsida	220	Plantae
2889229	1	1	2	0	1	1	2	0	1	1	2	0	0.943529258479412	Persicaria orientalis (L.) Spach	Magnoliopsida	220	Plantae
2889304	3	3			3	3			3	3			1.0393975119516285	Persicaria capitata (Buch.-Ham. ex D.Don) H.Gross	Magnoliopsida	220	Plantae
2889358	1	1			1	1			2	3				Oxyria digyna (L.) Hill	Magnoliopsida	220	Plantae
2889373	3	3	3	1	3	3	3	1	3	3	3	1	1.265300748315493	Fagopyrum esculentum Moench	Magnoliopsida	220	Plantae
2889378	3	3			3	3			3	3			1.1231141170312267	Fagopyrum tataricum (L.) Gaertn.	Magnoliopsida	220	Plantae
2889934	2	1	0	1	2	1	0	1	2	1	0	1		Tropaeolum majus L.	Magnoliopsida	220	Plantae
2890013	1	1			1	1			1	1			0.6718543273256338	Geranium divaricatum Ehrh.	Magnoliopsida	220	Plantae
2890035	3	1	0	1	1	1	0	1	1	1	0	1	0.9865885446378854	Geranium ×oxonianum P.F.Yeo	Magnoliopsida	220	Plantae
2890122	3	3	3	3	3	3	3	3	3	3	3	3	1.2841599279862559	Geranium pyrenaicum Burm.f.	Magnoliopsida	220	Plantae
2890287	3	1	3	1	3	3	3	1	3	3	3	1	1.3611642454537616	Geranium nodosum L.	Magnoliopsida	220	Plantae
2890502	3	3	3	3	3	3	3	3	3	3	3	3	1.2207971243333047	Geranium endressii J.Gay	Magnoliopsida	220	Plantae
2890541	3	3	3	3	3	3	3	3	3	3	3	3	1.0629069281754437	Geranium purpureum Vill.	Magnoliopsida	220	Plantae
2890739	2	2	1	1	2	2	2	2	2	3	1	1		Geranium versicolor L.	Magnoliopsida	220	Plantae
2890995	0	1	1	1	0	1	1	1	0	1	2	2	0.4439182807917084	Geranium ×cantabrigiense P.F.Yeo	Magnoliopsida	220	Plantae
2891079	3	1	0	0	3	1	0	0	3	1	0	0	1.1310780345701752	Geranium macrorrhizum L.	Magnoliopsida	220	Plantae
2891390	3	1	3	1	3	1	3	1	3	1	3	1	1.0523781440639544	Geranium phaeum L.	Magnoliopsida	220	Plantae
2891664	2	1	2	1	3	1	3	1	2	1	2	1		Oxalis articulata Savigny	Magnoliopsida	220	Plantae
2891677	0	2			0	2			0	2			0.2822123193788892	Oxalis dillenii Jacq.	Magnoliopsida	220	Plantae
2891707	3	1	3	0	3	1	3	0	3	1	3	0	1.1260682180809451	Oxalis debilis Kunth	Magnoliopsida	220	Plantae
2891755	3	3	1	2	3	3	1	2	3	3	1	3	1.1154304403561583	Oxalis latifolia Kunth	Magnoliopsida	220	Plantae
2891770	3	3	3	3	3	3	3	3	3	3	3	3	1.3257672065831616	Impatiens glandulifera Royle	Magnoliopsida	220	Plantae
2891774	3	3	3	3	3	3	3	3	3	3	3	3	1.8462089959398533	Impatiens capensis Meerb.	Magnoliopsida	220	Plantae
2891782	3	3	3	1	3	3	3	1	3	3	3	1	1.1909348934149233	Impatiens parviflora DC.	Magnoliopsida	220	Plantae
2891783	3	3	3	1	3	3	3	1	3	3	3	1	1.1530599927067138	Impatiens balfourii Hook.fil.	Magnoliopsida	220	Plantae
2913169	3	1	3	1	3	1	3	2	3	1	3	2	1.1138599431818268	Galium parisiense L.	Magnoliopsida	220	Plantae
2913219	1	1			1	2			1	3			0.916444344842001	Galium anglicum Huds.	Magnoliopsida	220	Plantae
2914404	1	1	1	1	1	1	2	2	1	1	2	2		Galium verum subsp. wirtgenii (F.W.Schultz) Oborny	Magnoliopsida	220	Plantae
2914590	3	3	2	2	3	3	2	2	3	3	2	2	1.2318776595555625	Galium murale (L.) All.	Magnoliopsida	220	Plantae
2925366	1	1			1	1			1	1			0.9354205499942635	Clerodendrum trichotomum Thunb.	Magnoliopsida	220	Plantae
2925496	3	2	3	3	2	3	2	3	2	3	2	2		Verbena rigida Spreng.	Magnoliopsida	220	Plantae
2925514	3	3	3	3	3	3	3	3	3	3	3	3	1.1840321806989516	Verbena bonariensis L.	Magnoliopsida	220	Plantae
2925527	3	3	3	3	3	3	1	3	3	3	1	3	1.4938411135350393	Verbena hastata L.	Magnoliopsida	220	Plantae
2925756	3	1			3	1			3	1			1.0565465922413781	Lappula squarrosa (Retz.) Dumort.	Magnoliopsida	220	Plantae
2925816	0	0			0	0			0	0			0.4696613453040828	Cynoglossum amabile Stapf & J.R.Drumm.	Magnoliopsida	220	Plantae
2925870	3	3	3	1	3	3	3	1	3	3	3	1	1.2579110406962184	Amsinckia menziesii (Lehm.) A.Nelson & J.F.Macbr.	Magnoliopsida	220	Plantae
2925895	0	3	2	2	0	3	0	0	0	3	0	0	0.76928458429896	Echium plantagineum L.	Magnoliopsida	220	Plantae
2926042	2	3			3	3			3	2			1.0238652671226547	Nonea lutea (Desr.) DC.	Magnoliopsida	220	Plantae
2926045	3	1	3	2	3	3	3	3	3	3	3	2	1.265021417757319	Brunnera macrophylla (Adams) I.M.Johnst.	Magnoliopsida	220	Plantae
2926048	1	0			1	0			1	0			0.9332971478268913	Omphalodes verna Moench	Magnoliopsida	220	Plantae
2926066	3	3	3	1	3	3	3	1	3	3	3	1	1.0827123219132775	Symphytum asperum Lepech.	Magnoliopsida	220	Plantae
2926110	3	3	3	3	3	3	3	3	3	3	3	3	1.3617365146117328	Borago officinalis L.	Magnoliopsida	220	Plantae
2926130	3	3	3	3	3	3	3	3	3	3	3	3	1.3252158326543901	Pentaglottis sempervirens (L.) Tausch ex L.H.Bailey	Magnoliopsida	220	Plantae
2926572	1	1	1	1	1	1	1	1	1	3	3	3	0.9516150904316985	Physostegia virginiana (L.) Benth.	Magnoliopsida	220	Plantae
2926681	2	3			2	3			1	1				Lamium confertum Fr.	Magnoliopsida	220	Plantae
2926884	1	1	2	2	1	1	2	2	1	1	2	3	0.9032815541431385	Satureja montana L.	Magnoliopsida	220	Plantae
2926885	1	1			1	1			1	1			0.8005802049972106	Satureja hortensis L.	Magnoliopsida	220	Plantae
2926992	3	3	0	3	3	3	0	1	1	3	0	1	1.015322577164797	Salvia hispanica L.	Magnoliopsida	220	Plantae
2926995	1	0			1	0			1	0			0.9869183006923404	Salvia verticillata L.	Magnoliopsida	220	Plantae
2927000	2	2	1	1	2	2	3	3	2	2	3	3		Salvia sclarea L.	Magnoliopsida	220	Plantae
2927004	1	1	3	1	1	1	3	1	1	1	3	1	0.9662711815329393	Salvia officinalis L.	Magnoliopsida	220	Plantae
2927028	3	1	0	3	3	1	0	3	3	1	0	3	1.1926830982527739	Salvia nemorosa L.	Magnoliopsida	220	Plantae
2927045	1	1			1	1			1	1				Salvia microphylla Kunth	Magnoliopsida	220	Plantae
2927174	2	3	1	1	2	3	1	1	2	3	3	3		Mentha requienii Benth.	Magnoliopsida	220	Plantae
2927220	1	2			1	2			1	2			0.9758459164364627	Dracocephalum parviflorum Nutt.	Magnoliopsida	220	Plantae
2927230	3	1	1	0	3	1	1	0	3	1	1	0	1.0649150553647748	Stachys byzantina K.Koch	Magnoliopsida	220	Plantae
2927305	1	1	1	1	1	1	1	1	1	1	1	1	0.9321007158122148	Lavandula angustifolia Mill.	Magnoliopsida	220	Plantae
2927727	1	2	2	2	1	2	1	1	1	2	2	2	0.7055323347746174	Phlox subulata L.	Magnoliopsida	220	Plantae
2927744	2	2			3	3			1	2				Phlox paniculata L.	Magnoliopsida	220	Plantae
2927850	3	1	1	1	3	1	1	1	3	1	1	1	1.0426424193648847	Polemonium caeruleum L.	Magnoliopsida	220	Plantae
2928026	3	3	2	2	3	3	2	3	3	3	3	3	1.2472894294645736	Nemophila menziesii Hook. & Arn.	Magnoliopsida	220	Plantae
2928034	1	1			2	3			1	1				Nemophila maculata Benth. ex Lindl.	Magnoliopsida	220	Plantae
2928226	3	3	3	1	3	3	3	1	3	3	3	1	1.3069580529039844	Phacelia tanacetifolia Benth.	Magnoliopsida	220	Plantae
2928238	3	3			2	2			2	1				Phacelia campanularia A.Gray	Magnoliopsida	220	Plantae
2928538	1	1			1	1			1	1			0.7637069968272234	Ipomoea hederacea Jacq.	Magnoliopsida	220	Plantae
2928576	3	3	3	2	3	3	3	3	3	3	2	2	1.1392764290156743	Ipomoea purpurea (L.) Roth	Magnoliopsida	220	Plantae
2928666	3	3			1	1			2	1				Dichondra micrantha Urb.	Magnoliopsida	220	Plantae
2928668	3	3			1	1			1	1				Dichondra argentea Humb. & Bonpl. ex Willd.	Magnoliopsida	220	Plantae
2928751	3	3	3	3	3	3	3	3	3	3	3	3	1.2132052759455125	Datura stramonium L.	Magnoliopsida	220	Plantae
2928755	1	1			1	1			1	1			0.751997652007002	Datura innoxia Mill.	Magnoliopsida	220	Plantae
2928759	3	3			1	1			1	1				Nicotiana langsdorffii Weinm.	Magnoliopsida	220	Plantae
2928761	3	1	3	1	2	1	2	1	2	1	2	1		Nicotiana alata Link & Otto	Magnoliopsida	220	Plantae
2928767	0	3			0	3			0	2			0.7122989633585108	Nicotiana sylvestris Speg.	Magnoliopsida	220	Plantae
2928774	1	1			1	1			1	1			0.8141770675112091	Nicotiana tabacum L.	Magnoliopsida	220	Plantae
2928775	1	1			1	1			1	1			0.8579757346952561	Nicotiana rustica L.	Magnoliopsida	220	Plantae
2928835	3	1	3	1	3	1	3	1	3	1	3	1	1.1686033010861874	Lycium barbarum L.	Magnoliopsida	220	Plantae
2928859	3	3	3	2	3	3	3	2	3	3	3	3	1.1461950331252906	Petunia ×atkinsiana D.Don ex Loudon	Magnoliopsida	220	Plantae
2928905	1	1			1	1			3	3				Calibrachoa parviflora (Juss.) D' Arcy	Magnoliopsida	220	Plantae
2929505	3	3			3	3			3	3			1.1091373142408838	Solanum villosum Mill.	Magnoliopsida	220	Plantae
2929800	1	1	1	1	1	1	1	1	1	1	1	1	0.7044575696586292	Solanum angustifolium Houst. ex Mill.	Magnoliopsida	220	Plantae
2930137	3	3	3	3	3	3	3	3	3	3	3	3	1.0884847889646856	Solanum lycopersicum L.	Magnoliopsida	220	Plantae
2930222	1	1	0	1	1	1	1	1	1	1	1	1	0.8508054926497124	Solanum americanum Mill.	Magnoliopsida	220	Plantae
2930262	3	1	1	1	3	1	1	1	3	1	1	1	1.0408196289501548	Solanum tuberosum L.	Magnoliopsida	220	Plantae
2930805	1	1	1	0	1	1	1	0	1	1	1	0	0.9180892284085458	Solanum sarrachoides Sendtn.	Magnoliopsida	220	Plantae
2931104	3	2	2	2	3	2	2	2	3	2	2	2	1.0992404431620164	Solanum pseudocapsicum L.	Magnoliopsida	220	Plantae
2931237	3	1	3	1	3	1	3	1	3	1	3	1	1.0601323646139393	Solanum triflorum Nutt.	Magnoliopsida	220	Plantae
2932147	1	1	1	1	1	1	1	1	1	1	1	1	0.9540257050622778	Solanum nitidibaccatum Bitter	Magnoliopsida	220	Plantae
2932184	0	0			0	0			0	0			0.7256229730559526	Solanum sisymbriifolium Lam.	Magnoliopsida	220	Plantae
2932872	1	1	1	0	1	0	1	0	1	0	1	0	0.9952240207242585	Solanum decipiens Opiz	Magnoliopsida	220	Plantae
2932944	1	1			1	1			1	1			0.7906182310922237	Capsicum annuum L.	Magnoliopsida	220	Plantae
2943190	1	1			1	1			1	1			0.6891219575602785	Caragana arborescens Lam.	Magnoliopsida	220	Plantae
2947311	2	2			2	2			2	2				Cicer arietinum L.	Magnoliopsida	220	Plantae
2956441	1	1	3	1	1	1	3	1	1	1	3	1	1.0030423420272003	Colutea ×media Willd.	Magnoliopsida	220	Plantae
2959443	3	1	1	1	3	1	1	1	3	1	1	1	1.0310346915591366	Gleditsia triacanthos L.	Magnoliopsida	220	Plantae
2963569	1	0			1	0			1	0			0.7710097099874506	Styphnolobium japonicum (L.) Schott	Magnoliopsida	220	Plantae
2963817	1	1	0	0	1	1	0	0	1	1	0	0	0.8342067959718428	Lupinus luteus L.	Magnoliopsida	220	Plantae
2964025	3	3	3	3	3	2	2	1	3	2	2	2	1.08203586517029	Lupinus angustifolius L.	Magnoliopsida	220	Plantae
2964355	3	3	3	3	3	3	3	3	3	3	3	3	1.226004451892316	Lupinus polyphyllus Lindl.	Magnoliopsida	220	Plantae
2965331	3	3	3	1	3	3	3	1	3	3	3	1	1.2750725370249734	Medicago ×varia Martyn	Magnoliopsida	220	Plantae
2965354	0	0	1	0	0	0	1	0	0	0	1	0	0.7120182138622796	Medicago falcata L.	Magnoliopsida	220	Plantae
2965531	1	3	1	1	1	3	1	1	1	3	1	1	1.0056049265307352	Medicago polymorpha L.	Magnoliopsida	220	Plantae
2971016	3	1			3	1			3	1			1.1890706127115547	Melilotus indicus (L.) All.	Magnoliopsida	220	Plantae
2971024	1	1	1	1	1	1	1	1	3	3	3	3		Melilotus officinalis (L.) Pallas	Magnoliopsida	220	Plantae
2971095	3	3	3	3	3	3	3	3	3	3	3	3	1.1616649195861266	Melilotus albus Medik.	Magnoliopsida	220	Plantae
2972595	3	3	1	1	3	3	1	1	1	3	1	1	1.013162594357764	Onobrychis viciifolia Scop.	Magnoliopsida	220	Plantae
2974753	0	1	0	1	0	1	0	1	0	1	0	1	0.7452718001583294	Vicia lutea L.	Magnoliopsida	220	Plantae
2974811	3	3	1	1	3	3	1	1	3	3	3	3	2.0265490378201365	Vicia pannonica Crantz	Magnoliopsida	220	Plantae
2974832	3	3	3	1	3	3	3	1	3	3	3	1	1.2915121215418641	Vicia faba L.	Magnoliopsida	220	Plantae
2974901	2	2			1	1			2	2				Vicia grandiflora Scop.	Magnoliopsida	220	Plantae
2974921	1	1	1	1	1	1	1	1	1	1	1	1	0.9094689981308196	Vicia villosa subsp. varia (Host) Corb.	Magnoliopsida	220	Plantae
2975132	1	1			1	1			1	1			0.7709544474130566	Vicia narbonensis L.	Magnoliopsida	220	Plantae
2975309	0	1			0	1			1	1			0.8555405766033634	Vicia bithynica (L.) L.	Magnoliopsida	220	Plantae
2975667	3	3	3	3	3	3	3	3	3	3	3	3	1.2263138386750279	Galega officinalis L.	Magnoliopsida	220	Plantae
2984306	2	1			1	1			2	1				Gunnera tinctoria (Molina) Mirb.	Magnoliopsida	220	Plantae
2984366	2	3	3	3	2	3	3	3	2	3	3	3	1.1883979848432877	Soleirolia soleirolii (Req.) Dandy	Magnoliopsida	220	Plantae
2984492	1	1			2	2			2	2				Celtis australis L.	Magnoliopsida	220	Plantae
2984532	0	3	3	3	0	1	1	1	0	1	1	1	0.7497061304357154	Zelkova serrata (Thunb.) Makino	Magnoliopsida	220	Plantae
2984676	1	1	1	3	1	1	1	3	1	1	1	3	1.0003673175694952	Pachysandra terminalis Siebold & Zucc.	Magnoliopsida	220	Plantae
2985863	1	1			1	1			1	1			0.9186862727193654	Hylotelephium spectabile (Boreau) H.Ohba	Magnoliopsida	220	Plantae
2985949	1	1	1	0	1	1	1	0	1	1	1	0	0.9830185742622022	Sempervivum tectorum L.	Magnoliopsida	220	Plantae
2985964	3	2	3	3	3	2	2	2	3	3	2	2	1.0257191367892853	Deutzia gracilis Siebold & Zucc.	Magnoliopsida	220	Plantae
2985965	3	3	1	1	3	3	1	1	3	3	1	1	1.1478085489535146	Deutzia scabra Thunb.	Magnoliopsida	220	Plantae
2985994	3	3			3	3			2	2				Hydrangea macrophylla (Thunb.) Ser.	Magnoliopsida	220	Plantae
2985995	2	2			2	2			3	3				Hydrangea paniculata Siebold	Magnoliopsida	220	Plantae
2986045	1	0	1	0	1	0	3	0	1	0	3	0	0.7772621554674118	Philadelphus coronarius L.	Magnoliopsida	220	Plantae
2986111	1	1	1	1	1	1	1	1	1	1	1	1	0.942256032815054	Ribes aureum Pursh	Magnoliopsida	220	Plantae
2986130	3	3	3	1	3	3	3	1	3	3	3	1	1.1486436473276578	Ribes sanguineum Pursh	Magnoliopsida	220	Plantae
2986184	3	1	1	1	3	1	1	1	3	1	1	1	1.1284010132337587	Ribes alpinum L.	Magnoliopsida	220	Plantae
2987948	1	1			1	1			3	3				Neillia tanakae Franch. & Sav.	Magnoliopsida	220	Plantae
2988188	3	1	3	1	3	1	1	1	3	1	1	1	1.0527817955092231	Pyracantha coccinea M.Roem.	Magnoliopsida	220	Plantae
2988354	3	1	3	0	3	1	3	0	3	1	3	0	1.0623692784307919	Physocarpus opulifolius (L.) Maxim.	Magnoliopsida	220	Plantae
2992543	3	1	3	3	3	1	3	3	3	1	3	3	1.0423620725504443	Rubus laciniatus Willd.	Magnoliopsida	220	Plantae
2993761	1	1			1	1			1	1			0.9050802045792823	Rubus spectabilis Pursh	Magnoliopsida	220	Plantae
2994229	1	1	1	1	1	1	1	1	3	3	3	3		Rubus nutkanus Moc. ex Ser.	Magnoliopsida	220	Plantae
2994912	1	0			1	0			1	0			0.9332485382573915	Rubus odoratus L.	Magnoliopsida	220	Plantae
2995149	3	1	1	0	3	1	1	0	3	1	1	0	1.0833317638364137	Rubus phoenicolasius Maxim.	Magnoliopsida	220	Plantae
2996525	3	3	2	3	3	3	0	3	3	3	0	3	1.0618443572890175	Rubus armeniacus Focke	Magnoliopsida	220	Plantae
3000406	2	1			1	1			1	1				Stranvaesia davidiana Decne.	Magnoliopsida	220	Plantae
3000610	3	1	1	1	3	1	1	1	3	1	1	1	1.0290876644699667	Chaenomeles japonica (Thunb.) Lindl. ex Spach	Magnoliopsida	220	Plantae
3000679	3	3			3	3			3	3			1.110698904206131	Chaenomeles speciosa (Sweet) Nakai	Magnoliopsida	220	Plantae
3001244	1	1	1	1	1	1	1	1	1	1	1	1	0.985585691351728	Malus domestica (Suckow) Borkh.	Magnoliopsida	220	Plantae
3003244	3	1	1	1	3	1	1	1	3	1	1	1	1.030237182595637	Rosa multiflora Thunb.	Magnoliopsida	220	Plantae
3003709	3	1	1	1	3	1	1	1	3	1	1	1	1.0619195980256602	Rosa glauca Pourr.	Magnoliopsida	220	Plantae
3003979	3	3	3	1	3	3	3	1	3	3	3	1	1.2637390636456232	Rosa rugosa Thunb.	Magnoliopsida	220	Plantae
3012089	3	3	3	3	3	3	3	3	3	3	3	3	1.1588519090158014	Sorbaria sorbifolia (L.) A.Braun	Magnoliopsida	220	Plantae
3015457	0	1	2	3	0	1	2	3	0	1	2	3	0.5505123522071649	Crataegus persimilis Sarg.	Magnoliopsida	220	Plantae
3020871	0	1	3	3	0	1	3	2	0	1	3	2	0.7235227754201351	Prunus lusitanica L.	Magnoliopsida	220	Plantae
3021496	3	3	3	3	3	3	3	3	3	3	3	3	1.1339625546811285	Prunus laurocerasus L.	Magnoliopsida	220	Plantae
3021730	3	1	3	1	3	1	3	1	3	1	3	1	1.1650966114916796	Prunus cerasifera Ehrh.	Magnoliopsida	220	Plantae
3021850	3	3	3	3	3	3	3	3	3	3	3	3	1.0618103021312015	Prunus serotina Ehrh.	Magnoliopsida	220	Plantae
3021922	3	3	3	3	3	3	3	3	3	3	3	3	1.2181740877012455	Prunus cerasus L.	Magnoliopsida	220	Plantae
3022203	3	3	1	1	3	3	3	1	3	3	3	1	1.224016882159236	Prunus ×fruticans Weihe	Magnoliopsida	220	Plantae
3022609	0	0			0	0			0	1			0.31623057616451405	Prunus serrulata Lindl.	Magnoliopsida	220	Plantae
3022668	1	1			1	1			1	1			0.7187381629635718	Prunus virginiana L.	Magnoliopsida	220	Plantae
3024109	3	3	3	3	3	3	3	3	3	3	1	3	1.024342554978921	Amelanchier ×lamarckii F.G.Schroed.	Magnoliopsida	220	Plantae
3025617	1	0	1	0	1	0	1	0	1	0	1	0	0.888271364467245	Cotoneaster horizontalis Decne.	Magnoliopsida	220	Plantae
3025858	1	1			1	1			1	1			0.860456888068225	Cotoneaster ambiguus Rehder & E.H.Wilson	Magnoliopsida	220	Plantae
3025896	1	0	1	0	1	0	1	0	1	0	1	0	0.7911311397684022	Cotoneaster dielsianus E.Pritz.	Magnoliopsida	220	Plantae
3026024	0	1			0	1			1	1			0.5884331470844595	Cotoneaster ascendens Flinck & B.Hylmö	Magnoliopsida	220	Plantae
3026035	2	2			2	2			1	1				Cotoneaster coriaceus Franch.	Magnoliopsida	220	Plantae
3026040	0	0	0	0	0	0	0	0	0	0	0	0	0.5056070296685371	Cotoneaster ×suecicus G.Klotz	Magnoliopsida	220	Plantae
3026049	2	3			2	2			1	1				Cotoneaster dammeri C.K.Schneid.	Magnoliopsida	220	Plantae
3026074	1	0	2	0	1	0	2	0	1	0	2	0	0.9096851153902283	Cotoneaster salicifolius Franch.	Magnoliopsida	220	Plantae
3026092	1	1	0	0	1	1	0	0	1	0	0	0	0.748299738285572	Cotoneaster hjelmqvistii Flinck & B.Hylmö	Magnoliopsida	220	Plantae
3026162	1	1	1	0	1	1	1	0	1	1	1	0	0.9635902746730765	Cotoneaster franchetii Boiss.	Magnoliopsida	220	Plantae
3026294	3	1	3	0	3	1	3	0	3	0	3	0	1.1158284545233486	Cotoneaster bullatus Bois ex Bilm. & Bois	Magnoliopsida	220	Plantae
3026334	1	1	1	1	1	1	1	1	1	1	1	1	0.9400355503550792	Cotoneaster divaricatus Rehder & E.H.Wilson	Magnoliopsida	220	Plantae
3026454	1	1	1	1	1	1	1	1	1	1	1	1	0.8978784588792399	Spiraea salicifolia L.	Magnoliopsida	220	Plantae
3026585	3	3	3	1	3	3	3	1	3	3	3	1	1.2776186022045855	Spiraea alba Du Roi	Magnoliopsida	220	Plantae
3026622	1	1	1	1	1	1	2	2	1	1	2	3	0.8384876719766555	Spiraea ×vanhouttei (Briot) Zabel	Magnoliopsida	220	Plantae
3026819	0	0	0	0	0	0	0	0	0	0	0	0	0.703999964223594	Spiraea tomentosa L.	Magnoliopsida	220	Plantae
3027159	1	1	1	0	1	1	1	0	1	1	0	0	0.8938843392137141	Spiraea douglasii Hook.	Magnoliopsida	220	Plantae
3028528	0	0	0	0	0	0	0	0	0	0	0	0	0.7227562892700483	Alchemilla mollis (Buser) Rothm.	Magnoliopsida	220	Plantae
3029912	0	0			0	0			0	0			0.7868150070893543	Fragaria ×ananassa (Weston) Rozier	Magnoliopsida	220	Plantae
3031774	3	1	3	1	3	1	3	1	3	1	3	1	1.0298076325798997	Mespilus germanica L.	Magnoliopsida	220	Plantae
3032442	1	1	1	1	1	1	1	1	1	1	1	1		Rhodotypos scandens (Thunb.) Makino	Magnoliopsida	220	Plantae
3032611	1	1	1	1	1	1	1	1	1	1	3	1	0.9318586467066011	Darmera peltata (Torr. ex Benth.) Voss	Magnoliopsida	220	Plantae
3032653	2	2	2	2	1	1	1	1	3	2	3	3		Heuchera sanguinea Engelm.	Magnoliopsida	220	Plantae
3032698	3	3	3	3	3	3	3	3	3	3	3	3	1.1953796504804768	Tellima grandiflora (Pursh) Douglas ex Lindl.	Magnoliopsida	220	Plantae
3033077	1	0	1	1	1	0	1	1	1	0	1	1	0.9762811428909237	Aucuba japonica Thunb.	Magnoliopsida	220	Plantae
3033227	3	3	3	3	3	3	3	3	3	3	3	3	1.1859890839532514	Eranthis hyemalis (L.) Salisb.	Magnoliopsida	220	Plantae
3033242	3	3	3	1	3	3	3	1	3	3	1	1	1.3440678995388688	Anemone blanda Schott & Kotschy	Magnoliopsida	220	Plantae
3033261	1	1			1	1			1	1			0.975420339755618	Anemone coronaria L.	Magnoliopsida	220	Plantae
3033289	3	3			1	1			1	1				Trollius europaeus L.	Magnoliopsida	220	Plantae
3033434	1	1			1	1			1	1			0.7658196530772924	Ranunculus parviflorus L.	Magnoliopsida	220	Plantae
3033518	3	1	1	1	3	1	1	1	3	1	1	1	1.173484120580456	Clematis viticella L.	Magnoliopsida	220	Plantae
3033535	1	1			1	1			1	1			0.7069315963739745	Clematis tangutica (Maxim.) Korsh.	Magnoliopsida	220	Plantae
3033543	3	3	2	2	2	2	1	1	2	2	2	2		Clematis recta L.	Magnoliopsida	220	Plantae
3033833	3	1	3	1	3	1	3	1	3	1	3	1	1.1074601764842067	Delphinium ajacis L.	Magnoliopsida	220	Plantae
3033865	3	3	3	3	3	3	3	3	3	3	3	3	1.355193905135135	Mahonia aquifolium (Pursh) Nutt.	Magnoliopsida	220	Plantae
3033896	3	3	3	3	3	3	3	3	3	3	3	3	1.1458624346229986	Berberis thunbergii DC.	Magnoliopsida	220	Plantae
3033965	1	3			1	2			1	3			0.890677394293535	Akebia quinata (Houtt.) Decne.	Magnoliopsida	220	Plantae
3034015	0	2	3	1	0	2	1	1	0	2	2	1	0.6761616604194014	Laurus nobilis L.	Magnoliopsida	220	Plantae
3034046	3	3			3	3			3	1			1.237657445523693	Persea americana Mill.	Magnoliopsida	220	Plantae
3034182	3	1	3	1	3	1	1	1	3	1	1	1	1.1317573261887974	Ammi majus L.	Magnoliopsida	220	Plantae
3034393	3	3	1	1	3	3	1	1	3	3	1	1	1.0578266774882088	Eryngium planum L.	Magnoliopsida	220	Plantae
3034646	1	0	1	0	1	0	1	0	1	0	1	0	0.877440521744184	Anethum graveolens L.	Magnoliopsida	220	Plantae
3034681	3	1	2	0	3	1	2	0	3	1	2	0	1.0557085195324831	Myrrhis odorata (L.) Scop.	Magnoliopsida	220	Plantae
3034782	3	3	2	2	3	3	1	1	3	3	1	1	1.238289339440139	Smyrnium olusatrum L.	Magnoliopsida	220	Plantae
3034825	3	3	3	3	3	3	3	3	3	3	3	3	1.117303505370875	Heracleum mantegazzianum Sommier & Levier	Magnoliopsida	220	Plantae
3034871	3	1			3	1			3	1			1.0861621661528051	Coriandrum sativum L.	Magnoliopsida	220	Plantae
3034915	1	0	1	0	1	0	1	0	1	0	1	0	0.9307001211572837	Astrantia major L.	Magnoliopsida	220	Plantae
3034922	3	3	3	1	3	3	3	1	3	3	3	1	1.1907335418554401	Foeniculum vulgare Mill.	Magnoliopsida	220	Plantae
3036033	3	1	1	1	2	1	1	1	3	1	1	1		Hedera colchica (K.Koch) K.Koch	Magnoliopsida	220	Plantae
3036892	3	3	3	3	3	3	3	3	3	3	3	3	1.0340209323231142	Aralia elata (Miq.) Seem.	Magnoliopsida	220	Plantae
3039046	2	2	1	1	2	1	1	1	2	1	2	3		Fatsia japonica (Thunb.) Decne. & Planch.	Magnoliopsida	220	Plantae
3039194	3	1	3	1	3	1	3	1	3	1	3	1	1.1753503887621843	Parthenocissus quinquefolia (L.) Planch.	Magnoliopsida	220	Plantae
3039203	0	0	0	0	0	0	0	0	0	0	0	0	0.8205084365998161	Parthenocissus inserta (A.Kern.) Fritsch	Magnoliopsida	220	Plantae
3039209	3	0	1	0	3	0	1	0	3	0	1	0	1.1045553001844652	Parthenocissus tricuspidata (Siebold & Zucc.) Planch.	Magnoliopsida	220	Plantae
3039267	1	3	3	1	1	3	3	1	1	3	3	3	0.9893965796256513	Elaeagnus umbellata Thunb.	Magnoliopsida	220	Plantae
3039269	3	3	3	3	3	3	3	3	3	3	3	3	1.7875845256688438	Elaeagnus angustifolia L.	Magnoliopsida	220	Plantae
3039270	1	1	2	3	1	1	2	3	1	1	2	2	0.8956750253180459	Elaeagnus pungens Thunb.	Magnoliopsida	220	Plantae
3040184	1	1			1	1			1	1			0.9465229994890435	Populus balsamifera L.	Magnoliopsida	220	Plantae
3040185	3	3	3	1	3	3	3	1	3	3	3	3	1.0495431767287755	Populus ×canescens (Aiton) Sm.	Magnoliopsida	220	Plantae
3040233	3	3	3	1	3	3	3	1	3	3	3	1	1.0608010991638728	Populus alba L.	Magnoliopsida	220	Plantae
3040254	1	1	1	1	1	1	1	1	1	1	1	1	0.8807889555643604	Reseda alba L.	Magnoliopsida	220	Plantae
3040999	1	2	1	2	1	2	1	2	1	2	1	2	0.7668819126663294	Raphanus raphanistrum subsp. landra (Moretti ex DC.) Bonnier & Layens	Magnoliopsida	220	Plantae
3041022	3	3	3	1	3	3	3	1	3	3	3	1	1.1920027163463598	Armoracia rusticana P.Gaertn., B.Mey. & Scherb.	Magnoliopsida	220	Plantae
3042291	3	3	3	1	3	3	3	1	3	3	3	1	1.28410915745734	Hesperis matronalis L.	Magnoliopsida	220	Plantae
3042416	0	0			0	0			0	0			0.6244929685169445	Camelina microcarpa Andrz. ex DC.	Magnoliopsida	220	Plantae
3042636	0	0	1	0	0	0	1	0	0	0	1	0	0.8777163398187128	Brassica napus L.	Magnoliopsida	220	Plantae
3042751	1	1	1	1	1	1	1	1	1	1	1	1	0.9068364736374381	Brassica juncea (L.) Czern.	Magnoliopsida	220	Plantae
3042845	3	0	3	0	3	0	3	0	3	0	3	0	1.0300865807756143	Brassica oleracea L.	Magnoliopsida	220	Plantae
3045803	3	2	2	3	1	1	1	1	2	2	2	3		Cardamine graeca L.	Magnoliopsida	220	Plantae
3046015	3	3	2	1	3	3	1	1	3	3	2	1	1.0501425117628795	Cardamine corymbosa Hook.f.	Magnoliopsida	220	Plantae
3046736	2	2	3	1	2	2	3	1	2	1	3	1		Sisymbrium altissimum L.	Magnoliopsida	220	Plantae
3046812	1	1	1	1	1	1	1	1	1	1	1	1	1.0039941691902996	Sisymbrium orientale L.	Magnoliopsida	220	Plantae
3046851	3	3			3	3			3	3			1.3360280964643705	Sisymbrium irio L.	Magnoliopsida	220	Plantae
3046875	1	0			1	0			1	0			0.8298679823044467	Sisymbrium loeselii L.	Magnoliopsida	220	Plantae
3046929	1	1	1	0	1	1	1	0	1	1	1	0	0.8664106716143812	Sisymbrium chrysanthum Jord.	Magnoliopsida	220	Plantae
3047621	3	3	3	3	3	3	3	3	3	3	3	3	1.4364148959858307	Sinapis alba L.	Magnoliopsida	220	Plantae
3048203	3	3	3	3	3	3	3	3	3	3	3	3	1.2319041812788225	Erysimum cheiri (L.) Crantz	Magnoliopsida	220	Plantae
3048532	3	3	3	3	3	3	3	3	2	2	2	2		Erysimum marshallii Bois	Magnoliopsida	220	Plantae
3050364	3	1	3	1	3	1	3	1	3	1	3	1	1.0813298918774294	Bunias orientalis L.	Magnoliopsida	220	Plantae
3050595	3	1	1	1	3	1	1	1	3	1	1	1	1.0131000213536867	Hirschfeldia incana (L.) Lagr.-Foss.	Magnoliopsida	220	Plantae
3053406	3	1	3	1	3	1	3	1	3	1	3	1	1.0714473424731024	Rorippa austriaca (Crantz) Besser	Magnoliopsida	220	Plantae
3053522	3	3	3	3	3	3	3	3	3	3	3	3	1.252319140982121	Berteroa incana (L.) DC.	Magnoliopsida	220	Plantae
3054110	3	2			3	2			3	3			1.0943917904880014	Aubrieta columnae Guss.	Magnoliopsida	220	Plantae
3054117	0	0	0	0	0	0	0	0	0	0	0	0	0.2966098951815631	Aubrieta deltoidea (L.) DC.	Magnoliopsida	220	Plantae
3054357	3	1	3	1	3	1	3	1	3	1	3	1	1.1498081377172764	Juglans nigra L.	Magnoliopsida	220	Plantae
3054368	3	1	3	1	3	1	3	1	3	1	3	1	1.1133853865745809	Juglans regia L.	Magnoliopsida	220	Plantae
3064056	3	3	3	2	3	3	3	3	3	3	3	3	1.1452684034326068	Euphorbia palustris L.	Magnoliopsida	220	Plantae
3064221	3	3	2	2	3	3	1	1	3	3	3	3	1.1775031764704915	Euphorbia serpens Kunth	Magnoliopsida	220	Plantae
3064282	1	1			1	1			1	1			0.7357342723542886	Euphorbia tommasiniana Bertol.	Magnoliopsida	220	Plantae
3064669	2	1	2	1	2	1	2	1	2	1	2	1		Euphorbia myrsinites L.	Magnoliopsida	220	Plantae
3065244	1	2	1	1	1	2	3	3	1	2	3	2	0.794390713605278	Euphorbia amygdaloides subsp. robbiae (Turrill) Stace	Magnoliopsida	220	Plantae
3066965	3	3	3	3	3	3	3	3	3	3	3	3	1.2338810622267344	Euphorbia lathyris L.	Magnoliopsida	220	Plantae
3067054	3	2			2	2			3	2				Euphorbia humifusa Willd.	Magnoliopsida	220	Plantae
3067119	3	3	3	3	3	3	3	3	3	3	3	3	1.2957760016249453	Euphorbia maculata L.	Magnoliopsida	220	Plantae
3067353	3	3	3	3	3	3	3	3	3	3	3	3	1.3823713582104096	Euphorbia characias L.	Magnoliopsida	220	Plantae
3067891	3	3	1	3	3	3	1	2	3	3	1	2	1.1198598313241461	Euphorbia prostrata Aiton	Magnoliopsida	220	Plantae
3069053	3	2	3	2	3	2	3	1	3	3	3	3	1.219446517717795	Euphorbia verrucosa L.	Magnoliopsida	220	Plantae
3069460	3	3	1	1	3	3	2	2	3	3	3	3	1.1521977811693578	Euphorbia oblongata Griseb.	Magnoliopsida	220	Plantae
3082244	3	3	3	3	3	3	3	3	3	3	3	3	1.1935613240654535	Cornus sericea L.	Magnoliopsida	220	Plantae
3082274	1	1			2	2			3	3				Cornus kousa Bürger ex Hance	Magnoliopsida	220	Plantae
3082279	3	3	2	3	1	1	1	1	1	1	1	1		Ceratostigma plumbaginoides Bunge	Magnoliopsida	220	Plantae
3082297	1	1			1	1			1	1				Limonium sinuatum (L.) Mill.	Magnoliopsida	220	Plantae
3083488	3	3			1	1			1	1				Paeonia officinalis L.	Magnoliopsida	220	Plantae
3083647	0	1	1	2	0	1	1	2	0	1	1	2	0.6902304404361514	Spinacia oleracea L.	Magnoliopsida	220	Plantae
3083680	1	2	0	1	1	1	0	1	1	1	0	1	0.7448303013230743	Atriplex micrantha Ledeb.	Magnoliopsida	220	Plantae
3083761	3	1	1	0	3	1	1	0	3	1	1	0	1.26382598324474	Atriplex hortensis L.	Magnoliopsida	220	Plantae
3083920	0	1			0	1			0	1			0.790229679381281	Chenopodium berlandieri Moq.	Magnoliopsida	220	Plantae
3083975	3	1	3	1	3	1	3	1	3	1	3	1	1.0841644013156069	Corispermum pallasii Steven	Magnoliopsida	220	Plantae
3084015	3	3	3	3	3	3	3	3	3	3	3	3	1.2316585399303956	Phytolacca americana L.	Magnoliopsida	220	Plantae
3084022	3	3	3	3	3	3	3	3	3	3	3	3	1.475777260185755	Phytolacca acinosa Roxb.	Magnoliopsida	220	Plantae
3084719	3	3	3	3	3	3	3	3	3	3	3	3	1.2835323282824955	Portulaca oleracea L.	Magnoliopsida	220	Plantae
3084742	3	3	3	1	3	3	3	1	3	3	3	1	1.204655485381463	Claytonia sibirica L.	Magnoliopsida	220	Plantae
3085357	3	1	1	0	2	1	1	0	2	1	1	0		Saponaria ocymoides L.	Magnoliopsida	220	Plantae
3085360	3	3	3	3	3	3	3	3	3	3	3	3	1.2729245710082098	Saponaria officinalis L.	Magnoliopsida	220	Plantae
3085381	3	3	1	3	3	3	1	3	3	3	1	3	1.2082095060001894	Polycarpon tetraphyllum (L.) L.	Magnoliopsida	220	Plantae
3085420	1	1	3	3	1	1	1	1	1	1	2	2	0.7100531760587288	Dianthus caryophyllus L.	Magnoliopsida	220	Plantae
3085421	3	3	3	3	3	3	1	3	1	3	1	3	1.1274352349812053	Dianthus barbatus L.	Magnoliopsida	220	Plantae
3085438	3	1	3	0	3	1	3	0	3	1	3	0	1.0615192132481446	Cerastium tomentosum L.	Magnoliopsida	220	Plantae
3085623	3	3	3	3	3	3	3	3	3	3	3	3	1.312088589164146	Petrorhagia saxifraga (L.) Link	Magnoliopsida	220	Plantae
3086240	3	3	0	3	3	3	0	2	3	3	0	2	1.153803171002494	Mirabilis jalapa L.	Magnoliopsida	220	Plantae
3088310	3	3	3	1	3	3	3	1	3	3	3	1	1.2487250358900877	Petasites japonicus (Siebold & Zucc.) Maxim.	Magnoliopsida	220	Plantae
3088481	1	1			1	1			1	1			0.8175629268422051	Tagetes minuta L.	Magnoliopsida	220	Plantae
3088488	1	1			1	1			1	1			0.9071287888533893	Tagetes erecta L.	Magnoliopsida	220	Plantae
3089146	3	1	3	1	3	1	3	1	3	1	3	1	1.6533996418470491	Xanthium orientale L.	Magnoliopsida	220	Plantae
3089154	0	1	0	1	0	1	0	1	0	1	0	1	0.7716430791168164	Xanthium strumarium L.	Magnoliopsida	220	Plantae
3092576	2	2	2	2	2	2	2	2	1	1	1	2		Silphium perfoliatum L.	Magnoliopsida	220	Plantae
3092691	1	1	2	1	1	2	1	2	2	2	1	1		Soliva sessilis Ruiz & Pav.	Magnoliopsida	220	Plantae
3096529	1	1	1	1	1	1	1	1	1	1	3	2	0.9278799381018202	Mauranthemum paludosum (Poir.) Vogt & Oberpr.	Magnoliopsida	220	Plantae
3098912	3	1	3	1	3	1	3	1	3	1	3	1	1.2336654029820493	Cosmos bipinnatus Cav.	Magnoliopsida	220	Plantae
3098951	0	0	3	3	0	0	2	1	0	0	1	1	0.4412620716267669	Cosmos sulphureus Cav.	Magnoliopsida	220	Plantae
3101184	1	1			1	1			1	1			0.9207604129300955	Dittrichia viscosa (L.) Greuter	Magnoliopsida	220	Plantae
3101193	3	1	3	2	3	1	3	2	3	1	3	2	1.1726896207998252	Dittrichia graveolens (L.) Greuter	Magnoliopsida	220	Plantae
3103082	3	3	1	1	3	3	1	1	3	3	2	2	1.296758360222235	Gamochaeta pensylvanica (Willd.) Cabrera	Magnoliopsida	220	Plantae
3103158	1	1			1	1			2	2				Gamochaeta americana (Mill.) Wedd.	Magnoliopsida	220	Plantae
3103180	1	3			1	1			1	1				Gamochaeta antillana (Urb.) Anderb.	Magnoliopsida	220	Plantae
3103791	3	3	3	3	3	3	3	3	3	3	3	3	1.1174154964911656	Matricaria discoidea DC.	Magnoliopsida	220	Plantae
3104106	2	2	3	3	1	1	1	1	1	1	1	1		Sanvitalia procumbens Lam.	Magnoliopsida	220	Plantae
3104314	1	1			2	2			2	2				Liatris spicata (L.) Willd.	Magnoliopsida	220	Plantae
3105508	1	1			3	3			3	2				Andryala integrifolia L.	Magnoliopsida	220	Plantae
3105768	3	1	3	3	1	1	1	1	2	1	2	2		Sonchus tenerrimus L.	Magnoliopsida	220	Plantae
3109086	3	3	3	3	3	3	3	3	3	3	3	3	1.139581755333819	Senecio inaequidens DC.	Magnoliopsida	220	Plantae
3109117	0	0			0	0			0	0			0.6681617536175466	Senecio squalidus L.	Magnoliopsida	220	Plantae
3111754	1	1	2	2	3	3	3	3	2	2	2	2		Zinnia elegans Jacq.	Magnoliopsida	220	Plantae
3112110	1	2	1	1	1	2	1	1	1	2	1	1	0.8692125977832985	Cotula coronopifolia L.	Magnoliopsida	220	Plantae
3112361	0	0			0	0			0	0			0.30431640120399084	Cynara scolymus L.	Magnoliopsida	220	Plantae
3112364	0	0	0	2	0	0	0	2	0	0	0	1	0.6694270145305025	Cynara cardunculus L.	Magnoliopsida	220	Plantae
3113637	1	1	1	1	1	1	1	1	1	1	1	1	0.8002981778225345	Cirsium rivulare (Jacq.) All.	Magnoliopsida	220	Plantae
3114225	3	3	3	3	3	3	3	3	3	3	3	3	1.4035258112262279	Rudbeckia hirta L.	Magnoliopsida	220	Plantae
3114229	3	3	3	1	3	3	3	1	3	3	3	1	1.254527389187221	Rudbeckia laciniata L.	Magnoliopsida	220	Plantae
3114643	3	3	3	3	3	3	3	3	3	3	3	3	1.0640766209236883	Carduus acanthoides L.	Magnoliopsida	220	Plantae
3114667	1	1			1	1			2	1				Carduus pycnocephalus L.	Magnoliopsida	220	Plantae
3117449	3	3	3	3	3	3	3	3	3	3	3	3	1.3417492084981666	Erigeron annuus (L.) Pers.	Magnoliopsida	220	Plantae
3118254	1	0	3	3	1	0	1	1	1	0	1	1	0.7975750955135322	Tanacetum balsamita L.	Magnoliopsida	220	Plantae
3118430	3	3	3	1	3	3	3	1	3	3	3	1	1.191103329506661	Tanacetum parthenium (L.) Sch.Bip.	Magnoliopsida	220	Plantae
3118526	2	3	2	3	1	3	1	1	2	3	2	3		Tanacetum macrophyllum (Waldst. & Kit.) Sch.Bip.	Magnoliopsida	220	Plantae
3119175	3	1	3	1	3	1	3	1	3	1	3	1	1.0271764102378051	Helianthus tuberosus L.	Magnoliopsida	220	Plantae
3119181	3	3	3	1	3	3	3	1	3	3	3	1	1.0676676816850328	Helianthus ×laetiflorus Pers.	Magnoliopsida	220	Plantae
3120024	3	3	3	3	2	3	1	1	2	3	2	2		Achillea nobilis L.	Magnoliopsida	220	Plantae
3120284	3	1	3	0	3	1	3	0	3	1	3	1	1.2361389984669606	Achillea filipendulina Lam.	Magnoliopsida	220	Plantae
3120692	3	3	3	3	3	3	3	3	3	3	3	3	1.5600338193603676	Artemisia crithmifolia L.	Magnoliopsida	220	Plantae
3120790	1	1	3	1	1	1	3	1	1	1	3	1	0.996464466430858	Artemisia verlotiorum Lamotte	Magnoliopsida	220	Plantae
3121088	1	1	1	1	2	2	2	2	2	3	2	3		Artemisia alba Turra	Magnoliopsida	220	Plantae
3121226	1	1	1	1	1	1	1	1	1	1	1	1	0.9538295098106352	Artemisia biennis Willd.	Magnoliopsida	220	Plantae
3121258	1	2	1	2	1	2	2	2	1	2	2	1	0.7760092093801463	Artemisia princeps Pamp.	Magnoliopsida	220	Plantae
3121562	2	2			1	1			1	1				Artemisia sieversiana Ehrh. ex Willd.	Magnoliopsida	220	Plantae
3121581	1	1	3	2	1	1	2	2	1	1	3	2	0.683290842453769	Artemisia dracunculus L.	Magnoliopsida	220	Plantae
3122924	3	3	3	3	3	3	3	3	3	3	3	3	1.2982851779082547	Pilosella aurantiaca (L.) F.W.Schultz & Sch.Bip.	Magnoliopsida	220	Plantae
3123663	3	1	3	1	3	1	3	1	3	1	3	1	1.047577109742214	Pilosella caespitosa (Dumort.) P.D.Sell & C.West	Magnoliopsida	220	Plantae
3127727	1	0	1	2	1	0	1	1	1	0	1	2	0.8996110816247341	Centaurea stoebe L.	Magnoliopsida	220	Plantae
3128225	2	2	1	0	2	2	1	0	2	2	1	0	0.9221409396699138	Centaurea nigra L.	Magnoliopsida	220	Plantae
3128888	1	1			1	1			1	1			0.8156293038550246	Centaurea solstitialis L.	Magnoliopsida	220	Plantae
3131614	0	2	1	2	0	2	1	2	0	2	1	2	0.6654170213321771	Helichrysum italicum (Roth) G.Don	Magnoliopsida	220	Plantae
3132570	3	3	3	1	3	3	3	1	3	3	3	1	1.118863830146158	Galinsoga parviflora Cav.	Magnoliopsida	220	Plantae
3133887	0	0	0	0	0	0	0	0	0	0	0	0	0.37845076315461196	Coreopsis verticillata L.	Magnoliopsida	220	Plantae
3133938	3	1	0	1	3	1	0	1	3	3	0	1	1.2676003272284218	Coreopsis lanceolata L.	Magnoliopsida	220	Plantae
3133950	0	3	0	1	0	3	0	1	0	3	0	1	0.6671141750255664	Coreopsis tinctoria Nutt.	Magnoliopsida	220	Plantae
3134867	3	3			1	1			3	3				Catananche caerulea L.	Magnoliopsida	220	Plantae
3136320	3	3	3	1	3	3	3	1	3	3	3	1	1.134026566589322	Hieracium amplexicaule L.	Magnoliopsida	220	Plantae
3137829	3	3	1	1	2	2	1	1	1	1	1	1		Psephellus dealbatus (Willd.) K.Koch	Magnoliopsida	220	Plantae
3138195	2	2	2	3	2	2	1	1	2	1	2	2		Eutrochium maculatum (L.) E.E.Lamont	Magnoliopsida	220	Plantae
3138327	1	0	1	0	1	0	1	1	1	0	1	1	0.9849656509359996	Carthamus tinctorius L.	Magnoliopsida	220	Plantae
3139003	1	1			1	1			1	1			0.7790320403736251	Melampodium montanum Benth.	Magnoliopsida	220	Plantae
3140436	1	1	1	1	1	1	1	1	1	1	1	1	0.6825310572956589	Lactuca macrophylla (Willd.) A.Gray	Magnoliopsida	220	Plantae
3141890	3	1	1	1	3	1	1	1	3	1	1	1	1.052821999173906	Cyclachaena xanthiifolia (Nutt.) Fresen.	Magnoliopsida	220	Plantae
3145214	3	1	3	1	3	1	3	1	3	1	3	1	1.1799687295840158	Silybum marianum (L.) Gaertn.	Magnoliopsida	220	Plantae
3146683	3	3	3	3	3	3	3	3	3	3	3	3	1.1251359344969718	Erigeron sumatrensis Retz.	Magnoliopsida	220	Plantae
3146717	3	1	2	1	3	1	2	1	3	1	2	1	1.1259181783957104	Erigeron bonariensis L.	Magnoliopsida	220	Plantae
3146791	3	3	3	3	3	3	3	3	3	3	3	3	1.1345731257865597	Erigeron canadensis L.	Magnoliopsida	220	Plantae
3147018	0	2	0	0	0	2	0	0	0	2	0	0	0.7803076619092518	Erigeron floribundus (Kunth) Sch.Bip.	Magnoliopsida	220	Plantae
3147168	3	3	3	3	3	3	3	3	3	3	3	3	1.3562812259807036	Erigeron karvinskianus DC.	Magnoliopsida	220	Plantae
3147815	1	1	2	2	1	1	2	2	1	1	2	2	0.9886078220502711	Verbesina alternifolia (L.) Britton ex Kearney	Magnoliopsida	220	Plantae
3148340	3	1	3	0	3	1	3	0	3	1	3	0	1.1785268521764856	Inula helenium L.	Magnoliopsida	220	Plantae
3150935	1	1	1	1	2	2	1	1	2	2	3	3		Echinacea purpurea (L.) Moench	Magnoliopsida	220	Plantae
3151558	3	1	3	1	3	1	3	1	3	1	3	1	1.1222390083656604	Symphyotrichum novi-belgii (L.) G.L.Nesom	Magnoliopsida	220	Plantae
3151618	1	1			1	1			1	1			0.9890098100602404	Symphyotrichum novae-angliae (L.) G.L.Nesom	Magnoliopsida	220	Plantae
3152372	1	1	1	0	1	1	1	0	1	1	1	1	0.8333321643441186	Malva pusilla Sm.	Magnoliopsida	220	Plantae
3152377	1	0	1	2	1	0	1	2	1	0	1	1	0.9396481775658944	Malva verticillata L.	Magnoliopsida	220	Plantae
3152378	3	1			3	1			3	1			1.0789901064332983	Malva parviflora L.	Magnoliopsida	220	Plantae
3152521	1	3	3	3	1	3	3	3	1	3	3	3	0.9889004944592558	Althaea hirsuta L.	Magnoliopsida	220	Plantae
3152560	3	1	1	1	3	1	1	1	3	1	1	1	1.0645973458863083	Hibiscus trionum L.	Magnoliopsida	220	Plantae
3152583	1	0	0	0	1	0	0	0	1	0	0	0	0.9447476535853427	Hibiscus syriacus L.	Magnoliopsida	220	Plantae
3152614	1	3	3	1	1	2	2	1	1	2	2	1	0.9955681940584096	Abutilon theophrasti Medik.	Magnoliopsida	220	Plantae
3152816	1	1			1	1			1	1			0.9687377608742886	Platanus orientalis L.	Magnoliopsida	220	Plantae
3152824	3	1	1	2	3	1	1	2	3	1	1	2	1.0673682038595498	Liquidambar styraciflua L.	Magnoliopsida	220	Plantae
3152861	1	1	1	1	1	1	1	1	1	1	1	1	1.0052285697796717	Liriodendron tulipifera L.	Magnoliopsida	220	Plantae
3164340	3	2	2	2	1	2	1	1	2	2	2	2		Platycodon grandiflorus (Jacq.) A.DC.	Magnoliopsida	220	Plantae
3169120	1	1			1	1			1	1			0.8692286929070179	Euonymus alatus (Thunb.) Siebold	Magnoliopsida	220	Plantae
3169137	3	3	3	3	3	3	3	3	3	3	3	3	1.149408922905765	Euonymus fortunei (Turcz.) Hand.-Mazz.	Magnoliopsida	220	Plantae
3169331	1	1			2	2			2	2				Lysimachia clethroides Duby	Magnoliopsida	220	Plantae
3169340	3	1	3	0	3	1	1	0	1	1	1	0	1.0164219180027259	Lysimachia punctata L.	Magnoliopsida	220	Plantae
3169391	0	0	3	3	0	0	1	1	0	0	1	1	0.2559239785628782	Lysimachia ciliata L.	Magnoliopsida	220	Plantae
3169708	3	3	3	3	3	3	3	3	3	3	3	3	1.2230087040118496	Vinca major L.	Magnoliopsida	220	Plantae
3169756	3	3	3	3	1	1	1	1	1	1	1	1		Nerium oleander L.	Magnoliopsida	220	Plantae
3170040	3	3	3	2	3	3	3	2	3	3	3	3	1.0824764944003369	Gentiana lutea L.	Magnoliopsida	220	Plantae
3170247	3	1	1	1	3	1	2	1	3	1	3	1	1.0161966571824854	Asclepias syriaca L.	Magnoliopsida	220	Plantae
3170823	2	3	3	3	2	3	3	3	2	3	3	3	1.2263722400383952	Paulownia tomentosa (Thunb.) Steud.	Magnoliopsida	220	Plantae
3170862	3	1			3	1			1	1				Scrophularia peregrina L.	Magnoliopsida	220	Plantae
3171304	1	1	1	1	3	3	3	1	2	3	3	3		Mazus pumilus (Burm.fil.) Steenis	Magnoliopsida	220	Plantae
3171888	1	0	0	0	1	0	0	0	1	0	0	0	0.8547702053096985	Lindernia dubia (L.) Pennell	Magnoliopsida	220	Plantae
3171948	3	3	3	1	3	3	3	1	3	3	3	1	1.1563992240004557	Verbascum phlomoides L.	Magnoliopsida	220	Plantae
3171951	1	1	1	1	1	1	3	3	1	1	3	2	0.9747556015437788	Verbascum phoeniceum L.	Magnoliopsida	220	Plantae
3171952	3	3	2	1	1	3	0	1	1	3	0	1	0.88268494736369	Verbascum speciosum Schrad.	Magnoliopsida	220	Plantae
3171954	1	3	1	1	1	3	1	1	1	3	1	1	0.933471407115205	Verbascum virgatum Stokes	Magnoliopsida	220	Plantae
3172001	3	3	3	1	3	3	3	1	3	3	3	1	1.2391525652374724	Antirrhinum majus L.	Magnoliopsida	220	Plantae
3172059	3	1	1	1	3	1	1	1	3	1	1	1	1.0244903008864326	Veronica spicata L.	Magnoliopsida	220	Plantae
3172068	3	3	3	3	3	3	3	3	3	3	2	2	1.1119402332111794	Veronica cymbalaria Bodard	Magnoliopsida	220	Plantae
3172077	3	3	3	3	3	3	3	3	3	3	3	3	1.3130220115826343	Veronica persica Poir.	Magnoliopsida	220	Plantae
3172100	3	3	3	3	3	2	3	3	3	2	3	2	1.08332030754042	Veronica filiformis Sm.	Magnoliopsida	220	Plantae
3172104	3	3	3	3	3	3	3	3	3	3	3	3	1.164124918580414	Veronica peregrina L.	Magnoliopsida	220	Plantae
3172118	3	3	3	3	3	3	3	3	3	3	3	3	1.1968131538533155	Veronica longifolia L.	Magnoliopsida	220	Plantae
3172266	1	1	3	3	1	1	1	1	1	1	3	3	0.954278952354221	Jasminum nudiflorum Lindl.	Magnoliopsida	220	Plantae
3172276	2	2			2	2			2	2				Osmanthus heterophyllus (G.Don) P.S.Green	Magnoliopsida	220	Plantae
3172291	3	2	3	3	3	3	3	3	3	2	3	3	1.1584889340008149	Ligustrum ovalifolium Hassk.	Magnoliopsida	220	Plantae
3172347	3	1	3	1	3	1	3	1	3	1	3	1	1.2063940105672795	Fraxinus ornus L.	Magnoliopsida	220	Plantae
3172348	1	1	2	2	1	1	2	2	1	1	3	2	0.7931856681113538	Fraxinus pennsylvanica Marshall	Magnoliopsida	220	Plantae
3172549	3	3	1	1	3	3	1	1	3	3	3	3	1.3784515111549012	Campsis radicans (L.) Bureau	Magnoliopsida	220	Plantae
3172615	3	3	3	3	3	3	3	3	3	3	3	3	1.2232772058782302	Catalpa bignonioides Walter	Magnoliopsida	220	Plantae
3173338	3	3	3	3	3	3	3	3	3	3	3	3	1.1346302145969371	Buddleja davidii Franch.	Magnoliopsida	220	Plantae
3188735	1	1			1	1			3	3				Lythrum virgatum L.	Magnoliopsida	220	Plantae
3188830	3	2	3	1	3	3	3	3	3	3	3	3	1.4222932246440618	Oenothera stricta Link	Magnoliopsida	220	Plantae
3188894	3	3	3	3	3	3	3	3	3	3	3	3	1.287259022312938	Oenothera glazioviana Micheli	Magnoliopsida	220	Plantae
3188924	0	0	0	0	0	0	0	0	0	0	0	0	0.8393203429773047	Oenothera biennis L.	Magnoliopsida	220	Plantae
3189073	3	3	2	3	3	3	1	2	3	3	3	3	1.1702045317657435	Epilobium brachycarpum C.Presl	Magnoliopsida	220	Plantae
3189497	1	1			1	1			1	1			0.843392740733709	Hypericum calycinum L.	Magnoliopsida	220	Plantae
3189762	3	3	3	3	3	3	3	3	3	3	3	3	1.1509590127721545	Plantago arenaria Waldst. & Kit.	Magnoliopsida	220	Plantae
3189815	3	1	3	1	3	1	3	1	3	1	3	1	1.0883885650483018	Aesculus hippocastanum L.	Magnoliopsida	220	Plantae
3189828	1	1	3	2	1	1	3	3	1	1	2	2	0.943685770267742	Aesculus parviflora Walter	Magnoliopsida	220	Plantae
3189837	1	1	3	1	1	1	3	1	1	1	3	1	0.9885079954296856	Acer saccharinum L.	Magnoliopsida	220	Plantae
3189843	0	0			0	0			0	0			0.4771799443716694	Acer tataricum L.	Magnoliopsida	220	Plantae
3189866	3	3	3	1	3	3	3	1	3	3	3	1	1.1068417227976477	Acer negundo L.	Magnoliopsida	220	Plantae
3189882	3	1	1	1	3	2	2	2	3	3	3	3	1.0354081563723967	Acer palmatum Thunb.	Magnoliopsida	220	Plantae
3190382	3	1	1	1	3	1	1	1	3	1	1	1	1.0479945822274963	Ruta graveolens L.	Magnoliopsida	220	Plantae
3190411	1	1	3	3	1	1	1	1	1	1	3	3	1.0025467405096078	Ptelea trifoliata L.	Magnoliopsida	220	Plantae
3190522	3	0	1	0	2	0	1	0	2	0	1	0		Cotinus coggygria Scop.	Magnoliopsida	220	Plantae
3190538	2	3	3	3	2	3	3	3	2	3	3	3	1.0824354912910081	Rhus typhina L.	Magnoliopsida	220	Plantae
3190653	3	3	3	3	3	3	3	3	3	3	3	3	1.2151621425350172	Ailanthus altissima (Mill.) Swingle	Magnoliopsida	220	Plantae
3197314	3	3	3	3	3	3	3	1	3	3	1	1	1.0425062145034683	Sargassum muticum (Yendo) Fensholt	Phaeophyceae	7073593	Chromista
3602683	3	3	3	3	3	3	3	3	3	3	3	3	1.199272171646844	Papaver cambricum L.	Magnoliopsida	220	Plantae
3610757	3	3	1	1	3	3	1	1	3	3	1	1	1.1469118047778648	Cuscuta campestris Yunck.	Magnoliopsida	220	Plantae
3633319	1	1			1	1			1	1			0.8677729967911948	Tordylium maximum L.	Magnoliopsida	220	Plantae
3642531	2	2	2	2	3	3	2	2	3	3	3	3		Chaerophyllum aureum L.	Magnoliopsida	220	Plantae
3663237	2	0	3	0	1	0	1	0	1	0	1	0		Cornus sanguinea subsp. australis (C.A.Mey.) Jáv.	Magnoliopsida	220	Plantae
3664589	2	3	3	3	0	3	2	2	0	3	2	2	0.7851055524770784	Oenothera lindheimeri (Engelm. & A.Gray) W.L.Wagner & Hoch	Magnoliopsida	220	Plantae
3666422	1	1	1	1	1	1	1	1	1	1	1	1	0.7596657424091081	Chamaenerion dodonaei (Vill.) Schur ex Fuss.	Magnoliopsida	220	Plantae
3666776	0	0	0	2	0	0	0	1	0	0	0	2	0.5981468045838525	Oenothera ×ersteinensis H.P.Linder & R.Jean	Magnoliopsida	220	Plantae
3667238	2	2			1	1			1	1				Oenothera ×paradoxa Hudziok	Magnoliopsida	220	Plantae
3678949	1	1			1	1			2	3				Calystegia ×pulchra Brumm. & Heywood	Magnoliopsida	220	Plantae
3686235	3	1	1	0	3	1	1	0	3	1	1	0	1.0775157364623829	Staphylea pinnata L.	Magnoliopsida	220	Plantae
3690997	3	3	3	3	3	3	3	3	3	3	3	3	1.1995988676654032	Cardamine occulta Hornem.	Magnoliopsida	220	Plantae
3693541	1	1	1	1	1	1	1	1	3	2	3	3		Odontarrhena muralis (Waldst. & Kit.) Endl.	Magnoliopsida	220	Plantae
3711564	1	1	1	1	1	1	1	1	1	1	1	1	0.9662923434566854	Hypericum ×inodorum Mill.	Magnoliopsida	220	Plantae
3711846	2	2	1	1	3	3	1	1	2	2	1	1		Hypericum ×hidcoteense Geerinck	Magnoliopsida	220	Plantae
3725062	1	1	1	1	1	1	1	1	1	1	1	1	0.8732383155403486	Veronica teucrium L.	Magnoliopsida	220	Plantae
3729273	1	1			3	3			2	2				Asarina procumbens Mill.	Magnoliopsida	220	Plantae
3741446	2	2	2	2	1	1	2	2	2	2	3	3		Erinus alpinus L.	Magnoliopsida	220	Plantae
3756650	0	0	0	1	0	0	0	1	0	0	0	1	0.6990456966044328	Chenopodium ×reynieri Ludw. & Aellen	Magnoliopsida	220	Plantae
3767816	1	1			1	1			1	1			0.7578270545900175	Acer japonicum Thunb.	Magnoliopsida	220	Plantae
3797084	3	1	3	0	3	1	3	0	3	1	3	0	1.0781710907301087	Alkekengi officinarum Moench	Magnoliopsida	220	Plantae
3814157	1	2	1	1	1	1	1	1	3	3	3	3		Eudianthe coeli-rosa (L.) Fenzl ex Endl.	Magnoliopsida	220	Plantae
3883959	1	1			2	3			3	3				Salvia viridis L.	Magnoliopsida	220	Plantae
3886505	0	3	0	1	0	3	0	1	0	3	0	1	0.8073935575176723	Phlomis russeliana (Sims) Lag. ex Benth.	Magnoliopsida	220	Plantae
3892732	1	1			1	1			1	1			0.5863439907106104	Lamium orvala L.	Magnoliopsida	220	Plantae
3896282	1	1	1	1	3	3	3	3	3	2	3	1		Teucrium hircanicum L.	Magnoliopsida	220	Plantae
3922888	1	3	0	1	1	3	0	1	1	3	0	1	0.7933206274787559	Anemone sylvestris L.	Magnoliopsida	220	Plantae
3924221	2	2	2	2	2	2	1	1	2	3	2	2		Helleborus argutifolius Viv.	Magnoliopsida	220	Plantae
3933415	1	1			1	1			1	1			0.9430898799337699	Malva multiflora (Cav.) Soldano, Banfi & Galasso	Magnoliopsida	220	Plantae
3935079	3	3	3	1	2	2	1	1	2	2	1	1		Malva arborea (L.) Webb & Berthel.	Magnoliopsida	220	Plantae
3935421	3	3			2	2			2	2				Malope trifida Cav.	Magnoliopsida	220	Plantae
3940326	3	1	2	2	3	1	2	2	3	1	2	2	1.041656276223164	Malva trimestris (L.) Salisb.	Magnoliopsida	220	Plantae
3940423	1	1	2	2	1	1	2	2	2	1	2	2		Malva thuringiaca (L.) Vis.	Magnoliopsida	220	Plantae
3981543	3	3	3	3	3	3	3	3	3	3	3	3	1.207804095189137	Berberis julianae C.K.Schneid.	Magnoliopsida	220	Plantae
3988701	0	1			0	1			0	1			0.5540891517548112	Lythrum junceum Banks & Sol.	Magnoliopsida	220	Plantae
4013762	0	0	0	0	0	0	0	0	0	0	0	0	0.5512723701066398	Narcissus ×cyclazetta Chater & Stace	Liliopsida	196	Plantae
4021919	1	1			1	1			1	1			0.6206519991088458	Portulaca sativa Haw.	Magnoliopsida	220	Plantae
4034001	1	1	1	1	2	2	3	3	1	1	1	1		Persicaria nepalensis (Meisn.) H.Gross	Magnoliopsida	220	Plantae
4038485	0	0	0	1	1	0	0	1	1	0	0	1	0.7102248094533651	Reynoutria ×bohemica Chrtek & Chrtková	Magnoliopsida	220	Plantae
4046493	3	2			2	2			2	2				Polystichum luctuosum (Kunze) T.Moore	Polypodiopsida	7228684	Plantae
4048240	1	1	3	3	1	1	3	3	1	1	3	3	0.9798132593760325	Elaeagnus ×submacrophylla Servett.	Magnoliopsida	220	Plantae
4063383	3	3	0	3	3	3	0	3	3	3	0	3	1.3441877412655856	Trachystemon orientale (L.) D.Don	Magnoliopsida	220	Plantae
4067281	0	3	3	3	0	3	3	3	0	3	3	3	0.7879977206418055	Symphytum ×hidcotense P.D.Sell	Magnoliopsida	220	Plantae
4067302	3	3	0	1	3	3	0	1	3	3	0	1	1.1747570317735885	Symphytum grandiflorum DC.	Magnoliopsida	220	Plantae
4086523	3	2	1	1	2	3	1	1	2	3	3	3		Verbena incompta P.W.Michael	Magnoliopsida	220	Plantae
4097656	1	1			1	1			1	1			0.9129701634707691	Alnus ×spaethii Callier	Magnoliopsida	220	Plantae
4102952	1	3	2	1	1	1	1	1	1	1	2	1	0.7566376942486351	Knautia macedonica Griseb.	Magnoliopsida	220	Plantae
4123394	1	1	1	1	1	1	2	2	1	1	3	3	0.7884506029679088	Festuca guestfalica subsp. hirtula (Hack. ex Travis) Dengler	Liliopsida	196	Plantae
4123912	3	1	3	3	3	1	1	1	3	1	2	2	1.0596599411951635	Agrostis ×dimorpholemma Ohwi	Liliopsida	196	Plantae
4125308	1	3	1	1	1	3	1	1	1	3	1	1	0.9135372379044854	Panicum schinzii Hack.	Liliopsida	196	Plantae
4127352	1	1	3	1	1	1	3	2	1	1	3	2	0.9385998437148788	Sasaella ramosa (Makino) Makino	Liliopsida	196	Plantae
4129181	1	3	2	1	1	3	2	1	1	3	2	1	0.9585308130886122	Festuca ambigua Le Gall	Liliopsida	196	Plantae
4129708	3	3	1	3	3	3	1	3	3	3	1	3	1.0394089820970334	Lolium multiflorum Lam.	Liliopsida	196	Plantae
4131042	2	2			1	1			2	2				Bromus hordeaceus subsp. longipedicellatus Spalton	Liliopsida	196	Plantae
4133390	1	0	1	1	1	0	1	1	1	0	2	2	0.6545336943557557	Lolium ×boucheanum Kunth	Liliopsida	196	Plantae
4142326	1	1			1	1			2	3				Achnatherum calamagrostis (L.) P.Beauv.	Liliopsida	196	Plantae
4201607	3	3	3	3	3	3	3	3	3	3	3	3	1.2112167492352433	Phedimus spurius (M.Bieb.) 't Hart	Magnoliopsida	220	Plantae
4201695	2	2	1	2	2	2	1	2	2	2	1	2		Phedimus hybridus (L.) 't Hart	Magnoliopsida	220	Plantae
4201709	3	3	3	3	1	1	1	1	1	1	1	1		Sempervivum arachnoideum L.	Magnoliopsida	220	Plantae
4205640	1	1	1	1	1	1	1	1	2	2	2	2		Juglans mandshurica Maxim.	Magnoliopsida	220	Plantae
4206362	0	0			0	0			0	0			0.2710333029132715	Onopordum beckianum A.John	Magnoliopsida	220	Plantae
4245384	1	1			1	1			1	1			0.9386120214060785	Crepis setosa Haller fil.	Magnoliopsida	220	Plantae
4259350	2	0			2	0			2	0				Tilia tomentosa Moench	Magnoliopsida	220	Plantae
4264680	3	3	3	3	3	3	3	3	3	3	3	3	1.1712449214199079	Myocastor coypus (Molina, 1782)	Mammalia	359	Animalia
4270548	1	1	3	1	1	1	2	3	1	1	3	3	0.5565593371551913	Hordeum murinum subsp. leporinum (Link) Arcang.	Liliopsida	196	Plantae
4285968	1	0	1	1	1	0	1	2	1	0	1	1	0.6895278150535215	Ponticola kessleri (Günther, 1861)			Animalia
4286942	3	3	3	1	3	1	3	1	3	1	3	1	1.047191724056661	Carassius auratus (Linnaeus, 1758)			Animalia
4286975	1	3	0	3	1	3	0	1	1	3	0	1	0.9259956691938885	Cyprinus carpio Linnaeus, 1758			Animalia
4315705	0	0			0	0			0	0			0.7938644443557075	Dikerogammarus villosus (Sowinsky, 1894)	Malacostraca	229	Animalia
4362965	2	3			1	1			1	1				Melanoides tuberculata (O.F.Müller, 1774)	Gastropoda	225	Animalia
4372686	2	0	2	3	0	0	0	3	0	0	0	3	0.8942276138184204	Ruditapes philippinarum (A.Adams & Reeve, 1850)	Bivalvia	137	Animalia
4382841	3	3	3	3	3	3	3	3	3	3	3	3	1.2363452799184849	Hemigrapsus takanoi Asakura & Watanabe, 2005	Malacostraca	229	Animalia
4400961	1	1			1	1			1	1				Badonnelia titei Pearman, 1953	Insecta	216	Animalia
4408455	0	0	0	0	0	0	0	0	0	0	0	0	0.7408823580574019	Hydrobates pelagicus (Linnaeus, 1758)	Aves	212	Animalia
4409643	0	0	0	0	0	0	0	0	0	0	1	0	0.7294402931134821	Leuciscus idus (Linnaeus, 1758)			Animalia
4427319	3	3	3	3	3	3	3	3	3	3	3	3	1.3241684728499397	Anthrenus angustefasciatus Ganglbauer, 1904	Insecta	216	Animalia
4460066	3	2	3	3	1	2	1	3	1	0	1	3	0.984512550198487	Chrysolina americana (Linnaeus, 1758)	Insecta	216	Animalia
4483961	3	3	1	0	3	3	1	1	1	3	1	1	1.0332427634828036	Viridicerus ustulatus (Mulsant & Rey, 1855)	Insecta	216	Animalia
4483971	1	2	3	3	1	2	2	2	1	3	1	1	0.8437412886993801	Populicerus albicans (Kirschbaum, 1868)	Insecta	216	Animalia
4484009	3	3	3	3	2	2	1	1	1	1	1	1		Tremulicerus distinguendus (Kirschbaum, 1868)	Insecta	216	Animalia
4484176	1	1	3	1	1	1	1	1	1	1	3	1	0.880576664744702	Cacopsylla fulguralis (Kuwayama, 1908)	Insecta	216	Animalia
4485843	3	3	3	3	3	3	3	3	3	3	3	3		Halyomorpha halys (Stål, 1855)	Insecta	216	Animalia
4486243	2	3	3	3	3	3	1	2	3	3	3	3	1.229392409636816	Oxycarenus lavaterae (Fabricius, 1787)	Insecta	216	Animalia
4486297	0	0	1	0	0	0	1	0	0	0	1	0	0.49205216812724606	Arocatus longiceps Stal, 1872	Insecta	216	Animalia
4486365	0	1	0	0	0	1	0	0	0	1	0	0	0.5425382138982737	Nysius huttoni White, 1878	Insecta	216	Animalia
4486382	1	1			1	0			1	0			0.7267077315620125	Orsillus depressus Dallas, 1852	Insecta	216	Animalia
4487370	3	3	3	3	3	3	3	3	3	3	3	3		Tropidosteptes pacificus (Van Duzee, 1921)	Insecta	216	Animalia
4487598	3	3	3	3	2	3	1	1	3	3	2	2		Closterotomus trivialis (A.Costa, 1853)	Insecta	216	Animalia
4487799	3	3			3	3			2	2				Tupiocoris rhododendri (Dolling, 1972)	Insecta	216	Animalia
4488821	1	0	0	0	1	1	0	0	1	1	0	0	0.9210452127072994	Deraeocoris flavilinea (A.Costa, 1862)	Insecta	216	Animalia
4497124	0	0			0	0			0	0			0.5008292738550661	Andricus quercuscalicis (Burgsdorff, 1783)	Insecta	216	Animalia
4497180	1	1	2	2	1	2	2	2	1	1	1	1	0.8174968546347776	Andricus aries (Giraud, 1859)	Insecta	216	Animalia
4528100	3	1	1	2	3	1	1	2	3	1	1	3	1.065293946172615	Phthorimaea absoluta Meyrick, 1917	Insecta	216	Animalia
4532122	3	2	2	2	1	0	0	0	1	0	0	0	0.9531655175982271	Cydalima perspectalis (Walker, 1859)	Insecta	216	Animalia
4544661	3	1	3	1	1	1	1	1	3	3	1	1		Aceria ilicis (Canestrini, 1890)	Arachnida	367	Animalia
4553469	1	1	0	1	1	1	0	1	1	1	0	1	0.8227353126464825	Leiobunum Koch, 1839	Arachnida	367	Animalia
4559541	3	3	3	3	3	3	3	1	3	3	3	3	1.072764553177198	Sinanodonta woodiana (I.Lea, 1834)	Bivalvia	137	Animalia
4562529	3	3	3	3	3	3	2	3	3	3	3	3		Morlina glabra (Rossmässler, 1835)	Gastropoda	225	Animalia
4562917	1	1	1	1	1	1	1	1	1	1	1	1	0.6842042051494777	Cochlicella acuta (O.F.Müller, 1774)	Gastropoda	225	Animalia
4564216	1	1			3	3			1	1				Otala punctata (O.F.Müller, 1774)	Gastropoda	225	Animalia
4565039	0	3	3	3	0	3	3	3	0	3	3	3	0.865768477505112	Hygromia cinctella (Draparnaud, 1801)	Gastropoda	225	Animalia
4565061	3	1	1	1	3	1	1	1	1	1	1	1	1.0270412533085518	Cernuella neglecta (Draparnaud, 1805)	Gastropoda	225	Animalia
4565134	1	1	1	0	1	1	2	0	1	1	2	0	0.293473758442305	Cernuella aginnica (Locard, 1882)	Gastropoda	225	Animalia
4565140	1	1			3	3			2	2				Cernuella cisalpina (Rossmässler, 1837)	Gastropoda	225	Animalia
4567717	1	1	1	1	1	1	1	1	1	1	1	1	0.5827138380041722	Boettgerilla pallens Simroth, 1912	Gastropoda	225	Animalia
4568269	0	0	0	0	0	0	0	0	0	0	0	0	0.6302667483722426	Paralaoma servilis (Shuttleworth, 1852)	Gastropoda	225	Animalia
4598225	1	1	1	1	1	1	1	1	1	1	1	1	0.6673943294427533	Tandonia budapestensis (Hazay, 1880)	Gastropoda	225	Animalia
4845776	1	1			1	1			1	3			0.7557088376210779	Lonchura oryzivora (Linnaeus, 1758)	Aves	212	Animalia
4926336	1	1	2	2	1	1	2	3	1	1	2	2	0.9772151236699195	Anaphalis margaritacea (L.) Benth.	Magnoliopsida	220	Plantae
4932232	3	3			3	3			3	3			1.1105433871748245	Dactylis glomerata subsp. lobata (Drejer) H.Lindb.	Liliopsida	196	Plantae
4933624	3	3	3	3	3	3	3	3	3	3	3	3	1.2370372050413554	Inula racemosa Hook.fil.	Magnoliopsida	220	Plantae
4939668	1	1	1	1	1	1	1	1	1	1	3	3	0.8681803862198878	Kitaibela vitifolia Willd.	Magnoliopsida	220	Plantae
4984851	1	1			3	1			1	1				Bugula neritina (Linnaeus, 1758)	Gymnolaemata	252	Animalia
4985072	1	1			1	1			1	1				Tricellaria inopinata d'Hondt & Occhipinti Ambrogi, 1985	Gymnolaemata	252	Animalia
4989904	0	3	0	3	0	1	0	1	0	1	0	1	0.7766889895813311	Harmonia axyridis (Pallas, 1773)	Insecta	216	Animalia
4990176	1	1			1	1			1	1			0.7016758058110918	Rhyzobius forestieri (Mulsant, 1853)	Insecta	216	Animalia
5041422	3	3			3	3			1	1				Sceliphron curvatum (F.Smith, 1870)	Insecta	216	Animalia
5041466	3	3	3	3	3	3	3	3	1	1	2	2		Sceliphron caementarium (Drury, 1773)	Insecta	216	Animalia
5073820	1	1			2	2			2	2				Drosophila suzukii (Matsumura, 1931)	Insecta	216	Animalia
5123474	0	0	1	1	0	0	1	1	0	0	1	1	0.6767148169785515	Anthophila nemorana (Hübner, 1799)	Insecta	216	Animalia
5151589	3	3			1	1			3	3				Blatta orientalis Linnaeus, 1758	Insecta	216	Animalia
5152536	1	1			1	1			1	1				Gastrodes abietum Bergroth, 1914	Insecta	216	Animalia
5152543	2	2	2	3	3	3	3	3	2	2	2	2		Raglius alboacuminatus (Goeze, 1778)	Insecta	216	Animalia
5153082	1	1			3	3			1	1				Homotoma ficus (Linnaeus, 1758)	Insecta	216	Animalia
5154481	3	3	3	3	3	3	3	3	3	3	3	3	1.4883031391382908	Stictocephala bisonia Kopp & Yonke, 1977	Insecta	216	Animalia
5156102	3	3	3	3	3	3	3	3	3	3	3	3	1.0907067515412694	Leptoglossus occidentalis Heidemann, 1910	Insecta	216	Animalia
5179027	3	3	3	3	3	3	3	3	3	3	3	3	1.5368513754358313	Scutigera coleoptrata Linnaeus, 1758	Chilopoda	360	Animalia
5185431	3	3	3	3	3	3	3	1	3	3	3	3		Aurelia coerulea von Lendenfeld, 1884	Scyphozoa	352	Animalia
5188971	3	3	1	3	3	3	1	3	3	3	1	3	1.1252431350069727	Rangia cuneata (G.B.Sowerby I, 1832)	Bivalvia	137	Animalia
5189032	2	3			2	3			2	3				Corbicula fluminalis (O.F.Müller, 1774)	Bivalvia	137	Animalia
5189713	1	1	1	1	1	1	1	1	1	1	1	1	0.7370363588068903	Menetus dilatatus (A.Gould, 1841)	Gastropoda	225	Animalia
5189806	0	0	1	1	0	0	1	1	0	0	1	1	0.8181414797138834	Physella acuta (Draparnaud, 1805)	Gastropoda	225	Animalia
5191102	0	0	2	2	0	0	2	2	0	0	2	2	0.21118256686803064	Monacha cantiana (Montagu, 1803)	Gastropoda	225	Animalia
5192470	0	0	0	0	0	0	0	0	0	0	0	0	0.7309386888951874	Potamopyrgus antipodarum (J.E.Gray, 1843)	Gastropoda	225	Animalia
5204019	2	3	2	3	1	3	2	3	2	3	2	3		Oncorhynchus mykiss (Walbaum, 1792)			Animalia
5218786	3	3	3	3	3	3	3	3	1	3	3	3	1.040753778930809	Procyon lotor (Linnaeus, 1758)	Mammalia	359	Animalia
5219681	3	3			1	1			2	2				Sciurus carolinensis Gmelin, 1788	Mammalia	359	Animalia
5219858	3	1	2	1	3	1	2	1	3	1	2	1	1.0346160026789435	Ondatra zibethicus (Linnaeus, 1766)	Mammalia	359	Animalia
5220136	1	3	3	3	1	1	3	3	1	1	1	1	0.8790571050310445	Dama dama (Linnaeus, 1758)	Mammalia	359	Animalia
5220170	2	2	2	2	3	3	3	3	3	3	3	3		Rupicapra rupicapra (Linnaeus, 1758)	Mammalia	359	Animalia
5227775	1	1	1	1	2	3	3	3	1	1	1	1		Phasianus versicolor Vieillot, 1825	Aves	212	Animalia
5227966	3	1			3	1			3	3			1.1680875201375804	Lophura nycthemera (Linnaeus, 1758)	Aves	212	Animalia
5228033	1	1			2	1			2	1				Chrysolophus amherstiae (Leadbeater, 1829)	Aves	212	Animalia
5228034	3	3	1	1	3	3	1	1	3	3	1	1	1.0503431452974519	Chrysolophus pictus (Linnaeus, 1758)	Aves	212	Animalia
5228080	2	3	1	1	2	2	1	1	1	1	2	2		Callipepla californica (Shaw, 1798)	Aves	212	Animalia
5228229	0	3			0	2			0	2			0.12980940544137012	Balearica regulorum (E.T.Bennett, 1834)	Aves	212	Animalia
5229055	3	3	1	0	3	3	1	0	3	3	1	0	1.1444958167997084	Psittacula eupatria (Linnaeus, 1766)	Aves	212	Animalia
5229204	2	2	3	1	1	1	1	1	2	2	1	1		Eudocimus ruber (Linnaeus, 1758)	Aves	212	Animalia
5229205	3	3	3	3	3	3	3	3	3	3	3	3	1.3685846091868819	Eudocimus albus (Linnaeus, 1758)	Aves	212	Animalia
5229249	1	1	3	1	1	1	3	1	1	1	3	1	0.8667992977953682	Sterna dougallii Montagu, 1813	Aves	212	Animalia
5231398	1	2	1	1	1	1	1	1	1	2	2	2	0.943889538978326	Leiothrix lutea (Scopoli, 1786)	Aves	212	Animalia
5232432	1	2			1	2			1	2			0.4117004789988803	Cereopsis novaehollandiae Latham, 1801	Aves	212	Animalia
5232437	3	3	1	3	3	3	1	3	3	3	1	1	1.115102970237961	Branta canadensis (Linnaeus, 1758)	Aves	212	Animalia
5232445	1	1			1	1			1	1			0.5091770912637016	Branta sandvicensis (Vigors, 1834)	Aves	212	Animalia
5232451	0	0	0	0	0	0	0	0	0	0	0	0	0.6613073854527748	Branta ruficollis (Pallas, 1769)	Aves	212	Animalia
5232452	1	1	1	1	1	1	1	1	1	1	1	1	0.9937652559302013	Branta hutchinsii (Richardson, 1832)	Aves	212	Animalia
5275404	1	1			1	1			1	1			0.46536530833280265	Pteris cretica L.	Polypodiopsida	7228684	Plantae
5275415	2	2			2	3			2	3			0.9403915081225432	Pteris multifida Poir.	Polypodiopsida	7228684	Plantae
5281901	3	3	3	3	3	3	3	3	3	3	3	3	1.2212709262597259	Campylopus introflexus (Hedw.) Brid.	Bryopsida	327	Plantae
5284237	3	3	3	3	3	3	3	3	3	3	3	3	1.0962583670577373	Cryptomeria japonica (Thunb. ex L.f.) D.Don	Pinopsida	194	Plantae
5284809	1	1	1	1	1	1	1	1	1	1	1	1	1.0063334217697528	Pinus nigra J.F.Arnold	Pinopsida	194	Plantae
5284827	0	1	1	1	0	1	1	1	0	1	1	1	0.7459261684312374	Picea sitchensis (Bong.) Carrière	Pinopsida	194	Plantae
5284884	1	0	1	0	1	0	1	0	1	0	1	0	0.7659431894812334	Picea abies (L.) H.Karst.	Pinopsida	194	Plantae
5284950	3	3	3	2	3	3	1	1	1	3	2	2	1.0108443321266138	Picea omorika (Pancic) Purk.	Pinopsida	194	Plantae
5284982	1	0	1	1	1	0	1	1	1	0	1	1	0.913778187991878	Pinus strobus L.	Pinopsida	194	Plantae
5285074	1	1			1	1			1	1				Pinus wallichiana A.B.Jacks.	Pinopsida	194	Plantae
5285565	3	0	3	3	3	0	1	3	3	0	1	3	1.143418729173294	Pinus pinaster Aiton	Pinopsida	194	Plantae
5285637	3	1	3	1	3	1	3	1	3	1	3	1	1.0555631470918179	Pinus sylvestris L.	Pinopsida	194	Plantae
5289503	0	1	1	3	0	1	1	3	0	1	1	3	0.4768867798502939	Typha laxmannii Lepech.	Liliopsida	196	Plantae
5289643	1	1	1	1	1	1	2	1	1	1	1	1	0.97800005707728	Apera interrupta (L.) P.Beauv.	Liliopsida	196	Plantae
5289666	1	3	1	1	1	3	1	1	1	3	1	1	0.9127333023050852	Setaria faberi R.A.W.Herrm.	Liliopsida	196	Plantae
5289679	1	1			1	1			1	1			0.8637052067032548	Setaria parviflora (Poir.) Kerguélen	Liliopsida	196	Plantae
5289684	3	3	3	3	3	3	3	3	3	3	3	3	1.0728250896447664	Setaria viridis (L.) P.Beauv.	Liliopsida	196	Plantae
5289686	3	1	1	3	3	1	1	3	3	1	1	3	1.1403434685416034	Setaria verticillata (L.) P.Beauv.	Liliopsida	196	Plantae
5289693	3	3	3	3	3	3	3	3	3	3	3	3	1.2170448527574937	Setaria pumila (Poir.) Roem. & Schult.	Liliopsida	196	Plantae
5289698	1	1	1	1	1	1	1	1	1	1	1	1	0.9349055850925339	Setaria italica (L.) P.Beauv.	Liliopsida	196	Plantae
5289744	3	2	2	1	3	2	2	1	3	2	2	1	1.0374787913031922	Phalaris canariensis L.	Liliopsida	196	Plantae
5289756	0	0	0	0	0	0	0	0	0	0	0	0	0.7942238379890845	Phalaris arundinacea L.	Liliopsida	196	Plantae
5289833	0	0	0	0	0	0	0	0	0	0	0	0	0.7977860257109777	Nassella tenuissima (Trin.) Barkworth	Liliopsida	196	Plantae
5289906	3	1	1	2	3	1	1	1	3	1	1	1	1.0375387703127064	Rostraria cristata (L.) Tzvelev	Liliopsida	196	Plantae
5289913	3	3	3	3	3	3	3	3	3	3	3	3	1.215376891731209	Polypogon maritimus Willd.	Liliopsida	196	Plantae
5289917	3	3	3	3	3	3	3	3	3	3	3	3	1.107668647983172	Polypogon monspeliensis (L.) Desf.	Liliopsida	196	Plantae
5289919	3	3	3	3	3	3	3	3	3	3	3	3	1.1102059478420712	Polypogon viridis (Gouan) Breistr.	Liliopsida	196	Plantae
5289972	3	3	3	3	3	3	3	3	3	3	3	3	1.182261733431343	Digitaria sanguinalis (L.) Scop.	Liliopsida	196	Plantae
5289998	1	1			1	1			1	1			0.9445245130727551	Digitaria ciliaris (Retz.) Koeler	Liliopsida	196	Plantae
5290052	3	3	1	3	3	3	1	3	3	3	1	3	1.0161489655381313	Zea mays L.	Liliopsida	196	Plantae
5290177	3	3	3	3	3	3	3	3	3	3	3	3	1.3252176336535173	Lagurus ovatus L.	Liliopsida	196	Plantae
5290192	1	1			1	1			1	1				Cenchrus longisetus M.C.Johnst.	Liliopsida	196	Plantae
5290242	1	1	1	1	1	1	1	1	1	1	1	1	0.8711919687776618	Gaudinia fragilis (L.) P.Beauv.	Liliopsida	196	Plantae
5296178	3	3	3	1	3	3	3	1	3	1	3	1	1.1131891672839456	Sisyrinchium montanum Greene	Liliopsida	196	Plantae
5296218	2	2			1	1			2	2				Sisyrinchium californicum (Ker Gawl.) Dryand.	Liliopsida	196	Plantae
5296432	1	1			1	1			3	3				Sisyrinchium striatum Sm.	Liliopsida	196	Plantae
5297966	3	3			1	1			1	1				Iris xiphium L.	Liliopsida	196	Plantae
5298069	3	3	3	3	3	3	3	3	3	3	3	3	1.1223518558269245	Iris ×germanica L.	Liliopsida	196	Plantae
5298126	3	3	3	3	1	1	3	3	1	1	3	3	1.0008439496911874	Iris sibirica L.	Liliopsida	196	Plantae
5298675	3	3	3	3	1	1	1	1	2	2	2	2		Iris pumila L.	Liliopsida	196	Plantae
5298765	3	3	1	3	3	1	1	3	3	1	1	3	1.102295753681254	Iris foetidissima L.	Liliopsida	196	Plantae
5299536	3	3	3	3	3	3	3	3	3	3	3	1	1.1142193096118387	Tulipa sylvestris L.	Liliopsida	196	Plantae
5300716	2	2	2	2	2	2	1	1	2	2	2	2		Fritillaria imperialis L.	Liliopsida	196	Plantae
5303040	2	2			1	1			2	2				Thalia dealbata Fraser	Liliopsida	196	Plantae
5304187	2	2	2	2	2	2	2	2	2	2	2	2		Triteleia laxa Benth.	Liliopsida	196	Plantae
5304257	1	3	1	1	1	3	1	1	1	1	1	1	0.9264277120416289	Hyacinthoides hispanica (Mill.) Rothm.	Liliopsida	196	Plantae
5304294	3	3	3	3	3	3	3	3	3	3	3	3	1.3920455771568896	Hyacinthoides ×massartiana Geerinck	Liliopsida	196	Plantae
5324959	3	3	3	3	2	3	2	3	2	3	1	3		Himantoglossum robertianum (Loisel.) P.Delforge	Liliopsida	196	Plantae
5328593	3	3	3	3	3	3	3	3	3	1	3	3	1.3108273491421463	Aponogeton distachyos L.f.	Liliopsida	196	Plantae
5328909	3	3	3	3	3	3	3	3	3	3	3	3	1.2782014491335638	Sagittaria latifolia Willd.	Liliopsida	196	Plantae
5329212	3	3	3	2	3	3	3	3	3	3	3	2	1.0786721037812486	Elodea nuttallii (Planch.) H.St.John	Liliopsida	196	Plantae
5329263	1	3	1	1	1	1	1	1	1	1	1	1	0.8204531193035998	Elodea densa (Planch.) Casp.	Liliopsida	196	Plantae
5330001	3	3			2	2			2	1				Dracunculus vulgaris Schott	Liliopsida	196	Plantae
5330085	3	3	2	2	3	1	1	1	3	1	2	2	1.4300919674581871	Wolffia columbiana H.Karst.	Liliopsida	196	Plantae
5330661	3	3	3	3	3	3	3	3	3	3	3	3	1.2108684861409746	Arum italicum Mill.	Liliopsida	196	Plantae
5331238	1	1	1	1	1	1	1	1	1	1	2	2		Viola sororia Willd.	Magnoliopsida	220	Plantae
5332305	1	1			2	3			2	2				Ostrya carpinifolia Scop.	Magnoliopsida	220	Plantae
5333294	3	3	3	3	3	3	3	3	3	3	3	3	1.142859848564954	Castanea sativa Mill.	Magnoliopsida	220	Plantae
5334194	1	1			1	2			1	1			0.8344990573594758	Macleaya cordata (Willd.) R.Br.	Magnoliopsida	220	Plantae
5334227	1	1	1	1	1	1	1	1	1	1	1	1	0.9795571126290306	Lonicera caprifolium L.	Magnoliopsida	220	Plantae
5334240	3	3	3	1	3	3	2	1	3	3	2	1	1.2111954298643275	Lonicera japonica Thunb.	Magnoliopsida	220	Plantae
5334242	3	3	3	1	3	3	3	1	3	3	3	1	1.1849488622432331	Lonicera tatarica L.	Magnoliopsida	220	Plantae
5334351	3	3	3	1	3	3	3	1	3	3	3	1	1.2077793394792105	Fallopia baldschuanica (Regel) Holub	Magnoliopsida	220	Plantae
5334527	2	2			3	3			2	2				Limnanthes douglasii R.Br.	Magnoliopsida	220	Plantae
5341112	3	1			2	1			1	1				Phyla nodiflora (L.) Greene	Magnoliopsida	220	Plantae
5341201	3	3	3	3	3	3	3	3	3	3	3	3	1.389033799498657	Anchusa officinalis L.	Magnoliopsida	220	Plantae
5341203	3	0	3	0	3	1	2	0	3	1	2	0	1.054451782297348	Pulmonaria saccharata Mill.	Magnoliopsida	220	Plantae
5341204	1	1	1	1	1	1	1	1	1	1	1	1	0.955990706375992	Pulmonaria officinalis L.	Magnoliopsida	220	Plantae
5341373	3	3	3	3	3	3	3	3	3	3	3	3	1.5096704728595338	Scutellaria altissima L.	Magnoliopsida	220	Plantae
5341387	1	1	1	0	1	1	1	0	1	1	1	0	0.7874108515780117	Hyssopus officinalis L.	Magnoliopsida	220	Plantae
5341442	3	0	3	0	3	0	3	0	3	0	3	0	1.0964515711178913	Thymus vulgaris L.	Magnoliopsida	220	Plantae
5341497	3	3	3	3	3	3	3	3	3	3	3	2	1.2226015755192907	Nepeta racemosa Lam.	Magnoliopsida	220	Plantae
5341501	3	3	3	1	3	3	3	1	3	3	3	1	1.2775183507174535	Melissa officinalis L.	Magnoliopsida	220	Plantae
5341540	1	1			1	1			2	1				Gilia achilleifolia Benth.	Magnoliopsida	220	Plantae
5341548	2	2			2	2			1	1				Gilia capitata Sims	Magnoliopsida	220	Plantae
5341558	0	2			0	2			0	2			0.34999605063510086	Gilia tricolor Benth.	Magnoliopsida	220	Plantae
5341754	3	3	3	3	3	3	3	3	3	3	3	3	1.2768537976081773	Nicandra physalodes (L.) Gaertn.	Magnoliopsida	220	Plantae
5341784	3	1	3	1	3	1	3	1	3	1	3	1	1.0470877680468977	Physalis peruviana L.	Magnoliopsida	220	Plantae
5347846	3	1	3	0	3	1	3	0	3	1	3	0	1.0686396614291018	Lathyrus oleraceus Lam.	Magnoliopsida	220	Plantae
5350005	3	3	3	3	3	3	3	3	3	3	3	3	1.2957392025800165	Coronilla varia L.	Magnoliopsida	220	Plantae
5350466	1	1			1	1			2	3				Phaseolus coccineus L.	Magnoliopsida	220	Plantae
5352251	3	3	3	3	3	3	3	3	3	3	3	3	1.2563702209470426	Robinia pseudoacacia L.	Magnoliopsida	220	Plantae
5353590	3	3			3	3			3	3			1.1983833978850054	Cercis siliquastrum L.	Magnoliopsida	220	Plantae
5354707	3	3	2	3	3	3	2	3	3	3	3	3	1.0315928300952062	Cytisus striatus (Hill) Rothm.	Magnoliopsida	220	Plantae
5355395	3	1	1	1	3	1	1	1	3	3	1	1	1.1266505568017335	Spartium junceum L.	Magnoliopsida	220	Plantae
5356345	3	1	3	1	3	1	3	1	3	1	3	1	1.0725380266659714	Laburnum anagyroides Medik.	Magnoliopsida	220	Plantae
5356488	1	1			1	1			3	3				Lathyrus sativus L.	Magnoliopsida	220	Plantae
5356514	1	1	1	0	1	1	1	0	1	1	1	0	0.8970315433334036	Lathyrus odoratus L.	Magnoliopsida	220	Plantae
5356517	3	3	3	3	3	3	3	3	3	3	3	3	1.273546102364353	Lathyrus latifolius L.	Magnoliopsida	220	Plantae
5356662	2	2	2	2	1	1	1	1	3	2	3	2		Lathyrus niger (L.) Bernh.	Magnoliopsida	220	Plantae
5356704	0	1			0	1			0	1			0.5945937081091373	Lathyrus vernus (L.) Bernh.	Magnoliopsida	220	Plantae
5357407	3	1	1	1	3	1	1	1	3	1	1	1	1.0913665324577129	Amorpha fruticosa L.	Magnoliopsida	220	Plantae
5358265	1	1	1	1	2	2	1	1	2	3	2	3		Ornithopus compressus L.	Magnoliopsida	220	Plantae
5358266	3	1	1	0	3	1	1	0	3	1	1	0	1.25870230010179	Ornithopus sativus Brot.	Magnoliopsida	220	Plantae
5358694	3	3	1	2	3	3	3	2	3	3	3	2	1.1686924210807994	Trifolium glomeratum L.	Magnoliopsida	220	Plantae
5358907	3	1	1	1	3	1	1	1	3	1	1	1	1.0155299867715772	Trifolium alexandrinum L.	Magnoliopsida	220	Plantae
5359175	3	3	1	1	3	3	1	1	3	3	1	1	1.12201954298702	Trifolium resupinatum L.	Magnoliopsida	220	Plantae
5359249	2	2	1	1	2	2	3	3	2	2	2	3		Trifolium rubens L.	Magnoliopsida	220	Plantae
5359378	3	3	3	1	3	3	3	1	3	3	3	1	1.3103916261631938	Trifolium incarnatum L.	Magnoliopsida	220	Plantae
5359395	3	3			3	3			1	1				Trifolium angustifolium L.	Magnoliopsida	220	Plantae
5359660	1	1			1	1			1	1			0.8830261924805838	Glycine max (L.) Merr.	Magnoliopsida	220	Plantae
5360475	2	2	1	1	2	2	1	1	2	2	2	2		Trigonella foenum-graecum L.	Magnoliopsida	220	Plantae
5361762	1	0	1	0	1	0	1	0	1	0	1	0	0.5913696880678713	Myriophyllum heterophyllum Michx.	Magnoliopsida	220	Plantae
5361785	1	1	1	1	1	1	1	1	1	1	1	1	0.9300374150258197	Myriophyllum aquaticum (Vell.) Verdc.	Magnoliopsida	220	Plantae
5361880	3	3	3	1	3	3	3	1	3	3	3	1	1.2293338992608092	Cannabis sativa L.	Magnoliopsida	220	Plantae
5361888	1	1	3	3	1	1	1	1	1	1	2	2	0.8910664609529272	Morus nigra L.	Magnoliopsida	220	Plantae
5361889	1	1			1	1			2	1				Morus alba L.	Magnoliopsida	220	Plantae
5361909	3	1	3	1	3	1	3	1	3	1	3	1	1.1256582559784574	Ficus carica L.	Magnoliopsida	220	Plantae
5361944	1	1			1	1			1	1			0.8042284604301256	Broussonetia papyrifera (L.) L'Hér. ex Vent.	Magnoliopsida	220	Plantae
5361982	1	1			1	1			1	1			0.9109248950245886	Sedum hispanicum L.	Magnoliopsida	220	Plantae
5362004	3	1	3	3	3	1	3	3	3	1	3	3	1.121390421858962	Sedum sarmentosum Bunge	Magnoliopsida	220	Plantae
5362054	1	3	1	1	1	3	1	1	1	3	1	1	0.9025136174050171	Crassula helmsii (Kirk) Cockayne	Magnoliopsida	220	Plantae
5362136	1	1	1	1	1	1	1	1	1	1	1	1	0.7746725818446009	Aruncus dioicus (Walter) Fernald	Magnoliopsida	220	Plantae
5362215	3	3	1	1	3	3	1	1	3	3	1	1	1.11133710772306	Cydonia oblonga Mill.	Magnoliopsida	220	Plantae
5362573	1	0	1	0	1	0	1	0	1	0	1	0	0.9282447952494115	Pyrus communis L.	Magnoliopsida	220	Plantae
5363613	3	1	1	1	3	1	1	1	3	1	1	1	1.0638469600181224	Aronia ×prunifolia (Marshall) Rehder	Magnoliopsida	220	Plantae
5363627	1	1			1	1			1	1			0.6816962916081438	Aronia melanocarpa (Michx.) Elliott	Magnoliopsida	220	Plantae
5365305	1	0	0	0	1	0	0	0	1	0	0	0	0.8865756129233223	Potentilla norvegica L.	Magnoliopsida	220	Plantae
5365705	0	0	0	0	0	0	0	0	0	0	0	0	0.8149823005126264	Potentilla intermedia L.	Magnoliopsida	220	Plantae
5365717	3	3	3	3	3	3	3	3	3	3	3	3	1.2818263010236233	Potentilla indica (Andrews) Th.Wolf	Magnoliopsida	220	Plantae
5367294	3	1	3	1	3	1	3	1	3	1	3	1	1.1529517055265543	Potentilla recta L.	Magnoliopsida	220	Plantae
5369784	3	3	3	2	3	3	3	2	3	3	3	0	1.2256888668629746	Geum macrophyllum Willd.	Magnoliopsida	220	Plantae
5370006	0	1	3	3	0	1	1	1	0	1	2	2	0.5405807585533291	Geum ternatum (Stephan) Smedmark	Magnoliopsida	220	Plantae
5370380	3	0	1	0	3	0	1	0	3	0	1	0	1.0759762274023281	Dasiphora fruticosa (L.) Rydb.	Magnoliopsida	220	Plantae
5371450	3	3	3	3	3	3	3	3	3	3	3	3	1.0909674739107973	Kerria japonica (L.) DC.	Magnoliopsida	220	Plantae
5371605	1	1	2	1	1	1	1	1	2	3	1	3		Tolmiea menziesii (Pursh) Torr. & A.Gray	Magnoliopsida	220	Plantae
5371655	3	3			1	1			2	2				Halesia carolina L.	Magnoliopsida	220	Plantae
5371699	1	0	2	0	1	0	1	0	1	0	2	0	0.9158453998010129	Hepatica nobilis Schreb.	Magnoliopsida	220	Plantae
5371700	1	1	1	1	3	3	1	1	3	3	3	3		Nigella sativa L.	Magnoliopsida	220	Plantae
5371702	3	3	3	2	3	3	3	2	3	3	3	3	1.2477837008298986	Nigella damascena L.	Magnoliopsida	220	Plantae
5371709	1	1	1	1	3	3	3	3	3	2	3	3		Adonis annua L.	Magnoliopsida	220	Plantae
5371746	3	1	3	3	3	1	3	3	3	1	3	3	1.2423927759497042	Anthriscus cerefolium (L.) Hoffm.	Magnoliopsida	220	Plantae
5371753	3	3	3	3	3	3	1	1	3	3	3	3	1.4020561539135892	Visnaga daucoides Gaertn.	Magnoliopsida	220	Plantae
5371772	1	0	1	0	1	0	1	0	1	0	1	0	0.980051823350076	Levisticum officinale W.D.J.Koch	Magnoliopsida	220	Plantae
5371808	3	1	3	1	3	1	3	1	3	1	3	1	1.0995338614211245	Angelica archangelica L.	Magnoliopsida	220	Plantae
5371889	1	1	1	1	1	1	1	1	1	1	1	1	0.900738323147289	Oenanthe pimpinelloides L.	Magnoliopsida	220	Plantae
5372392	3	0	2	0	1	0	2	0	1	0	2	0	0.999306577148685	Vitis vinifera L.	Magnoliopsida	220	Plantae
5372614	1	0	1	0	1	1	1	0	1	1	1	1	0.8285414813978516	Salix eriocephala Michx.	Magnoliopsida	220	Plantae
5372639	3	1	1	1	3	1	1	1	3	1	1	1	1.0310266785351851	Salix babylonica L.	Magnoliopsida	220	Plantae
5372647	1	1	1	1	1	1	1	1	1	1	1	1	0.9450470031325376	Salix pentandra L.	Magnoliopsida	220	Plantae
5372655	3	3	3	1	3	3	3	1	3	3	3	1	1.2270941420353818	Salix eleagnos Scop.	Magnoliopsida	220	Plantae
5372875	1	1			2	2			3	3				Salix myrsinifolia Salisb.	Magnoliopsida	220	Plantae
5373124	3	3	1	1	1	1	3	3	3	3	3	3		Malcolmia maritima (L.) W.T.Aiton	Magnoliopsida	220	Plantae
5373160	0	0	0	1	0	0	0	1	0	0	0	1	0.34307741017643745	Malcolmia flexuosa (Sm.) Sm.	Magnoliopsida	220	Plantae
5373324	3	3	3	3	3	3	3	3	3	3	3	3	1.2808159417865892	Lunaria annua L.	Magnoliopsida	220	Plantae
5373358	3	3	3	1	3	3	3	1	3	3	3	1	1.3340470397782793	Lobularia maritima (L.) Desv.	Magnoliopsida	220	Plantae
5373368	3	3	3	1	3	3	3	1	3	3	3	1	1.0539360739145773	Rapistrum rugosum (L.) All.	Magnoliopsida	220	Plantae
5374118	2	3	0	3	2	3	0	3	0	3	0	3	1.0305259289599844	Isatis tinctoria L.	Magnoliopsida	220	Plantae
5374614	1	1	1	0	1	1	1	0	1	1	1	0	0.9259360226339036	Barbarea stricta Andrz. ex Besser	Magnoliopsida	220	Plantae
5374672	3	3	3	1	3	3	3	1	3	3	3	1	1.1007363615894683	Barbarea verna (Mill.) Asch.	Magnoliopsida	220	Plantae
5374922	1	3	1	1	1	3	1	1	1	3	1	1	0.8197496387482845	Arabis caucasica Willd.	Magnoliopsida	220	Plantae
5375012	2	2	1	1	1	1	1	1	3	3	3	3		Arabis procurrens Waldst. & Kit.	Magnoliopsida	220	Plantae
5375020	1	1	1	3	1	1	1	2	1	1	1	2	0.6510208010279437	Arabis alpina L.	Magnoliopsida	220	Plantae
5375920	3	3	3	1	3	3	3	1	3	3	3	1	1.1067445172081212	Eruca vesicaria (L.) Cav.	Magnoliopsida	220	Plantae
5376179	2	2			1	1			3	2				Hornungia petraea (L.) Rchb.	Magnoliopsida	220	Plantae
5376309	1	1			1	1			1	1			0.9618905426518726	Diplotaxis erucoides (L.) DC.	Magnoliopsida	220	Plantae
5376565	1	0	1	0	1	0	1	0	1	0	1	0	0.9488994187574886	Lepidium sativum L.	Magnoliopsida	220	Plantae
5376648	3	3	3	1	3	3	3	1	3	3	3	1	1.147193409836271	Lepidium virginicum L.	Magnoliopsida	220	Plantae
5376692	3	1	3	1	3	1	3	1	3	1	3	1	1.1392027907320914	Lepidium latifolium L.	Magnoliopsida	220	Plantae
5376846	1	1			1	1			1	1			0.8738313896032486	Lepidium heterophyllum Benth.	Magnoliopsida	220	Plantae
5376961	3	3	3	1	3	3	3	1	3	3	3	1	1.1268299424920798	Lepidium draba L.	Magnoliopsida	220	Plantae
5377060	3	3	3	3	3	3	3	3	3	3	3	3	1.2029259021105458	Lepidium didymum L.	Magnoliopsida	220	Plantae
5377064	3	2			3	1			3	2			1.0143227358116722	Lepidium densiflorum Schrad.	Magnoliopsida	220	Plantae
5377163	3	3			2	2			2	2				Iberis amara L.	Magnoliopsida	220	Plantae
5377303	3	0	1	0	3	0	1	0	3	0	1	0	1.0915063628241393	Iberis umbellata L.	Magnoliopsida	220	Plantae
5377378	2	3	1	1	2	2	1	1	3	2	3	2		Matthiola incana (L.) W.T.Aiton	Magnoliopsida	220	Plantae
5377778	3	1	1	1	3	1	1	1	3	1	1	1	1.0213162443999941	Aurinia saxatilis (L.) Desv.	Magnoliopsida	220	Plantae
5380041	1	1			1	3			1	2			0.8978136590163517	Ricinus communis L.	Magnoliopsida	220	Plantae
5383936	1	0			1	0			1	0			0.7805757805450402	Bassia scoparia (L.) A.J.Scott	Magnoliopsida	220	Plantae
5383969	3	3	1	1	3	3	1	1	3	3	1	1	1.1531478517138365	Blitum virgatum L.	Magnoliopsida	220	Plantae
5383971	2	3			1	1			3	3				Blitum capitatum L.	Magnoliopsida	220	Plantae
5384334	1	1			1	1			1	1			0.8489231947059297	Amaranthus viridis L.	Magnoliopsida	220	Plantae
5384361	1	1	1	0	1	1	1	0	1	1	1	0	0.8918110205638846	Amaranthus bouchonii Thell.	Magnoliopsida	220	Plantae
5384364	3	3	3	3	3	3	3	3	3	3	3	3	1.270345374322785	Amaranthus hybridus L.	Magnoliopsida	220	Plantae
5384390	3	3			3	3			3	3			1.102532400839321	Amaranthus cruentus L.	Magnoliopsida	220	Plantae
5384395	1	1			1	1			1	1			0.9621223007456089	Amaranthus blitoides S.Watson	Magnoliopsida	220	Plantae
5384396	3	1	1	1	3	1	1	1	3	1	1	1	1.1739648306994979	Amaranthus deflexus L.	Magnoliopsida	220	Plantae
5384466	0	1	2	2	0	1	1	1	0	1	2	2	0.5395783295216928	Gypsophila elegans M.Bieb.	Magnoliopsida	220	Plantae
5384741	3	3	3	3	3	3	3	3	3	3	3	3	1.4228459061194068	Silene coronaria (L.) Clairv.	Magnoliopsida	220	Plantae
5384818	1	3			1	3			1	3			1.0079158725550286	Silene dichotoma Ehrh.	Magnoliopsida	220	Plantae
5384848	3	1	1	2	3	1	1	2	3	1	1	2	1.0494265373695775	Silene gallica L.	Magnoliopsida	220	Plantae
5384931	3	3	3	3	3	3	2	2	1	3	3	3	1.1031862391398544	Houttuynia cordata Thunb.	Magnoliopsida	220	Plantae
5384932	3	3	3	1	3	2	3	1	3	2	3	1	1.3411997255759958	Saururus cernuus L.	Magnoliopsida	220	Plantae
5384950	2	2			2	2			3	3				Eclipta prostrata (L.) L.	Magnoliopsida	220	Plantae
5386938	3	3	3	3	3	3	3	3	3	3	3	3	1.2753731498181242	Tragopogon porrifolius L.	Magnoliopsida	220	Plantae
5387639	3	3			3	3			3	3			1.5709243865036329	Aster ageratoides Turcz.	Magnoliopsida	220	Plantae
5388595	3	1	2	0	3	1	2	1	3	1	2	1	1.0741900161250384	Jacobaea maritima (L.) Pelser & Meijden	Magnoliopsida	220	Plantae
5389017	3	3	3	3	3	3	3	3	3	3	3	3	1.2279075676974822	Solidago gigantea Aiton	Magnoliopsida	220	Plantae
5389029	3	1	1	2	3	1	1	2	3	1	1	2	1.0374323471714324	Solidago canadensis L.	Magnoliopsida	220	Plantae
5389173	3	1	3	1	3	1	3	1	3	1	3	1	1.1907869473447479	Telekia speciosa (Schreb.) Baumg.	Magnoliopsida	220	Plantae
5390636	1	0			1	0			1	0			0.8063519512656231	Cota austriaca (Jacq.) Sch.Bip.	Magnoliopsida	220	Plantae
5391480	3	1	3	0	3	1	3	0	3	1	3	0	1.248883451490202	Calendula officinalis L.	Magnoliopsida	220	Plantae
5391599	1	1			1	1			1	1			0.9841895652431633	Chamaemelum nobile (L.) All.	Magnoliopsida	220	Plantae
5391845	1	1			1	1			1	1			0.7831377522658616	Bidens pilosa L.	Magnoliopsida	220	Plantae
5392083	0	0	0	0	0	0	0	0	0	0	0	0	0.601517245976891	Bidens connata Muhl. ex Willd.	Magnoliopsida	220	Plantae
5392145	3	3	1	1	3	3	1	1	3	3	1	1	1.1061143650999306	Bidens radiata Thuill.	Magnoliopsida	220	Plantae
5392174	3	3	3	3	3	3	3	3	3	3	3	3	1.2402712103379003	Bidens frondosa L.	Magnoliopsida	220	Plantae
5392243	3	1	0	2	3	1	0	2	3	1	0	2	1.1232868827272595	Cichorium endivia L.	Magnoliopsida	220	Plantae
5392683	3	1	3	1	3	1	3	1	3	1	3	1	1.2309935271573416	Echinops exaltatus Schrad.	Magnoliopsida	220	Plantae
5392859	3	3	3	3	3	3	3	3	3	3	3	3	1.3609198988793707	Echinops bannaticus Rochel ex Schrad.	Magnoliopsida	220	Plantae
5392883	1	3	1	1	1	3	1	1	1	3	1	1	0.9470628044637043	Echinops sphaerocephalus L.	Magnoliopsida	220	Plantae
5395475	1	1			1	1			2	1				Ligularia dentata (A.Gray) H.Hara	Magnoliopsida	220	Plantae
5396125	3	1	1	1	1	1	1	1	1	1	1	1		Eurybia divaricata (L.) G.L.Nesom	Magnoliopsida	220	Plantae
5396474	1	1	1	1	1	1	3	3	1	1	2	2	0.8827237157023243	Heliopsis helianthoides (L.) Sweet	Magnoliopsida	220	Plantae
5400552	1	1			1	1			1	1				Ageratina altissima (L.) R.M.King & H.Rob.	Magnoliopsida	220	Plantae
5401007	1	0	2	2	1	0	1	1	1	0	2	2	0.7985867917219048	Leucanthemum ×superbum (Bergmans ex J.W.Ingram) D.H.Kent	Magnoliopsida	220	Plantae
5401760	1	0	2	0	1	1	2	0	1	1	2	0	0.9815497553247376	Ageratum houstonianum Mill.	Magnoliopsida	220	Plantae
5403272	3	1	1	1	3	2	3	3	3	2	3	3	1.155311548790904	Crepis pulchra L.	Magnoliopsida	220	Plantae
5403541	1	1	1	1	1	1	1	1	2	3	1	1		Crepis bursifolia L.	Magnoliopsida	220	Plantae
5406741	1	1			1	1			1	1			0.9073911518137808	Sida spinosa L.	Magnoliopsida	220	Plantae
5406789	2	3	3	3	0	3	3	3	0	3	3	3	0.8913713214518412	Alcea rosea L.	Magnoliopsida	220	Plantae
5407810	3	1			3	3			3	3			1.2321795533201028	Trachelium caeruleum L.	Magnoliopsida	220	Plantae
5408087	3	3	3	3	3	3	3	3	3	3	3	3	1.2696098950605066	Lobelia erinus L.	Magnoliopsida	220	Plantae
5408682	3	3	2	1	3	3	2	2	3	3	2	2	1.3470060231456464	Lobelia pedunculata R.Br.	Magnoliopsida	220	Plantae
5409120	1	1			3	3			1	1				Lobelia siphilitica L.	Magnoliopsida	220	Plantae
5410151	3	3	3	3	3	3	1	3	3	3	1	3	1.325046958154864	Campanula poscharskyana Degen	Magnoliopsida	220	Plantae
5410210	1	1			1	1			1	1			0.6958869616849219	Campanula fenestrellata Feer	Magnoliopsida	220	Plantae
5410411	3	3	3	3	3	3	3	3	3	3	3	3	1.3888282381945887	Campanula portenschlagiana Schult.	Magnoliopsida	220	Plantae
5410826	2	3			2	3			2	2				Campanula carpatica Jacq.	Magnoliopsida	220	Plantae
5411392	2	2			2	2			2	2				Campanula lactiflora M.Bieb.	Magnoliopsida	220	Plantae
5411408	3	1	1	1	3	1	1	1	3	1	1	1	1.0266110559078445	Campanula latifolia L.	Magnoliopsida	220	Plantae
5411453	1	1			3	3			1	1				Campanula medium L.	Magnoliopsida	220	Plantae
5414239	3	0	3	3	1	0	3	1	1	0	3	1	0.9739350042628542	Ilex crenata Thunb.	Magnoliopsida	220	Plantae
5414551	0	3	0	3	0	3	0	3	0	3	0	2	0.7620278694270668	Vincetoxicum nigrum (L.) Moench	Magnoliopsida	220	Plantae
5414932	1	1	1	1	3	3	3	3	3	3	1	1		Chelone obliqua L.	Magnoliopsida	220	Plantae
5414959	1	1			3	3			2	2				Collinsia heterophylla Buist ex Graham	Magnoliopsida	220	Plantae
5415009	1	1	3	1	1	1	3	1	1	1	3	1	0.9444356853766968	Linaria supina (L.) Chaz.	Magnoliopsida	220	Plantae
5415012	0	3	0	1	0	3	0	1	0	3	0	1	0.8763577072909878	Linaria purpurea (L.) Mill.	Magnoliopsida	220	Plantae
5415016	3	3	3	3	3	3	3	3	3	3	3	3	1.3898904423764376	Linaria maroccana Hook.fil.	Magnoliopsida	220	Plantae
5415039	3	1	3	1	3	1	3	1	3	1	3	1	1.1102890673530144	Syringa vulgaris L.	Magnoliopsida	220	Plantae
5415054	1	0	1	1	1	0	1	1	1	0	1	1	0.8853933734683479	Forsythia ×intermedia Zabel	Magnoliopsida	220	Plantae
5415453	1	1	1	1	1	1	1	1	3	3	3	3		Acanthus spinosus L.	Magnoliopsida	220	Plantae
5415455	0	1	1	2	0	1	1	2	0	1	1	2	0.5145541169701597	Acanthus mollis L.	Magnoliopsida	220	Plantae
5415463	1	1	1	1	1	1	1	1	2	3	3	3		Thunbergia alata Bojer ex Sims	Magnoliopsida	220	Plantae
5420957	2	2			2	2			2	2				Clarkia unguiculata Lindl.	Magnoliopsida	220	Plantae
5420978	2	2	1	1	2	2	2	3	2	2	3	3		Clarkia amoena (Lehm.) A.Nelson & J.F.Macbr.	Magnoliopsida	220	Plantae
5420991	1	3	1	2	1	3	1	3	1	3	1	2	0.9185370505071939	Ludwigia peploides (Kunth) P.H.Raven	Magnoliopsida	220	Plantae
5421039	3	3	3	1	3	3	3	1	3	1	3	1	1.2313322027481037	Ludwigia grandiflora (Michx.) Greuter & Burdet	Magnoliopsida	220	Plantae
5421180	3	3	1	1	3	3	1	1	3	3	1	1	1.047838629735033	Koelreuteria paniculata Laxm.	Magnoliopsida	220	Plantae
5530829	3	3			1	1			2	3				Corydalis cheilanthifolia Hemsl.	Magnoliopsida	220	Plantae
5530881	3	3	3	3	3	3	3	3	3	3	3	3	1.1586724633358096	Corydalis cava (L.) Schweigg. & Körte	Magnoliopsida	220	Plantae
5533814	2	2	1	1	2	2	1	1	2	2	2	2		Ilex ×meserveae S.Y.Hu	Magnoliopsida	220	Plantae
5538946	1	1	1	1	1	1	1	1	1	1	1	1	0.8368133815292997	Pimpinella peregrina L.	Magnoliopsida	220	Plantae
5549949	1	1	1	1	1	1	1	1	2	2	2	2		Liriope muscari (Decne.) L.H.Bailey	Liliopsida	196	Plantae
5551241	3	3	3	2	3	3	3	3	3	3	3	3	1.1453522859515972	Iberis sempervirens L.	Magnoliopsida	220	Plantae
5554574	1	1			1	1			1	1			0.7731008140821961	Tetragonia tetragonoides (Pall.) Kuntze	Magnoliopsida	220	Plantae
5559837	1	3	1	3	1	1	1	1	1	3	1	3	0.907548826475887	Cymbalaria pallida (Ten.) Wettst.	Magnoliopsida	220	Plantae
5561475	3	3	1	3	1	3	1	3	1	3	1	1	0.9887914615569094	Chaenostoma cordatum Benth.	Magnoliopsida	220	Plantae
5567694	1	1	1	2	1	1	1	2	1	1	1	2	0.880971367004642	Bergenia crassifolia (L.) Fritsch	Magnoliopsida	220	Plantae
5568339	3	1	1	1	3	1	1	1	3	1	1	1	1.142032887512749	Dysphania pumilio (R.Br.) Mosyakin & Clemants	Magnoliopsida	220	Plantae
5568428	1	1			1	1			1	1			0.8634929525844974	Dysphania botrys (L.) Mosyakin & Clemants	Magnoliopsida	220	Plantae
5568446	3	3	3	1	3	3	3	1	3	3	3	1	1.0764524472271912	Dysphania ambrosioides (L.) Mosyakin & Clemants	Magnoliopsida	220	Plantae
5582033	3	3	1	2	3	3	1	2	3	3	1	3	1.0733807507126516	Salix udensis (Wimm.) Trautv. & C.A.Mey.	Magnoliopsida	220	Plantae
5584240	1	3			1	1			1	2			0.7439152533942684	Silene schafta J.G.Gmel. ex Hohen.	Magnoliopsida	220	Plantae
5584611	3	2	3	1	3	1	3	1	3	3	3	1	1.2360154697241619	Silene chalcedonica (L.) E.H.L.Krause	Magnoliopsida	220	Plantae
5587240	1	1	0	1	1	1	0	1	1	1	0	1	0.9653648464967708	Silene vulgaris subsp. vulgaris	Magnoliopsida	220	Plantae
5598598	2	3	1	2	2	3	1	3	2	3	1	2		Lonicera acuminata Wall.	Magnoliopsida	220	Plantae
5598839	1	1			1	1			3	3				Lonicera ×purpusii Rehder	Magnoliopsida	220	Plantae
5598915	0	0	1	0	0	0	1	0	0	0	1	0	0.9144522437912302	Lonicera pileata Oliv.	Magnoliopsida	220	Plantae
5671747	1	3			1	3			1	3			0.9621930658850557	Cenchrus alopecuroides (L.) Thunb.	Liliopsida	196	Plantae
5676646	1	1			1	1			1	1			0.8178768107158241	Digitaria aequiglumis (Hack. & Arechav.) Parodi	Liliopsida	196	Plantae
5701337	1	1			3	3			1	1				Dahlia ×cultorum Thorsrud & Reisaeter	Magnoliopsida	220	Plantae
5712981	3	3	1	1	3	3	3	3	2	2	1	1		Coccus hesperidum Linnaeus, 1758	Insecta	216	Animalia
5774728	1	1			1	1			2	2				Eriophyes pyri (H.A.Pagenstecher, 1857)	Arachnida	367	Animalia
5806954	3	3	3	3	3	3	3	3	3	3	3	3	1.4679234855738954	Tarsostenus carus (Newman, 1840)	Insecta	216	Animalia
5825913	1	1	1	1	1	1	1	2	1	1	1	3	0.9991060500987031	Pinus nigra subsp. laricio (Poir.) Maire	Pinopsida	194	Plantae
5828216	1	1	1	2	1	1	1	3	1	1	1	2	0.7081280134228672	Cenchrus flaccidus (Griseb.) Morrone	Liliopsida	196	Plantae
5831060	0	1	2	3	0	1	0	3	0	1	0	3	0.5257037930521153	Crepis foetida subsp. rhoeadifolia (M.Bieb.) Celak.	Magnoliopsida	220	Plantae
5846290	3	1	3	1	3	1	3	2	3	1	3	2	1.0427476837039125	Saxicola maurus (Pallas, 1773)	Aves	212	Animalia
5851603	3	1	3	2	3	1	3	2	3	1	3	2	1.3953179374811897	Leuciscus aspius (Linnaeus, 1758)			Animalia
5864277	1	1	2	3	1	1	1	1	1	1	2	3	0.9632413574305103	Gammarus roeselii Gervais, 1835	Malacostraca	229	Animalia
5892120	2	2			2	2			2	2			0.9821478716662398	Girardia tigrina (Girard, 1850)			Animalia
5930559	3	3	3	3	3	3	3	3	3	3	3	3	1.157168302005624	Ilex ×altaclerensis (Loudon) Dallim.	Magnoliopsida	220	Plantae
5959231	1	3	2	3	1	3	2	3	1	3	2	3	0.9542257687142276	Ara ararauna (Linnaeus, 1758)	Aves	212	Animalia
6027089	3	3	3	3	3	3	3	3	3	3	3	3	1.4843044490348736	Smyrnium perfoliatum L.	Magnoliopsida	220	Plantae
6027176	3	1			1	1			3	1				Opopanax chironium (L.) W.D.J.Koch	Magnoliopsida	220	Plantae
6063730	1	1	1	1	1	1	1	1	1	1	1	1	0.9346780579107542	Senecio vernalis Waldst. & Kit.	Magnoliopsida	220	Plantae
6085036	3	1	1	1	3	1	1	1	3	1	1	1	1.0505098744708448	Vulpia ciliata subsp. ciliata	Liliopsida	196	Plantae
6096602	3	3	3	3	3	3	3	3	3	3	3	3	1.167069397814701	Lophocolea semiteres (Lehm.) Mitt.	Jungermanniopsida	126	Plantae
6098843	2	3	3	3	2	3	3	3	0	1	3	3	1.1506521625194788	Ctenolepisma longicaudatum Escherich, 1905	Insecta	216	Animalia
6100941	1	1			1	1			2	2				Sturnia pagodarum (Gmelin, 1789)	Aves	212	Animalia
6100962	3	3			2	3			3	3				Urocissa erythroryncha (Boddaert, 1783)	Aves	212	Animalia
6101223	2	2			1	1			2	2				Spilopelia senegalensis (Linnaeus, 1766)	Aves	212	Animalia
6101224	1	1			3	3			1	1				Spilopelia chinensis (Scopoli, 1786)	Aves	212	Animalia
6109534	3	3	3	3	3	3	3	3	3	3	3	3	1.097589712301256	Amaranthus retroflexus L.	Magnoliopsida	220	Plantae
6109535	3	1	3	3	3	1	3	3	3	3	3	3	1.0708815056355463	Trifolium hybridum L.	Magnoliopsida	220	Plantae
6109611	3	3	3	1	3	3	3	1	3	3	3	1	1.2381028056698953	Amaranthus caudatus L.	Magnoliopsida	220	Plantae
6109637	3	3	3	3	3	3	3	3	3	3	3	3	1.1442471266390484	Cynodon dactylon (L.) Pers.	Liliopsida	196	Plantae
6109699	3	3			2	2			2	2				Phoenix dactylifera L.	Liliopsida	196	Plantae
6132234	1	1			3	3			1	1				Rhynchophorus ferrugineus (A.G.Olivier, 1791)	Insecta	216	Animalia
6157026	0	0	0	0	0	0	0	0	0	0	0	0	0.7510014048122587	Trachemys scripta elegans (Wied, 1838)	Testudines	11418114	Animalia
6157035	0	0	0	0	0	0	0	0	0	0	0	0	0.5001324733839537	Trachemys scripta troostii (Holbrook, 1836)	Testudines	11418114	Animalia
6159223	1	1	1	1	3	3	2	2	3	3	3	3		Lacerta agilis Linnaeus, 1758	Squamata	11592253	Animalia
6161327	1	1			1	1			3	3				Natrix tessellata (Laurenti, 1768)	Squamata	11592253	Animalia
6164210	2	2	3	2	2	3	3	3	1	1	1	1		Canis lupus familiaris Linnaeus, 1758	Mammalia	359	Animalia
6300805	1	1	1	1	1	1	1	1	1	1	1	1	0.8710818754708519	Pilosella bauhini (Schult.) Arv.-Touv.	Magnoliopsida	220	Plantae
6362904	1	1	1	3	1	1	1	3	1	1	1	3	0.7602789495261251	Populus trichocarpa Torr. & A.Gray ex Hook.	Magnoliopsida	220	Plantae
6363863	3	3	3	3	1	1	1	1	1	1	2	1		Arenaria montana L.	Magnoliopsida	220	Plantae
6369819	1	1	1	1	1	1	1	1	1	1	1	1	0.6951390826023074	Sambucus canadensis L.	Magnoliopsida	220	Plantae
6374953	1	1			3	3			2	2				Helleborus orientalis Lam.	Magnoliopsida	220	Plantae
6376340	1	1	1	1	1	1	1	1	1	1	1	1	1.0013580142724456	Thalictrum aquilegiifolium L.	Magnoliopsida	220	Plantae
6387003	0	0	0	0	0	0	0	0	0	0	0	0	0.889695633732741	Equisetum praealtum Raf.	Polypodiopsida	7228684	Plantae
6391417	3	1			3	1			3	1			1.0553576690280875	Rumex thyrsiflorus Fingerh.	Magnoliopsida	220	Plantae
6409536	0	1	0	1	0	1	0	1	0	1	0	1	0.5857779548949369	Ballota nigra subsp. nigra	Magnoliopsida	220	Plantae
6411098	0	1	0	1	0	1	0	1	0	1	0	1	0.8511098664210298	Lamium galeobdolon subsp. argentatum (Smejkal) J.Duvign.	Magnoliopsida	220	Plantae
6443709	3	1	3	1	3	1	3	1	3	1	3	1	1.133936784575807	Tragopogon dubius Scop.	Magnoliopsida	220	Plantae
6449041	1	1			1	1			1	1			0.7701667164541923	Panicum miliaceum subsp. miliaceum	Liliopsida	196	Plantae
6476679	3	3	3	1	3	3	3	1	3	3	3	3	1.6310222521711686	Caenoplana variegata (Fletcher & Hamilton, 1888)			Animalia
6550091	1	1			1	1			1	1			0.7319031704937338	Actinidia chinensis var. deliciosa (A.Chev.) A.Chev.	Magnoliopsida	220	Plantae
7062200	1	0	1	0	1	0	1	0	1	0	1	0	0.8630174947556771	Trachemys scripta scripta	Testudines	11418114	Animalia
7068379	1	1	0	1	1	1	0	1	1	1	0	1	0.9090243815572389	Vicia sativa subsp. sativa	Magnoliopsida	220	Plantae
7068845	1	1			1	1			1	1			0.9358625960787562	Beta vulgaris subsp. vulgaris	Magnoliopsida	220	Plantae
7095665	3	1	3	1	3	1	3	1	3	1	3	1	1.0331075085979047	Claytonia perfoliata subsp. perfoliata	Magnoliopsida	220	Plantae
7102937	3	2	2	2	3	2	3	2	3	2	2	2	1.0712859284236078	Euonymus japonicus Thunb.	Magnoliopsida	220	Plantae
7111792	1	1	1	1	1	1	1	1	1	1	1	1	0.9184202049224887	Lotus corniculatus subsp. corniculatus	Magnoliopsida	220	Plantae
7127354	0	1	3	1	0	1	2	1	0	1	2	1	0.7383300922309566	Cyclamen coum Mill.	Magnoliopsida	220	Plantae
7127810	0	0	0	1	0	0	0	1	0	0	0	1	0.6894561889304397	Cyclamen hederifolium Aiton	Magnoliopsida	220	Plantae
7135755	3	3	3	3	3	3	3	3	3	3	1	3	1.2166865824714874	Rhododendron luteum Sweet	Magnoliopsida	220	Plantae
7156971	0	2	2	3	0	2	3	3	0	1	1	1	0.7405123319337067	Oxalis triangularis A.St.-Hil.	Magnoliopsida	220	Plantae
7157952	1	2	2	3	1	1	1	1	1	2	1	1		Dryopteris erythrosora (D.C.Eaton) Kuntze	Polypodiopsida	7228684	Plantae
7158449	2	2			1	1			2	1				Polystichum polyblepharon (Roem. ex Kunze) C.Presl	Polypodiopsida	7228684	Plantae
7162908	2	1	3	3	1	1	1	1	2	1	1	1		Convolvulus tricolor L.	Magnoliopsida	220	Plantae
7172720	1	1			1	1			1	1			0.9184086906238258	Sedum dasyphyllum L.	Magnoliopsida	220	Plantae
7172831	2	2	1	1	1	1	1	1	2	2	2	2		Phedimus aizoon (L.) 't Hart	Magnoliopsida	220	Plantae
7224157	1	3	1	3	1	3	1	3	1	3	1	3	0.8967163456907067	Pastinaca sativa subsp. sativa	Magnoliopsida	220	Plantae
7224427	2	2	1	0	2	2	1	0	2	2	1	0	0.907265722879179	Trifolium hybridum subsp. hybridum	Magnoliopsida	220	Plantae
7225471	1	1	0	0	1	1	0	0	1	1	0	0	0.9643019856777685	Vicia villosa subsp. villosa	Magnoliopsida	220	Plantae
7226776	2	1	0	1	2	1	0	1	2	1	0	1	0.9300512720212483	Setaria verticillata var. verticillata	Liliopsida	196	Plantae
7226794	0	1			0	1			0	1			0.7605656061942038	Bromus japonicus subsp. japonicus	Liliopsida	196	Plantae
7230699	1	1	1	1	1	1	1	1	1	1	1	1	0.7550765165100864	Pinus nigra subsp. nigra	Pinopsida	194	Plantae
7263145	2	2	2	1	3	2	3	1	3	3	3	1	1.0434361863153496	Acer rufinerve Siebold & Zucc.	Magnoliopsida	220	Plantae
7266343	1	0	1	1	1	0	1	1	1	0	1	1	0.876305304100285	Salix purpurea subsp. purpurea	Magnoliopsida	220	Plantae
7267630	1	0			1	0			1	0			0.6076349523456416	Dianthus giganteus d'Urv.	Magnoliopsida	220	Plantae
7291264	3	3	3	3	3	3	1	3	3	3	1	3	1.1947377560048351	Bistorta amplexicaulis (D.Don) Greene	Magnoliopsida	220	Plantae
7291643	1	1	1	1	1	1	1	1	2	2	2	2		Persicaria filiformis (Thunb.) Nakai	Magnoliopsida	220	Plantae
7298987	3	3			1	1			2	3				Centranthus calcitrapae (L.) Dufr.	Magnoliopsida	220	Plantae
7303104	1	1			1	1			1	1			0.7421252358988035	Plantago afra L.	Magnoliopsida	220	Plantae
7307327	2	3			1	3			3	3				Agastache rugosa (Fisch. & C.A.Mey.) Kuntze	Magnoliopsida	220	Plantae
7308335	1	0			1	0			1	0			0.889326471108664	Mentha spicata subsp. spicata	Magnoliopsida	220	Plantae
7309012	1	1			1	1			1	1			0.7173421302360146	Callicarpa bodinieri H.Lév.	Magnoliopsida	220	Plantae
7313595	3	0	3	0	3	0	3	0	3	0	3	0	1.0432175684296623	Asarum europaeum L.	Magnoliopsida	220	Plantae
7315063	3	3	3	3	3	3	3	3	3	3	3	3	1.329247949434276	Pseudofumaria alba (Mill.) Lidén	Magnoliopsida	220	Plantae
7315072	3	3	3	1	3	3	2	1	3	3	2	1	1.230035041048129	Papaver atlanticum (Ball) Coss.	Magnoliopsida	220	Plantae
7315286	1	1	1	0	1	1	1	0	1	1	1	0	0.8449858519426934	Fumaria muralis Koch	Magnoliopsida	220	Plantae
7319302	1	1	1	1	1	1	1	1	1	1	1	1	0.9960396968881428	Dryopteris cycadina (Franch. & Sav.) C.Chr.	Polypodiopsida	7228684	Plantae
7322292	2	1			2	1			2	1			0.9205366198841253	Oenothera ×cambrica Rostanski	Magnoliopsida	220	Plantae
7322529	2	1	1	1	2	1	1	1	2	1	1	1	0.9106363322082448	Oenothera ×rubricaulis Kleb.	Magnoliopsida	220	Plantae
7325877	1	1			2	1			2	1				Fraxinus angustifolia Vahl	Magnoliopsida	220	Plantae
7327990	3	3	3	3	3	3	3	3	3	3	3	3	1.1294248943394667	Rhododendron ponticum L.	Magnoliopsida	220	Plantae
7331861	1	1			1	1			1	1			0.8352090322580233	Cymbalaria muralis subsp. muralis	Magnoliopsida	220	Plantae
7332415	3	3	3	3	3	3	3	3	3	3	3	3	1.2883150386569244	Chaenorhinum origanifolium (L.) Fourr.	Magnoliopsida	220	Plantae
7334368	3	2			2	3			2	2				Umbilicus rupestris (Salisb.) Dandy	Magnoliopsida	220	Plantae
7344766	1	1	1	1	3	3	1	1	3	3	1	1		Rudbeckia fulgida Aiton	Magnoliopsida	220	Plantae
7346102	3	3	3	3	3	3	3	3	3	3	3	3	1.1785505239130525	Erythranthe guttata (DC.) G.L.Nesom	Magnoliopsida	220	Plantae
7350989	1	1			1	1			1	1			0.8172433785120026	Nepeta ×faassenii Bergmans ex Stearn	Magnoliopsida	220	Plantae
7358677	1	1			1	1			1	1			0.8002258398957598	Populus nigra var. italica (Moench) Koehne	Magnoliopsida	220	Plantae
7358948	3	3			3	3			3	3			1.1950056121019224	Lasius neglectus Van Loon, Boomsma & Andrasfalvy, 1990	Insecta	216	Animalia
7393329	2	2			2	2			2	2				Cucurbita moschata (Duchesne) Duchesne ex Poir.	Magnoliopsida	220	Plantae
7400250	1	1	1	1	1	1	1	1	1	1	1	1	0.9234837545078302	Platanus ×hispanica Mill. ex Münchh.	Magnoliopsida	220	Plantae
7403263	3	1	1	0	3	1	1	0	1	1	1	0	1.0154075406390608	Lactuca sativa L.	Magnoliopsida	220	Plantae
7409013	1	0			1	0			1	0			0.8027904694561967	Prunus domestica subsp. insititia (L.) Bonnier & Layens	Magnoliopsida	220	Plantae
7427542	1	1			1	1			1	1				Aleurotuba jelinekii (Frauenfeld, 1867)	Insecta	216	Animalia
7433196	3	3	1	3	3	3	1	3	3	3	1	3	1.2658381208227938	Euonymus latifolius (L.) Mill.	Magnoliopsida	220	Plantae
7437751	3	3	1	1	3	3	1	1	3	3	1	1	1.1169155581480654	Urtica membranacea Poir. ex Savigny	Magnoliopsida	220	Plantae
7443846	3	3	2	2	3	2	2	2	3	3	2	3	1.2272301426212249	Dipsacus strigosus Willd.	Magnoliopsida	220	Plantae
7461690	2	2	1	1	2	2	1	1	3	3	3	3		Phragmidium mexicanum (Mains) H.Y.Yun, Minnis & Aime	Pucciniomycetes	270	Fungi
7466434	3	3	3	3	3	3	3	3	3	3	3	3	1.2010821039200053	Pastinaca sativa subsp. urens (Req. ex Godr.) Celak.	Magnoliopsida	220	Plantae
7520678	1	1			1	1			3	3				Striosubulina striatella (Rang, 1831)	Gastropoda	225	Animalia
7540164	0	0	0	0	0	0	0	0	0	0	0	0	0.586179757250059	Arion vulgaris Moquin-Tandon, 1855	Gastropoda	225	Animalia
7544073	1	1			1	1			2	2				Saxifraga ×arendsii Engl.	Magnoliopsida	220	Plantae
7560711	0	1			0	1			0	1			0.596182808263178	Oxalis tetraphylla Cav.	Magnoliopsida	220	Plantae
7564934	1	1			1	1			2	2				Odontites jaubertianus (Boreau) D.Dietr. ex Walp.	Magnoliopsida	220	Plantae
7619206	3	1			3	1			3	1				Erodium trifolium (Cav.) Cav.	Magnoliopsida	220	Plantae
7627205	3	1	3	0	3	1	3	0	3	1	3	0	1.0335574667842262	Glebionis coronaria (L.) Tzvelev	Magnoliopsida	220	Plantae
7636833	1	1	1	1	2	3	1	1	2	3	3	3		Syringa josikaea J.Jacq. ex Rchb.	Magnoliopsida	220	Plantae
7645931	0	1	2	2	0	1	2	2	0	1	3	1	0.6168308951628562	Salix acutifolia Willd.	Magnoliopsida	220	Plantae
7671397	3	3	1	1	3	3	1	1	3	3	1	1	1.1609864163580024	Phuopsis stylosa (Trin.) G.Nicholson	Magnoliopsida	220	Plantae
7678610	3	3	3	3	3	3	3	3	3	3	3	3	1.1841571019823607	Raphanus sativus L.	Magnoliopsida	220	Plantae
7681436	0	1	2	3	0	1	2	3	0	1	2	1	0.8481390520580647	Cytisus multiflorus (L'Hér.) Sweet	Magnoliopsida	220	Plantae
7695021	1	0	2	2	1	1	2	2	1	1	2	2	0.5722572629545478	Epimedium alpinum L.	Magnoliopsida	220	Plantae
7732986	0	0			0	0			0	0			0.8357037561921561	Stropharia aurantiaca (Cooke) P.D.Orton	Agaricomycetes	186	Fungi
7733140	3	3	3	3	3	3	3	3	3	3	3	3	1.2016289745727904	Bellardia viscosa (L.) Fisch. & C.A.Mey.	Magnoliopsida	220	Plantae
7738766	0	0	0	2	0	0	0	1	0	0	0	1	0.6921411958837146	Miscanthus sacchariflorus (Maxim.) Benth. & Hook.f. ex Franch.	Liliopsida	196	Plantae
7740617	3	3	3	3	1	1	1	1	2	2	1	1		Skimmia japonica Thunb.	Magnoliopsida	220	Plantae
7747216	1	1	1	1	1	1	1	1	1	1	1	1	0.8890129157974217	Aira caryophyllea L.	Liliopsida	196	Plantae
7749287	1	1	1	2	1	1	1	2	1	1	1	2	0.8644169870082575	Petasites albus (L.) Gaertn.	Magnoliopsida	220	Plantae
7753992	2	2	1	1	3	3	1	1	3	2	1	1		Helix lucorum Linnaeus, 1758	Gastropoda	225	Animalia
7763534	3	3	1	1	3	3	3	3	1	3	3	3	1.019728420155873	Lauritrioza alacris (Flor, 1861)	Insecta	216	Animalia
7764700	0	0	1	2	0	0	1	2	0	0	1	2	0.831761640452022	Lonicera pileata var. yunnanensis (Franch.) Bernd Schulz	Magnoliopsida	220	Plantae
7790614	1	1			1	1			1	1			0.9039033322073448	Crataegus coccinea L.	Magnoliopsida	220	Plantae
7795888	3	3	3	3	3	3	3	3	3	3	3	3	1.265845603825595	Triticum aestivum L.	Liliopsida	196	Plantae
7802465	3	3	3	3	3	3	3	3	3	3	3	3	1.1528546686137942	Nymphaea ×marliacea Lat.-Marl.	Magnoliopsida	220	Plantae
7810918	3	1	3	1	3	1	3	1	3	1	3	1	1.10599286661317	Scrophularia vernalis L.	Magnoliopsida	220	Plantae
7818643	1	1	1	1	1	1	1	1	1	1	1	1	0.9060389928409347	Prunus armeniaca L.	Magnoliopsida	220	Plantae
7820753	3	3	3	3	3	3	3	3	3	3	3	3	1.254905023191108	Magallana gigas (Thunberg, 1793)	Bivalvia	137	Animalia
7828157	1	0	0	0	1	0	0	0	1	0	0	0	0.894151989658206	Petroselinum crispum (Mill.) Fuss	Magnoliopsida	220	Plantae
7844167	3	1	3	1	3	1	3	1	3	1	3	3	1.1420860713780392	Colutea arborescens L.	Magnoliopsida	220	Plantae
7855120	2	2	1	1	2	3	1	2	2	3	1	2		Odontites luteus (L.) Clairv.	Magnoliopsida	220	Plantae
7881150	1	1	1	2	1	1	1	2	1	1	1	1	0.9533162997508123	Polygonatum ×hybridum Brügger	Liliopsida	196	Plantae
7889822	2	0	1	1	2	0	1	1	2	0	1	1		Spiraea ×billardii Hérincq	Magnoliopsida	220	Plantae
7901652	3	3	1	2	3	3	1	2	3	3	1	1	1.2105512381289654	Viola ×wittrockiana Gams ex Kappert	Magnoliopsida	220	Plantae
7902463	2	2			2	2			3	2				Lonicera maackii (Rupr.) Maxim.	Magnoliopsida	220	Plantae
7903057	3	3	3	3	3	3	3	3	3	3	3	3	1.1480061020394	Brassica rapa L.	Magnoliopsida	220	Plantae
7903764	3	1			3	1			3	1			1.0819245749938062	Senecio sarracenicus L.	Magnoliopsida	220	Plantae
7905507	3	3	1	1	2	3	1	1	2	3	1	1		Amaranthus albus L.	Magnoliopsida	220	Plantae
7915783	1	1	3	1	1	1	3	1	1	1	3	1	0.986681189470555	Oenothera ×fallax Renner	Magnoliopsida	220	Plantae
7925720	3	3			2	2			2	2				Poterium sanguisorba subsp. polygamum (Waldst. & Kit.) Asch. & Graebn.	Magnoliopsida	220	Plantae
7967494	1	1			1	1			1	1			0.9321314352223395	Aconitum ×cammarum L.	Magnoliopsida	220	Plantae
7978544	1	1	1	0	1	1	1	0	1	1	1	0	0.8868190929057912	Hydrocotyle ranunculoides L.fil.	Magnoliopsida	220	Plantae
7989836	0	0	0	1	0	0	0	1	0	0	0	1	0.5114718690844455	Symphytum caucasicum M.Bieb.	Magnoliopsida	220	Plantae
8002952	3	3	3	3	3	3	3	3	3	3	3	3	1.2748028031138123	Ambrosia artemisiifolia L.	Magnoliopsida	220	Plantae
8012439	3	3	3	3	3	3	3	3	3	3	3	3	1.2719138672927874	Symphoricarpos albus (L.) K.Koch	Magnoliopsida	220	Plantae
8014163	0	1	1	3	0	1	1	3	0	1	1	3	0.7621796481493762	Ambigolimax valentianus (A.Férussac, 1821)	Gastropoda	225	Animalia
8031875	1	1			1	1			2	2				Dasiphora davurica (Nestl.) Kom. & Aliss.	Magnoliopsida	220	Plantae
8042568	3	1	3	3	2	1	1	1	2	1	1	1		Artemisia abrotanum L.	Magnoliopsida	220	Plantae
8052025	1	1	1	1	1	1	1	1	3	3	3	3		Dicyphus escalerae Lindberg, 1934	Insecta	216	Animalia
8080743	0	0	1	1	0	0	1	1	0	0	1	1	0.8772984615605922	Scilla siberica Andrews	Liliopsida	196	Plantae
8091998	3	3	1	3	3	3	1	3	3	3	1	3	1.0492045297338248	Gypsophila vaccaria (L.) Sm.	Magnoliopsida	220	Plantae
8116963	1	1			1	1			3	3				Acanthus hungaricus (Borbás) Baen.	Magnoliopsida	220	Plantae
8133114	3	3	2	2	3	3	2	2	3	3	2	2	1.0625149081602787	Aster amellus L.	Magnoliopsida	220	Plantae
8149049	3	1			3	1			3	1			1.0209867082504476	Wisteria sinensis (Sims) DC.	Magnoliopsida	220	Plantae
8149923	3	3	3	3	3	3	3	2	3	3	3	2	1.1092907817792137	Prunus persica (L.) Stokes	Magnoliopsida	220	Plantae
8153538	1	1			1	1			1	1			0.6311379162167942	Oenothera ×oehlkersii Kappus	Magnoliopsida	220	Plantae
8168344	0	0	0	0	0	0	0	0	0	0	0	0	0.6888739365798635	Hedera hibernica Poit.	Magnoliopsida	220	Plantae
8170635	3	3	3	3	3	3	3	3	3	3	3	3	1.1808696837816903	Spiraea japonica L.fil.	Magnoliopsida	220	Plantae
8183217	1	1	1	1	1	1	1	1	1	1	1	1	0.8831845954882466	Salix gmelinii Pall.	Magnoliopsida	220	Plantae
8190077	3	1	3	1	3	1	3	1	3	1	3	1	1.0588273636038055	Populus ×canadensis Moench	Magnoliopsida	220	Plantae
8190231	3	3	3	3	3	3	3	3	3	3	3	3	1.1391137315127173	Corbicula fluminea (O.F.Müller, 1774)	Bivalvia	137	Animalia
8193111	1	1	0	1	1	1	0	1	1	1	0	1	0.980347569702102	Melilotus officinalis (L.) Lam.	Magnoliopsida	220	Plantae
8200663	3	3	3	3	3	3	3	3	3	3	3	3	1.3040864046470646	Cymbalaria muralis G.Gaertn., B.Mey. & Scherb.	Magnoliopsida	220	Plantae
8210972	2	2			2	2			2	2				Jacobaea ×albescens (Burb. & Colgan) Verloove & Lambinon	Magnoliopsida	220	Plantae
8287616	1	3			1	3			3	1				Linaria simplex (Willd.) DC.	Magnoliopsida	220	Plantae
8288647	3	0	2	0	2	0	2	0	2	0	2	1		Pterocarya fraxinifolia (Poir.) Spach	Magnoliopsida	220	Plantae
8288930	0	0	0	0	0	0	0	0	0	0	0	0	0.6803626266485389	Pilosella piloselloides (Vill.) Soják	Magnoliopsida	220	Plantae
8298495	3	3	3	3	3	3	3	3	3	3	3	3	1.2722543097718224	Galinsoga quadriradiata Ruiz & Pav.	Magnoliopsida	220	Plantae
8313153	3	1	3	1	3	1	3	1	3	1	3	1	1.0223497035807296	Quercus palustris Münchh.	Magnoliopsida	220	Plantae
8323485	1	0	2	3	1	0	2	3	1	0	3	3	0.6548071726369821	Haemorhous mexicanus (P.L.Statius Müller, 1776)	Aves	212	Animalia
8332019	1	1	1	1	1	1	1	1	1	1	1	1	0.9861387313850707	Hordeum distichon L.	Liliopsida	196	Plantae
8335191	3	3			3	3			3	3			1.0983073466119608	Oloptum miliaceum (L.) Röser & Hamasha	Liliopsida	196	Plantae
8342911	1	1			2	1			2	1				Papaver setiferum Goldblatt	Magnoliopsida	220	Plantae
8358048	3	1	1	1	3	1	1	1	3	2	3	3	1.165786074974965	Potentilla recta subsp. obscura (Willd.) Arcang.	Magnoliopsida	220	Plantae
8362005	0	1	1	1	2	1	2	2	2	1	2	2	0.8762280078563772	Sasa palmata (Burb.) E.G.Camus	Liliopsida	196	Plantae
8373355	3	1	1	1	3	1	1	1	3	1	1	1	1.211387201830904	Artemisia annua L.	Magnoliopsida	220	Plantae
8400045	1	1			3	3			1	1				Daboecia cantabrica (Huds.) K.Koch	Magnoliopsida	220	Plantae
8406661	2	2	1	1	2	2	3	1	2	2	1	1		Silene uniflora Roth	Magnoliopsida	220	Plantae
8408816	3	3			2	2			1	1				Colchicum ×byzantinum Ker Gawl.	Liliopsida	196	Plantae
8418338	3	3			2	2			2	2				Hydrocotyle sibthorpioides Lam.	Magnoliopsida	220	Plantae
8421432	1	1			1	1			2	2				Cornus sanguinea subsp. hungarica (Kárpáti) Soó	Magnoliopsida	220	Plantae
8427624	3	3	3	3	3	3	3	3	3	3	3	3	1.3388989527910677	Oxalis corniculata L.	Magnoliopsida	220	Plantae
8485639	3	3	1	3	3	3	1	3	3	3	1	3	1.3517215792792998	Ensis leei M.Huber, 2015	Bivalvia	137	Animalia
8537667	3	3	3	3	3	3	3	2	3	3	3	3	1.1419948548801346	Chondrilla juncea L.	Magnoliopsida	220	Plantae
8542672	3	2			2	2			2	2				Cotula australis (Sieber ex Spreng.) Hook.fil.	Magnoliopsida	220	Plantae
8584304	3	3	1	1	3	3	1	1	3	3	1	1	1.0294473633631414	Guizotia abyssinica (L.fil.) Cass.	Magnoliopsida	220	Plantae
8599762	0	0	3	0	0	0	2	0	0	0	1	0	0.40030390056776427	Aproceros leucopoda Takeuchi, 1939	Insecta	216	Animalia
8699607	3	3	2	2	3	3	2	2	3	3	3	3	1.0930548206734132	Mycosarcoma maydis (DC.) Bref.	Ustilaginomycetes	148	Fungi
8701771	3	3	3	3	3	3	3	3	3	3	3	3	1.7378295645438189	Obama nungara Carbayo, Alvarez-Presas, Jones & Riutort, 2016			Animalia
8740315	1	1	1	1	1	1	1	1	3	3	3	3		Marionfyfea adventor Jones & Sluys, 2016			Animalia
8741260	3	3	3	3	3	3	3	1	3	1	3	1	1.3568526851606815	Macrosaccus robiniella (Clemens, 1859)	Insecta	216	Animalia
8745918	1	2	1	1	1	2	1	1	1	2	1	1	0.6954892159929166	Deroceras invadens Reise, Hutchinson, Schunack & Schlitt, 2011	Gastropoda	225	Animalia
8790531	1	1			1	1			2	2				Lissachatina fulica (Bowdich, 1822)	Gastropoda	225	Animalia
8848208	3	3	3	3	3	3	3	3	3	3	3	3	1.1247499371859502	Koenigia polystachya (Wall. ex Meisn.) T.M.Schust. & Reveal	Magnoliopsida	220	Plantae
8889878	1	1			1	1			1	1			0.91293280098773	Elaphe taeniura (Cope, 1861)	Squamata	11592253	Animalia
8898408	1	1			1	1			2	2				Pseudemys concinna (Le Conte, 1830)	Testudines	11418114	Animalia
8909595	3	3	3	3	3	3	3	3	3	3	3	3	1.1946215170283745	Faxonius limosus (Rafinesque, 1817)	Malacostraca	229	Animalia
8909809	1	3			1	1			1	3				Emys orbicularis (Linnaeus, 1758)	Testudines	11418114	Animalia
8911082	3	3	3	3	3	3	3	3	3	3	3	3	1.257546771405862	Amaranthus blitum L.	Magnoliopsida	220	Plantae
8946295	3	1	1	1	3	1	1	1	3	1	1	1	1.086334626695758	Pontastacus leptodactylus (Eschscholtz, 1823)	Malacostraca	229	Animalia
8969026	1	1			1	1			1	1			0.9980744727026202	Physalis philadelphica Lam.	Magnoliopsida	220	Plantae
8993502	0	1			0	1			0	2			0.5689679590614151	Silene italica (L.) Pers.	Magnoliopsida	220	Plantae
8994150	1	1	3	1	1	1	3	1	1	1	3	1	0.9707978399710031	Oenothera parviflora L.	Magnoliopsida	220	Plantae
9018536	1	1	1	1	1	1	1	1	1	1	1	1		Koenigia campanulata (Hook.fil.) T.M.Schust. & Reveal	Magnoliopsida	220	Plantae
9073641	3	3	1	1	3	3	1	1	3	3	1	1	1.0875543837696084	Camelina sativa (L.) Crantz	Magnoliopsida	220	Plantae
9078997	2	2			2	2			2	2				Saissetia oleae (Olivier, 1791)	Insecta	216	Animalia
9080185	3	1	1	1	3	1	1	1	3	1	1	1	1.1575700416529746	Amaranthus hypochondriacus L.	Magnoliopsida	220	Plantae
9139578	3	3			1	1			1	1				Aulacaspis rosae (Bouché, 1833)	Insecta	216	Animalia
9148577	1	1	1	2	1	1	1	2	1	1	1	2	0.9509705571277115	Alnus incana (L.) Moench	Magnoliopsida	220	Plantae
9151957	3	3	3	3	3	3	3	3	3	3	3	3	1.2676859322483225	Medicago sativa L.	Magnoliopsida	220	Plantae
9153437	3	2	3	2	3	2	3	2	3	2	3	2	1.0570588390109512	Salix daphnoides Vill.	Magnoliopsida	220	Plantae
9177060	3	0	3	3	3	0	3	3	3	0	3	3	1.0170022004783679	Allium scorodoprasum L.	Liliopsida	196	Plantae
9182765	1	3	1	2	1	3	1	2	1	2	1	1	0.7802757753524437	Calendula arvensis L.	Magnoliopsida	220	Plantae
9185677	3	3			3	3			3	2				Podarcis siculus (Rafinesque-Schmaltz, 1810)	Squamata	11592253	Animalia
9188840	3	1	1	1	3	1	1	1	3	1	1	1	1.0175055811082478	Epilobium ciliatum Raf.	Magnoliopsida	220	Plantae
9202318	3	1	3	1	3	1	3	1	3	1	3	1	1.1520062435990097	Symphyotrichum lanceolatum (Willd.) G.L.Nesom	Magnoliopsida	220	Plantae
9206251	3	1	3	1	3	1	3	1	3	1	3	1	1.0150912015899287	Helianthus annuus L.	Magnoliopsida	220	Plantae
9235549	0	0			0	0			0	0			0.6226398852103627	Sibirionetta formosa (Georgi, 1775)	Aves	212	Animalia
9254355	1	1			1	1			1	1				Lithotoma axillaris (Lindl.) E.B.Knox	Magnoliopsida	220	Plantae
9305555	3	3	3	3	1	3	3	3	1	3	3	3	0.9713176966112911	Spatula versicolor (Vieillot, 1816)	Aves	212	Animalia
9326020	1	1	0	1	1	1	0	1	1	1	0	1	0.7797129637536115	Gallus gallus (Linnaeus, 1758)	Aves	212	Animalia
9340142	1	1			1	1			1	1				Iris ×hollandica H.R.Wehrh.	Liliopsida	196	Plantae
9350124	1	1	2	1	1	1	2	1	1	1	2	1	0.9085922224717621	Natrix helvetica (Lacépède, 1789)	Squamata	11592253	Animalia
9376410	1	1	1	1	3	3	3	3	2	2	3	3		Delosperma cooperi (Hook.fil.) L.Bolus	Magnoliopsida	220	Plantae
9382645	1	1	1	1	1	1	1	1	2	2	3	3		Rosa virginiana Herrm.	Magnoliopsida	220	Plantae
9398259	3	1	3	1	3	1	3	1	3	1	1	1	1.0399974445683562	Sporobolus anglicus (C.E.Hubb.) P.M.Peterson & Saarela	Liliopsida	196	Plantae
9419993	3	3	1	1	3	3	1	1	3	3	1	1	1.0467402813321898	Erodium moschatum (L.) L'Hér.	Magnoliopsida	220	Plantae
9422220	0	0			0	0			0	0			0.6614616628109188	Spatula discors (Linnaeus, 1766)	Aves	212	Animalia
9440906	1	1			1	1			2	2				Sagina alexandrae Iamonico	Magnoliopsida	220	Plantae
9442269	1	1	1	1	3	3	3	3	3	3	2	3		Procambarus virginalis Lyko, 2017	Malacostraca	229	Animalia
9451184	0	3	0	1	0	1	0	1	0	1	0	1	0.6681802847470838	Pavo cristatus Linnaeus, 1758	Aves	212	Animalia
9496048	3	3			3	3			3	3			1.0394483772087806	Spatula hottentota (Eyton, 1838)	Aves	212	Animalia
9508460	1	0	1	1	1	0	1	1	1	0	1	1	0.9236982434649033	Mareca sibilatrix (Poeppig, 1829)	Aves	212	Animalia
9520065	0	0	0	0	0	0	0	0	0	0	0	0	0.5606522026173009	Ferrissia californica (Rowell, 1863)	Gastropoda	225	Animalia
9592414	2	2			2	2			2	2				Sporobolus michauxianus (Hitchc.) P.M.Peterson & Saarela	Liliopsida	196	Plantae
9606290	2	3			1	1			1	1				Meleagris gallopavo Linnaeus, 1758	Aves	212	Animalia
9673106	0	0	1	1	0	0	1	1	0	0	1	1	0.7116062520769724	Eriocapitella ×hybrida (L.H.Bailey) Christenh. & Byng	Magnoliopsida	220	Plantae
9752149	3	3	1	3	3	3	1	3	3	3	1	3	1.0520076458050944	Phasianus colchicus Linnaeus, 1758	Aves	212	Animalia
9823072	3	3	3	3	3	3	3	3	3	3	3	3	1.1861651342276944	Oxalis stricta L.	Magnoliopsida	220	Plantae
9890104	0	1	0	1	0	1	0	1	0	1	0	1	0.34738419720233493	Xeroplexa intersecta (Poiret, 1801)	Gastropoda	225	Animalia
10071055	3	1	3	1	3	1	3	1	3	1	3	1	1.0824946228432253	Scandosorbus ×intermedia (Ehrh.) Sennikov	Magnoliopsida	220	Plantae
10095118	3	0	3	0	3	0	3	0	3	0	3	0	1.0843595953994296	Microcarbo pygmaeus (Pallas, 1773)	Aves	212	Animalia
10755213	1	1			1	1			1	1			0.7350862909662366	Narcissus hispanicus subsp. hispanicus	Liliopsida	196	Plantae
10769750	1	1			1	1			1	1			0.8336724843753498	Pseudopodospermum hispanicum subsp. hispanicum	Magnoliopsida	220	Plantae
10786206	1	1			1	1			1	1			0.8956140535213022	Rhaphiolepis bibas (Lour.) Galasso & Banfi	Magnoliopsida	220	Plantae
10801424	3	3	1	1	2	2	1	1	3	3	3	3		Salvia yangii B.T.Drew	Magnoliopsida	220	Plantae
10852031	2	3			2	3			2	3				Oncosiphon pilulifer (L.fil.) Källersjö	Magnoliopsida	220	Plantae
10902460	2	0			2	0			2	0				Salvia rosmarinus Spenn.	Magnoliopsida	220	Plantae
10953644	3	2			3	2			2	2				Silene baccifera (L.) Durande	Magnoliopsida	220	Plantae
11007246	3	1	3	2	3	1	3	2	3	1	3	2	1.166325772326264	Clinopodium menthifolium (Host) Merino	Magnoliopsida	220	Plantae
11064584	3	3			3	3			2	2				Salvia abrotanoides (Kar.) Sytsma	Magnoliopsida	220	Plantae
11104870	3	3			2	2			3	3				Cicada orni Linnaeus, 1758	Insecta	216	Animalia
11162940	1	0	1	1	1	0	1	1	1	0	1	1	0.933427199254815	Phedimus spurius subsp. spurius	Magnoliopsida	220	Plantae
11742641	2	3	2	2	2	3	1	1	2	3	2	3		Myriophyllum rubricaule Valk. & Duist.	Magnoliopsida	220	Plantae
11921804	1	1			1	1			1	1				Anethum ridolfia Spalik & Reduron	Magnoliopsida	220	Plantae
12187916	1	1			1	1			1	1			0.7596694701799034	Tarenaya houtteana (Schltdl.) Soares Neto & Roalson	Magnoliopsida	220	Plantae
