taxonKey	year_2022_em_status_occs_Flanders	year_2022_em_status_occupancy_Flanders	year_2022_em_status_occs_FlandersNatura2000	year_2022_em_status_occupancy_FlandersNatura2000	year_2023_em_status_occs_Flanders	year_2023_em_status_occupancy_Flanders	year_2023_em_status_occs_FlandersNatura2000	year_2023_em_status_occupancy_FlandersNatura2000	year_2024_em_status_occs_Flanders	year_2024_em_status_occupancy_Flanders	year_2024_em_status_occs_FlandersNatura2000	year_2024_em_status_occupancy_FlandersNatura2000	mean_growth	taxonName	class	clasKey	kingdom
1017419	3	3	3	3	3	3	3	3	3	3	3	3	1.8470321701254973	Oxidus gracilis (C.L.Koch, 1847)	Diplopoda	361	Animalia
1031394	1	1	1	1	1	1	1	1	1	1	1	1	0.889944939052963	Ectopsocus petersi Smithers, 1978	Insecta	216	Animalia
1031400	0	0	1	1	0	0	1	1	0	0	1	1	0.4069454361817581	Ectopsocus briggsi McLachlan, 1899	Insecta	216	Animalia
1031684	3	3	3	3	1	3	2	1	1	3	3	3	0.9906673549938037	Lepinotus patruelis Pearman, 1931	Insecta	216	Animalia
1031742	2	2	1	1	1	1	1	1	3	3	3	3		Dorypteryx domestica (Smithers, 1958)	Insecta	216	Animalia
1047536	3	3	3	3	3	3	3	3	3	1	1	3	1.29797231204061	Leptinotarsa decemlineata (Say, 1824)	Insecta	216	Animalia
1095946	1	1	1	1	3	3	3	3	2	2	3	3		Reesa vespulae (Milliron, 1939)	Insecta	216	Animalia
1111797	1	1			3	3			1	1				Chlorophorus annularis (Fabricius, 1787)	Insecta	216	Animalia
1309600	0	0	0	0	0	0	0	0	0	0	0	0	0.6010293419202082	Andricus kollari (Hartig, 1843)	Insecta	216	Animalia
1309606	3	3			1	1			1	1				Andricus grossulariae Giraud, 1859	Insecta	216	Animalia
1309652	0	1	0	1	1	1	1	1	1	1	1	1	0.6291937785864095	Dryocosmus kuriphilus Yasumatsu, 1951	Insecta	216	Animalia
1311477	3	3	3	2	3	3	3	2	3	3	3	2	2.5802837278277932	Vespa velutina Lepeletier, 1836	Insecta	216	Animalia
1316908	3	2			3	2			1	2			1.121829021225056	Linepithema humile (Mayr, 1868)	Insecta	216	Animalia
1346919	0	0	1	3	0	0	3	3	0	0	1	1	0.13553434457299113	Isodontia mexicana (de Saussure, 1867)	Insecta	216	Animalia
1411953	1	1	1	1	1	1	1	1	3	3	3	3		Carausius morosus Brunner von Wattenwyl, 1907	Insecta	216	Animalia
1421091	3	3	2	3	3	3	0	1	3	3	0	1	1.3212804364296749	Lepisma saccharinum Linnaeus, 1758	Insecta	216	Animalia
1577153	1	1	1	1	3	3	1	1	2	2	1	1		Hermetia illucens (Linnaeus, 1758)	Insecta	216	Animalia
1579447	3	3	3	3	3	3	3	3	3	3	3	3	1.5158201804771798	Exaireta spinigera (Wiedemann, 1830)	Insecta	216	Animalia
1622599	0	0	3	3	0	0	2	2	0	0	2	2	0.4581542148780841	Rhagoletis cingulata (Loew, 1862)	Insecta	216	Animalia
1622658	2	2	3	3	3	3	3	3	3	3	1	2		Rhagoletis completa Cresson, 1929	Insecta	216	Animalia
1626096	3	3	1	1	3	3	1	1	3	3	3	3		Ceratitis capitata (Wiedemann, 1824)	Insecta	216	Animalia
1651430	0	1			0	3			0	3			0.5131770413763337	Aedes albopictus (Skuse, 1894)	Insecta	216	Animalia
1652212	2	3			2	3			1	1				Aedes japonicus (Theobald, 1901)	Insecta	216	Animalia
1690429	0	1	0	1	0	1	0	1	0	1	0	1	0.768846764748582	Meconema meridionale Costa, 1860	Insecta	216	Animalia
1702101	2	3			3	3			2	2				Anacridium aegyptium (Linnaeus, 1764)	Insecta	216	Animalia
1713034	2	2			2	3			2	3				Gryllus bimaculatus De Geer, 1773	Insecta	216	Animalia
1718308	3	3	3	3	3	3	3	3	3	3	3	3	1.253832075546143	Acheta domesticus (Linnaeus, 1758)	Insecta	216	Animalia
1719204	3	3			1	1			3	3				Gryllomorpha dalmatina (Ocskay, 1832)	Insecta	216	Animalia
1722299	2	2			2	2			2	2				Gryllodes sigillatus (Walker, 1869)	Insecta	216	Animalia
1737131	3	3	3	3	2	2	2	2	2	2	2	2		Epiphyas postvittana (Walker, 1863)	Insecta	216	Animalia
1749449	0	1	3	3	0	1	1	3	0	1	1	2	0.7020708517618652	Cameraria ohridella Deschka & Dimić, 1986	Insecta	216	Animalia
1749580	1	1	1	1	1	1	2	3	1	1	2	3	0.8155377643365253	Phyllocnistis citrella Stainton, 1856	Insecta	216	Animalia
1751299	3	1	1	1	3	1	1	1	1	1	1	2	1.0121617207029252	Bucculatrix ainsliella Murtfeldt, 1905	Insecta	216	Animalia
1798504	3	3			1	1			1	1				Dysgonia algira Linnaeus, 1767	Insecta	216	Animalia
1830823	2	2			3	3			2	2				Prays citri Millière, 1873	Insecta	216	Animalia
1852787	2	3	2	1	2	3	2	3	2	2	2	3		Blastobasis lacticolella Rebel, 1939	Insecta	216	Animalia
1852831	3	3	3	3	3	3	3	1	1	2	2	1		Blastobasis adustella Walsingham, 1894	Insecta	216	Animalia
1873890	1	1			1	1			3	3				Cadra cautella (Walker, 1863)	Insecta	216	Animalia
1873903	3	1			1	1			1	1				Cadra figulilella (Gregson, 1871)	Insecta	216	Animalia
1885213	3	3			2	2			2	2				Crocidophora butleri South, 1901	Insecta	216	Animalia
1891245	1	1			1	1			1	1				Sufetula diminutalis Walker, 1865	Insecta	216	Animalia
1920491	1	1	1	1	2	2	2	2	1	1	2	2		Pieris mannii (Mayer, 1851)	Insecta	216	Animalia
1941864	2	2	1	1	1	1	1	1	1	1	3	3		Paysandisia archon (Burmeister, 1880)	Insecta	216	Animalia
1997215	2	2	3	3	2	2	3	3	2	0	1	1	1.413644371470652	Blattella germanica (Linnaeus, 1767)	Insecta	216	Animalia
1998083	1	1			1	1			1	1				Ectobius vittiventris (Costa, 1847)	Insecta	216	Animalia
1998599	1	1			1	1			3	3				Cariblatta lutea (Saussure & Zehntner, 1893)	Insecta	216	Animalia
2000152	1	1			3	3			3	3				Periplaneta americana (Linnaeus, 1758)	Insecta	216	Animalia
2000204	2	3	3	3	2	3	3	3	0	1	2	3	1.1952373534424316	Periplaneta australasiae (Fabricius, 1775)	Insecta	216	Animalia
2008616	3	3	3	3	2	3	2	3	3	3	2	3		Empicoris rubromaculatus (Blackburn, 1888)	Insecta	216	Animalia
2020655	3	3	3	3	3	3	3	3	3	3	3	3	1.6454713099988965	Corythucha ciliata (Say, 1832)	Insecta	216	Animalia
2020686	3	1	3	3	3	1	1	2	3	1	1	2	1.1625915700481324	Stephanitis takeyai Drake & Maa, 1955	Insecta	216	Animalia
2020779	1	1			3	1			3	3				Buchananiella continua (White, 1880)	Insecta	216	Animalia
2026623	1	1			3	3			3	3				Pediopsoides sharmai (Viraktamath, 1981)	Insecta	216	Animalia
2029273	3	2	3	3	2	2	3	3	2	2	2	3		Zygina nivea (Mulsant & Rey, 1855)	Insecta	216	Animalia
2037925	3	3	2	2	3	3	2	2	3	3	2	2	1.5440567346530674	Orientus ishidae (Matsumura, 1902)	Insecta	216	Animalia
2037991	1	1			3	3			1	1				Liguropia juniperi (Lethierry, 1876)	Insecta	216	Animalia
2038171	1	1	3	3	1	1	3	3	1	1	2	2	0.9344018884218184	Opsius stactogalus Fieber, 1866	Insecta	216	Animalia
2041682	3	0	3	2	3	0	3	0	3	0	3	0	1.1992140370596378	Graphocephala fennahi Young, 1977	Insecta	216	Animalia
2049661	1	1	3	3	1	1	2	3	1	1	2	2	0.7272828314520317	Adelges abietis (Linnaeus, 1758)	Insecta	216	Animalia
2072196	3	3			2	2			2	2				Aphis nerii Boyer de Fonscolombe, 1841	Insecta	216	Animalia
2077985	1	1	1	1	3	2	1	1	3	3	3	3		Impatientinum asiaticum Nevsky, 1929	Insecta	216	Animalia
2078259	1	1			3	3			1	1				Neotoxoptera formosana (Takahashi, 1921)	Insecta	216	Animalia
2078852	3	2	3	3	3	2	3	3	3	2	2	3	1.2334778687606025	Nezara viridula (Linnaeus, 1758)	Insecta	216	Animalia
2080592	1	1			3	3			3	3				Icerya purchasi Maskell, 1879	Insecta	216	Animalia
2095283	2	2	1	1	3	3	1	1	3	3	3	3		Pseudococcus longispinus (Targioni Tozzetti, 1867)	Insecta	216	Animalia
2115769	1	1	1	1	1	1	1	1	1	1	1	1	0.870763201141225	Austrominius modestus (Darwin, 1854)			Animalia
2128502	3	3			2	2			1	1				Aceria erinea (Nalepa, 1891)	Arachnida	367	Animalia
2142456	3	0	2	1	3	0	3	1	3	0	2	1	1.1567809483273197	Uloborus plumipes Lucas, 1846	Arachnida	367	Animalia
2149679	0	0	3	2	0	0	2	2	0	0	1	1	0.5640315614288781	Holocnemus pluchei (Scopoli, 1763)	Arachnida	367	Animalia
2153287	3	3	3	3	3	3	3	3	3	3	3	3	1.9955437835085037	Zoropsis spinimana (Dufour, 1820)	Arachnida	367	Animalia
2157203	3	3	3	3	2	2	3	1	2	2	1	1		Steatoda nobilis (Thorell, 1875)	Arachnida	367	Animalia
2157245	0	0	3	0	0	0	3	0	0	0	3	0	0.8387303266644854	Steatoda grossa (C.L.Koch, 1838)	Arachnida	367	Animalia
2164198	3	3			3	3			2	2				Cheiracanthium mildei L.Koch, 1864	Arachnida	367	Animalia
2169430	2	2	3	3	3	3	3	3	2	2	2	2		Macaroeris nidicolens (Walckenaer, 1802)	Arachnida	367	Animalia
2174528	0	0	1	1	0	0	3	3	0	0	1	2	0.745098319908576	Saitis barbipes (Simon, 1868)	Arachnida	367	Animalia
2176858	3	3	1	1	1	1	1	1	2	3	1	1		Philaeus chrysops (Poda, 1761)	Arachnida	367	Animalia
2177741	3	1	1	1	3	1	1	1	1	1	1	1	1.0168601484102955	Hasarius adansoni (Audouin, 1826)	Arachnida	367	Animalia
2211599	2	1	1	1	1	1	1	1	1	1	3	3		Ianiropsis serricaudis Gurjanova, 1936	Malacostraca	229	Animalia
2217982	3	3	0	3	3	3	0	3	3	3	0	3	1.5426268549663953	Crangonyx pseudogracilis Bousfield, 1958	Malacostraca	229	Animalia
2220312	2	2			2	2			2	2				Hemimysis anomala G.O.Sars, 1907	Malacostraca	229	Animalia
2220347	3	3	2	1	3	3	1	1	3	3	1	1	1.269417258907964	Limnomysis benedeni Czerniavsky, 1882	Malacostraca	229	Animalia
2225772	3	3	3	3	3	3	3	3	3	3	3	3	1.4293384222917296	Hemigrapsus sanguineus (De Haan, 1835)	Malacostraca	229	Animalia
2225776	1	3	3	3	1	3	3	3	1	1	3	3	0.8976672028688696	Eriocheir sinensis H.Milne Edwards, 1853	Malacostraca	229	Animalia
2227289	3	3	2	2	3	3	2	2	3	3	3	3	2.2108458608653887	Procambarus acutus (Girard, 1852)	Malacostraca	229	Animalia
2227300	3	3	3	3	3	3	3	3	3	3	3	3	1.4345478191872454	Procambarus clarkii (Girard, 1852)	Malacostraca	229	Animalia
2227663	3	3	3	1	3	3	3	1	3	3	3	1	1.2284011228938778	Rhithropanopeus harrisii (Gould, 1841)	Malacostraca	229	Animalia
2286388	1	1	1	1	1	1	1	1	1	1	1	1		Mulinia lateralis (Say, 1822)	Bivalvia	137	Animalia
2287072	0	1	0	0	0	1	0	0	0	1	0	0	0.681766470809516	Dreissena polymorpha (Pallas, 1771)	Bivalvia	137	Animalia
2287073	1	1			1	1			2	2				Dreissena bugensis (Andrusov, 1897)	Bivalvia	137	Animalia
2288926	1	1	1	1	2	1	2	1	1	1	1	1		Potamocorbula amurensis (Schrenck, 1862)	Bivalvia	137	Animalia
2294275	3	3			3	2			2	2				Eobania vermiculata (O.F.Müller, 1774)	Gastropoda	225	Animalia
2294277	1	1	0	1	1	1	0	1	1	1	0	1	0.5904609427964669	Theba pisana (O.F.Müller, 1774)	Gastropoda	225	Animalia
2294284	2	1			1	1			2	3				Otala lactea (O.F.Müller, 1774)	Gastropoda	225	Animalia
2295442	1	3	1	1	1	3	1	1	1	3	1	1	0.9059618144267542	Limacus flavus (Linnaeus, 1758)	Gastropoda	225	Animalia
2296807	1	1	2	2	1	1	2	2	1	1	2	2	0.33017014185941673	Cochlicella barbara (Linnaeus, 1758)	Gastropoda	225	Animalia
2297108	0	0	1	1	0	0	2	3	0	0	2	3	0.4086701586188871	Milax gagates (Draparnaud, 1801)	Gastropoda	225	Animalia
2307726	1	1			1	1			2	2				Microscolex phosphoreus (Dugès, 1837)	Clitellata	255	Animalia
2320810	1	1	1	1	1	1	1	1	3	3	3	3		Boccardia proboscidea Hartman, 1940	Polychaeta	256	Animalia
2327735	1	1	0	1	1	1	0	1	1	1	0	1	0.909655942459926	Ficopomatus enigmaticus (Fauvel, 1923)	Polychaeta	256	Animalia
2337607	0	0	0	0	0	0	1	0	0	0	1	0	0.27779911600688245	Silurus glanis Linnaeus, 1758			Animalia
2362030	1	1	3	3	1	1	3	3	1	1	3	3	0.845901641950885	Ctenopharyngodon idella (Valenciennes, 1844)			Animalia
2362868	1	1	1	1	1	1	1	1	1	1	1	1	0.8890245641942058	Pseudorasbora parva (Temminck & Schlegel, 1846)			Animalia
2366634	1	1	1	1	1	1	1	1	1	1	1	1	0.8108514329170303	Carassius gibelio (Bloch, 1782)			Animalia
2367742	1	1			1	1			2	2				Pimephales promelas Rafinesque, 1820			Animalia
2367911	0	1	0	1	3	1	3	1	3	1	3	1	12.64015881464535	Misgurnus mohoity (Dybowski, 1869)			Animalia
2379089	0	0	1	1	0	0	1	1	0	0	1	1	0.6325054609181685	Neogobius melanostomus (Pallas, 1814)			Animalia
2379245	0	1	1	1	0	1	1	2	0	1	1	2	0.45716783143430595	Proterorhinus semilunaris (Heckel, 1837)			Animalia
2382155	1	1	1	1	0	1	1	1	0	0	1	1	0.7829155274021065	Sander lucioperca (Linnaeus, 1758)			Animalia
2394486	3	3	3	3	3	3	3	3	3	3	3	3	1.16756125414229	Lepomis gibbosus (Linnaeus, 1758)			Animalia
2426640	2	0	0	0	2	0	0	0	2	0	0	0	0.6600114838607983	Pelophylax bedriagae (Camerano, 1882)	Amphibia	131	Animalia
2426661	3	3	1	3	3	3	3	3	3	3	3	3	1.3008089979658493	Pelophylax ridibundus (Pallas, 1771)	Amphibia	131	Animalia
2427091	1	0	3	1	1	1	3	1	1	1	1	1	0.8394553195085311	Lithobates catesbeianus (Shaw, 1802)	Amphibia	131	Animalia
2435035	3	1	3	1	3	1	3	1	3	1	3	1	1.0347702775139063	Felis catus Linnaeus, 1758	Mammalia	359	Animalia
2436940	3	3	3	3	3	3	3	3	3	3	3	3	1.1145848288887132	Oryctolagus cuniculus (Linnaeus, 1758)	Mammalia	359	Animalia
2437282	1	1			1	1			1	1				Tamiasciurus hudsonicus (Erxleben, 1777)	Mammalia	359	Animalia
2437397	1	1			1	1			2	2				Callosciurus prevostii (Desmarest, 1822)	Mammalia	359	Animalia
2437450	0	1	0	1	0	1	0	1	0	1	0	1	0.7612408058580996	Tamias sibiricus (Laxmann, 1769)	Mammalia	359	Animalia
2437619	1	1	1	1	3	3	1	1	2	2	1	1		Dolichotis patagonum (Zimmermann, 1780)	Mammalia	359	Animalia
2439261	3	3	3	3	3	3	3	3	3	3	3	3	1.2007538346335809	Rattus norvegicus (Berkenhout, 1769)	Mammalia	359	Animalia
2439270	1	3	1	1	1	3	1	1	1	3	1	1	0.84401157892596	Rattus rattus (Linnaeus, 1758)	Mammalia	359	Animalia
2440196	1	1			1	1			3	3				Macropus rufogriseus (Desmarest, 1817)	Mammalia	359	Animalia
2440946	1	0	1	1	1	0	1	2	1	0	1	2	0.8576084352270951	Muntiacus reevesi (Ogilby, 1839)	Mammalia	359	Animalia
2440954	0	2	0	2	0	1	0	1	0	1	0	1	0.24574683224232577	Cervus nippon Temminck, 1838	Mammalia	359	Animalia
2441905	1	1			1	1			3	3				Chelydra serpentina (Linnaeus, 1758)	Testudines	11418114	Animalia
2443002	3	2	1	2	3	2	1	2	3	2	1	2	1.0615876279284768	Trachemys scripta (Thunberg In Schoepff, 1792)	Testudines	11418114	Animalia
2445034	2	3			3	3			3	3				Tarentola mauritanica (Linnaeus, 1758)	Squamata	11592253	Animalia
2455615	1	1			3	3			3	3				Pantherophis guttatus (Linnaeus, 1766)	Squamata	11592253	Animalia
2469188	2	1			2	1			2	1				Podarcis muralis (Laurenti, 1768)	Squamata	11592253	Animalia
2473341	3	1	1	1	3	1	1	1	3	1	1	1	1.1688419998798278	Numida meleagris (Linnaeus, 1758)	Aves	212	Animalia
2473477	0	1	0	3	0	1	0	2	0	1	0	2	0.7088460658326597	Syrmaticus reevesii (J.E.Gray, 1829)	Aves	212	Animalia
2474029	2	2			2	2			2	2				Alectoris chukar (J.E.Gray, 1830)	Aves	212	Animalia
2474051	1	1			1	1			1	1			0.9559805555059047	Alectoris rufa (Linnaeus, 1758)	Aves	212	Animalia
2474416	1	1	1	1	1	1	1	1	2	2	2	2		Porphyrio porphyrio (Linnaeus, 1758)	Aves	212	Animalia
2474936	1	2			1	1			1	1			0.4878275061843716	Anthropoides virgo (Linnaeus, 1758)	Aves	212	Animalia
2475235	1	1			1	1			3	3				Tauraco leucotis (Ruppell, 1835)	Aves	212	Animalia
2475648	1	1	1	1	1	1	1	1	1	2	2	2	0.9532481028326215	Dacelo novaeguineae (Hermann, 1783)	Aves	212	Animalia
2479226	3	3	3	3	3	3	3	3	3	3	3	3	1.1641308374711425	Psittacula krameri (Scopoli, 1769)	Aves	212	Animalia
2479311	1	1	1	1	1	1	1	1	2	2	2	2		Platycercus elegans (Gmelin, 1788)	Aves	212	Animalia
2479329	1	1	1	1	1	1	1	1	1	1	1	1	0.7726009035415055	Platycercus eximius (Shaw, 1792)	Aves	212	Animalia
2479407	3	3	3	3	3	3	2	3	3	3	2	2	1.189697507966708	Myiopsitta monachus (Boddaert, 1783)	Aves	212	Animalia
2479544	3	3			3	3			2	2				Agapornis fischeri Reichenow, 1887	Aves	212	Animalia
2479798	1	1	1	1	1	1	1	1	1	1	1	1	0.9689391276447027	Melopsittacus undulatus (Shaw, 1805)	Aves	212	Animalia
2479804	1	1			1	1			3	3				Pyrrhura molinae (Massena & Souance, 1854)	Aves	212	Animalia
2479925	1	1			1	1			3	3				Alisterus scapularis (Lichtenstein, 1816)	Aves	212	Animalia
2479977	1	1			1	1			1	1			0.9605251985063334	Nymphicus hollandicus (Kerr, 1792)	Aves	212	Animalia
2480372	0	0	0	2	0	0	0	1	0	0	0	1	0.3007532690641831	Elanus caeruleus (Desfontaines, 1789)	Aves	212	Animalia
2480410	1	3	1	3	1	3	1	2	1	3	1	3	0.979163076147976	Parabuteo unicinctus (Temminck, 1824)	Aves	212	Animalia
2480446	3	3			3	3			2	2				Haliaeetus leucocephalus (Linnaeus, 1766)	Aves	212	Animalia
2480491	1	0	1	1	1	0	1	1	1	0	1	1	0.6378519053810284	Circus macrourus (S.G.Gmelin, 1770)	Aves	212	Animalia
2480524	0	0			0	0			0	0			0.3957243779704321	Buteo lagopus (Pontoppidan, 1763)	Aves	212	Animalia
2480685	1	2	3	3	1	1	3	3	1	2	3	3	0.7523309257533344	Hieraaetus pennatus (Gmelin, 1788)	Aves	212	Animalia
2480764	1	0	1	1	1	0	1	1	1	0	1	1	0.8182884209703629	Threskiornis aethiopicus (Latham, 1790)	Aves	212	Animalia
2480773	1	1	1	3	1	3	1	3	1	3	1	3	0.8230274280096385	Plegadis falcinellus (Linnaeus, 1766)	Aves	212	Animalia
2480906	0	1	1	1	0	1	1	1	0	1	1	1	0.6896787279170323	Ardeola ralloides (Scopoli, 1769)	Aves	212	Animalia
2481062	0	1	0	1	0	1	0	1	0	1	0	1	0.8493200127853668	Falco vespertinus Linnaeus, 1766	Aves	212	Animalia
2481134	1	1			1	1			1	1			0.8470100932418527	Larus delawarensis Ord, 1815	Aves	212	Animalia
2481263	0	0	2	1	0	0	2	1	0	0	2	1	0.7864720978303409	Gelochelidon nilotica (J.F.Gmelin, 1789)	Aves	212	Animalia
2481670	1	1			1	1			2	2				Limnodromus scolopaceus (Say, 1822)	Aves	212	Animalia
2481703	0	0	0	0	0	0	0	0	0	0	0	0	0.6016112012307736	Xenus cinereus (Güldenstädt, 1775)	Aves	212	Animalia
2481719	0	0	0	0	0	0	0	0	0	0	0	0	0.707448527113528	Tringa stagnatilis (Bechstein, 1803)	Aves	212	Animalia
2481744	0	0	0	0	0	0	0	0	0	0	0	0	0.6504306581590784	Calidris melanotos (Vieillot, 1819)	Aves	212	Animalia
2481959	0	0	0	1	0	0	0	1	0	0	0	1	0.8822411564453015	Gavia arctica (Linnaeus, 1758)	Aves	212	Animalia
2481962	0	0	0	0	0	0	0	0	0	0	0	0	0.8117067591201097	Gavia immer (Brunnich, 1764)	Aves	212	Animalia
2484605	0	0			0	0			0	0			0.506506458044911	Bombycilla garrulus (Linnaeus, 1758)	Aves	212	Animalia
2486132	1	1	1	1	1	1	1	1	1	1	1	1		Pycnonotus leucotis (Gould, 1836)	Aves	212	Animalia
2489075	1	1			1	1			2	2				Lamprotornis superbus Rüppell, 1845	Aves	212	Animalia
2490384	2	2			3	3			3	3				Cardinalis cardinalis (Linnaeus, 1758)	Aves	212	Animalia
2492867	0	0	0	0	0	0	0	0	0	0	0	1	0.6729874416051714	Lanius senator Linnaeus, 1758	Aves	212	Animalia
2493618	1	1			1	1			3	3				Lonchura striata (Linnaeus, 1766)	Aves	212	Animalia
2493633	3	1	3	3	3	1	3	3	3	1	2	2	1.076278398931115	Taeniopygia guttata (Vieillot, 1817)	Aves	212	Animalia
2494303	3	3	0	1	3	3	0	1	3	3	0	1	1.0537488165120406	Serinus canaria (Linnaeus, 1758)	Aves	212	Animalia
2495414	3	3	3	3	3	3	3	3	3	3	3	3	1.2642941912884493	Columba livia J.F.Gmelin, 1789	Aves	212	Animalia
2495494	0	1			0	1			0	1			0.5036041775686027	Geopelia cuneata (Latham, 1801)	Aves	212	Animalia
2498015	1	1	3	0	1	1	3	0	1	1	3	0	0.9492528590647079	Tadorna ferruginea (Pallas, 1764)	Aves	212	Animalia
2498026	0	0	0	0	0	0	0	0	0	0	0	0	0.5144730065839705	Anser erythropus (Linnaeus, 1758)	Aves	212	Animalia
2498034	1	1	1	1	1	1	1	1	1	1	1	1	0.9593254756812615	Anser cygnoides (Linnaeus, 1758)	Aves	212	Animalia
2498035	3	1	3	1	3	1	3	1	3	1	3	1	1.0455241745680754	Anser indicus (Latham, 1790)	Aves	212	Animalia
2498046	1	3	1	1	1	1	1	1	1	1	1	1	0.9244211431364406	Chenonetta jubata (Latham, 1801)	Aves	212	Animalia
2498090	1	0	0	1	1	0	0	1	1	0	0	2	0.9021535409942956	Anas bahamensis Linnaeus, 1758	Aves	212	Animalia
2498161	1	3	3	3	1	3	3	3	1	3	1	3	0.7766748074111094	Anser rossii Cassin, 1861	Aves	212	Animalia
2498163	1	1	3	2	1	1	3	2	1	1	3	2	0.9022613892320923	Anser canagicus (Sevastianov, 1802)	Aves	212	Animalia
2498167	0	0	1	1	0	0	1	1	0	0	1	1	0.7715403341382352	Anser caerulescens (Linnaeus, 1758)	Aves	212	Animalia
2498252	3	3	3	3	3	1	3	3	3	1	3	3	1.0863080620346766	Alopochen aegyptiaca (Linnaeus, 1766)	Aves	212	Animalia
2498259	0	0	0	0	0	0	0	0	0	0	0	0	0.6035955447802923	Aythya nyroca (Güldenstädt, 1770)	Aves	212	Animalia
2498305	0	0	0	0	0	0	0	0	0	0	0	0	0.6575702565331402	Oxyura jamaicensis (J.F.Gmelin, 1789)	Aves	212	Animalia
2498329	1	3	1	1	3	3	1	1	3	3	1	1	1.0231599487611656	Bucephala albeola (Linnaeus, 1758)	Aves	212	Animalia
2498344	3	3	3	3	3	3	3	3	3	3	3	3	1.1876416919032906	Cygnus atratus (Latham, 1790)	Aves	212	Animalia
2498384	1	1	1	3	1	1	1	1	1	1	1	1	0.9197096792784037	Callonetta leucophrys (Vieillot, 1816)	Aves	212	Animalia
2498387	0	1	0	3	0	1	0	3	0	1	0	3	0.7589244031213339	Aix sponsa (Linnaeus, 1758)	Aves	212	Animalia
2498388	3	1	1	1	1	1	1	1	1	1	1	1	1.0076644265601677	Aix galericulata (Linnaeus, 1758)	Aves	212	Animalia
2498402	3	1	3	1	1	1	3	1	1	1	3	1	1.0042526119464539	Dendrocygna bicolor (Vieillot, 1816)	Aves	212	Animalia
2498408	1	1	1	1	1	1	1	1	1	1	1	1	0.8925519644669941	Lophodytes cucullatus (Linnaeus, 1758)	Aves	212	Animalia
2501248	3	3	3	3	2	2	2	2	2	2	2	2		Mnemiopsis leidyi A.Agassiz, 1865	Tentaculata	365	Animalia
2502810	3	1			3	1			3	3			1.828121787820743	Caenoplana coerulea Moseley, 1877			Animalia
2515351	1	1			2	2			3	3				Puccinia oxalidis Dietel & Ellis	Pucciniomycetes	270	Fungi
2516075	1	1	1	0	1	1	1	0	1	1	1	0	0.8973590930152046	Cumminsiella mirabilissima (Peck) Nannf.	Pucciniomycetes	270	Fungi
2516419	1	1			1	1			1	1			0.8119062098422645	Tranzschelia discolor (Fuckel) Tranzschel & M.A.Litv.	Pucciniomycetes	270	Fungi
2516809	1	1			1	1			1	1			0.799033855478889	Melampsoridium betulinum (Pers.) Kleb.	Pucciniomycetes	270	Fungi
2537743	2	2	1	1	2	2	1	1	3	3	3	3		Lentinula edodes (Berk.) Pegler	Agaricomycetes	186	Fungi
2598552	0	0	1	1	0	0	1	2	0	0	1	1	0.7808736425706025	Seifertia azaleae (Peck) Partr. & Morgan-Jones	Dothideomycetes	183	Fungi
2650107	3	3	1	3	3	3	1	3	3	3	1	3	1.093816499431815	Azolla filiculoides Lam.	Polypodiopsida	7228684	Plantae
2650827	3	3	1	1	1	1	1	1	1	1	1	1	0.93668857229824	Cyrtomium fortunei J.Sm.	Polypodiopsida	7228684	Plantae
2650829	3	3			3	3			1	3			1.01247973975132	Cyrtomium falcatum (L.fil.) C.Presl	Polypodiopsida	7228684	Plantae
2650903	1	0	0	1	1	0	0	1	1	0	1	1	0.9033533779116839	Onoclea sensibilis L.	Polypodiopsida	7228684	Plantae
2651122	3	3	3	3	1	1	1	1	1	1	3	3		Polystichum munitum (Kaulf.) C.Presl	Polypodiopsida	7228684	Plantae
2651816	1	1			1	1			1	1			1.0059238086471662	Adiantum capillus-veneris L.	Polypodiopsida	7228684	Plantae
2651826	3	1	1	1	3	1	1	1	3	1	3	3	1.1475901599147327	Adiantum raddianum C.Presl	Polypodiopsida	7228684	Plantae
2677047	3	3	3	3	3	1	3	3	3	1	3	3	1.0798345502204483	Orthodontium lineare Schwägr.	Bryopsida	327	Plantae
2683866	1	3	3	3	1	3	3	3	1	3	3	3	0.9808279883230149	Chamaecyparis lawsoniana (A.Murray bis) Parl.	Pinopsida	194	Plantae
2684171	1	1	3	3	1	1	3	3	1	1	3	3	0.8244326640962618	Thuja plicata Donn ex D.Don	Pinopsida	194	Plantae
2684178	0	1			0	1			0	1			0.4910480280470116	Thuja occidentalis L.	Pinopsida	194	Plantae
2684191	1	1			1	1			1	1			0.8876369802511914	Taxodium distichum (L.) Rich.	Pinopsida	194	Plantae
2684984	3	3			1	1			1	1				Araucaria araucana (Molina) K.Koch	Pinopsida	194	Plantae
2685361	1	1	3	1	1	1	3	1	1	1	3	1	0.9526338587716254	Abies grandis (Douglas ex D.Don) Lindl.	Pinopsida	194	Plantae
2685484	1	1	1	1	1	1	2	3	1	1	2	2	0.9528109087439562	Abies alba Mill.	Pinopsida	194	Plantae
2685552	2	1			2	1			2	1			0.8156050234551587	Abies nordmanniana (Steven) Spach	Pinopsida	194	Plantae
2685796	1	1	1	1	1	1	1	1	1	1	1	1	0.8205724719132715	Pseudotsuga menziesii (Mirb.) Franco	Pinopsida	194	Plantae
2686157	0	1	0	0	0	1	0	0	0	1	0	0	0.6529039184873356	Larix kaempferi (Lamb.) Carrière	Pinopsida	194	Plantae
2686212	0	1	0	1	0	1	0	1	0	1	0	1	0.6554799324938695	Larix decidua Mill.	Pinopsida	194	Plantae
2687182	1	2			1	1			1	2			0.7253152422179032	Tsuga canadensis (L.) Carrière	Pinopsida	194	Plantae
2687210	1	3	1	1	1	3	1	1	1	3	1	1	0.7899822195505211	Tsuga heterophylla (Raf.) Sarg.	Pinopsida	194	Plantae
2687885	3	3			3	3			2	2				Ginkgo biloba L.	Ginkgoopsida	244	Plantae
2688189	0	1			0	1			0	1			0.6361559742220843	Selaginella kraussiana (Kunze) A.Braun	Lycopodiopsida	245	Plantae
2700768	1	2			1	2			1	2			0.7557630935999666	Luzula nivea (Nathh.) DC.	Liliopsida	196	Plantae
2701578	1	1	1	1	1	1	1	1	1	1	1	1	0.8006487108438645	Juncus foliosus Desf.	Liliopsida	196	Plantae
2701612	2	2	1	1	1	1	1	1	1	1	2	3		Juncus ensifolius Wikstr.	Liliopsida	196	Plantae
2701879	3	3	3	3	1	1	1	1	1	1	1	1		Juncus striatus Schousb. ex E.Mey.	Liliopsida	196	Plantae
2701986	3	3	3	3	3	3	3	3	3	3	3	3	1.1229580065074745	Juncus canadensis J.Gay ex Laharpe	Liliopsida	196	Plantae
2702058	1	1	1	1	1	0	1	1	1	0	1	1	0.6930759865108895	Juncus anthelatus (Wiegand) R.E.Brooks	Liliopsida	196	Plantae
2702084	3	3	3	3	3	3	3	3	3	3	3	3	1.0999037059277834	Juncus tenuis Willd.	Liliopsida	196	Plantae
2702727	0	1	0	1	0	1	0	1	0	1	0	1	0.9225180974568851	Festuca myuros L.	Liliopsida	196	Plantae
2702792	1	2	2	2	1	2	2	2	1	2	1	1	0.9192663856552968	Briza maxima L.	Liliopsida	196	Plantae
2702808	3	3	3	3	3	3	3	3	3	3	3	3	1.1855201633028394	Echinochloa crus-galli (L.) P.Beauv.	Liliopsida	196	Plantae
2702816	1	1	1	1	1	1	1	1	1	1	1	1	0.90189248706766445	Echinochloa muricata (P.Beauv.) Fernald	Liliopsida	196	Plantae
2702822	1	1			1	1			1	1			1.0078376769534416	Echinochloa frumentacea Link	Liliopsida	196	Plantae
2703663	1	1			1	1			1	1			0.7803123731561123	Bromus rigidus Roth	Liliopsida	196	Plantae
2703670	1	1			1	1			1	1			0.9385279525487903	Bromus inermis Leyss.	Liliopsida	196	Plantae
2703698	1	1	0	0	1	1	0	0	1	1	0	0	0.7877828495380376	Bromus sitchensis Trin.	Liliopsida	196	Plantae
2703721	1	3	1	2	1	3	1	2	1	3	1	2	0.9750792660164075	Bromus madritensis L.	Liliopsida	196	Plantae
2703723	3	3	3	1	3	3	3	3	3	3	3	2	1.1255097316164093	Bromus catharticus Vahl	Liliopsida	196	Plantae
2703740	1	1			1	1			2	3				Bromus rubens L.	Liliopsida	196	Plantae
2703760	3	3	3	3	3	3	3	3	3	3	3	3	1.1008713334507172	Bromus diandrus Roth	Liliopsida	196	Plantae
2704038	3	3			3	3			3	3			1.059232781292115	Muhlenbergia mexicana (L.) Trin.	Liliopsida	196	Plantae
2704194	0	0	1	1	0	0	1	1	0	0	1	1	0.446909068008073	Poa infirma Kunth	Liliopsida	196	Plantae
2704394	1	1			1	1			1	1			0.8461952729581392	Cynosurus echinatus L.	Liliopsida	196	Plantae
2704523	1	3	3	3	1	3	3	3	1	3	1	3	0.9488715690633079	Cortaderia selloana (Schult. & Schult.f.) Asch. & Graebn.	Liliopsida	196	Plantae
2704757	3	3	3	3	3	3	3	3	3	3	2	2	1.2667857650612366	Sporobolus indicus (L.) R.Br.	Liliopsida	196	Plantae
2704949	1	3	1	3	1	3	1	3	1	3	1	3	0.9369306575432405	Festuca trachyphylla (Hack.) Hack.	Liliopsida	196	Plantae
2705031	3	1			3	3			1	1				Festuca glauca Vill.	Liliopsida	196	Plantae
2705081	1	3	1	1	1	3	3	3	1	3	3	2	1.0042312644937867	Panicum virgatum L.	Liliopsida	196	Plantae
2705090	3	3	3	3	3	3	3	3	3	3	3	3	1.1073846317368998	Panicum miliaceum L.	Liliopsida	196	Plantae
2705144	1	1	0	1	1	1	0	1	1	1	0	1	0.8493999786068963	Panicum dichotomiflorum Michx.	Liliopsida	196	Plantae
2705162	1	3	1	3	1	3	1	3	1	3	1	3	0.9889118565419707	Panicum capillare L.	Liliopsida	196	Plantae
2705181	3	3	3	3	3	3	3	3	3	3	3	3	1.255815102607159	Sorghum bicolor (L.) Moench	Liliopsida	196	Plantae
2705185	3	3	3	3	3	3	3	3	3	3	3	3	1.1937282052254405	Sorghum halepense (L.) Pers.	Liliopsida	196	Plantae
2705290	3	3	3	3	3	3	3	3	3	3	3	3	1.1274858392942793	Avena sativa L.	Liliopsida	196	Plantae
2705295	1	2			1	2			1	2			0.8114717437404981	Avena strigosa Schreb.	Liliopsida	196	Plantae
2705300	3	3			3	3			1	2				Avena barbata Pott ex Link	Liliopsida	196	Plantae
2705369	1	1			1	1			1	1			0.798682157789685	Eragrostis cilianensis (All.) Vignolo ex Janch.	Liliopsida	196	Plantae
2705378	1	1	1	1	1	1	1	1	1	1	1	1	0.8102715653279591	Eragrostis curvula (Schrad.) Nees	Liliopsida	196	Plantae
2705400	1	1	0	0	1	1	0	0	1	1	0	0	0.892998843291209	Eragrostis pilosa (L.) P.Beauv.	Liliopsida	196	Plantae
2705401	1	1	1	1	1	1	1	1	1	1	1	1	0.88226058149098	Eragrostis multicaulis Steud.	Liliopsida	196	Plantae
2705449	1	3	3	3	1	3	3	3	1	3	3	3	0.9710297103334367	Eragrostis minor Host	Liliopsida	196	Plantae
2705953	3	1	1	1	3	1	1	1	3	1	1	1	1.0487379952752705	Eleusine indica (L.) Gaertn.	Liliopsida	196	Plantae
2705966	3	1	1	1	3	1	1	1	3	1	1	1	1.0784760874149064	Secale cereale L.	Liliopsida	196	Plantae
2705972	1	3	1	3	1	3	1	3	1	3	1	3	0.9223466075096736	Anthoxanthum aristatum Boiss.	Liliopsida	196	Plantae
2706002	0	1			0	1			0	1			0.693249377206708	Phleum paniculatum Huds.	Liliopsida	196	Plantae
2706026	0	0	2	2	0	0	2	2	0	0	2	2	0.6553522069416952	Miscanthus sinensis Andersson	Liliopsida	196	Plantae
2706052	0	0			0	0			0	0			0.6329580988465114	Hordeum jubatum L.	Liliopsida	196	Plantae
2706056	3	0	1	1	3	0	1	1	3	0	1	1	1.202877959895289	Hordeum vulgare L.	Liliopsida	196	Plantae
2715482	3	3	3	3	3	3	3	3	3	3	3	3	1.2188859915482422	Cyperus eragrostis Lam.	Liliopsida	196	Plantae
2716226	3	3	3	3	3	3	3	3	3	3	3	3	1.2265174441454294	Cyperus esculentus L.	Liliopsida	196	Plantae
2716838	3	3			3	3			3	3			1.3977099961265465	Eleocharis engelmannii Steud.	Liliopsida	196	Plantae
2717467	2	2	1	1	1	1	1	1	2	2	1	1		Eleocharis obtusa (Willd.) Schult.	Liliopsida	196	Plantae
2718377	1	1	1	1	1	1	1	1	1	1	1	1		Bolboschoenus planiculmis (F.Schmidt) T.V.Egorova	Liliopsida	196	Plantae
2722515	0	0	1	1	0	0	1	1	0	0	1	1	0.4494537912899669	Carex morrowii Boott	Liliopsida	196	Plantae
2726360	3	1			3	3			3	2			1.4352696821405713	Carex grayi J.Carey	Liliopsida	196	Plantae
2726538	2	2	1	1	1	1	1	1	2	2	2	2		Carex muskingumensis Schwein.	Liliopsida	196	Plantae
2726539	2	2			1	1			2	2				Carex scoparia Schkuhr ex Willd.	Liliopsida	196	Plantae
2739071	3	1	0	3	1	1	0	2	1	1	0	1	0.9718532722210707	Trachycarpus fortunei (Hook.) H.Wendl.	Liliopsida	196	Plantae
2747489	1	1			1	1			3	3				Crocus chrysanthus (Herb.) Herb.	Liliopsida	196	Plantae
2747564	3	3	3	3	3	3	3	3	3	3	3	3	1.3386595312177574	Crocus tommasinianus Herb.	Liliopsida	196	Plantae
2747567	3	3	3	3	3	3	3	3	3	3	3	3	1.2649318949061903	Crocus vernus (L.) Hill	Liliopsida	196	Plantae
2747718	2	3			2	2			2	2				Crocus speciosus M.Bieb.	Liliopsida	196	Plantae
2747750	1	1	2	2	1	1	1	1	1	1	2	2	0.6792728546393314	Crocus ×luteus Lam.	Liliopsida	196	Plantae
2747939	3	3	3	3	3	3	3	3	3	3	3	3	1.792973279687526	Crocosmia ×crocosmiiflora (Lemoine) N.E.Br.	Liliopsida	196	Plantae
2762737	1	1			1	1			2	3				Musa basjoo Siebold & Zucc. ex Iinuma	Liliopsida	196	Plantae
2765156	3	3			3	3			3	3			1.1160032059119105	Tradescantia fluminensis Vell.	Liliopsida	196	Plantae
2765272	3	3	3	3	3	3	3	3	3	3	3	3	1.243463536221836	Tradescantia virginiana L.	Liliopsida	196	Plantae
2766030	3	3	3	3	3	3	3	3	3	3	3	3	1.0399631870165746	Pontederia cordata L.	Liliopsida	196	Plantae
2767271	0	0	3	3	0	0	2	1	0	0	1	1	0.31762526033734645	Scilla luciliae (Boiss.) Speta	Liliopsida	196	Plantae
2767275	0	0	0	2	0	0	0	2	0	0	0	1	0.5271620601796528	Scilla forbesii (Baker) Speta	Liliopsida	196	Plantae
2767428	3	3	3	3	3	3	1	1	2	2	1	1		Puschkinia scilloides Adams	Liliopsida	196	Plantae
2772082	3	3	2	2	3	3	2	2	2	2	1	1		Muscari latifolium J.Kirk	Liliopsida	196	Plantae
2772094	1	0			1	0			1	0			0.8942435205193359	Muscari botryoides (L.) Mill.	Liliopsida	196	Plantae
2772174	3	3	3	1	3	3	3	1	3	3	3	1	1.0719202025340402	Muscari armeniacum Leichtlin ex Baker	Liliopsida	196	Plantae
2772666	3	3	3	3	3	3	3	3	3	3	3	3	1.266201527559753	Hyacinthus orientalis L.	Liliopsida	196	Plantae
2773281	1	1	1	1	1	2	1	1	1	2	2	2	0.9823681926559694	Ornithogalum nutans L.	Liliopsida	196	Plantae
2773453	3	3	3	3	3	3	3	3	3	3	2	2	1.0658163125716034	Ornithogalum divergens Boreau	Liliopsida	196	Plantae
2775530	0	2	0	0	0	2	0	0	0	2	0	0	0.7723449508714849	Yucca flaccida Haw.	Liliopsida	196	Plantae
2775619	1	1	3	1	1	1	3	1	1	1	3	1	0.9648128534317	Yucca gloriosa L.	Liliopsida	196	Plantae
2781074	3	3	3	3	3	3	3	3	3	3	3	3	1.1455515988504676	Hemerocallis fulva (L.) L.	Liliopsida	196	Plantae
2781103	1	1	2	2	1	1	3	3	1	1	2	3	0.9657602001020053	Hemerocallis lilioasphodelus L.	Liliopsida	196	Plantae
2840931	3	3	3	3	3	3	3	3	3	3	3	3	1.3935901571271367	Goodyera repens (L.) R.Br.	Liliopsida	196	Plantae
2855338	3	3			1	1			1	1				Galanthus plicatus M.Bieb.	Liliopsida	196	Plantae
2855356	3	3	3	3	3	3	3	3	3	3	3	3	1.1685139565605793	Galanthus nivalis L.	Liliopsida	196	Plantae
2855398	3	1	2	3	3	1	2	2	3	1	2	2	1.0600801707896785	Galanthus elwesii Hook.f.	Liliopsida	196	Plantae
2855439	1	1	3	3	1	1	2	3	1	1	2	2	0.848991729818004	Galanthus woronowii Losinsk.	Liliopsida	196	Plantae
2855705	1	1	1	1	1	1	1	1	1	1	1	1		Allium lusitanicum Lam.	Liliopsida	196	Plantae
2855823	2	2			2	3			2	2				Allium nigrum L.	Liliopsida	196	Plantae
2855825	1	1			1	1			1	1				Allium moly L.	Liliopsida	196	Plantae
2855860	3	3	3	3	3	3	3	3	3	3	3	3	1.1178832293285423	Allium schoenoprasum L.	Liliopsida	196	Plantae
2855893	2	3	1	1	2	3	1	3	1	1	1	1		Allium roseum L.	Liliopsida	196	Plantae
2856457	1	1			1	1			1	1			0.594665851185583	Allium triquetrum L.	Liliopsida	196	Plantae
2856780	2	2	2	2	2	3	2	2	3	3	3	3		Allium cristophii Trautv.	Liliopsida	196	Plantae
2856920	1	2	1	1	1	2	3	3	1	3	3	3	0.8784546466126487	Allium hollandicum R.M.Fritsch	Liliopsida	196	Plantae
2857017	2	3	3	3	0	2	2	3	0	2	2	1	0.6919479051189132	Allium paradoxum (M.Bieb.) G.Don	Liliopsida	196	Plantae
2857697	2	1			2	1			2	1				Allium cepa L.	Liliopsida	196	Plantae
2858581	1	1	0	1	1	1	0	1	1	1	0	1	0.8102917098515886	Narcissus poeticus L.	Liliopsida	196	Plantae
2858963	2	2			1	1			3	3				Narcissus tazetta L.	Liliopsida	196	Plantae
2859597	0	0	2	2	0	0	3	2	0	0	1	2	0.6724358165312843	Ipheion uniflorum (Graham) Raf.	Liliopsida	196	Plantae
2865448	0	1	0	1	0	1	0	1	0	1	0	1	0.7999401650801092	Elodea canadensis Michx.	Liliopsida	196	Plantae
2865524	1	1			3	3			3	3				Vallisneria australis S.W.L.Jacobs & Les	Liliopsida	196	Plantae
2865565	0	1	1	2	0	1	1	2	1	1	1	3	0.6667136521068048	Lagarosiphon major (Ridl.) Moss	Liliopsida	196	Plantae
2866850	1	1			1	1			3	3				Arisaema dracontium (L.) Schott	Liliopsida	196	Plantae
2867614	1	1	1	1	1	1	1	1	1	1	1	1	0.9460431623580517	Lemna minuta Kunth	Liliopsida	196	Plantae
2867631	0	0	0	0	0	0	0	0	0	0	0	0	0.409060968407795	Lemna turionifera Landolt	Liliopsida	196	Plantae
2868827	2	2			2	2			2	2				Zantedeschia aethiopica (L.) Spreng.	Liliopsida	196	Plantae
2869311	1	0	2	1	1	0	2	1	1	0	2	1	0.8510667743034397	Lysichiton americanus Hultén & H.St.John	Liliopsida	196	Plantae
2869597	1	1	1	1	1	1	3	3	2	2	3	3		Sauromatum venosum (Dryand. ex Aiton) Kunth	Liliopsida	196	Plantae
2870583	2	0			2	0			2	0				Pistia stratiotes L.	Liliopsida	196	Plantae
2873769	3	3	3	3	3	3	3	3	3	3	3	3	1.081532841648395	Acorus calamus L.	Liliopsida	196	Plantae
2873861	3	3	3	3	3	3	3	3	3	3	3	3	1.1581636400730566	Linum usitatissimum L.	Magnoliopsida	220	Plantae
2873877	0	0	2	1	0	0	2	1	0	0	2	1	0.6538198644852768	Linum austriacum L.	Magnoliopsida	220	Plantae
2873926	3	2	3	3	2	2	2	1	1	1	1	1		Linum grandiflorum Desf.	Magnoliopsida	220	Plantae
2873991	3	1	1	1	3	1	1	1	3	1	1	1	1.1282594485974953	Aristolochia clematitis L.	Magnoliopsida	220	Plantae
2874199	1	1			1	1			1	1			0.9754426728589839	Passiflora caerulea L.	Magnoliopsida	220	Plantae
2874508	1	0	2	2	1	0	2	2	1	0	2	2	0.8416909987165614	Cucurbita pepo L.	Magnoliopsida	220	Plantae
2874570	1	1	3	3	1	1	1	1	1	1	2	2	0.9173378117033756	Cucumis melo L.	Magnoliopsida	220	Plantae
2874621	1	1			1	1			1	1			0.899237336559562	Citrullus lanatus (Thunb.) Matsum. & Nakai	Magnoliopsida	220	Plantae
2874706	1	1			1	1			1	1			0.8129409838423836	Tamarix parviflora DC.	Magnoliopsida	220	Plantae
2875968	3	1	3	2	3	1	1	1	2	1	1	1		Corylus colurna L.	Magnoliopsida	220	Plantae
2876049	3	3	3	3	3	3	3	3	3	3	3	3	1.188626547932482	Corylus maxima Mill.	Magnoliopsida	220	Plantae
2876571	1	1			1	1			1	1			0.6531630563748192	Alnus ×pubescens Tausch	Magnoliopsida	220	Plantae
2876607	3	3	3	3	3	3	3	3	3	3	3	3	1.0756866828800018	Alnus cordata (Loisel.) Duby	Magnoliopsida	220	Plantae
2879098	2	2	2	0	0	0	0	0	0	0	0	0	0.7717515326055991	Quercus ilex L.	Magnoliopsida	220	Plantae
2879520	3	3	1	1	3	3	1	1	3	3	2	2	1.43019719199203	Quercus conferta Kit.	Magnoliopsida	220	Plantae
2880539	3	3	1	3	3	3	1	3	3	3	1	3	1.0463752654417928	Quercus rubra L.	Magnoliopsida	220	Plantae
2880580	3	3	2	2	1	3	2	2	1	1	2	2	1.001426381816562	Quercus cerris L.	Magnoliopsida	220	Plantae
2882841	3	3			2	2			2	2				Vaccinium macrocarpon Aiton	Magnoliopsida	220	Plantae
2882849	3	3	1	3	3	3	1	3	3	3	1	1	1.010636700142643	Vaccinium corymbosum L.	Magnoliopsida	220	Plantae
2888323	2	3	1	1	0	3	3	2	0	1	2	2	0.9656827646117627	Clethra alnifolia L.	Magnoliopsida	220	Plantae
2888380	3	3	0	0	3	3	0	0	3	3	0	0	1.3599978765388032	Eschscholzia californica Cham.	Magnoliopsida	220	Plantae
2888435	3	3	3	3	1	1	1	1	2	2	1	1		Papaver bracteatum Lindl.	Magnoliopsida	220	Plantae
2888437	3	3	2	2	2	2	1	1	2	2	1	1		Papaver orientale L.	Magnoliopsida	220	Plantae
2888439	3	3	3	3	3	3	3	3	3	3	3	3	1.1604465144410514	Papaver somniferum L.	Magnoliopsida	220	Plantae
2888513	3	3	3	3	3	3	3	3	3	3	3	3	1.2041694030560364	Pseudofumaria lutea (L.) Borkh.	Magnoliopsida	220	Plantae
2888553	1	1	1	1	1	1	1	1	1	1	1	1	0.9323650290363585	Dicentra formosa (Andrews) Walp.	Magnoliopsida	220	Plantae
2888564	2	2			1	1			2	2				Lamprocapnos spectabilis (L.) Fukuhara	Magnoliopsida	220	Plantae
2888579	0	1	1	1	0	1	1	1	0	1	3	3	0.7867495575491965	Leycesteria formosa Wall.	Magnoliopsida	220	Plantae
2888585	0	0	1	2	0	0	1	2	0	0	1	1	0.6053897187459174	Viburnum tinus L.	Magnoliopsida	220	Plantae
2888622	3	1			3	1			3	1			1.2161686047367708	Viburnum plicatum Thunb.	Magnoliopsida	220	Plantae
2888625	3	3	3	3	3	3	3	3	3	3	3	3	1.1193706500221579	Viburnum rhytidophyllum Hemsl. ex Forbes & Hemsl.	Magnoliopsida	220	Plantae
2888636	1	1			1	1			1	1			0.7775090392800736	Symphoricarpos orbiculatus Moench	Magnoliopsida	220	Plantae
2888740	3	3	3	3	3	3	3	3	3	3	3	3	1.4167613250381677	Centranthus ruber (L.) DC.	Magnoliopsida	220	Plantae
2888797	3	1	1	1	3	1	3	3	3	1	3	3	1.3365555649809655	Cephalaria gigantea (Ledeb.) Bobrov	Magnoliopsida	220	Plantae
2888806	3	3			3	3			3	3			1.7444427332288535	Scabiosa ochroleuca L.	Magnoliopsida	220	Plantae
2888814	3	3	1	3	3	3	1	1	3	3	1	3	1.1733897330345997	Dipsacus laciniatus L.	Magnoliopsida	220	Plantae
2888859	3	3			1	1			1	1			0.9656064104884284	Muehlenbeckia complexa (A.Cunn.) Meisn.	Magnoliopsida	220	Plantae
2888867	1	1	1	1	1	1	1	1	1	1	3	2	0.868263767631959	Rheum rhabarbarum L.	Magnoliopsida	220	Plantae
2889019	0	1	0	1	0	1	0	1	0	1	0	1	0.8162741694409611	Rumex patientia L.	Magnoliopsida	220	Plantae
2889023	0	0			0	0			0	0			0.6350731437248562	Rumex stenophyllus Ledeb.	Magnoliopsida	220	Plantae
2889037	1	1			2	2			2	2				Rumex rugosus Campd.	Magnoliopsida	220	Plantae
2889088	3	3	1	3	3	3	1	3	3	3	1	3	1.0816016280335126	Reynoutria sachalinensis (F.Schmidt) Nakai	Magnoliopsida	220	Plantae
2889173	3	3	3	3	3	3	3	3	3	3	1	3	1.064495516001854	Reynoutria japonica Houtt.	Magnoliopsida	220	Plantae
2889229	1	3	2	2	1	3	1	1	1	3	2	2	0.8675053780215997	Persicaria orientalis (L.) Spach	Magnoliopsida	220	Plantae
2889304	3	3			3	3			3	3			1.0487195725645344	Persicaria capitata (Buch.-Ham. ex D.Don) H.Gross	Magnoliopsida	220	Plantae
2889358	1	1			1	1			2	3				Oxyria digyna (L.) Hill	Magnoliopsida	220	Plantae
2889373	3	3	3	3	3	3	3	3	3	3	3	3	1.2841386291614663	Fagopyrum esculentum Moench	Magnoliopsida	220	Plantae
2889378	3	3			3	3			3	3			1.0605648213559247	Fagopyrum tataricum (L.) Gaertn.	Magnoliopsida	220	Plantae
2889934	1	1	3	3	1	1	3	3	1	1	2	3	0.9749294917819609	Tropaeolum majus L.	Magnoliopsida	220	Plantae
2890013	1	1			1	1			1	1			0.5588820043415474	Geranium divaricatum Ehrh.	Magnoliopsida	220	Plantae
2890035	3	3	0	0	3	1	0	0	1	1	0	0	1.0199552962973475	Geranium ×oxonianum P.F.Yeo	Magnoliopsida	220	Plantae
2890122	3	3	3	3	3	3	3	3	3	3	3	3	1.388002720815632	Geranium pyrenaicum Burm.f.	Magnoliopsida	220	Plantae
2890287	3	3	3	3	3	3	3	3	3	3	3	3	1.3146951420382003	Geranium nodosum L.	Magnoliopsida	220	Plantae
2890502	3	3	2	3	3	3	0	3	3	3	0	3	1.1896825960952486	Geranium endressii J.Gay	Magnoliopsida	220	Plantae
2890541	3	3	3	3	3	3	3	3	3	3	3	3	1.0763511796187182	Geranium purpureum Vill.	Magnoliopsida	220	Plantae
2890739	1	1	1	1	2	2	3	3	2	3	1	1		Geranium versicolor L.	Magnoliopsida	220	Plantae
2890995	1	1	1	1	1	1	1	1	1	1	2	2		Geranium ×cantabrigiense P.F.Yeo	Magnoliopsida	220	Plantae
2891079	0	0	0	0	0	0	0	0	0	0	0	0	0.49319232108499145	Geranium macrorrhizum L.	Magnoliopsida	220	Plantae
2891390	3	3	3	3	3	3	3	3	3	3	3	3	1.080637839395808	Geranium phaeum L.	Magnoliopsida	220	Plantae
2891664	2	1	2	2	3	1	3	3	2	1	2	2		Oxalis articulata Savigny	Magnoliopsida	220	Plantae
2891677	0	0			0	0			0	0			0.27261991106334826	Oxalis dillenii Jacq.	Magnoliopsida	220	Plantae
2891707	3	3	3	3	3	3	3	3	3	3	3	3	1.2164392918212763	Oxalis debilis Kunth	Magnoliopsida	220	Plantae
2891755	3	3	1	2	3	3	1	1	3	3	1	3	1.1034492639916385	Oxalis latifolia Kunth	Magnoliopsida	220	Plantae
2891770	3	3	3	3	3	3	3	3	3	3	3	3	1.3367896853788959	Impatiens glandulifera Royle	Magnoliopsida	220	Plantae
2891774	3	3	3	1	3	3	3	1	3	3	3	1	2.1490065709205552	Impatiens capensis Meerb.	Magnoliopsida	220	Plantae
2891782	3	3	3	3	3	3	3	3	3	3	3	3	1.1848288514153065	Impatiens parviflora DC.	Magnoliopsida	220	Plantae
2891783	3	3	3	3	3	3	3	3	3	3	3	3	1.052396544214657	Impatiens balfourii Hook.fil.	Magnoliopsida	220	Plantae
2913169	3	3	3	1	3	3	3	1	3	3	3	2	1.1673457298054453	Galium parisiense L.	Magnoliopsida	220	Plantae
2913219	1	1			1	2			1	2			0.7585817693943	Galium anglicum Huds.	Magnoliopsida	220	Plantae
2914404	1	1	1	1	1	1	2	2	1	1	2	2		Galium verum subsp. wirtgenii (F.W.Schultz) Oborny	Magnoliopsida	220	Plantae
2914590	3	3	2	2	3	3	2	2	3	3	2	2	1.212893690416169	Galium murale (L.) All.	Magnoliopsida	220	Plantae
2925366	3	3			3	3			3	3			1.0293151154260207	Clerodendrum trichotomum Thunb.	Magnoliopsida	220	Plantae
2925496	2	2	1	1	1	1	1	1	2	2	1	1		Verbena rigida Spreng.	Magnoliopsida	220	Plantae
2925514	3	3	3	3	3	3	3	3	3	3	3	3	1.178262772169391	Verbena bonariensis L.	Magnoliopsida	220	Plantae
2925527	3	3	1	1	3	3	1	1	3	3	1	1	1.2652330828595137	Verbena hastata L.	Magnoliopsida	220	Plantae
2925756	3	1			3	1			3	1			1.0294285120620466	Lappula squarrosa (Retz.) Dumort.	Magnoliopsida	220	Plantae
2925816	0	0			0	0			0	0			0.49353541412357893	Cynoglossum amabile Stapf & J.R.Drumm.	Magnoliopsida	220	Plantae
2925870	3	3	3	3	3	3	3	3	3	3	3	3	1.2848584487340862	Amsinckia menziesii (Lehm.) A.Nelson & J.F.Macbr.	Magnoliopsida	220	Plantae
2925895	0	3	2	2	0	1	0	0	0	1	0	0	0.746566346085754	Echium plantagineum L.	Magnoliopsida	220	Plantae
2926042	3	3			3	3			3	3			1.0914994086692327	Nonea lutea (Desr.) DC.	Magnoliopsida	220	Plantae
2926045	3	0	3	1	3	0	3	1	3	0	3	1	1.2819901463051755	Brunnera macrophylla (Adams) I.M.Johnst.	Magnoliopsida	220	Plantae
2926048	0	0			0	0			0	0			0.2523232690694796	Omphalodes verna Moench	Magnoliopsida	220	Plantae
2926066	1	3	1	3	1	3	1	3	1	3	1	3	0.9908386193465941	Symphytum asperum Lepech.	Magnoliopsida	220	Plantae
2926110	3	3	3	3	3	3	3	3	3	3	3	3	1.4141726910317514	Borago officinalis L.	Magnoliopsida	220	Plantae
2926130	3	3	3	3	3	3	3	3	3	3	3	3	1.2720465630227402	Pentaglottis sempervirens (L.) Tausch ex L.H.Bailey	Magnoliopsida	220	Plantae
2926572	1	3	1	1	1	3	1	1	1	3	3	3	0.8899125894180668	Physostegia virginiana (L.) Benth.	Magnoliopsida	220	Plantae
2926681	1	3			1	3			1	1				Lamium confertum Fr.	Magnoliopsida	220	Plantae
2926885	1	1			1	3			1	2			0.8197564278713658	Satureja hortensis L.	Magnoliopsida	220	Plantae
2926992	3	3	0	0	3	3	0	0	3	3	0	0	1.1221473936998954	Salvia hispanica L.	Magnoliopsida	220	Plantae
2926995	1	3			1	3			1	3			1.0059399680699783	Salvia verticillata L.	Magnoliopsida	220	Plantae
2927000	2	2	1	1	1	1	1	1	2	2	3	3		Salvia sclarea L.	Magnoliopsida	220	Plantae
2927004	1	1	1	3	1	1	1	3	1	1	1	3	0.9526335882530053	Salvia officinalis L.	Magnoliopsida	220	Plantae
2927028	3	3	0	0	3	3	0	0	3	3	0	0	1.1961127814557246	Salvia nemorosa L.	Magnoliopsida	220	Plantae
2927174	2	1	1	1	2	1	1	1	2	1	3	3		Mentha requienii Benth.	Magnoliopsida	220	Plantae
2927220	3	1			3	1			3	1			1.039487949703241	Dracocephalum parviflorum Nutt.	Magnoliopsida	220	Plantae
2927230	3	0	3	0	3	0	2	0	3	0	2	0	1.076243741858267	Stachys byzantina K.Koch	Magnoliopsida	220	Plantae
2927305	0	0	1	0	0	0	1	0	0	0	1	0	0.9002333509663083	Lavandula angustifolia Mill.	Magnoliopsida	220	Plantae
2927727	2	2			2	2			2	2				Phlox subulata L.	Magnoliopsida	220	Plantae
2927744	2	3			3	3			2	2				Phlox paniculata L.	Magnoliopsida	220	Plantae
2927850	1	3			1	3			1	3			0.8606409718849338	Polemonium caeruleum L.	Magnoliopsida	220	Plantae
2928026	3	3	3	2	3	3	2	3	3	1	3	3	1.2761654506836684	Nemophila menziesii Hook. & Arn.	Magnoliopsida	220	Plantae
2928034	1	1			2	2			1	1				Nemophila maculata Benth. ex Lindl.	Magnoliopsida	220	Plantae
2928226	3	2	3	0	3	2	3	0	3	0	3	0	1.4206703807437338	Phacelia tanacetifolia Benth.	Magnoliopsida	220	Plantae
2928238	3	3			2	2			2	1				Phacelia campanularia A.Gray	Magnoliopsida	220	Plantae
2928538	1	1			1	1			1	1			0.8385916331367286	Ipomoea hederacea Jacq.	Magnoliopsida	220	Plantae
2928576	3	3	3	2	3	3	3	2	3	3	2	2	1.2106326829355627	Ipomoea purpurea (L.) Roth	Magnoliopsida	220	Plantae
2928668	3	3			1	1			1	1				Dichondra argentea Humb. & Bonpl. ex Willd.	Magnoliopsida	220	Plantae
2928751	3	3	3	3	3	3	3	3	3	3	3	3	1.233623378167214	Datura stramonium L.	Magnoliopsida	220	Plantae
2928755	1	1			1	1			1	1			0.7856591189955944	Datura innoxia Mill.	Magnoliopsida	220	Plantae
2928759	3	3			1	1			1	1				Nicotiana langsdorffii Weinm.	Magnoliopsida	220	Plantae
2928761	1	1	3	2	1	1	3	3	1	1	2	2	0.7892395955742453	Nicotiana alata Link & Otto	Magnoliopsida	220	Plantae
2928767	0	2			0	2			0	2			0.7654595787313151	Nicotiana sylvestris Speg.	Magnoliopsida	220	Plantae
2928774	1	1			1	1			1	1			0.888158450597792	Nicotiana tabacum L.	Magnoliopsida	220	Plantae
2928775	1	2			1	2			1	2			0.7340153142187154	Nicotiana rustica L.	Magnoliopsida	220	Plantae
2928835	3	3	3	3	3	3	3	3	3	3	3	3	1.1507474133159932	Lycium barbarum L.	Magnoliopsida	220	Plantae
2928859	3	3	3	3	3	3	3	3	3	3	3	3	1.1988812014389154	Petunia ×atkinsiana D.Don ex Loudon	Magnoliopsida	220	Plantae
2929505	1	1			1	1			1	1			0.9717129397206478	Solanum villosum Mill.	Magnoliopsida	220	Plantae
2929800	1	3	1	1	1	3	1	1	1	3	3	3	0.940957941018329	Solanum angustifolium Houst. ex Mill.	Magnoliopsida	220	Plantae
2930137	3	3	3	3	3	3	3	3	3	3	3	3	1.1172774807006416	Solanum lycopersicum L.	Magnoliopsida	220	Plantae
2930222	1	1			1	1			1	1			0.7905779536983568	Solanum americanum Mill.	Magnoliopsida	220	Plantae
2930262	3	3	1	1	3	3	1	1	3	1	1	1	1.0210884006047622	Solanum tuberosum L.	Magnoliopsida	220	Plantae
2930805	1	3	1	1	1	3	1	1	1	3	1	1	0.9456617237501769	Solanum sarrachoides Sendtn.	Magnoliopsida	220	Plantae
2931104	3	3			2	1			3	3				Solanum pseudocapsicum L.	Magnoliopsida	220	Plantae
2931237	3	3	3	3	3	3	3	3	3	3	3	3	1.077577136380709	Solanum triflorum Nutt.	Magnoliopsida	220	Plantae
2932147	1	3	1	1	1	3	1	1	1	3	1	1	0.9846399869627708	Solanum nitidibaccatum Bitter	Magnoliopsida	220	Plantae
2932184	0	1			0	1			0	1			0.6998720160923644	Solanum sisymbriifolium Lam.	Magnoliopsida	220	Plantae
2932872	3	3	1	3	3	3	1	1	3	3	1	1	1.019514989046131	Solanum decipiens Opiz	Magnoliopsida	220	Plantae
2932944	1	2			1	2			1	2			0.7658805786070332	Capsicum annuum L.	Magnoliopsida	220	Plantae
2943190	3	1			1	1			2	1				Caragana arborescens Lam.	Magnoliopsida	220	Plantae
2947311	2	2			2	2			2	2				Cicer arietinum L.	Magnoliopsida	220	Plantae
2956441	3	3	2	3	3	3	3	3	3	3	1	3	1.0143312222193375	Colutea ×media Willd.	Magnoliopsida	220	Plantae
2959443	3	0	3	2	3	0	2	2	3	0	2	2	1.020204039892697	Gleditsia triacanthos L.	Magnoliopsida	220	Plantae
2963569	1	3			1	1			1	2			0.7827497331448452	Styphnolobium japonicum (L.) Schott	Magnoliopsida	220	Plantae
2963817	1	3	0	1	1	3	0	1	1	3	0	1	0.8453310815997482	Lupinus luteus L.	Magnoliopsida	220	Plantae
2964025	3	3	3	3	3	3	3	2	3	3	3	3	1.0741893635065651	Lupinus angustifolius L.	Magnoliopsida	220	Plantae
2964355	3	3	3	3	3	3	3	3	3	3	3	3	1.2700310164756778	Lupinus polyphyllus Lindl.	Magnoliopsida	220	Plantae
2965331	3	3	3	3	3	3	3	3	3	3	3	3	1.286538477048067	Medicago ×varia Martyn	Magnoliopsida	220	Plantae
2965354	1	0	1	1	1	0	1	1	1	0	1	0	0.8885487241899571	Medicago falcata L.	Magnoliopsida	220	Plantae
2965531	1	0	0	0	1	0	0	0	1	0	0	0	0.802356294817376	Medicago polymorpha L.	Magnoliopsida	220	Plantae
2971016	3	1			3	1			3	1			1.0194087988794904	Melilotus indicus (L.) All.	Magnoliopsida	220	Plantae
2971024	1	1			1	1			3	3				Melilotus officinalis (L.) Pallas	Magnoliopsida	220	Plantae
2971095	3	3	3	3	3	3	3	3	3	3	3	3	1.186454743399894	Melilotus albus Medik.	Magnoliopsida	220	Plantae
2972595	3	3	0	3	3	3	0	3	3	3	0	3	1.273021965451505	Onobrychis viciifolia Scop.	Magnoliopsida	220	Plantae
2974753	0	1	0	1	0	1	0	1	0	1	0	1	0.7695310524334904	Vicia lutea L.	Magnoliopsida	220	Plantae
2974811	3	1			3	2			3	3			1.064506710284376	Vicia pannonica Crantz	Magnoliopsida	220	Plantae
2974832	3	3	3	3	3	3	3	3	3	3	3	3	1.1840524596222644	Vicia faba L.	Magnoliopsida	220	Plantae
2974921	1	1	1	0	1	1	1	0	1	1	1	0	0.8848149984933926	Vicia villosa subsp. varia (Host) Corb.	Magnoliopsida	220	Plantae
2975132	1	1			1	1			2	3				Vicia narbonensis L.	Magnoliopsida	220	Plantae
2975309	1	1			1	1			1	1			0.8684530145844018	Vicia bithynica (L.) L.	Magnoliopsida	220	Plantae
2975667	3	3	3	3	3	3	3	3	3	3	3	3	1.2991340320650338	Galega officinalis L.	Magnoliopsida	220	Plantae
2984366	2	3	3	3	2	3	3	3	0	3	3	3	1.0758932149325577	Soleirolia soleirolii (Req.) Dandy	Magnoliopsida	220	Plantae
2984492	1	1			1	1			2	2				Celtis australis L.	Magnoliopsida	220	Plantae
2984532	0	3	3	3	0	2	1	1	0	2	1	1	0.4413968549579731	Zelkova serrata (Thunb.) Makino	Magnoliopsida	220	Plantae
2984676	1	0	1	1	1	0	1	1	1	0	1	1	0.9706362993502348	Pachysandra terminalis Siebold & Zucc.	Magnoliopsida	220	Plantae
2985863	1	1			1	1			1	1			0.7323670309540292	Hylotelephium spectabile (Boreau) H.Ohba	Magnoliopsida	220	Plantae
2985949	1	1	1	3	1	1	1	3	1	1	1	3	0.8397616430947664	Sempervivum tectorum L.	Magnoliopsida	220	Plantae
2985964	2	2	3	3	2	2	2	2	2	2	3	3		Deutzia gracilis Siebold & Zucc.	Magnoliopsida	220	Plantae
2985965	3	3	1	3	3	3	1	3	3	3	1	3	1.0579630012569183	Deutzia scabra Thunb.	Magnoliopsida	220	Plantae
2985994	3	3			3	3			2	2				Hydrangea macrophylla (Thunb.) Ser.	Magnoliopsida	220	Plantae
2985995	1	1			1	1			3	3				Hydrangea paniculata Siebold	Magnoliopsida	220	Plantae
2986045	1	3	1	3	1	3	1	3	1	3	1	3	0.9963734458254784	Philadelphus coronarius L.	Magnoliopsida	220	Plantae
2986111	1	3	1	3	1	3	1	3	1	3	1	3	0.9819886631069428	Ribes aureum Pursh	Magnoliopsida	220	Plantae
2986130	3	3	3	3	3	3	3	3	3	3	3	3	1.1281506095550438	Ribes sanguineum Pursh	Magnoliopsida	220	Plantae
2986184	3	3	1	1	3	3	1	1	3	3	1	1	1.0232403768255418	Ribes alpinum L.	Magnoliopsida	220	Plantae
2988188	3	3	3	3	3	3	3	3	3	3	3	3	1.0616529278507891	Pyracantha coccinea M.Roem.	Magnoliopsida	220	Plantae
2988354	3	3	0	3	3	3	0	1	3	3	0	1	1.10480182144906	Physocarpus opulifolius (L.) Maxim.	Magnoliopsida	220	Plantae
2992543	1	1	1	3	1	1	3	3	1	1	3	3	0.9551457207956907	Rubus laciniatus Willd.	Magnoliopsida	220	Plantae
2993761	1	1			1	1			1	1			0.9583422836636915	Rubus spectabilis Pursh	Magnoliopsida	220	Plantae
2994229	1	1	1	1	1	1	1	1	3	3	3	3		Rubus nutkanus Moc. ex Ser.	Magnoliopsida	220	Plantae
2994912	1	0			1	0			1	0			0.951782865639257	Rubus odoratus L.	Magnoliopsida	220	Plantae
2995149	3	3	1	3	3	3	1	3	3	3	1	3	1.1609301098137406	Rubus phoenicolasius Maxim.	Magnoliopsida	220	Plantae
2996525	3	3	3	3	3	3	3	3	3	3	3	3	1.045910658940852	Rubus armeniacus Focke	Magnoliopsida	220	Plantae
3000406	2	1			1	1			1	1				Stranvaesia davidiana Decne.	Magnoliopsida	220	Plantae
3000610	1	0	1	3	1	0	1	3	1	0	1	3	0.9855596071252924	Chaenomeles japonica (Thunb.) Lindl. ex Spach	Magnoliopsida	220	Plantae
3000679	2	3			3	3			2	3				Chaenomeles speciosa (Sweet) Nakai	Magnoliopsida	220	Plantae
3001244	3	3	1	3	3	3	1	3	3	3	1	3	1.02610384309622	Malus domestica (Suckow) Borkh.	Magnoliopsida	220	Plantae
3003244	3	3	1	0	3	3	1	0	3	3	1	0	1.0862062745138406	Rosa multiflora Thunb.	Magnoliopsida	220	Plantae
3003709	1	3			1	3			1	3			0.891161896637847	Rosa glauca Pourr.	Magnoliopsida	220	Plantae
3003979	3	3	3	3	3	3	3	3	3	3	3	3	1.2835388567414605	Rosa rugosa Thunb.	Magnoliopsida	220	Plantae
3012089	3	3	3	3	3	3	3	3	3	3	3	3	1.1547811476076222	Sorbaria sorbifolia (L.) A.Braun	Magnoliopsida	220	Plantae
3020871	0	0	3	3	0	0	3	3	0	0	3	1	0.7636133880721391	Prunus lusitanica L.	Magnoliopsida	220	Plantae
3021496	3	3	3	3	3	3	3	3	3	3	3	1	1.124443827057128	Prunus laurocerasus L.	Magnoliopsida	220	Plantae
3021730	3	3	3	3	3	3	3	3	3	3	3	3	1.1576824356147013	Prunus cerasifera Ehrh.	Magnoliopsida	220	Plantae
3021850	3	3	3	3	3	3	3	3	3	3	3	3	1.1048652434845954	Prunus serotina Ehrh.	Magnoliopsida	220	Plantae
3021922	3	3	3	3	3	3	3	3	3	3	3	3	1.1680233945559477	Prunus cerasus L.	Magnoliopsida	220	Plantae
3022203	3	3	1	1	3	3	1	1	3	3	1	1	1.282152017248956	Prunus ×fruticans Weihe	Magnoliopsida	220	Plantae
3022668	1	1			1	1			2	2				Prunus virginiana L.	Magnoliopsida	220	Plantae
3024109	3	3	3	3	3	3	3	3	3	3	1	3	1.0447766596610675	Amelanchier ×lamarckii F.G.Schroed.	Magnoliopsida	220	Plantae
3025617	1	1	1	1	1	1	1	1	1	1	1	1	0.9711025616057676	Cotoneaster horizontalis Decne.	Magnoliopsida	220	Plantae
3025858	1	1			1	1			1	1			0.6844733423558963	Cotoneaster ambiguus Rehder & E.H.Wilson	Magnoliopsida	220	Plantae
3025896	1	0	3	1	1	0	2	1	1	0	2	1	0.8426267462643175	Cotoneaster dielsianus E.Pritz.	Magnoliopsida	220	Plantae
3026040	0	0	1	1	0	0	1	1	0	0	1	1	0.4603848089946105	Cotoneaster ×suecicus G.Klotz	Magnoliopsida	220	Plantae
3026049	2	2			1	1			1	1				Cotoneaster dammeri C.K.Schneid.	Magnoliopsida	220	Plantae
3026074	1	1	1	1	1	1	1	1	1	1	1	1	0.9234217096331735	Cotoneaster salicifolius Franch.	Magnoliopsida	220	Plantae
3026092	1	3	0	3	1	1	0	1	1	1	0	1	0.7933640549107729	Cotoneaster hjelmqvistii Flinck & B.Hylmö	Magnoliopsida	220	Plantae
3026162	1	3	0	3	1	2	0	2	1	2	0	2	0.8889870422043714	Cotoneaster franchetii Boiss.	Magnoliopsida	220	Plantae
3026294	3	3	3	3	3	3	3	3	3	3	3	3	1.0596782136470435	Cotoneaster bullatus Bois ex Bilm. & Bois	Magnoliopsida	220	Plantae
3026334	1	1	1	2	1	1	1	2	1	1	1	1	0.8529701062254242	Cotoneaster divaricatus Rehder & E.H.Wilson	Magnoliopsida	220	Plantae
3026454	1	1	1	1	1	1	1	1	1	1	1	1	0.8876845362819363	Spiraea salicifolia L.	Magnoliopsida	220	Plantae
3026585	3	3	3	3	3	3	3	3	3	3	3	3	1.1551789371450654	Spiraea alba Du Roi	Magnoliopsida	220	Plantae
3026622	1	3	1	1	1	3	2	3	1	3	3	3	0.8784907678969265	Spiraea ×vanhouttei (Briot) Zabel	Magnoliopsida	220	Plantae
3026819	0	1	1	1	0	1	1	1	0	1	1	1	0.7493662135175152	Spiraea tomentosa L.	Magnoliopsida	220	Plantae
3027159	1	0	0	0	1	0	0	0	1	0	0	0	0.8514247353035465	Spiraea douglasii Hook.	Magnoliopsida	220	Plantae
3028528	0	0	0	0	0	0	0	0	0	0	0	0	0.6702227805994607	Alchemilla mollis (Buser) Rothm.	Magnoliopsida	220	Plantae
3029912	0	2			0	2			0	1			0.7521234216796227	Fragaria ×ananassa (Weston) Rozier	Magnoliopsida	220	Plantae
3031774	1	3	1	3	1	3	1	3	1	3	1	3	0.9813260753259249	Mespilus germanica L.	Magnoliopsida	220	Plantae
3032442	1	1	1	1	1	1	1	1	2	3	2	3		Rhodotypos scandens (Thunb.) Makino	Magnoliopsida	220	Plantae
3032611	1	2			1	1			1	2			0.6427195552074654	Darmera peltata (Torr. ex Benth.) Voss	Magnoliopsida	220	Plantae
3032653	2	1	1	1	1	1	1	1	2	1	3	3		Heuchera sanguinea Engelm.	Magnoliopsida	220	Plantae
3032698	3	3	3	3	3	3	3	3	3	3	3	3	1.1301891759207632	Tellima grandiflora (Pursh) Douglas ex Lindl.	Magnoliopsida	220	Plantae
3033077	1	0	1	0	1	0	1	0	1	0	1	0	0.9597821998585795	Aucuba japonica Thunb.	Magnoliopsida	220	Plantae
3033227	3	3	3	3	3	3	3	3	3	3	3	3	1.2180263939972527	Eranthis hyemalis (L.) Salisb.	Magnoliopsida	220	Plantae
3033242	3	3	3	0	3	3	1	0	3	3	1	0	1.1685040481319156	Anemone blanda Schott & Kotschy	Magnoliopsida	220	Plantae
3033261	1	3			1	3			1	3			0.9520294287700835	Anemone coronaria L.	Magnoliopsida	220	Plantae
3033289	1	3			1	1			1	1				Trollius europaeus L.	Magnoliopsida	220	Plantae
3033434	0	2			0	1			0	2			0.7129458608194841	Ranunculus parviflorus L.	Magnoliopsida	220	Plantae
3033518	3	3	1	1	3	3	1	1	3	3	1	1	1.098552841978271	Clematis viticella L.	Magnoliopsida	220	Plantae
3033535	2	2			1	1			2	2				Clematis tangutica (Maxim.) Korsh.	Magnoliopsida	220	Plantae
3033833	3	3	3	3	3	3	3	3	3	3	3	3	1.0978379663565212	Delphinium ajacis L.	Magnoliopsida	220	Plantae
3033865	3	3	3	3	3	3	3	3	3	3	3	3	1.3304213159214984	Mahonia aquifolium (Pursh) Nutt.	Magnoliopsida	220	Plantae
3033896	3	3	1	3	3	3	1	3	3	3	1	3	1.0799008284357323	Berberis thunbergii DC.	Magnoliopsida	220	Plantae
3033965	3	3			2	2			3	3				Akebia quinata (Houtt.) Decne.	Magnoliopsida	220	Plantae
3034015	0	0	3	2	0	0	1	1	0	0	3	3	0.8390100071645277	Laurus nobilis L.	Magnoliopsida	220	Plantae
3034046	1	1			3	3			3	3				Persea americana Mill.	Magnoliopsida	220	Plantae
3034182	3	3	3	1	3	3	3	1	3	3	3	1	1.1479706201681332	Ammi majus L.	Magnoliopsida	220	Plantae
3034393	3	3	3	3	3	3	3	3	3	3	3	3	1.0737452972891572	Eryngium planum L.	Magnoliopsida	220	Plantae
3034646	1	0	1	0	1	0	1	0	1	0	1	0	0.8787482739694045	Anethum graveolens L.	Magnoliopsida	220	Plantae
3034681	3	3	1	3	3	3	1	3	3	3	1	3	1.0650509842783928	Myrrhis odorata (L.) Scop.	Magnoliopsida	220	Plantae
3034782	2	0	1	1	2	0	1	1	2	0	1	1		Smyrnium olusatrum L.	Magnoliopsida	220	Plantae
3034825	3	3	3	3	3	3	3	3	3	3	3	3	1.064934131692409	Heracleum mantegazzianum Sommier & Levier	Magnoliopsida	220	Plantae
3034871	3	3			3	3			1	3			1.0141867995404483	Coriandrum sativum L.	Magnoliopsida	220	Plantae
3034915	1	0	1	2	1	0	1	1	1	0	1	1	0.896919215357678	Astrantia major L.	Magnoliopsida	220	Plantae
3034922	3	3	3	3	3	3	3	3	3	3	3	3	1.1513274679528125	Foeniculum vulgare Mill.	Magnoliopsida	220	Plantae
3036033	2	1	1	1	2	1	2	2	2	1	2	2		Hedera colchica (K.Koch) K.Koch	Magnoliopsida	220	Plantae
3036892	3	3	3	3	3	1	3	3	3	1	3	3	1.0641170320193756	Aralia elata (Miq.) Seem.	Magnoliopsida	220	Plantae
3039046	2	2	1	1	2	2	1	1	2	2	2	3		Fatsia japonica (Thunb.) Decne. & Planch.	Magnoliopsida	220	Plantae
3039194	3	3	3	3	3	3	3	3	3	3	3	3	1.1164761388086129	Parthenocissus quinquefolia (L.) Planch.	Magnoliopsida	220	Plantae
3039203	0	1	1	1	0	1	1	1	0	1	1	1	0.8466808742499419	Parthenocissus inserta (A.Kern.) Fritsch	Magnoliopsida	220	Plantae
3039209	3	3	1	3	3	3	1	3	3	3	1	3	1.1366786195157248	Parthenocissus tricuspidata (Siebold & Zucc.) Planch.	Magnoliopsida	220	Plantae
3039267	3	3	3	3	3	3	3	3	3	3	3	3	1.1804897406787693	Elaeagnus umbellata Thunb.	Magnoliopsida	220	Plantae
3039269	3	3	3	3	3	3	3	3	3	3	3	3	1.9552102443084658	Elaeagnus angustifolia L.	Magnoliopsida	220	Plantae
3039270	1	1	2	3	1	1	2	3	1	1	1	1	0.868426015298544	Elaeagnus pungens Thunb.	Magnoliopsida	220	Plantae
3040184	1	1			1	1			1	1			0.8727010008978143	Populus balsamifera L.	Magnoliopsida	220	Plantae
3040185	3	3	3	3	3	3	3	3	3	3	3	3	1.1141554226443988	Populus ×canescens (Aiton) Sm.	Magnoliopsida	220	Plantae
3040233	3	3	3	3	3	3	3	3	3	3	3	3	1.0935990635496788	Populus alba L.	Magnoliopsida	220	Plantae
3040254	3	0	1	1	1	0	1	1	2	0	1	1		Reseda alba L.	Magnoliopsida	220	Plantae
3040999	2	2	1	2	2	2	1	2	2	2	1	2		Raphanus raphanistrum subsp. landra (Moretti ex DC.) Bonnier & Layens	Magnoliopsida	220	Plantae
3041022	3	3	3	3	3	3	3	3	3	3	3	3	1.200883308545991	Armoracia rusticana P.Gaertn., B.Mey. & Scherb.	Magnoliopsida	220	Plantae
3042291	3	3	3	3	3	3	3	3	3	3	3	3	1.3161607430802267	Hesperis matronalis L.	Magnoliopsida	220	Plantae
3042636	0	0	0	0	0	0	0	0	0	0	0	0	0.8702908206156331	Brassica napus L.	Magnoliopsida	220	Plantae
3042751	1	1			1	1			1	1			0.8466709859906094	Brassica juncea (L.) Czern.	Magnoliopsida	220	Plantae
3042845	1	3	1	3	1	3	1	3	1	3	1	3	0.9734533749967883	Brassica oleracea L.	Magnoliopsida	220	Plantae
3045803	3	3	2	3	1	1	1	1	1	2	2	3		Cardamine graeca L.	Magnoliopsida	220	Plantae
3046015	1	3	2	3	1	3	1	1	1	3	2	2	0.9825247651230598	Cardamine corymbosa Hook.f.	Magnoliopsida	220	Plantae
3046736	3	3	3	3	1	3	3	3	1	1	3	3	1.0066109422973	Sisymbrium altissimum L.	Magnoliopsida	220	Plantae
3046812	1	3	1	3	1	3	1	3	1	3	1	3	0.9991565362617774	Sisymbrium orientale L.	Magnoliopsida	220	Plantae
3046851	1	1			1	1			1	1			0.8254223352055003	Sisymbrium irio L.	Magnoliopsida	220	Plantae
3046875	1	1			1	1			0	1			0.8107882640239398	Sisymbrium loeselii L.	Magnoliopsida	220	Plantae
3046929	1	1	0	1	1	1	0	1	1	1	0	1	0.8784866074466096	Sisymbrium chrysanthum Jord.	Magnoliopsida	220	Plantae
3047621	3	3	3	3	3	3	3	3	3	3	3	3	1.5007644654138854	Sinapis alba L.	Magnoliopsida	220	Plantae
3048203	3	3	3	3	3	3	3	3	3	3	3	3	1.2336014521873886	Erysimum cheiri (L.) Crantz	Magnoliopsida	220	Plantae
3048532	3	3	3	3	3	3	3	3	2	2	2	2		Erysimum marshallii Bois	Magnoliopsida	220	Plantae
3050364	3	1			3	3			3	3			1.0350847179853	Bunias orientalis L.	Magnoliopsida	220	Plantae
3050595	3	3	3	3	3	3	3	3	3	3	3	3	1.043104804636931	Hirschfeldia incana (L.) Lagr.-Foss.	Magnoliopsida	220	Plantae
3053406	3	3	1	1	3	3	1	1	3	3	1	1	1.10583136299928	Rorippa austriaca (Crantz) Besser	Magnoliopsida	220	Plantae
3053522	3	3	3	3	3	3	3	3	3	3	3	3	1.2622187008808643	Berteroa incana (L.) DC.	Magnoliopsida	220	Plantae
3054110	3	3			3	3			3	3			1.0558787846416398	Aubrieta columnae Guss.	Magnoliopsida	220	Plantae
3054117	0	0			0	0			0	0			0.2896698241430991	Aubrieta deltoidea (L.) DC.	Magnoliopsida	220	Plantae
3054357	3	3	0	3	3	3	0	1	3	3	0	1	1.1789218786204716	Juglans nigra L.	Magnoliopsida	220	Plantae
3054368	3	3	3	3	3	3	3	3	3	3	3	3	1.175550782753826	Juglans regia L.	Magnoliopsida	220	Plantae
3064056	3	3	3	2	3	3	3	2	3	3	3	3	1.1238060685370255	Euphorbia palustris L.	Magnoliopsida	220	Plantae
3064221	3	3	2	2	3	3	1	1	3	3	3	3	1.037235440183562	Euphorbia serpens Kunth	Magnoliopsida	220	Plantae
3064282	1	1			1	1			1	1			0.7725169236444576	Euphorbia tommasiniana Bertol.	Magnoliopsida	220	Plantae
3064669	0	0	1	2	0	0	1	3	0	0	1	1	0.5005405647108193	Euphorbia myrsinites L.	Magnoliopsida	220	Plantae
3065244	1	2	1	1	1	2	3	3	1	2	3	2	0.7971481435832264	Euphorbia amygdaloides subsp. robbiae (Turrill) Stace	Magnoliopsida	220	Plantae
3066965	3	3	3	3	3	3	3	3	3	3	3	3	1.2537650660758923	Euphorbia lathyris L.	Magnoliopsida	220	Plantae
3067054	3	2			2	2			3	2				Euphorbia humifusa Willd.	Magnoliopsida	220	Plantae
3067119	3	3	3	3	3	3	3	3	3	3	3	3	1.3411268588227683	Euphorbia maculata L.	Magnoliopsida	220	Plantae
3067353	3	3	3	3	3	3	3	3	3	3	3	3	1.3704339496820357	Euphorbia characias L.	Magnoliopsida	220	Plantae
3067891	3	3	2	2	3	1	1	2	3	1	1	1	1.1455184648553924	Euphorbia prostrata Aiton	Magnoliopsida	220	Plantae
3069460	3	3	1	1	3	3	2	2	3	3	3	3	1.1239171766884182	Euphorbia oblongata Griseb.	Magnoliopsida	220	Plantae
3082244	3	3	3	3	3	3	3	3	3	3	3	3	1.1741185443885076	Cornus sericea L.	Magnoliopsida	220	Plantae
3082274	1	1			3	3			3	3				Cornus kousa Bürger ex Hance	Magnoliopsida	220	Plantae
3082279	1	1	1	1	1	1	1	1	1	1	1	1		Ceratostigma plumbaginoides Bunge	Magnoliopsida	220	Plantae
3082297	1	1			1	1			1	1				Limonium sinuatum (L.) Mill.	Magnoliopsida	220	Plantae
3083488	1	1			1	1			1	1				Paeonia officinalis L.	Magnoliopsida	220	Plantae
3083647	0	3	2	2	0	1	2	2	0	1	3	2	0.6521447991701212	Spinacia oleracea L.	Magnoliopsida	220	Plantae
3083680	0	0	1	1	0	0	1	1	0	0	1	1	0.5950705804144389	Atriplex micrantha Ledeb.	Magnoliopsida	220	Plantae
3083761	3	3	0	2	3	3	0	1	3	3	0	2	1.2246328755803995	Atriplex hortensis L.	Magnoliopsida	220	Plantae
3083920	0	0			0	0			0	0			0.7623383378938549	Chenopodium berlandieri Moq.	Magnoliopsida	220	Plantae
3083975	3	3	3	3	3	3	3	3	3	3	3	3	1.1219686107190803	Corispermum pallasii Steven	Magnoliopsida	220	Plantae
3084015	3	3	3	3	3	3	3	3	3	3	3	3	1.3081587290752845	Phytolacca americana L.	Magnoliopsida	220	Plantae
3084022	3	3	3	3	3	3	3	3	3	3	3	3	1.3837414601697478	Phytolacca acinosa Roxb.	Magnoliopsida	220	Plantae
3084719	3	3	3	3	3	3	3	3	3	3	3	3	1.3194291820307409	Portulaca oleracea L.	Magnoliopsida	220	Plantae
3084742	3	3	3	3	3	3	3	3	3	3	3	3	1.1114503725727674	Claytonia sibirica L.	Magnoliopsida	220	Plantae
3085357	0	0	1	1	0	0	1	1	0	0	3	1	0.7204677824836625	Saponaria ocymoides L.	Magnoliopsida	220	Plantae
3085360	3	3	3	3	3	3	3	3	3	3	3	3	1.2727517834575297	Saponaria officinalis L.	Magnoliopsida	220	Plantae
3085381	3	3	1	1	3	3	1	1	3	3	1	1	1.1761459892600217	Polycarpon tetraphyllum (L.) L.	Magnoliopsida	220	Plantae
3085420	1	2	3	3	1	2	1	1	1	2	3	2	0.7028545995736147	Dianthus caryophyllus L.	Magnoliopsida	220	Plantae
3085421	3	3	3	3	3	3	1	1	3	3	1	1	1.4066836170123753	Dianthus barbatus L.	Magnoliopsida	220	Plantae
3085438	3	3	1	3	3	3	1	3	3	3	1	3	1.0678179758465025	Cerastium tomentosum L.	Magnoliopsida	220	Plantae
3085623	3	3	3	3	3	3	3	3	3	3	3	3	1.3079927661410276	Petrorhagia saxifraga (L.) Link	Magnoliopsida	220	Plantae
3086240	0	0	1	1	0	0	1	1	0	0	1	1	0.7483579053541732	Mirabilis jalapa L.	Magnoliopsida	220	Plantae
3088310	3	3	3	3	3	1	3	1	3	1	3	1	1.1387246352570786	Petasites japonicus (Siebold & Zucc.) Maxim.	Magnoliopsida	220	Plantae
3088481	1	1			1	1			1	1			0.5972292155699359	Tagetes minuta L.	Magnoliopsida	220	Plantae
3088488	2	1			2	1			2	1				Tagetes erecta L.	Magnoliopsida	220	Plantae
3089146	3	3	3	3	3	3	3	3	3	3	3	3	1.2828711886714437	Xanthium orientale L.	Magnoliopsida	220	Plantae
3089154	0	0	0	1	0	0	0	1	0	0	0	1	0.7560704023029978	Xanthium strumarium L.	Magnoliopsida	220	Plantae
3092576	2	2	2	2	1	1	1	1	1	1	2	2		Silphium perfoliatum L.	Magnoliopsida	220	Plantae
3092691	1	1	2	1	1	2	1	2	2	2	1	1		Soliva sessilis Ruiz & Pav.	Magnoliopsida	220	Plantae
3096529	1	0	1	1	1	0	1	1	1	0	3	2	0.953712123609563	Mauranthemum paludosum (Poir.) Vogt & Oberpr.	Magnoliopsida	220	Plantae
3098912	3	3	3	0	3	3	3	0	3	3	3	0	1.2193352409952645	Cosmos bipinnatus Cav.	Magnoliopsida	220	Plantae
3098951	0	0	3	3	0	0	2	2	0	0	2	1	0.46902231537018296	Cosmos sulphureus Cav.	Magnoliopsida	220	Plantae
3101184	1	1			1	1			1	1			0.9228345571480803	Dittrichia viscosa (L.) Greuter	Magnoliopsida	220	Plantae
3101193	3	3	3	2	3	3	2	3	3	3	2	3	1.1754162871873695	Dittrichia graveolens (L.) Greuter	Magnoliopsida	220	Plantae
3103082	3	3	1	1	3	3	1	1	3	3	2	2	1.2976953527330977	Gamochaeta pensylvanica (Willd.) Cabrera	Magnoliopsida	220	Plantae
3103158	1	1			1	1			2	2				Gamochaeta americana (Mill.) Wedd.	Magnoliopsida	220	Plantae
3103180	1	3			1	1			1	1				Gamochaeta antillana (Urb.) Anderb.	Magnoliopsida	220	Plantae
3103791	3	3	3	3	3	3	3	3	3	3	3	3	1.1040062332191671	Matricaria discoidea DC.	Magnoliopsida	220	Plantae
3104106	2	2	2	2	1	1	1	1	1	1	1	1		Sanvitalia procumbens Lam.	Magnoliopsida	220	Plantae
3104314	1	1			1	1			1	1				Liatris spicata (L.) Willd.	Magnoliopsida	220	Plantae
3105508	1	1			3	3			3	1				Andryala integrifolia L.	Magnoliopsida	220	Plantae
3105768	3	3			1	3			1	3				Sonchus tenerrimus L.	Magnoliopsida	220	Plantae
3109086	3	3	3	3	3	3	3	3	3	3	3	3	1.1379094900045528	Senecio inaequidens DC.	Magnoliopsida	220	Plantae
3111754	1	1	2	2	3	3	3	3	1	1	2	2		Zinnia elegans Jacq.	Magnoliopsida	220	Plantae
3112110	1	1	1	1	1	1	1	1	1	1	1	1	0.8187175287873527	Cotula coronopifolia L.	Magnoliopsida	220	Plantae
3112361	0	0			0	0			0	0			0.3675471701823095	Cynara scolymus L.	Magnoliopsida	220	Plantae
3112364	0	0	0	2	0	0	0	2	0	0	0	1	0.6687200663762005	Cynara cardunculus L.	Magnoliopsida	220	Plantae
3113637	1	1	1	2	1	1	1	3	1	1	1	2	0.8564556479367353	Cirsium rivulare (Jacq.) All.	Magnoliopsida	220	Plantae
3114225	3	3	3	3	3	3	3	3	3	3	3	3	1.3548550271108386	Rudbeckia hirta L.	Magnoliopsida	220	Plantae
3114229	3	3	3	3	3	3	3	3	3	3	3	3	1.3162179924924264	Rudbeckia laciniata L.	Magnoliopsida	220	Plantae
3114643	3	3	3	3	3	3	3	3	3	3	3	3	1.0728217602462315	Carduus acanthoides L.	Magnoliopsida	220	Plantae
3114667	1	1			1	1			2	1				Carduus pycnocephalus L.	Magnoliopsida	220	Plantae
3117449	3	3	3	3	3	3	3	3	3	3	3	3	1.2986161016270916	Erigeron annuus (L.) Pers.	Magnoliopsida	220	Plantae
3118254	3	2			2	2			2	2				Tanacetum balsamita L.	Magnoliopsida	220	Plantae
3118430	3	3	3	3	3	3	3	3	3	3	3	3	1.2072942209145952	Tanacetum parthenium (L.) Sch.Bip.	Magnoliopsida	220	Plantae
3118526	2	3	2	3	1	1	1	1	2	3	2	3		Tanacetum macrophyllum (Waldst. & Kit.) Sch.Bip.	Magnoliopsida	220	Plantae
3119175	2	3	3	3	3	3	1	3	2	3	1	3		Helianthus tuberosus L.	Magnoliopsida	220	Plantae
3119181	1	3	3	3	1	3	3	3	1	3	3	3	0.9730586097860481	Helianthus ×laetiflorus Pers.	Magnoliopsida	220	Plantae
3120024	2	2			1	1			2	3				Achillea nobilis L.	Magnoliopsida	220	Plantae
3120284	3	3	3	3	3	3	3	3	3	3	3	3	1.1862354938975535	Achillea filipendulina Lam.	Magnoliopsida	220	Plantae
3120692	3	3	3	3	3	3	3	3	3	3	3	3	1.5727059179864153	Artemisia crithmifolia L.	Magnoliopsida	220	Plantae
3120790	1	1	3	1	1	1	3	1	1	1	3	1	0.9959365553481498	Artemisia verlotiorum Lamotte	Magnoliopsida	220	Plantae
3121226	1	1	1	3	1	1	1	1	1	1	1	1	0.94196921964447	Artemisia biennis Willd.	Magnoliopsida	220	Plantae
3121258	1	2	1	2	1	2	1	2	1	2	1	1	0.7503603056352423	Artemisia princeps Pamp.	Magnoliopsida	220	Plantae
3121562	2	2			1	1			1	1				Artemisia sieversiana Ehrh. ex Willd.	Magnoliopsida	220	Plantae
3121581	2	2	2	2	2	2	3	2	3	2	3	2		Artemisia dracunculus L.	Magnoliopsida	220	Plantae
3122924	3	3	3	3	3	3	3	3	3	3	3	3	1.2454372381198973	Pilosella aurantiaca (L.) F.W.Schultz & Sch.Bip.	Magnoliopsida	220	Plantae
3123663	3	3	1	0	3	3	1	0	3	3	1	0	1.0278205126786149	Pilosella caespitosa (Dumort.) P.D.Sell & C.West	Magnoliopsida	220	Plantae
3127727	0	1	0	2	0	1	0	1	0	1	0	2	0.5300249740000238	Centaurea stoebe L.	Magnoliopsida	220	Plantae
3128225	1	3	1	3	1	3	1	3	1	3	1	3	0.855052812383476	Centaurea nigra L.	Magnoliopsida	220	Plantae
3128888	1	1			1	1			1	1			0.5305039599736242	Centaurea solstitialis L.	Magnoliopsida	220	Plantae
3131614	0	0	1	0	0	0	1	0	0	0	1	0	0.6816373348787339	Helichrysum italicum (Roth) G.Don	Magnoliopsida	220	Plantae
3132570	3	3	3	3	3	3	3	3	3	3	3	3	1.0900362135392707	Galinsoga parviflora Cav.	Magnoliopsida	220	Plantae
3133887	0	0	2	2	0	0	1	1	0	0	2	2	0.3793662301579233	Coreopsis verticillata L.	Magnoliopsida	220	Plantae
3133938	2	3	0	3	0	3	0	3	0	3	0	3	0.8496006086711044	Coreopsis lanceolata L.	Magnoliopsida	220	Plantae
3133950	0	0	0	0	0	0	0	0	0	0	0	0	0.6736551405610807	Coreopsis tinctoria Nutt.	Magnoliopsida	220	Plantae
3134867	1	1			1	1			3	3				Catananche caerulea L.	Magnoliopsida	220	Plantae
3136320	1	3	1	1	1	3	1	1	1	3	1	1	0.9065139930576903	Hieracium amplexicaule L.	Magnoliopsida	220	Plantae
3137829	3	3	1	1	1	1	1	1	1	1	1	1		Psephellus dealbatus (Willd.) K.Koch	Magnoliopsida	220	Plantae
3138195	2	2	2	3	2	2	1	1	1	1	2	2		Eutrochium maculatum (L.) E.E.Lamont	Magnoliopsida	220	Plantae
3138327	1	3	1	1	1	3	1	1	1	3	1	1	0.9554520155466092	Carthamus tinctorius L.	Magnoliopsida	220	Plantae
3139003	1	1			1	1			1	1			0.7627998036207948	Melampodium montanum Benth.	Magnoliopsida	220	Plantae
3141890	1	1			1	1			1	1			0.846335648082073	Cyclachaena xanthiifolia (Nutt.) Fresen.	Magnoliopsida	220	Plantae
3145214	3	3	0	0	3	3	0	0	3	3	0	0	1.198295916944933	Silybum marianum (L.) Gaertn.	Magnoliopsida	220	Plantae
3146683	3	3	3	3	3	3	3	3	3	3	3	3	1.1100307515998813	Erigeron sumatrensis Retz.	Magnoliopsida	220	Plantae
3146717	3	3	2	2	3	3	2	2	3	3	2	2	1.1159883593069473	Erigeron bonariensis L.	Magnoliopsida	220	Plantae
3146791	3	3	3	3	3	3	3	3	3	3	3	3	1.1377699254971696	Erigeron canadensis L.	Magnoliopsida	220	Plantae
3147018	0	0	0	0	0	0	0	0	0	0	0	0	0.7393329079098273	Erigeron floribundus (Kunth) Sch.Bip.	Magnoliopsida	220	Plantae
3147168	3	3	3	3	3	3	3	3	3	3	3	3	1.3603792821965381	Erigeron karvinskianus DC.	Magnoliopsida	220	Plantae
3147815	1	2	2	2	1	2	2	2	1	2	2	2	0.9694874772520585	Verbesina alternifolia (L.) Britton ex Kearney	Magnoliopsida	220	Plantae
3148340	3	3	1	0	1	3	1	0	1	3	1	0	1.0031080989871737	Inula helenium L.	Magnoliopsida	220	Plantae
3150935	2	2	1	1	2	2	3	3	2	2	3	3		Echinacea purpurea (L.) Moench	Magnoliopsida	220	Plantae
3151558	3	3	3	3	3	3	3	3	3	3	3	3	1.1662679108300544	Symphyotrichum novi-belgii (L.) G.L.Nesom	Magnoliopsida	220	Plantae
3151618	1	3			1	1			1	1			0.751553071527249	Symphyotrichum novae-angliae (L.) G.L.Nesom	Magnoliopsida	220	Plantae
3152372	1	1	1	1	1	1	1	1	1	1	1	1	0.8449621629069181	Malva pusilla Sm.	Magnoliopsida	220	Plantae
3152377	1	0	1	1	1	0	1	2	1	0	1	2	0.926124678289344	Malva verticillata L.	Magnoliopsida	220	Plantae
3152378	3	1			1	1			1	1			1.0022069180913058	Malva parviflora L.	Magnoliopsida	220	Plantae
3152521	1	1	1	3	1	1	1	3	1	1	1	3	0.8760566439040091	Althaea hirsuta L.	Magnoliopsida	220	Plantae
3152560	1	3	1	1	1	3	1	1	1	3	1	1	0.9993153089402502	Hibiscus trionum L.	Magnoliopsida	220	Plantae
3152583	3	0	0	0	3	0	0	0	3	0	0	0	1.1038794927608373	Hibiscus syriacus L.	Magnoliopsida	220	Plantae
3152614	1	2	2	1	1	3	2	1	1	2	2	1	0.9951571045312971	Abutilon theophrasti Medik.	Magnoliopsida	220	Plantae
3152816	1	1			1	1			1	1			0.9758056388398252	Platanus orientalis L.	Magnoliopsida	220	Plantae
3152824	3	3	1	1	3	3	1	1	3	3	2	2	1.0770050986101103	Liquidambar styraciflua L.	Magnoliopsida	220	Plantae
3152861	3	3			3	3			3	3			1.017721038733807	Liriodendron tulipifera L.	Magnoliopsida	220	Plantae
3169120	1	1			1	1			1	1			0.8671387373590327	Euonymus alatus (Thunb.) Siebold	Magnoliopsida	220	Plantae
3169137	3	3	1	3	3	3	1	3	3	3	1	3	1.0910989451919257	Euonymus fortunei (Turcz.) Hand.-Mazz.	Magnoliopsida	220	Plantae
3169331	1	1			2	2			2	2				Lysimachia clethroides Duby	Magnoliopsida	220	Plantae
3169340	3	3	3	3	3	3	3	3	3	3	3	3	1.115151058502722	Lysimachia punctata L.	Magnoliopsida	220	Plantae
3169391	0	0			0	0			0	0			0.3317548307767536	Lysimachia ciliata L.	Magnoliopsida	220	Plantae
3169708	3	3	3	3	3	3	3	3	3	3	3	3	1.1803910525904493	Vinca major L.	Magnoliopsida	220	Plantae
3169756	3	3	3	3	1	1	1	1	1	1	1	1		Nerium oleander L.	Magnoliopsida	220	Plantae
3170247	3	3	1	1	3	3	1	1	3	3	3	3	1.1876378411067456	Asclepias syriaca L.	Magnoliopsida	220	Plantae
3170823	2	3	3	3	2	3	3	3	2	3	3	3	1.1306325589748316	Paulownia tomentosa (Thunb.) Steud.	Magnoliopsida	220	Plantae
3171304	1	3	1	1	3	3	3	1	2	3	3	3		Mazus pumilus (Burm.fil.) Steenis	Magnoliopsida	220	Plantae
3171888	1	0	0	0	1	0	0	0	1	0	0	0	0.8750284101760936	Lindernia dubia (L.) Pennell	Magnoliopsida	220	Plantae
3171948	3	3	3	3	3	3	3	3	3	3	3	3	1.1473113373175616	Verbascum phlomoides L.	Magnoliopsida	220	Plantae
3171951	1	1	1	1	2	3	3	3	2	2	3	2		Verbascum phoeniceum L.	Magnoliopsida	220	Plantae
3171952	3	0	2	0	1	0	0	0	1	0	0	0	0.8736540976989079	Verbascum speciosum Schrad.	Magnoliopsida	220	Plantae
3171954	1	3	1	1	1	3	1	2	1	3	1	1	0.9474874148254051	Verbascum virgatum Stokes	Magnoliopsida	220	Plantae
3172001	3	3	3	3	3	3	3	3	3	3	3	3	1.257821587125578	Antirrhinum majus L.	Magnoliopsida	220	Plantae
3172059	1	1	0	0	1	1	0	0	1	1	0	0	0.8688632331939509	Veronica spicata L.	Magnoliopsida	220	Plantae
3172068	3	3	3	3	3	3	3	3	3	1	1	1	1.2733389283596506	Veronica cymbalaria Bodard	Magnoliopsida	220	Plantae
3172077	3	3	3	3	3	3	3	3	3	3	3	3	1.343161861426963	Veronica persica Poir.	Magnoliopsida	220	Plantae
3172100	3	3	3	3	3	3	3	3	3	3	3	3	1.0812858523416184	Veronica filiformis Sm.	Magnoliopsida	220	Plantae
3172104	3	3	3	3	3	3	3	3	3	3	3	3	1.1888654271556962	Veronica peregrina L.	Magnoliopsida	220	Plantae
3172118	3	3	3	3	3	3	3	3	3	3	3	3	1.19773360509312	Veronica longifolia L.	Magnoliopsida	220	Plantae
3172266	3	3	1	1	3	3	1	1	3	3	3	3	1.0537840666159657	Jasminum nudiflorum Lindl.	Magnoliopsida	220	Plantae
3172276	3	2			2	2			2	2				Osmanthus heterophyllus (G.Don) P.S.Green	Magnoliopsida	220	Plantae
3172291	3	3	3	3	3	3	3	3	3	3	3	3	1.205171029710063	Ligustrum ovalifolium Hassk.	Magnoliopsida	220	Plantae
3172347	3	3	3	3	3	3	3	3	3	3	3	3	1.1679021589575733	Fraxinus ornus L.	Magnoliopsida	220	Plantae
3172348	2	1	2	1	2	1	3	1	2	1	3	1		Fraxinus pennsylvanica Marshall	Magnoliopsida	220	Plantae
3172549	3	3	1	1	3	3	3	3	3	3	3	3	1.3159549255097975	Campsis radicans (L.) Bureau	Magnoliopsida	220	Plantae
3172615	3	3	3	3	3	3	3	3	3	3	3	3	1.2103201335248441	Catalpa bignonioides Walter	Magnoliopsida	220	Plantae
3173338	3	3	3	3	3	3	3	3	3	3	3	3	1.188432184865524	Buddleja davidii Franch.	Magnoliopsida	220	Plantae
3188735	1	1			1	1			3	3				Lythrum virgatum L.	Magnoliopsida	220	Plantae
3188830	3	2	3	1	3	3	3	3	3	3	3	3		Oenothera stricta Link	Magnoliopsida	220	Plantae
3188894	3	3	3	3	3	3	3	3	3	3	3	3	1.2830097811454213	Oenothera glazioviana Micheli	Magnoliopsida	220	Plantae
3188924	1	0	0	0	0	0	0	0	0	0	0	0	0.8638504206873463	Oenothera biennis L.	Magnoliopsida	220	Plantae
3189073	3	3	1	1	2	2	1	1	2	3	2	3		Epilobium brachycarpum C.Presl	Magnoliopsida	220	Plantae
3189497	0	0			0	0			0	0			0.4572479580643198	Hypericum calycinum L.	Magnoliopsida	220	Plantae
3189762	3	3	3	3	3	3	3	3	3	3	3	3	1.1695480552383108	Plantago arenaria Waldst. & Kit.	Magnoliopsida	220	Plantae
3189815	3	3	3	3	3	3	3	3	3	3	3	3	1.1198206829614894	Aesculus hippocastanum L.	Magnoliopsida	220	Plantae
3189828	2	2	3	1	2	2	1	1	2	2	1	1		Aesculus parviflora Walter	Magnoliopsida	220	Plantae
3189837	0	0	1	1	0	0	1	1	0	0	1	1	0.8490788139823693	Acer saccharinum L.	Magnoliopsida	220	Plantae
3189843	1	2			1	1			1	1				Acer tataricum L.	Magnoliopsida	220	Plantae
3189866	3	3	3	3	3	3	3	3	3	3	3	3	1.1326952907977714	Acer negundo L.	Magnoliopsida	220	Plantae
3189882	3	3	1	1	3	3	2	2	3	3	3	3	1.0852699179134129	Acer palmatum Thunb.	Magnoliopsida	220	Plantae
3190382	2	1	1	1	2	1	1	1	2	1	1	1		Ruta graveolens L.	Magnoliopsida	220	Plantae
3190411	2	1			2	1			2	1				Ptelea trifoliata L.	Magnoliopsida	220	Plantae
3190522	1	3	0	3	1	1	0	2	1	2	0	2	0.9405394492872384	Cotinus coggygria Scop.	Magnoliopsida	220	Plantae
3190538	2	3	3	3	2	3	3	3	0	3	3	3	1.047022592882616	Rhus typhina L.	Magnoliopsida	220	Plantae
3190653	3	3	3	3	3	3	3	3	3	3	3	3	1.3117976229166	Ailanthus altissima (Mill.) Swingle	Magnoliopsida	220	Plantae
3197314	3	3	3	3	3	3	3	1	3	3	1	1	1.0433902115027085	Sargassum muticum (Yendo) Fensholt	Phaeophyceae	7073593	Chromista
3602683	3	3	3	3	3	3	3	1	3	3	1	1	1.0897567721695944	Papaver cambricum L.	Magnoliopsida	220	Plantae
3610757	3	1	1	1	3	1	1	1	3	1	1	1	1.1129800579758917	Cuscuta campestris Yunck.	Magnoliopsida	220	Plantae
3633319	1	2			1	2			1	2			0.8477050114367397	Tordylium maximum L.	Magnoliopsida	220	Plantae
3663237	0	0	1	1	0	0	1	1	0	0	1	1	0.7652881913788252	Cornus sanguinea subsp. australis (C.A.Mey.) Jáv.	Magnoliopsida	220	Plantae
3664589	0	0	3	3	0	0	2	2	0	0	2	2	0.7349034963791394	Oenothera lindheimeri (Engelm. & A.Gray) W.L.Wagner & Hoch	Magnoliopsida	220	Plantae
3666776	0	0	0	0	0	0	0	0	0	0	0	0	0.4799014517947134	Oenothera ×ersteinensis H.P.Linder & R.Jean	Magnoliopsida	220	Plantae
3667238	2	2			1	1			1	1				Oenothera ×paradoxa Hudziok	Magnoliopsida	220	Plantae
3686235	0	0	1	3	0	0	1	2	0	0	1	2	0.823090974845966	Staphylea pinnata L.	Magnoliopsida	220	Plantae
3690997	3	3	3	3	3	3	3	3	3	3	3	3	1.2698609915898467	Cardamine occulta Hornem.	Magnoliopsida	220	Plantae
3711564	1	3	1	3	1	3	1	1	1	3	1	1	0.9279069524857088	Hypericum ×inodorum Mill.	Magnoliopsida	220	Plantae
3711846	2	2	1	1	3	3	1	1	2	2	1	1		Hypericum ×hidcoteense Geerinck	Magnoliopsida	220	Plantae
3725062	1	1	1	1	1	1	1	1	1	1	1	1	0.8736152140776892	Veronica teucrium L.	Magnoliopsida	220	Plantae
3729273	1	1			3	3			2	2				Asarina procumbens Mill.	Magnoliopsida	220	Plantae
3741446	2	1			1	1			2	1				Erinus alpinus L.	Magnoliopsida	220	Plantae
3756650	0	0	0	0	0	0	0	0	0	0	0	0	0.4670707938521021	Chenopodium ×reynieri Ludw. & Aellen	Magnoliopsida	220	Plantae
3767816	1	1			1	1			1	1			0.5737086704988527	Acer japonicum Thunb.	Magnoliopsida	220	Plantae
3797084	3	3	3	3	3	3	3	3	3	3	3	3	1.05704339659887	Alkekengi officinarum Moench	Magnoliopsida	220	Plantae
3814157	2	1	1	1	1	1	1	1	2	1	3	3		Eudianthe coeli-rosa (L.) Fenzl ex Endl.	Magnoliopsida	220	Plantae
3883959	1	1			3	3			3	3				Salvia viridis L.	Magnoliopsida	220	Plantae
3886505	0	0	0	1	0	1	0	1	0	1	0	1	0.8049375072409047	Phlomis russeliana (Sims) Lag. ex Benth.	Magnoliopsida	220	Plantae
3892732	3	3			2	1			2	1				Lamium orvala L.	Magnoliopsida	220	Plantae
3896282	1	1			3	3			2	1				Teucrium hircanicum L.	Magnoliopsida	220	Plantae
3922888	1	1			3	3			3	3				Anemone sylvestris L.	Magnoliopsida	220	Plantae
3924221	2	2	2	2	2	2	1	1	2	2	2	2		Helleborus argutifolius Viv.	Magnoliopsida	220	Plantae
3933415	1	1			1	1			1	1			0.9509286841055168	Malva multiflora (Cav.) Soldano, Banfi & Galasso	Magnoliopsida	220	Plantae
3935079	3	2			2	2			2	1				Malva arborea (L.) Webb & Berthel.	Magnoliopsida	220	Plantae
3935421	3	3			2	2			2	2				Malope trifida Cav.	Magnoliopsida	220	Plantae
3940326	1	3			1	3			1	3			0.96666011356902	Malva trimestris (L.) Salisb.	Magnoliopsida	220	Plantae
3940423	2	2	2	2	1	1	2	2	2	2	2	2		Malva thuringiaca (L.) Vis.	Magnoliopsida	220	Plantae
3981543	3	3	3	3	3	3	3	3	3	3	3	3	1.111011166678787	Berberis julianae C.K.Schneid.	Magnoliopsida	220	Plantae
3988701	0	1			0	1			0	1			0.4718065939885137	Lythrum junceum Banks & Sol.	Magnoliopsida	220	Plantae
4013762	0	0	0	0	0	0	0	0	0	0	0	0	0.5451555436420277	Narcissus ×cyclazetta Chater & Stace	Liliopsida	196	Plantae
4021919	3	3			2	2			2	2				Portulaca sativa Haw.	Magnoliopsida	220	Plantae
4034001	1	1	1	1	2	2	1	3	1	1	1	1		Persicaria nepalensis (Meisn.) H.Gross	Magnoliopsida	220	Plantae
4038485	0	0	0	2	0	0	0	1	1	0	0	2	0.7144794752629328	Reynoutria ×bohemica Chrtek & Chrtková	Magnoliopsida	220	Plantae
4046493	3	2			2	2			2	2				Polystichum luctuosum (Kunze) T.Moore	Polypodiopsida	7228684	Plantae
4048240	1	1	3	3	1	1	3	3	1	1	3	3	0.986137133443945	Elaeagnus ×submacrophylla Servett.	Magnoliopsida	220	Plantae
4063383	3	3	0	3	3	3	1	3	3	3	1	3	1.3056575021384909	Trachystemon orientale (L.) D.Don	Magnoliopsida	220	Plantae
4067281	0	0	3	0	0	0	3	0	0	0	3	0	0.762814574565892	Symphytum ×hidcotense P.D.Sell	Magnoliopsida	220	Plantae
4067302	3	0	0	0	3	0	0	0	3	0	0	0	1.1620045543240451	Symphytum grandiflorum DC.	Magnoliopsida	220	Plantae
4086523	1	1	1	1	3	3	1	1	2	2	1	1		Verbena incompta P.W.Michael	Magnoliopsida	220	Plantae
4097656	3	3			2	2			3	3				Alnus ×spaethii Callier	Magnoliopsida	220	Plantae
4102952	3	0	2	3	1	0	1	1	1	0	2	1	0.8324166788163309	Knautia macedonica Griseb.	Magnoliopsida	220	Plantae
4123394	1	1	1	1	1	1	2	2	1	1	3	2	0.802549182551116	Festuca guestfalica subsp. hirtula (Hack. ex Travis) Dengler	Liliopsida	196	Plantae
4123912	3	1	3	3	3	1	1	1	3	1	2	2	1.0853388896869052	Agrostis ×dimorpholemma Ohwi	Liliopsida	196	Plantae
4125308	1	3	1	3	1	3	1	1	1	3	1	1	0.9231063656758984	Panicum schinzii Hack.	Liliopsida	196	Plantae
4127352	2	1	3	1	2	1	3	2	2	1	3	2	0.9454862433356881	Sasaella ramosa (Makino) Makino	Liliopsida	196	Plantae
4129181	1	3	3	3	1	3	3	3	1	3	3	3	0.9588260399077979	Festuca ambigua Le Gall	Liliopsida	196	Plantae
4129708	3	3	1	3	3	3	1	3	3	3	1	3	1.0305333281722877	Lolium multiflorum Lam.	Liliopsida	196	Plantae
4131042	2	2			1	1			2	2				Bromus hordeaceus subsp. longipedicellatus Spalton	Liliopsida	196	Plantae
4133390	1	1	1	1	1	1	1	1	1	1	2	2	0.6835638371579909	Lolium ×boucheanum Kunth	Liliopsida	196	Plantae
4142326	1	1			1	1			2	3				Achnatherum calamagrostis (L.) P.Beauv.	Liliopsida	196	Plantae
4201607	3	3	3	3	3	3	3	3	3	3	3	3	1.3313697059772232	Phedimus spurius (M.Bieb.) 't Hart	Magnoliopsida	220	Plantae
4201695	1	2	1	1	1	2	2	2	1	2	2	2	0.8667672411911485	Phedimus hybridus (L.) 't Hart	Magnoliopsida	220	Plantae
4201709	1	1	1	1	1	1	1	1	1	1	3	3		Sempervivum arachnoideum L.	Magnoliopsida	220	Plantae
4206362	0	0			0	0			0	0			0.26058572331359875	Onopordum beckianum A.John	Magnoliopsida	220	Plantae
4259350	1	1			1	1			1	3			0.9392512259606147	Tilia tomentosa Moench	Magnoliopsida	220	Plantae
4264680	3	0	0	0	1	0	0	0	1	0	0	0	1.0058925237203487	Myocastor coypus (Molina, 1782)	Mammalia	359	Animalia
4270548	1	0	3	3	1	0	1	1	1	0	3	2	0.5079438146280353	Hordeum murinum subsp. leporinum (Link) Arcang.	Liliopsida	196	Plantae
4285968	1	0	1	1	1	0	1	2	1	0	1	1	0.689500997091969	Ponticola kessleri (Günther, 1861)			Animalia
4286942	3	3	3	3	3	3	3	3	3	1	3	3	1.0439806168933798	Carassius auratus (Linnaeus, 1758)			Animalia
4286975	1	3	1	3	1	3	1	3	1	3	1	1	0.9268520569211207	Cyprinus carpio Linnaeus, 1758			Animalia
4315705	1	1			1	1			1	1			0.7936288821385971	Dikerogammarus villosus (Sowinsky, 1894)	Malacostraca	229	Animalia
4362965	2	3			1	1			1	1				Melanoides tuberculata (O.F.Müller, 1774)	Gastropoda	225	Animalia
4372686	0	2	0	2	0	2	0	2	0	0	0	0	0.8025568470715505	Ruditapes philippinarum (A.Adams & Reeve, 1850)	Bivalvia	137	Animalia
4382841	3	3	3	3	3	3	2	3	3	3	2	3	1.062697952493698	Hemigrapsus takanoi Asakura & Watanabe, 2005	Malacostraca	229	Animalia
4400961	1	1			1	1			1	1				Badonnelia titei Pearman, 1953	Insecta	216	Animalia
4408455	0	1	0	1	0	1	0	1	0	1	0	1	0.84399075199698	Hydrobates pelagicus (Linnaeus, 1758)	Aves	212	Animalia
4409643	0	0	0	0	0	0	1	0	0	0	1	0	0.7128730929829188	Leuciscus idus (Linnaeus, 1758)			Animalia
4427319	1	3	1	1	1	3	3	3	1	3	3	3	0.9387730009344669	Anthrenus angustefasciatus Ganglbauer, 1904	Insecta	216	Animalia
4460066	1	0	3	3	1	0	3	1	1	0	1	1	0.8318420191254006	Chrysolina americana (Linnaeus, 1758)	Insecta	216	Animalia
4483961	1	1	1	3	1	1	1	2	1	1	1	2	0.8399045032931362	Viridicerus ustulatus (Mulsant & Rey, 1855)	Insecta	216	Animalia
4483971	1	2	3	3	0	2	2	2	0	2	1	1	0.40916970801238167	Populicerus albicans (Kirschbaum, 1868)	Insecta	216	Animalia
4484009	3	3	3	3	2	2	1	1	1	1	1	1		Tremulicerus distinguendus (Kirschbaum, 1868)	Insecta	216	Animalia
4484176	1	1	3	3	1	1	3	3	1	1	3	3	0.8883403488045863	Cacopsylla fulguralis (Kuwayama, 1908)	Insecta	216	Animalia
4485843	3	3	3	3	3	3	3	3	3	3	3	3		Halyomorpha halys (Stål, 1855)	Insecta	216	Animalia
4486243	2	3	3	3	3	3	2	2	3	3	3	3	1.2384747450116707	Oxycarenus lavaterae (Fabricius, 1787)	Insecta	216	Animalia
4486297	0	0	1	1	0	0	1	1	0	0	1	1	0.5135136656237528	Arocatus longiceps Stal, 1872	Insecta	216	Animalia
4486365	1	1	0	0	1	1	0	0	1	1	0	0	0.5752415775631482	Nysius huttoni White, 1878	Insecta	216	Animalia
4486382	1	0			1	0			1	0			0.3634224769394269	Orsillus depressus Dallas, 1852	Insecta	216	Animalia
4487370	3	3	3	3	3	3	3	3	3	3	3	3		Tropidosteptes pacificus (Van Duzee, 1921)	Insecta	216	Animalia
4487598	3	3	3	3	2	3	1	1	3	3	2	2		Closterotomus trivialis (A.Costa, 1853)	Insecta	216	Animalia
4487799	3	3			3	3			2	2				Tupiocoris rhododendri (Dolling, 1972)	Insecta	216	Animalia
4488821	2	1	0	1	2	1	0	1	2	1	0	1	0.8892100483354874	Deraeocoris flavilinea (A.Costa, 1862)	Insecta	216	Animalia
4497124	0	0			0	0			0	0			0.555836763513	Andricus quercuscalicis (Burgsdorff, 1783)	Insecta	216	Animalia
4528100	3	3	1	2	3	3	1	2	3	1	1	3	1.0984744060916993	Phthorimaea absoluta Meyrick, 1917	Insecta	216	Animalia
4532122	0	2	2	2	0	2	0	2	0	0	0	0	0.7160558351208717	Cydalima perspectalis (Walker, 1859)	Insecta	216	Animalia
4544661	3	1	3	1	1	1	1	1	3	3	1	1		Aceria ilicis (Canestrini, 1890)	Arachnida	367	Animalia
4553469	3	3	3	3	3	2	3	3	2	2	2	2		Leiobunum Koch, 1839	Arachnida	367	Animalia
4559541	3	3	3	3	1	1	3	1	3	3	3	3		Sinanodonta woodiana (I.Lea, 1834)	Bivalvia	137	Animalia
4562529	3	3	3	3	3	3	1	1	3	3	3	3		Morlina glabra (Rossmässler, 1835)	Gastropoda	225	Animalia
4562917	1	1	1	1	1	1	1	1	1	1	1	1	0.5789855126294104	Cochlicella acuta (O.F.Müller, 1774)	Gastropoda	225	Animalia
4564216	1	1			3	1			1	1				Otala punctata (O.F.Müller, 1774)	Gastropoda	225	Animalia
4565039	3	3	3	3	3	3	3	3	3	3	3	3	1.0876554181399973	Hygromia cinctella (Draparnaud, 1801)	Gastropoda	225	Animalia
4565061	2	2	2	2	2	2	2	2	1	1	1	1		Cernuella neglecta (Draparnaud, 1805)	Gastropoda	225	Animalia
4565134	0	0	1	1	0	0	2	1	0	0	3	3	0.24267583488511996	Cernuella aginnica (Locard, 1882)	Gastropoda	225	Animalia
4567717	1	1	1	1	1	1	1	1	1	1	1	1	0.6216523217593326	Boettgerilla pallens Simroth, 1912	Gastropoda	225	Animalia
4568269	0	0	0	0	0	0	0	0	0	1	0	0	0.36827854609065086	Paralaoma servilis (Shuttleworth, 1852)	Gastropoda	225	Animalia
4598225	3	3	1	1	3	3	3	3	3	3	2	2	1.617135904147225	Tandonia budapestensis (Hazay, 1880)	Gastropoda	225	Animalia
4845776	1	1			1	1			3	3				Lonchura oryzivora (Linnaeus, 1758)	Aves	212	Animalia
4926336	1	2	2	2	1	2	2	2	1	2	2	2	0.9571552958954503	Anaphalis margaritacea (L.) Benth.	Magnoliopsida	220	Plantae
4932232	1	3			1	3			1	3			0.7979086340744685	Dactylis glomerata subsp. lobata (Drejer) H.Lindb.	Liliopsida	196	Plantae
4933624	3	3	3	3	3	3	3	3	3	3	3	3	1.1973248041344682	Inula racemosa Hook.fil.	Magnoliopsida	220	Plantae
4939668	1	1	1	1	1	1	1	1	2	2	3	3		Kitaibela vitifolia Willd.	Magnoliopsida	220	Plantae
4984851	1	1			3	1			1	1				Bugula neritina (Linnaeus, 1758)	Gymnolaemata	252	Animalia
4985072	1	1			1	1			1	1				Tricellaria inopinata d'Hondt & Occhipinti Ambrogi, 1985	Gymnolaemata	252	Animalia
4989904	0	0	0	3	0	0	0	3	0	0	0	3	0.6956619739153658	Harmonia axyridis (Pallas, 1773)	Insecta	216	Animalia
4990176	1	1			1	1			2	2				Rhyzobius forestieri (Mulsant, 1853)	Insecta	216	Animalia
5041422	3	3			3	3			1	1				Sceliphron curvatum (F.Smith, 1870)	Insecta	216	Animalia
5041466	3	3	1	1	3	3	3	3	1	1	2	2		Sceliphron caementarium (Drury, 1773)	Insecta	216	Animalia
5073820	1	1			1	1			1	3				Drosophila suzukii (Matsumura, 1931)	Insecta	216	Animalia
5123474	2	2	1	1	3	3	3	3	2	2	2	2		Anthophila nemorana (Hübner, 1799)	Insecta	216	Animalia
5153082	1	1			3	3			1	1				Homotoma ficus (Linnaeus, 1758)	Insecta	216	Animalia
5154481	2	2	2	2	3	3	2	2	3	3	3	3		Stictocephala bisonia Kopp & Yonke, 1977	Insecta	216	Animalia
5156102	2	3	3	3	2	3	3	3	2	3	3	3	1.0930864849181148	Leptoglossus occidentalis Heidemann, 1910	Insecta	216	Animalia
5179027	3	3	3	3	3	3	3	3	3	3	3	3		Scutigera coleoptrata Linnaeus, 1758	Chilopoda	360	Animalia
5185431	3	3	3	3	3	3	3	1	3	3	3	3		Aurelia coerulea von Lendenfeld, 1884	Scyphozoa	352	Animalia
5188971	0	3	3	3	0	3	2	3	0	3	2	3	0.7426107848050068	Rangia cuneata (G.B.Sowerby I, 1832)	Bivalvia	137	Animalia
5189032	2	2			2	3			2	3				Corbicula fluminalis (O.F.Müller, 1774)	Bivalvia	137	Animalia
5189713	2	2	1	1	1	1	1	1	3	3	3	3		Menetus dilatatus (A.Gould, 1841)	Gastropoda	225	Animalia
5189806	1	1	0	1	1	1	0	1	1	1	0	1	0.8784320700558648	Physella acuta (Draparnaud, 1805)	Gastropoda	225	Animalia
5191102	2	2	2	2	2	2	2	2	2	2	2	2		Monacha cantiana (Montagu, 1803)	Gastropoda	225	Animalia
5192470	0	0	0	0	0	0	0	0	0	0	0	0	0.6486022078408402	Potamopyrgus antipodarum (J.E.Gray, 1843)	Gastropoda	225	Animalia
5204019	2	2	2	2	1	1	1	1	2	2	2	2		Oncorhynchus mykiss (Walbaum, 1792)			Animalia
5218786	3	3	3	3	3	3	3	3	3	3	3	3	1.2672254658429603	Procyon lotor (Linnaeus, 1758)	Mammalia	359	Animalia
5219681	2	2			1	1			3	2				Sciurus carolinensis Gmelin, 1788	Mammalia	359	Animalia
5219858	2	3	2	2	2	3	3	3	2	3	3	3	0.941073559116552	Ondatra zibethicus (Linnaeus, 1766)	Mammalia	359	Animalia
5220136	1	3	1	3	1	3	1	3	1	3	1	3	0.7918231076841143	Dama dama (Linnaeus, 1758)	Mammalia	359	Animalia
5227775	1	1	1	1	2	3	3	3	1	1	1	1		Phasianus versicolor Vieillot, 1825	Aves	212	Animalia
5227966	3	1			3	1			3	3			1.121609408395153	Lophura nycthemera (Linnaeus, 1758)	Aves	212	Animalia
5228033	1	1			2	2			2	2				Chrysolophus amherstiae (Leadbeater, 1829)	Aves	212	Animalia
5228034	3	3	1	1	3	3	1	2	3	3	1	3	1.0378353185066573	Chrysolophus pictus (Linnaeus, 1758)	Aves	212	Animalia
5228080	0	3	1	1	0	2	1	1	0	1	2	1	0.16528730884914813	Callipepla californica (Shaw, 1798)	Aves	212	Animalia
5228229	0	1			0	1			0	1			0.14928734430926638	Balearica regulorum (E.T.Bennett, 1834)	Aves	212	Animalia
5229055	3	1	1	2	3	1	1	1	3	1	1	2	1.0282386513957167	Psittacula eupatria (Linnaeus, 1766)	Aves	212	Animalia
5229204	2	2	3	1	1	1	1	1	2	2	1	1		Eudocimus ruber (Linnaeus, 1758)	Aves	212	Animalia
5229205	3	3	3	3	3	3	2	3	3	3	3	2	1.3883012713256433	Eudocimus albus (Linnaeus, 1758)	Aves	212	Animalia
5229249	1	3	1	1	1	3	1	1	1	3	1	1	0.8785140949890896	Sterna dougallii Montagu, 1813	Aves	212	Animalia
5231398	2	2			1	1			2	2				Leiothrix lutea (Scopoli, 1786)	Aves	212	Animalia
5232432	3	2			3	2			3	2			1.1660726363394724	Cereopsis novaehollandiae Latham, 1801	Aves	212	Animalia
5232437	3	3	0	1	3	3	0	1	3	3	0	1	1.1025653812379739	Branta canadensis (Linnaeus, 1758)	Aves	212	Animalia
5232451	0	0	0	1	0	0	0	1	0	0	0	1	0.6681856653196475	Branta ruficollis (Pallas, 1769)	Aves	212	Animalia
5232452	1	0	1	1	1	0	1	1	1	0	1	1	0.940048382963978	Branta hutchinsii (Richardson, 1832)	Aves	212	Animalia
5275404	1	1			1	1			1	1			0.5086365463631937	Pteris cretica L.	Polypodiopsida	7228684	Plantae
5275415	2	3			2	3			2	3			0.9546394600602744	Pteris multifida Poir.	Polypodiopsida	7228684	Plantae
5281901	3	3	3	3	3	3	3	3	3	3	3	3	1.1388729839827272	Campylopus introflexus (Hedw.) Brid.	Bryopsida	327	Plantae
5284237	1	1	3	3	1	1	3	2	1	1	3	2	0.9675871044824298	Cryptomeria japonica (Thunb. ex L.f.) D.Don	Pinopsida	194	Plantae
5284809	1	3	1	3	1	3	1	3	1	3	1	3	0.9386128069378731	Pinus nigra J.F.Arnold	Pinopsida	194	Plantae
5284827	0	3			0	3			0	3			0.43219259924172604	Picea sitchensis (Bong.) Carrière	Pinopsida	194	Plantae
5284884	1	3	1	1	1	3	1	1	1	3	1	1	0.7572160120743278	Picea abies (L.) H.Karst.	Pinopsida	194	Plantae
5284950	1	1	3	2	1	1	1	1	1	1	2	2	0.9491978415672202	Picea omorika (Pancic) Purk.	Pinopsida	194	Plantae
5284982	1	1	1	1	1	1	1	1	1	1	1	1	0.9247994588897729	Pinus strobus L.	Pinopsida	194	Plantae
5285074	1	1			1	1			1	1				Pinus wallichiana A.B.Jacks.	Pinopsida	194	Plantae
5285565	3	3	1	3	3	3	1	3	3	3	1	3	1.0117344016725638	Pinus pinaster Aiton	Pinopsida	194	Plantae
5285637	1	0	1	1	1	0	1	1	1	0	1	1	0.8627357314046152	Pinus sylvestris L.	Pinopsida	194	Plantae
5289503	0	1	1	1	1	1	1	3	1	1	1	3	0.518021967787039	Typha laxmannii Lepech.	Liliopsida	196	Plantae
5289643	2	2	0	1	1	1	0	1	2	2	0	1		Apera interrupta (L.) P.Beauv.	Liliopsida	196	Plantae
5289666	1	3	1	3	1	3	1	3	1	3	1	3	0.8898809976036398	Setaria faberi R.A.W.Herrm.	Liliopsida	196	Plantae
5289679	1	1			1	1			1	1			0.8647058316495414	Setaria parviflora (Poir.) Kerguélen	Liliopsida	196	Plantae
5289684	3	3	3	3	3	3	3	3	3	3	3	3	1.082273094335523	Setaria viridis (L.) P.Beauv.	Liliopsida	196	Plantae
5289686	3	3	3	3	3	3	3	3	3	3	3	3	1.173301625251627	Setaria verticillata (L.) P.Beauv.	Liliopsida	196	Plantae
5289693	3	3	3	3	3	3	3	3	3	3	3	3	1.2088457183869858	Setaria pumila (Poir.) Roem. & Schult.	Liliopsida	196	Plantae
5289698	1	1			1	1			1	1			0.8761021800353073	Setaria italica (L.) P.Beauv.	Liliopsida	196	Plantae
5289744	3	3	1	3	3	3	1	3	3	3	1	3	1.015384386981552	Phalaris canariensis L.	Liliopsida	196	Plantae
5289756	0	0	0	0	0	0	0	0	0	0	0	0	0.8026478844591561	Phalaris arundinacea L.	Liliopsida	196	Plantae
5289833	0	0	1	1	0	0	1	1	0	0	1	1	0.7616122237875032	Nassella tenuissima (Trin.) Barkworth	Liliopsida	196	Plantae
5289906	1	0	2	0	1	0	1	0	1	0	1	0	0.7387900892124166	Rostraria cristata (L.) Tzvelev	Liliopsida	196	Plantae
5289913	3	3	3	2	3	3	3	3	3	3	3	2	1.2235568283672003	Polypogon maritimus Willd.	Liliopsida	196	Plantae
5289917	3	3	3	3	3	3	3	3	3	3	3	3	1.0862532210944358	Polypogon monspeliensis (L.) Desf.	Liliopsida	196	Plantae
5289919	3	3	3	3	3	3	3	3	3	3	3	3	1.0867501384289615	Polypogon viridis (Gouan) Breistr.	Liliopsida	196	Plantae
5289972	3	3	3	3	3	3	3	3	3	3	3	3	1.1987312446728156	Digitaria sanguinalis (L.) Scop.	Liliopsida	196	Plantae
5289998	1	1			1	1			1	1			0.8666196726116159	Digitaria ciliaris (Retz.) Koeler	Liliopsida	196	Plantae
5290052	1	3	1	3	1	3	1	3	1	3	1	3	0.9898193765281973	Zea mays L.	Liliopsida	196	Plantae
5290177	3	3	3	3	3	3	3	3	3	3	3	3	1.3273514279256258	Lagurus ovatus L.	Liliopsida	196	Plantae
5290192	1	1			1	1			1	1				Cenchrus longisetus M.C.Johnst.	Liliopsida	196	Plantae
5296178	1	1	1	1	1	1	1	1	1	1	1	1	0.8278374287087316	Sisyrinchium montanum Greene	Liliopsida	196	Plantae
5296218	2	2			1	1			3	3				Sisyrinchium californicum (Ker Gawl.) Dryand.	Liliopsida	196	Plantae
5296432	1	1			1	1			3	3				Sisyrinchium striatum Sm.	Liliopsida	196	Plantae
5297966	1	1			1	1			1	1				Iris xiphium L.	Liliopsida	196	Plantae
5298069	3	3	1	3	3	3	1	3	3	3	1	3	1.142633888832225	Iris ×germanica L.	Liliopsida	196	Plantae
5298126	3	3	3	2	3	1	3	2	1	1	3	3	1.0263152610550659	Iris sibirica L.	Liliopsida	196	Plantae
5298765	3	3	2	2	3	1	2	2	1	1	2	2	1.0205536835888989	Iris foetidissima L.	Liliopsida	196	Plantae
5299536	3	3	3	1	3	3	3	1	3	1	3	1	1.139017095823065	Tulipa sylvestris L.	Liliopsida	196	Plantae
5303040	2	2			1	1			2	2				Thalia dealbata Fraser	Liliopsida	196	Plantae
5304187	2	2	2	2	2	2	2	2	2	2	2	2		Triteleia laxa Benth.	Liliopsida	196	Plantae
5304257	1	1	1	3	1	1	1	3	1	1	1	3	0.909501586883443	Hyacinthoides hispanica (Mill.) Rothm.	Liliopsida	196	Plantae
5304294	3	3	3	3	3	3	3	3	3	3	3	3	1.4491814240181884	Hyacinthoides ×massartiana Geerinck	Liliopsida	196	Plantae
5328593	3	3	3	3	3	3	3	3	3	1	3	1	1.158505807750672	Aponogeton distachyos L.f.	Liliopsida	196	Plantae
5328909	3	3	3	3	3	3	3	3	3	3	3	3	1.3257497138510521	Sagittaria latifolia Willd.	Liliopsida	196	Plantae
5329212	1	1	3	1	1	1	3	1	1	1	3	1	1.0042033967427255	Elodea nuttallii (Planch.) H.St.John	Liliopsida	196	Plantae
5329263	1	1	1	1	1	1	1	1	1	1	1	1	0.49668067695270185	Elodea densa (Planch.) Casp.	Liliopsida	196	Plantae
5330001	3	3			2	2			2	1				Dracunculus vulgaris Schott	Liliopsida	196	Plantae
5330085	3	3	2	2	3	1	1	1	3	3	2	2	1.4546837550164686	Wolffia columbiana H.Karst.	Liliopsida	196	Plantae
5330661	3	3	3	3	3	3	3	3	3	3	3	3	1.2067421876151303	Arum italicum Mill.	Liliopsida	196	Plantae
5331238	1	1	1	1	1	1	1	1	1	1	2	2		Viola sororia Willd.	Magnoliopsida	220	Plantae
5332305	1	1			2	3			2	2				Ostrya carpinifolia Scop.	Magnoliopsida	220	Plantae
5333294	3	3	3	3	3	3	3	3	3	3	3	3	1.1746044592016402	Castanea sativa Mill.	Magnoliopsida	220	Plantae
5334227	1	1	1	1	1	1	1	1	1	1	2	2	0.8994403281326264	Lonicera caprifolium L.	Magnoliopsida	220	Plantae
5334240	3	3	3	1	3	3	2	1	3	3	2	1	1.1785069743748469	Lonicera japonica Thunb.	Magnoliopsida	220	Plantae
5334242	3	3	1	3	3	3	1	3	3	3	1	3	1.1989735286698089	Lonicera tatarica L.	Magnoliopsida	220	Plantae
5334351	3	3	3	3	3	3	3	3	3	3	3	3	1.185101132093639	Fallopia baldschuanica (Regel) Holub	Magnoliopsida	220	Plantae
5334527	2	2			3	3			2	2				Limnanthes douglasii R.Br.	Magnoliopsida	220	Plantae
5341112	2	2			2	1			1	2				Phyla nodiflora (L.) Greene	Magnoliopsida	220	Plantae
5341201	3	3	3	3	3	3	3	3	3	3	3	3	1.3606216918353287	Anchusa officinalis L.	Magnoliopsida	220	Plantae
5341203	0	0			0	0			0	1			0.3070449894116513	Pulmonaria saccharata Mill.	Magnoliopsida	220	Plantae
5341204	1	3	1	3	1	3	1	3	1	3	1	3	0.9684686241908453	Pulmonaria officinalis L.	Magnoliopsida	220	Plantae
5341373	3	3	3	3	3	3	3	3	3	3	3	3	1.4648708472129837	Scutellaria altissima L.	Magnoliopsida	220	Plantae
5341387	1	0	0	0	1	0	0	0	1	0	0	0	0.8483564620082209	Hyssopus officinalis L.	Magnoliopsida	220	Plantae
5341442	3	0			3	0			3	0			1.050861694759678	Thymus vulgaris L.	Magnoliopsida	220	Plantae
5341497	3	3	2	1	3	3	2	1	3	3	2	1	1.0876561297470901	Nepeta racemosa Lam.	Magnoliopsida	220	Plantae
5341501	3	3	3	3	3	3	3	3	3	3	3	3	1.3144771153920018	Melissa officinalis L.	Magnoliopsida	220	Plantae
5341540	1	1			1	1			3	1				Gilia achilleifolia Benth.	Magnoliopsida	220	Plantae
5341558	0	0			0	0			0	0			0.2976899412470855	Gilia tricolor Benth.	Magnoliopsida	220	Plantae
5341754	3	3	3	3	3	3	3	3	3	3	3	3	1.2154591489339974	Nicandra physalodes (L.) Gaertn.	Magnoliopsida	220	Plantae
5341784	1	1			1	1			1	1			0.9652949438417873	Physalis peruviana L.	Magnoliopsida	220	Plantae
5347846	3	3	1	0	3	3	1	0	3	3	1	0	1.015612343060766	Lathyrus oleraceus Lam.	Magnoliopsida	220	Plantae
5350005	3	3	3	3	3	3	3	3	3	3	3	3	1.2293642445112078	Coronilla varia L.	Magnoliopsida	220	Plantae
5350466	1	1			1	1			2	3				Phaseolus coccineus L.	Magnoliopsida	220	Plantae
5352251	3	3	3	3	3	3	3	3	3	3	3	3	1.2909381409165104	Robinia pseudoacacia L.	Magnoliopsida	220	Plantae
5353590	3	3			3	3			3	3			1.2677875941573014	Cercis siliquastrum L.	Magnoliopsida	220	Plantae
5354707	2	3	2	3	2	3	2	3	3	3	3	3		Cytisus striatus (Hill) Rothm.	Magnoliopsida	220	Plantae
5355395	3	2	1	1	3	2	1	1	3	3	1	3	1.2783590569627725	Spartium junceum L.	Magnoliopsida	220	Plantae
5356345	3	3	1	1	3	3	1	1	3	3	1	1	1.0983147520805059	Laburnum anagyroides Medik.	Magnoliopsida	220	Plantae
5356514	1	1	2	2	1	1	1	1	1	1	2	2	0.8711526695847184	Lathyrus odoratus L.	Magnoliopsida	220	Plantae
5356517	3	3	3	3	3	3	3	3	3	3	3	3	1.3194617300271618	Lathyrus latifolius L.	Magnoliopsida	220	Plantae
5356662	2	2	1	1	1	1	1	1	3	2	3	1		Lathyrus niger (L.) Bernh.	Magnoliopsida	220	Plantae
5356704	1	1			1	1			1	1				Lathyrus vernus (L.) Bernh.	Magnoliopsida	220	Plantae
5357407	3	1	3	1	3	1	3	1	3	1	3	1	1.0579206015166736	Amorpha fruticosa L.	Magnoliopsida	220	Plantae
5358265	1	1	1	1	2	2	1	1	2	3	2	3		Ornithopus compressus L.	Magnoliopsida	220	Plantae
5358266	3	3	1	1	3	3	1	1	3	3	1	1	1.1215873484384267	Ornithopus sativus Brot.	Magnoliopsida	220	Plantae
5358694	1	1	1	1	1	1	1	1	1	1	1	1	0.901582397140982	Trifolium glomeratum L.	Magnoliopsida	220	Plantae
5358907	3	3	1	3	3	3	1	3	3	3	1	3	1.11186681037456	Trifolium alexandrinum L.	Magnoliopsida	220	Plantae
5359175	3	3	1	3	3	3	1	3	3	3	1	3	1.0946038982555004	Trifolium resupinatum L.	Magnoliopsida	220	Plantae
5359249	2	2	1	1	2	2	3	3	2	2	2	3		Trifolium rubens L.	Magnoliopsida	220	Plantae
5359378	3	3	3	3	3	3	3	3	3	3	3	3	1.3728402091021576	Trifolium incarnatum L.	Magnoliopsida	220	Plantae
5359395	1	1			3	3			3	3				Trifolium angustifolium L.	Magnoliopsida	220	Plantae
5359660	1	1			1	1			1	1			0.9389618100860364	Glycine max (L.) Merr.	Magnoliopsida	220	Plantae
5361762	1	1	1	0	1	1	1	0	1	1	1	0	0.7321274808031316	Myriophyllum heterophyllum Michx.	Magnoliopsida	220	Plantae
5361785	1	1	1	0	1	1	1	0	1	1	1	0	0.8695000454517405	Myriophyllum aquaticum (Vell.) Verdc.	Magnoliopsida	220	Plantae
5361880	3	3	3	3	3	3	3	3	3	3	3	3	1.1900953213540655	Cannabis sativa L.	Magnoliopsida	220	Plantae
5361888	1	1	3	3	1	1	1	1	1	1	2	2	0.836092011273888	Morus nigra L.	Magnoliopsida	220	Plantae
5361889	1	1			1	1			1	1				Morus alba L.	Magnoliopsida	220	Plantae
5361909	3	3	1	1	3	3	1	1	3	3	1	1	1.0916274278346156	Ficus carica L.	Magnoliopsida	220	Plantae
5361944	1	1			1	1			1	1			0.719672011057861	Broussonetia papyrifera (L.) L'Hér. ex Vent.	Magnoliopsida	220	Plantae
5361982	1	1			1	1			1	1			0.8556147941033544	Sedum hispanicum L.	Magnoliopsida	220	Plantae
5362004	3	3	3	3	3	3	3	3	3	3	3	3	1.1412568621037253	Sedum sarmentosum Bunge	Magnoliopsida	220	Plantae
5362054	1	3	3	3	1	3	3	1	1	1	3	1	0.989326132870308	Crassula helmsii (Kirk) Cockayne	Magnoliopsida	220	Plantae
5362136	2	2			1	1			2	2				Aruncus dioicus (Walter) Fernald	Magnoliopsida	220	Plantae
5362215	3	3	2	2	3	3	1	1	3	3	2	3	1.019234216980166	Cydonia oblonga Mill.	Magnoliopsida	220	Plantae
5362573	1	3	1	3	1	3	1	3	1	3	1	3	0.984567899763116	Pyrus communis L.	Magnoliopsida	220	Plantae
5363613	3	3	3	3	3	3	2	3	3	3	2	3	1.092182474776353	Aronia ×prunifolia (Marshall) Rehder	Magnoliopsida	220	Plantae
5363627	1	1			1	1			1	1			0.7658892857248865	Aronia melanocarpa (Michx.) Elliott	Magnoliopsida	220	Plantae
5365305	1	1	1	0	1	1	1	0	1	1	1	0	0.9761342434484208	Potentilla norvegica L.	Magnoliopsida	220	Plantae
5365705	0	0	0	0	0	0	0	0	0	0	0	0	0.8690830260425436	Potentilla intermedia L.	Magnoliopsida	220	Plantae
5365717	3	3	3	3	3	3	3	3	3	3	3	3	1.4042280834129612	Potentilla indica (Andrews) Th.Wolf	Magnoliopsida	220	Plantae
5367294	3	3	3	3	3	3	3	3	3	3	3	3	1.1479796780686224	Potentilla recta L.	Magnoliopsida	220	Plantae
5369784	3	3	3	3	3	3	3	3	3	3	3	3	1.2363413109102588	Geum macrophyllum Willd.	Magnoliopsida	220	Plantae
5370006	0	0	3	3	0	0	1	1	0	0	2	2	0.49829501036125606	Geum ternatum (Stephan) Smedmark	Magnoliopsida	220	Plantae
5370380	3	3	1	2	3	3	1	2	3	3	1	2	1.0150445738830145	Dasiphora fruticosa (L.) Rydb.	Magnoliopsida	220	Plantae
5371450	3	3	3	3	3	3	3	3	3	3	3	3	1.0688499357281742	Kerria japonica (L.) DC.	Magnoliopsida	220	Plantae
5371605	1	1	2	1	1	1	1	1	2	3	1	3		Tolmiea menziesii (Pursh) Torr. & A.Gray	Magnoliopsida	220	Plantae
5371655	3	3			1	1			2	3				Halesia carolina L.	Magnoliopsida	220	Plantae
5371699	2	2			2	2			2	2				Hepatica nobilis Schreb.	Magnoliopsida	220	Plantae
5371702	2	3	0	0	0	3	0	0	0	3	0	0	0.985762049934551	Nigella damascena L.	Magnoliopsida	220	Plantae
5371709	1	1	1	1	3	3	3	3	3	3	3	3		Adonis annua L.	Magnoliopsida	220	Plantae
5371746	1	3	3	3	1	3	3	3	1	3	3	3	0.9805396334547092	Anthriscus cerefolium (L.) Hoffm.	Magnoliopsida	220	Plantae
5371753	3	3	2	2	3	3	1	1	3	3	3	2	1.2333069386248618	Visnaga daucoides Gaertn.	Magnoliopsida	220	Plantae
5371772	3	3	1	1	3	3	1	1	3	3	1	1	1.0154996653924258	Levisticum officinale W.D.J.Koch	Magnoliopsida	220	Plantae
5371808	3	3	3	3	3	3	3	3	3	3	3	3	1.1028690291920433	Angelica archangelica L.	Magnoliopsida	220	Plantae
5371889	1	1	1	1	1	1	1	1	1	1	1	1	0.9273370254643852	Oenanthe pimpinelloides L.	Magnoliopsida	220	Plantae
5372392	3	3	1	0	3	3	1	0	3	3	1	0	1.0597903873013412	Vitis vinifera L.	Magnoliopsida	220	Plantae
5372614	1	0			1	0			1	0			0.7932062097829742	Salix eriocephala Michx.	Magnoliopsida	220	Plantae
5372639	3	1	1	1	1	1	1	1	1	1	1	1	1.002656828341898	Salix babylonica L.	Magnoliopsida	220	Plantae
5372647	1	1	0	1	1	1	0	1	1	1	0	1	0.9237339515460156	Salix pentandra L.	Magnoliopsida	220	Plantae
5372655	3	3	1	3	3	3	1	3	3	3	1	2	1.2021723787357044	Salix eleagnos Scop.	Magnoliopsida	220	Plantae
5372875	1	1			2	2			3	3				Salix myrsinifolia Salisb.	Magnoliopsida	220	Plantae
5373124	3	3	1	1	1	1	3	3	3	3	3	3		Malcolmia maritima (L.) W.T.Aiton	Magnoliopsida	220	Plantae
5373160	0	0	0	0	0	0	0	0	0	0	0	0	0.31807137332346197	Malcolmia flexuosa (Sm.) Sm.	Magnoliopsida	220	Plantae
5373324	3	3	3	3	3	3	3	3	3	3	3	3	1.3087174022655386	Lunaria annua L.	Magnoliopsida	220	Plantae
5373358	3	3	3	0	3	3	3	0	3	3	3	0	1.3797532837563997	Lobularia maritima (L.) Desv.	Magnoliopsida	220	Plantae
5373368	3	3	3	3	3	3	3	3	3	3	3	3	1.0741639802689968	Rapistrum rugosum (L.) All.	Magnoliopsida	220	Plantae
5374118	3	3	0	0	3	3	0	0	3	3	0	0	1.4056860331319339	Isatis tinctoria L.	Magnoliopsida	220	Plantae
5374614	1	1	1	3	1	1	1	3	1	1	1	3	0.9298809766996281	Barbarea stricta Andrz. ex Besser	Magnoliopsida	220	Plantae
5374672	3	3	1	1	3	3	1	1	3	3	1	1	1.0760810759349124	Barbarea verna (Mill.) Asch.	Magnoliopsida	220	Plantae
5374922	1	2			1	1			1	2			0.6276689253753549	Arabis caucasica Willd.	Magnoliopsida	220	Plantae
5375012	2	2	1	1	1	1	1	1	3	3	3	3		Arabis procurrens Waldst. & Kit.	Magnoliopsida	220	Plantae
5375920	3	3	3	3	3	3	3	3	3	3	3	3	1.1947030888210877	Eruca vesicaria (L.) Cav.	Magnoliopsida	220	Plantae
5376179	3	3			1	1			3	3				Hornungia petraea (L.) Rchb.	Magnoliopsida	220	Plantae
5376309	2	2			3	3			2	2				Diplotaxis erucoides (L.) DC.	Magnoliopsida	220	Plantae
5376565	1	1	1	1	1	1	1	1	1	1	1	1	0.8938767733809562	Lepidium sativum L.	Magnoliopsida	220	Plantae
5376648	3	3	3	3	3	3	3	3	3	3	3	3	1.1383023776755774	Lepidium virginicum L.	Magnoliopsida	220	Plantae
5376692	3	3	3	3	3	3	3	3	3	3	3	3	1.171812204613925	Lepidium latifolium L.	Magnoliopsida	220	Plantae
5376961	3	3	3	3	3	3	3	3	3	3	3	3	1.1213597658413708	Lepidium draba L.	Magnoliopsida	220	Plantae
5377060	3	3	3	3	3	3	3	3	3	3	3	3	1.1820411603088703	Lepidium didymum L.	Magnoliopsida	220	Plantae
5377064	3	1			3	1			3	1			1.0168733390035432	Lepidium densiflorum Schrad.	Magnoliopsida	220	Plantae
5377163	3	3			1	1			2	2				Iberis amara L.	Magnoliopsida	220	Plantae
5377303	3	3			3	3			3	3			1.0585234213111494	Iberis umbellata L.	Magnoliopsida	220	Plantae
5377378	2	2	1	1	2	2	1	1	3	2	3	2		Matthiola incana (L.) W.T.Aiton	Magnoliopsida	220	Plantae
5377778	3	0			3	0			3	0			1.0278546813404692	Aurinia saxatilis (L.) Desv.	Magnoliopsida	220	Plantae
5383936	0	0			0	0			0	0			0.7715455390828588	Bassia scoparia (L.) A.J.Scott	Magnoliopsida	220	Plantae
5383969	3	3	1	3	3	3	1	3	3	3	1	3	1.074307519310711	Blitum virgatum L.	Magnoliopsida	220	Plantae
5383971	2	3			1	1			2	3				Blitum capitatum L.	Magnoliopsida	220	Plantae
5384334	1	1			1	1			1	1			0.758082151693672	Amaranthus viridis L.	Magnoliopsida	220	Plantae
5384361	1	0	1	1	1	0	1	1	1	0	1	1	0.861575350551123	Amaranthus bouchonii Thell.	Magnoliopsida	220	Plantae
5384364	3	3	3	3	3	3	3	3	3	3	3	3	1.2886243077536286	Amaranthus hybridus L.	Magnoliopsida	220	Plantae
5384390	3	3			3	3			3	3			1.0737180720153665	Amaranthus cruentus L.	Magnoliopsida	220	Plantae
5384395	3	3			3	3			3	3			1.0413701269935545	Amaranthus blitoides S.Watson	Magnoliopsida	220	Plantae
5384396	1	3			1	3			1	3			0.9992757676945503	Amaranthus deflexus L.	Magnoliopsida	220	Plantae
5384466	2	2	1	1	2	2	2	2	1	1	2	2		Gypsophila elegans M.Bieb.	Magnoliopsida	220	Plantae
5384741	3	3	3	3	3	3	3	3	3	3	3	3	1.322128509753546	Silene coronaria (L.) Clairv.	Magnoliopsida	220	Plantae
5384818	1	1			1	1			1	1			0.9117672800378511	Silene dichotoma Ehrh.	Magnoliopsida	220	Plantae
5384848	3	1	3	1	3	1	3	1	3	1	3	1	1.0690312885606852	Silene gallica L.	Magnoliopsida	220	Plantae
5384931	3	3	2	2	3	3	2	2	3	1	3	3	1.21172784015658	Houttuynia cordata Thunb.	Magnoliopsida	220	Plantae
5384932	3	1	3	2	3	1	3	3	3	1	3	2	1.2072253487526117	Saururus cernuus L.	Magnoliopsida	220	Plantae
5384950	2	2			2	2			2	2				Eclipta prostrata (L.) L.	Magnoliopsida	220	Plantae
5386938	3	3	3	3	3	3	3	3	3	3	3	3	1.252699433087284	Tragopogon porrifolius L.	Magnoliopsida	220	Plantae
5387639	3	3			3	3			3	3			1.4081674407271116	Aster ageratoides Turcz.	Magnoliopsida	220	Plantae
5388595	3	1	1	1	3	1	2	2	3	1	2	2	1.0553092234398531	Jacobaea maritima (L.) Pelser & Meijden	Magnoliopsida	220	Plantae
5389017	3	3	3	3	3	3	3	3	3	3	3	3	1.2396701616748427	Solidago gigantea Aiton	Magnoliopsida	220	Plantae
5389029	3	3	3	3	3	3	3	3	3	3	3	3	1.0409991530555869	Solidago canadensis L.	Magnoliopsida	220	Plantae
5389173	3	3	3	3	3	3	3	3	3	3	3	3	1.0227467607868295	Telekia speciosa (Schreb.) Baumg.	Magnoliopsida	220	Plantae
5390636	1	0			1	0			1	0			0.782777231951009	Cota austriaca (Jacq.) Sch.Bip.	Magnoliopsida	220	Plantae
5391480	3	3	3	3	3	3	3	3	3	3	3	3	1.2742454777699637	Calendula officinalis L.	Magnoliopsida	220	Plantae
5391599	1	1			1	1			1	1			0.6957778332118073	Chamaemelum nobile (L.) All.	Magnoliopsida	220	Plantae
5392083	0	0	0	0	0	0	0	0	0	0	0	0	0.6168431953213457	Bidens connata Muhl. ex Willd.	Magnoliopsida	220	Plantae
5392145	1	3	1	2	1	3	1	3	1	3	1	2	0.9876739074379352	Bidens radiata Thuill.	Magnoliopsida	220	Plantae
5392174	3	3	3	3	3	3	3	3	3	3	3	3	1.222526324099275	Bidens frondosa L.	Magnoliopsida	220	Plantae
5392243	3	3	0	0	3	3	0	1	3	3	0	1	1.1814398462846416	Cichorium endivia L.	Magnoliopsida	220	Plantae
5392683	3	3	1	3	3	3	1	3	3	3	1	3	1.1332692579305577	Echinops exaltatus Schrad.	Magnoliopsida	220	Plantae
5392859	3	3	3	3	3	3	3	3	3	3	3	3	1.3312462108918441	Echinops bannaticus Rochel ex Schrad.	Magnoliopsida	220	Plantae
5392883	3	3	1	2	3	3	1	2	3	3	1	3	1.0387646609663348	Echinops sphaerocephalus L.	Magnoliopsida	220	Plantae
5395475	1	1			1	1			2	3				Ligularia dentata (A.Gray) H.Hara	Magnoliopsida	220	Plantae
5396125	3	0	1	1	1	0	1	1	2	0	1	1		Eurybia divaricata (L.) G.L.Nesom	Magnoliopsida	220	Plantae
5396474	1	1	1	1	1	1	3	2	1	1	2	2	0.8876800027034492	Heliopsis helianthoides (L.) Sweet	Magnoliopsida	220	Plantae
5400552	1	1			1	1			3	3				Ageratina altissima (L.) R.M.King & H.Rob.	Magnoliopsida	220	Plantae
5401007	1	2	2	2	1	2	1	1	1	2	2	2	0.7748192768145422	Leucanthemum ×superbum (Bergmans ex J.W.Ingram) D.H.Kent	Magnoliopsida	220	Plantae
5401760	1	3	3	3	1	3	1	1	1	3	2	2	0.9928384304324499	Ageratum houstonianum Mill.	Magnoliopsida	220	Plantae
5403272	1	1	1	1	1	1	2	3	1	1	1	1	0.5959608235414008	Crepis pulchra L.	Magnoliopsida	220	Plantae
5403541	1	1	1	1	1	1	1	1	2	3	1	1		Crepis bursifolia L.	Magnoliopsida	220	Plantae
5406741	1	1			1	1			1	1			0.7875074839725741	Sida spinosa L.	Magnoliopsida	220	Plantae
5406789	3	3	0	0	3	3	0	0	3	3	0	0	1.2638926127535361	Alcea rosea L.	Magnoliopsida	220	Plantae
5407810	3	3			3	3			3	3			1.2627524735056852	Trachelium caeruleum L.	Magnoliopsida	220	Plantae
5408087	3	3	3	3	3	3	3	3	3	3	3	3	1.2389184329947742	Lobelia erinus L.	Magnoliopsida	220	Plantae
5408682	3	3	2	1	3	3	2	2	3	3	2	2	1.3120017339229006	Lobelia pedunculata R.Br.	Magnoliopsida	220	Plantae
5409120	1	1			3	3			3	3				Lobelia siphilitica L.	Magnoliopsida	220	Plantae
5410151	3	3	3	2	3	3	1	0	3	3	1	0	1.3694551593206445	Campanula poscharskyana Degen	Magnoliopsida	220	Plantae
5410210	1	3			1	1			1	2			0.7525912870685418	Campanula fenestrellata Feer	Magnoliopsida	220	Plantae
5410411	3	3	3	3	3	3	3	3	3	3	3	3	1.3701873635156112	Campanula portenschlagiana Schult.	Magnoliopsida	220	Plantae
5410826	2	3			2	3			2	3				Campanula carpatica Jacq.	Magnoliopsida	220	Plantae
5411408	3	1	1	1	3	1	1	1	3	1	1	1	1.0351083393636067	Campanula latifolia L.	Magnoliopsida	220	Plantae
5414239	3	3	3	1	1	3	3	1	1	1	3	1	0.9759701898765416	Ilex crenata Thunb.	Magnoliopsida	220	Plantae
5414551	2	2	1	1	2	2	3	3	2	3	3	1		Vincetoxicum nigrum (L.) Moench	Magnoliopsida	220	Plantae
5414932	1	1	1	1	3	3	3	3	2	3	1	1		Chelone obliqua L.	Magnoliopsida	220	Plantae
5414959	1	1			3	3			2	2				Collinsia heterophylla Buist ex Graham	Magnoliopsida	220	Plantae
5415012	3	3	0	0	1	3	0	0	1	3	0	0	1.0028510618774507	Linaria purpurea (L.) Mill.	Magnoliopsida	220	Plantae
5415016	3	3	2	3	3	3	0	1	3	3	0	1	1.3605005812847915	Linaria maroccana Hook.fil.	Magnoliopsida	220	Plantae
5415039	3	3	3	3	3	3	3	3	3	3	3	3	1.1459545039364218	Syringa vulgaris L.	Magnoliopsida	220	Plantae
5415054	1	1			1	1			1	1			0.8653073651798597	Forsythia ×intermedia Zabel	Magnoliopsida	220	Plantae
5415453	1	1	1	1	1	1	1	1	3	3	3	3		Acanthus spinosus L.	Magnoliopsida	220	Plantae
5415455	0	0	3	3	0	0	3	3	0	0	1	1	0.416899679668626	Acanthus mollis L.	Magnoliopsida	220	Plantae
5415463	1	1	1	1	1	1	1	1	2	3	3	3		Thunbergia alata Bojer ex Sims	Magnoliopsida	220	Plantae
5420957	1	0			2	0			2	0				Clarkia unguiculata Lindl.	Magnoliopsida	220	Plantae
5420978	2	2	1	1	2	2	2	3	2	2	2	3		Clarkia amoena (Lehm.) A.Nelson & J.F.Macbr.	Magnoliopsida	220	Plantae
5420991	1	1	0	2	1	1	0	2	1	1	0	2	0.8433945675805126	Ludwigia peploides (Kunth) P.H.Raven	Magnoliopsida	220	Plantae
5421039	2	3	3	0	0	3	3	0	0	3	1	0	0.9668960183114881	Ludwigia grandiflora (Michx.) Greuter & Burdet	Magnoliopsida	220	Plantae
5421180	1	3	2	3	1	3	1	1	1	3	1	1	0.9571971051780414	Koelreuteria paniculata Laxm.	Magnoliopsida	220	Plantae
5530829	3	3			1	1			2	3				Corydalis cheilanthifolia Hemsl.	Magnoliopsida	220	Plantae
5530881	1	3			3	2			3	2			1.0104317740766402	Corydalis cava (L.) Schweigg. & Körte	Magnoliopsida	220	Plantae
5533814	2	2	1	1	2	2	1	1	2	2	2	2		Ilex ×meserveae S.Y.Hu	Magnoliopsida	220	Plantae
5538946	1	1	1	1	1	1	1	1	1	1	1	3	0.8448936280372751	Pimpinella peregrina L.	Magnoliopsida	220	Plantae
5549949	1	1	1	1	1	1	1	1	2	2	2	2		Liriope muscari (Decne.) L.H.Bailey	Liliopsida	196	Plantae
5551241	1	1	2	2	1	1	1	1	1	1	2	2	0.8344108289546193	Iberis sempervirens L.	Magnoliopsida	220	Plantae
5554574	1	1			1	1			1	1			0.7882009087635	Tetragonia tetragonoides (Pall.) Kuntze	Magnoliopsida	220	Plantae
5561475	3	3	1	1	3	3	1	1	3	3	1	3	1.0408844196787626	Chaenostoma cordatum Benth.	Magnoliopsida	220	Plantae
5567694	1	1	1	2	1	1	1	1	1	1	1	1	0.8274525893317652	Bergenia crassifolia (L.) Fritsch	Magnoliopsida	220	Plantae
5568339	3	3	1	1	3	3	1	1	3	3	1	1	1.0677704630368854	Dysphania pumilio (R.Br.) Mosyakin & Clemants	Magnoliopsida	220	Plantae
5568428	1	3			1	3			1	3			0.9787197265429091	Dysphania botrys (L.) Mosyakin & Clemants	Magnoliopsida	220	Plantae
5568446	3	3	3	3	3	3	3	3	3	3	3	3	1.0795957942420873	Dysphania ambrosioides (L.) Mosyakin & Clemants	Magnoliopsida	220	Plantae
5582033	3	3	1	1	3	3	1	2	3	3	1	2	1.023541914130856	Salix udensis (Wimm.) Trautv. & C.A.Mey.	Magnoliopsida	220	Plantae
5584240	3	3			1	1			2	2				Silene schafta J.G.Gmel. ex Hohen.	Magnoliopsida	220	Plantae
5584611	1	1			1	1			3	3				Silene chalcedonica (L.) E.H.L.Krause	Magnoliopsida	220	Plantae
5587240	1	3			1	3			1	3			0.9935251409703151	Silene vulgaris subsp. vulgaris	Magnoliopsida	220	Plantae
5598598	1	1	0	2	1	1	0	2	1	1	0	2	0.8308068339798864	Lonicera acuminata Wall.	Magnoliopsida	220	Plantae
5598839	1	1			1	1			3	3				Lonicera ×purpusii Rehder	Magnoliopsida	220	Plantae
5598915	0	0	1	0	0	0	1	0	0	0	1	0	0.904401331292429	Lonicera pileata Oliv.	Magnoliopsida	220	Plantae
5671747	1	1			1	1			1	1			0.9434018815906022	Cenchrus alopecuroides (L.) Thunb.	Liliopsida	196	Plantae
5676646	1	1			1	1			1	1			0.7893188507573579	Digitaria aequiglumis (Hack. & Arechav.) Parodi	Liliopsida	196	Plantae
5701337	1	1			3	3			1	1				Dahlia ×cultorum Thorsrud & Reisaeter	Magnoliopsida	220	Plantae
5712981	3	3	1	1	3	3	3	3	3	3	1	1		Coccus hesperidum Linnaeus, 1758	Insecta	216	Animalia
5806954	3	3	3	3	3	3	3	3	3	3	3	3	1.448658055760663	Tarsostenus carus (Newman, 1840)	Insecta	216	Animalia
5825913	1	3	1	1	1	3	1	1	1	3	1	1	0.9674338769787393	Pinus nigra subsp. laricio (Poir.) Maire	Pinopsida	194	Plantae
5828216	0	1	1	2	0	1	1	3	0	1	1	2	0.644048777700972	Cenchrus flaccidus (Griseb.) Morrone	Liliopsida	196	Plantae
5831060	0	0	3	2	0	0	3	0	0	0	3	0	0.4877210770898105	Crepis foetida subsp. rhoeadifolia (M.Bieb.) Celak.	Magnoliopsida	220	Plantae
5846290	3	1	3	1	3	1	3	2	3	1	3	2	1.042655810488675	Saxicola maurus (Pallas, 1773)	Aves	212	Animalia
5851603	3	3	3	3	3	3	3	3	3	3	3	3	1.3591309764187585	Leuciscus aspius (Linnaeus, 1758)			Animalia
5864277	1	1			2	2			2	2				Gammarus roeselii Gervais, 1835	Malacostraca	229	Animalia
5892120	2	2			1	1			2	2				Girardia tigrina (Girard, 1850)			Animalia
5930559	3	3	3	3	3	3	3	3	3	3	3	3	1.0993957749325738	Ilex ×altaclerensis (Loudon) Dallim.	Magnoliopsida	220	Plantae
5959231	1	3	2	3	1	3	2	3	1	3	2	3	0.9662749986020267	Ara ararauna (Linnaeus, 1758)	Aves	212	Animalia
6027089	3	3	3	3	3	3	3	3	3	3	3	3	1.4313759559709436	Smyrnium perfoliatum L.	Magnoliopsida	220	Plantae
6027176	3	1			1	1			3	1				Opopanax chironium (L.) W.D.J.Koch	Magnoliopsida	220	Plantae
6085036	3	1	1	1	3	1	1	1	3	1	1	1	1.1183228251575668	Vulpia ciliata subsp. ciliata	Liliopsida	196	Plantae
6096602	3	3	3	3	3	3	3	3	3	3	3	3	1.1403662913385446	Lophocolea semiteres (Lehm.) Mitt.	Jungermanniopsida	126	Plantae
6098843	2	2	2	3	0	0	0	3	0	0	0	1	0.9698262038582206	Ctenolepisma longicaudatum Escherich, 1905	Insecta	216	Animalia
6100941	1	1			1	1			2	2				Sturnia pagodarum (Gmelin, 1789)	Aves	212	Animalia
6100962	3	3			2	3			3	3				Urocissa erythroryncha (Boddaert, 1783)	Aves	212	Animalia
6101223	3	3			1	1			3	3				Spilopelia senegalensis (Linnaeus, 1766)	Aves	212	Animalia
6101224	1	1			3	3			1	1				Spilopelia chinensis (Scopoli, 1786)	Aves	212	Animalia
6109534	3	3	3	3	3	3	3	3	3	3	3	3	1.112075258091976	Amaranthus retroflexus L.	Magnoliopsida	220	Plantae
6109535	3	3	3	3	3	3	3	3	3	3	1	3	1.044307116048423	Trifolium hybridum L.	Magnoliopsida	220	Plantae
6109611	3	3	1	3	3	3	1	3	3	3	1	3	1.2612531171950923	Amaranthus caudatus L.	Magnoliopsida	220	Plantae
6109637	3	3	3	3	3	3	3	3	3	3	3	3	1.1624940309352498	Cynodon dactylon (L.) Pers.	Liliopsida	196	Plantae
6109699	0	0			0	0			0	0			0.4411328239359106	Phoenix dactylifera L.	Liliopsida	196	Plantae
6132234	1	1			3	3			1	1				Rhynchophorus ferrugineus (A.G.Olivier, 1791)	Insecta	216	Animalia
6157026	0	0	0	0	0	0	0	0	0	0	0	0	0.6693822692702194	Trachemys scripta elegans (Wied, 1838)	Testudines	11418114	Animalia
6157035	0	0	0	0	0	0	0	0	0	0	0	0	0.5274940904141224	Trachemys scripta troostii (Holbrook, 1836)	Testudines	11418114	Animalia
6161327	1	1			1	1			3	3				Natrix tessellata (Laurenti, 1768)	Squamata	11592253	Animalia
6164210	2	2	3	2	2	3	3	3	1	1	1	1		Canis lupus familiaris Linnaeus, 1758	Mammalia	359	Animalia
6300805	1	0	1	1	1	0	1	1	1	0	1	1	0.7692865269958219	Pilosella bauhini (Schult.) Arv.-Touv.	Magnoliopsida	220	Plantae
6362904	1	1	3	3	1	1	3	1	1	1	3	1	0.914732682784741	Populus trichocarpa Torr. & A.Gray ex Hook.	Magnoliopsida	220	Plantae
6363863	3	3	3	3	1	1	1	1	1	1	2	1		Arenaria montana L.	Magnoliopsida	220	Plantae
6369819	1	1	0	1	1	1	1	1	1	1	1	1	0.6570398607750207	Sambucus canadensis L.	Magnoliopsida	220	Plantae
6374953	1	1			3	3			2	2				Helleborus orientalis Lam.	Magnoliopsida	220	Plantae
6376340	3	0	1	3	3	0	1	3	3	0	1	3	1.039435624917305	Thalictrum aquilegiifolium L.	Magnoliopsida	220	Plantae
6387003	0	0	0	0	0	0	0	0	0	0	0	0	0.889522656410027	Equisetum praealtum Raf.	Polypodiopsida	7228684	Plantae
6391417	1	3			3	3			3	3			1.0139188041395215	Rumex thyrsiflorus Fingerh.	Magnoliopsida	220	Plantae
6409536	0	0	0	0	0	0	0	1	0	0	0	1	0.6097609128679926	Ballota nigra subsp. nigra	Magnoliopsida	220	Plantae
6411098	0	0	0	0	0	0	0	0	0	0	0	0	0.837967199289342	Lamium galeobdolon subsp. argentatum (Smejkal) J.Duvign.	Magnoliopsida	220	Plantae
6443709	3	3	3	3	3	3	3	3	3	3	3	3	1.157370123561376	Tragopogon dubius Scop.	Magnoliopsida	220	Plantae
6449041	1	1			1	1			1	1			0.7926428720198307	Panicum miliaceum subsp. miliaceum	Liliopsida	196	Plantae
6476679	3	3	1	1	3	3	1	1	3	3	3	3	1.2902402345004496	Caenoplana variegata (Fletcher & Hamilton, 1888)			Animalia
6550091	1	1			1	1			1	1			0.7660308013439143	Actinidia chinensis var. deliciosa (A.Chev.) A.Chev.	Magnoliopsida	220	Plantae
7062200	0	0	1	0	0	0	1	0	0	0	1	0	0.8372413117048628	Trachemys scripta scripta	Testudines	11418114	Animalia
7068379	1	1	0	0	1	1	0	0	1	1	0	0	0.8784923494861797	Vicia sativa subsp. sativa	Magnoliopsida	220	Plantae
7068845	1	3			1	3			1	3			0.9566466408429389	Beta vulgaris subsp. vulgaris	Magnoliopsida	220	Plantae
7095665	3	3	3	3	3	3	3	3	3	1	3	3	1.0487104875500513	Claytonia perfoliata subsp. perfoliata	Magnoliopsida	220	Plantae
7102937	1	1	2	2	1	1	2	2	1	1	2	2	0.7749723975441953	Euonymus japonicus Thunb.	Magnoliopsida	220	Plantae
7111792	1	1	1	3	1	1	1	3	1	1	1	1	0.9426254554580418	Lotus corniculatus subsp. corniculatus	Magnoliopsida	220	Plantae
7127354	0	0	3	3	0	0	1	1	0	0	1	1	0.5364785644863576	Cyclamen coum Mill.	Magnoliopsida	220	Plantae
7127810	0	0	0	0	0	0	0	0	0	0	0	0	0.6096770576402433	Cyclamen hederifolium Aiton	Magnoliopsida	220	Plantae
7135755	3	3	3	3	3	3	1	3	3	3	1	1	1.2116791455258447	Rhododendron luteum Sweet	Magnoliopsida	220	Plantae
7156971	2	0	2	3	2	0	3	3	1	0	1	1		Oxalis triangularis A.St.-Hil.	Magnoliopsida	220	Plantae
7157952	1	2			1	1			1	1				Dryopteris erythrosora (D.C.Eaton) Kuntze	Polypodiopsida	7228684	Plantae
7158449	2	3			1	1			2	1				Polystichum polyblepharon (Roem. ex Kunze) C.Presl	Polypodiopsida	7228684	Plantae
7162908	2	1	3	3	1	1	1	1	2	1	1	1		Convolvulus tricolor L.	Magnoliopsida	220	Plantae
7172720	2	2			1	1			1	1				Sedum dasyphyllum L.	Magnoliopsida	220	Plantae
7172831	2	2	2	2	2	2	1	1	2	2	2	2		Phedimus aizoon (L.) 't Hart	Magnoliopsida	220	Plantae
7224157	1	1	1	1	1	1	1	1	1	1	1	1	0.8983881079309085	Pastinaca sativa subsp. sativa	Magnoliopsida	220	Plantae
7224427	0	0	1	0	0	1	1	0	0	1	1	0	0.8124390056476849	Trifolium hybridum subsp. hybridum	Magnoliopsida	220	Plantae
7225471	1	1	0	1	1	1	0	1	1	1	0	1	0.9567541187863381	Vicia villosa subsp. villosa	Magnoliopsida	220	Plantae
7226776	2	1	0	1	2	1	0	1	2	1	0	1	0.8923833444796444	Setaria verticillata var. verticillata	Liliopsida	196	Plantae
7226794	0	1			0	1			0	1			0.7656229765134802	Bromus japonicus subsp. japonicus	Liliopsida	196	Plantae
7263145	1	1	1	1	1	1	1	1	3	3	3	3		Acer rufinerve Siebold & Zucc.	Magnoliopsida	220	Plantae
7266343	1	0			1	0			1	0			0.5108936872247933	Salix purpurea subsp. purpurea	Magnoliopsida	220	Plantae
7267630	1	1			2	2			2	2				Dianthus giganteus d'Urv.	Magnoliopsida	220	Plantae
7291264	3	3	3	3	3	3	1	3	3	3	1	3	1.0718341710134474	Bistorta amplexicaulis (D.Don) Greene	Magnoliopsida	220	Plantae
7291643	1	1	1	1	1	1	1	1	2	2	2	2		Persicaria filiformis (Thunb.) Nakai	Magnoliopsida	220	Plantae
7298987	3	3			1	1			1	3				Centranthus calcitrapae (L.) Dufr.	Magnoliopsida	220	Plantae
7303104	2	2			1	1			2	2				Plantago afra L.	Magnoliopsida	220	Plantae
7307327	3	3			3	3			3	3			1.2349225907377728	Agastache rugosa (Fisch. & C.A.Mey.) Kuntze	Magnoliopsida	220	Plantae
7308335	1	1			1	1			1	1			0.8988111172353783	Mentha spicata subsp. spicata	Magnoliopsida	220	Plantae
7309012	1	1			2	2			3	3				Callicarpa bodinieri H.Lév.	Magnoliopsida	220	Plantae
7315063	3	3			3	3			3	3			1.1647114407748325	Pseudofumaria alba (Mill.) Lidén	Magnoliopsida	220	Plantae
7315072	3	3	3	3	3	3	2	2	3	3	2	2	1.185332985495365	Papaver atlanticum (Ball) Coss.	Magnoliopsida	220	Plantae
7315286	1	3	1	1	1	3	1	1	1	3	1	1	0.9278177328605028	Fumaria muralis Koch	Magnoliopsida	220	Plantae
7319302	1	1			1	1			1	1			0.9148731302893125	Dryopteris cycadina (Franch. & Sav.) C.Chr.	Polypodiopsida	7228684	Plantae
7322292	1	1			1	1			1	1			0.9144931123800992	Oenothera ×cambrica Rostanski	Magnoliopsida	220	Plantae
7322529	2	0			2	0			2	0			0.9576963807386302	Oenothera ×rubricaulis Kleb.	Magnoliopsida	220	Plantae
7325877	1	1			1	1			1	1				Fraxinus angustifolia Vahl	Magnoliopsida	220	Plantae
7327990	3	3	3	3	3	3	3	3	3	3	3	3	1.1391834902801306	Rhododendron ponticum L.	Magnoliopsida	220	Plantae
7331861	1	1			1	1			1	1			0.8401722811425087	Cymbalaria muralis subsp. muralis	Magnoliopsida	220	Plantae
7332415	3	3	3	3	3	3	3	2	3	3	3	3	1.2416255967739342	Chaenorhinum origanifolium (L.) Fourr.	Magnoliopsida	220	Plantae
7334368	3	2			2	3			2	2				Umbilicus rupestris (Salisb.) Dandy	Magnoliopsida	220	Plantae
7344766	1	1	1	1	1	1	1	1	3	3	1	1		Rudbeckia fulgida Aiton	Magnoliopsida	220	Plantae
7346102	3	3	3	3	3	3	3	3	3	3	3	3	1.1271170710186273	Erythranthe guttata (DC.) G.L.Nesom	Magnoliopsida	220	Plantae
7350989	1	1			1	1			1	1			0.7758239703837985	Nepeta ×faassenii Bergmans ex Stearn	Magnoliopsida	220	Plantae
7358677	1	1			1	1			1	1			0.7793800332834919	Populus nigra var. italica (Moench) Koehne	Magnoliopsida	220	Plantae
7358948	3	3			3	3			3	3			1.210761957621198	Lasius neglectus Van Loon, Boomsma & Andrasfalvy, 1990	Insecta	216	Animalia
7393329	2	2			2	2			2	2				Cucurbita moschata (Duchesne) Duchesne ex Poir.	Magnoliopsida	220	Plantae
7400250	1	3	1	0	1	3	1	0	1	3	1	0	0.950976799961561	Platanus ×hispanica Mill. ex Münchh.	Magnoliopsida	220	Plantae
7403263	3	3	1	1	3	3	1	1	3	3	1	1	1.042402075151676	Lactuca sativa L.	Magnoliopsida	220	Plantae
7409013	0	0			0	0			0	0			0.7417663876813115	Prunus domestica subsp. insititia (L.) Bonnier & Layens	Magnoliopsida	220	Plantae
7427542	1	1			1	1			2	2				Aleurotuba jelinekii (Frauenfeld, 1867)	Insecta	216	Animalia
7433196	3	3	3	3	3	2	1	1	3	3	3	3	1.2868295922357187	Euonymus latifolius (L.) Mill.	Magnoliopsida	220	Plantae
7437751	1	3	1	1	1	1	1	1	1	1	1	1	0.8342842428099777	Urtica membranacea Poir. ex Savigny	Magnoliopsida	220	Plantae
7443846	3	1			3	1			3	1			1.1094022968357775	Dipsacus strigosus Willd.	Magnoliopsida	220	Plantae
7461690	2	2	1	1	2	2	1	1	3	3	3	3		Phragmidium mexicanum (Mains) H.Y.Yun, Minnis & Aime	Pucciniomycetes	270	Fungi
7466434	3	3	3	3	3	3	3	3	3	3	3	3	1.1589391352160858	Pastinaca sativa subsp. urens (Req. ex Godr.) Celak.	Magnoliopsida	220	Plantae
7520678	1	1			1	1			3	1				Striosubulina striatella (Rang, 1831)	Gastropoda	225	Animalia
7540164	0	0	0	0	0	0	0	0	0	0	0	0	0.4544838804975445	Arion vulgaris Moquin-Tandon, 1855	Gastropoda	225	Animalia
7544073	1	1			1	1			3	3				Saxifraga ×arendsii Engl.	Magnoliopsida	220	Plantae
7560711	2	2			1	1			2	2				Oxalis tetraphylla Cav.	Magnoliopsida	220	Plantae
7564934	1	1			1	1			2	2				Odontites jaubertianus (Boreau) D.Dietr. ex Walp.	Magnoliopsida	220	Plantae
7619206	3	1			3	1			3	1				Erodium trifolium (Cav.) Cav.	Magnoliopsida	220	Plantae
7627205	3	3	1	3	3	3	1	3	3	3	1	3	1.0303405661523504	Glebionis coronaria (L.) Tzvelev	Magnoliopsida	220	Plantae
7636833	1	1	1	1	2	3	1	1	2	3	3	3		Syringa josikaea J.Jacq. ex Rchb.	Magnoliopsida	220	Plantae
7645931	0	1	1	1	0	1	1	1	0	1	3	1	0.6701098685249637	Salix acutifolia Willd.	Magnoliopsida	220	Plantae
7671397	3	3	1	1	3	3	1	1	3	3	1	1	1.1308780237362037	Phuopsis stylosa (Trin.) G.Nicholson	Magnoliopsida	220	Plantae
7678610	3	3	3	3	3	3	3	3	3	3	3	3	1.3088087317231685	Raphanus sativus L.	Magnoliopsida	220	Plantae
7681436	0	1	2	3	0	1	2	2	0	1	2	1	0.8583538533729743	Cytisus multiflorus (L'Hér.) Sweet	Magnoliopsida	220	Plantae
7695021	3	3	2	2	2	2	1	1	2	2	1	1		Epimedium alpinum L.	Magnoliopsida	220	Plantae
7732986	0	0			0	0			0	0			0.8517299427389494	Stropharia aurantiaca (Cooke) P.D.Orton	Agaricomycetes	186	Fungi
7733140	3	3	3	3	3	3	3	3	3	3	3	3	1.1919414770755121	Bellardia viscosa (L.) Fisch. & C.A.Mey.	Magnoliopsida	220	Plantae
7738766	0	0	0	2	0	0	0	1	0	0	0	1	0.7039146112256544	Miscanthus sacchariflorus (Maxim.) Benth. & Hook.f. ex Franch.	Liliopsida	196	Plantae
7740617	2	2	3	3	1	1	1	1	2	2	1	1		Skimmia japonica Thunb.	Magnoliopsida	220	Plantae
7747216	1	3	1	3	1	3	1	3	1	3	1	3	0.8776141131173207	Aira caryophyllea L.	Liliopsida	196	Plantae
7749287	1	2			1	2			1	2			0.9314810977443355	Petasites albus (L.) Gaertn.	Magnoliopsida	220	Plantae
7753992	2	3			3	3			3	2				Helix lucorum Linnaeus, 1758	Gastropoda	225	Animalia
7763534	3	3	1	1	3	3	3	3	3	3	3	3	1.0757419047497827	Lauritrioza alacris (Flor, 1861)	Insecta	216	Animalia
7764700	0	0	1	2	0	0	1	2	0	0	1	2	0.8491071075006041	Lonicera pileata var. yunnanensis (Franch.) Bernd Schulz	Magnoliopsida	220	Plantae
7790614	1	1			1	1			2	3				Crataegus coccinea L.	Magnoliopsida	220	Plantae
7795888	3	3	3	3	3	3	3	3	3	3	3	3	1.2032427382290993	Triticum aestivum L.	Liliopsida	196	Plantae
7802465	3	2	3	3	3	0	3	3	3	0	3	3	1.1638774982284548	Nymphaea ×marliacea Lat.-Marl.	Magnoliopsida	220	Plantae
7810918	3	3	1	3	3	3	1	3	3	3	1	3	1.0616886193134414	Scrophularia vernalis L.	Magnoliopsida	220	Plantae
7818643	1	2	1	1	1	2	2	2	1	3	2	2	0.9797411148949376	Prunus armeniaca L.	Magnoliopsida	220	Plantae
7820753	1	3	1	3	1	3	1	3	1	3	1	3	0.8782663172510706	Magallana gigas (Thunberg, 1793)	Bivalvia	137	Animalia
7828157	3	3	2	0	3	3	2	0	3	3	1	0	1.0227759345794165	Petroselinum crispum (Mill.) Fuss	Magnoliopsida	220	Plantae
7844167	3	3	3	3	3	3	3	3	3	3	3	3	1.1543750709697127	Colutea arborescens L.	Magnoliopsida	220	Plantae
7855120	2	3	1	1	2	3	1	2	2	3	1	2		Odontites luteus (L.) Clairv.	Magnoliopsida	220	Plantae
7881150	1	0	1	2	1	0	1	2	1	0	1	1	0.9554359728713474	Polygonatum ×hybridum Brügger	Liliopsida	196	Plantae
7889822	0	0	1	0	0	0	1	0	0	0	0	0	0.7468395035850093	Spiraea ×billardii Hérincq	Magnoliopsida	220	Plantae
7901652	3	3	2	2	3	3	2	2	3	3	1	1	1.1594537559005031	Viola ×wittrockiana Gams ex Kappert	Magnoliopsida	220	Plantae
7902463	2	2			1	1			3	1				Lonicera maackii (Rupr.) Maxim.	Magnoliopsida	220	Plantae
7903057	3	3	3	3	3	3	3	3	3	3	3	3	1.1524777094176808	Brassica rapa L.	Magnoliopsida	220	Plantae
7903764	3	1			3	1			3	1			1.0402429145140122	Senecio sarracenicus L.	Magnoliopsida	220	Plantae
7905507	3	3	1	1	2	3	1	1	2	3	1	1		Amaranthus albus L.	Magnoliopsida	220	Plantae
7915783	3	0	3	0	1	0	3	0	1	0	3	0	1.0049095096001017	Oenothera ×fallax Renner	Magnoliopsida	220	Plantae
7925720	3	3			2	2			2	2				Poterium sanguisorba subsp. polygamum (Waldst. & Kit.) Asch. & Graebn.	Magnoliopsida	220	Plantae
7967494	1	1			3	3			1	1				Aconitum ×cammarum L.	Magnoliopsida	220	Plantae
7978544	1	1	1	1	1	1	1	1	1	1	1	1	0.9239323397862987	Hydrocotyle ranunculoides L.fil.	Magnoliopsida	220	Plantae
7989836	0	0	0	0	0	0	0	0	0	0	0	0	0.49676207461176713	Symphytum caucasicum M.Bieb.	Magnoliopsida	220	Plantae
8002952	3	3	3	3	3	3	3	3	3	3	3	3	1.2340398211292727	Ambrosia artemisiifolia L.	Magnoliopsida	220	Plantae
8012439	3	3	3	3	3	3	3	3	3	3	3	3	1.2469117623839998	Symphoricarpos albus (L.) K.Koch	Magnoliopsida	220	Plantae
8014163	1	1	1	3	1	1	1	3	1	1	1	3	0.7216330124218748	Ambigolimax valentianus (A.Férussac, 1821)	Gastropoda	225	Animalia
8031875	1	1			1	1			2	2				Dasiphora davurica (Nestl.) Kom. & Aliss.	Magnoliopsida	220	Plantae
8052025	1	1			1	1			1	1				Dicyphus escalerae Lindberg, 1934	Insecta	216	Animalia
8080743	0	0	0	2	0	0	1	3	0	0	1	2	0.7049703853157193	Scilla siberica Andrews	Liliopsida	196	Plantae
8091998	3	3	1	1	3	3	1	1	3	3	1	1	1.028607080931479	Gypsophila vaccaria (L.) Sm.	Magnoliopsida	220	Plantae
8116963	1	1			3	3			3	3				Acanthus hungaricus (Borbás) Baen.	Magnoliopsida	220	Plantae
8133114	3	3	1	1	3	3	1	1	3	1	2	2	1.0953276008875232	Aster amellus L.	Magnoliopsida	220	Plantae
8149049	1	1			1	1			1	1			0.9567090020743231	Wisteria sinensis (Sims) DC.	Magnoliopsida	220	Plantae
8149923	3	3	1	3	3	3	1	2	3	3	1	2	1.1330408580861808	Prunus persica (L.) Stokes	Magnoliopsida	220	Plantae
8153538	2	2			2	2			2	2				Oenothera ×oehlkersii Kappus	Magnoliopsida	220	Plantae
8168344	0	0	0	0	0	0	0	0	0	0	0	0	0.6273222275075603	Hedera hibernica Poit.	Magnoliopsida	220	Plantae
8170635	3	3	3	3	3	3	3	3	3	3	3	3	1.133813292181402	Spiraea japonica L.fil.	Magnoliopsida	220	Plantae
8183217	1	3	1	3	1	3	1	3	1	3	1	3	0.8736213132242087	Salix gmelinii Pall.	Magnoliopsida	220	Plantae
8190077	3	3	3	3	3	3	3	3	3	3	3	3	1.0742343424042093	Populus ×canadensis Moench	Magnoliopsida	220	Plantae
8190231	3	3	3	3	1	3	3	3	1	3	3	3	1.0058403872753794	Corbicula fluminea (O.F.Müller, 1774)	Bivalvia	137	Animalia
8193111	3	3	0	3	3	3	0	3	3	3	0	1	1.0488218868836061	Melilotus officinalis (L.) Lam.	Magnoliopsida	220	Plantae
8200663	3	3	3	3	3	3	3	3	3	3	3	3	1.3338932615469117	Cymbalaria muralis G.Gaertn., B.Mey. & Scherb.	Magnoliopsida	220	Plantae
8210972	2	2			2	2			2	2				Jacobaea ×albescens (Burb. & Colgan) Verloove & Lambinon	Magnoliopsida	220	Plantae
8287616	1	1			1	1			3	3				Linaria simplex (Willd.) DC.	Magnoliopsida	220	Plantae
8288647	0	0	0	0	0	0	0	0	0	0	0	0	0.5013481716405446	Pterocarya fraxinifolia (Poir.) Spach	Magnoliopsida	220	Plantae
8288930	0	0	0	0	0	0	0	0	0	0	0	0	0.6148281870735766	Pilosella piloselloides (Vill.) Soják	Magnoliopsida	220	Plantae
8298495	3	3	3	3	3	3	3	3	3	3	3	3	1.2219859673154851	Galinsoga quadriradiata Ruiz & Pav.	Magnoliopsida	220	Plantae
8313153	1	3	3	3	1	3	3	3	1	3	3	3	1.007934718976341	Quercus palustris Münchh.	Magnoliopsida	220	Plantae
8323485	0	0	2	3	0	0	2	3	0	0	1	1	0.37552534603901716	Haemorhous mexicanus (P.L.Statius Müller, 1776)	Aves	212	Animalia
8332019	1	3	1	1	1	3	1	1	1	3	2	3	0.9651208517978241	Hordeum distichon L.	Liliopsida	196	Plantae
8335191	2	1			2	1			2	1			0.9017898492573219	Oloptum miliaceum (L.) Röser & Hamasha	Liliopsida	196	Plantae
8342911	1	0			1	0			1	0			0.971580309352003	Papaver setiferum Goldblatt	Magnoliopsida	220	Plantae
8358048	1	1	1	1	2	1	1	1	2	2	3	3		Potentilla recta subsp. obscura (Willd.) Arcang.	Magnoliopsida	220	Plantae
8362005	0	1	3	2	1	1	3	2	1	1	1	2	0.7751134536072417	Sasa palmata (Burb.) E.G.Camus	Liliopsida	196	Plantae
8373355	3	3	1	2	3	3	1	2	3	3	1	2	1.525926004009074	Artemisia annua L.	Magnoliopsida	220	Plantae
8400045	1	1			3	3			1	1				Daboecia cantabrica (Huds.) K.Koch	Magnoliopsida	220	Plantae
8406661	2	2	1	1	2	2	3	1	2	2	1	1		Silene uniflora Roth	Magnoliopsida	220	Plantae
8408816	3	3			2	2			1	1				Colchicum ×byzantinum Ker Gawl.	Liliopsida	196	Plantae
8418338	3	3			2	3			2	3				Hydrocotyle sibthorpioides Lam.	Magnoliopsida	220	Plantae
8421432	1	1			1	1			2	2				Cornus sanguinea subsp. hungarica (Kárpáti) Soó	Magnoliopsida	220	Plantae
8427624	3	3	3	3	3	3	3	3	3	3	3	3	1.3576656442524886	Oxalis corniculata L.	Magnoliopsida	220	Plantae
8485639	1	3	1	3	1	3	1	3	1	3	1	3	0.8137324785224385	Ensis leei M.Huber, 2015	Bivalvia	137	Animalia
8537667	3	3	1	3	3	3	1	3	3	3	1	3	1.1484804329400669	Chondrilla juncea L.	Magnoliopsida	220	Plantae
8542672	1	1			1	1			1	1			0.8825981469368371	Cotula australis (Sieber ex Spreng.) Hook.fil.	Magnoliopsida	220	Plantae
8584304	3	3	1	3	1	3	1	3	1	3	1	3	1.0070036844022336	Guizotia abyssinica (L.fil.) Cass.	Magnoliopsida	220	Plantae
8599762	0	0	3	0	0	0	2	0	0	0	1	0	0.4014792275461704	Aproceros leucopoda Takeuchi, 1939	Insecta	216	Animalia
8699607	3	3			3	3			3	3			1.040710742623827	Mycosarcoma maydis (DC.) Bref.	Ustilaginomycetes	148	Fungi
8701771	3	3	3	3	3	3	3	3	3	3	3	3	1.4039555656083647	Obama nungara Carbayo, Alvarez-Presas, Jones & Riutort, 2016			Animalia
8740315	3	1			1	3			3	3				Marionfyfea adventor Jones & Sluys, 2016			Animalia
8741260	3	3	3	2	3	3	3	0	3	3	3	0	1.4179833944504812	Macrosaccus robiniella (Clemens, 1859)	Insecta	216	Animalia
8745918	2	2	2	2	2	3	3	3	2	3	3	3	0.8411863154516772	Deroceras invadens Reise, Hutchinson, Schunack & Schlitt, 2011	Gastropoda	225	Animalia
8790531	1	1			1	1			2	2				Lissachatina fulica (Bowdich, 1822)	Gastropoda	225	Animalia
8848208	3	3	1	1	3	3	1	2	3	3	1	3	1.0611982059834453	Koenigia polystachya (Wall. ex Meisn.) T.M.Schust. & Reveal	Magnoliopsida	220	Plantae
8889878	1	1			1	1			1	1			0.9465011568827238	Elaphe taeniura (Cope, 1861)	Squamata	11592253	Animalia
8909595	3	3	3	3	3	3	3	3	3	3	3	3	1.2690159075958638	Faxonius limosus (Rafinesque, 1817)	Malacostraca	229	Animalia
8911082	3	3	3	3	3	3	3	3	3	3	3	3	1.2450542623226333	Amaranthus blitum L.	Magnoliopsida	220	Plantae
8946295	3	3	3	1	3	3	1	1	3	3	2	1	1.165843965702992	Pontastacus leptodactylus (Eschscholtz, 1823)	Malacostraca	229	Animalia
8969026	1	1			1	1			1	1			0.9019778175320448	Physalis philadelphica Lam.	Magnoliopsida	220	Plantae
8993502	0	1			0	1			0	1			0.587615217588263	Silene italica (L.) Pers.	Magnoliopsida	220	Plantae
8994150	1	3	3	3	1	3	3	3	1	3	3	3	0.96293967911522	Oenothera parviflora L.	Magnoliopsida	220	Plantae
9018536	1	1	1	1	1	1	1	1	1	1	1	1		Koenigia campanulata (Hook.fil.) T.M.Schust. & Reveal	Magnoliopsida	220	Plantae
9073641	3	3	1	1	3	3	1	1	3	3	1	1	1.0718516707969463	Camelina sativa (L.) Crantz	Magnoliopsida	220	Plantae
9078997	2	2			2	2			2	2				Saissetia oleae (Olivier, 1791)	Insecta	216	Animalia
9080185	3	3	0	1	3	3	0	1	3	3	0	1	1.1334718971304556	Amaranthus hypochondriacus L.	Magnoliopsida	220	Plantae
9148577	1	3	1	3	1	3	1	3	1	3	1	3	0.9769229144214385	Alnus incana (L.) Moench	Magnoliopsida	220	Plantae
9151957	3	3	3	3	3	3	3	3	3	3	3	3	1.3192688140523867	Medicago sativa L.	Magnoliopsida	220	Plantae
9153437	3	1	3	1	3	1	3	1	3	1	3	2	1.0945596183110238	Salix daphnoides Vill.	Magnoliopsida	220	Plantae
9177060	1	3	3	3	1	3	3	3	1	3	3	3	0.986341964165204	Allium scorodoprasum L.	Liliopsida	196	Plantae
9182765	1	3			1	3			1	2			0.8205358157266611	Calendula arvensis L.	Magnoliopsida	220	Plantae
9185677	3	3			3	3			3	2				Podarcis siculus (Rafinesque-Schmaltz, 1810)	Squamata	11592253	Animalia
9188840	3	3	1	1	3	3	1	1	3	3	1	1	1.040102476671982	Epilobium ciliatum Raf.	Magnoliopsida	220	Plantae
9202318	3	3	3	3	3	3	3	3	3	3	3	3	1.1378194514809097	Symphyotrichum lanceolatum (Willd.) G.L.Nesom	Magnoliopsida	220	Plantae
9206251	3	3	3	3	3	3	3	3	3	3	3	3	1.0487172476327782	Helianthus annuus L.	Magnoliopsida	220	Plantae
9235549	0	0			0	0			0	0			0.6228438354186465	Sibirionetta formosa (Georgi, 1775)	Aves	212	Animalia
9254355	1	1			1	1			1	1				Lithotoma axillaris (Lindl.) E.B.Knox	Magnoliopsida	220	Plantae
9305555	3	3	3	3	3	3	3	3	1	3	3	3	1.0291502128633465	Spatula versicolor (Vieillot, 1816)	Aves	212	Animalia
9326020	1	1	1	1	1	1	1	1	1	1	1	1	0.8364578548252329	Gallus gallus (Linnaeus, 1758)	Aves	212	Animalia
9340142	1	1			1	1			1	1				Iris ×hollandica H.R.Wehrh.	Liliopsida	196	Plantae
9350124	1	1			2	3			2	3				Natrix helvetica (Lacépède, 1789)	Squamata	11592253	Animalia
9376410	1	1	1	1	1	3	2	2	1	2	3	3	0.9552143263707137	Delosperma cooperi (Hook.fil.) L.Bolus	Magnoliopsida	220	Plantae
9382645	1	1	1	1	1	1	1	1	2	2	3	3		Rosa virginiana Herrm.	Magnoliopsida	220	Plantae
9398259	3	1	3	1	3	1	3	1	1	1	1	1	1.0156294303840998	Sporobolus anglicus (C.E.Hubb.) P.M.Peterson & Saarela	Liliopsida	196	Plantae
9419993	0	3	3	3	0	2	2	1	0	2	2	1	0.6083321255095799	Erodium moschatum (L.) L'Hér.	Magnoliopsida	220	Plantae
9422220	0	1			0	1			0	1			0.6578228884474713	Spatula discors (Linnaeus, 1766)	Aves	212	Animalia
9440906	1	1			1	1			2	2				Sagina alexandrae Iamonico	Magnoliopsida	220	Plantae
9442269	1	1	1	1	3	3	3	3	3	3	2	3		Procambarus virginalis Lyko, 2017	Malacostraca	229	Animalia
9451184	0	3	1	0	0	1	1	0	0	1	1	0	0.7253085521671343	Pavo cristatus Linnaeus, 1758	Aves	212	Animalia
9496048	3	1			3	1			3	1			1.0204892096803722	Spatula hottentota (Eyton, 1838)	Aves	212	Animalia
9508460	1	1	1	1	1	1	1	1	1	1	1	1	0.9358088717740871	Mareca sibilatrix (Poeppig, 1829)	Aves	212	Animalia
9520065	0	0	0	0	0	0	0	0	0	0	0	0	0.4159695702176261	Ferrissia californica (Rowell, 1863)	Gastropoda	225	Animalia
9592414	2	2			2	2			2	2				Sporobolus michauxianus (Hitchc.) P.M.Peterson & Saarela	Liliopsida	196	Plantae
9606290	1	1			1	1			2	2				Meleagris gallopavo Linnaeus, 1758	Aves	212	Animalia
9673106	0	0	1	1	0	0	1	1	0	0	1	1	0.7069111133954926	Eriocapitella ×hybrida (L.H.Bailey) Christenh. & Byng	Magnoliopsida	220	Plantae
9752149	3	3	3	3	3	3	3	3	3	3	3	3	1.056504411665223	Phasianus colchicus Linnaeus, 1758	Aves	212	Animalia
9823072	3	3	3	3	3	3	3	3	3	3	3	3	1.1565212661702469	Oxalis stricta L.	Magnoliopsida	220	Plantae
9890104	2	2	2	2	1	1	1	1	1	1	1	1		Xeroplexa intersecta (Poiret, 1801)	Gastropoda	225	Animalia
10071055	3	3	3	3	3	3	3	3	3	3	3	3	1.0361946393990695	Scandosorbus ×intermedia (Ehrh.) Sennikov	Magnoliopsida	220	Plantae
10095118	1	1	1	1	2	2	2	2	2	2	2	2		Microcarbo pygmaeus (Pallas, 1773)	Aves	212	Animalia
10755213	0	0			0	0			0	0			0.7061014901847392	Narcissus hispanicus subsp. hispanicus	Liliopsida	196	Plantae
10769750	1	1			1	1			1	1			0.845395184489239	Pseudopodospermum hispanicum subsp. hispanicum	Magnoliopsida	220	Plantae
10786206	1	1			1	1			1	1			0.8671233323177144	Rhaphiolepis bibas (Lour.) Galasso & Banfi	Magnoliopsida	220	Plantae
10801424	2	2	1	1	2	2	1	1	3	3	3	3		Salvia yangii B.T.Drew	Magnoliopsida	220	Plantae
10852031	2	3			2	3			2	3				Oncosiphon pilulifer (L.fil.) Källersjö	Magnoliopsida	220	Plantae
10902460	1	0			2	0			1	0				Salvia rosmarinus Spenn.	Magnoliopsida	220	Plantae
10953644	3	2			3	2			2	2				Silene baccifera (L.) Durande	Magnoliopsida	220	Plantae
11007246	3	2	3	2	3	2	3	2	1	1	3	2	1.0413411032173345	Clinopodium menthifolium (Host) Merino	Magnoliopsida	220	Plantae
11104870	3	3			2	2			3	3				Cicada orni Linnaeus, 1758	Insecta	216	Animalia
11162940	1	1	1	1	1	1	1	1	1	1	1	1	0.9284563108371942	Phedimus spurius subsp. spurius	Magnoliopsida	220	Plantae
11921804	1	1			1	1			1	1				Anethum ridolfia Spalik & Reduron	Magnoliopsida	220	Plantae
12187916	1	2			1	2			1	2			0.7106242836831107	Tarenaya houtteana (Schltdl.) Soares Neto & Roalson	Magnoliopsida	220	Plantae
