taxonKey	taxonName	kingdom	class	year_2024_em_status_occupancy_FlandersNatura2000	year_2024_em_status_occs_FlandersNatura2000	year_2024_em_status_occupancy_Flanders	year_2024_em_status_occs_Flanders	year_2023_em_status_occupancy_FlandersNatura2000	year_2023_em_status_occs_FlandersNatura2000	year_2023_em_status_occupancy_Flanders	year_2023_em_status_occs_Flanders	year_2022_em_status_occupancy_FlandersNatura2000	year_2022_em_status_occs_FlandersNatura2000	year_2022_em_status_occupancy_Flanders	year_2022_em_status_occs_Flanders	mean_growth	clasKey
2153287	Zoropsis spinimana (Dufour, 1820)	Animalia	Arachnida	3	3	3	3	3	3	3	3	3	3	3	3	1.9955437835085037	367
3039269	Elaeagnus angustifolia L.	Plantae	Magnoliopsida	3	3	3	3	3	3	3	3	3	3	3	3	1.9552102443084658	220
1017419	Oxidus gracilis (C.L.Koch, 1847)	Animalia	Diplopoda	3	3	3	3	3	3	3	3	3	3	3	3	1.8470321701254973	361
2747939	Crocosmia ×crocosmiiflora (Lemoine) N.E.Br.	Plantae	Liliopsida	3	3	3	3	3	3	3	3	3	3	3	3	1.792973279687526	196
2020655	Corythucha ciliata (Say, 1832)	Animalia	Insecta	3	3	3	3	3	3	3	3	3	3	3	3	1.6454713099988965	216
3120692	Artemisia crithmifolia L.	Plantae	Magnoliopsida	3	3	3	3	3	3	3	3	3	3	3	3	1.5727059179864153	220
1579447	Exaireta spinigera (Wiedemann, 1830)	Animalia	Insecta	3	3	3	3	3	3	3	3	3	3	3	3	1.5158201804771798	216
3047621	Sinapis alba L.	Plantae	Magnoliopsida	3	3	3	3	3	3	3	3	3	3	3	3	1.5007644654138854	220
5341373	Scutellaria altissima L.	Plantae	Magnoliopsida	3	3	3	3	3	3	3	3	3	3	3	3	1.4648708472129837	220
5304294	Hyacinthoides ×massartiana Geerinck	Plantae	Liliopsida	3	3	3	3	3	3	3	3	3	3	3	3	1.4491814240181884	196
5806954	Tarsostenus carus (Newman, 1840)	Animalia	Insecta	3	3	3	3	3	3	3	3	3	3	3	3	1.448658055760663	216
2227300	Procambarus clarkii (Girard, 1852)	Animalia	Malacostraca	3	3	3	3	3	3	3	3	3	3	3	3	1.4345478191872454	229
6027089	Smyrnium perfoliatum L.	Plantae	Magnoliopsida	3	3	3	3	3	3	3	3	3	3	3	3	1.4313759559709436	220
2225772	Hemigrapsus sanguineus (De Haan, 1835)	Animalia	Malacostraca	3	3	3	3	3	3	3	3	3	3	3	3	1.4293384222917296	229
2888740	Centranthus ruber (L.) DC.	Plantae	Magnoliopsida	3	3	3	3	3	3	3	3	3	3	3	3	1.4167613250381677	220
2926110	Borago officinalis L.	Plantae	Magnoliopsida	3	3	3	3	3	3	3	3	3	3	3	3	1.4141726910317514	220
5365717	Potentilla indica (Andrews) Th.Wolf	Plantae	Magnoliopsida	3	3	3	3	3	3	3	3	3	3	3	3	1.4042280834129612	220
8701771	Obama nungara Carbayo, Alvarez-Presas, Jones & Riutort, 2016	Animalia		3	3	3	3	3	3	3	3	3	3	3	3	1.4039555656083647	
2840931	Goodyera repens (L.) R.Br.	Plantae	Liliopsida	3	3	3	3	3	3	3	3	3	3	3	3	1.3935901571271367	196
2890122	Geranium pyrenaicum Burm.f.	Plantae	Magnoliopsida	3	3	3	3	3	3	3	3	3	3	3	3	1.388002720815632	220
3084022	Phytolacca acinosa Roxb.	Plantae	Magnoliopsida	3	3	3	3	3	3	3	3	3	3	3	3	1.3837414601697478	220
5359378	Trifolium incarnatum L.	Plantae	Magnoliopsida	3	3	3	3	3	3	3	3	3	3	3	3	1.3728402091021576	220
3067353	Euphorbia characias L.	Plantae	Magnoliopsida	3	3	3	3	3	3	3	3	3	3	3	3	1.3704339496820357	220
5410411	Campanula portenschlagiana Schult.	Plantae	Magnoliopsida	3	3	3	3	3	3	3	3	3	3	3	3	1.3701873635156112	220
5341201	Anchusa officinalis L.	Plantae	Magnoliopsida	3	3	3	3	3	3	3	3	3	3	3	3	1.3606216918353287	220
3147168	Erigeron karvinskianus DC.	Plantae	Magnoliopsida	3	3	3	3	3	3	3	3	3	3	3	3	1.3603792821965381	220
5851603	Leuciscus aspius (Linnaeus, 1758)	Animalia		3	3	3	3	3	3	3	3	3	3	3	3	1.3591309764187585	
8427624	Oxalis corniculata L.	Plantae	Magnoliopsida	3	3	3	3	3	3	3	3	3	3	3	3	1.3576656442524886	220
3114225	Rudbeckia hirta L.	Plantae	Magnoliopsida	3	3	3	3	3	3	3	3	3	3	3	3	1.3548550271108386	220
3172077	Veronica persica Poir.	Plantae	Magnoliopsida	3	3	3	3	3	3	3	3	3	3	3	3	1.343161861426963	220
3067119	Euphorbia maculata L.	Plantae	Magnoliopsida	3	3	3	3	3	3	3	3	3	3	3	3	1.3411268588227683	220
2747564	Crocus tommasinianus Herb.	Plantae	Liliopsida	3	3	3	3	3	3	3	3	3	3	3	3	1.3386595312177574	196
2891770	Impatiens glandulifera Royle	Plantae	Magnoliopsida	3	3	3	3	3	3	3	3	3	3	3	3	1.3367896853788959	220
8200663	Cymbalaria muralis G.Gaertn., B.Mey. & Scherb.	Plantae	Magnoliopsida	3	3	3	3	3	3	3	3	3	3	3	3	1.3338932615469117	220
4201607	Phedimus spurius (M.Bieb.) 't Hart	Plantae	Magnoliopsida	3	3	3	3	3	3	3	3	3	3	3	3	1.3313697059772232	220
5392859	Echinops bannaticus Rochel ex Schrad.	Plantae	Magnoliopsida	3	3	3	3	3	3	3	3	3	3	3	3	1.3312462108918441	220
3033865	Mahonia aquifolium (Pursh) Nutt.	Plantae	Magnoliopsida	3	3	3	3	3	3	3	3	3	3	3	3	1.3304213159214984	220
5290177	Lagurus ovatus L.	Plantae	Liliopsida	3	3	3	3	3	3	3	3	3	3	3	3	1.3273514279256258	196
5328909	Sagittaria latifolia Willd.	Plantae	Liliopsida	3	3	3	3	3	3	3	3	3	3	3	3	1.3257497138510521	196
5384741	Silene coronaria (L.) Clairv.	Plantae	Magnoliopsida	3	3	3	3	3	3	3	3	3	3	3	3	1.322128509753546	220
5356517	Lathyrus latifolius L.	Plantae	Magnoliopsida	3	3	3	3	3	3	3	3	3	3	3	3	1.3194617300271618	220
3084719	Portulaca oleracea L.	Plantae	Magnoliopsida	3	3	3	3	3	3	3	3	3	3	3	3	1.3194291820307409	220
9151957	Medicago sativa L.	Plantae	Magnoliopsida	3	3	3	3	3	3	3	3	3	3	3	3	1.3192688140523867	220
3114229	Rudbeckia laciniata L.	Plantae	Magnoliopsida	3	3	3	3	3	3	3	3	3	3	3	3	1.3162179924924264	220
3042291	Hesperis matronalis L.	Plantae	Magnoliopsida	3	3	3	3	3	3	3	3	3	3	3	3	1.3161607430802267	220
2890287	Geranium nodosum L.	Plantae	Magnoliopsida	3	3	3	3	3	3	3	3	3	3	3	3	1.3146951420382003	220
5341501	Melissa officinalis L.	Plantae	Magnoliopsida	3	3	3	3	3	3	3	3	3	3	3	3	1.3144771153920018	220
3190653	Ailanthus altissima (Mill.) Swingle	Plantae	Magnoliopsida	3	3	3	3	3	3	3	3	3	3	3	3	1.3117976229166	220
7678610	Raphanus sativus L.	Plantae	Magnoliopsida	3	3	3	3	3	3	3	3	3	3	3	3	1.3088087317231685	220
5373324	Lunaria annua L.	Plantae	Magnoliopsida	3	3	3	3	3	3	3	3	3	3	3	3	1.3087174022655386	220
3084015	Phytolacca americana L.	Plantae	Magnoliopsida	3	3	3	3	3	3	3	3	3	3	3	3	1.3081587290752845	220
3085623	Petrorhagia saxifraga (L.) Link	Plantae	Magnoliopsida	3	3	3	3	3	3	3	3	3	3	3	3	1.3079927661410276	220
2975667	Galega officinalis L.	Plantae	Magnoliopsida	3	3	3	3	3	3	3	3	3	3	3	3	1.2991340320650338	220
3117449	Erigeron annuus (L.) Pers.	Plantae	Magnoliopsida	3	3	3	3	3	3	3	3	3	3	3	3	1.2986161016270916	220
5352251	Robinia pseudoacacia L.	Plantae	Magnoliopsida	3	3	3	3	3	3	3	3	3	3	3	3	1.2909381409165104	220
5384364	Amaranthus hybridus L.	Plantae	Magnoliopsida	3	3	3	3	3	3	3	3	3	3	3	3	1.2886243077536286	220
2965331	Medicago ×varia Martyn	Plantae	Magnoliopsida	3	3	3	3	3	3	3	3	3	3	3	3	1.286538477048067	220
2925870	Amsinckia menziesii (Lehm.) A.Nelson & J.F.Macbr.	Plantae	Magnoliopsida	3	3	3	3	3	3	3	3	3	3	3	3	1.2848584487340862	220
2889373	Fagopyrum esculentum Moench	Plantae	Magnoliopsida	3	3	3	3	3	3	3	3	3	3	3	3	1.2841386291614663	220
3003979	Rosa rugosa Thunb.	Plantae	Magnoliopsida	3	3	3	3	3	3	3	3	3	3	3	3	1.2835388567414605	220
3188894	Oenothera glazioviana Micheli	Plantae	Magnoliopsida	3	3	3	3	3	3	3	3	3	3	3	3	1.2830097811454213	220
3089146	Xanthium orientale L.	Plantae	Magnoliopsida	3	3	3	3	3	3	3	3	3	3	3	3	1.2828711886714437	220
5391480	Calendula officinalis L.	Plantae	Magnoliopsida	3	3	3	3	3	3	3	3	3	3	3	3	1.2742454777699637	220
3085360	Saponaria officinalis L.	Plantae	Magnoliopsida	3	3	3	3	3	3	3	3	3	3	3	3	1.2727517834575297	220
2926130	Pentaglottis sempervirens (L.) Tausch ex L.H.Bailey	Plantae	Magnoliopsida	3	3	3	3	3	3	3	3	3	3	3	3	1.2720465630227402	220
2964355	Lupinus polyphyllus Lindl.	Plantae	Magnoliopsida	3	3	3	3	3	3	3	3	3	3	3	3	1.2700310164756778	220
3690997	Cardamine occulta Hornem.	Plantae	Magnoliopsida	3	3	3	3	3	3	3	3	3	3	3	3	1.2698609915898467	220
8909595	Faxonius limosus (Rafinesque, 1817)	Animalia	Malacostraca	3	3	3	3	3	3	3	3	3	3	3	3	1.2690159075958638	229
5218786	Procyon lotor (Linnaeus, 1758)	Animalia	Mammalia	3	3	3	3	3	3	3	3	3	3	3	3	1.2672254658429603	359
2772666	Hyacinthus orientalis L.	Plantae	Liliopsida	3	3	3	3	3	3	3	3	3	3	3	3	1.266201527559753	196
2747567	Crocus vernus (L.) Hill	Plantae	Liliopsida	3	3	3	3	3	3	3	3	3	3	3	3	1.2649318949061903	196
2495414	Columba livia J.F.Gmelin, 1789	Animalia	Aves	3	3	3	3	3	3	3	3	3	3	3	3	1.2642941912884493	212
3053522	Berteroa incana (L.) DC.	Plantae	Magnoliopsida	3	3	3	3	3	3	3	3	3	3	3	3	1.2622187008808643	220
3172001	Antirrhinum majus L.	Plantae	Magnoliopsida	3	3	3	3	3	3	3	3	3	3	3	3	1.257821587125578	220
2705181	Sorghum bicolor (L.) Moench	Plantae	Liliopsida	3	3	3	3	3	3	3	3	3	3	3	3	1.255815102607159	196
1718308	Acheta domesticus (Linnaeus, 1758)	Animalia	Insecta	3	3	3	3	3	3	3	3	3	3	3	3	1.253832075546143	216
3066965	Euphorbia lathyris L.	Plantae	Magnoliopsida	3	3	3	3	3	3	3	3	3	3	3	3	1.2537650660758923	220
5386938	Tragopogon porrifolius L.	Plantae	Magnoliopsida	3	3	3	3	3	3	3	3	3	3	3	3	1.252699433087284	220
8012439	Symphoricarpos albus (L.) K.Koch	Plantae	Magnoliopsida	3	3	3	3	3	3	3	3	3	3	3	3	1.2469117623839998	220
3122924	Pilosella aurantiaca (L.) F.W.Schultz & Sch.Bip.	Plantae	Magnoliopsida	3	3	3	3	3	3	3	3	3	3	3	3	1.2454372381198973	220
8911082	Amaranthus blitum L.	Plantae	Magnoliopsida	3	3	3	3	3	3	3	3	3	3	3	3	1.2450542623226333	220
2765272	Tradescantia virginiana L.	Plantae	Liliopsida	3	3	3	3	3	3	3	3	3	3	3	3	1.243463536221836	196
5389017	Solidago gigantea Aiton	Plantae	Magnoliopsida	3	3	3	3	3	3	3	3	3	3	3	3	1.2396701616748427	220
5408087	Lobelia erinus L.	Plantae	Magnoliopsida	3	3	3	3	3	3	3	3	3	3	3	3	1.2389184329947742	220
5369784	Geum macrophyllum Willd.	Plantae	Magnoliopsida	3	3	3	3	3	3	3	3	3	3	3	3	1.2363413109102588	220
8002952	Ambrosia artemisiifolia L.	Plantae	Magnoliopsida	3	3	3	3	3	3	3	3	3	3	3	3	1.2340398211292727	220
2928751	Datura stramonium L.	Plantae	Magnoliopsida	3	3	3	3	3	3	3	3	3	3	3	3	1.233623378167214	220
3048203	Erysimum cheiri (L.) Crantz	Plantae	Magnoliopsida	3	3	3	3	3	3	3	3	3	3	3	3	1.2336014521873886	220
5350005	Coronilla varia L.	Plantae	Magnoliopsida	3	3	3	3	3	3	3	3	3	3	3	3	1.2293642445112078	220
2716226	Cyperus esculentus L.	Plantae	Liliopsida	3	3	3	3	3	3	3	3	3	3	3	3	1.2265174441454294	196
5392174	Bidens frondosa L.	Plantae	Magnoliopsida	3	3	3	3	3	3	3	3	3	3	3	3	1.222526324099275	220
8298495	Galinsoga quadriradiata Ruiz & Pav.	Plantae	Magnoliopsida	3	3	3	3	3	3	3	3	3	3	3	3	1.2219859673154851	220
2715482	Cyperus eragrostis Lam.	Plantae	Liliopsida	3	3	3	3	3	3	3	3	3	3	3	3	1.2188859915482422	196
3033227	Eranthis hyemalis (L.) Salisb.	Plantae	Magnoliopsida	3	3	3	3	3	3	3	3	3	3	3	3	1.2180263939972527	220
2891707	Oxalis debilis Kunth	Plantae	Magnoliopsida	3	3	3	3	3	3	3	3	3	3	3	3	1.2164392918212763	220
5341754	Nicandra physalodes (L.) Gaertn.	Plantae	Magnoliopsida	3	3	3	3	3	3	3	3	3	3	3	3	1.2154591489339974	220
3172615	Catalpa bignonioides Walter	Plantae	Magnoliopsida	3	3	3	3	3	3	3	3	3	3	3	3	1.2103201335248441	220
5289693	Setaria pumila (Poir.) Roem. & Schult.	Plantae	Liliopsida	3	3	3	3	3	3	3	3	3	3	3	3	1.2088457183869858	196
3118430	Tanacetum parthenium (L.) Sch.Bip.	Plantae	Magnoliopsida	3	3	3	3	3	3	3	3	3	3	3	3	1.2072942209145952	220
5330661	Arum italicum Mill.	Plantae	Liliopsida	3	3	3	3	3	3	3	3	3	3	3	3	1.2067421876151303	196
3172291	Ligustrum ovalifolium Hassk.	Plantae	Magnoliopsida	3	3	3	3	3	3	3	3	3	3	3	3	1.205171029710063	220
2888513	Pseudofumaria lutea (L.) Borkh.	Plantae	Magnoliopsida	3	3	3	3	3	3	3	3	3	3	3	3	1.2041694030560364	220
7795888	Triticum aestivum L.	Plantae	Liliopsida	3	3	3	3	3	3	3	3	3	3	3	3	1.2032427382290993	196
3041022	Armoracia rusticana P.Gaertn., B.Mey. & Scherb.	Plantae	Magnoliopsida	3	3	3	3	3	3	3	3	3	3	3	3	1.200883308545991	220
2439261	Rattus norvegicus (Berkenhout, 1769)	Animalia	Mammalia	3	3	3	3	3	3	3	3	3	3	3	3	1.2007538346335809	359
2928859	Petunia ×atkinsiana D.Don ex Loudon	Plantae	Magnoliopsida	3	3	3	3	3	3	3	3	3	3	3	3	1.1988812014389154	220
5289972	Digitaria sanguinalis (L.) Scop.	Plantae	Liliopsida	3	3	3	3	3	3	3	3	3	3	3	3	1.1987312446728156	196
3172118	Veronica longifolia L.	Plantae	Magnoliopsida	3	3	3	3	3	3	3	3	3	3	3	3	1.19773360509312	220
4933624	Inula racemosa Hook.fil.	Plantae	Magnoliopsida	3	3	3	3	3	3	3	3	3	3	3	3	1.1973248041344682	220
5375920	Eruca vesicaria (L.) Cav.	Plantae	Magnoliopsida	3	3	3	3	3	3	3	3	3	3	3	3	1.1947030888210877	220
2705185	Sorghum halepense (L.) Pers.	Plantae	Liliopsida	3	3	3	3	3	3	3	3	3	3	3	3	1.1937282052254405	196
7733140	Bellardia viscosa (L.) Fisch. & C.A.Mey.	Plantae	Magnoliopsida	3	3	3	3	3	3	3	3	3	3	3	3	1.1919414770755121	220
5361880	Cannabis sativa L.	Plantae	Magnoliopsida	3	3	3	3	3	3	3	3	3	3	3	3	1.1900953213540655	220
3172104	Veronica peregrina L.	Plantae	Magnoliopsida	3	3	3	3	3	3	3	3	3	3	3	3	1.1888654271556962	220
2876049	Corylus maxima Mill.	Plantae	Magnoliopsida	3	3	3	3	3	3	3	3	3	3	3	3	1.188626547932482	220
3173338	Buddleja davidii Franch.	Plantae	Magnoliopsida	3	3	3	3	3	3	3	3	3	3	3	3	1.188432184865524	220
2498344	Cygnus atratus (Latham, 1790)	Animalia	Aves	3	3	3	3	3	3	3	3	3	3	3	3	1.1876416919032906	212
2971095	Melilotus albus Medik.	Plantae	Magnoliopsida	3	3	3	3	3	3	3	3	3	3	3	3	1.186454743399894	220
3120284	Achillea filipendulina Lam.	Plantae	Magnoliopsida	3	3	3	3	3	3	3	3	3	3	3	3	1.1862354938975535	220
2702808	Echinochloa crus-galli (L.) P.Beauv.	Plantae	Liliopsida	3	3	3	3	3	3	3	3	3	3	3	3	1.1855201633028394	196
5334351	Fallopia baldschuanica (Regel) Holub	Plantae	Magnoliopsida	3	3	3	3	3	3	3	3	3	3	3	3	1.185101132093639	220
2891782	Impatiens parviflora DC.	Plantae	Magnoliopsida	3	3	3	3	3	3	3	3	3	3	3	3	1.1848288514153065	220
2974832	Vicia faba L.	Plantae	Magnoliopsida	3	3	3	3	3	3	3	3	3	3	3	3	1.1840524596222644	220
5377060	Lepidium didymum L.	Plantae	Magnoliopsida	3	3	3	3	3	3	3	3	3	3	3	3	1.1820411603088703	220
3039267	Elaeagnus umbellata Thunb.	Plantae	Magnoliopsida	3	3	3	3	3	3	3	3	3	3	3	3	1.1804897406787693	220
3169708	Vinca major L.	Plantae	Magnoliopsida	3	3	3	3	3	3	3	3	3	3	3	3	1.1803910525904493	220
2925514	Verbena bonariensis L.	Plantae	Magnoliopsida	3	3	3	3	3	3	3	3	3	3	3	3	1.178262772169391	220
3054368	Juglans regia L.	Plantae	Magnoliopsida	3	3	3	3	3	3	3	3	3	3	3	3	1.175550782753826	220
5333294	Castanea sativa Mill.	Plantae	Magnoliopsida	3	3	3	3	3	3	3	3	3	3	3	3	1.1746044592016402	220
3082244	Cornus sericea L.	Plantae	Magnoliopsida	3	3	3	3	3	3	3	3	3	3	3	3	1.1741185443885076	220
5289686	Setaria verticillata (L.) P.Beauv.	Plantae	Liliopsida	3	3	3	3	3	3	3	3	3	3	3	3	1.173301625251627	196
5376692	Lepidium latifolium L.	Plantae	Magnoliopsida	3	3	3	3	3	3	3	3	3	3	3	3	1.171812204613925	220
3189762	Plantago arenaria Waldst. & Kit.	Plantae	Magnoliopsida	3	3	3	3	3	3	3	3	3	3	3	3	1.1695480552383108	220
2855356	Galanthus nivalis L.	Plantae	Liliopsida	3	3	3	3	3	3	3	3	3	3	3	3	1.1685139565605793	196
3021922	Prunus cerasus L.	Plantae	Magnoliopsida	3	3	3	3	3	3	3	3	3	3	3	3	1.1680233945559477	220
3172347	Fraxinus ornus L.	Plantae	Magnoliopsida	3	3	3	3	3	3	3	3	3	3	3	3	1.1679021589575733	220
2394486	Lepomis gibbosus (Linnaeus, 1758)	Animalia		3	3	3	3	3	3	3	3	3	3	3	3	1.16756125414229	
3151558	Symphyotrichum novi-belgii (L.) G.L.Nesom	Plantae	Magnoliopsida	3	3	3	3	3	3	3	3	3	3	3	3	1.1662679108300544	220
2479226	Psittacula krameri (Scopoli, 1769)	Animalia	Aves	3	3	3	3	3	3	3	3	3	3	3	3	1.1641308374711425	212
6109637	Cynodon dactylon (L.) Pers.	Plantae	Liliopsida	3	3	3	3	3	3	3	3	3	3	3	3	1.1624940309352498	196
2888439	Papaver somniferum L.	Plantae	Magnoliopsida	3	3	3	3	3	3	3	3	3	3	3	3	1.1604465144410514	220
7466434	Pastinaca sativa subsp. urens (Req. ex Godr.) Celak.	Plantae	Magnoliopsida	3	3	3	3	3	3	3	3	3	3	3	3	1.1589391352160858	220
2873861	Linum usitatissimum L.	Plantae	Magnoliopsida	3	3	3	3	3	3	3	3	3	3	3	3	1.1581636400730566	220
3021730	Prunus cerasifera Ehrh.	Plantae	Magnoliopsida	3	3	3	3	3	3	3	3	3	3	3	3	1.1576824356147013	220
6443709	Tragopogon dubius Scop.	Plantae	Magnoliopsida	3	3	3	3	3	3	3	3	3	3	3	3	1.157370123561376	220
9823072	Oxalis stricta L.	Plantae	Magnoliopsida	3	3	3	3	3	3	3	3	3	3	3	3	1.1565212661702469	220
3026585	Spiraea alba Du Roi	Plantae	Magnoliopsida	3	3	3	3	3	3	3	3	3	3	3	3	1.1551789371450654	220
3012089	Sorbaria sorbifolia (L.) A.Braun	Plantae	Magnoliopsida	3	3	3	3	3	3	3	3	3	3	3	3	1.1547811476076222	220
7844167	Colutea arborescens L.	Plantae	Magnoliopsida	3	3	3	3	3	3	3	3	3	3	3	3	1.1543750709697127	220
7903057	Brassica rapa L.	Plantae	Magnoliopsida	3	3	3	3	3	3	3	3	3	3	3	3	1.1524777094176808	220
3034922	Foeniculum vulgare Mill.	Plantae	Magnoliopsida	3	3	3	3	3	3	3	3	3	3	3	3	1.1513274679528125	220
2928835	Lycium barbarum L.	Plantae	Magnoliopsida	3	3	3	3	3	3	3	3	3	3	3	3	1.1507474133159932	220
5367294	Potentilla recta L.	Plantae	Magnoliopsida	3	3	3	3	3	3	3	3	3	3	3	3	1.1479796780686224	220
3171948	Verbascum phlomoides L.	Plantae	Magnoliopsida	3	3	3	3	3	3	3	3	3	3	3	3	1.1473113373175616	220
5415039	Syringa vulgaris L.	Plantae	Magnoliopsida	3	3	3	3	3	3	3	3	3	3	3	3	1.1459545039364218	220
2781074	Hemerocallis fulva (L.) L.	Plantae	Liliopsida	3	3	3	3	3	3	3	3	3	3	3	3	1.1455515988504676	196
5362004	Sedum sarmentosum Bunge	Plantae	Magnoliopsida	3	3	3	3	3	3	3	3	3	3	3	3	1.1412568621037253	220
6096602	Lophocolea semiteres (Lehm.) Mitt.	Plantae	Jungermanniopsida	3	3	3	3	3	3	3	3	3	3	3	3	1.1403662913385446	126
7327990	Rhododendron ponticum L.	Plantae	Magnoliopsida	3	3	3	3	3	3	3	3	3	3	3	3	1.1391834902801306	220
5281901	Campylopus introflexus (Hedw.) Brid.	Plantae	Bryopsida	3	3	3	3	3	3	3	3	3	3	3	3	1.1388729839827272	327
5376648	Lepidium virginicum L.	Plantae	Magnoliopsida	3	3	3	3	3	3	3	3	3	3	3	3	1.1383023776755774	220
3109086	Senecio inaequidens DC.	Plantae	Magnoliopsida	3	3	3	3	3	3	3	3	3	3	3	3	1.1379094900045528	220
9202318	Symphyotrichum lanceolatum (Willd.) G.L.Nesom	Plantae	Magnoliopsida	3	3	3	3	3	3	3	3	3	3	3	3	1.1378194514809097	220
3146791	Erigeron canadensis L.	Plantae	Magnoliopsida	3	3	3	3	3	3	3	3	3	3	3	3	1.1377699254971696	220
8170635	Spiraea japonica L.fil.	Plantae	Magnoliopsida	3	3	3	3	3	3	3	3	3	3	3	3	1.133813292181402	220
3189866	Acer negundo L.	Plantae	Magnoliopsida	3	3	3	3	3	3	3	3	3	3	3	3	1.1326952907977714	220
3032698	Tellima grandiflora (Pursh) Douglas ex Lindl.	Plantae	Magnoliopsida	3	3	3	3	3	3	3	3	3	3	3	3	1.1301891759207632	220
2986130	Ribes sanguineum Pursh	Plantae	Magnoliopsida	3	3	3	3	3	3	3	3	3	3	3	3	1.1281506095550438	220
2705290	Avena sativa L.	Plantae	Liliopsida	3	3	3	3	3	3	3	3	3	3	3	3	1.1274858392942793	196
7346102	Erythranthe guttata (DC.) G.L.Nesom	Plantae	Magnoliopsida	3	3	3	3	3	3	3	3	3	3	3	3	1.1271170710186273	220
2701986	Juncus canadensis J.Gay ex Laharpe	Plantae	Liliopsida	3	3	3	3	3	3	3	3	3	3	3	3	1.1229580065074745	196
3083975	Corispermum pallasii Steven	Plantae	Magnoliopsida	3	3	3	3	3	3	3	3	3	3	3	3	1.1219686107190803	220
5376961	Lepidium draba L.	Plantae	Magnoliopsida	3	3	3	3	3	3	3	3	3	3	3	3	1.1213597658413708	220
3189815	Aesculus hippocastanum L.	Plantae	Magnoliopsida	3	3	3	3	3	3	3	3	3	3	3	3	1.1198206829614894	220
2888625	Viburnum rhytidophyllum Hemsl. ex Forbes & Hemsl.	Plantae	Magnoliopsida	3	3	3	3	3	3	3	3	3	3	3	3	1.1193706500221579	220
2855860	Allium schoenoprasum L.	Plantae	Liliopsida	3	3	3	3	3	3	3	3	3	3	3	3	1.1178832293285423	196
2930137	Solanum lycopersicum L.	Plantae	Magnoliopsida	3	3	3	3	3	3	3	3	3	3	3	3	1.1172774807006416	220
3039194	Parthenocissus quinquefolia (L.) Planch.	Plantae	Magnoliopsida	3	3	3	3	3	3	3	3	3	3	3	3	1.1164761388086129	220
3169340	Lysimachia punctata L.	Plantae	Magnoliopsida	3	3	3	3	3	3	3	3	3	3	3	3	1.115151058502722	220
2436940	Oryctolagus cuniculus (Linnaeus, 1758)	Animalia	Mammalia	3	3	3	3	3	3	3	3	3	3	3	3	1.1145848288887132	359
3040185	Populus ×canescens (Aiton) Sm.	Plantae	Magnoliopsida	3	3	3	3	3	3	3	3	3	3	3	3	1.1141554226443988	220
6109534	Amaranthus retroflexus L.	Plantae	Magnoliopsida	3	3	3	3	3	3	3	3	3	3	3	3	1.112075258091976	220
3084742	Claytonia sibirica L.	Plantae	Magnoliopsida	3	3	3	3	3	3	3	3	3	3	3	3	1.1114503725727674	220
3981543	Berberis julianae C.K.Schneid.	Plantae	Magnoliopsida	3	3	3	3	3	3	3	3	3	3	3	3	1.111011166678787	220
3146683	Erigeron sumatrensis Retz.	Plantae	Magnoliopsida	3	3	3	3	3	3	3	3	3	3	3	3	1.1100307515998813	220
2705090	Panicum miliaceum L.	Plantae	Liliopsida	3	3	3	3	3	3	3	3	3	3	3	3	1.1073846317368998	196
3021850	Prunus serotina Ehrh.	Plantae	Magnoliopsida	3	3	3	3	3	3	3	3	3	3	3	3	1.1048652434845954	220
3103791	Matricaria discoidea DC.	Plantae	Magnoliopsida	3	3	3	3	3	3	3	3	3	3	3	3	1.1040062332191671	220
5371808	Angelica archangelica L.	Plantae	Magnoliopsida	3	3	3	3	3	3	3	3	3	3	3	3	1.1028690291920433	220
2703760	Bromus diandrus Roth	Plantae	Liliopsida	3	3	3	3	3	3	3	3	3	3	3	3	1.1008713334507172	196
2702084	Juncus tenuis Willd.	Plantae	Liliopsida	3	3	3	3	3	3	3	3	3	3	3	3	1.0999037059277834	196
5930559	Ilex ×altaclerensis (Loudon) Dallim.	Plantae	Magnoliopsida	3	3	3	3	3	3	3	3	3	3	3	3	1.0993957749325738	220
3033833	Delphinium ajacis L.	Plantae	Magnoliopsida	3	3	3	3	3	3	3	3	3	3	3	3	1.0978379663565212	220
3040233	Populus alba L.	Plantae	Magnoliopsida	3	3	3	3	3	3	3	3	3	3	3	3	1.0935990635496788	220
3132570	Galinsoga parviflora Cav.	Plantae	Magnoliopsida	3	3	3	3	3	3	3	3	3	3	3	3	1.0900362135392707	220
4565039	Hygromia cinctella (Draparnaud, 1801)	Animalia	Gastropoda	3	3	3	3	3	3	3	3	3	3	3	3	1.0876554181399973	225
5289919	Polypogon viridis (Gouan) Breistr.	Plantae	Liliopsida	3	3	3	3	3	3	3	3	3	3	3	3	1.0867501384289615	196
5289917	Polypogon monspeliensis (L.) Desf.	Plantae	Liliopsida	3	3	3	3	3	3	3	3	3	3	3	3	1.0862532210944358	196
5289684	Setaria viridis (L.) P.Beauv.	Plantae	Liliopsida	3	3	3	3	3	3	3	3	3	3	3	3	1.082273094335523	196
2873769	Acorus calamus L.	Plantae	Liliopsida	3	3	3	3	3	3	3	3	3	3	3	3	1.081532841648395	196
3172100	Veronica filiformis Sm.	Plantae	Magnoliopsida	3	3	3	3	3	3	3	3	3	3	3	3	1.0812858523416184	220
2891390	Geranium phaeum L.	Plantae	Magnoliopsida	3	3	3	3	3	3	3	3	3	3	3	3	1.080637839395808	220
5568446	Dysphania ambrosioides (L.) Mosyakin & Clemants	Plantae	Magnoliopsida	3	3	3	3	3	3	3	3	3	3	3	3	1.0795957942420873	220
2931237	Solanum triflorum Nutt.	Plantae	Magnoliopsida	3	3	3	3	3	3	3	3	3	3	3	3	1.077577136380709	220
2890541	Geranium purpureum Vill.	Plantae	Magnoliopsida	3	3	3	3	3	3	3	3	3	3	3	3	1.0763511796187182	220
2876607	Alnus cordata (Loisel.) Duby	Plantae	Magnoliopsida	3	3	3	3	3	3	3	3	3	3	3	3	1.0756866828800018	220
8190077	Populus ×canadensis Moench	Plantae	Magnoliopsida	3	3	3	3	3	3	3	3	3	3	3	3	1.0742343424042093	220
5373368	Rapistrum rugosum (L.) All.	Plantae	Magnoliopsida	3	3	3	3	3	3	3	3	3	3	3	3	1.0741639802689968	220
3034393	Eryngium planum L.	Plantae	Magnoliopsida	3	3	3	3	3	3	3	3	3	3	3	3	1.0737452972891572	220
3114643	Carduus acanthoides L.	Plantae	Magnoliopsida	3	3	3	3	3	3	3	3	3	3	3	3	1.0728217602462315	220
5371450	Kerria japonica (L.) DC.	Plantae	Magnoliopsida	3	3	3	3	3	3	3	3	3	3	3	3	1.0688499357281742	220
3034825	Heracleum mantegazzianum Sommier & Levier	Plantae	Magnoliopsida	3	3	3	3	3	3	3	3	3	3	3	3	1.064934131692409	220
2988188	Pyracantha coccinea M.Roem.	Plantae	Magnoliopsida	3	3	3	3	3	3	3	3	3	3	3	3	1.0616529278507891	220
3026294	Cotoneaster bullatus Bois ex Bilm. & Bois	Plantae	Magnoliopsida	3	3	3	3	3	3	3	3	3	3	3	3	1.0596782136470435	220
3797084	Alkekengi officinarum Moench	Plantae	Magnoliopsida	3	3	3	3	3	3	3	3	3	3	3	3	1.05704339659887	220
9752149	Phasianus colchicus Linnaeus, 1758	Animalia	Aves	3	3	3	3	3	3	3	3	3	3	3	3	1.056504411665223	212
2891783	Impatiens balfourii Hook.fil.	Plantae	Magnoliopsida	3	3	3	3	3	3	3	3	3	3	3	3	1.052396544214657	220
9206251	Helianthus annuus L.	Plantae	Magnoliopsida	3	3	3	3	3	3	3	3	3	3	3	3	1.0487172476327782	220
2996525	Rubus armeniacus Focke	Plantae	Magnoliopsida	3	3	3	3	3	3	3	3	3	3	3	3	1.045910658940852	220
3050595	Hirschfeldia incana (L.) Lagr.-Foss.	Plantae	Magnoliopsida	3	3	3	3	3	3	3	3	3	3	3	3	1.043104804636931	220
5389029	Solidago canadensis L.	Plantae	Magnoliopsida	3	3	3	3	3	3	3	3	3	3	3	3	1.0409991530555869	220
2766030	Pontederia cordata L.	Plantae	Liliopsida	3	3	3	3	3	3	3	3	3	3	3	3	1.0399631870165746	196
10071055	Scandosorbus ×intermedia (Ehrh.) Sennikov	Plantae	Magnoliopsida	3	3	3	3	3	3	3	3	3	3	3	3	1.0361946393990695	220
5389173	Telekia speciosa (Schreb.) Baumg.	Plantae	Magnoliopsida	3	3	3	3	3	3	3	3	3	3	3	3	1.0227467607868295	220
4485843	Halyomorpha halys (Stål, 1855)	Animalia	Insecta	3	3	3	3	3	3	3	3	3	3	3	3		216
4487370	Tropidosteptes pacificus (Van Duzee, 1921)	Animalia	Insecta	3	3	3	3	3	3	3	3	3	3	3	3		216
5179027	Scutigera coleoptrata Linnaeus, 1758	Animalia	Chilopoda	3	3	3	3	3	3	3	3	3	3	3	3		360
2426661	Pelophylax ridibundus (Pallas, 1771)	Animalia	Amphibia	3	3	3	3	3	3	3	3	3	1	3	3	1.3008089979658493	131
3188830	Oenothera stricta Link	Plantae	Magnoliopsida	3	3	3	3	3	3	3	3	1	3	2	3		220
3172549	Campsis radicans (L.) Bureau	Plantae	Magnoliopsida	3	3	3	3	3	3	3	3	1	1	3	3	1.3159549255097975	220
7763534	Lauritrioza alacris (Flor, 1861)	Animalia	Insecta	3	3	3	3	3	3	3	3	1	1	3	3	1.0757419047497827	216
5371709	Adonis annua L.	Plantae	Magnoliopsida	3	3	3	3	3	3	3	3	1	1	1	1		220
5373124	Malcolmia maritima (L.) W.T.Aiton	Plantae	Magnoliopsida	3	3	3	3	3	3	1	1	1	1	3	3		220
5354707	Cytisus striatus (Hill) Rothm.	Plantae	Magnoliopsida	3	3	3	3	3	2	3	2	3	2	3	2		220
7332415	Chaenorhinum origanifolium (L.) Fourr.	Plantae	Magnoliopsida	3	3	3	3	2	3	3	3	3	3	3	3	1.2416255967739342	220
2964025	Lupinus angustifolius L.	Plantae	Magnoliopsida	3	3	3	3	2	3	3	3	3	3	3	3	1.0741893635065651	220
3064056	Euphorbia palustris L.	Plantae	Magnoliopsida	3	3	3	3	2	3	3	3	2	3	3	3	1.1238060685370255	220
4486243	Oxycarenus lavaterae (Fabricius, 1787)	Animalia	Insecta	3	3	3	3	2	2	3	3	3	3	3	2	1.2384747450116707	216
2227289	Procambarus acutus (Girard, 1852)	Animalia	Malacostraca	3	3	3	3	2	2	3	3	2	2	3	3	2.2108458608653887	229
5154481	Stictocephala bisonia Kopp & Yonke, 1977	Animalia	Insecta	3	3	3	3	2	2	3	3	2	2	2	2		216
3069460	Euphorbia oblongata Griseb.	Plantae	Magnoliopsida	3	3	3	3	2	2	3	3	1	1	3	3	1.1239171766884182	220
3189882	Acer palmatum Thunb.	Plantae	Magnoliopsida	3	3	3	3	2	2	3	3	1	1	3	3	1.0852699179134129	220
2856780	Allium cristophii Trautv.	Plantae	Liliopsida	3	3	3	3	2	2	3	2	2	2	2	2		196
5185431	Aurelia coerulea von Lendenfeld, 1884	Animalia	Scyphozoa	3	3	3	3	1	3	3	3	3	3	3	3		352
4559541	Sinanodonta woodiana (I.Lea, 1834)	Animalia	Bivalvia	3	3	3	3	1	3	1	1	3	3	3	3		137
4562529	Morlina glabra (Rossmässler, 1835)	Animalia	Gastropoda	3	3	3	3	1	1	3	3	3	3	3	3		225
3064221	Euphorbia serpens Kunth	Plantae	Magnoliopsida	3	3	3	3	1	1	3	3	2	2	3	3	1.037235440183562	220
6476679	Caenoplana variegata (Fletcher & Hamilton, 1888)	Animalia		3	3	3	3	1	1	3	3	1	1	3	3	1.2902402345004496	
3170247	Asclepias syriaca L.	Plantae	Magnoliopsida	3	3	3	3	1	1	3	3	1	1	3	3	1.1876378411067456	220
3172266	Jasminum nudiflorum Lindl.	Plantae	Magnoliopsida	3	3	3	3	1	1	3	3	1	1	3	3	1.0537840666159657	220
1626096	Ceratitis capitata (Wiedemann, 1824)	Animalia	Insecta	3	3	3	3	1	1	3	3	1	1	3	3		216
2095283	Pseudococcus longispinus (Targioni Tozzetti, 1867)	Animalia	Insecta	3	3	3	3	1	1	3	3	1	1	2	2		216
7433196	Euonymus latifolius (L.) Mill.	Plantae	Magnoliopsida	3	3	3	3	1	1	2	3	3	3	3	3	1.2868295922357187	220
2077985	Impatientinum asiaticum Nevsky, 1929	Animalia	Insecta	3	3	3	3	1	1	2	3	1	1	1	1		216
2537743	Lentinula edodes (Berk.) Pegler	Fungi	Agaricomycetes	3	3	3	3	1	1	2	2	1	1	2	2		186
7461690	Phragmidium mexicanum (Mains) H.Y.Yun, Minnis & Aime	Fungi	Pucciniomycetes	3	3	3	3	1	1	2	2	1	1	2	2		270
10801424	Salvia yangii B.T.Drew	Plantae	Magnoliopsida	3	3	3	3	1	1	2	2	1	1	2	2		220
1031742	Dorypteryx domestica (Smithers, 1958)	Animalia	Insecta	3	3	3	3	1	1	1	1	1	1	2	2		216
5189713	Menetus dilatatus (A.Gould, 1841)	Animalia	Gastropoda	3	3	3	3	1	1	1	1	1	1	2	2		225
5375012	Arabis procurrens Waldst. & Kit.	Plantae	Magnoliopsida	3	3	3	3	1	1	1	1	1	1	2	2		220
1411953	Carausius morosus Brunner von Wattenwyl, 1907	Animalia	Insecta	3	3	3	3	1	1	1	1	1	1	1	1		216
2320810	Boccardia proboscidea Hartman, 1940	Animalia	Polychaeta	3	3	3	3	1	1	1	1	1	1	1	1		256
2994229	Rubus nutkanus Moc. ex Ser.	Plantae	Magnoliopsida	3	3	3	3	1	1	1	1	1	1	1	1		220
5415453	Acanthus spinosus L.	Plantae	Magnoliopsida	3	3	3	3	1	1	1	1	1	1	1	1		220
7263145	Acer rufinerve Siebold & Zucc.	Plantae	Magnoliopsida	3	3	3	3	1	1	1	1	1	1	1	1		220
3170823	Paulownia tomentosa (Thunb.) Steud.	Plantae	Magnoliopsida	3	3	3	2	3	3	3	2	3	3	3	2	1.1306325589748316	220
5156102	Leptoglossus occidentalis Heidemann, 1910	Animalia	Insecta	3	3	3	2	3	3	3	2	3	3	3	2	1.0930864849181148	216
5219858	Ondatra zibethicus (Linnaeus, 1766)	Animalia	Mammalia	3	3	3	2	3	3	3	2	2	2	3	2	0.941073559116552	359
8745918	Deroceras invadens Reise, Hutchinson, Schunack & Schlitt, 2011	Animalia	Gastropoda	3	3	3	2	3	3	3	2	2	2	2	2	0.8411863154516772	225
3171304	Mazus pumilus (Burm.fil.) Steenis	Plantae	Magnoliopsida	3	3	3	2	1	3	3	3	1	1	3	1		220
7636833	Syringa josikaea J.Jacq. ex Rchb.	Plantae	Magnoliopsida	3	3	3	2	1	1	3	2	1	1	1	1		220
5415463	Thunbergia alata Bojer ex Sims	Plantae	Magnoliopsida	3	3	3	2	1	1	1	1	1	1	1	1		220
9305555	Spatula versicolor (Vieillot, 1816)	Animalia	Aves	3	3	3	1	3	3	3	3	3	3	3	3	1.0291502128633465	212
8190231	Corbicula fluminea (O.F.Müller, 1774)	Animalia	Bivalvia	3	3	3	1	3	3	3	1	3	3	3	3	1.0058403872753794	137
8313153	Quercus palustris Münchh.	Plantae	Magnoliopsida	3	3	3	1	3	3	3	1	3	3	3	1	1.007934718976341	220
9177060	Allium scorodoprasum L.	Plantae	Liliopsida	3	3	3	1	3	3	3	1	3	3	3	1	0.986341964165204	196
2683866	Chamaecyparis lawsoniana (A.Murray bis) Parl.	Plantae	Pinopsida	3	3	3	1	3	3	3	1	3	3	3	1	0.9808279883230149	194
5371746	Anthriscus cerefolium (L.) Hoffm.	Plantae	Magnoliopsida	3	3	3	1	3	3	3	1	3	3	3	1	0.9805396334547092	220
3119181	Helianthus ×laetiflorus Pers.	Plantae	Magnoliopsida	3	3	3	1	3	3	3	1	3	3	3	1	0.9730586097860481	220
2705449	Eragrostis minor Host	Plantae	Liliopsida	3	3	3	1	3	3	3	1	3	3	3	1	0.9710297103334367	196
8994150	Oenothera parviflora L.	Plantae	Magnoliopsida	3	3	3	1	3	3	3	1	3	3	3	1	0.96293967911522	220
4129181	Festuca ambigua Le Gall	Plantae	Liliopsida	3	3	3	1	3	3	3	1	3	3	3	1	0.9588260399077979	196
4427319	Anthrenus angustefasciatus Ganglbauer, 1904	Animalia	Insecta	3	3	3	1	3	3	3	1	1	1	3	1	0.9387730009344669	216
2856920	Allium hollandicum R.M.Fritsch	Plantae	Liliopsida	3	3	3	1	3	3	2	1	1	1	2	1	0.8784546466126487	196
3026622	Spiraea ×vanhouttei (Briot) Zabel	Plantae	Magnoliopsida	3	3	3	1	3	2	3	1	1	1	3	1	0.8784907678969265	220
1031684	Lepinotus patruelis Pearman, 1931	Animalia	Insecta	3	3	3	1	1	2	3	1	3	3	3	3	0.9906673549938037	216
2929800	Solanum angustifolium Houst. ex Mill.	Plantae	Magnoliopsida	3	3	3	1	1	1	3	1	1	1	3	1	0.940957941018329	220
2926572	Physostegia virginiana (L.) Benth.	Plantae	Magnoliopsida	3	3	3	1	1	1	3	1	1	1	3	1	0.8899125894180668	220
2984366	Soleirolia soleirolii (Req.) Dandy	Plantae	Magnoliopsida	3	3	3	0	3	3	3	2	3	3	3	2	1.0758932149325577	220
3190538	Rhus typhina L.	Plantae	Magnoliopsida	3	3	3	0	3	3	3	2	3	3	3	2	1.047022592882616	220
1095946	Reesa vespulae (Milliron, 1939)	Animalia	Insecta	3	3	2	2	3	3	3	3	1	1	1	1		216
3150935	Echinacea purpurea (L.) Moench	Plantae	Magnoliopsida	3	3	2	2	3	3	2	2	1	1	2	2		220
2869597	Sauromatum venosum (Dryand. ex Aiton) Kunth	Plantae	Liliopsida	3	3	2	2	3	3	1	1	1	1	1	1		196
2985964	Deutzia gracilis Siebold & Zucc.	Plantae	Magnoliopsida	3	3	2	2	2	2	2	2	3	3	2	2		220
8358048	Potentilla recta subsp. obscura (Willd.) Arcang.	Plantae	Magnoliopsida	3	3	2	2	1	1	1	2	1	1	1	1		220
2927000	Salvia sclarea L.	Plantae	Magnoliopsida	3	3	2	2	1	1	1	1	1	1	2	2		220
4939668	Kitaibela vitifolia Willd.	Plantae	Magnoliopsida	3	3	2	2	1	1	1	1	1	1	1	1		220
9382645	Rosa virginiana Herrm.	Plantae	Magnoliopsida	3	3	2	2	1	1	1	1	1	1	1	1		220
2480685	Hieraaetus pennatus (Gmelin, 1788)	Animalia	Aves	3	3	2	1	3	3	1	1	3	3	2	1	0.7523309257533344	212
9376410	Delosperma cooperi (Hook.fil.) L.Bolus	Plantae	Magnoliopsida	3	3	2	1	2	2	3	1	1	1	1	1	0.9552143263707137	220
7095665	Claytonia perfoliata subsp. perfoliata	Plantae	Magnoliopsida	3	3	1	3	3	3	3	3	3	3	3	3	1.0487104875500513	220
4286942	Carassius auratus (Linnaeus, 1758)	Animalia		3	3	1	3	3	3	3	3	3	3	3	3	1.0439806168933798	
2498252	Alopochen aegyptiaca (Linnaeus, 1766)	Animalia	Aves	3	3	1	3	3	3	1	3	3	3	3	3	1.0863080620346766	212
2677047	Orthodontium lineare Schwägr.	Plantae	Bryopsida	3	3	1	3	3	3	1	3	3	3	3	3	1.0798345502204483	327
3036892	Aralia elata (Miq.) Seem.	Plantae	Magnoliopsida	3	3	1	3	3	3	1	3	3	3	3	3	1.0641170320193756	220
2888797	Cephalaria gigantea (Ledeb.) Bobrov	Plantae	Magnoliopsida	3	3	1	3	3	3	1	3	1	1	1	3	1.3365555649809655	220
2928026	Nemophila menziesii Hook. & Arn.	Plantae	Magnoliopsida	3	3	1	3	3	2	3	3	2	3	3	3	1.2761654506836684	220
5384931	Houttuynia cordata Thunb.	Plantae	Magnoliopsida	3	3	1	3	2	2	3	3	2	2	3	3	1.21172784015658	220
2651826	Adiantum raddianum C.Presl	Plantae	Polypodiopsida	3	3	1	3	1	1	1	3	1	1	1	3	1.1475901599147327	7228684
2927174	Mentha requienii Benth.	Plantae	Magnoliopsida	3	3	1	2	1	1	1	2	1	1	1	2		220
3032653	Heuchera sanguinea Engelm.	Plantae	Magnoliopsida	3	3	1	2	1	1	1	1	1	1	1	2		220
3814157	Eudianthe coeli-rosa (L.) Fenzl ex Endl.	Plantae	Magnoliopsida	3	3	1	2	1	1	1	1	1	1	1	2		220
3046736	Sisymbrium altissimum L.	Plantae	Magnoliopsida	3	3	1	1	3	3	3	1	3	3	3	3	1.0066109422973	220
2225776	Eriocheir sinensis H.Milne Edwards, 1853	Animalia	Malacostraca	3	3	1	1	3	3	3	1	3	3	3	1	0.8976672028688696	229
4048240	Elaeagnus ×submacrophylla Servett.	Plantae	Magnoliopsida	3	3	1	1	3	3	1	1	3	3	1	1	0.986137133443945	220
4484176	Cacopsylla fulguralis (Kuwayama, 1908)	Animalia	Insecta	3	3	1	1	3	3	1	1	3	3	1	1	0.8883403488045863	216
2362030	Ctenopharyngodon idella (Valenciennes, 1844)	Animalia		3	3	1	1	3	3	1	1	3	3	1	1	0.845901641950885	
2684171	Thuja plicata Donn ex D.Don	Plantae	Pinopsida	3	3	1	1	3	3	1	1	3	3	1	1	0.8244326640962618	194
2992543	Rubus laciniatus Willd.	Plantae	Magnoliopsida	3	3	1	1	3	3	1	1	3	1	1	1	0.9551457207956907	220
5298126	Iris sibirica L.	Plantae	Liliopsida	3	3	1	1	2	3	1	3	2	3	3	3	1.0263152610550659	196
2651122	Polystichum munitum (Kaulf.) C.Presl	Plantae	Polypodiopsida	3	3	1	1	1	1	1	1	3	3	3	3		7228684
1941864	Paysandisia archon (Burmeister, 1880)	Animalia	Insecta	3	3	1	1	1	1	1	1	1	1	2	2		216
2211599	Ianiropsis serricaudis Gurjanova, 1936	Animalia	Malacostraca	3	3	1	1	1	1	1	1	1	1	1	2		229
4201709	Sempervivum arachnoideum L.	Plantae	Magnoliopsida	3	3	1	1	1	1	1	1	1	1	1	1		220
2888579	Leycesteria formosa Wall.	Plantae	Magnoliopsida	3	3	1	0	1	1	1	0	1	1	1	0	0.7867495575491965	220
7802465	Nymphaea ×marliacea Lat.-Marl.	Plantae	Magnoliopsida	3	3	0	3	3	3	0	3	3	3	2	3	1.1638774982284548	220
4565134	Cernuella aginnica (Locard, 1882)	Animalia	Gastropoda	3	3	0	0	1	2	0	0	1	1	0	0	0.24267583488511996	225
3034015	Laurus nobilis L.	Plantae	Magnoliopsida	3	3	0	0	1	1	0	0	2	3	0	0	0.8390100071645277	220
9442269	Procambarus virginalis Lyko, 2017	Animalia	Malacostraca	3	2	3	3	3	3	3	3	1	1	1	1		229
5363613	Aronia ×prunifolia (Marshall) Rehder	Plantae	Magnoliopsida	3	2	3	3	3	2	3	3	3	3	3	3	1.092182474776353	220
4382841	Hemigrapsus takanoi Asakura & Watanabe, 2005	Animalia	Malacostraca	3	2	3	3	3	2	3	3	3	3	3	3	1.062697952493698	229
3101193	Dittrichia graveolens (L.) Greuter	Plantae	Magnoliopsida	3	2	3	3	3	2	3	3	2	3	3	3	1.1754162871873695	220
2008616	Empicoris rubromaculatus (Blackburn, 1888)	Animalia	Insecta	3	2	3	3	3	2	3	2	3	3	3	3		216
5362215	Cydonia oblonga Mill.	Plantae	Magnoliopsida	3	2	3	3	1	1	3	3	2	2	3	3	1.019234216980166	220
3189073	Epilobium brachycarpum C.Presl	Plantae	Magnoliopsida	3	2	3	2	1	1	2	2	1	1	3	3		220
5358265	Ornithopus compressus L.	Plantae	Magnoliopsida	3	2	3	2	1	1	2	2	1	1	1	1		220
3118526	Tanacetum macrophyllum (Waldst. & Kit.) Sch.Bip.	Plantae	Magnoliopsida	3	2	3	2	1	1	1	1	3	2	3	2		220
3032442	Rhodotypos scandens (Thunb.) Makino	Plantae	Magnoliopsida	3	2	3	2	1	1	1	1	1	1	1	1		220
5959231	Ara ararauna (Linnaeus, 1758)	Animalia	Aves	3	2	3	1	3	2	3	1	3	2	3	1	0.9662749986020267	212
8332019	Hordeum distichon L.	Plantae	Liliopsida	3	2	3	1	1	1	3	1	1	1	3	1	0.9651208517978241	196
5188971	Rangia cuneata (G.B.Sowerby I, 1832)	Animalia	Bivalvia	3	2	3	0	3	2	3	0	3	3	3	0	0.7426107848050068	137
2078852	Nezara viridula (Linnaeus, 1758)	Animalia	Insecta	3	2	2	3	3	3	2	3	3	3	2	3	1.2334778687606025	216
2029273	Zygina nivea (Mulsant & Rey, 1855)	Animalia	Insecta	3	2	2	2	3	3	2	2	3	3	2	3		216
5359249	Trifolium rubens L.	Plantae	Magnoliopsida	3	2	2	2	3	3	2	2	1	1	2	2		220
1852787	Blastobasis lacticolella Rebel, 1939	Animalia	Insecta	3	2	2	2	3	2	3	2	1	2	3	2		216
5420978	Clarkia amoena (Lehm.) A.Nelson & J.F.Macbr.	Plantae	Magnoliopsida	3	2	2	2	3	2	2	2	1	1	2	2		220
3039046	Fatsia japonica (Thunb.) Decne. & Planch.	Plantae	Magnoliopsida	3	2	2	2	1	1	2	2	1	1	2	2		220
3045803	Cardamine graeca L.	Plantae	Magnoliopsida	3	2	2	1	1	1	1	1	3	2	3	3		220
2889934	Tropaeolum majus L.	Plantae	Magnoliopsida	3	2	1	1	3	3	1	1	3	3	1	1	0.9749294917819609	220
2781103	Hemerocallis lilioasphodelus L.	Plantae	Liliopsida	3	2	1	1	3	3	1	1	2	2	1	1	0.9657602001020053	196
1749580	Phyllocnistis citrella Stainton, 1856	Animalia	Insecta	3	2	1	1	3	2	1	1	1	1	1	1	0.8155377643365253	216
2701612	Juncus ensifolius Wikstr.	Plantae	Liliopsida	3	2	1	1	1	1	1	1	1	1	2	2		196
2000204	Periplaneta australasiae (Fabricius, 1775)	Animalia	Insecta	3	2	1	0	3	3	3	2	3	3	3	2	1.1952373534424316	216
2297108	Milax gagates (Draparnaud, 1801)	Animalia	Gastropoda	3	2	0	0	3	2	0	0	1	1	0	0	0.4086701586188871	225
2889173	Reynoutria japonica Houtt.	Plantae	Magnoliopsida	3	1	3	3	3	3	3	3	3	3	3	3	1.064495516001854	220
3024109	Amelanchier ×lamarckii F.G.Schroed.	Plantae	Magnoliopsida	3	1	3	3	3	3	3	3	3	3	3	3	1.0447766596610675	220
6109535	Trifolium hybridum L.	Plantae	Magnoliopsida	3	1	3	3	3	3	3	3	3	3	3	3	1.044307116048423	220
2956441	Colutea ×media Willd.	Plantae	Magnoliopsida	3	1	3	3	3	3	3	3	3	2	3	3	1.0143312222193375	220
7291264	Bistorta amplexicaulis (D.Don) Greene	Plantae	Magnoliopsida	3	1	3	3	3	1	3	3	3	3	3	3	1.0718341710134474	220
6109611	Amaranthus caudatus L.	Plantae	Magnoliopsida	3	1	3	3	3	1	3	3	3	1	3	3	1.2612531171950923	220
5334242	Lonicera tatarica L.	Plantae	Magnoliopsida	3	1	3	3	3	1	3	3	3	1	3	3	1.1989735286698089	220
2995149	Rubus phoenicolasius Maxim.	Plantae	Magnoliopsida	3	1	3	3	3	1	3	3	3	1	3	3	1.1609301098137406	220
8537667	Chondrilla juncea L.	Plantae	Magnoliopsida	3	1	3	3	3	1	3	3	3	1	3	3	1.1484804329400669	220
5298069	Iris ×germanica L.	Plantae	Liliopsida	3	1	3	3	3	1	3	3	3	1	3	3	1.142633888832225	196
3039209	Parthenocissus tricuspidata (Siebold & Zucc.) Planch.	Plantae	Magnoliopsida	3	1	3	3	3	1	3	3	3	1	3	3	1.1366786195157248	220
5392683	Echinops exaltatus Schrad.	Plantae	Magnoliopsida	3	1	3	3	3	1	3	3	3	1	3	3	1.1332692579305577	220
5358907	Trifolium alexandrinum L.	Plantae	Magnoliopsida	3	1	3	3	3	1	3	3	3	1	3	3	1.11186681037456	220
5359175	Trifolium resupinatum L.	Plantae	Magnoliopsida	3	1	3	3	3	1	3	3	3	1	3	3	1.0946038982555004	220
2650107	Azolla filiculoides Lam.	Plantae	Polypodiopsida	3	1	3	3	3	1	3	3	3	1	3	3	1.093816499431815	7228684
3169137	Euonymus fortunei (Turcz.) Hand.-Mazz.	Plantae	Magnoliopsida	3	1	3	3	3	1	3	3	3	1	3	3	1.0910989451919257	220
2889088	Reynoutria sachalinensis (F.Schmidt) Nakai	Plantae	Magnoliopsida	3	1	3	3	3	1	3	3	3	1	3	3	1.0816016280335126	220
3033896	Berberis thunbergii DC.	Plantae	Magnoliopsida	3	1	3	3	3	1	3	3	3	1	3	3	1.0799008284357323	220
5383969	Blitum virgatum L.	Plantae	Magnoliopsida	3	1	3	3	3	1	3	3	3	1	3	3	1.074307519310711	220
3085438	Cerastium tomentosum L.	Plantae	Magnoliopsida	3	1	3	3	3	1	3	3	3	1	3	3	1.0678179758465025	220
3034681	Myrrhis odorata (L.) Scop.	Plantae	Magnoliopsida	3	1	3	3	3	1	3	3	3	1	3	3	1.0650509842783928	220
7810918	Scrophularia vernalis L.	Plantae	Magnoliopsida	3	1	3	3	3	1	3	3	3	1	3	3	1.0616886193134414	220
2985965	Deutzia scabra Thunb.	Plantae	Magnoliopsida	3	1	3	3	3	1	3	3	3	1	3	3	1.0579630012569183	220
2880539	Quercus rubra L.	Plantae	Magnoliopsida	3	1	3	3	3	1	3	3	3	1	3	3	1.0463752654417928	220
4129708	Lolium multiflorum Lam.	Plantae	Liliopsida	3	1	3	3	3	1	3	3	3	1	3	3	1.0305333281722877	196
7627205	Glebionis coronaria (L.) Tzvelev	Plantae	Magnoliopsida	3	1	3	3	3	1	3	3	3	1	3	3	1.0303405661523504	220
3001244	Malus domestica (Suckow) Borkh.	Plantae	Magnoliopsida	3	1	3	3	3	1	3	3	3	1	3	3	1.02610384309622	220
5289744	Phalaris canariensis L.	Plantae	Liliopsida	3	1	3	3	3	1	3	3	3	1	3	3	1.015384386981552	196
5285565	Pinus pinaster Aiton	Plantae	Pinopsida	3	1	3	3	3	1	3	3	3	1	3	3	1.0117344016725638	194
4063383	Trachystemon orientale (L.) D.Don	Plantae	Magnoliopsida	3	1	3	3	3	1	3	3	3	0	3	3	1.3056575021384909	220
5392883	Echinops sphaerocephalus L.	Plantae	Magnoliopsida	3	1	3	3	2	1	3	3	2	1	3	3	1.0387646609663348	220
8848208	Koenigia polystachya (Wall. ex Meisn.) T.M.Schust. & Reveal	Plantae	Magnoliopsida	3	1	3	3	2	1	3	3	1	1	3	3	1.0611982059834453	220
5228034	Chrysolophus pictus (Linnaeus, 1758)	Animalia	Aves	3	1	3	3	2	1	3	3	1	1	3	3	1.0378353185066573	212
2888814	Dipsacus laciniatus L.	Plantae	Magnoliopsida	3	1	3	3	1	1	3	3	3	1	3	3	1.1733897330345997	220
2891755	Oxalis latifolia Kunth	Plantae	Magnoliopsida	3	1	3	3	1	1	3	3	2	1	3	3	1.1034492639916385	220
5561475	Chaenostoma cordatum Benth.	Plantae	Magnoliopsida	3	1	3	3	1	1	3	3	1	1	3	3	1.0408844196787626	220
5355395	Spartium junceum L.	Plantae	Magnoliopsida	3	1	3	3	1	1	2	3	1	1	2	3	1.2783590569627725	220
3119175	Helianthus tuberosus L.	Plantae	Magnoliopsida	3	1	3	2	3	1	3	3	3	3	3	2		220
5371605	Tolmiea menziesii (Pursh) Torr. & A.Gray	Plantae	Magnoliopsida	3	1	3	2	1	1	1	1	1	2	1	1		220
2704523	Cortaderia selloana (Schult. & Schult.f.) Asch. & Graebn.	Plantae	Liliopsida	3	1	3	1	3	3	3	1	3	3	3	1	0.9488715690633079	196
2498161	Anser rossii Cassin, 1861	Animalia	Aves	3	1	3	1	3	3	3	1	3	3	3	1	0.7766748074111094	212
8584304	Guizotia abyssinica (L.fil.) Cass.	Plantae	Magnoliopsida	3	1	3	1	3	1	3	1	3	1	3	3	1.0070036844022336	220
3046812	Sisymbrium orientale L.	Plantae	Magnoliopsida	3	1	3	1	3	1	3	1	3	1	3	1	0.9991565362617774	220
2986045	Philadelphus coronarius L.	Plantae	Magnoliopsida	3	1	3	1	3	1	3	1	3	1	3	1	0.9963734458254784	220
2926066	Symphytum asperum Lepech.	Plantae	Magnoliopsida	3	1	3	1	3	1	3	1	3	1	3	1	0.9908386193465941	220
5290052	Zea mays L.	Plantae	Liliopsida	3	1	3	1	3	1	3	1	3	1	3	1	0.9898193765281973	196
2705162	Panicum capillare L.	Plantae	Liliopsida	3	1	3	1	3	1	3	1	3	1	3	1	0.9889118565419707	196
5362573	Pyrus communis L.	Plantae	Magnoliopsida	3	1	3	1	3	1	3	1	3	1	3	1	0.984567899763116	220
2986111	Ribes aureum Pursh	Plantae	Magnoliopsida	3	1	3	1	3	1	3	1	3	1	3	1	0.9819886631069428	220
3031774	Mespilus germanica L.	Plantae	Magnoliopsida	3	1	3	1	3	1	3	1	3	1	3	1	0.9813260753259249	220
9148577	Alnus incana (L.) Moench	Plantae	Magnoliopsida	3	1	3	1	3	1	3	1	3	1	3	1	0.9769229144214385	220
3042845	Brassica oleracea L.	Plantae	Magnoliopsida	3	1	3	1	3	1	3	1	3	1	3	1	0.9734533749967883	220
5341204	Pulmonaria officinalis L.	Plantae	Magnoliopsida	3	1	3	1	3	1	3	1	3	1	3	1	0.9684686241908453	220
5284809	Pinus nigra J.F.Arnold	Plantae	Pinopsida	3	1	3	1	3	1	3	1	3	1	3	1	0.9386128069378731	194
2704949	Festuca trachyphylla (Hack.) Hack.	Plantae	Liliopsida	3	1	3	1	3	1	3	1	3	1	3	1	0.9369306575432405	196
2705972	Anthoxanthum aristatum Boiss.	Plantae	Liliopsida	3	1	3	1	3	1	3	1	3	1	3	1	0.9223466075096736	196
5289666	Setaria faberi R.A.W.Herrm.	Plantae	Liliopsida	3	1	3	1	3	1	3	1	3	1	3	1	0.8898809976036398	196
7820753	Magallana gigas (Thunberg, 1793)	Animalia	Bivalvia	3	1	3	1	3	1	3	1	3	1	3	1	0.8782663172510706	137
7747216	Aira caryophyllea L.	Plantae	Liliopsida	3	1	3	1	3	1	3	1	3	1	3	1	0.8776141131173207	196
8183217	Salix gmelinii Pall.	Plantae	Magnoliopsida	3	1	3	1	3	1	3	1	3	1	3	1	0.8736213132242087	220
3128225	Centaurea nigra L.	Plantae	Magnoliopsida	3	1	3	1	3	1	3	1	3	1	3	1	0.855052812383476	220
8485639	Ensis leei M.Huber, 2015	Animalia	Bivalvia	3	1	3	1	3	1	3	1	3	1	3	1	0.8137324785224385	137
5220136	Dama dama (Linnaeus, 1758)	Animalia	Mammalia	3	1	3	1	3	1	3	1	3	1	3	1	0.7918231076841143	359
2480773	Plegadis falcinellus (Linnaeus, 1766)	Animalia	Aves	3	1	3	1	3	1	3	1	3	1	1	1	0.8230274280096385	212
2480410	Parabuteo unicinctus (Temminck, 1824)	Animalia	Aves	3	1	3	1	2	1	3	1	3	1	3	1	0.979163076147976	212
1047536	Leptinotarsa decemlineata (Say, 1824)	Animalia	Insecta	3	1	1	3	3	3	3	3	3	3	3	3	1.29797231204061	216
4528100	Phthorimaea absoluta Meyrick, 1917	Animalia	Insecta	3	1	1	3	2	1	3	3	2	1	3	3	1.0984744060916993	216
2927004	Salvia officinalis L.	Plantae	Magnoliopsida	3	1	1	1	3	1	1	1	3	1	1	1	0.9526335882530053	220
5374614	Barbarea stricta Andrz. ex Besser	Plantae	Magnoliopsida	3	1	1	1	3	1	1	1	3	1	1	1	0.9298809766996281	220
5304257	Hyacinthoides hispanica (Mill.) Rothm.	Plantae	Liliopsida	3	1	1	1	3	1	1	1	3	1	1	1	0.909501586883443	196
3152521	Althaea hirsuta L.	Plantae	Magnoliopsida	3	1	1	1	3	1	1	1	3	1	1	1	0.8760566439040091	220
2985949	Sempervivum tectorum L.	Plantae	Magnoliopsida	3	1	1	1	3	1	1	1	3	1	1	1	0.8397616430947664	220
8014163	Ambigolimax valentianus (A.Férussac, 1821)	Animalia	Gastropoda	3	1	1	1	3	1	1	1	3	1	1	1	0.7216330124218748	225
5289503	Typha laxmannii Lepech.	Plantae	Liliopsida	3	1	1	1	3	1	1	1	1	1	1	0	0.518021967787039	196
2865565	Lagarosiphon major (Ridl.) Moss	Plantae	Liliopsida	3	1	1	1	2	1	1	0	2	1	1	0	0.6667136521068048	196
5538946	Pimpinella peregrina L.	Plantae	Magnoliopsida	3	1	1	1	1	1	1	1	1	1	1	1	0.8448936280372751	220
6376340	Thalictrum aquilegiifolium L.	Plantae	Magnoliopsida	3	1	0	3	3	1	0	3	3	1	0	3	1.039435624917305	220
3000610	Chaenomeles japonica (Thunb.) Lindl. ex Spach	Plantae	Magnoliopsida	3	1	0	1	3	1	0	1	3	1	0	1	0.9855596071252924	220
2890502	Geranium endressii J.Gay	Plantae	Magnoliopsida	3	0	3	3	3	0	3	3	3	2	3	3	1.1896825960952486	220
2217982	Crangonyx pseudogracilis Bousfield, 1958	Animalia	Malacostraca	3	0	3	3	3	0	3	3	3	0	3	3	1.5426268549663953	229
2972595	Onobrychis viciifolia Scop.	Plantae	Magnoliopsida	3	0	3	3	3	0	3	3	3	0	3	3	1.273021965451505	220
3133938	Coreopsis lanceolata L.	Plantae	Magnoliopsida	3	0	3	0	3	0	3	0	3	0	3	2	0.8496006086711044	220
2498387	Aix sponsa (Linnaeus, 1758)	Animalia	Aves	3	0	1	0	3	0	1	0	3	0	1	0	0.7589244031213339	212
4989904	Harmonia axyridis (Pallas, 1773)	Animalia	Insecta	3	0	0	0	3	0	0	0	3	0	0	0	0.6956619739153658	216
5289913	Polypogon maritimus Willd.	Plantae	Liliopsida	2	3	3	3	3	3	3	3	2	3	3	3	1.2235568283672003	196
2703723	Bromus catharticus Vahl	Plantae	Liliopsida	2	3	3	3	3	3	3	3	1	3	3	3	1.1255097316164093	196
5229205	Eudocimus albus (Linnaeus, 1758)	Animalia	Aves	2	3	3	3	3	2	3	3	3	3	3	3	1.3883012713256433	212
1311477	Vespa velutina Lepeletier, 1836	Animalia	Insecta	2	3	3	3	2	3	3	3	2	3	3	3	2.5802837278277932	216
2913169	Galium parisiense L.	Plantae	Magnoliopsida	2	3	3	3	1	3	3	3	1	3	3	3	1.1673457298054453	220
5371753	Visnaga daucoides Gaertn.	Plantae	Magnoliopsida	2	3	3	3	1	1	3	3	2	2	3	3	1.2333069386248618	220
2705081	Panicum virgatum L.	Plantae	Liliopsida	2	3	3	1	3	3	3	1	1	1	3	1	1.0042312644937867	196
3121581	Artemisia dracunculus L.	Plantae	Magnoliopsida	2	3	2	3	2	3	2	2	2	2	2	2		220
5377378	Matthiola incana (L.) W.T.Aiton	Plantae	Magnoliopsida	2	3	2	3	1	1	2	2	1	1	2	2		220
3171951	Verbascum phoeniceum L.	Plantae	Magnoliopsida	2	3	2	2	3	3	3	2	1	1	1	1		220
3065244	Euphorbia amygdaloides subsp. robbiae (Turrill) Stace	Plantae	Magnoliopsida	2	3	2	1	3	3	2	1	1	1	2	1	0.7971481435832264	220
3085420	Dianthus caryophyllus L.	Plantae	Magnoliopsida	2	3	2	1	1	1	2	1	3	3	2	1	0.7028545995736147	220
5384932	Saururus cernuus L.	Plantae	Magnoliopsida	2	3	1	3	3	3	1	3	2	3	1	3	1.2072253487526117	220
5846290	Saxicola maurus (Pallas, 1773)	Animalia	Aves	2	3	1	3	2	3	1	3	1	3	1	3	1.042655810488675	212
9153437	Salix daphnoides Vill.	Plantae	Magnoliopsida	2	3	1	3	1	3	1	3	1	3	1	3	1.0945596183110238	220
4127352	Sasaella ramosa (Makino) Makino	Plantae	Liliopsida	2	3	1	2	2	3	1	2	1	3	1	2	0.9454862433356881	196
11007246	Clinopodium menthifolium (Host) Merino	Plantae	Magnoliopsida	2	3	1	1	2	3	2	3	2	3	2	3	1.0413411032173345	220
5284237	Cryptomeria japonica (Thunb. ex L.f.) D.Don	Plantae	Pinopsida	2	3	1	1	2	3	1	1	3	3	1	1	0.9675871044824298	194
2498163	Anser canagicus (Sevastianov, 1802)	Animalia	Aves	2	3	1	1	2	3	1	1	2	3	1	1	0.9022613892320923	212
4123394	Festuca guestfalica subsp. hirtula (Hack. ex Travis) Dengler	Plantae	Liliopsida	2	3	1	1	2	2	1	1	1	1	1	1	0.802549182551116	196
2888867	Rheum rhabarbarum L.	Plantae	Magnoliopsida	2	3	1	1	1	1	1	1	1	1	1	1	0.868263767631959	220
3083647	Spinacia oleracea L.	Plantae	Magnoliopsida	2	3	1	0	2	2	1	0	2	2	3	0	0.6521447991701212	220
4270548	Hordeum murinum subsp. leporinum (Link) Arcang.	Plantae	Liliopsida	2	3	0	1	1	1	0	1	3	3	0	1	0.5079438146280353	196
3096529	Mauranthemum paludosum (Poir.) Vogt & Oberpr.	Plantae	Magnoliopsida	2	3	0	1	1	1	0	1	1	1	0	1	0.953712123609563	220
2704757	Sporobolus indicus (L.) R.Br.	Plantae	Liliopsida	2	2	3	3	3	3	3	3	3	3	3	3	1.2667857650612366	196
2773453	Ornithogalum divergens Boreau	Plantae	Liliopsida	2	2	3	3	3	3	3	3	3	3	3	3	1.0658163125716034	196
4598225	Tandonia budapestensis (Hazay, 1880)	Animalia	Gastropoda	2	2	3	3	3	3	3	3	1	1	3	3	1.617135904147225	225
2479407	Myiopsitta monachus (Boddaert, 1783)	Animalia	Aves	2	2	3	3	3	2	3	3	3	3	3	3	1.189697507966708	212
2928576	Ipomoea purpurea (L.) Roth	Plantae	Magnoliopsida	2	2	3	3	2	3	3	3	2	3	3	3	1.2106326829355627	220
7315072	Papaver atlanticum (Ball) Coss.	Plantae	Magnoliopsida	2	2	3	3	2	2	3	3	3	3	3	3	1.185332985495365	220
2037925	Orientus ishidae (Matsumura, 1902)	Animalia	Insecta	2	2	3	3	2	2	3	3	2	2	3	3	1.5440567346530674	216
2914590	Galium murale (L.) All.	Plantae	Magnoliopsida	2	2	3	3	2	2	3	3	2	2	3	3	1.212893690416169	220
3146717	Erigeron bonariensis L.	Plantae	Magnoliopsida	2	2	3	3	2	2	3	3	2	2	3	3	1.1159883593069473	220
5408682	Lobelia pedunculata R.Br.	Plantae	Magnoliopsida	2	2	3	3	2	2	3	3	1	2	3	3	1.3120017339229006	220
2879520	Quercus conferta Kit.	Plantae	Magnoliopsida	2	2	3	3	1	1	3	3	1	1	3	3	1.43019719199203	220
3103082	Gamochaeta pensylvanica (Willd.) Cabrera	Plantae	Magnoliopsida	2	2	3	3	1	1	3	3	1	1	3	3	1.2976953527330977	220
3152824	Liquidambar styraciflua L.	Plantae	Magnoliopsida	2	2	3	3	1	1	3	3	1	1	3	3	1.0770050986101103	220
4487598	Closterotomus trivialis (A.Costa, 1853)	Animalia	Insecta	2	2	3	3	1	1	3	2	3	3	3	3		216
5330085	Wolffia columbiana H.Karst.	Plantae	Liliopsida	2	2	3	3	1	1	1	3	2	2	3	3	1.4546837550164686	196
7818643	Prunus armeniaca L.	Plantae	Magnoliopsida	2	2	3	1	2	2	2	1	1	1	2	1	0.9797411148949376	220
5401760	Ageratum houstonianum Mill.	Plantae	Magnoliopsida	2	2	3	1	1	1	3	1	3	3	3	1	0.9928384304324499	220
3046015	Cardamine corymbosa Hook.f.	Plantae	Magnoliopsida	2	2	3	1	1	1	3	1	3	2	3	1	0.9825247651230598	220
2889229	Persicaria orientalis (L.) Spach	Plantae	Magnoliopsida	2	2	3	1	1	1	3	1	2	2	3	1	0.8675053780215997	220
3048532	Erysimum marshallii Bois	Plantae	Magnoliopsida	2	2	2	2	3	3	3	3	3	3	3	3		220
2169430	Macaroeris nidicolens (Walckenaer, 1802)	Animalia	Arachnida	2	2	2	2	3	3	3	3	3	3	2	2		367
5123474	Anthophila nemorana (Hübner, 1799)	Animalia	Insecta	2	2	2	2	3	3	3	3	1	1	2	2		216
4553469	Leiobunum Koch, 1839	Animalia	Arachnida	2	2	2	2	3	3	2	3	3	3	3	3		367
1737131	Epiphyas postvittana (Walker, 1863)	Animalia	Insecta	2	2	2	2	2	2	2	2	3	3	3	3		216
2501248	Mnemiopsis leidyi A.Agassiz, 1865	Animalia	Tentaculata	2	2	2	2	2	2	2	2	3	3	3	3		365
5191102	Monacha cantiana (Montagu, 1803)	Animalia	Gastropoda	2	2	2	2	2	2	2	2	2	2	2	2		225
5304187	Triteleia laxa Benth.	Plantae	Liliopsida	2	2	2	2	2	2	2	2	2	2	2	2		196
10095118	Microcarbo pygmaeus (Pallas, 1773)	Animalia	Aves	2	2	2	2	2	2	2	2	1	1	1	1		212
3940423	Malva thuringiaca (L.) Vis.	Plantae	Magnoliopsida	2	2	2	2	2	2	1	1	2	2	2	2		220
3924221	Helleborus argutifolius Viv.	Plantae	Magnoliopsida	2	2	2	2	1	1	2	2	2	2	2	2		220
7172831	Phedimus aizoon (L.) 't Hart	Plantae	Magnoliopsida	2	2	2	2	1	1	2	2	2	2	2	2		220
5533814	Ilex ×meserveae S.Y.Hu	Plantae	Magnoliopsida	2	2	2	2	1	1	2	2	1	1	2	2		220
5204019	Oncorhynchus mykiss (Walbaum, 1792)	Animalia		2	2	2	2	1	1	1	1	2	2	2	2		
2726538	Carex muskingumensis Schwein.	Plantae	Liliopsida	2	2	2	2	1	1	1	1	1	1	2	2		196
2474416	Porphyrio porphyrio (Linnaeus, 1758)	Animalia	Aves	2	2	2	2	1	1	1	1	1	1	1	1		212
2479311	Platycercus elegans (Gmelin, 1788)	Animalia	Aves	2	2	2	2	1	1	1	1	1	1	1	1		212
5549949	Liriope muscari (Decne.) L.H.Bailey	Plantae	Liliopsida	2	2	2	2	1	1	1	1	1	1	1	1		196
7291643	Persicaria filiformis (Thunb.) Nakai	Plantae	Magnoliopsida	2	2	2	2	1	1	1	1	1	1	1	1		220
3147815	Verbesina alternifolia (L.) Britton ex Kearney	Plantae	Magnoliopsida	2	2	2	1	2	2	2	1	2	2	2	1	0.9694874772520585	220
4926336	Anaphalis margaritacea (L.) Benth.	Plantae	Magnoliopsida	2	2	2	1	2	2	2	1	2	2	2	1	0.9571552958954503	220
4201695	Phedimus hybridus (L.) 't Hart	Plantae	Magnoliopsida	2	2	2	1	2	2	2	1	1	1	2	1	0.8667672411911485	220
5401007	Leucanthemum ×superbum (Bergmans ex J.W.Ingram) D.H.Kent	Plantae	Magnoliopsida	2	2	2	1	1	1	2	1	2	2	2	1	0.7748192768145422	220
2773281	Ornithogalum nutans L.	Plantae	Liliopsida	2	2	2	1	1	1	2	1	1	1	1	1	0.9823681926559694	196
2475648	Dacelo novaeguineae (Hermann, 1783)	Animalia	Aves	2	2	2	1	1	1	1	1	1	1	1	1	0.9532481028326215	212
2493633	Taeniopygia guttata (Vieillot, 1817)	Animalia	Aves	2	2	1	3	3	3	1	3	3	3	1	3	1.076278398931115	212
2855398	Galanthus elwesii Hook.f.	Plantae	Liliopsida	2	2	1	3	2	2	1	3	3	2	1	3	1.0600801707896785	196
5388595	Jacobaea maritima (L.) Pelser & Meijden	Plantae	Magnoliopsida	2	2	1	3	2	2	1	3	1	1	1	3	1.0553092234398531	220
8133114	Aster amellus L.	Plantae	Magnoliopsida	2	2	1	3	1	1	3	3	1	1	3	3	1.0953276008875232	220
4123912	Agrostis ×dimorpholemma Ohwi	Plantae	Liliopsida	2	2	1	3	1	1	1	3	3	3	1	3	1.0853388896869052	196
2891664	Oxalis articulata Savigny	Plantae	Magnoliopsida	2	2	1	2	3	3	1	3	2	2	1	2		220
3036033	Hedera colchica (K.Koch) K.Koch	Plantae	Magnoliopsida	2	2	1	2	2	2	1	2	1	1	1	2		220
3111754	Zinnia elegans Jacq.	Plantae	Magnoliopsida	2	2	1	1	3	3	3	3	2	2	1	1		220
5041466	Sceliphron caementarium (Drury, 1773)	Animalia	Insecta	2	2	1	1	3	3	3	3	1	1	3	3		216
2038171	Opsius stactogalus Fieber, 1866	Animalia	Insecta	2	2	1	1	3	3	1	1	3	3	1	1	0.9344018884218184	216
2928761	Nicotiana alata Link & Otto	Plantae	Magnoliopsida	2	2	1	1	3	3	1	1	2	3	1	1	0.7892395955742453	220
2855439	Galanthus woronowii Losinsk.	Plantae	Liliopsida	2	2	1	1	3	2	1	1	3	3	1	1	0.848991729818004	196
2049661	Adelges abietis (Linnaeus, 1758)	Animalia	Insecta	2	2	1	1	3	2	1	1	3	3	1	1	0.7272828314520317	216
2685484	Abies alba Mill.	Plantae	Pinopsida	2	2	1	1	3	2	1	1	1	1	1	1	0.9528109087439562	194
5396474	Heliopsis helianthoides (L.) Sweet	Plantae	Magnoliopsida	2	2	1	1	2	3	1	1	1	1	1	1	0.8876800027034492	220
2880580	Quercus cerris L.	Plantae	Magnoliopsida	2	2	1	1	2	2	3	1	2	2	3	3	1.001426381816562	220
5384466	Gypsophila elegans M.Bieb.	Plantae	Magnoliopsida	2	2	1	1	2	2	2	2	1	1	2	2		220
1920491	Pieris mannii (Mayer, 1851)	Animalia	Insecta	2	2	1	1	2	2	2	2	1	1	1	1		216
5298765	Iris foetidissima L.	Plantae	Liliopsida	2	2	1	1	2	2	1	3	2	2	3	3	1.0205536835888989	196
7102937	Euonymus japonicus Thunb.	Plantae	Magnoliopsida	2	2	1	1	2	2	1	1	2	2	1	1	0.7749723975441953	220
2296807	Cochlicella barbara (Linnaeus, 1758)	Animalia	Gastropoda	2	2	1	1	2	2	1	1	2	2	1	1	0.33017014185941673	225
2914404	Galium verum subsp. wirtgenii (F.W.Schultz) Oborny	Plantae	Magnoliopsida	2	2	1	1	2	2	1	1	1	1	1	1		220
3138195	Eutrochium maculatum (L.) E.E.Lamont	Plantae	Magnoliopsida	2	2	1	1	1	1	2	2	3	2	2	2		220
2874570	Cucumis melo L.	Plantae	Magnoliopsida	2	2	1	1	1	1	1	1	3	3	1	1	0.9173378117033756	220
5361888	Morus nigra L.	Plantae	Magnoliopsida	2	2	1	1	1	1	1	1	3	3	1	1	0.836092011273888	220
5284950	Picea omorika (Pancic) Purk.	Plantae	Pinopsida	2	2	1	1	1	1	1	1	2	3	1	1	0.9491978415672202	194
3092576	Silphium perfoliatum L.	Plantae	Magnoliopsida	2	2	1	1	1	1	1	1	2	2	2	2		220
5356514	Lathyrus odoratus L.	Plantae	Magnoliopsida	2	2	1	1	1	1	1	1	2	2	1	1	0.8711526695847184	220
5551241	Iberis sempervirens L.	Plantae	Magnoliopsida	2	2	1	1	1	1	1	1	2	2	1	1	0.8344108289546193	220
2747750	Crocus ×luteus Lam.	Plantae	Liliopsida	2	2	1	1	1	1	1	1	2	2	1	1	0.6792728546393314	196
5334227	Lonicera caprifolium L.	Plantae	Magnoliopsida	2	2	1	1	1	1	1	1	1	1	1	1	0.8994403281326264	220
4133390	Lolium ×boucheanum Kunth	Plantae	Liliopsida	2	2	1	1	1	1	1	1	1	1	1	1	0.6835638371579909	196
2890995	Geranium ×cantabrigiense P.F.Yeo	Plantae	Magnoliopsida	2	2	1	1	1	1	1	1	1	1	1	1		220
5331238	Viola sororia Willd.	Plantae	Magnoliopsida	2	2	1	1	1	1	1	1	1	1	1	1		220
2888323	Clethra alnifolia L.	Plantae	Magnoliopsida	2	2	1	0	2	3	3	0	1	1	3	2	0.9656827646117627	220
2959443	Gleditsia triacanthos L.	Plantae	Magnoliopsida	2	2	0	3	2	2	0	3	2	3	0	3	1.020204039892697	220
2874508	Cucurbita pepo L.	Plantae	Magnoliopsida	2	2	0	1	2	2	0	1	2	2	0	1	0.8416909987165614	220
3664589	Oenothera lindheimeri (Engelm. & A.Gray) W.L.Wagner & Hoch	Plantae	Magnoliopsida	2	2	0	0	2	2	0	0	3	3	0	0	0.7349034963791394	220
1622599	Rhagoletis cingulata (Loew, 1862)	Animalia	Insecta	2	2	0	0	2	2	0	0	3	3	0	0	0.4581542148780841	216
2706026	Miscanthus sinensis Andersson	Plantae	Liliopsida	2	2	0	0	2	2	0	0	2	2	0	0	0.6553522069416952	196
5370006	Geum ternatum (Stephan) Smedmark	Plantae	Magnoliopsida	2	2	0	0	1	1	0	0	3	3	0	0	0.49829501036125606	220
3133887	Coreopsis verticillata L.	Plantae	Magnoliopsida	2	2	0	0	1	1	0	0	2	2	0	0	0.3793662301579233	220
1622658	Rhagoletis completa Cresson, 1929	Animalia	Insecta	2	1	3	3	3	3	3	3	3	3	2	2		216
5372655	Salix eleagnos Scop.	Plantae	Magnoliopsida	2	1	3	3	3	1	3	3	3	1	3	3	1.2021723787357044	220
8149923	Prunus persica (L.) Stokes	Plantae	Magnoliopsida	2	1	3	3	2	1	3	3	3	1	3	3	1.1330408580861808	220
8373355	Artemisia annua L.	Plantae	Magnoliopsida	2	1	3	3	2	1	3	3	2	1	3	3	1.525926004009074	220
5370380	Dasiphora fruticosa (L.) Rydb.	Plantae	Magnoliopsida	2	1	3	3	2	1	3	3	2	1	3	3	1.0150445738830145	220
5582033	Salix udensis (Wimm.) Trautv. & C.A.Mey.	Plantae	Magnoliopsida	2	1	3	3	2	1	3	3	1	1	3	3	1.023541914130856	220
7855120	Odontites luteus (L.) Clairv.	Plantae	Magnoliopsida	2	1	3	2	2	1	3	2	1	1	3	2		220
5392145	Bidens radiata Thuill.	Plantae	Magnoliopsida	2	1	3	1	3	1	3	1	2	1	3	1	0.9876739074379352	220
2703721	Bromus madritensis L.	Plantae	Liliopsida	2	1	3	1	2	1	3	1	2	1	3	1	0.9750792660164075	196
2443002	Trachemys scripta (Thunberg In Schoepff, 1792)	Animalia	Testudines	2	1	2	3	2	1	2	3	2	1	2	3	1.0615876279284768	11418114
3040999	Raphanus raphanistrum subsp. landra (Moretti ex DC.) Bonnier & Layens	Plantae	Magnoliopsida	2	1	2	2	2	1	2	2	2	1	2	2		220
2020686	Stephanitis takeyai Drake & Maa, 1955	Animalia	Insecta	2	1	1	3	2	1	1	3	3	3	1	3	1.1625915700481324	216
5229055	Psittacula eupatria (Linnaeus, 1766)	Animalia	Aves	2	1	1	3	1	1	1	3	2	1	1	3	1.0282386513957167	212
3113637	Cirsium rivulare (Jacq.) All.	Plantae	Magnoliopsida	2	1	1	1	3	1	1	1	2	1	1	1	0.8564556479367353	220
8362005	Sasa palmata (Burb.) E.G.Camus	Plantae	Liliopsida	2	1	1	1	2	3	1	1	2	3	1	0	0.7751134536072417	196
4483961	Viridicerus ustulatus (Mulsant & Rey, 1855)	Animalia	Insecta	2	1	1	1	2	1	1	1	3	1	1	1	0.8399045032931362	216
1751299	Bucculatrix ainsliella Murtfeldt, 1905	Animalia	Insecta	2	1	1	1	1	1	1	3	1	1	1	3	1.0121617207029252	216
1749449	Cameraria ohridella Deschka & Dimić, 1986	Animalia	Insecta	2	1	1	0	3	1	1	0	3	3	1	0	0.7020708517618652	216
5828216	Cenchrus flaccidus (Griseb.) Morrone	Plantae	Liliopsida	2	1	1	0	3	1	1	0	2	1	1	0	0.644048777700972	196
2379245	Proterorhinus semilunaris (Heckel, 1837)	Animalia		2	1	1	0	2	1	1	0	1	1	1	0	0.45716783143430595	
3152377	Malva verticillata L.	Plantae	Magnoliopsida	2	1	0	1	2	1	0	1	1	1	0	1	0.926124678289344	220
2440946	Muntiacus reevesi (Ogilby, 1839)	Animalia	Mammalia	2	1	0	1	2	1	0	1	1	1	0	1	0.8576084352270951	359
2174528	Saitis barbipes (Simon, 1868)	Animalia	Arachnida	2	1	0	0	3	3	0	0	1	1	0	0	0.745098319908576	367
8080743	Scilla siberica Andrews	Plantae	Liliopsida	2	1	0	0	3	1	0	0	2	0	0	0	0.7049703853157193	196
2859597	Ipheion uniflorum (Graham) Raf.	Plantae	Liliopsida	2	1	0	0	2	3	0	0	2	2	0	0	0.6724358165312843	196
3686235	Staphylea pinnata L.	Plantae	Magnoliopsida	2	1	0	0	2	1	0	0	3	1	0	0	0.823090974845966	220
7764700	Lonicera pileata var. yunnanensis (Franch.) Bernd Schulz	Plantae	Magnoliopsida	2	1	0	0	2	1	0	0	2	1	0	0	0.8491071075006041	220
3083761	Atriplex hortensis L.	Plantae	Magnoliopsida	2	0	3	3	1	0	3	3	2	0	3	3	1.2246328755803995	220
3026162	Cotoneaster franchetii Boiss.	Plantae	Magnoliopsida	2	0	2	1	2	0	2	1	3	0	3	1	0.8889870422043714	220
3190522	Cotinus coggygria Scop.	Plantae	Magnoliopsida	2	0	2	1	2	0	1	1	3	0	3	1	0.9405394492872384	220
5420991	Ludwigia peploides (Kunth) P.H.Raven	Plantae	Magnoliopsida	2	0	1	1	2	0	1	1	2	0	1	1	0.8433945675805126	220
5598598	Lonicera acuminata Wall.	Plantae	Magnoliopsida	2	0	1	1	2	0	1	1	2	0	1	1	0.8308068339798864	220
2473477	Syrmaticus reevesii (J.E.Gray, 1829)	Animalia	Aves	2	0	1	0	2	0	1	0	3	0	1	0	0.7088460658326597	212
3127727	Centaurea stoebe L.	Plantae	Magnoliopsida	2	0	1	0	1	0	1	0	2	0	1	0	0.5300249740000238	220
2498090	Anas bahamensis Linnaeus, 1758	Animalia	Aves	2	0	0	1	1	0	0	1	1	0	0	1	0.9021535409942956	212
4038485	Reynoutria ×bohemica Chrtek & Chrtková	Plantae	Magnoliopsida	2	0	0	1	1	0	0	0	2	0	0	0	0.7144794752629328	220
3021496	Prunus laurocerasus L.	Plantae	Magnoliopsida	1	3	3	3	3	3	3	3	3	3	3	3	1.124443827057128	220
2891774	Impatiens capensis Meerb.	Plantae	Magnoliopsida	1	3	3	3	1	3	3	3	1	3	3	3	2.1490065709205552	220
2227663	Rhithropanopeus harrisii (Gould, 1841)	Animalia	Malacostraca	1	3	3	3	1	3	3	3	1	3	3	3	1.2284011228938778	229
3034182	Ammi majus L.	Plantae	Magnoliopsida	1	3	3	3	1	3	3	3	1	3	3	3	1.1479706201681332	220
2772174	Muscari armeniacum Leichtlin ex Baker	Plantae	Liliopsida	1	3	3	3	1	3	3	3	1	3	3	3	1.0719202025340402	196
5414551	Vincetoxicum nigrum (L.) Moench	Plantae	Magnoliopsida	1	3	3	2	3	3	2	2	1	1	2	2		220
5356662	Lathyrus niger (L.) Bernh.	Plantae	Magnoliopsida	1	3	2	3	1	1	1	1	1	1	2	2		220
5328593	Aponogeton distachyos L.f.	Plantae	Liliopsida	1	3	1	3	3	3	3	3	3	3	3	3	1.158505807750672	196
5299536	Tulipa sylvestris L.	Plantae	Liliopsida	1	3	1	3	1	3	3	3	1	3	3	3	1.139017095823065	196
3088310	Petasites japonicus (Siebold & Zucc.) Maxim.	Plantae	Magnoliopsida	1	3	1	3	1	3	1	3	3	3	3	3	1.1387246352570786	220
5384848	Silene gallica L.	Plantae	Magnoliopsida	1	3	1	3	1	3	1	3	1	3	1	3	1.0690312885606852	220
5357407	Amorpha fruticosa L.	Plantae	Magnoliopsida	1	3	1	3	1	3	1	3	1	3	1	3	1.0579206015166736	220
2498035	Anser indicus (Latham, 1790)	Animalia	Aves	1	3	1	3	1	3	1	3	1	3	1	3	1.0455241745680754	212
2435035	Felis catus Linnaeus, 1758	Animalia	Mammalia	1	3	1	3	1	3	1	3	1	3	1	3	1.0347702775139063	359
2367911	Misgurnus mohoity (Dybowski, 1869)	Animalia		1	3	1	3	1	3	1	3	1	0	1	0	12.64015881464535	
3172348	Fraxinus pennsylvanica Marshall	Plantae	Magnoliopsida	1	3	1	2	1	3	1	2	1	2	1	2		220
5362054	Crassula helmsii (Kirk) Cockayne	Plantae	Magnoliopsida	1	3	1	1	1	3	3	1	3	3	3	1	0.989326132870308	220
5414239	Ilex crenata Thunb.	Plantae	Magnoliopsida	1	3	1	1	1	3	3	1	1	3	3	3	0.9759701898765416	220
6362904	Populus trichocarpa Torr. & A.Gray ex Hook.	Plantae	Magnoliopsida	1	3	1	1	1	3	1	1	3	3	1	1	0.914732682784741	220
2498402	Dendrocygna bicolor (Vieillot, 1816)	Animalia	Aves	1	3	1	1	1	3	1	1	1	3	1	3	1.0042526119464539	212
5329212	Elodea nuttallii (Planch.) H.St.John	Plantae	Liliopsida	1	3	1	1	1	3	1	1	1	3	1	1	1.0042033967427255	196
3120790	Artemisia verlotiorum Lamotte	Plantae	Magnoliopsida	1	3	1	1	1	3	1	1	1	3	1	1	0.9959365553481498	220
2775619	Yucca gloriosa L.	Plantae	Liliopsida	1	3	1	1	1	3	1	1	1	3	1	1	0.9648128534317	196
2685361	Abies grandis (Douglas ex D.Don) Lindl.	Plantae	Pinopsida	1	3	1	1	1	3	1	1	1	3	1	1	0.9526338587716254	194
7645931	Salix acutifolia Willd.	Plantae	Magnoliopsida	1	3	1	0	1	1	1	0	1	1	1	0	0.6701098685249637	220
2926045	Brunnera macrophylla (Adams) I.M.Johnst.	Plantae	Magnoliopsida	1	3	0	3	1	3	0	3	1	3	0	3	1.2819901463051755	220
3020871	Prunus lusitanica L.	Plantae	Magnoliopsida	1	3	0	0	3	3	0	0	3	3	0	0	0.7636133880721391	220
3085357	Saponaria ocymoides L.	Plantae	Magnoliopsida	1	3	0	0	1	1	0	0	1	1	0	0	0.7204677824836625	220
5334240	Lonicera japonica Thunb.	Plantae	Magnoliopsida	1	2	3	3	1	2	3	3	1	3	3	3	1.1785069743748469	220
5341497	Nepeta racemosa Lam.	Plantae	Magnoliopsida	1	2	3	3	1	2	3	3	1	2	3	3	1.0876561297470901	220
8946295	Pontastacus leptodactylus (Eschscholtz, 1823)	Animalia	Malacostraca	1	2	3	3	1	1	3	3	1	3	3	3	1.165843965702992	229
1852831	Blastobasis adustella Walsingham, 1894	Animalia	Insecta	1	2	2	1	1	3	3	3	3	3	3	3		216
3152614	Abutilon theophrasti Medik.	Plantae	Magnoliopsida	1	2	2	1	1	2	3	1	1	2	2	1	0.9951571045312971	220
2857017	Allium paradoxum (M.Bieb.) G.Don	Plantae	Liliopsida	1	2	2	0	3	2	2	0	3	3	3	2	0.6919479051189132	196
9419993	Erodium moschatum (L.) L'Hér.	Plantae	Magnoliopsida	1	2	2	0	1	2	2	0	3	3	3	0	0.6083321255095799	220
6363863	Arenaria montana L.	Plantae	Magnoliopsida	1	2	1	1	1	1	1	1	3	3	3	3		220
7681436	Cytisus multiflorus (L'Hér.) Sweet	Plantae	Magnoliopsida	1	2	1	0	2	2	1	0	3	2	1	0	0.8583538533729743	220
5228080	Callipepla californica (Shaw, 1798)	Animalia	Aves	1	2	1	0	1	1	2	0	1	1	3	0	0.16528730884914813	212
2142456	Uloborus plumipes Lucas, 1846	Animalia	Arachnida	1	2	0	3	1	3	0	3	1	2	0	3	1.1567809483273197	367
3025896	Cotoneaster dielsianus E.Pritz.	Plantae	Magnoliopsida	1	2	0	1	1	2	0	1	1	3	0	1	0.8426267462643175	220
2869311	Lysichiton americanus Hultén & H.St.John	Plantae	Liliopsida	1	2	0	1	1	2	0	1	1	2	0	1	0.8510667743034397	196
4102952	Knautia macedonica Griseb.	Plantae	Magnoliopsida	1	2	0	1	1	1	0	1	3	2	0	3	0.8324166788163309	220
3098951	Cosmos sulphureus Cav.	Plantae	Magnoliopsida	1	2	0	0	2	2	0	0	3	3	0	0	0.46902231537018296	220
2481263	Gelochelidon nilotica (J.F.Gmelin, 1789)	Animalia	Aves	1	2	0	0	1	2	0	0	1	2	0	0	0.7864720978303409	212
2873877	Linum austriacum L.	Plantae	Magnoliopsida	1	2	0	0	1	2	0	0	1	2	0	0	0.6538198644852768	220
5712981	Coccus hesperidum Linnaeus, 1758	Animalia	Insecta	1	1	3	3	3	3	3	3	1	1	3	3		216
7135755	Rhododendron luteum Sweet	Plantae	Magnoliopsida	1	1	3	3	3	1	3	3	3	3	3	3	1.2116791455258447	220
2882849	Vaccinium corymbosum L.	Plantae	Magnoliopsida	1	1	3	3	3	1	3	3	3	1	3	3	1.010636700142643	220
7901652	Viola ×wittrockiana Gams ex Kappert	Plantae	Magnoliopsida	1	1	3	3	2	2	3	3	2	2	3	3	1.1594537559005031	220
3602683	Papaver cambricum L.	Plantae	Magnoliopsida	1	1	3	3	1	3	3	3	3	3	3	3	1.0897567721695944	220
3197314	Sargassum muticum (Yendo) Fensholt	Chromista	Phaeophyceae	1	1	3	3	1	3	3	3	3	3	3	3	1.0433902115027085	7073593
3085421	Dianthus barbatus L.	Plantae	Magnoliopsida	1	1	3	3	1	1	3	3	3	3	3	3	1.4066836170123753	220
2932872	Solanum decipiens Opiz	Plantae	Magnoliopsida	1	1	3	3	1	1	3	3	3	1	3	3	1.019514989046131	220
2220347	Limnomysis benedeni Czerniavsky, 1882	Animalia	Malacostraca	1	1	3	3	1	1	3	3	1	2	3	3	1.269417258907964	229
3022203	Prunus ×fruticans Weihe	Plantae	Magnoliopsida	1	1	3	3	1	1	3	3	1	1	3	3	1.282152017248956	220
2925527	Verbena hastata L.	Plantae	Magnoliopsida	1	1	3	3	1	1	3	3	1	1	3	3	1.2652330828595137	220
3085381	Polycarpon tetraphyllum (L.) L.	Plantae	Magnoliopsida	1	1	3	3	1	1	3	3	1	1	3	3	1.1761459892600217	220
7671397	Phuopsis stylosa (Trin.) G.Nicholson	Plantae	Magnoliopsida	1	1	3	3	1	1	3	3	1	1	3	3	1.1308780237362037	220
5358266	Ornithopus sativus Brot.	Plantae	Magnoliopsida	1	1	3	3	1	1	3	3	1	1	3	3	1.1215873484384267	220
3053406	Rorippa austriaca (Crantz) Besser	Plantae	Magnoliopsida	1	1	3	3	1	1	3	3	1	1	3	3	1.10583136299928	220
3033518	Clematis viticella L.	Plantae	Magnoliopsida	1	1	3	3	1	1	3	3	1	1	3	3	1.098552841978271	220
5356345	Laburnum anagyroides Medik.	Plantae	Magnoliopsida	1	1	3	3	1	1	3	3	1	1	3	3	1.0983147520805059	220
5361909	Ficus carica L.	Plantae	Magnoliopsida	1	1	3	3	1	1	3	3	1	1	3	3	1.0916274278346156	220
5374672	Barbarea verna (Mill.) Asch.	Plantae	Magnoliopsida	1	1	3	3	1	1	3	3	1	1	3	3	1.0760810759349124	220
9073641	Camelina sativa (L.) Crantz	Plantae	Magnoliopsida	1	1	3	3	1	1	3	3	1	1	3	3	1.0718516707969463	220
5568339	Dysphania pumilio (R.Br.) Mosyakin & Clemants	Plantae	Magnoliopsida	1	1	3	3	1	1	3	3	1	1	3	3	1.0677704630368854	220
7403263	Lactuca sativa L.	Plantae	Magnoliopsida	1	1	3	3	1	1	3	3	1	1	3	3	1.042402075151676	220
9188840	Epilobium ciliatum Raf.	Plantae	Magnoliopsida	1	1	3	3	1	1	3	3	1	1	3	3	1.040102476671982	220
8091998	Gypsophila vaccaria (L.) Sm.	Plantae	Magnoliopsida	1	1	3	3	1	1	3	3	1	1	3	3	1.028607080931479	220
2986184	Ribes alpinum L.	Plantae	Magnoliopsida	1	1	3	3	1	1	3	3	1	1	3	3	1.0232403768255418	220
5371772	Levisticum officinale W.D.J.Koch	Plantae	Magnoliopsida	1	1	3	3	1	1	3	3	1	1	3	3	1.0154996653924258	220
2498329	Bucephala albeola (Linnaeus, 1758)	Animalia	Aves	1	1	3	3	1	1	3	3	1	1	3	1	1.0231599487611656	212
4544661	Aceria ilicis (Canestrini, 1890)	Animalia	Arachnida	1	1	3	3	1	1	1	1	1	3	1	3		367
7344766	Rudbeckia fulgida Aiton	Plantae	Magnoliopsida	1	1	3	3	1	1	1	1	1	1	1	1		220
5414932	Chelone obliqua L.	Plantae	Magnoliopsida	1	1	3	2	3	3	3	3	1	1	1	1		220
2890739	Geranium versicolor L.	Plantae	Magnoliopsida	1	1	3	2	3	3	2	2	1	1	1	1		220
7905507	Amaranthus albus L.	Plantae	Magnoliopsida	1	1	3	2	1	1	3	2	1	1	3	3		220
2176858	Philaeus chrysops (Poda, 1761)	Animalia	Arachnida	1	1	3	2	1	1	1	1	1	1	3	3		367
5403541	Crepis bursifolia L.	Plantae	Magnoliopsida	1	1	3	2	1	1	1	1	1	1	1	1		220
4286975	Cyprinus carpio Linnaeus, 1758	Animalia		1	1	3	1	3	1	3	1	3	1	3	1	0.9268520569211207	
3171954	Verbascum virgatum Stokes	Plantae	Magnoliopsida	1	1	3	1	2	1	3	1	1	1	3	1	0.9474874148254051	220
5421180	Koelreuteria paniculata Laxm.	Plantae	Magnoliopsida	1	1	3	1	1	1	3	1	3	2	3	1	0.9571971051780414	220
3711564	Hypericum ×inodorum Mill.	Plantae	Magnoliopsida	1	1	3	1	1	1	3	1	3	1	3	1	0.9279069524857088	220
4125308	Panicum schinzii Hack.	Plantae	Liliopsida	1	1	3	1	1	1	3	1	3	1	3	1	0.9231063656758984	196
3152560	Hibiscus trionum L.	Plantae	Magnoliopsida	1	1	3	1	1	1	3	1	1	1	3	1	0.9993153089402502	220
2932147	Solanum nitidibaccatum Bitter	Plantae	Magnoliopsida	1	1	3	1	1	1	3	1	1	1	3	1	0.9846399869627708	220
5825913	Pinus nigra subsp. laricio (Poir.) Maire	Plantae	Pinopsida	1	1	3	1	1	1	3	1	1	1	3	1	0.9674338769787393	194
3138327	Carthamus tinctorius L.	Plantae	Magnoliopsida	1	1	3	1	1	1	3	1	1	1	3	1	0.9554520155466092	220
2930805	Solanum sarrachoides Sendtn.	Plantae	Magnoliopsida	1	1	3	1	1	1	3	1	1	1	3	1	0.9456617237501769	220
7315286	Fumaria muralis Koch	Plantae	Magnoliopsida	1	1	3	1	1	1	3	1	1	1	3	1	0.9278177328605028	220
3136320	Hieracium amplexicaule L.	Plantae	Magnoliopsida	1	1	3	1	1	1	3	1	1	1	3	1	0.9065139930576903	220
2295442	Limacus flavus (Linnaeus, 1758)	Animalia	Gastropoda	1	1	3	1	1	1	3	1	1	1	3	1	0.9059618144267542	225
5229249	Sterna dougallii Montagu, 1813	Animalia	Aves	1	1	3	1	1	1	3	1	1	1	3	1	0.8785140949890896	212
2439270	Rattus rattus (Linnaeus, 1758)	Animalia	Mammalia	1	1	3	1	1	1	3	1	1	1	3	1	0.84401157892596	359
2687210	Tsuga heterophylla (Raf.) Sarg.	Plantae	Pinopsida	1	1	3	1	1	1	3	1	1	1	3	1	0.7899822195505211	194
5284884	Picea abies (L.) H.Karst.	Plantae	Pinopsida	1	1	3	1	1	1	3	1	1	1	3	1	0.7572160120743278	194
2772082	Muscari latifolium J.Kirk	Plantae	Liliopsida	1	1	2	2	2	2	3	3	2	2	3	3		196
3092691	Soliva sessilis Ruiz & Pav.	Plantae	Magnoliopsida	1	1	2	2	2	1	2	1	1	2	1	1		220
2157203	Steatoda nobilis (Thorell, 1875)	Animalia	Arachnida	1	1	2	2	1	3	2	2	3	3	3	3		367
8406661	Silene uniflora Roth	Plantae	Magnoliopsida	1	1	2	2	1	3	2	2	1	1	2	2		220
2767428	Puschkinia scilloides Adams	Plantae	Liliopsida	1	1	2	2	1	1	3	3	3	3	3	3		196
3711846	Hypericum ×hidcoteense Geerinck	Plantae	Magnoliopsida	1	1	2	2	1	1	3	3	1	1	2	2		220
1577153	Hermetia illucens (Linnaeus, 1758)	Animalia	Insecta	1	1	2	2	1	1	3	3	1	1	1	1		216
2437619	Dolichotis patagonum (Zimmermann, 1780)	Animalia	Mammalia	1	1	2	2	1	1	3	3	1	1	1	1		359
4086523	Verbena incompta P.W.Michael	Plantae	Magnoliopsida	1	1	2	2	1	1	3	3	1	1	1	1		220
2888437	Papaver orientale L.	Plantae	Magnoliopsida	1	1	2	2	1	1	2	2	2	2	3	3		220
7695021	Epimedium alpinum L.	Plantae	Magnoliopsida	1	1	2	2	1	1	2	2	2	2	3	3		220
3189828	Aesculus parviflora Walter	Plantae	Magnoliopsida	1	1	2	2	1	1	2	2	1	3	2	2		220
2888435	Papaver bracteatum Lindl.	Plantae	Magnoliopsida	1	1	2	2	1	1	1	1	3	3	3	3		220
7740617	Skimmia japonica Thunb.	Plantae	Magnoliopsida	1	1	2	2	1	1	1	1	3	3	2	2		220
5229204	Eudocimus ruber (Linnaeus, 1758)	Animalia	Aves	1	1	2	2	1	1	1	1	1	3	2	2		212
2717467	Eleocharis obtusa (Willd.) Schult.	Plantae	Liliopsida	1	1	2	2	1	1	1	1	1	1	2	2		196
2925496	Verbena rigida Spreng.	Plantae	Magnoliopsida	1	1	2	2	1	1	1	1	1	1	2	2		220
2702792	Briza maxima L.	Plantae	Liliopsida	1	1	2	1	2	2	2	1	2	2	2	1	0.9192663856552968	196
3121258	Artemisia princeps Pamp.	Plantae	Magnoliopsida	1	1	2	1	2	1	2	1	2	1	2	1	0.7503603056352423	220
4483971	Populicerus albicans (Kirschbaum, 1868)	Animalia	Insecta	1	1	2	0	2	2	2	0	3	3	2	1	0.40916970801238167	216
2984532	Zelkova serrata (Thunb.) Makino	Plantae	Magnoliopsida	1	1	2	0	1	1	2	0	3	3	3	0	0.4413968549579731	220
3172068	Veronica cymbalaria Bodard	Plantae	Magnoliopsida	1	1	1	3	3	3	3	3	3	3	3	3	1.2733389283596506	220
3067891	Euphorbia prostrata Aiton	Plantae	Magnoliopsida	1	1	1	3	2	1	1	3	2	2	3	3	1.1455184648553924	220
2930262	Solanum tuberosum L.	Plantae	Magnoliopsida	1	1	1	3	1	1	3	3	1	1	3	3	1.0210884006047622	220
2473341	Numida meleagris (Linnaeus, 1758)	Animalia	Aves	1	1	1	3	1	1	1	3	1	1	1	3	1.1688419998798278	212
2873991	Aristolochia clematitis L.	Plantae	Magnoliopsida	1	1	1	3	1	1	1	3	1	1	1	3	1.1282594485974953	220
6085036	Vulpia ciliata subsp. ciliata	Plantae	Liliopsida	1	1	1	3	1	1	1	3	1	1	1	3	1.1183228251575668	196
3610757	Cuscuta campestris Yunck.	Plantae	Magnoliopsida	1	1	1	3	1	1	1	3	1	1	1	3	1.1129800579758917	220
2705966	Secale cereale L.	Plantae	Liliopsida	1	1	1	3	1	1	1	3	1	1	1	3	1.0784760874149064	196
2705953	Eleusine indica (L.) Gaertn.	Plantae	Liliopsida	1	1	1	3	1	1	1	3	1	1	1	3	1.0487379952752705	196
5411408	Campanula latifolia L.	Plantae	Magnoliopsida	1	1	1	3	1	1	1	3	1	1	1	3	1.0351083393636067	220
2875968	Corylus colurna L.	Plantae	Magnoliopsida	1	1	1	2	1	1	1	3	2	3	1	3		220
3190382	Ruta graveolens L.	Plantae	Magnoliopsida	1	1	1	2	1	1	1	2	1	1	1	2		220
7162908	Convolvulus tricolor L.	Plantae	Magnoliopsida	1	1	1	2	1	1	1	1	3	3	1	2		220
6164210	Canis lupus familiaris Linnaeus, 1758	Animalia	Mammalia	1	1	1	1	3	3	3	2	2	3	2	2		359
5227775	Phasianus versicolor Vieillot, 1825	Animalia	Aves	1	1	1	1	3	3	3	2	1	1	1	1		212
3039270	Elaeagnus pungens Thunb.	Plantae	Magnoliopsida	1	1	1	1	3	2	1	1	3	2	1	1	0.868426015298544	220
5403272	Crepis pulchra L.	Plantae	Magnoliopsida	1	1	1	1	3	2	1	1	1	1	1	1	0.5959608235414008	220
2855893	Allium roseum L.	Plantae	Liliopsida	1	1	1	1	3	1	3	2	1	1	3	2		196
4034001	Persicaria nepalensis (Meisn.) H.Gross	Plantae	Magnoliopsida	1	1	1	1	3	1	2	2	1	1	1	1		220
7111792	Lotus corniculatus subsp. corniculatus	Plantae	Magnoliopsida	1	1	1	1	3	1	1	1	3	1	1	1	0.9426254554580418	220
4565061	Cernuella neglecta (Draparnaud, 1805)	Animalia	Gastropoda	1	1	1	1	2	2	2	2	2	2	2	2		225
3026334	Cotoneaster divaricatus Rehder & E.H.Wilson	Plantae	Magnoliopsida	1	1	1	1	2	1	1	1	2	1	1	1	0.8529701062254242	220
9398259	Sporobolus anglicus (C.E.Hubb.) P.M.Peterson & Saarela	Plantae	Liliopsida	1	1	1	1	1	3	1	3	1	3	1	3	1.0156294303840998	196
2427091	Lithobates catesbeianus (Shaw, 1802)	Animalia	Amphibia	1	1	1	1	1	3	1	1	1	3	0	1	0.8394553195085311	131
2873926	Linum grandiflorum Desf.	Plantae	Magnoliopsida	1	1	1	1	1	2	2	2	3	3	2	3		220
2288926	Potamocorbula amurensis (Schrenck, 1862)	Animalia	Bivalvia	1	1	1	1	1	2	1	2	1	1	1	1		137
4484009	Tremulicerus distinguendus (Kirschbaum, 1868)	Animalia	Insecta	1	1	1	1	1	1	2	2	3	3	3	3		216
2177741	Hasarius adansoni (Audouin, 1826)	Animalia	Arachnida	1	1	1	1	1	1	1	3	1	1	1	3	1.0168601484102955	367
2701879	Juncus striatus Schousb. ex E.Mey.	Plantae	Liliopsida	1	1	1	1	1	1	1	1	3	3	3	3		196
3169756	Nerium oleander L.	Plantae	Magnoliopsida	1	1	1	1	1	1	1	1	3	3	3	3		220
3121226	Artemisia biennis Willd.	Plantae	Magnoliopsida	1	1	1	1	1	1	1	1	3	1	1	1	0.94196921964447	220
2498384	Callonetta leucophrys (Vieillot, 1816)	Animalia	Aves	1	1	1	1	1	1	1	1	3	1	1	1	0.9197096792784037	212
3104106	Sanvitalia procumbens Lam.	Plantae	Magnoliopsida	1	1	1	1	1	1	1	1	2	2	2	2		220
9890104	Xeroplexa intersecta (Poiret, 1801)	Animalia	Gastropoda	1	1	1	1	1	1	1	1	2	2	2	2		225
5567694	Bergenia crassifolia (L.) Fritsch	Plantae	Magnoliopsida	1	1	1	1	1	1	1	1	2	1	1	1	0.8274525893317652	220
2650827	Cyrtomium fortunei J.Sm.	Plantae	Polypodiopsida	1	1	1	1	1	1	1	1	1	1	3	3	0.93668857229824	7228684
3137829	Psephellus dealbatus (Willd.) K.Koch	Plantae	Magnoliopsida	1	1	1	1	1	1	1	1	1	1	3	3		220
2498046	Chenonetta jubata (Latham, 1801)	Animalia	Aves	1	1	1	1	1	1	1	1	1	1	3	1	0.9244211431364406	212
7437751	Urtica membranacea Poir. ex Savigny	Plantae	Magnoliopsida	1	1	1	1	1	1	1	1	1	1	3	1	0.8342842428099777	220
2498388	Aix galericulata (Linnaeus, 1758)	Animalia	Aves	1	1	1	1	1	1	1	1	1	1	1	3	1.0076644265601677	212
5372639	Salix babylonica L.	Plantae	Magnoliopsida	1	1	1	1	1	1	1	1	1	1	1	3	1.002656828341898	220
3025617	Cotoneaster horizontalis Decne.	Plantae	Magnoliopsida	1	1	1	1	1	1	1	1	1	1	1	1	0.9711025616057676	220
2479798	Melopsittacus undulatus (Shaw, 1805)	Animalia	Aves	1	1	1	1	1	1	1	1	1	1	1	1	0.9689391276447027	212
2498034	Anser cygnoides (Linnaeus, 1758)	Animalia	Aves	1	1	1	1	1	1	1	1	1	1	1	1	0.9593254756812615	212
2867614	Lemna minuta Kunth	Plantae	Liliopsida	1	1	1	1	1	1	1	1	1	1	1	1	0.9460431623580517	196
9508460	Mareca sibilatrix (Poeppig, 1829)	Animalia	Aves	1	1	1	1	1	1	1	1	1	1	1	1	0.9358088717740871	212
2888553	Dicentra formosa (Andrews) Walp.	Plantae	Magnoliopsida	1	1	1	1	1	1	1	1	1	1	1	1	0.9323650290363585	220
11162940	Phedimus spurius subsp. spurius	Plantae	Magnoliopsida	1	1	1	1	1	1	1	1	1	1	1	1	0.9284563108371942	220
5371889	Oenanthe pimpinelloides L.	Plantae	Magnoliopsida	1	1	1	1	1	1	1	1	1	1	1	1	0.9273370254643852	220
5284982	Pinus strobus L.	Plantae	Pinopsida	1	1	1	1	1	1	1	1	1	1	1	1	0.9247994588897729	194
7978544	Hydrocotyle ranunculoides L.fil.	Plantae	Magnoliopsida	1	1	1	1	1	1	1	1	1	1	1	1	0.9239323397862987	220
3026074	Cotoneaster salicifolius Franch.	Plantae	Magnoliopsida	1	1	1	1	1	1	1	1	1	1	1	1	0.9234217096331735	220
2702816	Echinochloa muricata (P.Beauv.) Fernald	Plantae	Liliopsida	1	1	1	1	1	1	1	1	1	1	1	1	0.90189248706766445	196
5358694	Trifolium glomeratum L.	Plantae	Magnoliopsida	1	1	1	1	1	1	1	1	1	1	1	1	0.901582397140982	220
7224157	Pastinaca sativa subsp. sativa	Plantae	Magnoliopsida	1	1	1	1	1	1	1	1	1	1	1	1	0.8983881079309085	220
5376565	Lepidium sativum L.	Plantae	Magnoliopsida	1	1	1	1	1	1	1	1	1	1	1	1	0.8938767733809562	220
2498408	Lophodytes cucullatus (Linnaeus, 1758)	Animalia	Aves	1	1	1	1	1	1	1	1	1	1	1	1	0.8925519644669941	212
1031394	Ectopsocus petersi Smithers, 1978	Animalia	Insecta	1	1	1	1	1	1	1	1	1	1	1	1	0.889944939052963	216
2362868	Pseudorasbora parva (Temminck & Schlegel, 1846)	Animalia		1	1	1	1	1	1	1	1	1	1	1	1	0.8890245641942058	
3026454	Spiraea salicifolia L.	Plantae	Magnoliopsida	1	1	1	1	1	1	1	1	1	1	1	1	0.8876845362819363	220
2705401	Eragrostis multicaulis Steud.	Plantae	Liliopsida	1	1	1	1	1	1	1	1	1	1	1	1	0.88226058149098	196
3725062	Veronica teucrium L.	Plantae	Magnoliopsida	1	1	1	1	1	1	1	1	1	1	1	1	0.8736152140776892	220
2115769	Austrominius modestus (Darwin, 1854)	Animalia		1	1	1	1	1	1	1	1	1	1	1	1	0.870763201141225	
3152372	Malva pusilla Sm.	Plantae	Magnoliopsida	1	1	1	1	1	1	1	1	1	1	1	1	0.8449621629069181	220
9326020	Gallus gallus (Linnaeus, 1758)	Animalia	Aves	1	1	1	1	1	1	1	1	1	1	1	1	0.8364578548252329	212
5296178	Sisyrinchium montanum Greene	Plantae	Liliopsida	1	1	1	1	1	1	1	1	1	1	1	1	0.8278374287087316	196
2685796	Pseudotsuga menziesii (Mirb.) Franco	Plantae	Pinopsida	1	1	1	1	1	1	1	1	1	1	1	1	0.8205724719132715	194
3112110	Cotula coronopifolia L.	Plantae	Magnoliopsida	1	1	1	1	1	1	1	1	1	1	1	1	0.8187175287873527	220
2366634	Carassius gibelio (Bloch, 1782)	Animalia		1	1	1	1	1	1	1	1	1	1	1	1	0.8108514329170303	
2705378	Eragrostis curvula (Schrad.) Nees	Plantae	Liliopsida	1	1	1	1	1	1	1	1	1	1	1	1	0.8102715653279591	196
2701578	Juncus foliosus Desf.	Plantae	Liliopsida	1	1	1	1	1	1	1	1	1	1	1	1	0.8006487108438645	196
2479329	Platycercus eximius (Shaw, 1792)	Animalia	Aves	1	1	1	1	1	1	1	1	1	1	1	1	0.7726009035415055	212
4567717	Boettgerilla pallens Simroth, 1912	Animalia	Gastropoda	1	1	1	1	1	1	1	1	1	1	1	1	0.6216523217593326	225
4562917	Cochlicella acuta (O.F.Müller, 1774)	Animalia	Gastropoda	1	1	1	1	1	1	1	1	1	1	1	1	0.5789855126294104	225
5329263	Elodea densa (Planch.) Casp.	Plantae	Liliopsida	1	1	1	1	1	1	1	1	1	1	1	1	0.49668067695270185	196
2286388	Mulinia lateralis (Say, 1822)	Animalia	Bivalvia	1	1	1	1	1	1	1	1	1	1	1	1		137
2486132	Pycnonotus leucotis (Gould, 1836)	Animalia	Aves	1	1	1	1	1	1	1	1	1	1	1	1		212
2718377	Bolboschoenus planiculmis (F.Schmidt) T.V.Egorova	Plantae	Liliopsida	1	1	1	1	1	1	1	1	1	1	1	1		196
2855705	Allium lusitanicum Lam.	Plantae	Liliopsida	1	1	1	1	1	1	1	1	1	1	1	1		196
3082279	Ceratostigma plumbaginoides Bunge	Plantae	Magnoliopsida	1	1	1	1	1	1	1	1	1	1	1	1		220
9018536	Koenigia campanulata (Hook.fil.) T.M.Schust. & Reveal	Plantae	Magnoliopsida	1	1	1	1	1	1	1	1	1	1	1	1		220
6369819	Sambucus canadensis L.	Plantae	Magnoliopsida	1	1	1	1	1	1	1	1	1	0	1	1	0.6570398607750207	220
1309652	Dryocosmus kuriphilus Yasumatsu, 1951	Animalia	Insecta	1	1	1	1	1	1	1	1	1	0	1	0	0.6291937785864095	216
3039203	Parthenocissus inserta (A.Kern.) Fritsch	Plantae	Magnoliopsida	1	1	1	0	1	1	1	0	1	1	1	0	0.8466808742499419	220
3026819	Spiraea tomentosa L.	Plantae	Magnoliopsida	1	1	1	0	1	1	1	0	1	1	1	0	0.7493662135175152	220
2480906	Ardeola ralloides (Scopoli, 1769)	Animalia	Aves	1	1	1	0	1	1	1	0	1	1	1	0	0.6896787279170323	212
2706056	Hordeum vulgare L.	Plantae	Liliopsida	1	1	0	3	1	1	0	3	1	1	0	3	1.202877959895289	196
1997215	Blattella germanica (Linnaeus, 1767)	Animalia	Insecta	1	1	0	2	3	3	2	2	3	3	2	2	1.413644371470652	216
3034782	Smyrnium olusatrum L.	Plantae	Magnoliopsida	1	1	0	2	1	1	0	2	1	1	0	2		220
3040254	Reseda alba L.	Plantae	Magnoliopsida	1	1	0	2	1	1	0	1	1	1	0	3		220
5396125	Eurybia divaricata (L.) G.L.Nesom	Plantae	Magnoliopsida	1	1	0	2	1	1	0	1	1	1	0	3		220
7156971	Oxalis triangularis A.St.-Hil.	Plantae	Magnoliopsida	1	1	0	1	3	3	0	2	3	2	0	2		220
7881150	Polygonatum ×hybridum Brügger	Plantae	Liliopsida	1	1	0	1	2	1	0	1	2	1	0	1	0.9554359728713474	196
4285968	Ponticola kessleri (Günther, 1861)	Animalia		1	1	0	1	2	1	0	1	1	1	0	1	0.689500997091969	
4460066	Chrysolina americana (Linnaeus, 1758)	Animalia	Insecta	1	1	0	1	1	3	0	1	3	3	0	1	0.8318420191254006	216
3034915	Astrantia major L.	Plantae	Magnoliopsida	1	1	0	1	1	1	0	1	2	1	0	1	0.896919215357678	220
2702058	Juncus anthelatus (Wiegand) R.E.Brooks	Plantae	Liliopsida	1	1	0	1	1	1	0	1	1	1	1	1	0.6930759865108895	196
2984676	Pachysandra terminalis Siebold & Zucc.	Plantae	Magnoliopsida	1	1	0	1	1	1	0	1	1	1	0	1	0.9706362993502348	220
5232452	Branta hutchinsii (Richardson, 1832)	Animalia	Aves	1	1	0	1	1	1	0	1	1	1	0	1	0.940048382963978	212
5285637	Pinus sylvestris L.	Plantae	Pinopsida	1	1	0	1	1	1	0	1	1	1	0	1	0.8627357314046152	194
5384361	Amaranthus bouchonii Thell.	Plantae	Magnoliopsida	1	1	0	1	1	1	0	1	1	1	0	1	0.861575350551123	220
2480764	Threskiornis aethiopicus (Latham, 1790)	Animalia	Aves	1	1	0	1	1	1	0	1	1	1	0	1	0.8182884209703629	212
6300805	Pilosella bauhini (Schult.) Arv.-Touv.	Plantae	Magnoliopsida	1	1	0	1	1	1	0	1	1	1	0	1	0.7692865269958219	220
2480491	Circus macrourus (S.G.Gmelin, 1770)	Animalia	Aves	1	1	0	1	1	1	0	1	1	1	0	1	0.6378519053810284	212
2650903	Onoclea sensibilis L.	Plantae	Polypodiopsida	1	1	0	1	1	0	0	1	1	0	0	1	0.9033533779116839	7228684
5415455	Acanthus mollis L.	Plantae	Magnoliopsida	1	1	0	0	3	3	0	0	3	3	0	0	0.416899679668626	220
1346919	Isodontia mexicana (de Saussure, 1867)	Animalia	Insecta	1	1	0	0	3	3	0	0	3	1	0	0	0.13553434457299113	216
8323485	Haemorhous mexicanus (P.L.Statius Müller, 1776)	Animalia	Aves	1	1	0	0	3	2	0	0	3	2	0	0	0.37552534603901716	212
3064669	Euphorbia myrsinites L.	Plantae	Magnoliopsida	1	1	0	0	3	1	0	0	2	1	0	0	0.5005405647108193	220
2149679	Holocnemus pluchei (Scopoli, 1763)	Animalia	Arachnida	1	1	0	0	2	2	0	0	2	3	0	0	0.5640315614288781	367
2888585	Viburnum tinus L.	Plantae	Magnoliopsida	1	1	0	0	2	1	0	0	2	1	0	0	0.6053897187459174	220
2598552	Seifertia azaleae (Peck) Partr. & Morgan-Jones	Fungi	Dothideomycetes	1	1	0	0	2	1	0	0	1	1	0	0	0.7808736425706025	183
2767271	Scilla luciliae (Boiss.) Speta	Plantae	Liliopsida	1	1	0	0	1	2	0	0	3	3	0	0	0.31762526033734645	196
2382155	Sander lucioperca (Linnaeus, 1758)	Animalia		1	1	0	0	1	1	1	0	1	1	1	1	0.7829155274021065	
7127354	Cyclamen coum Mill.	Plantae	Magnoliopsida	1	1	0	0	1	1	0	0	3	3	0	0	0.5364785644863576	220
3189837	Acer saccharinum L.	Plantae	Magnoliopsida	1	1	0	0	1	1	0	0	1	1	0	0	0.8490788139823693	220
2498167	Anser caerulescens (Linnaeus, 1758)	Animalia	Aves	1	1	0	0	1	1	0	0	1	1	0	0	0.7715403341382352	212
3663237	Cornus sanguinea subsp. australis (C.A.Mey.) Jáv.	Plantae	Magnoliopsida	1	1	0	0	1	1	0	0	1	1	0	0	0.7652881913788252	220
5289833	Nassella tenuissima (Trin.) Barkworth	Plantae	Liliopsida	1	1	0	0	1	1	0	0	1	1	0	0	0.7616122237875032	196
3086240	Mirabilis jalapa L.	Plantae	Magnoliopsida	1	1	0	0	1	1	0	0	1	1	0	0	0.7483579053541732	220
9673106	Eriocapitella ×hybrida (L.H.Bailey) Christenh. & Byng	Plantae	Magnoliopsida	1	1	0	0	1	1	0	0	1	1	0	0	0.7069111133954926	220
2379089	Neogobius melanostomus (Pallas, 1814)	Animalia		1	1	0	0	1	1	0	0	1	1	0	0	0.6325054609181685	
3083680	Atriplex micrantha Ledeb.	Plantae	Magnoliopsida	1	1	0	0	1	1	0	0	1	1	0	0	0.5950705804144389	220
4486297	Arocatus longiceps Stal, 1872	Animalia	Insecta	1	1	0	0	1	1	0	0	1	1	0	0	0.5135136656237528	216
3026040	Cotoneaster ×suecicus G.Klotz	Plantae	Magnoliopsida	1	1	0	0	1	1	0	0	1	1	0	0	0.4603848089946105	220
2722515	Carex morrowii Boott	Plantae	Liliopsida	1	1	0	0	1	1	0	0	1	1	0	0	0.4494537912899669	196
2704194	Poa infirma Kunth	Plantae	Liliopsida	1	1	0	0	1	1	0	0	1	1	0	0	0.446909068008073	196
1031400	Ectopsocus briggsi McLachlan, 1899	Animalia	Insecta	1	1	0	0	1	1	0	0	1	1	0	0	0.4069454361817581	216
8193111	Melilotus officinalis (L.) Lam.	Plantae	Magnoliopsida	1	0	3	3	3	0	3	3	3	0	3	3	1.0488218868836061	220
5415016	Linaria maroccana Hook.fil.	Plantae	Magnoliopsida	1	0	3	3	1	0	3	3	3	2	3	3	1.3605005812847915	220
1421091	Lepisma saccharinum Linnaeus, 1758	Animalia	Insecta	1	0	3	3	1	0	3	3	3	2	3	3	1.3212804364296749	216
3054357	Juglans nigra L.	Plantae	Magnoliopsida	1	0	3	3	1	0	3	3	3	0	3	3	1.1789218786204716	220
2988354	Physocarpus opulifolius (L.) Maxim.	Plantae	Magnoliopsida	1	0	3	3	1	0	3	3	3	0	3	3	1.10480182144906	220
9080185	Amaranthus hypochondriacus L.	Plantae	Magnoliopsida	1	0	3	3	1	0	3	3	1	0	3	3	1.1334718971304556	220
5232437	Branta canadensis (Linnaeus, 1758)	Animalia	Aves	1	0	3	3	1	0	3	3	1	0	3	3	1.1025653812379739	212
2494303	Serinus canaria (Linnaeus, 1758)	Animalia	Aves	1	0	3	3	1	0	3	3	1	0	3	3	1.0537488165120406	212
5392243	Cichorium endivia L.	Plantae	Magnoliopsida	1	0	3	3	1	0	3	3	0	0	3	3	1.1814398462846416	220
2963817	Lupinus luteus L.	Plantae	Magnoliopsida	1	0	3	1	1	0	3	1	1	0	3	1	0.8453310815997482	220
5289643	Apera interrupta (L.) P.Beauv.	Plantae	Liliopsida	1	0	2	2	1	0	1	1	1	0	2	2		196
7226776	Setaria verticillata var. verticillata	Plantae	Liliopsida	1	0	1	2	1	0	1	2	1	0	1	2	0.8923833444796444	196
4488821	Deraeocoris flavilinea (A.Costa, 1862)	Animalia	Insecta	1	0	1	2	1	0	1	2	1	0	1	2	0.8892100483354874	216
2739071	Trachycarpus fortunei (Hook.) H.Wendl.	Plantae	Liliopsida	1	0	1	1	2	0	1	1	3	0	1	3	0.9718532722210707	196
3026092	Cotoneaster hjelmqvistii Flinck & B.Hylmö	Plantae	Magnoliopsida	1	0	1	1	1	0	1	1	3	0	3	1	0.7933640549107729	220
7225471	Vicia villosa subsp. villosa	Plantae	Magnoliopsida	1	0	1	1	1	0	1	1	1	0	1	1	0.9567541187863381	220
5372647	Salix pentandra L.	Plantae	Magnoliopsida	1	0	1	1	1	0	1	1	1	0	1	1	0.9237339515460156	220
2327735	Ficopomatus enigmaticus (Fauvel, 1923)	Animalia	Polychaeta	1	0	1	1	1	0	1	1	1	0	1	1	0.909655942459926	256
3046929	Sisymbrium chrysanthum Jord.	Plantae	Magnoliopsida	1	0	1	1	1	0	1	1	1	0	1	1	0.8784866074466096	220
5189806	Physella acuta (Draparnaud, 1805)	Animalia	Gastropoda	1	0	1	1	1	0	1	1	1	0	1	1	0.8784320700558648	225
2705144	Panicum dichotomiflorum Michx.	Plantae	Liliopsida	1	0	1	1	1	0	1	1	1	0	1	1	0.8493999786068963	196
2858581	Narcissus poeticus L.	Plantae	Liliopsida	1	0	1	1	1	0	1	1	1	0	1	1	0.8102917098515886	196
2294277	Theba pisana (O.F.Müller, 1774)	Animalia	Gastropoda	1	0	1	1	1	0	1	1	1	0	1	1	0.5904609427964669	225
2440954	Cervus nippon Temminck, 1838	Animalia	Mammalia	1	0	1	0	1	0	1	0	2	0	2	0	0.24574683224232577	359
2702727	Festuca myuros L.	Plantae	Liliopsida	1	0	1	0	1	0	1	0	1	0	1	0	0.9225180974568851	196
2481062	Falco vespertinus Linnaeus, 1766	Animalia	Aves	1	0	1	0	1	0	1	0	1	0	1	0	0.8493200127853668	212
4408455	Hydrobates pelagicus (Linnaeus, 1758)	Animalia	Aves	1	0	1	0	1	0	1	0	1	0	1	0	0.84399075199698	212
2889019	Rumex patientia L.	Plantae	Magnoliopsida	1	0	1	0	1	0	1	0	1	0	1	0	0.8162741694409611	220
2865448	Elodea canadensis Michx.	Plantae	Liliopsida	1	0	1	0	1	0	1	0	1	0	1	0	0.7999401650801092	196
2974753	Vicia lutea L.	Plantae	Magnoliopsida	1	0	1	0	1	0	1	0	1	0	1	0	0.7695310524334904	220
1690429	Meconema meridionale Costa, 1860	Animalia	Insecta	1	0	1	0	1	0	1	0	1	0	1	0	0.768846764748582	216
2437450	Tamias sibiricus (Laxmann, 1769)	Animalia	Mammalia	1	0	1	0	1	0	1	0	1	0	1	0	0.7612408058580996	359
2686212	Larix decidua Mill.	Plantae	Pinopsida	1	0	1	0	1	0	1	0	1	0	1	0	0.6554799324938695	194
3886505	Phlomis russeliana (Sims) Lag. ex Benth.	Plantae	Magnoliopsida	1	0	1	0	1	0	1	0	1	0	0	0	0.8049375072409047	220
6098843	Ctenolepisma longicaudatum Escherich, 1905	Animalia	Insecta	1	0	0	0	3	0	0	0	3	2	2	2	0.9698262038582206	216
3112364	Cynara cardunculus L.	Plantae	Magnoliopsida	1	0	0	0	2	0	0	0	2	0	0	0	0.6687200663762005	220
2767275	Scilla forbesii (Baker) Speta	Plantae	Liliopsida	1	0	0	0	2	0	0	0	2	0	0	0	0.5271620601796528	196
7738766	Miscanthus sacchariflorus (Maxim.) Benth. & Hook.f. ex Franch.	Plantae	Liliopsida	1	0	0	0	1	0	0	0	2	0	0	0	0.7039146112256544	196
2480372	Elanus caeruleus (Desfontaines, 1789)	Animalia	Aves	1	0	0	0	1	0	0	0	2	0	0	0	0.3007532690641831	212
2481959	Gavia arctica (Linnaeus, 1758)	Animalia	Aves	1	0	0	0	1	0	0	0	1	0	0	0	0.8822411564453015	212
3089154	Xanthium strumarium L.	Plantae	Magnoliopsida	1	0	0	0	1	0	0	0	1	0	0	0	0.7560704023029978	220
5232451	Branta ruficollis (Pallas, 1769)	Animalia	Aves	1	0	0	0	1	0	0	0	1	0	0	0	0.6681856653196475	212
6409536	Ballota nigra subsp. nigra	Plantae	Magnoliopsida	1	0	0	0	1	0	0	0	0	0	0	0	0.6097609128679926	220
2492867	Lanius senator Linnaeus, 1758	Animalia	Aves	1	0	0	0	0	0	0	0	0	0	0	0	0.6729874416051714	212
8741260	Macrosaccus robiniella (Clemens, 1859)	Animalia	Insecta	0	3	3	3	0	3	3	3	2	3	3	3	1.4179833944504812	216
5373358	Lobularia maritima (L.) Desv.	Plantae	Magnoliopsida	0	3	3	3	0	3	3	3	0	3	3	3	1.3797532837563997	220
3098912	Cosmos bipinnatus Cav.	Plantae	Magnoliopsida	0	3	3	3	0	3	3	3	0	3	3	3	1.2193352409952645	220
2498015	Tadorna ferruginea (Pallas, 1764)	Animalia	Aves	0	3	1	1	0	3	1	1	0	3	1	1	0.9492528590647079	212
2928226	Phacelia tanacetifolia Benth.	Plantae	Magnoliopsida	0	3	0	3	0	3	2	3	0	3	2	3	1.4206703807437338	220
2041682	Graphocephala fennahi Young, 1977	Animalia	Insecta	0	3	0	3	0	3	0	3	2	3	0	3	1.1992140370596378	216
7915783	Oenothera ×fallax Renner	Plantae	Magnoliopsida	0	3	0	1	0	3	0	1	0	3	0	3	1.0049095096001017	220
5831060	Crepis foetida subsp. rhoeadifolia (M.Bieb.) Celak.	Plantae	Magnoliopsida	0	3	0	0	0	3	0	0	2	3	0	0	0.4877210770898105	220
2157245	Steatoda grossa (C.L.Koch, 1838)	Animalia	Arachnida	0	3	0	0	0	3	0	0	0	3	0	0	0.8387303266644854	367
4067281	Symphytum ×hidcotense P.D.Sell	Plantae	Magnoliopsida	0	3	0	0	0	3	0	0	0	3	0	0	0.762814574565892	220
2927230	Stachys byzantina K.Koch	Plantae	Magnoliopsida	0	2	0	3	0	2	0	3	0	3	0	3	1.076243741858267	220
7828157	Petroselinum crispum (Mill.) Fuss	Plantae	Magnoliopsida	0	1	3	3	0	2	3	3	0	2	3	3	1.0227759345794165	220
5410151	Campanula poscharskyana Degen	Plantae	Magnoliopsida	0	1	3	3	0	1	3	3	2	3	3	3	1.3694551593206445	220
3033242	Anemone blanda Schott & Kotschy	Plantae	Magnoliopsida	0	1	3	3	0	1	3	3	0	3	3	3	1.1685040481319156	220
3003244	Rosa multiflora Thunb.	Plantae	Magnoliopsida	0	1	3	3	0	1	3	3	0	1	3	3	1.0862062745138406	220
5372392	Vitis vinifera L.	Plantae	Magnoliopsida	0	1	3	3	0	1	3	3	0	1	3	3	1.0597903873013412	220
3123663	Pilosella caespitosa (Dumort.) P.D.Sell & C.West	Plantae	Magnoliopsida	0	1	3	3	0	1	3	3	0	1	3	3	1.0278205126786149	220
5347846	Lathyrus oleraceus Lam.	Plantae	Magnoliopsida	0	1	3	3	0	1	3	3	0	1	3	3	1.015612343060766	220
3148340	Inula helenium L.	Plantae	Magnoliopsida	0	1	3	1	0	1	3	1	0	1	3	3	1.0031080989871737	220
7400250	Platanus ×hispanica Mill. ex Münchh.	Plantae	Magnoliopsida	0	1	3	1	0	1	3	1	0	1	3	1	0.950976799961561	220
5421039	Ludwigia grandiflora (Michx.) Greuter & Burdet	Plantae	Magnoliopsida	0	1	3	0	0	3	3	0	0	3	3	2	0.9668960183114881	220
5365305	Potentilla norvegica L.	Plantae	Magnoliopsida	0	1	1	1	0	1	1	1	0	1	1	1	0.9761342434484208	220
2516075	Cumminsiella mirabilissima (Peck) Nannf.	Fungi	Pucciniomycetes	0	1	1	1	0	1	1	1	0	1	1	1	0.8973590930152046	270
2974921	Vicia villosa subsp. varia (Host) Corb.	Plantae	Magnoliopsida	0	1	1	1	0	1	1	1	0	1	1	1	0.8848149984933926	220
5361785	Myriophyllum aquaticum (Vell.) Verdc.	Plantae	Magnoliopsida	0	1	1	1	0	1	1	1	0	1	1	1	0.8695000454517405	220
5361762	Myriophyllum heterophyllum Michx.	Plantae	Magnoliopsida	0	1	1	1	0	1	1	1	0	1	1	1	0.7321274808031316	220
9451184	Pavo cristatus Linnaeus, 1758	Animalia	Aves	0	1	1	0	0	1	1	0	0	1	3	0	0.7253085521671343	212
7224427	Trifolium hybridum subsp. hybridum	Plantae	Magnoliopsida	0	1	1	0	0	1	1	0	0	1	0	0	0.8124390056476849	220
2965354	Medicago falcata L.	Plantae	Magnoliopsida	0	1	0	1	1	1	0	1	1	1	0	1	0.8885487241899571	220
5289906	Rostraria cristata (L.) Tzvelev	Plantae	Liliopsida	0	1	0	1	0	1	0	1	0	2	0	1	0.7387900892124166	196
3033077	Aucuba japonica Thunb.	Plantae	Magnoliopsida	0	1	0	1	0	1	0	1	0	1	0	1	0.9597821998585795	220
3034646	Anethum graveolens L.	Plantae	Magnoliopsida	0	1	0	1	0	1	0	1	0	1	0	1	0.8787482739694045	220
8599762	Aproceros leucopoda Takeuchi, 1939	Animalia	Insecta	0	1	0	0	0	2	0	0	0	3	0	0	0.4014792275461704	216
5598915	Lonicera pileata Oliv.	Plantae	Magnoliopsida	0	1	0	0	0	1	0	0	0	1	0	0	0.904401331292429	220
2927305	Lavandula angustifolia Mill.	Plantae	Magnoliopsida	0	1	0	0	0	1	0	0	0	1	0	0	0.9002333509663083	220
7062200	Trachemys scripta scripta	Animalia	Testudines	0	1	0	0	0	1	0	0	0	1	0	0	0.8372413117048628	11418114
3131614	Helichrysum italicum (Roth) G.Don	Plantae	Magnoliopsida	0	1	0	0	0	1	0	0	0	1	0	0	0.6816373348787339	220
4409643	Leuciscus idus (Linnaeus, 1758)	Animalia		0	1	0	0	0	1	0	0	0	0	0	0	0.7128730929829188	
2337607	Silurus glanis Linnaeus, 1758	Animalia		0	1	0	0	0	1	0	0	0	0	0	0	0.27779911600688245	
5374118	Isatis tinctoria L.	Plantae	Magnoliopsida	0	0	3	3	0	0	3	3	0	0	3	3	1.4056860331319339	220
2888380	Eschscholzia californica Cham.	Plantae	Magnoliopsida	0	0	3	3	0	0	3	3	0	0	3	3	1.3599978765388032	220
5406789	Alcea rosea L.	Plantae	Magnoliopsida	0	0	3	3	0	0	3	3	0	0	3	3	1.2638926127535361	220
3145214	Silybum marianum (L.) Gaertn.	Plantae	Magnoliopsida	0	0	3	3	0	0	3	3	0	0	3	3	1.198295916944933	220
2927028	Salvia nemorosa L.	Plantae	Magnoliopsida	0	0	3	3	0	0	3	3	0	0	3	3	1.1961127814557246	220
2926992	Salvia hispanica L.	Plantae	Magnoliopsida	0	0	3	3	0	0	3	3	0	0	3	3	1.1221473936998954	220
5415012	Linaria purpurea (L.) Mill.	Plantae	Magnoliopsida	0	0	3	1	0	0	3	1	0	0	3	3	1.0028510618774507	220
5371702	Nigella damascena L.	Plantae	Magnoliopsida	0	0	3	0	0	0	3	0	0	0	3	2	0.985762049934551	220
2775530	Yucca flaccida Haw.	Plantae	Liliopsida	0	0	2	0	0	0	2	0	0	0	2	0	0.7723449508714849	196
2890035	Geranium ×oxonianum P.F.Yeo	Plantae	Magnoliopsida	0	0	1	1	0	0	1	3	0	0	3	3	1.0199552962973475	220
2705400	Eragrostis pilosa (L.) P.Beauv.	Plantae	Liliopsida	0	0	1	1	0	0	1	1	0	0	1	1	0.892998843291209	196
7068379	Vicia sativa subsp. sativa	Plantae	Magnoliopsida	0	0	1	1	0	0	1	1	0	0	1	1	0.8784923494861797	220
3172059	Veronica spicata L.	Plantae	Magnoliopsida	0	0	1	1	0	0	1	1	0	0	1	1	0.8688632331939509	220
2703698	Bromus sitchensis Trin.	Plantae	Liliopsida	0	0	1	1	0	0	1	1	0	0	1	1	0.7877828495380376	196
4486365	Nysius huttoni White, 1878	Animalia	Insecta	0	0	1	1	0	0	1	1	0	0	1	1	0.5752415775631482	216
2925895	Echium plantagineum L.	Plantae	Magnoliopsida	0	0	1	0	0	0	1	0	2	2	3	0	0.746566346085754	220
2287072	Dreissena polymorpha (Pallas, 1771)	Animalia	Bivalvia	0	0	1	0	0	0	1	0	0	0	1	0	0.681766470809516	137
2686157	Larix kaempferi (Lamb.) Carrière	Plantae	Pinopsida	0	0	1	0	0	0	1	0	0	0	1	0	0.6529039184873356	194
4568269	Paralaoma servilis (Shuttleworth, 1852)	Animalia	Gastropoda	0	0	1	0	0	0	0	0	0	0	0	0	0.36827854609065086	225
4067302	Symphytum grandiflorum DC.	Plantae	Magnoliopsida	0	0	0	3	0	0	0	3	0	0	0	3	1.1620045543240451	220
3152583	Hibiscus syriacus L.	Plantae	Magnoliopsida	0	0	0	3	0	0	0	3	0	0	0	3	1.1038794927608373	220
2426640	Pelophylax bedriagae (Camerano, 1882)	Animalia	Amphibia	0	0	0	2	0	0	0	2	0	0	0	2	0.6600114838607983	131
3171952	Verbascum speciosum Schrad.	Plantae	Magnoliopsida	0	0	0	1	0	0	0	1	0	2	0	3	0.8736540976989079	220
4264680	Myocastor coypus (Molina, 1782)	Animalia	Mammalia	0	0	0	1	0	0	0	1	0	0	0	3	1.0058925237203487	359
3171888	Lindernia dubia (L.) Pennell	Plantae	Magnoliopsida	0	0	0	1	0	0	0	1	0	0	0	1	0.8750284101760936	220
3027159	Spiraea douglasii Hook.	Plantae	Magnoliopsida	0	0	0	1	0	0	0	1	0	0	0	1	0.8514247353035465	220
5341387	Hyssopus officinalis L.	Plantae	Magnoliopsida	0	0	0	1	0	0	0	1	0	0	0	1	0.8483564620082209	220
2965531	Medicago polymorpha L.	Plantae	Magnoliopsida	0	0	0	1	0	0	0	1	0	0	0	1	0.802356294817376	220
4532122	Cydalima perspectalis (Walker, 1859)	Animalia	Insecta	0	0	0	0	2	0	2	0	2	2	2	0	0.7160558351208717	216
4372686	Ruditapes philippinarum (A.Adams & Reeve, 1850)	Animalia	Bivalvia	0	0	0	0	2	0	2	0	2	0	2	0	0.8025568470715505	137
7889822	Spiraea ×billardii Hérincq	Plantae	Magnoliopsida	0	0	0	0	0	1	0	0	0	1	0	0	0.7468395035850093	220
2879098	Quercus ilex L.	Plantae	Magnoliopsida	0	0	0	0	0	0	0	0	0	2	2	2	0.7717515326055991	220
3188924	Oenothera biennis L.	Plantae	Magnoliopsida	0	0	0	0	0	0	0	0	0	0	0	1	0.8638504206873463	220
6387003	Equisetum praealtum Raf.	Plantae	Polypodiopsida	0	0	0	0	0	0	0	0	0	0	0	0	0.889522656410027	7228684
3042636	Brassica napus L.	Plantae	Magnoliopsida	0	0	0	0	0	0	0	0	0	0	0	0	0.8702908206156331	220
5365705	Potentilla intermedia L.	Plantae	Magnoliopsida	0	0	0	0	0	0	0	0	0	0	0	0	0.8690830260425436	220
6411098	Lamium galeobdolon subsp. argentatum (Smejkal) J.Duvign.	Plantae	Magnoliopsida	0	0	0	0	0	0	0	0	0	0	0	0	0.837967199289342	220
2481962	Gavia immer (Brunnich, 1764)	Animalia	Aves	0	0	0	0	0	0	0	0	0	0	0	0	0.8117067591201097	212
5289756	Phalaris arundinacea L.	Plantae	Liliopsida	0	0	0	0	0	0	0	0	0	0	0	0	0.8026478844591561	196
3147018	Erigeron floribundus (Kunth) Sch.Bip.	Plantae	Magnoliopsida	0	0	0	0	0	0	0	0	0	0	0	0	0.7393329079098273	220
2481719	Tringa stagnatilis (Bechstein, 1803)	Animalia	Aves	0	0	0	0	0	0	0	0	0	0	0	0	0.707448527113528	212
3133950	Coreopsis tinctoria Nutt.	Plantae	Magnoliopsida	0	0	0	0	0	0	0	0	0	0	0	0	0.6736551405610807	220
3028528	Alchemilla mollis (Buser) Rothm.	Plantae	Magnoliopsida	0	0	0	0	0	0	0	0	0	0	0	0	0.6702227805994607	220
6157026	Trachemys scripta elegans (Wied, 1838)	Animalia	Testudines	0	0	0	0	0	0	0	0	0	0	0	0	0.6693822692702194	11418114
2498305	Oxyura jamaicensis (J.F.Gmelin, 1789)	Animalia	Aves	0	0	0	0	0	0	0	0	0	0	0	0	0.6575702565331402	212
2481744	Calidris melanotos (Vieillot, 1819)	Animalia	Aves	0	0	0	0	0	0	0	0	0	0	0	0	0.6504306581590784	212
5192470	Potamopyrgus antipodarum (J.E.Gray, 1843)	Animalia	Gastropoda	0	0	0	0	0	0	0	0	0	0	0	0	0.6486022078408402	225
8168344	Hedera hibernica Poit.	Plantae	Magnoliopsida	0	0	0	0	0	0	0	0	0	0	0	0	0.6273222275075603	220
5392083	Bidens connata Muhl. ex Willd.	Plantae	Magnoliopsida	0	0	0	0	0	0	0	0	0	0	0	0	0.6168431953213457	220
8288930	Pilosella piloselloides (Vill.) Soják	Plantae	Magnoliopsida	0	0	0	0	0	0	0	0	0	0	0	0	0.6148281870735766	220
7127810	Cyclamen hederifolium Aiton	Plantae	Magnoliopsida	0	0	0	0	0	0	0	0	0	0	0	0	0.6096770576402433	220
2498259	Aythya nyroca (Güldenstädt, 1770)	Animalia	Aves	0	0	0	0	0	0	0	0	0	0	0	0	0.6035955447802923	212
2481703	Xenus cinereus (Güldenstädt, 1775)	Animalia	Aves	0	0	0	0	0	0	0	0	0	0	0	0	0.6016112012307736	212
1309600	Andricus kollari (Hartig, 1843)	Animalia	Insecta	0	0	0	0	0	0	0	0	0	0	0	0	0.6010293419202082	216
4013762	Narcissus ×cyclazetta Chater & Stace	Plantae	Liliopsida	0	0	0	0	0	0	0	0	0	0	0	0	0.5451555436420277	196
6157035	Trachemys scripta troostii (Holbrook, 1836)	Animalia	Testudines	0	0	0	0	0	0	0	0	0	0	0	0	0.5274940904141224	11418114
2498026	Anser erythropus (Linnaeus, 1758)	Animalia	Aves	0	0	0	0	0	0	0	0	0	0	0	0	0.5144730065839705	212
8288647	Pterocarya fraxinifolia (Poir.) Spach	Plantae	Magnoliopsida	0	0	0	0	0	0	0	0	0	0	0	0	0.5013481716405446	220
7989836	Symphytum caucasicum M.Bieb.	Plantae	Magnoliopsida	0	0	0	0	0	0	0	0	0	0	0	0	0.49676207461176713	220
2891079	Geranium macrorrhizum L.	Plantae	Magnoliopsida	0	0	0	0	0	0	0	0	0	0	0	0	0.49319232108499145	220
3666776	Oenothera ×ersteinensis H.P.Linder & R.Jean	Plantae	Magnoliopsida	0	0	0	0	0	0	0	0	0	0	0	0	0.4799014517947134	220
3756650	Chenopodium ×reynieri Ludw. & Aellen	Plantae	Magnoliopsida	0	0	0	0	0	0	0	0	0	0	0	0	0.4670707938521021	220
7540164	Arion vulgaris Moquin-Tandon, 1855	Animalia	Gastropoda	0	0	0	0	0	0	0	0	0	0	0	0	0.4544838804975445	225
9520065	Ferrissia californica (Rowell, 1863)	Animalia	Gastropoda	0	0	0	0	0	0	0	0	0	0	0	0	0.4159695702176261	225
2867631	Lemna turionifera Landolt	Plantae	Liliopsida	0	0	0	0	0	0	0	0	0	0	0	0	0.409060968407795	196
5373160	Malcolmia flexuosa (Sm.) Sm.	Plantae	Magnoliopsida	0	0	0	0	0	0	0	0	0	0	0	0	0.31807137332346197	220
2888806	Scabiosa ochroleuca L.	Plantae	Magnoliopsida			3	3			3	3			3	3	1.7444427332288535	220
5387639	Aster ageratoides Turcz.	Plantae	Magnoliopsida			3	3			3	3			3	3	1.4081674407271116	220
2716838	Eleocharis engelmannii Steud.	Plantae	Liliopsida			3	3			3	3			3	3	1.3977099961265465	196
5353590	Cercis siliquastrum L.	Plantae	Magnoliopsida			3	3			3	3			3	3	1.2677875941573014	220
5407810	Trachelium caeruleum L.	Plantae	Magnoliopsida			3	3			3	3			3	3	1.2627524735056852	220
7307327	Agastache rugosa (Fisch. & C.A.Mey.) Kuntze	Plantae	Magnoliopsida			3	3			3	3			3	3	1.2349225907377728	220
7358948	Lasius neglectus Van Loon, Boomsma & Andrasfalvy, 1990	Animalia	Insecta			3	3			3	3			3	3	1.210761957621198	216
7315063	Pseudofumaria alba (Mill.) Lidén	Plantae	Magnoliopsida			3	3			3	3			3	3	1.1647114407748325	220
2765156	Tradescantia fluminensis Vell.	Plantae	Liliopsida			3	3			3	3			3	3	1.1160032059119105	196
2926042	Nonea lutea (Desr.) DC.	Plantae	Magnoliopsida			3	3			3	3			3	3	1.0914994086692327	220
5384390	Amaranthus cruentus L.	Plantae	Magnoliopsida			3	3			3	3			3	3	1.0737180720153665	220
2889378	Fagopyrum tataricum (L.) Gaertn.	Plantae	Magnoliopsida			3	3			3	3			3	3	1.0605648213559247	220
2704038	Muhlenbergia mexicana (L.) Trin.	Plantae	Liliopsida			3	3			3	3			3	3	1.059232781292115	196
5377303	Iberis umbellata L.	Plantae	Magnoliopsida			3	3			3	3			3	3	1.0585234213111494	220
3054110	Aubrieta columnae Guss.	Plantae	Magnoliopsida			3	3			3	3			3	3	1.0558787846416398	220
2889304	Persicaria capitata (Buch.-Ham. ex D.Don) H.Gross	Plantae	Magnoliopsida			3	3			3	3			3	3	1.0487195725645344	220
5384395	Amaranthus blitoides S.Watson	Plantae	Magnoliopsida			3	3			3	3			3	3	1.0413701269935545	220
8699607	Mycosarcoma maydis (DC.) Bref.	Fungi	Ustilaginomycetes			3	3			3	3			3	3	1.040710742623827	148
2925366	Clerodendrum trichotomum Thunb.	Plantae	Magnoliopsida			3	3			3	3			3	3	1.0293151154260207	220
3152861	Liriodendron tulipifera L.	Plantae	Magnoliopsida			3	3			3	3			3	3	1.017721038733807	220
2445034	Tarentola mauritanica (Linnaeus, 1758)	Animalia	Squamata			3	3			3	3			3	2		11592253
6391417	Rumex thyrsiflorus Fingerh.	Plantae	Magnoliopsida			3	3			3	3			3	1	1.0139188041395215	220
2490384	Cardinalis cardinalis (Linnaeus, 1758)	Animalia	Aves			3	3			3	3			2	2		212
3050364	Bunias orientalis L.	Plantae	Magnoliopsida			3	3			3	3			1	3	1.0350847179853	220
2000152	Periplaneta americana (Linnaeus, 1758)	Animalia	Insecta			3	3			3	3			1	1		216
2026623	Pediopsoides sharmai (Viraktamath, 1981)	Animalia	Insecta			3	3			3	3			1	1		216
2080592	Icerya purchasi Maskell, 1879	Animalia	Insecta			3	3			3	3			1	1		216
2455615	Pantherophis guttatus (Linnaeus, 1766)	Animalia	Squamata			3	3			3	3			1	1		11592253
2865524	Vallisneria australis S.W.L.Jacobs & Les	Plantae	Liliopsida			3	3			3	3			1	1		196
3034046	Persea americana Mill.	Plantae	Magnoliopsida			3	3			3	3			1	1		220
3082274	Cornus kousa Bürger ex Hance	Plantae	Magnoliopsida			3	3			3	3			1	1		220
3883959	Salvia viridis L.	Plantae	Magnoliopsida			3	3			3	3			1	1		220
3922888	Anemone sylvestris L.	Plantae	Magnoliopsida			3	3			3	3			1	1		220
5359395	Trifolium angustifolium L.	Plantae	Magnoliopsida			3	3			3	3			1	1		220
5409120	Lobelia siphilitica L.	Plantae	Magnoliopsida			3	3			3	3			1	1		220
8116963	Acanthus hungaricus (Borbás) Baen.	Plantae	Magnoliopsida			3	3			3	3			1	1		220
6100962	Urocissa erythroryncha (Boddaert, 1783)	Animalia	Aves			3	3			3	2			3	3		212
8740315	Marionfyfea adventor Jones & Sluys, 2016	Animalia				3	3			3	1			1	3		
2974811	Vicia pannonica Crantz	Plantae	Magnoliopsida			3	3			2	3			1	3	1.064506710284376	220
3033965	Akebia quinata (Houtt.) Decne.	Plantae	Magnoliopsida			3	3			2	2			3	3		220
4097656	Alnus ×spaethii Callier	Plantae	Magnoliopsida			3	3			2	2			3	3		220
11104870	Cicada orni Linnaeus, 1758	Animalia	Insecta			3	3			2	2			3	3		216
2515351	Puccinia oxalidis Dietel & Ellis	Fungi	Pucciniomycetes			3	3			2	2			1	1		270
5372875	Salix myrsinifolia Salisb.	Plantae	Magnoliopsida			3	3			2	2			1	1		220
7309012	Callicarpa bodinieri H.Lév.	Plantae	Magnoliopsida			3	3			2	2			1	1		220
2502810	Caenoplana coerulea Moseley, 1877	Animalia				3	3			1	3			1	3	1.828121787820743	
5227966	Lophura nycthemera (Linnaeus, 1758)	Animalia	Aves			3	3			1	3			1	3	1.121609408395153	212
2020779	Buchananiella continua (White, 1880)	Animalia	Insecta			3	3			1	3			1	1		216
2931104	Solanum pseudocapsicum L.	Plantae	Magnoliopsida			3	3			1	2			3	3		220
1719204	Gryllomorpha dalmatina (Ocskay, 1832)	Animalia	Insecta			3	3			1	1			3	3		216
5376179	Hornungia petraea (L.) Rchb.	Plantae	Magnoliopsida			3	3			1	1			3	3		220
6101223	Spilopelia senegalensis (Linnaeus, 1766)	Animalia	Aves			3	3			1	1			3	3		212
2858963	Narcissus tazetta L.	Plantae	Liliopsida			3	3			1	1			2	2		196
5296218	Sisyrinchium californicum (Ker Gawl.) Dryand.	Plantae	Liliopsida			3	3			1	1			2	2		196
1873890	Cadra cautella (Walker, 1863)	Animalia	Insecta			3	3			1	1			1	1		216
1998599	Cariblatta lutea (Saussure & Zehntner, 1893)	Animalia	Insecta			3	3			1	1			1	1		216
2440196	Macropus rufogriseus (Desmarest, 1817)	Animalia	Mammalia			3	3			1	1			1	1		359
2441905	Chelydra serpentina (Linnaeus, 1758)	Animalia	Testudines			3	3			1	1			1	1		11418114
2475235	Tauraco leucotis (Ruppell, 1835)	Animalia	Aves			3	3			1	1			1	1		212
2479804	Pyrrhura molinae (Massena & Souance, 1854)	Animalia	Aves			3	3			1	1			1	1		212
2479925	Alisterus scapularis (Lichtenstein, 1816)	Animalia	Aves			3	3			1	1			1	1		212
2493618	Lonchura striata (Linnaeus, 1766)	Animalia	Aves			3	3			1	1			1	1		212
2747489	Crocus chrysanthus (Herb.) Herb.	Plantae	Liliopsida			3	3			1	1			1	1		196
2866850	Arisaema dracontium (L.) Schott	Plantae	Liliopsida			3	3			1	1			1	1		196
2971024	Melilotus officinalis (L.) Pallas	Plantae	Magnoliopsida			3	3			1	1			1	1		220
2985995	Hydrangea paniculata Siebold	Plantae	Magnoliopsida			3	3			1	1			1	1		220
3134867	Catananche caerulea L.	Plantae	Magnoliopsida			3	3			1	1			1	1		220
3188735	Lythrum virgatum L.	Plantae	Magnoliopsida			3	3			1	1			1	1		220
4845776	Lonchura oryzivora (Linnaeus, 1758)	Animalia	Aves			3	3			1	1			1	1		212
5296432	Sisyrinchium striatum Sm.	Plantae	Liliopsida			3	3			1	1			1	1		196
5400552	Ageratina altissima (L.) R.M.King & H.Rob.	Plantae	Magnoliopsida			3	3			1	1			1	1		220
5584611	Silene chalcedonica (L.) E.H.L.Krause	Plantae	Magnoliopsida			3	3			1	1			1	1		220
5598839	Lonicera ×purpusii Rehder	Plantae	Magnoliopsida			3	3			1	1			1	1		220
6161327	Natrix tessellata (Laurenti, 1768)	Animalia	Squamata			3	3			1	1			1	1		11592253
7544073	Saxifraga ×arendsii Engl.	Plantae	Magnoliopsida			3	3			1	1			1	1		220
8287616	Linaria simplex (Willd.) DC.	Plantae	Magnoliopsida			3	3			1	1			1	1		220
3000679	Chaenomeles speciosa (Sweet) Nakai	Plantae	Magnoliopsida			3	2			3	3			3	2		220
8418338	Hydrocotyle sibthorpioides Lam.	Plantae	Magnoliopsida			3	2			3	2			3	3		220
5275415	Pteris multifida Poir.	Plantae	Polypodiopsida			3	2			3	2			3	2	0.9546394600602744	7228684
5410826	Campanula carpatica Jacq.	Plantae	Magnoliopsida			3	2			3	2			3	2		220
10852031	Oncosiphon pilulifer (L.fil.) Källersjö	Plantae	Magnoliopsida			3	2			3	2			3	2		220
1713034	Gryllus bimaculatus De Geer, 1773	Animalia	Insecta			3	2			3	2			2	2		216
5189032	Corbicula fluminalis (O.F.Müller, 1774)	Animalia	Bivalvia			3	2			3	2			2	2		137
9350124	Natrix helvetica (Lacépède, 1789)	Animalia	Squamata			3	2			3	2			1	1		11592253
5371655	Halesia carolina L.	Plantae	Magnoliopsida			3	2			1	1			3	3		220
5530829	Corydalis cheilanthifolia Hemsl.	Plantae	Magnoliopsida			3	2			1	1			3	3		220
5383971	Blitum capitatum L.	Plantae	Magnoliopsida			3	2			1	1			3	2		220
3120024	Achillea nobilis L.	Plantae	Magnoliopsida			3	2			1	1			2	2		220
2294284	Otala lactea (O.F.Müller, 1774)	Animalia	Gastropoda			3	2			1	1			1	2		225
2703740	Bromus rubens L.	Plantae	Liliopsida			3	2			1	1			1	1		196
2762737	Musa basjoo Siebold & Zucc. ex Iinuma	Plantae	Liliopsida			3	2			1	1			1	1		196
2889358	Oxyria digyna (L.) Hill	Plantae	Magnoliopsida			3	2			1	1			1	1		220
2975132	Vicia narbonensis L.	Plantae	Magnoliopsida			3	2			1	1			1	1		220
4142326	Achnatherum calamagrostis (L.) P.Beauv.	Plantae	Liliopsida			3	2			1	1			1	1		196
5350466	Phaseolus coccineus L.	Plantae	Magnoliopsida			3	2			1	1			1	1		220
5395475	Ligularia dentata (A.Gray) H.Hara	Plantae	Magnoliopsida			3	2			1	1			1	1		220
7790614	Crataegus coccinea L.	Plantae	Magnoliopsida			3	2			1	1			1	1		220
3034871	Coriandrum sativum L.	Plantae	Magnoliopsida			3	1			3	3			3	3	1.0141867995404483	220
2650829	Cyrtomium falcatum (L.fil.) C.Presl	Plantae	Polypodiopsida			3	1			3	3			3	3	1.01247973975132	7228684
3105768	Sonchus tenerrimus L.	Plantae	Magnoliopsida			3	1			3	1			3	3		220
2926995	Salvia verticillata L.	Plantae	Magnoliopsida			3	1			3	1			3	1	1.0059399680699783	220
5384396	Amaranthus deflexus L.	Plantae	Magnoliopsida			3	1			3	1			3	1	0.9992757676945503	220
5587240	Silene vulgaris subsp. vulgaris	Plantae	Magnoliopsida			3	1			3	1			3	1	0.9935251409703151	220
5568428	Dysphania botrys (L.) Mosyakin & Clemants	Plantae	Magnoliopsida			3	1			3	1			3	1	0.9787197265429091	220
3940326	Malva trimestris (L.) Salisb.	Plantae	Magnoliopsida			3	1			3	1			3	1	0.96666011356902	220
7068845	Beta vulgaris subsp. vulgaris	Plantae	Magnoliopsida			3	1			3	1			3	1	0.9566466408429389	220
3033261	Anemone coronaria L.	Plantae	Magnoliopsida			3	1			3	1			3	1	0.9520294287700835	220
3003709	Rosa glauca Pourr.	Plantae	Magnoliopsida			3	1			3	1			3	1	0.891161896637847	220
2927850	Polemonium caeruleum L.	Plantae	Magnoliopsida			3	1			3	1			3	1	0.8606409718849338	220
4932232	Dactylis glomerata subsp. lobata (Drejer) H.Lindb.	Plantae	Liliopsida			3	1			3	1			3	1	0.7979086340744685	196
7298987	Centranthus calcitrapae (L.) Dufr.	Plantae	Magnoliopsida			3	1			1	1			3	3		220
4259350	Tilia tomentosa Moench	Plantae	Magnoliopsida			3	1			1	1			1	1	0.9392512259606147	220
5073820	Drosophila suzukii (Matsumura, 1931)	Animalia	Insecta			3	1			1	1			1	1		216
5284827	Picea sitchensis (Bong.) Carrière	Plantae	Pinopsida			3	0			3	0			3	0	0.43219259924172604	194
1651430	Aedes albopictus (Skuse, 1894)	Animalia	Insecta			3	0			3	0			1	0	0.5131770413763337	216
9185677	Podarcis siculus (Rafinesque-Schmaltz, 1810)	Animalia	Squamata			2	3			3	3			3	3		11592253
7753992	Helix lucorum Linnaeus, 1758	Animalia	Gastropoda			2	3			3	3			3	2		225
2726360	Carex grayi J.Carey	Plantae	Liliopsida			2	3			3	3			1	3	1.4352696821405713	196
5530881	Corydalis cava (L.) Schweigg. & Körte	Plantae	Magnoliopsida			2	3			2	3			3	1	1.0104317740766402	220
5232432	Cereopsis novaehollandiae Latham, 1801	Animalia	Aves			2	3			2	3			2	3	1.1660726363394724	212
3067054	Euphorbia humifusa Willd.	Plantae	Magnoliopsida			2	3			2	2			2	3		220
5219681	Sciurus carolinensis Gmelin, 1788	Animalia	Mammalia			2	3			1	1			2	2		359
2164198	Cheiracanthium mildei L.Koch, 1864	Animalia	Arachnida			2	2			3	3			3	3		367
2479544	Agapornis fischeri Reichenow, 1887	Animalia	Aves			2	2			3	3			3	3		212
2480446	Haliaeetus leucocephalus (Linnaeus, 1766)	Animalia	Aves			2	2			3	3			3	3		212
2687885	Ginkgo biloba L.	Plantae	Ginkgoopsida			2	2			3	3			3	3		244
2985994	Hydrangea macrophylla (Thunb.) Ser.	Plantae	Magnoliopsida			2	2			3	3			3	3		220
4487799	Tupiocoris rhododendri (Dolling, 1972)	Animalia	Insecta			2	2			3	3			3	3		216
1702101	Anacridium aegyptium (Linnaeus, 1764)	Animalia	Insecta			2	2			3	3			3	2		216
2927744	Phlox paniculata L.	Plantae	Magnoliopsida			2	2			3	3			3	2		220
1830823	Prays citri Millière, 1873	Animalia	Insecta			2	2			3	3			2	2		216
5334527	Limnanthes douglasii R.Br.	Plantae	Magnoliopsida			2	2			3	3			2	2		220
5376309	Diplotaxis erucoides (L.) DC.	Plantae	Magnoliopsida			2	2			3	3			2	2		220
3729273	Asarina procumbens Mill.	Plantae	Magnoliopsida			2	2			3	3			1	1		220
5414959	Collinsia heterophylla Buist ex Graham	Plantae	Magnoliopsida			2	2			3	3			1	1		220
6374953	Helleborus orientalis Lam.	Plantae	Magnoliopsida			2	2			3	3			1	1		220
7334368	Umbilicus rupestris (Salisb.) Dandy	Plantae	Magnoliopsida			2	2			3	2			2	3		220
2855823	Allium nigrum L.	Plantae	Liliopsida			2	2			3	2			2	2		196
5332305	Ostrya carpinifolia Scop.	Plantae	Magnoliopsida			2	2			3	2			1	1		220
2294275	Eobania vermiculata (O.F.Müller, 1774)	Animalia	Gastropoda			2	2			2	3			3	3		225
10953644	Silene baccifera (L.) Durande	Plantae	Magnoliopsida			2	2			2	3			2	3		220
1885213	Crocidophora butleri South, 1901	Animalia	Insecta			2	2			2	2			3	3		216
2072196	Aphis nerii Boyer de Fonscolombe, 1841	Animalia	Insecta			2	2			2	2			3	3		216
2882841	Vaccinium macrocarpon Aiton	Plantae	Magnoliopsida			2	2			2	2			3	3		220
3935421	Malope trifida Cav.	Plantae	Magnoliopsida			2	2			2	2			3	3		220
4021919	Portulaca sativa Haw.	Plantae	Magnoliopsida			2	2			2	2			3	3		220
7925720	Poterium sanguisorba subsp. polygamum (Waldst. & Kit.) Asch. & Graebn.	Plantae	Magnoliopsida			2	2			2	2			3	3		220
2747718	Crocus speciosus M.Bieb.	Plantae	Liliopsida			2	2			2	2			3	2		196
3118254	Tanacetum balsamita L.	Plantae	Magnoliopsida			2	2			2	2			2	3		220
3172276	Osmanthus heterophyllus (G.Don) P.S.Green	Plantae	Magnoliopsida			2	2			2	2			2	3		220
4046493	Polystichum luctuosum (Kunze) T.Moore	Plantae	Polypodiopsida			2	2			2	2			2	3		7228684
1722299	Gryllodes sigillatus (Walker, 1869)	Animalia	Insecta			2	2			2	2			2	2		216
2220312	Hemimysis anomala G.O.Sars, 1907	Animalia	Malacostraca			2	2			2	2			2	2		229
2474029	Alectoris chukar (J.E.Gray, 1830)	Animalia	Aves			2	2			2	2			2	2		212
2868827	Zantedeschia aethiopica (L.) Spreng.	Plantae	Liliopsida			2	2			2	2			2	2		196
2927727	Phlox subulata L.	Plantae	Magnoliopsida			2	2			2	2			2	2		220
2947311	Cicer arietinum L.	Plantae	Magnoliopsida			2	2			2	2			2	2		220
5371699	Hepatica nobilis Schreb.	Plantae	Magnoliopsida			2	2			2	2			2	2		220
5384950	Eclipta prostrata (L.) L.	Plantae	Magnoliopsida			2	2			2	2			2	2		220
7393329	Cucurbita moschata (Duchesne) Duchesne ex Poir.	Plantae	Magnoliopsida			2	2			2	2			2	2		220
8153538	Oenothera ×oehlkersii Kappus	Plantae	Magnoliopsida			2	2			2	2			2	2		220
8210972	Jacobaea ×albescens (Burb. & Colgan) Verloove & Lambinon	Plantae	Magnoliopsida			2	2			2	2			2	2		220
9078997	Saissetia oleae (Olivier, 1791)	Animalia	Insecta			2	2			2	2			2	2		216
9592414	Sporobolus michauxianus (Hitchc.) P.M.Peterson & Saarela	Plantae	Liliopsida			2	2			2	2			2	2		196
2889037	Rumex rugosus Campd.	Plantae	Magnoliopsida			2	2			2	2			1	1		220
3169331	Lysimachia clethroides Duby	Plantae	Magnoliopsida			2	2			2	2			1	1		220
5228033	Chrysolophus amherstiae (Leadbeater, 1829)	Animalia	Aves			2	2			2	2			1	1		212
5864277	Gammarus roeselii Gervais, 1835	Animalia	Malacostraca			2	2			2	2			1	1		229
7267630	Dianthus giganteus d'Urv.	Plantae	Magnoliopsida			2	2			2	2			1	1		220
5377163	Iberis amara L.	Plantae	Magnoliopsida			2	2			1	1			3	3		220
5584240	Silene schafta J.G.Gmel. ex Hohen.	Plantae	Magnoliopsida			2	2			1	1			3	3		220
2726539	Carex scoparia Schkuhr ex Willd.	Plantae	Liliopsida			2	2			1	1			2	2		196
2888564	Lamprocapnos spectabilis (L.) Fukuhara	Plantae	Magnoliopsida			2	2			1	1			2	2		220
3033535	Clematis tangutica (Maxim.) Korsh.	Plantae	Magnoliopsida			2	2			1	1			2	2		220
4131042	Bromus hordeaceus subsp. longipedicellatus Spalton	Plantae	Liliopsida			2	2			1	1			2	2		196
5231398	Leiothrix lutea (Scopoli, 1786)	Animalia	Aves			2	2			1	1			2	2		212
5303040	Thalia dealbata Fraser	Plantae	Liliopsida			2	2			1	1			2	2		196
5362136	Aruncus dioicus (Walter) Fernald	Plantae	Magnoliopsida			2	2			1	1			2	2		220
5892120	Girardia tigrina (Girard, 1850)	Animalia				2	2			1	1			2	2		
7303104	Plantago afra L.	Plantae	Magnoliopsida			2	2			1	1			2	2		220
7560711	Oxalis tetraphylla Cav.	Plantae	Magnoliopsida			2	2			1	1			2	2		220
2287073	Dreissena bugensis (Andrusov, 1897)	Animalia	Bivalvia			2	2			1	1			1	1		137
2307726	Microscolex phosphoreus (Dugès, 1837)	Animalia	Clitellata			2	2			1	1			1	1		255
2367742	Pimephales promelas Rafinesque, 1820	Animalia				2	2			1	1			1	1		
2437397	Callosciurus prevostii (Desmarest, 1822)	Animalia	Mammalia			2	2			1	1			1	1		359
2481670	Limnodromus scolopaceus (Say, 1822)	Animalia	Aves			2	2			1	1			1	1		212
2489075	Lamprotornis superbus Rüppell, 1845	Animalia	Aves			2	2			1	1			1	1		212
2984492	Celtis australis L.	Plantae	Magnoliopsida			2	2			1	1			1	1		220
3022668	Prunus virginiana L.	Plantae	Magnoliopsida			2	2			1	1			1	1		220
3103158	Gamochaeta americana (Mill.) Wedd.	Plantae	Magnoliopsida			2	2			1	1			1	1		220
4990176	Rhyzobius forestieri (Mulsant, 1853)	Animalia	Insecta			2	2			1	1			1	1		216
6100941	Sturnia pagodarum (Gmelin, 1789)	Animalia	Aves			2	2			1	1			1	1		212
7427542	Aleurotuba jelinekii (Frauenfeld, 1867)	Animalia	Insecta			2	2			1	1			1	1		216
7564934	Odontites jaubertianus (Boreau) D.Dietr. ex Walp.	Plantae	Magnoliopsida			2	2			1	1			1	1		220
8031875	Dasiphora davurica (Nestl.) Kom. & Aliss.	Plantae	Magnoliopsida			2	2			1	1			1	1		220
8421432	Cornus sanguinea subsp. hungarica (Kárpáti) Soó	Plantae	Magnoliopsida			2	2			1	1			1	1		220
8790531	Lissachatina fulica (Bowdich, 1822)	Animalia	Gastropoda			2	2			1	1			1	1		225
9440906	Sagina alexandrae Iamonico	Plantae	Magnoliopsida			2	2			1	1			1	1		220
9606290	Meleagris gallopavo Linnaeus, 1758	Animalia	Aves			2	2			1	1			1	1		212
2705300	Avena barbata Pott ex Link	Plantae	Liliopsida			2	1			3	3			3	3		196
9182765	Calendula arvensis L.	Plantae	Magnoliopsida			2	1			3	1			3	1	0.8205358157266611	220
2926885	Satureja hortensis L.	Plantae	Magnoliopsida			2	1			3	1			1	1	0.8197564278713658	220
1316908	Linepithema humile (Mayr, 1868)	Animalia	Insecta			2	1			2	3			2	3	1.121829021225056	216
7749287	Petasites albus (L.) Gaertn.	Plantae	Magnoliopsida			2	1			2	1			2	1	0.9314810977443355	220
3633319	Tordylium maximum L.	Plantae	Magnoliopsida			2	1			2	1			2	1	0.8477050114367397	220
2705295	Avena strigosa Schreb.	Plantae	Liliopsida			2	1			2	1			2	1	0.8114717437404981	196
2932944	Capsicum annuum L.	Plantae	Magnoliopsida			2	1			2	1			2	1	0.7658805786070332	220
2700768	Luzula nivea (Nathh.) DC.	Plantae	Liliopsida			2	1			2	1			2	1	0.7557630935999666	196
2928775	Nicotiana rustica L.	Plantae	Magnoliopsida			2	1			2	1			2	1	0.7340153142187154	220
12187916	Tarenaya houtteana (Schltdl.) Soares Neto & Roalson	Plantae	Magnoliopsida			2	1			2	1			2	1	0.7106242836831107	220
2913219	Galium anglicum Huds.	Plantae	Magnoliopsida			2	1			2	1			1	1	0.7585817693943	220
5341112	Phyla nodiflora (L.) Greene	Plantae	Magnoliopsida			2	1			1	2			2	2		220
2963569	Styphnolobium japonicum (L.) Schott	Plantae	Magnoliopsida			2	1			1	1			3	1	0.7827497331448452	220
5410210	Campanula fenestrellata Feer	Plantae	Magnoliopsida			2	1			1	1			3	1	0.7525912870685418	220
2687182	Tsuga canadensis (L.) Carrière	Plantae	Pinopsida			2	1			1	1			2	1	0.7253152422179032	194
3032611	Darmera peltata (Torr. ex Benth.) Voss	Plantae	Magnoliopsida			2	1			1	1			2	1	0.6427195552074654	220
5374922	Arabis caucasica Willd.	Plantae	Magnoliopsida			2	1			1	1			2	1	0.6276689253753549	220
2928767	Nicotiana sylvestris Speg.	Plantae	Magnoliopsida			2	0			2	0			2	0	0.7654595787313151	220
3033434	Ranunculus parviflorus L.	Plantae	Magnoliopsida			2	0			1	0			2	0	0.7129458608194841	220
3105508	Andryala integrifolia L.	Plantae	Magnoliopsida			1	3			3	3			1	1		220
2888622	Viburnum plicatum Thunb.	Plantae	Magnoliopsida			1	3			1	3			1	3	1.2161686047367708	220
7443846	Dipsacus strigosus Willd.	Plantae	Magnoliopsida			1	3			1	3			1	3	1.1094022968357775	220
7903764	Senecio sarracenicus L.	Plantae	Magnoliopsida			1	3			1	3			1	3	1.0402429145140122	220
2927220	Dracocephalum parviflorum Nutt.	Plantae	Magnoliopsida			1	3			1	3			1	3	1.039487949703241	220
2925756	Lappula squarrosa (Retz.) Dumort.	Plantae	Magnoliopsida			1	3			1	3			1	3	1.0294285120620466	220
9496048	Spatula hottentota (Eyton, 1838)	Animalia	Aves			1	3			1	3			1	3	1.0204892096803722	212
2971016	Melilotus indicus (L.) All.	Plantae	Magnoliopsida			1	3			1	3			1	3	1.0194087988794904	220
5377064	Lepidium densiflorum Schrad.	Plantae	Magnoliopsida			1	3			1	3			1	3	1.0168733390035432	220
7619206	Erodium trifolium (Cav.) Cav.	Plantae	Magnoliopsida			1	3			1	3			1	3		220
7902463	Lonicera maackii (Rupr.) Maxim.	Plantae	Magnoliopsida			1	3			1	1			2	2		220
6027176	Opopanax chironium (L.) W.D.J.Koch	Plantae	Magnoliopsida			1	3			1	1			1	3		220
5341540	Gilia achilleifolia Benth.	Plantae	Magnoliopsida			1	3			1	1			1	1		220
7520678	Striosubulina striatella (Rang, 1831)	Animalia	Gastropoda			1	3			1	1			1	1		225
3896282	Teucrium hircanicum L.	Plantae	Magnoliopsida			1	2			3	3			1	1		220
2928238	Phacelia campanularia A.Gray	Plantae	Magnoliopsida			1	2			2	2			3	3		220
5330001	Dracunculus vulgaris Schott	Plantae	Liliopsida			1	2			2	2			3	3		196
3935079	Malva arborea (L.) Webb & Berthel.	Plantae	Magnoliopsida			1	2			2	2			2	3		220
3892732	Lamium orvala L.	Plantae	Magnoliopsida			1	2			1	2			3	3		220
8335191	Oloptum miliaceum (L.) Röser & Hamasha	Plantae	Liliopsida			1	2			1	2			1	2	0.9017898492573219	196
2685552	Abies nordmanniana (Steven) Spach	Plantae	Pinopsida			1	2			1	2			1	2	0.8156050234551587	194
2469188	Podarcis muralis (Laurenti, 1768)	Animalia	Squamata			1	2			1	2			1	2		11592253
2857697	Allium cepa L.	Plantae	Liliopsida			1	2			1	2			1	2		196
3088488	Tagetes erecta L.	Plantae	Magnoliopsida			1	2			1	2			1	2		220
3190411	Ptelea trifoliata L.	Plantae	Magnoliopsida			1	2			1	2			1	2		220
7158449	Polystichum polyblepharon (Roem. ex Kunze) C.Presl	Plantae	Polypodiopsida			1	2			1	1			3	2		7228684
2943190	Caragana arborescens Lam.	Plantae	Magnoliopsida			1	2			1	1			1	3		220
3741446	Erinus alpinus L.	Plantae	Magnoliopsida			1	2			1	1			1	2		220
3114667	Carduus pycnocephalus L.	Plantae	Magnoliopsida			1	2			1	1			1	1		220
5041422	Sceliphron curvatum (F.Smith, 1870)	Animalia	Insecta			1	1			3	3			3	3		216
2705031	Festuca glauca Vill.	Plantae	Liliopsida			1	1			3	3			1	3		196
1111797	Chlorophorus annularis (Fabricius, 1787)	Animalia	Insecta			1	1			3	3			1	1		216
2037991	Liguropia juniperi (Lethierry, 1876)	Animalia	Insecta			1	1			3	3			1	1		216
2078259	Neotoxoptera formosana (Takahashi, 1921)	Animalia	Insecta			1	1			3	3			1	1		216
5153082	Homotoma ficus (Linnaeus, 1758)	Animalia	Insecta			1	1			3	3			1	1		216
5701337	Dahlia ×cultorum Thorsrud & Reisaeter	Plantae	Magnoliopsida			1	1			3	3			1	1		220
6101224	Spilopelia chinensis (Scopoli, 1786)	Animalia	Aves			1	1			3	3			1	1		212
6132234	Rhynchophorus ferrugineus (A.G.Olivier, 1791)	Animalia	Insecta			1	1			3	3			1	1		216
7967494	Aconitum ×cammarum L.	Plantae	Magnoliopsida			1	1			3	3			1	1		220
8400045	Daboecia cantabrica (Huds.) K.Koch	Plantae	Magnoliopsida			1	1			3	3			1	1		220
1652212	Aedes japonicus (Theobald, 1901)	Animalia	Insecta			1	1			3	2			3	2		216
2926681	Lamium confertum Fr.	Plantae	Magnoliopsida			1	1			3	1			3	1		220
2128502	Aceria erinea (Nalepa, 1891)	Animalia	Arachnida			1	1			2	2			3	3		367
8408816	Colchicum ×byzantinum Ker Gawl.	Plantae	Liliopsida			1	1			2	2			3	3		196
2928034	Nemophila maculata Benth. ex Lindl.	Plantae	Magnoliopsida			1	1			2	2			1	1		220
4564216	Otala punctata (O.F.Müller, 1774)	Animalia	Gastropoda			1	1			1	3			1	1		225
4984851	Bugula neritina (Linnaeus, 1758)	Animalia	Gymnolaemata			1	1			1	3			1	1		252
2888859	Muehlenbeckia complexa (A.Cunn.) Meisn.	Plantae	Magnoliopsida			1	1			1	1			3	3	0.9656064104884284	220
1309606	Andricus grossulariae Giraud, 1859	Animalia	Insecta			1	1			1	1			3	3		216
1798504	Dysgonia algira Linnaeus, 1767	Animalia	Insecta			1	1			1	1			3	3		216
2684984	Araucaria araucana (Molina) K.Koch	Plantae	Pinopsida			1	1			1	1			3	3		194
2855338	Galanthus plicatus M.Bieb.	Plantae	Liliopsida			1	1			1	1			3	3		196
2928668	Dichondra argentea Humb. & Bonpl. ex Willd.	Plantae	Magnoliopsida			1	1			1	1			3	3		220
2928759	Nicotiana langsdorffii Weinm.	Plantae	Magnoliopsida			1	1			1	1			3	3		220
4362965	Melanoides tuberculata (O.F.Müller, 1774)	Animalia	Gastropoda			1	1			1	1			3	2		225
3151618	Symphyotrichum novae-angliae (L.) G.L.Nesom	Plantae	Magnoliopsida			1	1			1	1			3	1	0.751553071527249	220
3033289	Trollius europaeus L.	Plantae	Magnoliopsida			1	1			1	1			3	1		220
3103180	Gamochaeta antillana (Urb.) Anderb.	Plantae	Magnoliopsida			1	1			1	1			3	1		220
3026049	Cotoneaster dammeri C.K.Schneid.	Plantae	Magnoliopsida			1	1			1	1			2	2		220
3121562	Artemisia sieversiana Ehrh. ex Willd.	Plantae	Magnoliopsida			1	1			1	1			2	2		220
3667238	Oenothera ×paradoxa Hudziok	Plantae	Magnoliopsida			1	1			1	1			2	2		220
7172720	Sedum dasyphyllum L.	Plantae	Magnoliopsida			1	1			1	1			2	2		220
2474936	Anthropoides virgo (Linnaeus, 1758)	Animalia	Aves			1	1			1	1			2	1	0.4878275061843716	212
3189843	Acer tataricum L.	Plantae	Magnoliopsida			1	1			1	1			2	1		220
7157952	Dryopteris erythrosora (D.C.Eaton) Kuntze	Plantae	Polypodiopsida			1	1			1	1			2	1		7228684
3152378	Malva parviflora L.	Plantae	Magnoliopsida			1	1			1	1			1	3	1.0022069180913058	220
1873903	Cadra figulilella (Gregson, 1871)	Animalia	Insecta			1	1			1	1			1	3		216
3000406	Stranvaesia davidiana Decne.	Plantae	Magnoliopsida			1	1			1	1			1	2		220
2702822	Echinochloa frumentacea Link	Plantae	Liliopsida			1	1			1	1			1	1	1.0078376769534416	196
2651816	Adiantum capillus-veneris L.	Plantae	Polypodiopsida			1	1			1	1			1	1	1.0059238086471662	7228684
3152816	Platanus orientalis L.	Plantae	Magnoliopsida			1	1			1	1			1	1	0.9758056388398252	220
2874199	Passiflora caerulea L.	Plantae	Magnoliopsida			1	1			1	1			1	1	0.9754426728589839	220
2929505	Solanum villosum Mill.	Plantae	Magnoliopsida			1	1			1	1			1	1	0.9717129397206478	220
5341784	Physalis peruviana L.	Plantae	Magnoliopsida			1	1			1	1			1	1	0.9652949438417873	220
2479977	Nymphicus hollandicus (Kerr, 1792)	Animalia	Aves			1	1			1	1			1	1	0.9605251985063334	212
2993761	Rubus spectabilis Pursh	Plantae	Magnoliopsida			1	1			1	1			1	1	0.9583422836636915	220
8149049	Wisteria sinensis (Sims) DC.	Plantae	Magnoliopsida			1	1			1	1			1	1	0.9567090020743231	220
2474051	Alectoris rufa (Linnaeus, 1758)	Animalia	Aves			1	1			1	1			1	1	0.9559805555059047	212
3933415	Malva multiflora (Cav.) Soldano, Banfi & Galasso	Plantae	Magnoliopsida			1	1			1	1			1	1	0.9509286841055168	220
8889878	Elaphe taeniura (Cope, 1861)	Animalia	Squamata			1	1			1	1			1	1	0.9465011568827238	11592253
5671747	Cenchrus alopecuroides (L.) Thunb.	Plantae	Liliopsida			1	1			1	1			1	1	0.9434018815906022	196
5359660	Glycine max (L.) Merr.	Plantae	Magnoliopsida			1	1			1	1			1	1	0.9389618100860364	220
2703670	Bromus inermis Leyss.	Plantae	Liliopsida			1	1			1	1			1	1	0.9385279525487903	196
3101184	Dittrichia viscosa (L.) Greuter	Plantae	Magnoliopsida			1	1			1	1			1	1	0.9228345571480803	220
7319302	Dryopteris cycadina (Franch. & Sav.) C.Chr.	Plantae	Polypodiopsida			1	1			1	1			1	1	0.9148731302893125	7228684
7322292	Oenothera ×cambrica Rostanski	Plantae	Magnoliopsida			1	1			1	1			1	1	0.9144931123800992	220
5384818	Silene dichotoma Ehrh.	Plantae	Magnoliopsida			1	1			1	1			1	1	0.9117672800378511	220
8969026	Physalis philadelphica Lam.	Plantae	Magnoliopsida			1	1			1	1			1	1	0.9019778175320448	220
2874621	Citrullus lanatus (Thunb.) Matsum. & Nakai	Plantae	Magnoliopsida			1	1			1	1			1	1	0.899237336559562	220
7308335	Mentha spicata subsp. spicata	Plantae	Magnoliopsida			1	1			1	1			1	1	0.8988111172353783	220
2928774	Nicotiana tabacum L.	Plantae	Magnoliopsida			1	1			1	1			1	1	0.888158450597792	220
2684191	Taxodium distichum (L.) Rich.	Plantae	Pinopsida			1	1			1	1			1	1	0.8876369802511914	194
8542672	Cotula australis (Sieber ex Spreng.) Hook.fil.	Plantae	Magnoliopsida			1	1			1	1			1	1	0.8825981469368371	220
5289698	Setaria italica (L.) P.Beauv.	Plantae	Liliopsida			1	1			1	1			1	1	0.8761021800353073	196
3040184	Populus balsamifera L.	Plantae	Magnoliopsida			1	1			1	1			1	1	0.8727010008978143	220
2975309	Vicia bithynica (L.) L.	Plantae	Magnoliopsida			1	1			1	1			1	1	0.8684530145844018	220
3169120	Euonymus alatus (Thunb.) Siebold	Plantae	Magnoliopsida			1	1			1	1			1	1	0.8671387373590327	220
10786206	Rhaphiolepis bibas (Lour.) Galasso & Banfi	Plantae	Magnoliopsida			1	1			1	1			1	1	0.8671233323177144	220
5289998	Digitaria ciliaris (Retz.) Koeler	Plantae	Liliopsida			1	1			1	1			1	1	0.8666196726116159	196
5415054	Forsythia ×intermedia Zabel	Plantae	Magnoliopsida			1	1			1	1			1	1	0.8653073651798597	220
5289679	Setaria parviflora (Poir.) Kerguélen	Plantae	Liliopsida			1	1			1	1			1	1	0.8647058316495414	196
5361982	Sedum hispanicum L.	Plantae	Magnoliopsida			1	1			1	1			1	1	0.8556147941033544	220
2481134	Larus delawarensis Ord, 1815	Animalia	Aves			1	1			1	1			1	1	0.8470100932418527	212
3042751	Brassica juncea (L.) Czern.	Plantae	Magnoliopsida			1	1			1	1			1	1	0.8466709859906094	220
3141890	Cyclachaena xanthiifolia (Nutt.) Fresen.	Plantae	Magnoliopsida			1	1			1	1			1	1	0.846335648082073	220
2704394	Cynosurus echinatus L.	Plantae	Liliopsida			1	1			1	1			1	1	0.8461952729581392	196
10769750	Pseudopodospermum hispanicum subsp. hispanicum	Plantae	Magnoliopsida			1	1			1	1			1	1	0.845395184489239	220
7331861	Cymbalaria muralis subsp. muralis	Plantae	Magnoliopsida			1	1			1	1			1	1	0.8401722811425087	220
2928538	Ipomoea hederacea Jacq.	Plantae	Magnoliopsida			1	1			1	1			1	1	0.8385916331367286	220
3046851	Sisymbrium irio L.	Plantae	Magnoliopsida			1	1			1	1			1	1	0.8254223352055003	220
2874706	Tamarix parviflora DC.	Plantae	Magnoliopsida			1	1			1	1			1	1	0.8129409838423836	220
2516419	Tranzschelia discolor (Fuckel) Tranzschel & M.A.Litv.	Fungi	Pucciniomycetes			1	1			1	1			1	1	0.8119062098422645	270
2516809	Melampsoridium betulinum (Pers.) Kleb.	Fungi	Pucciniomycetes			1	1			1	1			1	1	0.799033855478889	270
2705369	Eragrostis cilianensis (All.) Vignolo ex Janch.	Plantae	Liliopsida			1	1			1	1			1	1	0.798682157789685	196
4315705	Dikerogammarus villosus (Sowinsky, 1894)	Animalia	Malacostraca			1	1			1	1			1	1	0.7936288821385971	229
6449041	Panicum miliaceum subsp. miliaceum	Plantae	Liliopsida			1	1			1	1			1	1	0.7926428720198307	196
2930222	Solanum americanum Mill.	Plantae	Magnoliopsida			1	1			1	1			1	1	0.7905779536983568	220
5676646	Digitaria aequiglumis (Hack. & Arechav.) Parodi	Plantae	Liliopsida			1	1			1	1			1	1	0.7893188507573579	196
5554574	Tetragonia tetragonoides (Pall.) Kuntze	Plantae	Magnoliopsida			1	1			1	1			1	1	0.7882009087635	220
5406741	Sida spinosa L.	Plantae	Magnoliopsida			1	1			1	1			1	1	0.7875074839725741	220
2928755	Datura innoxia Mill.	Plantae	Magnoliopsida			1	1			1	1			1	1	0.7856591189955944	220
2703663	Bromus rigidus Roth	Plantae	Liliopsida			1	1			1	1			1	1	0.7803123731561123	196
7358677	Populus nigra var. italica (Moench) Koehne	Plantae	Magnoliopsida			1	1			1	1			1	1	0.7793800332834919	220
2888636	Symphoricarpos orbiculatus Moench	Plantae	Magnoliopsida			1	1			1	1			1	1	0.7775090392800736	220
7350989	Nepeta ×faassenii Bergmans ex Stearn	Plantae	Magnoliopsida			1	1			1	1			1	1	0.7758239703837985	220
3064282	Euphorbia tommasiniana Bertol.	Plantae	Magnoliopsida			1	1			1	1			1	1	0.7725169236444576	220
6550091	Actinidia chinensis var. deliciosa (A.Chev.) A.Chev.	Plantae	Magnoliopsida			1	1			1	1			1	1	0.7660308013439143	220
5363627	Aronia melanocarpa (Michx.) Elliott	Plantae	Magnoliopsida			1	1			1	1			1	1	0.7658892857248865	220
3139003	Melampodium montanum Benth.	Plantae	Magnoliopsida			1	1			1	1			1	1	0.7627998036207948	220
5384334	Amaranthus viridis L.	Plantae	Magnoliopsida			1	1			1	1			1	1	0.758082151693672	220
2985863	Hylotelephium spectabile (Boreau) H.Ohba	Plantae	Magnoliopsida			1	1			1	1			1	1	0.7323670309540292	220
5361944	Broussonetia papyrifera (L.) L'Hér. ex Vent.	Plantae	Magnoliopsida			1	1			1	1			1	1	0.719672011057861	220
5391599	Chamaemelum nobile (L.) All.	Plantae	Magnoliopsida			1	1			1	1			1	1	0.6957778332118073	220
3025858	Cotoneaster ambiguus Rehder & E.H.Wilson	Plantae	Magnoliopsida			1	1			1	1			1	1	0.6844733423558963	220
2876571	Alnus ×pubescens Tausch	Plantae	Magnoliopsida			1	1			1	1			1	1	0.6531630563748192	220
3088481	Tagetes minuta L.	Plantae	Magnoliopsida			1	1			1	1			1	1	0.5972292155699359	220
2856457	Allium triquetrum L.	Plantae	Liliopsida			1	1			1	1			1	1	0.594665851185583	196
3767816	Acer japonicum Thunb.	Plantae	Magnoliopsida			1	1			1	1			1	1	0.5737086704988527	220
2890013	Geranium divaricatum Ehrh.	Plantae	Magnoliopsida			1	1			1	1			1	1	0.5588820043415474	220
3128888	Centaurea solstitialis L.	Plantae	Magnoliopsida			1	1			1	1			1	1	0.5305039599736242	220
5275404	Pteris cretica L.	Plantae	Polypodiopsida			1	1			1	1			1	1	0.5086365463631937	7228684
1891245	Sufetula diminutalis Walker, 1865	Animalia	Insecta			1	1			1	1			1	1		216
1998083	Ectobius vittiventris (Costa, 1847)	Animalia	Insecta			1	1			1	1			1	1		216
2437282	Tamiasciurus hudsonicus (Erxleben, 1777)	Animalia	Mammalia			1	1			1	1			1	1		359
2855825	Allium moly L.	Plantae	Liliopsida			1	1			1	1			1	1		196
3082297	Limonium sinuatum (L.) Mill.	Plantae	Magnoliopsida			1	1			1	1			1	1		220
3083488	Paeonia officinalis L.	Plantae	Magnoliopsida			1	1			1	1			1	1		220
3104314	Liatris spicata (L.) Willd.	Plantae	Magnoliopsida			1	1			1	1			1	1		220
4400961	Badonnelia titei Pearman, 1953	Animalia	Insecta			1	1			1	1			1	1		216
4985072	Tricellaria inopinata d'Hondt & Occhipinti Ambrogi, 1985	Animalia	Gymnolaemata			1	1			1	1			1	1		252
5285074	Pinus wallichiana A.B.Jacks.	Plantae	Pinopsida			1	1			1	1			1	1		194
5290192	Cenchrus longisetus M.C.Johnst.	Plantae	Liliopsida			1	1			1	1			1	1		196
5297966	Iris xiphium L.	Plantae	Liliopsida			1	1			1	1			1	1		196
5356704	Lathyrus vernus (L.) Bernh.	Plantae	Magnoliopsida			1	1			1	1			1	1		220
5361889	Morus alba L.	Plantae	Magnoliopsida			1	1			1	1			1	1		220
7325877	Fraxinus angustifolia Vahl	Plantae	Magnoliopsida			1	1			1	1			1	1		220
8052025	Dicyphus escalerae Lindberg, 1934	Animalia	Insecta			1	1			1	1			1	1		216
9254355	Lithotoma axillaris (Lindl.) E.B.Knox	Plantae	Magnoliopsida			1	1			1	1			1	1		220
9340142	Iris ×hollandica H.R.Wehrh.	Plantae	Liliopsida			1	1			1	1			1	1		196
11921804	Anethum ridolfia Spalik & Reduron	Plantae	Magnoliopsida			1	1			1	1			1	1		220
3029912	Fragaria ×ananassa (Weston) Rozier	Plantae	Magnoliopsida			1	0			2	0			2	0	0.7521234216796227	220
3046875	Sisymbrium loeselii L.	Plantae	Magnoliopsida			1	0			1	1			1	1	0.8107882640239398	220
7226794	Bromus japonicus subsp. japonicus	Plantae	Liliopsida			1	0			1	0			1	0	0.7656229765134802	196
2932184	Solanum sisymbriifolium Lam.	Plantae	Magnoliopsida			1	0			1	0			1	0	0.6998720160923644	220
2706002	Phleum paniculatum Huds.	Plantae	Liliopsida			1	0			1	0			1	0	0.693249377206708	196
9422220	Spatula discors (Linnaeus, 1766)	Animalia	Aves			1	0			1	0			1	0	0.6578228884474713	212
2688189	Selaginella kraussiana (Kunze) A.Braun	Plantae	Lycopodiopsida			1	0			1	0			1	0	0.6361559742220843	245
8993502	Silene italica (L.) Pers.	Plantae	Magnoliopsida			1	0			1	0			1	0	0.587615217588263	220
2495494	Geopelia cuneata (Latham, 1801)	Animalia	Aves			1	0			1	0			1	0	0.5036041775686027	212
2684178	Thuja occidentalis L.	Plantae	Pinopsida			1	0			1	0			1	0	0.4910480280470116	194
3988701	Lythrum junceum Banks & Sol.	Plantae	Magnoliopsida			1	0			1	0			1	0	0.4718065939885137	220
5228229	Balearica regulorum (E.T.Bennett, 1834)	Animalia	Aves			1	0			1	0			1	0	0.14928734430926638	212
5341203	Pulmonaria saccharata Mill.	Plantae	Magnoliopsida			1	0			0	0			0	0	0.3070449894116513	220
5341442	Thymus vulgaris L.	Plantae	Magnoliopsida			0	3			0	3			0	3	1.050861694759678	220
5377778	Aurinia saxatilis (L.) Desv.	Plantae	Magnoliopsida			0	3			0	3			0	3	1.0278546813404692	220
7322529	Oenothera ×rubricaulis Kleb.	Plantae	Magnoliopsida			0	2			0	2			0	2	0.9576963807386302	220
2870583	Pistia stratiotes L.	Plantae	Liliopsida			0	2			0	2			0	2		196
5420957	Clarkia unguiculata Lindl.	Plantae	Magnoliopsida			0	2			0	2			0	1		220
10902460	Salvia rosmarinus Spenn.	Plantae	Magnoliopsida			0	1			0	2			0	1		220
8342911	Papaver setiferum Goldblatt	Plantae	Magnoliopsida			0	1			0	1			0	1	0.971580309352003	220
2994912	Rubus odoratus L.	Plantae	Magnoliopsida			0	1			0	1			0	1	0.951782865639257	220
2772094	Muscari botryoides (L.) Mill.	Plantae	Liliopsida			0	1			0	1			0	1	0.8942435205193359	196
5372614	Salix eriocephala Michx.	Plantae	Magnoliopsida			0	1			0	1			0	1	0.7932062097829742	220
5390636	Cota austriaca (Jacq.) Sch.Bip.	Plantae	Magnoliopsida			0	1			0	1			0	1	0.782777231951009	220
7266343	Salix purpurea subsp. purpurea	Plantae	Magnoliopsida			0	1			0	1			0	1	0.5108936872247933	220
4486382	Orsillus depressus Dallas, 1852	Animalia	Insecta			0	1			0	1			0	1	0.3634224769394269	216
7732986	Stropharia aurantiaca (Cooke) P.D.Orton	Fungi	Agaricomycetes			0	0			0	0			0	0	0.8517299427389494	186
5383936	Bassia scoparia (L.) A.J.Scott	Plantae	Magnoliopsida			0	0			0	0			0	0	0.7715455390828588	220
3083920	Chenopodium berlandieri Moq.	Plantae	Magnoliopsida			0	0			0	0			0	0	0.7623383378938549	220
7409013	Prunus domestica subsp. insititia (L.) Bonnier & Layens	Plantae	Magnoliopsida			0	0			0	0			0	0	0.7417663876813115	220
10755213	Narcissus hispanicus subsp. hispanicus	Plantae	Liliopsida			0	0			0	0			0	0	0.7061014901847392	196
2889023	Rumex stenophyllus Ledeb.	Plantae	Magnoliopsida			0	0			0	0			0	0	0.6350731437248562	220
2706052	Hordeum jubatum L.	Plantae	Liliopsida			0	0			0	0			0	0	0.6329580988465114	196
9235549	Sibirionetta formosa (Georgi, 1775)	Animalia	Aves			0	0			0	0			0	0	0.6228438354186465	212
4497124	Andricus quercuscalicis (Burgsdorff, 1783)	Animalia	Insecta			0	0			0	0			0	0	0.555836763513	216
2484605	Bombycilla garrulus (Linnaeus, 1758)	Animalia	Aves			0	0			0	0			0	0	0.506506458044911	212
2925816	Cynoglossum amabile Stapf & J.R.Drumm.	Plantae	Magnoliopsida			0	0			0	0			0	0	0.49353541412357893	220
3189497	Hypericum calycinum L.	Plantae	Magnoliopsida			0	0			0	0			0	0	0.4572479580643198	220
6109699	Phoenix dactylifera L.	Plantae	Liliopsida			0	0			0	0			0	0	0.4411328239359106	196
2480524	Buteo lagopus (Pontoppidan, 1763)	Animalia	Aves			0	0			0	0			0	0	0.3957243779704321	212
3112361	Cynara scolymus L.	Plantae	Magnoliopsida			0	0			0	0			0	0	0.3675471701823095	220
3169391	Lysimachia ciliata L.	Plantae	Magnoliopsida			0	0			0	0			0	0	0.3317548307767536	220
5341558	Gilia tricolor Benth.	Plantae	Magnoliopsida			0	0			0	0			0	0	0.2976899412470855	220
3054117	Aubrieta deltoidea (L.) DC.	Plantae	Magnoliopsida			0	0			0	0			0	0	0.2896698241430991	220
2891677	Oxalis dillenii Jacq.	Plantae	Magnoliopsida			0	0			0	0			0	0	0.27261991106334826	220
4206362	Onopordum beckianum A.John	Plantae	Magnoliopsida			0	0			0	0			0	0	0.26058572331359875	220
2926048	Omphalodes verna Moench	Plantae	Magnoliopsida			0	0			0	0			0	0	0.2523232690694796	220
