taxonKey	taxonName	kingdom	class	year_2024_em_status_occupancy_natura2000	year_2024_em_status_occs_natura2000	year_2024_em_status_occupancy_Belgium	year_2024_em_status_occs_Belgium	year_2023_em_status_occupancy_natura2000	year_2023_em_status_occs_natura2000	year_2023_em_status_occupancy_Belgium	year_2023_em_status_occs_Belgium	year_2022_em_status_occupancy_natura2000	year_2022_em_status_occs_natura2000	year_2022_em_status_occupancy_Belgium	year_2022_em_status_occs_Belgium	mean_growth	clasKey
1311477	Vespa velutina Lepeletier, 1836	Animalia	Insecta	3	3	3	3	3	3	3	3	3	3	3	3	2.8141568665120453	216
2153287	Zoropsis spinimana (Dufour, 1820)	Animalia	Arachnida	3	3	3	3	3	3	3	3	3	3	3	3	1.9840121359165777	367
2891774	Impatiens capensis Meerb.	Plantae	Magnoliopsida	3	3	3	3	3	3	3	3	3	3	3	3	1.8462089959398533	220
3039269	Elaeagnus angustifolia L.	Plantae	Magnoliopsida	3	3	3	3	3	3	3	3	3	3	3	3	1.7875845256688438	220
8701771	Obama nungara Carbayo, Alvarez-Presas, Jones & Riutort, 2016	Animalia		3	3	3	3	3	3	3	3	3	3	3	3	1.7378295645438189	
2840931	Goodyera repens (L.) R.Br.	Plantae	Liliopsida	3	3	3	3	3	3	3	3	3	3	3	3	1.56668041297514	196
2747939	Crocosmia ×crocosmiiflora (Lemoine) N.E.Br.	Plantae	Liliopsida	3	3	3	3	3	3	3	3	3	3	3	3	1.564886606999215	196
3120692	Artemisia crithmifolia L.	Plantae	Magnoliopsida	3	3	3	3	3	3	3	3	3	3	3	3	1.5600338193603676	220
1579447	Exaireta spinigera (Wiedemann, 1830)	Animalia	Insecta	3	3	3	3	3	3	3	3	3	3	3	3	1.5492843043796931	216
5179027	Scutigera coleoptrata Linnaeus, 1758	Animalia	Chilopoda	3	3	3	3	3	3	3	3	3	3	3	3	1.5368513754358313	360
5341373	Scutellaria altissima L.	Plantae	Magnoliopsida	3	3	3	3	3	3	3	3	3	3	3	3	1.5096704728595338	220
5154481	Stictocephala bisonia Kopp & Yonke, 1977	Animalia	Insecta	3	3	3	3	3	3	3	3	3	3	3	3	1.4883031391382908	216
6027089	Smyrnium perfoliatum L.	Plantae	Magnoliopsida	3	3	3	3	3	3	3	3	3	3	3	3	1.4843044490348736	220
3084022	Phytolacca acinosa Roxb.	Plantae	Magnoliopsida	3	3	3	3	3	3	3	3	3	3	3	3	1.475777260185755	220
2225772	Hemigrapsus sanguineus (De Haan, 1835)	Animalia	Malacostraca	3	3	3	3	3	3	3	3	3	3	3	3	1.4710803158394117	229
5806954	Tarsostenus carus (Newman, 1840)	Animalia	Insecta	3	3	3	3	3	3	3	3	3	3	3	3	1.4679234855738954	216
3047621	Sinapis alba L.	Plantae	Magnoliopsida	3	3	3	3	3	3	3	3	3	3	3	3	1.4364148959858307	220
5384741	Silene coronaria (L.) Clairv.	Plantae	Magnoliopsida	3	3	3	3	3	3	3	3	3	3	3	3	1.4228459061194068	220
3114225	Rudbeckia hirta L.	Plantae	Magnoliopsida	3	3	3	3	3	3	3	3	3	3	3	3	1.4035258112262279	220
5304294	Hyacinthoides ×massartiana Geerinck	Plantae	Liliopsida	3	3	3	3	3	3	3	3	3	3	3	3	1.3920455771568896	196
5415016	Linaria maroccana Hook.fil.	Plantae	Magnoliopsida	3	3	3	3	3	3	3	3	3	3	3	3	1.3898904423764376	220
5341201	Anchusa officinalis L.	Plantae	Magnoliopsida	3	3	3	3	3	3	3	3	3	3	3	3	1.389033799498657	220
5410411	Campanula portenschlagiana Schult.	Plantae	Magnoliopsida	3	3	3	3	3	3	3	3	3	3	3	3	1.3888282381945887	220
3067353	Euphorbia characias L.	Plantae	Magnoliopsida	3	3	3	3	3	3	3	3	3	3	3	3	1.3823713582104096	220
5229205	Eudocimus albus (Linnaeus, 1758)	Animalia	Aves	3	3	3	3	3	3	3	3	3	3	3	3	1.3685846091868819	212
2926110	Borago officinalis L.	Plantae	Magnoliopsida	3	3	3	3	3	3	3	3	3	3	3	3	1.3617365146117328	220
5392859	Echinops bannaticus Rochel ex Schrad.	Plantae	Magnoliopsida	3	3	3	3	3	3	3	3	3	3	3	3	1.3609198988793707	220
3147168	Erigeron karvinskianus DC.	Plantae	Magnoliopsida	3	3	3	3	3	3	3	3	3	3	3	3	1.3562812259807036	220
3033865	Mahonia aquifolium (Pursh) Nutt.	Plantae	Magnoliopsida	3	3	3	3	3	3	3	3	3	3	3	3	1.355193905135135	220
2888740	Centranthus ruber (L.) DC.	Plantae	Magnoliopsida	3	3	3	3	3	3	3	3	3	3	3	3	1.3523788215520351	220
3117449	Erigeron annuus (L.) Pers.	Plantae	Magnoliopsida	3	3	3	3	3	3	3	3	3	3	3	3	1.3417492084981666	220
8427624	Oxalis corniculata L.	Plantae	Magnoliopsida	3	3	3	3	3	3	3	3	3	3	3	3	1.3388989527910677	220
7315063	Pseudofumaria alba (Mill.) Lidén	Plantae	Magnoliopsida	3	3	3	3	3	3	3	3	3	3	3	3	1.329247949434276	220
2747564	Crocus tommasinianus Herb.	Plantae	Liliopsida	3	3	3	3	3	3	3	3	3	3	3	3	1.3276182302327282	196
2891770	Impatiens glandulifera Royle	Plantae	Magnoliopsida	3	3	3	3	3	3	3	3	3	3	3	3	1.3257672065831616	220
5290177	Lagurus ovatus L.	Plantae	Liliopsida	3	3	3	3	3	3	3	3	3	3	3	3	1.3252176336535173	196
2926130	Pentaglottis sempervirens (L.) Tausch ex L.H.Bailey	Plantae	Magnoliopsida	3	3	3	3	3	3	3	3	3	3	3	3	1.3252158326543901	220
4427319	Anthrenus angustefasciatus Ganglbauer, 1904	Animalia	Insecta	3	3	3	3	3	3	3	3	3	3	3	3	1.3241684728499397	216
3172077	Veronica persica Poir.	Plantae	Magnoliopsida	3	3	3	3	3	3	3	3	3	3	3	3	1.3130220115826343	220
3085623	Petrorhagia saxifraga (L.) Link	Plantae	Magnoliopsida	3	3	3	3	3	3	3	3	3	3	3	3	1.312088589164146	220
8200663	Cymbalaria muralis G.Gaertn., B.Mey. & Scherb.	Plantae	Magnoliopsida	3	3	3	3	3	3	3	3	3	3	3	3	1.3040864046470646	220
2439261	Rattus norvegicus (Berkenhout, 1769)	Animalia	Mammalia	3	3	3	3	3	3	3	3	3	3	3	3	1.3030231435311013	359
2705181	Sorghum bicolor (L.) Moench	Plantae	Liliopsida	3	3	3	3	3	3	3	3	3	3	3	3	1.3000021600401825	196
3122924	Pilosella aurantiaca (L.) F.W.Schultz & Sch.Bip.	Plantae	Magnoliopsida	3	3	3	3	3	3	3	3	3	3	3	3	1.2982851779082547	220
3067119	Euphorbia maculata L.	Plantae	Magnoliopsida	3	3	3	3	3	3	3	3	3	3	3	3	1.2957760016249453	220
5350005	Coronilla varia L.	Plantae	Magnoliopsida	3	3	3	3	3	3	3	3	3	3	3	3	1.2957392025800165	220
7332415	Chaenorhinum origanifolium (L.) Fourr.	Plantae	Magnoliopsida	3	3	3	3	3	3	3	3	3	3	3	3	1.2883150386569244	220
3188894	Oenothera glazioviana Micheli	Plantae	Magnoliopsida	3	3	3	3	3	3	3	3	3	3	3	3	1.287259022312938	220
2890122	Geranium pyrenaicum Burm.f.	Plantae	Magnoliopsida	3	3	3	3	3	3	3	3	3	3	3	3	1.2841599279862559	220
3084719	Portulaca oleracea L.	Plantae	Magnoliopsida	3	3	3	3	3	3	3	3	3	3	3	3	1.2835323282824955	220
5365717	Potentilla indica (Andrews) Th.Wolf	Plantae	Magnoliopsida	3	3	3	3	3	3	3	3	3	3	3	3	1.2818263010236233	220
5373324	Lunaria annua L.	Plantae	Magnoliopsida	3	3	3	3	3	3	3	3	3	3	3	3	1.2808159417865892	220
2772666	Hyacinthus orientalis L.	Plantae	Liliopsida	3	3	3	3	3	3	3	3	3	3	3	3	1.2806102794392078	196
5328909	Sagittaria latifolia Willd.	Plantae	Liliopsida	3	3	3	3	3	3	3	3	3	3	3	3	1.2782014491335638	196
5341754	Nicandra physalodes (L.) Gaertn.	Plantae	Magnoliopsida	3	3	3	3	3	3	3	3	3	3	3	3	1.2768537976081773	220
2876049	Corylus maxima Mill.	Plantae	Magnoliopsida	3	3	3	3	3	3	3	3	3	3	3	3	1.2766800559641576	220
5386938	Tragopogon porrifolius L.	Plantae	Magnoliopsida	3	3	3	3	3	3	3	3	3	3	3	3	1.2753731498181242	220
8002952	Ambrosia artemisiifolia L.	Plantae	Magnoliopsida	3	3	3	3	3	3	3	3	3	3	3	3	1.2748028031138123	220
5356517	Lathyrus latifolius L.	Plantae	Magnoliopsida	3	3	3	3	3	3	3	3	3	3	3	3	1.273546102364353	220
2747567	Crocus vernus (L.) Hill	Plantae	Liliopsida	3	3	3	3	3	3	3	3	3	3	3	3	1.273525244355948	196
3085360	Saponaria officinalis L.	Plantae	Magnoliopsida	3	3	3	3	3	3	3	3	3	3	3	3	1.2729245710082098	220
8298495	Galinsoga quadriradiata Ruiz & Pav.	Plantae	Magnoliopsida	3	3	3	3	3	3	3	3	3	3	3	3	1.2722543097718224	220
8012439	Symphoricarpos albus (L.) K.Koch	Plantae	Magnoliopsida	3	3	3	3	3	3	3	3	3	3	3	3	1.2719138672927874	220
5384364	Amaranthus hybridus L.	Plantae	Magnoliopsida	3	3	3	3	3	3	3	3	3	3	3	3	1.270345374322785	220
5408087	Lobelia erinus L.	Plantae	Magnoliopsida	3	3	3	3	3	3	3	3	3	3	3	3	1.2696098950605066	220
9151957	Medicago sativa L.	Plantae	Magnoliopsida	3	3	3	3	3	3	3	3	3	3	3	3	1.2676859322483225	220
7795888	Triticum aestivum L.	Plantae	Liliopsida	3	3	3	3	3	3	3	3	3	3	3	3	1.265845603825595	196
2765272	Tradescantia virginiana L.	Plantae	Liliopsida	3	3	3	3	3	3	3	3	3	3	3	3	1.259484005554583	196
8911082	Amaranthus blitum L.	Plantae	Magnoliopsida	3	3	3	3	3	3	3	3	3	3	3	3	1.257546771405862	220
5352251	Robinia pseudoacacia L.	Plantae	Magnoliopsida	3	3	3	3	3	3	3	3	3	3	3	3	1.2563702209470426	220
7820753	Magallana gigas (Thunberg, 1793)	Animalia	Bivalvia	3	3	3	3	3	3	3	3	3	3	3	3	1.254905023191108	137
3053522	Berteroa incana (L.) DC.	Plantae	Magnoliopsida	3	3	3	3	3	3	3	3	3	3	3	3	1.252319140982121	220
2227300	Procambarus clarkii (Girard, 1852)	Animalia	Malacostraca	3	3	3	3	3	3	3	3	3	3	3	3	1.248222645688271	229
2706056	Hordeum vulgare L.	Plantae	Liliopsida	3	3	3	3	3	3	3	3	3	3	3	3	1.2480275026471754	196
2495414	Columba livia J.F.Gmelin, 1789	Animalia	Aves	3	3	3	3	3	3	3	3	3	3	3	3	1.2436163650463723	212
5392174	Bidens frondosa L.	Plantae	Magnoliopsida	3	3	3	3	3	3	3	3	3	3	3	3	1.2402712103379003	220
4933624	Inula racemosa Hook.fil.	Plantae	Magnoliopsida	3	3	3	3	3	3	3	3	3	3	3	3	1.2370372050413554	220
4382841	Hemigrapsus takanoi Asakura & Watanabe, 2005	Animalia	Malacostraca	3	3	3	3	3	3	3	3	3	3	3	3	1.2363452799184849	229
3066965	Euphorbia lathyris L.	Plantae	Magnoliopsida	3	3	3	3	3	3	3	3	3	3	3	3	1.2338810622267344	220
3048203	Erysimum cheiri (L.) Crantz	Plantae	Magnoliopsida	3	3	3	3	3	3	3	3	3	3	3	3	1.2319041812788225	220
3084015	Phytolacca americana L.	Plantae	Magnoliopsida	3	3	3	3	3	3	3	3	3	3	3	3	1.2316585399303956	220
5389017	Solidago gigantea Aiton	Plantae	Magnoliopsida	3	3	3	3	3	3	3	3	3	3	3	3	1.2279075676974822	220
2975667	Galega officinalis L.	Plantae	Magnoliopsida	3	3	3	3	3	3	3	3	3	3	3	3	1.2263138386750279	220
2964355	Lupinus polyphyllus Lindl.	Plantae	Magnoliopsida	3	3	3	3	3	3	3	3	3	3	3	3	1.226004451892316	220
2716226	Cyperus esculentus L.	Plantae	Liliopsida	3	3	3	3	3	3	3	3	3	3	3	3	1.2236279420140408	196
3172615	Catalpa bignonioides Walter	Plantae	Magnoliopsida	3	3	3	3	3	3	3	3	3	3	3	3	1.2232772058782302	220
3169708	Vinca major L.	Plantae	Magnoliopsida	3	3	3	3	3	3	3	3	3	3	3	3	1.2230087040118496	220
5281901	Campylopus introflexus (Hedw.) Brid.	Plantae	Bryopsida	3	3	3	3	3	3	3	3	3	3	3	3	1.2212709262597259	327
2890502	Geranium endressii J.Gay	Plantae	Magnoliopsida	3	3	3	3	3	3	3	3	3	3	3	3	1.2207971243333047	220
2715482	Cyperus eragrostis Lam.	Plantae	Liliopsida	3	3	3	3	3	3	3	3	3	3	3	3	1.2204092565810243	196
3021922	Prunus cerasus L.	Plantae	Magnoliopsida	3	3	3	3	3	3	3	3	3	3	3	3	1.2181740877012455	220
5289693	Setaria pumila (Poir.) Roem. & Schult.	Plantae	Liliopsida	3	3	3	3	3	3	3	3	3	3	3	3	1.2170448527574937	196
5289913	Polypogon maritimus Willd.	Plantae	Liliopsida	3	3	3	3	3	3	3	3	3	3	3	3	1.215376891731209	196
3190653	Ailanthus altissima (Mill.) Swingle	Plantae	Magnoliopsida	3	3	3	3	3	3	3	3	3	3	3	3	1.2151621425350172	220
2928751	Datura stramonium L.	Plantae	Magnoliopsida	3	3	3	3	3	3	3	3	3	3	3	3	1.2132052759455125	220
4201607	Phedimus spurius (M.Bieb.) 't Hart	Plantae	Magnoliopsida	3	3	3	3	3	3	3	3	3	3	3	3	1.2112167492352433	220
5330661	Arum italicum Mill.	Plantae	Liliopsida	3	3	3	3	3	3	3	3	3	3	3	3	1.2108684861409746	196
3981543	Berberis julianae C.K.Schneid.	Plantae	Magnoliopsida	3	3	3	3	3	3	3	3	3	3	3	3	1.207804095189137	220
5377060	Lepidium didymum L.	Plantae	Magnoliopsida	3	3	3	3	3	3	3	3	3	3	3	3	1.2029259021105458	220
7733140	Bellardia viscosa (L.) Fisch. & C.A.Mey.	Plantae	Magnoliopsida	3	3	3	3	3	3	3	3	3	3	3	3	1.2016289745727904	220
7466434	Pastinaca sativa subsp. urens (Req. ex Godr.) Celak.	Plantae	Magnoliopsida	3	3	3	3	3	3	3	3	3	3	3	3	1.2010821039200053	220
2705185	Sorghum halepense (L.) Pers.	Plantae	Liliopsida	3	3	3	3	3	3	3	3	3	3	3	3	1.19986439171848	196
3690997	Cardamine occulta Hornem.	Plantae	Magnoliopsida	3	3	3	3	3	3	3	3	3	3	3	3	1.1995988676654032	220
3602683	Papaver cambricum L.	Plantae	Magnoliopsida	3	3	3	3	3	3	3	3	3	3	3	3	1.199272171646844	220
3172118	Veronica longifolia L.	Plantae	Magnoliopsida	3	3	3	3	3	3	3	3	3	3	3	3	1.1968131538533155	220
3032698	Tellima grandiflora (Pursh) Douglas ex Lindl.	Plantae	Magnoliopsida	3	3	3	3	3	3	3	3	3	3	3	3	1.1953796504804768	220
8909595	Faxonius limosus (Rafinesque, 1817)	Animalia	Malacostraca	3	3	3	3	3	3	3	3	3	3	3	3	1.1946215170283745	229
3082244	Cornus sericea L.	Plantae	Magnoliopsida	3	3	3	3	3	3	3	3	3	3	3	3	1.1935613240654535	220
2498344	Cygnus atratus (Latham, 1790)	Animalia	Aves	3	3	3	3	3	3	3	3	3	3	3	3	1.1897394638057017	212
9823072	Oxalis stricta L.	Plantae	Magnoliopsida	3	3	3	3	3	3	3	3	3	3	3	3	1.1861651342276944	220
3033227	Eranthis hyemalis (L.) Salisb.	Plantae	Magnoliopsida	3	3	3	3	3	3	3	3	3	3	3	3	1.1859890839532514	220
7678610	Raphanus sativus L.	Plantae	Magnoliopsida	3	3	3	3	3	3	3	3	3	3	3	3	1.1841571019823607	220
2925514	Verbena bonariensis L.	Plantae	Magnoliopsida	3	3	3	3	3	3	3	3	3	3	3	3	1.1840321806989516	220
5289972	Digitaria sanguinalis (L.) Scop.	Plantae	Liliopsida	3	3	3	3	3	3	3	3	3	3	3	3	1.182261733431343	196
8170635	Spiraea japonica L.fil.	Plantae	Magnoliopsida	3	3	3	3	3	3	3	3	3	3	3	3	1.1808696837816903	220
1718308	Acheta domesticus (Linnaeus, 1758)	Animalia	Insecta	3	3	3	3	3	3	3	3	3	3	3	3	1.1792666300524541	216
7346102	Erythranthe guttata (DC.) G.L.Nesom	Plantae	Magnoliopsida	3	3	3	3	3	3	3	3	3	3	3	3	1.1785505239130525	220
2702808	Echinochloa crus-galli (L.) P.Beauv.	Plantae	Liliopsida	3	3	3	3	3	3	3	3	3	3	3	3	1.1765695168059562	196
2781074	Hemerocallis fulva (L.) L.	Plantae	Liliopsida	3	3	3	3	3	3	3	3	3	3	3	3	1.1717183243882954	196
4264680	Myocastor coypus (Molina, 1782)	Animalia	Mammalia	3	3	3	3	3	3	3	3	3	3	3	3	1.1712449214199079	359
2394486	Lepomis gibbosus (Linnaeus, 1758)	Animalia		3	3	3	3	3	3	3	3	3	3	3	3	1.1702673999115292	
2705290	Avena sativa L.	Plantae	Liliopsida	3	3	3	3	3	3	3	3	3	3	3	3	1.1681514825819963	196
6096602	Lophocolea semiteres (Lehm.) Mitt.	Plantae	Jungermanniopsida	3	3	3	3	3	3	3	3	3	3	3	3	1.167069397814701	126
3172104	Veronica peregrina L.	Plantae	Magnoliopsida	3	3	3	3	3	3	3	3	3	3	3	3	1.164124918580414	220
2971095	Melilotus albus Medik.	Plantae	Magnoliopsida	3	3	3	3	3	3	3	3	3	3	3	3	1.1616649195861266	220
2479226	Psittacula krameri (Scopoli, 1769)	Animalia	Aves	3	3	3	3	3	3	3	3	3	3	3	3	1.1599521227729261	212
3012089	Sorbaria sorbifolia (L.) A.Braun	Plantae	Magnoliopsida	3	3	3	3	3	3	3	3	3	3	3	3	1.1588519090158014	220
5530881	Corydalis cava (L.) Schweigg. & Körte	Plantae	Magnoliopsida	3	3	3	3	3	3	3	3	3	3	3	3	1.1586724633358096	220
5930559	Ilex ×altaclerensis (Loudon) Dallim.	Plantae	Magnoliopsida	3	3	3	3	3	3	3	3	3	3	3	3	1.157168302005624	220
7802465	Nymphaea ×marliacea Lat.-Marl.	Plantae	Magnoliopsida	3	3	3	3	3	3	3	3	3	3	3	3	1.1528546686137942	220
3189762	Plantago arenaria Waldst. & Kit.	Plantae	Magnoliopsida	3	3	3	3	3	3	3	3	3	3	3	3	1.1509590127721545	220
3169137	Euonymus fortunei (Turcz.) Hand.-Mazz.	Plantae	Magnoliopsida	3	3	3	3	3	3	3	3	3	3	3	3	1.149408922905765	220
2766030	Pontederia cordata L.	Plantae	Liliopsida	3	3	3	3	3	3	3	3	3	3	3	3	1.1485708926409215	196
7903057	Brassica rapa L.	Plantae	Magnoliopsida	3	3	3	3	3	3	3	3	3	3	3	3	1.1480061020394	220
3033896	Berberis thunbergii DC.	Plantae	Magnoliopsida	3	3	3	3	3	3	3	3	3	3	3	3	1.1458624346229986	220
6109637	Cynodon dactylon (L.) Pers.	Plantae	Liliopsida	3	3	3	3	3	3	3	3	3	3	3	3	1.1442471266390484	196
2436940	Oryctolagus cuniculus (Linnaeus, 1758)	Animalia	Mammalia	3	3	3	3	3	3	3	3	3	3	3	3	1.143123612753355	359
5333294	Castanea sativa Mill.	Plantae	Magnoliopsida	3	3	3	3	3	3	3	3	3	3	3	3	1.142859848564954	220
3109086	Senecio inaequidens DC.	Plantae	Magnoliopsida	3	3	3	3	3	3	3	3	3	3	3	3	1.139581755333819	220
8190231	Corbicula fluminea (O.F.Müller, 1774)	Animalia	Bivalvia	3	3	3	3	3	3	3	3	3	3	3	3	1.1391137315127173	137
3173338	Buddleja davidii Franch.	Plantae	Magnoliopsida	3	3	3	3	3	3	3	3	3	3	3	3	1.1346302145969371	220
3146791	Erigeron canadensis L.	Plantae	Magnoliopsida	3	3	3	3	3	3	3	3	3	3	3	3	1.1345731257865597	220
3021496	Prunus laurocerasus L.	Plantae	Magnoliopsida	3	3	3	3	3	3	3	3	3	3	3	3	1.1339625546811285	220
2703760	Bromus diandrus Roth	Plantae	Liliopsida	3	3	3	3	3	3	3	3	3	3	3	3	1.1321985182117533	196
1031684	Lepinotus patruelis Pearman, 1931	Animalia	Insecta	3	3	3	3	3	3	3	3	3	3	3	3	1.1318259882386794	216
2888625	Viburnum rhytidophyllum Hemsl. ex Forbes & Hemsl.	Plantae	Magnoliopsida	3	3	3	3	3	3	3	3	3	3	3	3	1.1316835738833841	220
2705090	Panicum miliaceum L.	Plantae	Liliopsida	3	3	3	3	3	3	3	3	3	3	3	3	1.1306153610776575	196
7327990	Rhododendron ponticum L.	Plantae	Magnoliopsida	3	3	3	3	3	3	3	3	3	3	3	3	1.1294248943394667	220
2873861	Linum usitatissimum L.	Plantae	Magnoliopsida	3	3	3	3	3	3	3	3	3	3	3	3	1.1267953339925232	220
3146683	Erigeron sumatrensis Retz.	Plantae	Magnoliopsida	3	3	3	3	3	3	3	3	3	3	3	3	1.1251359344969718	220
8848208	Koenigia polystachya (Wall. ex Meisn.) T.M.Schust. & Reveal	Plantae	Magnoliopsida	3	3	3	3	3	3	3	3	3	3	3	3	1.1247499371859502	220
5298069	Iris ×germanica L.	Plantae	Liliopsida	3	3	3	3	3	3	3	3	3	3	3	3	1.1223518558269245	196
3103791	Matricaria discoidea DC.	Plantae	Magnoliopsida	3	3	3	3	3	3	3	3	3	3	3	3	1.1174154964911656	220
3034825	Heracleum mantegazzianum Sommier & Levier	Plantae	Magnoliopsida	3	3	3	3	3	3	3	3	3	3	3	3	1.117303505370875	220
2426661	Pelophylax ridibundus (Pallas, 1771)	Animalia	Amphibia	3	3	3	3	3	3	3	3	3	3	3	3	1.1109076066663033	131
5289919	Polypogon viridis (Gouan) Breistr.	Plantae	Liliopsida	3	3	3	3	3	3	3	3	3	3	3	3	1.1102059478420712	196
5289917	Polypogon monspeliensis (L.) Desf.	Plantae	Liliopsida	3	3	3	3	3	3	3	3	3	3	3	3	1.107668647983172	196
2701986	Juncus canadensis J.Gay ex Laharpe	Plantae	Liliopsida	3	3	3	3	3	3	3	3	3	3	3	3	1.1052494832606758	196
2772174	Muscari armeniacum Leichtlin ex Baker	Plantae	Liliopsida	3	3	3	3	3	3	3	3	3	3	3	3	1.0986937030057038	196
6109534	Amaranthus retroflexus L.	Plantae	Magnoliopsida	3	3	3	3	3	3	3	3	3	3	3	3	1.097589712301256	220
5284237	Cryptomeria japonica (Thunb. ex L.f.) D.Don	Plantae	Pinopsida	3	3	3	3	3	3	3	3	3	3	3	3	1.0962583670577373	194
2702084	Juncus tenuis Willd.	Plantae	Liliopsida	3	3	3	3	3	3	3	3	3	3	3	3	1.0932444547348004	196
5371450	Kerria japonica (L.) DC.	Plantae	Magnoliopsida	3	3	3	3	3	3	3	3	3	3	3	3	1.0909674739107973	220
5156102	Leptoglossus occidentalis Heidemann, 1910	Animalia	Insecta	3	3	3	3	3	3	3	3	3	3	3	3	1.0907067515412694	216
2930137	Solanum lycopersicum L.	Plantae	Magnoliopsida	3	3	3	3	3	3	3	3	3	3	3	3	1.0884847889646856	220
2677047	Orthodontium lineare Schwägr.	Plantae	Bryopsida	3	3	3	3	3	3	3	3	3	3	3	3	1.0782227590811744	327
2703721	Bromus madritensis L.	Plantae	Liliopsida	3	3	3	3	3	3	3	3	3	3	3	3	1.077267066752962	196
5289684	Setaria viridis (L.) P.Beauv.	Plantae	Liliopsida	3	3	3	3	3	3	3	3	3	3	3	3	1.0728250896447664	196
3114643	Carduus acanthoides L.	Plantae	Magnoliopsida	3	3	3	3	3	3	3	3	3	3	3	3	1.0640766209236883	220
2890541	Geranium purpureum Vill.	Plantae	Magnoliopsida	3	3	3	3	3	3	3	3	3	3	3	3	1.0629069281754437	220
3021850	Prunus serotina Ehrh.	Plantae	Magnoliopsida	3	3	3	3	3	3	3	3	3	3	3	3	1.0618103021312015	220
2473477	Syrmaticus reevesii (J.E.Gray, 1829)	Animalia	Aves	3	3	3	3	3	3	3	3	3	3	3	3	1.0597150110405373	212
2479407	Myiopsitta monachus (Boddaert, 1783)	Animalia	Aves	3	3	3	3	3	3	3	3	3	3	3	3	1.0589174824891925	212
2226990	Pacifastacus leniusculus (Dana, 1852)	Animalia	Malacostraca	3	3	3	3	3	3	3	3	3	3	3	3	1.0450155145454016	229
2685361	Abies grandis (Douglas ex D.Don) Lindl.	Plantae	Pinopsida	3	3	3	3	3	3	3	3	3	3	3	3	1.0435292031200951	194
2498035	Anser indicus (Latham, 1790)	Animalia	Aves	3	3	3	3	3	3	3	3	3	3	3	3	1.036847123185732	212
3036892	Aralia elata (Miq.) Seem.	Plantae	Magnoliopsida	3	3	3	3	3	3	3	3	3	3	3	3	1.0340209323231142	220
1017419	Oxidus gracilis (C.L.Koch, 1847)	Animalia	Diplopoda	3	3	3	3	3	3	3	3	3	3	3	3		361
4485843	Halyomorpha halys (Stål, 1855)	Animalia	Insecta	3	3	3	3	3	3	3	3	3	3	3	3		216
4487370	Tropidosteptes pacificus (Van Duzee, 1921)	Animalia	Insecta	3	3	3	3	3	3	3	3	3	3	3	3		216
5551241	Iberis sempervirens L.	Plantae	Magnoliopsida	3	3	3	3	3	3	3	3	2	3	3	3	1.1453522859515972	220
3064056	Euphorbia palustris L.	Plantae	Magnoliopsida	3	3	3	3	3	3	3	3	2	3	3	3	1.1452684034326068	220
5220170	Rupicapra rupicapra (Linnaeus, 1758)	Animalia	Mammalia	3	3	3	3	3	3	3	3	2	2	2	2		359
3188830	Oenothera stricta Link	Plantae	Magnoliopsida	3	3	3	3	3	3	3	3	1	3	2	3	1.4222932246440618	220
1095946	Reesa vespulae (Milliron, 1939)	Animalia	Insecta	3	3	3	3	3	3	3	3	1	1	1	1		216
2225776	Eriocheir sinensis H.Milne Edwards, 1853	Animalia	Malacostraca	3	3	3	3	3	3	3	2	3	3	3	2	0.9959830003702397	229
6109535	Trifolium hybridum L.	Plantae	Magnoliopsida	3	3	3	3	3	3	1	3	3	3	1	3	1.0708815056355463	220
5373124	Malcolmia maritima (L.) W.T.Aiton	Plantae	Magnoliopsida	3	3	3	3	3	3	1	1	1	1	3	3		220
4562529	Morlina glabra (Rossmässler, 1835)	Animalia	Gastropoda	3	3	3	3	3	2	3	3	3	3	3	3		225
5354707	Cytisus striatus (Hill) Rothm.	Plantae	Magnoliopsida	3	3	3	3	3	2	3	3	3	2	3	3	1.0315928300952062	220
2928026	Nemophila menziesii Hook. & Arn.	Plantae	Magnoliopsida	3	3	3	3	3	2	3	3	2	2	3	3	1.2472894294645736	220
2651826	Adiantum raddianum C.Presl	Plantae	Polypodiopsida	3	3	3	3	3	2	3	3	1	1	3	3	1.1813878087208636	7228684
8537667	Chondrilla juncea L.	Plantae	Magnoliopsida	3	3	3	3	2	3	3	3	3	3	3	3	1.1419948548801346	220
5371702	Nigella damascena L.	Plantae	Magnoliopsida	3	3	3	3	2	3	3	3	2	3	3	3	1.2477837008298986	220
2928859	Petunia ×atkinsiana D.Don ex Loudon	Plantae	Magnoliopsida	3	3	3	3	2	3	3	3	2	3	3	3	1.1461950331252906	220
3170040	Gentiana lutea L.	Plantae	Magnoliopsida	3	3	3	3	2	3	3	3	2	3	3	3	1.0824764944003369	220
2227289	Procambarus acutus (Girard, 1852)	Animalia	Malacostraca	3	3	3	3	2	2	3	3	2	2	3	3	1.4900956894029975	229
8699607	Mycosarcoma maydis (DC.) Bref.	Fungi	Ustilaginomycetes	3	3	3	3	2	2	3	3	2	2	3	3	1.0930548206734132	148
3642531	Chaerophyllum aureum L.	Plantae	Magnoliopsida	3	3	3	3	2	2	3	3	2	2	2	2		220
3069460	Euphorbia oblongata Griseb.	Plantae	Magnoliopsida	3	3	3	3	2	2	3	3	1	1	3	3	1.1521977811693578	220
6159223	Lacerta agilis Linnaeus, 1758	Animalia	Squamata	3	3	3	3	2	2	3	3	1	1	1	1		11592253
2856780	Allium cristophii Trautv.	Plantae	Liliopsida	3	3	3	3	2	2	3	2	2	2	2	2		196
3189882	Acer palmatum Thunb.	Plantae	Magnoliopsida	3	3	3	3	2	2	2	3	1	1	1	3	1.0354081563723967	220
2720120	Scirpus atrovirens Willd.	Plantae	Liliopsida	3	3	3	3	2	2	2	2	3	3	3	3		196
4486243	Oxycarenus lavaterae (Fabricius, 1787)	Animalia	Insecta	3	3	3	3	2	1	3	3	3	3	3	2	1.229392409636816	216
3189073	Epilobium brachycarpum C.Presl	Plantae	Magnoliopsida	3	3	3	3	2	1	3	3	3	2	3	3	1.1702045317657435	220
2888814	Dipsacus laciniatus L.	Plantae	Magnoliopsida	3	3	3	3	1	3	3	3	3	3	3	3	1.2270174366495454	220
4559541	Sinanodonta woodiana (I.Lea, 1834)	Animalia	Bivalvia	3	3	3	3	1	3	3	3	3	3	3	3	1.072764553177198	137
5185431	Aurelia coerulea von Lendenfeld, 1884	Animalia	Scyphozoa	3	3	3	3	1	3	3	3	3	3	3	3		352
6476679	Caenoplana variegata (Fletcher & Hamilton, 1888)	Animalia		3	3	3	3	1	3	3	3	1	3	3	3	1.6310222521711686	
3040185	Populus ×canescens (Aiton) Sm.	Plantae	Magnoliopsida	3	3	3	3	1	3	3	3	1	3	3	3	1.0495431767287755	220
3069053	Euphorbia verrucosa L.	Plantae	Magnoliopsida	3	3	3	3	1	3	2	3	2	3	2	3	1.219446517717795	220
5371753	Visnaga daucoides Gaertn.	Plantae	Magnoliopsida	3	3	3	3	1	1	3	3	3	3	3	3	1.4020561539135892	220
3064221	Euphorbia serpens Kunth	Plantae	Magnoliopsida	3	3	3	3	1	1	3	3	2	2	3	3	1.1775031764704915	220
2974811	Vicia pannonica Crantz	Plantae	Magnoliopsida	3	3	3	3	1	1	3	3	1	1	3	3	2.0265490378201365	220
2888806	Scabiosa ochroleuca L.	Plantae	Magnoliopsida	3	3	3	3	1	1	3	3	1	1	3	3	1.5882459430797184	220
3172549	Campsis radicans (L.) Bureau	Plantae	Magnoliopsida	3	3	3	3	1	1	3	3	1	1	3	3	1.3784515111549012	220
2095283	Pseudococcus longispinus (Targioni Tozzetti, 1867)	Animalia	Insecta	3	3	3	3	1	1	3	3	1	1	3	3		216
5371700	Nigella sativa L.	Plantae	Magnoliopsida	3	3	3	3	1	1	3	3	1	1	1	1		220
10801424	Salvia yangii B.T.Drew	Plantae	Magnoliopsida	3	3	3	3	1	1	2	2	1	1	3	3		220
1031742	Dorypteryx domestica (Smithers, 1958)	Animalia	Insecta	3	3	3	3	1	1	2	2	1	1	2	2		216
2537743	Lentinula edodes (Berk.) Pegler	Fungi	Agaricomycetes	3	3	3	3	1	1	2	2	1	1	2	2		186
7461690	Phragmidium mexicanum (Mains) H.Y.Yun, Minnis & Aime	Fungi	Pucciniomycetes	3	3	3	3	1	1	2	2	1	1	2	2		270
1411953	Carausius morosus Brunner von Wattenwyl, 1907	Animalia	Insecta	3	3	3	3	1	1	1	1	3	3	3	3		216
5375012	Arabis procurrens Waldst. & Kit.	Plantae	Magnoliopsida	3	3	3	3	1	1	1	1	1	1	2	2		220
3814157	Eudianthe coeli-rosa (L.) Fenzl ex Endl.	Plantae	Magnoliopsida	3	3	3	3	1	1	1	1	1	1	2	1		220
2320810	Boccardia proboscidea Hartman, 1940	Animalia	Polychaeta	3	3	3	3	1	1	1	1	1	1	1	1		256
2971024	Melilotus officinalis (L.) Pallas	Plantae	Magnoliopsida	3	3	3	3	1	1	1	1	1	1	1	1		220
2994229	Rubus nutkanus Moc. ex Ser.	Plantae	Magnoliopsida	3	3	3	3	1	1	1	1	1	1	1	1		220
5415453	Acanthus spinosus L.	Plantae	Magnoliopsida	3	3	3	3	1	1	1	1	1	1	1	1		220
8052025	Dicyphus escalerae Lindberg, 1934	Animalia	Insecta	3	3	3	3	1	1	1	1	1	1	1	1		216
8740315	Marionfyfea adventor Jones & Sluys, 2016	Animalia		3	3	3	3	1	1	1	1	1	1	1	1		
3170823	Paulownia tomentosa (Thunb.) Steud.	Plantae	Magnoliopsida	3	3	3	2	3	3	3	2	3	3	3	2	1.2263722400383952	220
2984366	Soleirolia soleirolii (Req.) Dandy	Plantae	Magnoliopsida	3	3	3	2	3	3	3	2	3	3	3	2	1.1883979848432877	220
3190538	Rhus typhina L.	Plantae	Magnoliopsida	3	3	3	2	3	3	3	2	3	3	3	2	1.0824354912910081	220
3171304	Mazus pumilus (Burm.fil.) Steenis	Plantae	Magnoliopsida	3	3	3	2	1	3	3	3	1	1	1	1		220
2927174	Mentha requienii Benth.	Plantae	Magnoliopsida	3	3	3	2	1	1	3	2	1	1	3	2		220
4086523	Verbena incompta P.W.Michael	Plantae	Magnoliopsida	3	3	3	2	1	1	3	2	1	1	2	3		220
7636833	Syringa josikaea J.Jacq. ex Rchb.	Plantae	Magnoliopsida	3	3	3	2	1	1	3	2	1	1	1	1		220
5415463	Thunbergia alata Bojer ex Sims	Plantae	Magnoliopsida	3	3	3	2	1	1	1	1	1	1	1	1		220
5218786	Procyon lotor (Linnaeus, 1758)	Animalia	Mammalia	3	3	3	1	3	3	3	3	3	3	3	3	1.040753778930809	359
2855860	Allium schoenoprasum L.	Plantae	Liliopsida	3	3	3	1	3	3	3	3	3	3	3	3	1.0322060718844184	196
7763534	Lauritrioza alacris (Flor, 1861)	Animalia	Insecta	3	3	3	1	3	3	3	3	1	1	3	3	1.019728420155873	216
2435035	Felis catus Linnaeus, 1758	Animalia	Mammalia	3	3	3	1	3	3	3	1	3	3	3	3	0.9968648719064099	359
9305555	Spatula versicolor (Vieillot, 1816)	Animalia	Aves	3	3	3	1	3	3	3	1	3	3	3	3	0.9713176966112911	212
3152521	Althaea hirsuta L.	Plantae	Magnoliopsida	3	3	3	1	3	3	3	1	3	3	3	1	0.9889004944592558	220
2498161	Anser rossii Cassin, 1861	Animalia	Aves	3	3	3	1	3	3	3	1	3	3	3	1	0.7852071032592447	212
2865565	Lagarosiphon major (Ridl.) Moss	Plantae	Liliopsida	3	3	3	1	3	3	3	1	3	3	1	1	0.8487730478896869	196
2856920	Allium hollandicum R.M.Fritsch	Plantae	Liliopsida	3	3	3	1	3	3	2	1	1	1	2	3	1.0037532565872989	196
5384931	Houttuynia cordata Thunb.	Plantae	Magnoliopsida	3	3	3	1	2	2	3	3	3	3	3	3	1.1031862391398544	220
2753146	Lilium martagon L.	Plantae	Liliopsida	3	3	3	1	2	2	3	1	3	3	3	1	0.9707433732095243	196
3039267	Elaeagnus umbellata Thunb.	Plantae	Magnoliopsida	3	3	3	1	1	3	3	1	1	3	3	1	0.9893965796256513	220
1626096	Ceratitis capitata (Wiedemann, 1824)	Animalia	Insecta	3	3	3	1	1	1	3	1	1	1	3	3	0.9359154222755955	216
2926572	Physostegia virginiana (L.) Benth.	Plantae	Magnoliopsida	3	3	3	1	1	1	1	1	1	1	1	1	0.9516150904316985	220
5406789	Alcea rosea L.	Plantae	Magnoliopsida	3	3	3	0	3	3	3	0	3	3	3	2	0.8913713214518412	220
4565039	Hygromia cinctella (Draparnaud, 1801)	Animalia	Gastropoda	3	3	3	0	3	3	3	0	3	3	3	0	0.865768477505112	225
4067281	Symphytum ×hidcotense P.D.Sell	Plantae	Magnoliopsida	3	3	3	0	3	3	3	0	3	3	3	0	0.7879977206418055	220
3172291	Ligustrum ovalifolium Hassk.	Plantae	Magnoliopsida	3	3	2	3	3	3	3	3	3	3	2	3	1.1584889340008149	220
5371709	Adonis annua L.	Plantae	Magnoliopsida	3	3	2	3	3	3	3	3	1	1	1	1		220
5403272	Crepis pulchra L.	Plantae	Magnoliopsida	3	3	2	3	3	3	2	3	1	1	1	3	1.155311548790904	220
2888797	Cephalaria gigantea (Ledeb.) Bobrov	Plantae	Magnoliopsida	3	3	2	3	2	3	2	3	1	1	2	3	1.2790013254321224	220
2077985	Impatientinum asiaticum Nevsky, 1929	Animalia	Insecta	3	3	2	3	1	1	2	3	1	1	1	1		216
8358048	Potentilla recta subsp. obscura (Willd.) Arcang.	Plantae	Magnoliopsida	3	3	2	3	1	1	1	3	1	1	1	3	1.165786074974965	220
2716838	Eleocharis engelmannii Steud.	Plantae	Liliopsida	3	3	2	3	1	1	1	3	1	1	1	3	1.1629086529727108	196
3032653	Heuchera sanguinea Engelm.	Plantae	Magnoliopsida	3	3	2	3	1	1	1	1	2	2	2	2		220
3693541	Odontarrhena muralis (Waldst. & Kit.) Endl.	Plantae	Magnoliopsida	3	3	2	3	1	1	1	1	1	1	1	1		220
9376410	Delosperma cooperi (Hook.fil.) L.Bolus	Plantae	Magnoliopsida	3	3	2	2	3	3	3	3	1	1	1	1		220
2927000	Salvia sclarea L.	Plantae	Magnoliopsida	3	3	2	2	3	3	2	2	1	1	2	2		220
2869597	Sauromatum venosum (Dryand. ex Aiton) Kunth	Plantae	Liliopsida	3	3	2	2	3	3	1	1	1	1	1	1		196
5420978	Clarkia amoena (Lehm.) A.Nelson & J.F.Macbr.	Plantae	Magnoliopsida	3	3	2	2	3	2	2	2	1	1	2	2		220
2767428	Puschkinia scilloides Adams	Plantae	Liliopsida	3	3	2	2	2	2	3	3	3	3	3	3		196
3741446	Erinus alpinus L.	Plantae	Magnoliopsida	3	3	2	2	2	2	1	1	2	2	2	2		220
3150935	Echinacea purpurea (L.) Moench	Plantae	Magnoliopsida	3	3	2	2	1	1	2	2	1	1	1	1		220
9382645	Rosa virginiana Herrm.	Plantae	Magnoliopsida	3	3	2	2	1	1	1	1	1	1	1	1		220
5328593	Aponogeton distachyos L.f.	Plantae	Liliopsida	3	3	1	3	3	3	3	3	3	3	3	3	1.3108273491421463	196
5371746	Anthriscus cerefolium (L.) Hoffm.	Plantae	Magnoliopsida	3	3	1	3	3	3	1	3	3	3	1	3	1.2423927759497042	220
5362004	Sedum sarmentosum Bunge	Plantae	Magnoliopsida	3	3	1	3	3	3	1	3	3	3	1	3	1.121390421858962	220
2227663	Rhithropanopeus harrisii (Gould, 1841)	Animalia	Malacostraca	3	3	1	3	3	3	1	3	3	3	1	3	1.0701300381053822	229
2992543	Rubus laciniatus Willd.	Plantae	Magnoliopsida	3	3	1	3	3	3	1	3	3	3	1	3	1.0423620725504443	220
7844167	Colutea arborescens L.	Plantae	Magnoliopsida	3	3	1	3	1	3	1	3	1	3	1	3	1.1420860713780392	220
2498402	Dendrocygna bicolor (Vieillot, 1816)	Animalia	Aves	3	3	1	1	3	3	1	3	3	3	3	3	1.0113738160007573	212
5298126	Iris sibirica L.	Plantae	Liliopsida	3	3	1	1	3	3	1	1	3	3	3	3	1.0008439496911874	196
4048240	Elaeagnus ×submacrophylla Servett.	Plantae	Magnoliopsida	3	3	1	1	3	3	1	1	3	3	1	1	0.9798132593760325	220
2775619	Yucca gloriosa L.	Plantae	Liliopsida	3	3	1	1	3	3	1	1	3	3	1	1	0.975337388204544	196
2362030	Ctenopharyngodon idella (Valenciennes, 1844)	Animalia		3	3	1	1	3	3	1	1	3	3	1	1	0.9321931324012853	
4270548	Hordeum murinum subsp. leporinum (Link) Arcang.	Plantae	Liliopsida	3	3	1	1	3	2	1	1	1	3	1	1	0.5565593371551913	196
4123394	Festuca guestfalica subsp. hirtula (Hack. ex Travis) Dengler	Plantae	Liliopsida	3	3	1	1	2	2	1	1	1	1	1	1	0.7884506029679088	196
3190411	Ptelea trifoliata L.	Plantae	Magnoliopsida	3	3	1	1	1	1	1	1	3	3	1	1	1.0025467405096078	220
3172266	Jasminum nudiflorum Lindl.	Plantae	Magnoliopsida	3	3	1	1	1	1	1	1	3	3	1	1	0.954278952354221	220
2211599	Ianiropsis serricaudis Gurjanova, 1936	Animalia	Malacostraca	3	3	1	1	1	1	1	1	1	1	1	2		229
4939668	Kitaibela vitifolia Willd.	Plantae	Magnoliopsida	3	3	1	1	1	1	1	1	1	1	1	1	0.8681803862198878	220
6098843	Ctenolepisma longicaudatum Escherich, 1905	Animalia	Insecta	3	3	1	0	3	3	3	2	3	3	3	2	1.1506521625194788	216
9177060	Allium scorodoprasum L.	Plantae	Liliopsida	3	3	0	3	3	3	0	3	3	3	0	3	1.0170022004783679	196
2704523	Cortaderia selloana (Schult. & Schult.f.) Asch. & Graebn.	Plantae	Liliopsida	3	3	0	1	3	3	0	1	3	3	0	1	0.9564360258254722	196
8323485	Haemorhous mexicanus (P.L.Statius Müller, 1776)	Animalia	Aves	3	3	0	1	3	2	0	1	3	2	0	1	0.6548071726369821	212
2297108	Milax gagates (Draparnaud, 1801)	Animalia	Gastropoda	3	3	0	0	3	2	0	0	2	2	0	0	0.45097128901283806	225
2000204	Periplaneta australasiae (Fabricius, 1775)	Animalia	Insecta	3	2	3	3	3	3	3	3	3	3	3	3	1.3490079272631346	216
2169430	Macaroeris nidicolens (Walckenaer, 1802)	Animalia	Arachnida	3	2	3	3	3	3	3	3	3	3	2	1		367
9442269	Procambarus virginalis Lyko, 2017	Animalia	Malacostraca	3	2	3	3	3	3	3	3	1	1	1	1		229
7443846	Dipsacus strigosus Willd.	Plantae	Magnoliopsida	3	2	3	3	2	2	2	3	2	2	3	3	1.2272301426212249	220
5204019	Oncorhynchus mykiss (Walbaum, 1792)	Animalia		3	2	3	2	3	2	3	1	3	2	3	2		
3121088	Artemisia alba Turra	Plantae	Magnoliopsida	3	2	3	2	2	2	2	2	1	1	1	1		220
1309652	Dryocosmus kuriphilus Yasumatsu, 1951	Animalia	Insecta	3	2	3	2	2	2	2	2	0	0	0	0	0.6804642165861483	216
11742641	Myriophyllum rubricaule Valk. & Duist.	Plantae	Magnoliopsida	3	2	3	2	1	1	3	2	2	2	3	2		220
3118526	Tanacetum macrophyllum (Waldst. & Kit.) Sch.Bip.	Plantae	Magnoliopsida	3	2	3	2	1	1	3	1	3	2	3	2		220
5358265	Ornithopus compressus L.	Plantae	Magnoliopsida	3	2	3	2	1	1	2	2	1	1	1	1		220
5959231	Ara ararauna (Linnaeus, 1758)	Animalia	Aves	3	2	3	1	3	2	3	1	3	2	3	1	0.9542257687142276	212
2029273	Zygina nivea (Mulsant & Rey, 1855)	Animalia	Insecta	3	2	2	2	3	3	2	2	3	3	2	3		216
5359249	Trifolium rubens L.	Plantae	Magnoliopsida	3	2	2	2	3	3	2	2	1	1	2	2		220
1852787	Blastobasis lacticolella Rebel, 1939	Animalia	Insecta	3	2	2	2	3	2	3	2	1	2	3	2		216
3045803	Cardamine graeca L.	Plantae	Magnoliopsida	3	2	2	2	1	1	1	1	3	2	2	3		220
1652212	Aedes japonicus (Theobald, 1901)	Animalia	Insecta	3	2	2	0	2	2	2	0	1	1	2	0	0.2888278043268676	216
3039046	Fatsia japonica (Thunb.) Decne. & Planch.	Plantae	Magnoliopsida	3	2	1	2	1	1	1	2	1	1	2	2		220
1749580	Phyllocnistis citrella Stainton, 1856	Animalia	Insecta	3	2	1	1	3	2	1	1	1	1	1	1	0.8390936483712167	216
2926884	Satureja montana L.	Plantae	Magnoliopsida	3	2	1	1	2	2	1	1	2	2	1	1	0.9032815541431385	220
3026622	Spiraea ×vanhouttei (Briot) Zabel	Plantae	Magnoliopsida	3	2	1	1	2	2	1	1	1	1	1	1	0.8384876719766555	220
5864277	Gammarus roeselii Gervais, 1835	Animalia	Malacostraca	3	2	1	1	1	1	1	1	3	2	1	1	0.9632413574305103	229
2701612	Juncus ensifolius Wikstr.	Plantae	Liliopsida	3	2	1	1	1	1	1	1	1	1	3	2		196
1941864	Paysandisia archon (Burmeister, 1880)	Animalia	Insecta	3	2	1	1	1	1	1	1	1	1	1	1		216
3015457	Crataegus persimilis Sarg.	Plantae	Magnoliopsida	3	2	1	0	3	2	1	0	3	2	1	0	0.5505123522071649	220
2020655	Corythucha ciliata (Say, 1832)	Animalia	Insecta	3	1	3	3	3	3	3	3	3	3	3	3	1.3795411554136432	216
7135755	Rhododendron luteum Sweet	Plantae	Magnoliopsida	3	1	3	3	3	3	3	3	3	3	3	3	1.2166865824714874	220
2855356	Galanthus nivalis L.	Plantae	Liliopsida	3	1	3	3	3	3	3	3	3	3	3	3	1.1715628691629625	196
3024109	Amelanchier ×lamarckii F.G.Schroed.	Plantae	Magnoliopsida	3	1	3	3	3	3	3	3	3	3	3	3	1.024342554978921	220
2925527	Verbena hastata L.	Plantae	Magnoliopsida	3	1	3	3	3	1	3	3	3	3	3	3	1.4938411135350393	220
5410151	Campanula poscharskyana Degen	Plantae	Magnoliopsida	3	1	3	3	3	1	3	3	3	3	3	3	1.325046958154864	220
7291264	Bistorta amplexicaulis (D.Don) Greene	Plantae	Magnoliopsida	3	1	3	3	3	1	3	3	3	3	3	3	1.1947377560048351	220
2217982	Crangonyx pseudogracilis Bousfield, 1958	Animalia	Malacostraca	3	1	3	3	3	1	3	3	3	1	3	3	1.462189843953735	229
8485639	Ensis leei M.Huber, 2015	Animalia	Bivalvia	3	1	3	3	3	1	3	3	3	1	3	3	1.3517215792792998	137
7433196	Euonymus latifolius (L.) Mill.	Plantae	Magnoliopsida	3	1	3	3	3	1	3	3	3	1	3	3	1.2658381208227938	220
3085381	Polycarpon tetraphyllum (L.) L.	Plantae	Magnoliopsida	3	1	3	3	3	1	3	3	3	1	3	3	1.2082095060001894	220
5188971	Rangia cuneata (G.B.Sowerby I, 1832)	Animalia	Bivalvia	3	1	3	3	3	1	3	3	3	1	3	3	1.1252431350069727	137
2650107	Azolla filiculoides Lam.	Plantae	Polypodiopsida	3	1	3	3	3	1	3	3	3	1	3	3	1.0786254896084846	7228684
2705966	Secale cereale L.	Plantae	Liliopsida	3	1	3	3	3	1	3	3	3	1	3	3	1.0717025811213707	196
9752149	Phasianus colchicus Linnaeus, 1758	Animalia	Aves	3	1	3	3	3	1	3	3	3	1	3	3	1.0520076458050944	212
8091998	Gypsophila vaccaria (L.) Sm.	Plantae	Magnoliopsida	3	1	3	3	3	1	3	3	3	1	3	3	1.0492045297338248	220
4129708	Lolium multiflorum Lam.	Plantae	Liliopsida	3	1	3	3	3	1	3	3	3	1	3	3	1.0394089820970334	196
2705162	Panicum capillare L.	Plantae	Liliopsida	3	1	3	3	3	1	3	3	3	1	3	3	1.0199040650376463	196
5290052	Zea mays L.	Plantae	Liliopsida	3	1	3	3	3	1	3	3	3	1	3	3	1.0161489655381313	196
2882849	Vaccinium corymbosum L.	Plantae	Magnoliopsida	3	1	3	3	3	1	3	3	2	1	3	3	1.0349429319564092	220
2891755	Oxalis latifolia Kunth	Plantae	Magnoliopsida	3	1	3	3	2	1	3	3	2	1	3	3	1.1154304403561583	220
5582033	Salix udensis (Wimm.) Trautv. & C.A.Mey.	Plantae	Magnoliopsida	3	1	3	3	2	1	3	3	2	1	3	3	1.0733807507126516	220
5324959	Himantoglossum robertianum (Loisel.) P.Delforge	Plantae	Liliopsida	3	1	3	2	3	2	3	2	3	3	3	3		196
2869311	Lysichiton americanus Hultén & H.St.John	Plantae	Liliopsida	3	1	3	2	3	1	3	3	3	1	3	2		196
5371605	Tolmiea menziesii (Pursh) Torr. & A.Gray	Plantae	Magnoliopsida	3	1	3	2	1	1	1	1	1	2	1	1		220
3085421	Dianthus barbatus L.	Plantae	Magnoliopsida	3	1	3	1	3	1	3	3	3	3	3	3	1.1274352349812053	220
2880539	Quercus rubra L.	Plantae	Magnoliopsida	3	1	3	1	3	1	3	1	3	1	3	1	1.0000761649920655	220
2498034	Anser cygnoides (Linnaeus, 1758)	Animalia	Aves	3	1	3	1	3	1	3	1	3	1	3	1	0.9545770109048567	212
7224157	Pastinaca sativa subsp. sativa	Plantae	Magnoliopsida	3	1	3	1	3	1	3	1	3	1	3	1	0.8967163456907067	220
5559837	Cymbalaria pallida (Ten.) Wettst.	Plantae	Magnoliopsida	3	1	3	1	1	1	1	1	3	1	3	1	0.907548826475887	220
2702792	Briza maxima L.	Plantae	Liliopsida	3	1	2	1	1	1	2	1	1	1	2	1	0.974365606149681	196
5298765	Iris foetidissima L.	Plantae	Liliopsida	3	1	1	3	3	1	1	3	3	1	3	3	1.102295753681254	196
5289686	Setaria verticillata (L.) P.Beauv.	Plantae	Liliopsida	3	1	1	3	3	1	1	3	3	1	1	3	1.1403434685416034	196
4528100	Phthorimaea absoluta Meyrick, 1917	Animalia	Insecta	3	1	1	3	2	1	1	3	2	1	1	3	1.065293946172615	216
2295442	Limacus flavus (Linnaeus, 1758)	Animalia	Gastropoda	3	1	1	1	3	1	1	1	3	3	1	1	0.8841559663137636	225
2984676	Pachysandra terminalis Siebold & Zucc.	Plantae	Magnoliopsida	3	1	1	1	3	1	1	1	3	1	1	1	1.0003673175694952	220
6362904	Populus trichocarpa Torr. & A.Gray ex Hook.	Plantae	Magnoliopsida	3	1	1	1	3	1	1	1	3	1	1	1	0.7602789495261251	220
2781103	Hemerocallis lilioasphodelus L.	Plantae	Liliopsida	3	1	1	1	3	1	1	1	2	1	1	1	0.9542338501186416	196
2473341	Numida meleagris (Linnaeus, 1758)	Animalia	Aves	3	1	1	1	3	1	1	1	1	1	1	3	1.0061983467370503	212
5825913	Pinus nigra subsp. laricio (Poir.) Maire	Plantae	Pinopsida	3	1	1	1	2	1	1	1	1	1	1	1	0.9991060500987031	194
8014163	Ambigolimax valentianus (A.Férussac, 1821)	Animalia	Gastropoda	3	1	1	0	3	1	1	0	3	1	1	0	0.7621796481493762	225
5289503	Typha laxmannii Lepech.	Plantae	Liliopsida	3	1	1	0	3	1	1	0	3	1	1	0	0.4768867798502939	196
5285565	Pinus pinaster Aiton	Plantae	Pinopsida	3	1	0	3	3	1	0	3	3	3	0	3	1.143418729173294	194
4460066	Chrysolina americana (Linnaeus, 1758)	Animalia	Insecta	3	1	0	1	3	1	2	1	3	3	2	3	0.984512550198487	216
1047536	Leptinotarsa decemlineata (Say, 1824)	Animalia	Insecta	3	0	3	3	3	2	3	3	3	2	3	3	1.4137714913940618	216
2041682	Graphocephala fennahi Young, 1977	Animalia	Insecta	3	0	3	3	3	2	3	3	3	2	3	3	1.2921523410768816	216
2879098	Quercus ilex L.	Plantae	Magnoliopsida	3	0	3	3	3	0	3	3	3	2	3	3	1.5385318759330708	220
2996525	Rubus armeniacus Focke	Plantae	Magnoliopsida	3	0	3	3	3	0	3	3	3	2	3	3	1.0618443572890175	220
4063383	Trachystemon orientale (L.) D.Don	Plantae	Magnoliopsida	3	0	3	3	3	0	3	3	3	0	3	3	1.3441877412655856	220
2889173	Reynoutria japonica Houtt.	Plantae	Magnoliopsida	3	0	3	1	3	0	3	1	3	0	3	1	0.8788581565793951	220
5374118	Isatis tinctoria L.	Plantae	Magnoliopsida	3	0	3	0	3	0	3	2	3	0	3	2	1.0305259289599844	220
2927028	Salvia nemorosa L.	Plantae	Magnoliopsida	3	0	1	3	3	0	1	3	3	0	1	3	1.1926830982527739	220
5831060	Crepis foetida subsp. rhoeadifolia (M.Bieb.) Celak.	Plantae	Magnoliopsida	3	0	1	0	3	0	1	0	3	2	1	0	0.5257037930521153	220
4372686	Ruditapes philippinarum (A.Adams & Reeve, 1850)	Animalia	Bivalvia	3	0	0	0	3	0	0	0	3	2	0	2	0.8942276138184204	137
5341497	Nepeta racemosa Lam.	Plantae	Magnoliopsida	2	3	3	3	3	3	3	3	3	3	3	3	1.2226015755192907	220
5329212	Elodea nuttallii (Planch.) H.St.John	Plantae	Liliopsida	2	3	3	3	3	3	3	3	2	3	3	3	1.0786721037812486	196
2926045	Brunnera macrophylla (Adams) I.M.Johnst.	Plantae	Magnoliopsida	2	3	3	3	3	3	3	3	2	3	1	3	1.265021417757319	220
2703723	Bromus catharticus Vahl	Plantae	Liliopsida	2	3	3	3	3	3	3	3	1	3	3	3	1.1570119196519308	196
8149923	Prunus persica (L.) Stokes	Plantae	Magnoliopsida	2	3	3	3	2	3	3	3	3	3	3	3	1.1092907817792137	220
2873769	Acorus calamus L.	Plantae	Liliopsida	2	3	3	3	2	3	3	3	2	3	3	3	1.0724613470739266	196
5358694	Trifolium glomeratum L.	Plantae	Magnoliopsida	2	3	3	3	2	3	3	3	2	1	3	3	1.1686924210807994	220
2705081	Panicum virgatum L.	Plantae	Liliopsida	2	3	3	1	3	3	3	1	1	1	3	1	0.9475818915429174	196
3172100	Veronica filiformis Sm.	Plantae	Magnoliopsida	2	3	2	3	3	3	2	3	3	3	3	3	1.08332030754042	220
2726360	Carex grayi J.Carey	Plantae	Liliopsida	2	3	2	3	3	3	2	3	1	1	1	3	1.2415988785919396	196
9153437	Salix daphnoides Vill.	Plantae	Magnoliopsida	2	3	2	3	2	3	2	3	2	3	2	3	1.0570588390109512	220
5377378	Matthiola incana (L.) W.T.Aiton	Plantae	Magnoliopsida	2	3	2	3	1	1	2	2	1	1	3	2		220
5356662	Lathyrus niger (L.) Bernh.	Plantae	Magnoliopsida	2	3	2	3	1	1	1	1	2	2	2	2		220
2888437	Papaver orientale L.	Plantae	Magnoliopsida	2	3	2	2	2	3	2	2	2	3	3	3		220
2437619	Dolichotis patagonum (Zimmermann, 1780)	Animalia	Mammalia	2	3	2	2	1	1	3	3	1	1	1	1		359
3065244	Euphorbia amygdaloides subsp. robbiae (Turrill) Stace	Plantae	Magnoliopsida	2	3	2	1	3	3	2	1	1	1	2	1	0.794390713605278	220
2480685	Hieraaetus pennatus (Gmelin, 1788)	Animalia	Aves	2	3	2	1	1	3	1	1	2	3	2	1	0.7527792433983991	212
5851603	Leuciscus aspius (Linnaeus, 1758)	Animalia		2	3	1	3	2	3	1	3	2	3	1	3	1.3953179374811897	
3101193	Dittrichia graveolens (L.) Greuter	Plantae	Magnoliopsida	2	3	1	3	2	3	1	3	2	3	1	3	1.1726896207998252	220
11007246	Clinopodium menthifolium (Host) Merino	Plantae	Magnoliopsida	2	3	1	3	2	3	1	3	2	3	1	3	1.166325772326264	220
2913169	Galium parisiense L.	Plantae	Magnoliopsida	2	3	1	3	2	3	1	3	1	3	1	3	1.1138599431818268	220
5846290	Saxicola maurus (Pallas, 1773)	Animalia	Aves	2	3	1	3	2	3	1	3	1	3	1	3	1.0427476837039125	212
3171951	Verbascum phoeniceum L.	Plantae	Magnoliopsida	2	3	1	1	3	3	1	1	1	1	1	1	0.9747556015437788	220
4127352	Sasaella ramosa (Makino) Makino	Plantae	Liliopsida	2	3	1	1	2	3	1	1	1	3	1	1	0.9385998437148788	196
3121581	Artemisia dracunculus L.	Plantae	Magnoliopsida	2	3	1	1	2	2	1	1	2	3	1	1	0.683290842453769	220
3172348	Fraxinus pennsylvanica Marshall	Plantae	Magnoliopsida	2	3	1	1	2	2	1	1	2	2	1	1	0.7931856681113538	220
3096529	Mauranthemum paludosum (Poir.) Vogt & Oberpr.	Plantae	Magnoliopsida	2	3	1	1	1	1	1	1	1	1	1	1	0.9278799381018202	220
3020871	Prunus lusitanica L.	Plantae	Magnoliopsida	2	3	1	0	2	3	1	0	3	3	1	0	0.7235227754201351	220
1997215	Blattella germanica (Linnaeus, 1767)	Animalia	Insecta	2	2	3	3	3	3	3	3	3	3	3	3	1.6107810570782684	216
2704757	Sporobolus indicus (L.) R.Br.	Plantae	Liliopsida	2	2	3	3	3	3	3	3	3	3	3	3	1.2912922161328249	196
2773453	Ornithogalum divergens Boreau	Plantae	Liliopsida	2	2	3	3	3	3	3	3	3	3	3	3	1.1408509800127506	196
3172068	Veronica cymbalaria Bodard	Plantae	Magnoliopsida	2	2	3	3	3	3	3	3	3	3	3	3	1.1119402332111794	220
2928576	Ipomoea purpurea (L.) Roth	Plantae	Magnoliopsida	2	2	3	3	3	3	3	3	2	3	3	3	1.1392764290156743	220
2501248	Mnemiopsis leidyi A.Agassiz, 1865	Animalia	Tentaculata	2	2	3	3	2	2	3	3	3	3	3	3	1.206460937798808	365
2037925	Orientus ishidae (Matsumura, 1902)	Animalia	Insecta	2	2	3	3	2	2	3	3	2	2	3	3	1.557666896261076	216
2914590	Galium murale (L.) All.	Plantae	Magnoliopsida	2	2	3	3	2	2	3	3	2	2	3	3	1.2318776595555625	220
8133114	Aster amellus L.	Plantae	Magnoliopsida	2	2	3	3	2	2	3	3	2	2	3	3	1.0625149081602787	220
5408682	Lobelia pedunculata R.Br.	Plantae	Magnoliopsida	2	2	3	3	2	2	3	3	1	2	3	3	1.3470060231456464	220
2985964	Deutzia gracilis Siebold & Zucc.	Plantae	Magnoliopsida	2	2	3	3	2	2	2	3	3	3	2	3	1.0257191367892853	220
2879520	Quercus conferta Kit.	Plantae	Magnoliopsida	2	2	3	3	1	1	3	3	1	1	3	3	1.4925510349102966	220
3103082	Gamochaeta pensylvanica (Willd.) Cabrera	Plantae	Magnoliopsida	2	2	3	3	1	1	3	3	1	1	3	3	1.296758360222235	220
4487598	Closterotomus trivialis (A.Costa, 1853)	Animalia	Insecta	2	2	3	3	1	1	3	2	3	3	3	3		216
2925496	Verbena rigida Spreng.	Plantae	Magnoliopsida	2	2	3	2	3	2	3	2	3	3	2	3		220
3120024	Achillea nobilis L.	Plantae	Magnoliopsida	2	2	3	2	1	1	3	2	3	3	3	3		220
3924221	Helleborus argutifolius Viv.	Plantae	Magnoliopsida	2	2	3	2	1	1	2	2	2	2	2	2		220
2888859	Muehlenbeckia complexa (A.Cunn.) Meisn.	Plantae	Magnoliopsida	2	2	3	1	3	3	3	1	3	3	3	3	0.9021876895401506	220
5284950	Picea omorika (Pancic) Purk.	Plantae	Pinopsida	2	2	3	1	1	1	3	3	2	3	3	3	1.0108443321266138	194
3664589	Oenothera lindheimeri (Engelm. & A.Gray) W.L.Wagner & Hoch	Plantae	Magnoliopsida	2	2	3	0	2	2	3	0	3	3	3	2	0.7851055524770784	220
7102937	Euonymus japonicus Thunb.	Plantae	Magnoliopsida	2	2	2	3	2	3	2	3	2	2	2	3	1.0712859284236078	220
2931104	Solanum pseudocapsicum L.	Plantae	Magnoliopsida	2	2	2	3	2	2	2	3	2	2	2	3	1.0992404431620164	220
2475648	Dacelo novaeguineae (Hermann, 1783)	Animalia	Aves	2	2	2	3	2	2	1	3	1	1	1	2	1.016766762388079	212
2964025	Lupinus angustifolius L.	Plantae	Magnoliopsida	2	2	2	3	1	2	2	3	3	3	3	3	1.08203586517029	220
3048532	Erysimum marshallii Bois	Plantae	Magnoliopsida	2	2	2	2	3	3	3	3	3	3	3	3		220
5152543	Raglius alboacuminatus (Goeze, 1778)	Animalia	Insecta	2	2	2	2	3	3	3	3	3	2	2	2		216
2772082	Muscari latifolium J.Kirk	Plantae	Liliopsida	2	2	2	2	3	3	3	3	2	2	3	3		196
3111754	Zinnia elegans Jacq.	Plantae	Magnoliopsida	2	2	2	2	3	3	3	3	2	2	1	1		220
2285504	Yoldia limatula (Say, 1831)	Animalia	Bivalvia	2	2	2	2	3	3	3	3	1	1	1	1		137
2767229	Scilla sardensis (Whittall ex Barr & Sugden) Speta	Plantae	Liliopsida	2	2	2	2	2	2	2	2	3	3	3	3		196
5304187	Triteleia laxa Benth.	Plantae	Liliopsida	2	2	2	2	2	2	2	2	2	2	2	2		196
2720269	Scirpus georgianus R.M.Harper	Plantae	Liliopsida	2	2	2	2	2	2	2	2	1	1	1	1		196
3033543	Clematis recta L.	Plantae	Magnoliopsida	2	2	2	2	1	1	2	2	2	2	3	3		220
5300716	Fritillaria imperialis L.	Plantae	Liliopsida	2	2	2	2	1	1	2	2	2	2	2	2		196
5360475	Trigonella foenum-graecum L.	Plantae	Magnoliopsida	2	2	2	2	1	1	2	2	1	1	2	2		220
5533814	Ilex ×meserveae S.Y.Hu	Plantae	Magnoliopsida	2	2	2	2	1	1	2	2	1	1	2	2		220
2497701	Otus scops (Linnaeus, 1758)	Animalia	Aves	2	2	2	2	1	1	2	2	1	1	1	1		212
3164340	Platycodon grandiflorus (Jacq.) A.DC.	Plantae	Magnoliopsida	2	2	2	2	1	1	2	1	2	2	2	3		220
2049296	Pithyotettix abietinus (Fallén, 1806)	Animalia	Insecta	2	2	2	2	1	1	1	1	3	3	3	3		216
5298675	Iris pumila L.	Plantae	Liliopsida	2	2	2	2	1	1	1	1	3	3	3	3		196
2726538	Carex muskingumensis Schwein.	Plantae	Liliopsida	2	2	2	2	1	1	1	1	1	1	2	2		196
7172831	Phedimus aizoon (L.) 't Hart	Plantae	Magnoliopsida	2	2	2	2	1	1	1	1	1	1	2	2		220
2474416	Porphyrio porphyrio (Linnaeus, 1758)	Animalia	Aves	2	2	2	2	1	1	1	1	1	1	1	1		212
2888564	Lamprocapnos spectabilis (L.) Fukuhara	Plantae	Magnoliopsida	2	2	2	2	1	1	1	1	1	1	1	1		220
4205640	Juglans mandshurica Maxim.	Plantae	Magnoliopsida	2	2	2	2	1	1	1	1	1	1	1	1		220
5549949	Liriope muscari (Decne.) L.H.Bailey	Plantae	Liliopsida	2	2	2	2	1	1	1	1	1	1	1	1		196
7291643	Persicaria filiformis (Thunb.) Nakai	Plantae	Magnoliopsida	2	2	2	2	1	1	1	1	1	1	1	1		220
2705031	Festuca glauca Vill.	Plantae	Liliopsida	2	2	2	1	3	3	3	1	1	1	2	1	0.9438006562652022	196
2927727	Phlox subulata L.	Plantae	Magnoliopsida	2	2	2	1	1	1	2	1	2	2	2	1	0.7055323347746174	220
5231398	Leiothrix lutea (Scopoli, 1786)	Animalia	Aves	2	2	2	1	1	1	1	1	1	1	2	1	0.943889538978326	212
2174528	Saitis barbipes (Simon, 1868)	Animalia	Arachnida	2	2	2	0	3	3	3	0	2	2	2	0	0.7189541296470056	367
2479311	Platycercus elegans (Gmelin, 1788)	Animalia	Aves	2	2	2	0	1	1	1	0	1	1	2	0	0.530071677014417	212
2888323	Clethra alnifolia L.	Plantae	Magnoliopsida	2	2	1	3	2	3	1	3	2	2	1	3	1.1863867587456398	220
3940326	Malva trimestris (L.) Salisb.	Plantae	Magnoliopsida	2	2	1	3	2	2	1	3	2	2	1	3	1.041656276223164	220
2855398	Galanthus elwesii Hook.f.	Plantae	Liliopsida	2	2	1	3	2	2	1	2	3	2	1	2		196
4123912	Agrostis ×dimorpholemma Ohwi	Plantae	Liliopsida	2	2	1	3	1	1	1	3	3	3	1	3	1.0596599411951635	196
5330085	Wolffia columbiana H.Karst.	Plantae	Liliopsida	2	2	1	3	1	1	1	3	2	2	3	3	1.4300919674581871	196
1737131	Epiphyas postvittana (Walker, 1863)	Animalia	Insecta	2	2	1	2	2	2	2	2	3	3	3	3		216
8362005	Sasa palmata (Burb.) E.G.Camus	Plantae	Liliopsida	2	2	1	2	2	2	1	2	1	1	1	0	0.8762280078563772	196
3940423	Malva thuringiaca (L.) Vis.	Plantae	Magnoliopsida	2	2	1	2	2	2	1	1	2	2	1	1		220
3138195	Eutrochium maculatum (L.) E.E.Lamont	Plantae	Magnoliopsida	2	2	1	2	1	1	2	2	3	2	2	2		220
3105768	Sonchus tenerrimus L.	Plantae	Magnoliopsida	2	2	1	2	1	1	1	1	3	3	1	3		220
5041466	Sceliphron caementarium (Drury, 1773)	Animalia	Insecta	2	2	1	1	3	3	3	3	3	3	3	3		216
3189828	Aesculus parviflora Walter	Plantae	Magnoliopsida	2	2	1	1	3	3	1	1	2	3	1	1	0.943685770267742	220
5396474	Heliopsis helianthoides (L.) Sweet	Plantae	Magnoliopsida	2	2	1	1	3	3	1	1	1	1	1	1	0.8827237157023243	220
3039270	Elaeagnus pungens Thunb.	Plantae	Magnoliopsida	2	2	1	1	3	2	1	1	3	2	1	1	0.8956750253180459	220
4926336	Anaphalis margaritacea (L.) Benth.	Plantae	Magnoliopsida	2	2	1	1	3	2	1	1	2	2	1	1	0.9772151236699195	220
2888978	Rumex pulcher L.	Plantae	Magnoliopsida	2	2	1	1	3	2	1	1	1	1	1	1	0.8987887164780083	220
3147815	Verbesina alternifolia (L.) Britton ex Kearney	Plantae	Magnoliopsida	2	2	1	1	2	2	1	1	2	2	1	1	0.9886078220502711	220
2443002	Trachemys scripta (Thunberg In Schoepff, 1792)	Animalia	Testudines	2	2	1	1	2	2	1	1	2	2	1	1	0.9658176881925794	11418114
2296807	Cochlicella barbara (Linnaeus, 1758)	Animalia	Gastropoda	2	2	1	1	2	2	1	1	2	2	1	1	0.31625143264922406	225
7695021	Epimedium alpinum L.	Plantae	Magnoliopsida	2	2	1	1	2	2	1	1	2	2	0	1	0.5722572629545478	220
2914404	Galium verum subsp. wirtgenii (F.W.Schultz) Oborny	Plantae	Magnoliopsida	2	2	1	1	2	2	1	1	1	1	1	1		220
5228080	Callipepla californica (Shaw, 1798)	Animalia	Aves	2	2	1	1	1	1	2	2	1	1	3	2		212
2874570	Cucumis melo L.	Plantae	Magnoliopsida	2	2	1	1	1	1	1	3	3	3	1	3	1.0110554867840371	220
5361888	Morus nigra L.	Plantae	Magnoliopsida	2	2	1	1	1	1	1	1	3	3	1	1	0.8910664609529272	220
3085420	Dianthus caryophyllus L.	Plantae	Magnoliopsida	2	2	1	1	1	1	1	1	3	3	1	1	0.7100531760587288	220
2747750	Crocus ×luteus Lam.	Plantae	Liliopsida	2	2	1	1	1	1	1	1	2	2	1	1	0.7486973834773782	196
5331238	Viola sororia Willd.	Plantae	Magnoliopsida	2	2	1	1	1	1	1	1	1	1	1	1		220
2873926	Linum grandiflorum Desf.	Plantae	Magnoliopsida	2	2	1	0	2	2	1	0	2	3	1	0	0.46661226395026506	220
5370006	Geum ternatum (Stephan) Smedmark	Plantae	Magnoliopsida	2	2	1	0	1	1	1	0	3	3	1	0	0.5405807585533291	220
5384466	Gypsophila elegans M.Bieb.	Plantae	Magnoliopsida	2	2	1	0	1	1	1	0	2	2	1	0	0.5395783295216928	220
2890995	Geranium ×cantabrigiense P.F.Yeo	Plantae	Magnoliopsida	2	2	1	0	1	1	1	0	1	1	1	0	0.4439182807917084	220
2855439	Galanthus woronowii Losinsk.	Plantae	Liliopsida	2	2	0	1	2	2	0	1	3	3	0	1	0.809162182276395	196
5401007	Leucanthemum ×superbum (Bergmans ex J.W.Ingram) D.H.Kent	Plantae	Magnoliopsida	2	2	0	1	1	1	0	1	2	2	0	1	0.7985867917219048	220
2888867	Rheum rhabarbarum L.	Plantae	Magnoliopsida	2	2	0	1	1	1	0	1	1	1	0	1	0.8014245729861893	220
4133390	Lolium ×boucheanum Kunth	Plantae	Liliopsida	2	2	0	1	1	1	0	1	1	1	0	1	0.6545336943557557	196
1622599	Rhagoletis cingulata (Loew, 1862)	Animalia	Insecta	2	2	0	0	2	2	0	0	3	3	0	0	0.5250550836721968	216
5191102	Monacha cantiana (Montagu, 1803)	Animalia	Gastropoda	2	2	0	0	2	2	0	0	2	2	0	0	0.21118256686803064	225
1622658	Rhagoletis completa Cresson, 1929	Animalia	Insecta	2	1	3	3	3	3	3	3	3	3	2	2		216
3067891	Euphorbia prostrata Aiton	Plantae	Magnoliopsida	2	1	3	3	2	1	3	3	3	1	3	3	1.1198598313241461	220
5598598	Lonicera acuminata Wall.	Plantae	Magnoliopsida	2	1	3	2	3	1	3	2	2	1	3	2		220
7855120	Odontites luteus (L.) Clairv.	Plantae	Magnoliopsida	2	1	3	2	2	1	3	2	1	1	2	2		220
5420991	Ludwigia peploides (Kunth) P.H.Raven	Plantae	Magnoliopsida	2	1	3	1	3	1	3	1	2	1	3	1	0.9185370505071939	220
4201695	Phedimus hybridus (L.) 't Hart	Plantae	Magnoliopsida	2	1	2	2	2	1	2	2	2	1	2	2		220
2717467	Eleocharis obtusa (Willd.) Schult.	Plantae	Liliopsida	2	1	2	2	1	1	1	1	1	1	1	1		196
3040999	Raphanus raphanistrum subsp. landra (Moretti ex DC.) Bonnier & Layens	Plantae	Magnoliopsida	2	1	2	1	2	1	2	1	2	1	2	1	0.7668819126663294	220
3131614	Helichrysum italicum (Roth) G.Don	Plantae	Magnoliopsida	2	1	2	0	2	1	2	0	2	1	2	0	0.6654170213321771	220
3152824	Liquidambar styraciflua L.	Plantae	Magnoliopsida	2	1	1	3	2	1	1	3	2	1	1	3	1.0673682038595498	220
5384848	Silene gallica L.	Plantae	Magnoliopsida	2	1	1	3	2	1	1	3	2	1	1	3	1.0494265373695775	220
5389029	Solidago canadensis L.	Plantae	Magnoliopsida	2	1	1	3	2	1	1	3	2	1	1	3	1.0374323471714324	220
2650903	Onoclea sensibilis L.	Plantae	Polypodiopsida	2	1	1	3	2	1	1	3	1	1	1	3	1.0250181365992423	7228684
5828216	Cenchrus flaccidus (Griseb.) Morrone	Plantae	Liliopsida	2	1	1	1	3	1	1	1	2	1	1	1	0.7081280134228672	196
3092576	Silphium perfoliatum L.	Plantae	Magnoliopsida	2	1	1	1	2	2	2	2	2	2	2	2		220
5375020	Arabis alpina L.	Plantae	Magnoliopsida	2	1	1	1	2	1	1	1	3	1	1	1	0.6510208010279437	220
1751299	Bucculatrix ainsliella Murtfeldt, 1905	Animalia	Insecta	2	1	1	1	2	1	1	1	2	1	3	1	0.998503074847053	216
9148577	Alnus incana (L.) Moench	Plantae	Magnoliopsida	2	1	1	1	2	1	1	1	2	1	1	1	0.9509705571277115	220
5567694	Bergenia crassifolia (L.) Fritsch	Plantae	Magnoliopsida	2	1	1	1	2	1	1	1	2	1	1	1	0.880971367004642	220
7749287	Petasites albus (L.) Gaertn.	Plantae	Magnoliopsida	2	1	1	1	2	1	1	1	2	1	1	1	0.8644169870082575	220
2479798	Melopsittacus undulatus (Shaw, 1805)	Animalia	Aves	2	1	1	1	2	1	1	1	1	1	1	1	0.8807257308760111	212
3083647	Spinacia oleracea L.	Plantae	Magnoliopsida	2	1	1	0	2	1	1	0	2	1	1	0	0.6902304404361514	220
5415455	Acanthus mollis L.	Plantae	Magnoliopsida	2	1	1	0	2	1	1	0	2	1	1	0	0.5145541169701597	220
2379245	Proterorhinus semilunaris (Heckel, 1837)	Animalia		2	1	1	0	2	1	1	0	1	1	1	0	0.4575929035714963	
3127727	Centaurea stoebe L.	Plantae	Magnoliopsida	2	1	0	1	1	1	0	1	2	1	0	1	0.8996110816247341	220
2859597	Ipheion uniflorum (Graham) Raf.	Plantae	Liliopsida	2	1	0	0	2	3	0	0	2	2	0	0	0.6806537862882128	196
7764700	Lonicera pileata var. yunnanensis (Franch.) Bernd Schulz	Plantae	Magnoliopsida	2	1	0	0	2	1	0	0	2	1	0	0	0.831761640452022	220
2440946	Muntiacus reevesi (Ogilby, 1839)	Animalia	Mammalia	2	1	0	0	2	1	0	0	1	1	0	0	0.8283517075108031	359
3086240	Mirabilis jalapa L.	Plantae	Magnoliopsida	2	0	3	3	2	0	3	3	3	0	3	3	1.153803171002494	220
5414551	Vincetoxicum nigrum (L.) Moench	Plantae	Magnoliopsida	2	0	3	0	3	0	3	0	3	0	3	0	0.7620278694270668	220
5392243	Cichorium endivia L.	Plantae	Magnoliopsida	2	0	1	3	2	0	1	3	2	0	1	3	1.1232868827272595	220
2705400	Eragrostis pilosa (L.) P.Beauv.	Plantae	Liliopsida	2	0	1	1	2	0	1	1	2	0	1	1	0.8828755521934696	196
2498090	Anas bahamensis Linnaeus, 1758	Animalia	Aves	2	0	0	0	1	0	0	0	2	0	0	1	0.8919174938981981	212
3666776	Oenothera ×ersteinensis H.P.Linder & R.Jean	Plantae	Magnoliopsida	2	0	0	0	1	0	0	0	2	0	0	0	0.5981468045838525	220
1690429	Meconema meridionale Costa, 1860	Animalia	Insecta	2	0	0	0	1	0	0	0	1	0	0	0	0.807096811182263	216
5299536	Tulipa sylvestris L.	Plantae	Liliopsida	1	3	3	3	3	3	3	3	3	3	3	3	1.1142193096118387	196
2684171	Thuja plicata Donn ex D.Don	Plantae	Pinopsida	1	3	3	3	1	3	3	3	3	3	3	3	1.1499436099978508	194
5373358	Lobularia maritima (L.) Desv.	Plantae	Magnoliopsida	1	3	3	3	1	3	3	3	1	3	3	3	1.3340470397782793	220
5359378	Trifolium incarnatum L.	Plantae	Magnoliopsida	1	3	3	3	1	3	3	3	1	3	3	3	1.3103916261631938	220
2928226	Phacelia tanacetifolia Benth.	Plantae	Magnoliopsida	1	3	3	3	1	3	3	3	1	3	3	3	1.3069580529039844	220
2974832	Vicia faba L.	Plantae	Magnoliopsida	1	3	3	3	1	3	3	3	1	3	3	3	1.2915121215418641	220
3042291	Hesperis matronalis L.	Plantae	Magnoliopsida	1	3	3	3	1	3	3	3	1	3	3	3	1.28410915745734	220
3026585	Spiraea alba Du Roi	Plantae	Magnoliopsida	1	3	3	3	1	3	3	3	1	3	3	3	1.2776186022045855	220
5341501	Melissa officinalis L.	Plantae	Magnoliopsida	1	3	3	3	1	3	3	3	1	3	3	3	1.2775183507174535	220
2965331	Medicago ×varia Martyn	Plantae	Magnoliopsida	1	3	3	3	1	3	3	3	1	3	3	3	1.2750725370249734	220
2889373	Fagopyrum esculentum Moench	Plantae	Magnoliopsida	1	3	3	3	1	3	3	3	1	3	3	3	1.265300748315493	220
3003979	Rosa rugosa Thunb.	Plantae	Magnoliopsida	1	3	3	3	1	3	3	3	1	3	3	3	1.2637390636456232	220
2925870	Amsinckia menziesii (Lehm.) A.Nelson & J.F.Macbr.	Plantae	Magnoliopsida	1	3	3	3	1	3	3	3	1	3	3	3	1.2579110406962184	220
3114229	Rudbeckia laciniata L.	Plantae	Magnoliopsida	1	3	3	3	1	3	3	3	1	3	3	3	1.254527389187221	220
3088310	Petasites japonicus (Siebold & Zucc.) Maxim.	Plantae	Magnoliopsida	1	3	3	3	1	3	3	3	1	3	3	3	1.2487250358900877	220
3172001	Antirrhinum majus L.	Plantae	Magnoliopsida	1	3	3	3	1	3	3	3	1	3	3	3	1.2391525652374724	220
6109611	Amaranthus caudatus L.	Plantae	Magnoliopsida	1	3	3	3	1	3	3	3	1	3	3	3	1.2381028056698953	220
5361880	Cannabis sativa L.	Plantae	Magnoliopsida	1	3	3	3	1	3	3	3	1	3	3	3	1.2293338992608092	220
5372655	Salix eleagnos Scop.	Plantae	Magnoliopsida	1	3	3	3	1	3	3	3	1	3	3	3	1.2270941420353818	220
5334351	Fallopia baldschuanica (Regel) Holub	Plantae	Magnoliopsida	1	3	3	3	1	3	3	3	1	3	3	3	1.2077793394792105	220
3084742	Claytonia sibirica L.	Plantae	Magnoliopsida	1	3	3	3	1	3	3	3	1	3	3	3	1.204655485381463	220
3041022	Armoracia rusticana P.Gaertn., B.Mey. & Scherb.	Plantae	Magnoliopsida	1	3	3	3	1	3	3	3	1	3	3	3	1.1920027163463598	220
3118430	Tanacetum parthenium (L.) Sch.Bip.	Plantae	Magnoliopsida	1	3	3	3	1	3	3	3	1	3	3	3	1.191103329506661	220
2891782	Impatiens parviflora DC.	Plantae	Magnoliopsida	1	3	3	3	1	3	3	3	1	3	3	3	1.1909348934149233	220
3034922	Foeniculum vulgare Mill.	Plantae	Magnoliopsida	1	3	3	3	1	3	3	3	1	3	3	3	1.1907335418554401	220
5334242	Lonicera tatarica L.	Plantae	Magnoliopsida	1	3	3	3	1	3	3	3	1	3	3	3	1.1849488622432331	220
2888513	Pseudofumaria lutea (L.) Borkh.	Plantae	Magnoliopsida	1	3	3	3	1	3	3	3	1	3	3	3	1.1839400983554311	220
2888439	Papaver somniferum L.	Plantae	Magnoliopsida	1	3	3	3	1	3	3	3	1	3	3	3	1.1726761068060292	220
3171948	Verbascum phlomoides L.	Plantae	Magnoliopsida	1	3	3	3	1	3	3	3	1	3	3	3	1.1563992240004557	220
2891783	Impatiens balfourii Hook.fil.	Plantae	Magnoliopsida	1	3	3	3	1	3	3	3	1	3	3	3	1.1530599927067138	220
2986130	Ribes sanguineum Pursh	Plantae	Magnoliopsida	1	3	3	3	1	3	3	3	1	3	3	3	1.1486436473276578	220
5376648	Lepidium virginicum L.	Plantae	Magnoliopsida	1	3	3	3	1	3	3	3	1	3	3	3	1.147193409836271	220
3136320	Hieracium amplexicaule L.	Plantae	Magnoliopsida	1	3	3	3	1	3	3	3	1	3	3	3	1.134026566589322	220
5376961	Lepidium draba L.	Plantae	Magnoliopsida	1	3	3	3	1	3	3	3	1	3	3	3	1.1268299424920798	220
3132570	Galinsoga parviflora Cav.	Plantae	Magnoliopsida	1	3	3	3	1	3	3	3	1	3	3	3	1.118863830146158	220
3189866	Acer negundo L.	Plantae	Magnoliopsida	1	3	3	3	1	3	3	3	1	3	3	3	1.1068417227976477	220
5375920	Eruca vesicaria (L.) Cav.	Plantae	Magnoliopsida	1	3	3	3	1	3	3	3	1	3	3	3	1.1067445172081212	220
5374672	Barbarea verna (Mill.) Asch.	Plantae	Magnoliopsida	1	3	3	3	1	3	3	3	1	3	3	3	1.1007363615894683	220
2926066	Symphytum asperum Lepech.	Plantae	Magnoliopsida	1	3	3	3	1	3	3	3	1	3	3	3	1.0827123219132775	220
5568446	Dysphania ambrosioides (L.) Mosyakin & Clemants	Plantae	Magnoliopsida	1	3	3	3	1	3	3	3	1	3	3	3	1.0764524472271912	220
3119181	Helianthus ×laetiflorus Pers.	Plantae	Magnoliopsida	1	3	3	3	1	3	3	3	1	3	3	3	1.0676676816850328	220
3040233	Populus alba L.	Plantae	Magnoliopsida	1	3	3	3	1	3	3	3	1	3	3	3	1.0608010991638728	220
5373368	Rapistrum rugosum (L.) All.	Plantae	Magnoliopsida	1	3	3	3	1	3	3	3	1	3	3	3	1.0539360739145773	220
2890287	Geranium nodosum L.	Plantae	Magnoliopsida	1	3	3	3	1	3	3	3	1	3	1	3	1.3611642454537616	220
3022203	Prunus ×fruticans Weihe	Plantae	Magnoliopsida	1	3	3	3	1	3	3	3	1	1	3	3	1.224016882159236	220
7263145	Acer rufinerve Siebold & Zucc.	Plantae	Magnoliopsida	1	3	3	3	1	3	2	3	1	2	2	2	1.0434361863153496	220
5584611	Silene chalcedonica (L.) E.H.L.Krause	Plantae	Magnoliopsida	1	3	3	3	1	3	1	3	1	3	2	3	1.2360154697241619	220
2439270	Rattus rattus (Linnaeus, 1758)	Animalia	Mammalia	1	3	3	2	1	3	3	2	1	3	3	2		359
2705449	Eragrostis minor Host	Plantae	Liliopsida	1	3	3	1	1	3	3	1	1	3	3	1	0.9983526375135474	196
3896282	Teucrium hircanicum L.	Plantae	Magnoliopsida	1	3	2	3	3	3	3	3	1	1	1	1		220
5384932	Saururus cernuus L.	Plantae	Magnoliopsida	1	3	2	3	1	3	2	3	1	3	3	3	1.3411997255759958	220
8741260	Macrosaccus robiniella (Clemens, 1859)	Animalia	Insecta	1	3	1	3	1	3	3	3	3	3	3	3	1.3568526851606815	216
5421039	Ludwigia grandiflora (Michx.) Greuter & Burdet	Plantae	Magnoliopsida	1	3	1	3	1	3	3	3	1	3	3	3	1.2313322027481037	220
5296178	Sisyrinchium montanum Greene	Plantae	Liliopsida	1	3	1	3	1	3	3	3	1	3	3	3	1.1131891672839456	196
4286942	Carassius auratus (Linnaeus, 1758)	Animalia		1	3	1	3	1	3	1	3	1	3	3	3	1.047191724056661	
3089146	Xanthium orientale L.	Plantae	Magnoliopsida	1	3	1	3	1	3	1	3	1	3	1	3	1.6533996418470491	220
3098912	Cosmos bipinnatus Cav.	Plantae	Magnoliopsida	1	3	1	3	1	3	1	3	1	3	1	3	1.2336654029820493	220
5392683	Echinops exaltatus Schrad.	Plantae	Magnoliopsida	1	3	1	3	1	3	1	3	1	3	1	3	1.2309935271573416	220
3172347	Fraxinus ornus L.	Plantae	Magnoliopsida	1	3	1	3	1	3	1	3	1	3	1	3	1.2063940105672795	220
5389173	Telekia speciosa (Schreb.) Baumg.	Plantae	Magnoliopsida	1	3	1	3	1	3	1	3	1	3	1	3	1.1907869473447479	220
3145214	Silybum marianum (L.) Gaertn.	Plantae	Magnoliopsida	1	3	1	3	1	3	1	3	1	3	1	3	1.1799687295840158	220
3039194	Parthenocissus quinquefolia (L.) Planch.	Plantae	Magnoliopsida	1	3	1	3	1	3	1	3	1	3	1	3	1.1753503887621843	220
2928835	Lycium barbarum L.	Plantae	Magnoliopsida	1	3	1	3	1	3	1	3	1	3	1	3	1.1686033010861874	220
3021730	Prunus cerasifera Ehrh.	Plantae	Magnoliopsida	1	3	1	3	1	3	1	3	1	3	1	3	1.1650966114916796	220
5367294	Potentilla recta L.	Plantae	Magnoliopsida	1	3	1	3	1	3	1	3	1	3	1	3	1.1529517055265543	220
9202318	Symphyotrichum lanceolatum (Willd.) G.L.Nesom	Plantae	Magnoliopsida	1	3	1	3	1	3	1	3	1	3	1	3	1.1520062435990097	220
3054357	Juglans nigra L.	Plantae	Magnoliopsida	1	3	1	3	1	3	1	3	1	3	1	3	1.1498081377172764	220
5376692	Lepidium latifolium L.	Plantae	Magnoliopsida	1	3	1	3	1	3	1	3	1	3	1	3	1.1392027907320914	220
6443709	Tragopogon dubius Scop.	Plantae	Magnoliopsida	1	3	1	3	1	3	1	3	1	3	1	3	1.133936784575807	220
5361909	Ficus carica L.	Plantae	Magnoliopsida	1	3	1	3	1	3	1	3	1	3	1	3	1.1256582559784574	220
3151558	Symphyotrichum novi-belgii (L.) G.L.Nesom	Plantae	Magnoliopsida	1	3	1	3	1	3	1	3	1	3	1	3	1.1222390083656604	220
2873991	Aristolochia clematitis L.	Plantae	Magnoliopsida	1	3	1	3	1	3	1	3	1	3	1	3	1.118615095143733	220
3054368	Juglans regia L.	Plantae	Magnoliopsida	1	3	1	3	1	3	1	3	1	3	1	3	1.1133853865745809	220
5415039	Syringa vulgaris L.	Plantae	Magnoliopsida	1	3	1	3	1	3	1	3	1	3	1	3	1.1102890673530144	220
3033833	Delphinium ajacis L.	Plantae	Magnoliopsida	1	3	1	3	1	3	1	3	1	3	1	3	1.1074601764842067	220
7810918	Scrophularia vernalis L.	Plantae	Magnoliopsida	1	3	1	3	1	3	1	3	1	3	1	3	1.10599286661317	220
5371808	Angelica archangelica L.	Plantae	Magnoliopsida	1	3	1	3	1	3	1	3	1	3	1	3	1.0995338614211245	220
3189815	Aesculus hippocastanum L.	Plantae	Magnoliopsida	1	3	1	3	1	3	1	3	1	3	1	3	1.0883885650483018	220
3083975	Corispermum pallasii Steven	Plantae	Magnoliopsida	1	3	1	3	1	3	1	3	1	3	1	3	1.0841644013156069	220
10071055	Scandosorbus ×intermedia (Ehrh.) Sennikov	Plantae	Magnoliopsida	1	3	1	3	1	3	1	3	1	3	1	3	1.0824946228432253	220
3050364	Bunias orientalis L.	Plantae	Magnoliopsida	1	3	1	3	1	3	1	3	1	3	1	3	1.0813298918774294	220
5356345	Laburnum anagyroides Medik.	Plantae	Magnoliopsida	1	3	1	3	1	3	1	3	1	3	1	3	1.0725380266659714	220
3053406	Rorippa austriaca (Crantz) Besser	Plantae	Magnoliopsida	1	3	1	3	1	3	1	3	1	3	1	3	1.0714473424731024	220
2876607	Alnus cordata (Loisel.) Duby	Plantae	Magnoliopsida	1	3	1	3	1	3	1	3	1	3	1	3	1.0621226422402927	220
2931237	Solanum triflorum Nutt.	Plantae	Magnoliopsida	1	3	1	3	1	3	1	3	1	3	1	3	1.0601323646139393	220
8190077	Populus ×canadensis Moench	Plantae	Magnoliopsida	1	3	1	3	1	3	1	3	1	3	1	3	1.0588273636038055	220
5285637	Pinus sylvestris L.	Plantae	Pinopsida	1	3	1	3	1	3	1	3	1	3	1	3	1.0555631470918179	194
2891390	Geranium phaeum L.	Plantae	Magnoliopsida	1	3	1	3	1	3	1	3	1	3	1	3	1.0523781440639544	220
3123663	Pilosella caespitosa (Dumort.) P.D.Sell & C.West	Plantae	Magnoliopsida	1	3	1	3	1	3	1	3	1	3	1	3	1.047577109742214	220
5341784	Physalis peruviana L.	Plantae	Magnoliopsida	1	3	1	3	1	3	1	3	1	3	1	3	1.0470877680468977	220
7095665	Claytonia perfoliata subsp. perfoliata	Plantae	Magnoliopsida	1	3	1	3	1	3	1	3	1	3	1	3	1.0331075085979047	220
3031774	Mespilus germanica L.	Plantae	Magnoliopsida	1	3	1	3	1	3	1	3	1	3	1	3	1.0298076325798997	220
3119175	Helianthus tuberosus L.	Plantae	Magnoliopsida	1	3	1	3	1	3	1	3	1	3	1	3	1.0271764102378051	220
8313153	Quercus palustris Münchh.	Plantae	Magnoliopsida	1	3	1	3	1	3	1	3	1	3	1	3	1.0223497035807296	220
9206251	Helianthus annuus L.	Plantae	Magnoliopsida	1	3	1	3	1	3	1	3	1	3	1	3	1.0150912015899287	220
2367911	Misgurnus mohoity (Dybowski, 1869)	Animalia		1	3	1	3	1	3	1	3	1	0	1	0	12.64015881464535	
3170247	Asclepias syriaca L.	Plantae	Magnoliopsida	1	3	1	3	1	2	1	3	1	1	1	3	1.0161966571824854	220
3120284	Achillea filipendulina Lam.	Plantae	Magnoliopsida	1	3	1	3	0	3	1	3	0	3	1	3	1.2361389984669606	220
3046736	Sisymbrium altissimum L.	Plantae	Magnoliopsida	1	3	1	2	1	3	2	2	1	3	2	2		220
2498163	Anser canagicus (Sevastianov, 1802)	Animalia	Aves	1	3	1	1	2	1	1	1	2	1	1	1	0.8783430600746774	212
2956441	Colutea ×media Willd.	Plantae	Magnoliopsida	1	3	1	1	1	3	1	1	1	3	1	1	1.0030423420272003	220
3120790	Artemisia verlotiorum Lamotte	Plantae	Magnoliopsida	1	3	1	1	1	3	1	1	1	3	1	1	0.996464466430858	220
3189837	Acer saccharinum L.	Plantae	Magnoliopsida	1	3	1	1	1	3	1	1	1	3	1	1	0.9885079954296856	220
7915783	Oenothera ×fallax Renner	Plantae	Magnoliopsida	1	3	1	1	1	3	1	1	1	3	1	1	0.986681189470555	220
8994150	Oenothera parviflora L.	Plantae	Magnoliopsida	1	3	1	1	1	3	1	1	1	3	1	1	0.9707978399710031	220
2927004	Salvia officinalis L.	Plantae	Magnoliopsida	1	3	1	1	1	3	1	1	1	3	1	1	0.9662711815329393	220
5415009	Linaria supina (L.) Chaz.	Plantae	Magnoliopsida	1	3	1	1	1	3	1	1	1	3	1	1	0.9444356853766968	220
5229249	Sterna dougallii Montagu, 1813	Animalia	Aves	1	3	1	1	1	3	1	1	1	3	1	1	0.8667992977953682	212
2651122	Polystichum munitum (Kaulf.) C.Presl	Plantae	Polypodiopsida	1	3	1	1	1	1	1	1	3	3	3	3		7228684
4484176	Cacopsylla fulguralis (Kuwayama, 1908)	Animalia	Insecta	1	3	1	1	1	1	1	1	1	3	1	1	0.880576664744702	216
3032611	Darmera peltata (Torr. ex Benth.) Voss	Plantae	Magnoliopsida	1	3	1	1	1	1	1	1	1	1	1	1	0.9318586467066011	220
7645931	Salix acutifolia Willd.	Plantae	Magnoliopsida	1	3	1	0	2	2	1	0	2	2	1	0	0.6168308951628562	220
2437450	Tamias sibiricus (Laxmann, 1769)	Animalia	Mammalia	1	3	1	0	1	3	1	0	1	3	1	0	0.8920147134120928	359
5414239	Ilex crenata Thunb.	Plantae	Magnoliopsida	1	3	0	1	1	3	0	1	3	3	0	3	0.9739350042628542	220
7315072	Papaver atlanticum (Ball) Coss.	Plantae	Magnoliopsida	1	2	3	3	1	2	3	3	1	3	3	3	1.230035041048129	220
5334240	Lonicera japonica Thunb.	Plantae	Magnoliopsida	1	2	3	3	1	2	3	3	1	3	3	3	1.2111954298643275	220
3046015	Cardamine corymbosa Hook.f.	Plantae	Magnoliopsida	1	2	3	3	1	1	3	3	1	2	3	3	1.0501425117628795	220
4129181	Festuca ambigua Le Gall	Plantae	Liliopsida	1	2	3	1	1	2	3	1	1	2	3	1	0.9585308130886122	196
2889088	Reynoutria sachalinensis (F.Schmidt) Nakai	Plantae	Magnoliopsida	1	2	2	3	1	2	2	3	1	3	3	3	1.0223811105875749	220
5289744	Phalaris canariensis L.	Plantae	Liliopsida	1	2	2	3	1	2	2	3	1	2	2	3	1.0374787913031922	196
3121258	Artemisia princeps Pamp.	Plantae	Magnoliopsida	1	2	2	1	2	2	2	1	2	1	2	1	0.7760092093801463	220
1852831	Blastobasis adustella Walsingham, 1894	Animalia	Insecta	1	2	2	1	1	3	3	3	3	3	3	3		216
3152614	Abutilon theophrasti Medik.	Plantae	Magnoliopsida	1	2	2	1	1	2	2	1	1	3	3	1	0.9955681940584096	220
3034015	Laurus nobilis L.	Plantae	Magnoliopsida	1	2	2	0	1	1	2	0	1	3	2	0	0.6761616604194014	220
2857017	Allium paradoxum (M.Bieb.) G.Don	Plantae	Liliopsida	1	2	1	3	3	2	1	3	3	3	3	3	1.2186813861075925	196
3146717	Erigeron bonariensis L.	Plantae	Magnoliopsida	1	2	1	3	1	2	1	3	1	2	1	3	1.1259181783957104	220
2888579	Leycesteria formosa Wall.	Plantae	Magnoliopsida	1	2	1	3	1	2	1	3	1	2	1	3	1.0453150043105013	220
5219858	Ondatra zibethicus (Linnaeus, 1766)	Animalia	Mammalia	1	2	1	3	1	2	1	3	1	2	1	3	1.0346160026789435	359
5388595	Jacobaea maritima (L.) Pelser & Meijden	Plantae	Magnoliopsida	1	2	1	3	1	2	1	3	0	2	1	3	1.0741900161250384	220
2891664	Oxalis articulata Savigny	Plantae	Magnoliopsida	1	2	1	2	1	3	1	3	1	2	1	2		220
2928761	Nicotiana alata Link & Otto	Plantae	Magnoliopsida	1	2	1	2	1	2	1	2	1	3	1	3		220
3064669	Euphorbia myrsinites L.	Plantae	Magnoliopsida	1	2	1	2	1	2	1	2	1	2	1	2		220
9350124	Natrix helvetica (Lacépède, 1789)	Animalia	Squamata	1	2	1	1	1	2	1	1	1	2	1	1	0.9085922224717621	11592253
6363863	Arenaria montana L.	Plantae	Magnoliopsida	1	2	1	1	1	1	1	1	3	3	3	3		220
4102952	Knautia macedonica Griseb.	Plantae	Magnoliopsida	1	2	1	1	1	1	1	1	1	2	3	1	0.7566376942486351	220
7681436	Cytisus multiflorus (L'Hér.) Sweet	Plantae	Magnoliopsida	1	2	1	0	3	2	1	0	3	2	1	0	0.8481390520580647	220
7127354	Cyclamen coum Mill.	Plantae	Magnoliopsida	1	2	1	0	1	2	1	0	1	3	1	0	0.7383300922309566	220
8288647	Pterocarya fraxinifolia (Poir.) Spach	Plantae	Magnoliopsida	1	2	0	2	0	2	0	2	0	2	0	3		220
2722515	Carex morrowii Boott	Plantae	Liliopsida	1	2	0	0	1	1	0	0	1	1	0	0	0.46800860041830733	196
2038171	Opsius stactogalus Fieber, 1866	Animalia	Insecta	1	1	3	3	3	3	3	3	3	3	3	3	1.083416949561124	216
5414932	Chelone obliqua L.	Plantae	Magnoliopsida	1	1	3	3	3	3	3	3	1	1	1	1		220
5232437	Branta canadensis (Linnaeus, 1758)	Animalia	Aves	1	1	3	3	3	1	3	3	3	1	3	3	1.115102970237961	212
7901652	Viola ×wittrockiana Gams ex Kappert	Plantae	Magnoliopsida	1	1	3	3	2	1	3	3	2	1	3	3	1.2105512381289654	220
3197314	Sargassum muticum (Yendo) Fensholt	Chromista	Phaeophyceae	1	1	3	3	1	3	3	3	3	3	3	3	1.0425062145034683	7073593
3033242	Anemone blanda Schott & Kotschy	Plantae	Magnoliopsida	1	1	3	3	1	3	3	3	1	3	3	3	1.3440678995388688	220
3034782	Smyrnium olusatrum L.	Plantae	Magnoliopsida	1	1	3	3	1	1	3	3	2	2	3	3	1.238289339440139	220
2080592	Icerya purchasi Maskell, 1879	Animalia	Insecta	1	1	3	3	1	1	3	3	1	3	2	2		216
2220347	Limnomysis benedeni Czerniavsky, 1882	Animalia	Malacostraca	1	1	3	3	1	1	3	3	1	2	3	3	1.3332652217491416	229
2498329	Bucephala albeola (Linnaeus, 1758)	Animalia	Aves	1	1	3	3	1	1	3	3	1	1	3	3	1.2290920367798468	212
7671397	Phuopsis stylosa (Trin.) G.Nicholson	Plantae	Magnoliopsida	1	1	3	3	1	1	3	3	1	1	3	3	1.1609864163580024	220
2327735	Ficopomatus enigmaticus (Fauvel, 1923)	Animalia	Polychaeta	1	1	3	3	1	1	3	3	1	1	3	3	1.1539800551009696	256
5383969	Blitum virgatum L.	Plantae	Magnoliopsida	1	1	3	3	1	1	3	3	1	1	3	3	1.1531478517138365	220
2985965	Deutzia scabra Thunb.	Plantae	Magnoliopsida	1	1	3	3	1	1	3	3	1	1	3	3	1.1478085489535146	220
3610757	Cuscuta campestris Yunck.	Plantae	Magnoliopsida	1	1	3	3	1	1	3	3	1	1	3	3	1.1469118047778648	220
5359175	Trifolium resupinatum L.	Plantae	Magnoliopsida	1	1	3	3	1	1	3	3	1	1	3	3	1.12201954298702	220
7437751	Urtica membranacea Poir. ex Savigny	Plantae	Magnoliopsida	1	1	3	3	1	1	3	3	1	1	3	3	1.1169155581480654	220
5362215	Cydonia oblonga Mill.	Plantae	Magnoliopsida	1	1	3	3	1	1	3	3	1	1	3	3	1.11133710772306	220
5392145	Bidens radiata Thuill.	Plantae	Magnoliopsida	1	1	3	3	1	1	3	3	1	1	3	3	1.1061143650999306	220
9073641	Camelina sativa (L.) Crantz	Plantae	Magnoliopsida	1	1	3	3	1	1	3	3	1	1	3	3	1.0875543837696084	220
3034393	Eryngium planum L.	Plantae	Magnoliopsida	1	1	3	3	1	1	3	3	1	1	3	3	1.0578266774882088	220
5228034	Chrysolophus pictus (Linnaeus, 1758)	Animalia	Aves	1	1	3	3	1	1	3	3	1	1	3	3	1.0503431452974519	212
2705953	Eleusine indica (L.) Gaertn.	Plantae	Liliopsida	1	1	3	3	1	1	3	3	1	1	3	3	1.049173436165759	196
5421180	Koelreuteria paniculata Laxm.	Plantae	Magnoliopsida	1	1	3	3	1	1	3	3	1	1	3	3	1.047838629735033	220
9419993	Erodium moschatum (L.) L'Hér.	Plantae	Magnoliopsida	1	1	3	3	1	1	3	3	1	1	3	3	1.0467402813321898	220
8584304	Guizotia abyssinica (L.fil.) Cass.	Plantae	Magnoliopsida	1	1	3	3	1	1	3	3	1	1	3	3	1.0294473633631414	220
7344766	Rudbeckia fulgida Aiton	Plantae	Magnoliopsida	1	1	3	3	1	1	3	3	1	1	1	1		220
5355395	Spartium junceum L.	Plantae	Magnoliopsida	1	1	3	3	1	1	1	3	1	1	1	3	1.1266505568017335	220
4544661	Aceria ilicis (Canestrini, 1890)	Animalia	Arachnida	1	1	3	3	1	1	1	1	1	3	1	3		367
2176858	Philaeus chrysops (Poda, 1761)	Animalia	Arachnida	1	1	3	3	1	1	1	1	1	1	3	3		367
2440196	Macropus rufogriseus (Desmarest, 1817)	Animalia	Mammalia	1	1	3	3	1	1	1	1	1	1	1	1		359
2890739	Geranium versicolor L.	Plantae	Magnoliopsida	1	1	3	2	2	2	2	2	1	1	2	2		220
7905507	Amaranthus albus L.	Plantae	Magnoliopsida	1	1	3	2	1	1	3	2	1	1	3	3		220
5403541	Crepis bursifolia L.	Plantae	Magnoliopsida	1	1	3	2	1	1	1	1	1	1	1	1		220
2683866	Chamaecyparis lawsoniana (A.Murray bis) Parl.	Plantae	Pinopsida	1	1	3	1	3	1	3	1	3	3	3	3	0.9887209971327947	194
5561475	Chaenostoma cordatum Benth.	Plantae	Magnoliopsida	1	1	3	1	3	1	3	1	3	1	3	3	0.9887914615569094	220
4483971	Populicerus albicans (Kirschbaum, 1868)	Animalia	Insecta	1	1	3	1	2	2	2	1	3	3	2	1	0.8437412886993801	216
2972595	Onobrychis viciifolia Scop.	Plantae	Magnoliopsida	1	1	3	1	1	1	3	3	1	1	3	3	1.013162594357764	220
4483961	Viridicerus ustulatus (Mulsant & Rey, 1855)	Animalia	Insecta	1	1	3	1	1	1	3	3	0	1	3	3	1.0332427634828036	216
2650827	Cyrtomium fortunei J.Sm.	Plantae	Polypodiopsida	1	1	3	1	1	1	3	1	1	1	3	3	0.9271165518413281	7228684
2965531	Medicago polymorpha L.	Plantae	Magnoliopsida	1	1	3	1	1	1	3	1	1	1	3	1	1.0056049265307352	220
2498388	Aix galericulata (Linnaeus, 1758)	Animalia	Aves	1	1	3	1	1	1	3	1	1	1	3	1	1.001589856175604	212
2773281	Ornithogalum nutans L.	Plantae	Liliopsida	1	1	3	1	1	1	3	1	1	1	3	1	0.9900180462282651	196
2480410	Parabuteo unicinctus (Temminck, 1824)	Animalia	Aves	1	1	3	1	1	1	3	1	1	1	3	1	0.9838350900509751	212
5392883	Echinops sphaerocephalus L.	Plantae	Magnoliopsida	1	1	3	1	1	1	3	1	1	1	3	1	0.9470628044637043	220
3171954	Verbascum virgatum Stokes	Plantae	Magnoliopsida	1	1	3	1	1	1	3	1	1	1	3	1	0.933471407115205	220
4125308	Panicum schinzii Hack.	Plantae	Liliopsida	1	1	3	1	1	1	3	1	1	1	3	1	0.9135372379044854	196
5289666	Setaria faberi R.A.W.Herrm.	Plantae	Liliopsida	1	1	3	1	1	1	3	1	1	1	3	1	0.9127333023050852	196
2498046	Chenonetta jubata (Latham, 1801)	Animalia	Aves	1	1	3	1	1	1	3	1	1	1	3	1	0.9122399264194285	212
5362054	Crassula helmsii (Kirk) Cockayne	Plantae	Magnoliopsida	1	1	3	1	1	1	3	1	1	1	3	1	0.9025136174050171	220
2858581	Narcissus poeticus L.	Plantae	Liliopsida	1	1	3	1	1	1	3	1	1	1	3	1	0.8205196436255192	196
5374922	Arabis caucasica Willd.	Plantae	Magnoliopsida	1	1	3	1	1	1	3	1	1	1	3	1	0.8197496387482845	220
2008616	Empicoris rubromaculatus (Blackburn, 1888)	Animalia	Insecta	1	1	3	0	1	1	3	0	3	1	1	0	0.8102783229584426	216
7753992	Helix lucorum Linnaeus, 1758	Animalia	Gastropoda	1	1	2	3	1	1	3	3	1	1	2	2		225
5712981	Coccus hesperidum Linnaeus, 1758	Animalia	Insecta	1	1	2	2	3	3	3	3	1	1	3	3		216
3092691	Soliva sessilis Ruiz & Pav.	Plantae	Magnoliopsida	1	1	2	2	2	1	2	1	1	2	1	1		220
8406661	Silene uniflora Roth	Plantae	Magnoliopsida	1	1	2	2	1	3	2	2	1	1	2	2		220
3711846	Hypericum ×hidcoteense Geerinck	Plantae	Magnoliopsida	1	1	2	2	1	1	3	3	1	1	2	2		220
1577153	Hermetia illucens (Linnaeus, 1758)	Animalia	Insecta	1	1	2	2	1	1	3	3	1	1	1	1		216
2157203	Steatoda nobilis (Thorell, 1875)	Animalia	Arachnida	1	1	2	2	1	1	2	2	3	3	3	3		367
3935079	Malva arborea (L.) Webb & Berthel.	Plantae	Magnoliopsida	1	1	2	2	1	1	2	2	1	3	3	3		220
7740617	Skimmia japonica Thunb.	Plantae	Magnoliopsida	1	1	2	2	1	1	1	1	3	3	3	3		220
5229204	Eudocimus ruber (Linnaeus, 1758)	Animalia	Aves	1	1	2	2	1	1	1	1	1	3	2	2		212
2479329	Platycercus eximius (Shaw, 1792)	Animalia	Aves	1	1	2	2	1	1	1	1	1	1	1	1		212
9182765	Calendula arvensis L.	Plantae	Magnoliopsida	1	1	2	1	2	1	3	1	2	1	3	1	0.7802757753524437	220
2479544	Agapornis fischeri Reichenow, 1887	Animalia	Aves	1	1	2	1	1	1	2	2	3	3	3	3		212
3112110	Cotula coronopifolia L.	Plantae	Magnoliopsida	1	1	2	1	1	1	2	1	1	1	2	1	0.8692125977832985	220
2287073	Dreissena bugensis (Andrusov, 1897)	Animalia	Bivalvia	1	1	2	1	1	1	2	1	1	1	2	1	0.8643635576773284	137
8745918	Deroceras invadens Reise, Hutchinson, Schunack & Schlitt, 2011	Animalia	Gastropoda	1	1	2	1	1	1	2	1	1	1	2	1	0.6954892159929166	225
7157952	Dryopteris erythrosora (D.C.Eaton) Kuntze	Plantae	Polypodiopsida	1	1	2	1	1	1	1	1	3	2	2	1		7228684
9398259	Sporobolus anglicus (C.E.Hubb.) P.M.Peterson & Saarela	Plantae	Liliopsida	1	1	1	3	1	3	1	3	1	3	1	3	1.0399974445683562	196
2498252	Alopochen aegyptiaca (Linnaeus, 1766)	Animalia	Aves	1	1	1	3	1	3	1	3	1	3	1	3	1.0336668292997668	212
5289906	Rostraria cristata (L.) Tzvelev	Plantae	Liliopsida	1	1	1	3	1	1	1	3	2	1	1	3	1.0375387703127064	196
3034182	Ammi majus L.	Plantae	Magnoliopsida	1	1	1	3	1	1	1	3	1	3	1	3	1.1317573261887974	220
2988188	Pyracantha coccinea M.Roem.	Plantae	Magnoliopsida	1	1	1	3	1	1	1	3	1	3	1	3	1.0527817955092231	220
8373355	Artemisia annua L.	Plantae	Magnoliopsida	1	1	1	3	1	1	1	3	1	1	1	3	1.211387201830904	220
5384396	Amaranthus deflexus L.	Plantae	Magnoliopsida	1	1	1	3	1	1	1	3	1	1	1	3	1.1739648306994979	220
3033518	Clematis viticella L.	Plantae	Magnoliopsida	1	1	1	3	1	1	1	3	1	1	1	3	1.173484120580456	220
9080185	Amaranthus hypochondriacus L.	Plantae	Magnoliopsida	1	1	1	3	1	1	1	3	1	1	1	3	1.1575700416529746	220
5568339	Dysphania pumilio (R.Br.) Mosyakin & Clemants	Plantae	Magnoliopsida	1	1	1	3	1	1	1	3	1	1	1	3	1.142032887512749	220
2986184	Ribes alpinum L.	Plantae	Magnoliopsida	1	1	1	3	1	1	1	3	1	1	1	3	1.1284010132337587	220
5357407	Amorpha fruticosa L.	Plantae	Magnoliopsida	1	1	1	3	1	1	1	3	1	1	1	3	1.0913665324577129	220
2880580	Quercus cerris L.	Plantae	Magnoliopsida	1	1	1	3	1	1	1	3	1	1	1	3	1.0888897648788167	220
8946295	Pontastacus leptodactylus (Eschscholtz, 1823)	Animalia	Malacostraca	1	1	1	3	1	1	1	3	1	1	1	3	1.086334626695758	229
2888553	Dicentra formosa (Andrews) Walp.	Plantae	Magnoliopsida	1	1	1	3	1	1	1	3	1	1	1	3	1.0662945948768991	220
3152560	Hibiscus trionum L.	Plantae	Magnoliopsida	1	1	1	3	1	1	1	3	1	1	1	3	1.0645973458863083	220
5363613	Aronia ×prunifolia (Marshall) Rehder	Plantae	Magnoliopsida	1	1	1	3	1	1	1	3	1	1	1	3	1.0638469600181224	220
3003709	Rosa glauca Pourr.	Plantae	Magnoliopsida	1	1	1	3	1	1	1	3	1	1	1	3	1.0619195980256602	220
3141890	Cyclachaena xanthiifolia (Nutt.) Fresen.	Plantae	Magnoliopsida	1	1	1	3	1	1	1	3	1	1	1	3	1.052821999173906	220
6085036	Vulpia ciliata subsp. ciliata	Plantae	Liliopsida	1	1	1	3	1	1	1	3	1	1	1	3	1.0505098744708448	196
3190382	Ruta graveolens L.	Plantae	Magnoliopsida	1	1	1	3	1	1	1	3	1	1	1	3	1.0479945822274963	220
2927850	Polemonium caeruleum L.	Plantae	Magnoliopsida	1	1	1	3	1	1	1	3	1	1	1	3	1.0426424193648847	220
2930262	Solanum tuberosum L.	Plantae	Magnoliopsida	1	1	1	3	1	1	1	3	1	1	1	3	1.0408196289501548	220
2875968	Corylus colurna L.	Plantae	Magnoliopsida	1	1	1	3	1	1	1	3	1	1	1	3	1.0367205238003734	220
2959443	Gleditsia triacanthos L.	Plantae	Magnoliopsida	1	1	1	3	1	1	1	3	1	1	1	3	1.0310346915591366	220
5372639	Salix babylonica L.	Plantae	Magnoliopsida	1	1	1	3	1	1	1	3	1	1	1	3	1.0310266785351851	220
3003244	Rosa multiflora Thunb.	Plantae	Magnoliopsida	1	1	1	3	1	1	1	3	1	1	1	3	1.030237182595637	220
3000610	Chaenomeles japonica (Thunb.) Lindl. ex Spach	Plantae	Magnoliopsida	1	1	1	3	1	1	1	3	1	1	1	3	1.0290876644699667	220
5411408	Campanula latifolia L.	Plantae	Magnoliopsida	1	1	1	3	1	1	1	3	1	1	1	3	1.0266110559078445	220
3172059	Veronica spicata L.	Plantae	Magnoliopsida	1	1	1	3	1	1	1	3	1	1	1	3	1.0244903008864326	220
5377778	Aurinia saxatilis (L.) Desv.	Plantae	Magnoliopsida	1	1	1	3	1	1	1	3	1	1	1	3	1.0213162443999941	220
9188840	Epilobium ciliatum Raf.	Plantae	Magnoliopsida	1	1	1	3	1	1	1	3	1	1	1	3	1.0175055811082478	220
5358907	Trifolium alexandrinum L.	Plantae	Magnoliopsida	1	1	1	3	1	1	1	3	1	1	1	3	1.0155299867715772	220
3050595	Hirschfeldia incana (L.) Lagr.-Foss.	Plantae	Magnoliopsida	1	1	1	3	1	1	1	3	1	1	1	3	1.0131000213536867	220
3036033	Hedera colchica (K.Koch) K.Koch	Plantae	Magnoliopsida	1	1	1	3	1	1	1	2	1	1	1	3		220
8042568	Artemisia abrotanum L.	Plantae	Magnoliopsida	1	1	1	2	1	1	1	2	3	3	1	3		220
7322529	Oenothera ×rubricaulis Kleb.	Plantae	Magnoliopsida	1	1	1	2	1	1	1	2	1	1	1	2	0.9106363322082448	220
7162908	Convolvulus tricolor L.	Plantae	Magnoliopsida	1	1	1	2	1	1	1	1	3	3	1	2		220
2888435	Papaver bracteatum Lindl.	Plantae	Magnoliopsida	1	1	1	2	1	1	1	1	1	3	1	3		220
6164210	Canis lupus familiaris Linnaeus, 1758	Animalia	Mammalia	1	1	1	1	3	3	3	2	2	3	2	2		359
5227775	Phasianus versicolor Vieillot, 1825	Animalia	Aves	1	1	1	1	3	3	3	2	1	1	1	1		212
4034001	Persicaria nepalensis (Meisn.) H.Gross	Plantae	Magnoliopsida	1	1	1	1	3	3	2	2	1	1	1	1		220
5220136	Dama dama (Linnaeus, 1758)	Animalia	Mammalia	1	1	1	1	3	3	1	1	3	3	3	1	0.8790571050310445	359
2177741	Hasarius adansoni (Audouin, 1826)	Animalia	Arachnida	1	1	1	1	3	3	1	1	1	1	1	1	0.935045823433929	367
1920491	Pieris mannii (Mayer, 1851)	Animalia	Insecta	1	1	1	1	2	2	2	2	1	1	1	1		216
4497180	Andricus aries (Giraud, 1859)	Animalia	Insecta	1	1	1	1	2	2	2	1	2	2	1	1	0.8174968546347776	216
2286388	Mulinia lateralis (Say, 1822)	Animalia	Bivalvia	1	1	1	1	2	2	2	1	1	1	1	1		137
2874621	Citrullus lanatus (Thunb.) Matsum. & Nakai	Plantae	Magnoliopsida	1	1	1	1	2	2	1	1	3	3	1	1	0.9491463833134035	220
7881150	Polygonatum ×hybridum Brügger	Plantae	Liliopsida	1	1	1	1	2	1	1	1	2	1	1	1	0.9533162997508123	196
1031394	Ectopsocus petersi Smithers, 1978	Animalia	Insecta	1	1	1	1	2	1	1	1	2	1	1	1	0.8351341604740733	216
2288926	Potamocorbula amurensis (Schrenck, 1862)	Animalia	Bivalvia	1	1	1	1	1	2	1	2	1	1	1	1		137
5289643	Apera interrupta (L.) P.Beauv.	Plantae	Liliopsida	1	1	1	1	1	2	1	1	1	1	1	1	0.97800005707728	196
2855893	Allium roseum L.	Plantae	Liliopsida	1	1	1	1	1	1	3	2	1	1	2	2		196
5304257	Hyacinthoides hispanica (Mill.) Rothm.	Plantae	Liliopsida	1	1	1	1	1	1	3	1	1	1	3	1	0.9264277120416289	196
4484009	Tremulicerus distinguendus (Kirschbaum, 1868)	Animalia	Insecta	1	1	1	1	1	1	2	2	3	3	3	3		216
3137829	Psephellus dealbatus (Willd.) K.Koch	Plantae	Magnoliopsida	1	1	1	1	1	1	2	2	1	1	3	3		220
4565061	Cernuella neglecta (Draparnaud, 1805)	Animalia	Gastropoda	1	1	1	1	1	1	1	3	1	1	1	3	1.0270412533085518	225
2701879	Juncus striatus Schousb. ex E.Mey.	Plantae	Liliopsida	1	1	1	1	1	1	1	1	3	3	3	3		196
3169756	Nerium oleander L.	Plantae	Magnoliopsida	1	1	1	1	1	1	1	1	3	3	3	3		220
4201709	Sempervivum arachnoideum L.	Plantae	Magnoliopsida	1	1	1	1	1	1	1	1	3	3	3	3		220
3104106	Sanvitalia procumbens Lam.	Plantae	Magnoliopsida	1	1	1	1	1	1	1	1	3	3	2	2		220
3082279	Ceratostigma plumbaginoides Bunge	Plantae	Magnoliopsida	1	1	1	1	1	1	1	1	3	2	3	3		220
5329263	Elodea densa (Planch.) Casp.	Plantae	Liliopsida	1	1	1	1	1	1	1	1	1	1	3	1	0.8204531193035998	196
2486132	Pycnonotus leucotis (Gould, 1836)	Animalia	Aves	1	1	1	1	1	1	1	1	1	1	1	3		212
5396125	Eurybia divaricata (L.) G.L.Nesom	Plantae	Magnoliopsida	1	1	1	1	1	1	1	1	1	1	1	3		220
5284809	Pinus nigra J.F.Arnold	Plantae	Pinopsida	1	1	1	1	1	1	1	1	1	1	1	1	1.0063334217697528	194
3152861	Liriodendron tulipifera L.	Plantae	Magnoliopsida	1	1	1	1	1	1	1	1	1	1	1	1	1.0052285697796717	220
3046812	Sisymbrium orientale L.	Plantae	Magnoliopsida	1	1	1	1	1	1	1	1	1	1	1	1	1.0039941691902996	220
6376340	Thalictrum aquilegiifolium L.	Plantae	Magnoliopsida	1	1	1	1	1	1	1	1	1	1	1	1	1.0013580142724456	220
7319302	Dryopteris cycadina (Franch. & Sav.) C.Chr.	Plantae	Polypodiopsida	1	1	1	1	1	1	1	1	1	1	1	1	0.9960396968881428	7228684
5232452	Branta hutchinsii (Richardson, 1832)	Animalia	Aves	1	1	1	1	1	1	1	1	1	1	1	1	0.9937652559302013	212
8332019	Hordeum distichon L.	Plantae	Liliopsida	1	1	1	1	1	1	1	1	1	1	1	1	0.9861387313850707	196
3001244	Malus domestica (Suckow) Borkh.	Plantae	Magnoliopsida	1	1	1	1	1	1	1	1	1	1	1	1	0.985585691351728	220
5334227	Lonicera caprifolium L.	Plantae	Magnoliopsida	1	1	1	1	1	1	1	1	1	1	1	1	0.9795571126290306	220
2479977	Nymphicus hollandicus (Kerr, 1792)	Animalia	Aves	1	1	1	1	1	1	1	1	1	1	1	1	0.9792651514938435	212
2287072	Dreissena polymorpha (Pallas, 1771)	Animalia	Bivalvia	1	1	1	1	1	1	1	1	1	1	1	1	0.9738364220048717	137
3711564	Hypericum ×inodorum Mill.	Plantae	Magnoliopsida	1	1	1	1	1	1	1	1	1	1	1	1	0.9662923434566854	220
5341204	Pulmonaria officinalis L.	Plantae	Magnoliopsida	1	1	1	1	1	1	1	1	1	1	1	1	0.955990706375992	220
2932147	Solanum nitidibaccatum Bitter	Plantae	Magnoliopsida	1	1	1	1	1	1	1	1	1	1	1	1	0.9540257050622778	220
3121226	Artemisia biennis Willd.	Plantae	Magnoliopsida	1	1	1	1	1	1	1	1	1	1	1	1	0.9538295098106352	220
2685796	Pseudotsuga menziesii (Mirb.) Franco	Plantae	Pinopsida	1	1	1	1	1	1	1	1	1	1	1	1	0.9475038948577792	194
5372647	Salix pentandra L.	Plantae	Magnoliopsida	1	1	1	1	1	1	1	1	1	1	1	1	0.9450470031325376	220
2705972	Anthoxanthum aristatum Boiss.	Plantae	Liliopsida	1	1	1	1	1	1	1	1	1	1	1	1	0.9447184807912207	196
2986111	Ribes aureum Pursh	Plantae	Magnoliopsida	1	1	1	1	1	1	1	1	1	1	1	1	0.942256032815054	220
3026334	Cotoneaster divaricatus Rehder & E.H.Wilson	Plantae	Magnoliopsida	1	1	1	1	1	1	1	1	1	1	1	1	0.9400355503550792	220
2685484	Abies alba Mill.	Plantae	Pinopsida	1	1	1	1	1	1	1	1	1	1	1	1	0.9386437182581086	194
5289698	Setaria italica (L.) P.Beauv.	Plantae	Liliopsida	1	1	1	1	1	1	1	1	1	1	1	1	0.9349055850925339	196
6063730	Senecio vernalis Waldst. & Kit.	Plantae	Magnoliopsida	1	1	1	1	1	1	1	1	1	1	1	1	0.9346780579107542	220
2498384	Callonetta leucophrys (Vieillot, 1816)	Animalia	Aves	1	1	1	1	1	1	1	1	1	1	1	1	0.9323802281210363	212
2927305	Lavandula angustifolia Mill.	Plantae	Magnoliopsida	1	1	1	1	1	1	1	1	1	1	1	1	0.9321007158122148	220
5361785	Myriophyllum aquaticum (Vell.) Verdc.	Plantae	Magnoliopsida	1	1	1	1	1	1	1	1	1	1	1	1	0.9300374150258197	220
7400250	Platanus ×hispanica Mill. ex Münchh.	Plantae	Magnoliopsida	1	1	1	1	1	1	1	1	1	1	1	1	0.9234837545078302	220
7111792	Lotus corniculatus subsp. corniculatus	Plantae	Magnoliopsida	1	1	1	1	1	1	1	1	1	1	1	1	0.9184202049224887	220
2974921	Vicia villosa subsp. varia (Host) Corb.	Plantae	Magnoliopsida	1	1	1	1	1	1	1	1	1	1	1	1	0.9094689981308196	220
2702816	Echinochloa muricata (P.Beauv.) Fernald	Plantae	Liliopsida	1	1	1	1	1	1	1	1	1	1	1	1	0.9080707923741763	196
3042751	Brassica juncea (L.) Czern.	Plantae	Magnoliopsida	1	1	1	1	1	1	1	1	1	1	1	1	0.9068364736374381	220
7818643	Prunus armeniaca L.	Plantae	Magnoliopsida	1	1	1	1	1	1	1	1	1	1	1	1	0.9060389928409347	220
2686212	Larix decidua Mill.	Plantae	Pinopsida	1	1	1	1	1	1	1	1	1	1	1	1	0.9037473945111142	194
5371889	Oenanthe pimpinelloides L.	Plantae	Magnoliopsida	1	1	1	1	1	1	1	1	1	1	1	1	0.900738323147289	220
3026454	Spiraea salicifolia L.	Plantae	Magnoliopsida	1	1	1	1	1	1	1	1	1	1	1	1	0.8978784588792399	220
2704949	Festuca trachyphylla (Hack.) Hack.	Plantae	Liliopsida	1	1	1	1	1	1	1	1	1	1	1	1	0.8894220745663519	196
7747216	Aira caryophyllea L.	Plantae	Liliopsida	1	1	1	1	1	1	1	1	1	1	1	1	0.8890129157974217	196
2362868	Pseudorasbora parva (Temminck & Schlegel, 1846)	Animalia		1	1	1	1	1	1	1	1	1	1	1	1	0.888616232158549	
8183217	Salix gmelinii Pall.	Plantae	Magnoliopsida	1	1	1	1	1	1	1	1	1	1	1	1	0.8831845954882466	220
3040254	Reseda alba L.	Plantae	Magnoliopsida	1	1	1	1	1	1	1	1	1	1	1	1	0.8807889555643604	220
2705401	Eragrostis multicaulis Steud.	Plantae	Liliopsida	1	1	1	1	1	1	1	1	1	1	1	1	0.8793868336833188	196
2687210	Tsuga heterophylla (Raf.) Sarg.	Plantae	Pinopsida	1	1	1	1	1	1	1	1	1	1	1	1	0.8764154938444987	194
3725062	Veronica teucrium L.	Plantae	Magnoliopsida	1	1	1	1	1	1	1	1	1	1	1	1	0.8732383155403486	220
5290242	Gaudinia fragilis (L.) P.Beauv.	Plantae	Liliopsida	1	1	1	1	1	1	1	1	1	1	1	1	0.8711919687776618	196
6300805	Pilosella bauhini (Schult.) Arv.-Touv.	Plantae	Magnoliopsida	1	1	1	1	1	1	1	1	1	1	1	1	0.8710818754708519	220
2115769	Austrominius modestus (Darwin, 1854)	Animalia		1	1	1	1	1	1	1	1	1	1	1	1	0.8629959580037151	
2516075	Cumminsiella mirabilissima (Peck) Nannf.	Fungi	Pucciniomycetes	1	1	1	1	1	1	1	1	1	1	1	1	0.8574902025058826	270
5538946	Pimpinella peregrina L.	Plantae	Magnoliopsida	1	1	1	1	1	1	1	1	1	1	1	1	0.8368133815292997	220
2366634	Carassius gibelio (Bloch, 1782)	Animalia		1	1	1	1	1	1	1	1	1	1	1	1	0.8236790194716631	
3113637	Cirsium rivulare (Jacq.) All.	Plantae	Magnoliopsida	1	1	1	1	1	1	1	1	1	1	1	1	0.8002981778225345	220
2705378	Eragrostis curvula (Schrad.) Nees	Plantae	Liliopsida	1	1	1	1	1	1	1	1	1	1	1	1	0.7919232209406442	196
5362136	Aruncus dioicus (Walter) Fernald	Plantae	Magnoliopsida	1	1	1	1	1	1	1	1	1	1	1	1	0.7746725818446009	220
2701578	Juncus foliosus Desf.	Plantae	Liliopsida	1	1	1	1	1	1	1	1	1	1	1	1	0.7731486379182698	196
3666422	Chamaenerion dodonaei (Vill.) Schur ex Fuss.	Plantae	Magnoliopsida	1	1	1	1	1	1	1	1	1	1	1	1	0.7596657424091081	220
7230699	Pinus nigra subsp. nigra	Plantae	Pinopsida	1	1	1	1	1	1	1	1	1	1	1	1	0.7550765165100864	194
5189713	Menetus dilatatus (A.Gould, 1841)	Animalia	Gastropoda	1	1	1	1	1	1	1	1	1	1	1	1	0.7370363588068903	225
2469188	Podarcis muralis (Laurenti, 1768)	Animalia	Squamata	1	1	1	1	1	1	1	1	1	1	1	1	0.7242146130145048	11592253
2702058	Juncus anthelatus (Wiegand) R.E.Brooks	Plantae	Liliopsida	1	1	1	1	1	1	1	1	1	1	1	1	0.7098226532832622	196
2929800	Solanum angustifolium Houst. ex Mill.	Plantae	Magnoliopsida	1	1	1	1	1	1	1	1	1	1	1	1	0.7044575696586292	220
6369819	Sambucus canadensis L.	Plantae	Magnoliopsida	1	1	1	1	1	1	1	1	1	1	1	1	0.6951390826023074	220
4562917	Cochlicella acuta (O.F.Müller, 1774)	Animalia	Gastropoda	1	1	1	1	1	1	1	1	1	1	1	1	0.6842042051494777	225
3140436	Lactuca macrophylla (Willd.) A.Gray	Plantae	Magnoliopsida	1	1	1	1	1	1	1	1	1	1	1	1	0.6825310572956589	220
2294277	Theba pisana (O.F.Müller, 1774)	Animalia	Gastropoda	1	1	1	1	1	1	1	1	1	1	1	1	0.6795056366496176	225
4598225	Tandonia budapestensis (Hazay, 1880)	Animalia	Gastropoda	1	1	1	1	1	1	1	1	1	1	1	1	0.6673943294427533	225
4567717	Boettgerilla pallens Simroth, 1912	Animalia	Gastropoda	1	1	1	1	1	1	1	1	1	1	1	1	0.5827138380041722	225
2718377	Bolboschoenus planiculmis (F.Schmidt) T.V.Egorova	Plantae	Liliopsida	1	1	1	1	1	1	1	1	1	1	1	1		196
2855705	Allium lusitanicum Lam.	Plantae	Liliopsida	1	1	1	1	1	1	1	1	1	1	1	1		196
3032442	Rhodotypos scandens (Thunb.) Makino	Plantae	Magnoliopsida	1	1	1	1	1	1	1	1	1	1	1	1		220
9018536	Koenigia campanulata (Hook.fil.) T.M.Schust. & Reveal	Plantae	Magnoliopsida	1	1	1	1	1	1	1	1	1	1	1	1		220
2930222	Solanum americanum Mill.	Plantae	Magnoliopsida	1	1	1	1	1	1	1	1	1	0	1	1	0.8508054926497124	220
2498408	Lophodytes cucullatus (Linnaeus, 1758)	Animalia	Aves	1	1	1	1	1	0	1	1	1	0	1	1	0.9135740403718565	212
3152372	Malva pusilla Sm.	Plantae	Magnoliopsida	1	1	1	1	0	1	1	1	0	1	1	1	0.8333321643441186	220
5372614	Salix eriocephala Michx.	Plantae	Magnoliopsida	1	1	1	1	0	1	1	1	0	1	0	1	0.8285414813978516	220
7156971	Oxalis triangularis A.St.-Hil.	Plantae	Magnoliopsida	1	1	1	0	3	3	2	0	3	2	2	0	0.7405123319337067	220
2984532	Zelkova serrata (Thunb.) Makino	Plantae	Magnoliopsida	1	1	1	0	1	1	1	0	3	3	3	0	0.7497061304357154	220
1749449	Cameraria ohridella Deschka & Dimić, 1986	Animalia	Insecta	1	1	1	0	1	1	1	0	3	1	3	0	0.7133194107256325	216
5284827	Picea sitchensis (Bong.) Carrière	Plantae	Pinopsida	1	1	1	0	1	1	1	0	1	1	1	0	0.7459261684312374	194
2873877	Linum austriacum L.	Plantae	Magnoliopsida	1	1	1	0	1	1	1	0	1	1	1	0	0.6878390988790244	220
7889822	Spiraea ×billardii Hérincq	Plantae	Magnoliopsida	1	1	0	2	1	1	0	2	1	1	0	2		220
3152377	Malva verticillata L.	Plantae	Magnoliopsida	1	1	0	1	2	1	0	1	2	1	0	1	0.9396481775658944	220
4285968	Ponticola kessleri (Günther, 1861)	Animalia		1	1	0	1	2	1	0	1	1	1	0	1	0.6895278150535215	
3118254	Tanacetum balsamita L.	Plantae	Magnoliopsida	1	1	0	1	1	1	0	1	3	3	0	1	0.7975750955135322	220
2427091	Lithobates catesbeianus (Shaw, 1802)	Animalia	Amphibia	1	1	0	1	1	1	0	1	1	3	0	1	0.7681073123211738	131
3033077	Aucuba japonica Thunb.	Plantae	Magnoliopsida	1	1	0	1	1	1	0	1	1	1	0	1	0.9762811428909237	220
11162940	Phedimus spurius subsp. spurius	Plantae	Magnoliopsida	1	1	0	1	1	1	0	1	1	1	0	1	0.933427199254815	220
9508460	Mareca sibilatrix (Poeppig, 1829)	Animalia	Aves	1	1	0	1	1	1	0	1	1	1	0	1	0.9236982434649033	212
5284982	Pinus strobus L.	Plantae	Pinopsida	1	1	0	1	1	1	0	1	1	1	0	1	0.913778187991878	194
5415054	Forsythia ×intermedia Zabel	Plantae	Magnoliopsida	1	1	0	1	1	1	0	1	1	1	0	1	0.8853933734683479	220
7266343	Salix purpurea subsp. purpurea	Plantae	Magnoliopsida	1	1	0	1	1	1	0	1	1	1	0	1	0.876305304100285	220
2772094	Muscari botryoides (L.) Mill.	Plantae	Liliopsida	1	1	0	1	1	1	0	1	1	1	0	1	0.8664361941007612	196
2889019	Rumex patientia L.	Plantae	Magnoliopsida	1	1	0	1	1	1	0	1	1	1	0	1	0.8378981181869933	220
2493633	Taeniopygia guttata (Vieillot, 1817)	Animalia	Aves	1	1	0	1	1	1	0	1	1	1	0	1	0.8104518999625933	212
2379089	Neogobius melanostomus (Pallas, 1814)	Animalia		1	1	0	1	1	1	0	1	1	1	0	0	0.6725721173870425	
3138327	Carthamus tinctorius L.	Plantae	Magnoliopsida	1	1	0	1	1	1	0	1	0	1	0	1	0.9849656509359996	220
2480491	Circus macrourus (S.G.Gmelin, 1770)	Animalia	Aves	1	1	0	1	0	1	0	1	0	1	0	1	0.6857535865977924	212
1346919	Isodontia mexicana (de Saussure, 1867)	Animalia	Insecta	1	1	0	0	3	3	0	0	3	1	0	0	0.15894418054690848	216
2598552	Seifertia azaleae (Peck) Partr. & Morgan-Jones	Fungi	Dothideomycetes	1	1	0	0	2	2	0	0	1	1	0	0	0.7860583584142671	183
2767271	Scilla luciliae (Boiss.) Speta	Plantae	Liliopsida	1	1	0	0	2	1	0	0	3	1	0	0	0.3332243188275837	196
3098951	Cosmos sulphureus Cav.	Plantae	Magnoliopsida	1	1	0	0	1	2	0	0	3	3	0	0	0.4412620716267669	220
2149679	Holocnemus pluchei (Scopoli, 1763)	Animalia	Arachnida	1	1	0	0	1	2	0	0	2	3	0	0	0.5084910254228827	367
3169391	Lysimachia ciliata L.	Plantae	Magnoliopsida	1	1	0	0	1	1	0	0	3	3	0	0	0.2559239785628782	220
8080743	Scilla siberica Andrews	Plantae	Liliopsida	1	1	0	0	1	1	0	0	1	1	0	0	0.8772984615605922	196
5189806	Physella acuta (Draparnaud, 1805)	Animalia	Gastropoda	1	1	0	0	1	1	0	0	1	1	0	0	0.8181414797138834	225
9673106	Eriocapitella ×hybrida (L.H.Bailey) Christenh. & Byng	Plantae	Magnoliopsida	1	1	0	0	1	1	0	0	1	1	0	0	0.7116062520769724	220
5123474	Anthophila nemorana (Hübner, 1799)	Animalia	Insecta	1	1	0	0	1	1	0	0	1	1	0	0	0.6767148169785515	216
2142456	Uloborus plumipes Lucas, 1846	Animalia	Arachnida	1	1	0	0	1	1	0	0	1	1	0	0	0.6701001543519777	367
1031400	Ectopsocus briggsi McLachlan, 1899	Animalia	Insecta	1	1	0	0	1	1	0	0	1	1	0	0	0.5129519285231047	216
2704194	Poa infirma Kunth	Plantae	Liliopsida	1	1	0	0	1	1	0	0	1	1	0	0	0.38692953987642364	196
4067302	Symphytum grandiflorum DC.	Plantae	Magnoliopsida	1	0	3	3	1	0	3	3	1	0	3	3	1.1747570317735885	220
2686157	Larix kaempferi (Lamb.) Carrière	Plantae	Pinopsida	1	0	3	3	1	0	3	3	1	0	3	3	1.0390667416074535	194
3133938	Coreopsis lanceolata L.	Plantae	Magnoliopsida	1	0	3	3	1	0	1	3	1	0	1	3	1.2676003272284218	220
2926992	Salvia hispanica L.	Plantae	Magnoliopsida	1	0	3	1	1	0	3	3	3	0	3	3	1.015322577164797	220
2494303	Serinus canaria (Linnaeus, 1758)	Animalia	Aves	1	0	3	1	1	0	3	3	1	0	3	3	1.0123602593998355	212
4286975	Cyprinus carpio Linnaeus, 1758	Animalia		1	0	3	1	1	0	3	1	3	0	3	1	0.9259956691938885	
3171952	Verbascum speciosum Schrad.	Plantae	Magnoliopsida	1	0	3	1	1	0	3	1	1	2	3	3	0.88268494736369	220
3922888	Anemone sylvestris L.	Plantae	Magnoliopsida	1	0	3	1	1	0	3	1	1	0	3	1	0.7933206274787559	220
5415012	Linaria purpurea (L.) Mill.	Plantae	Magnoliopsida	1	0	3	0	1	0	3	0	1	0	3	0	0.8763577072909878	220
3886505	Phlomis russeliana (Sims) Lag. ex Benth.	Plantae	Magnoliopsida	1	0	3	0	1	0	3	0	1	0	3	0	0.8073935575176723	220
3133950	Coreopsis tinctoria Nutt.	Plantae	Magnoliopsida	1	0	3	0	1	0	3	0	1	0	3	0	0.6671141750255664	220
7226776	Setaria verticillata var. verticillata	Plantae	Liliopsida	1	0	1	2	1	0	1	2	1	0	1	2	0.9300512720212483	196
2889934	Tropaeolum majus L.	Plantae	Magnoliopsida	1	0	1	2	1	0	1	2	1	0	1	2		220
2739071	Trachycarpus fortunei (Hook.) H.Wendl.	Plantae	Liliopsida	1	0	1	1	2	0	1	1	3	0	1	3	0.9853838542093466	196
3083680	Atriplex micrantha Ledeb.	Plantae	Magnoliopsida	1	0	1	1	1	0	1	1	1	0	2	1	0.7448303013230743	220
2890035	Geranium ×oxonianum P.F.Yeo	Plantae	Magnoliopsida	1	0	1	1	1	0	1	1	1	0	1	3	0.9865885446378854	220
8193111	Melilotus officinalis (L.) Lam.	Plantae	Magnoliopsida	1	0	1	1	1	0	1	1	1	0	1	1	0.980347569702102	220
5587240	Silene vulgaris subsp. vulgaris	Plantae	Magnoliopsida	1	0	1	1	1	0	1	1	1	0	1	1	0.9653648464967708	220
7068379	Vicia sativa subsp. sativa	Plantae	Magnoliopsida	1	0	1	1	1	0	1	1	1	0	1	1	0.9090243815572389	220
2705144	Panicum dichotomiflorum Michx.	Plantae	Liliopsida	1	0	1	1	1	0	1	1	1	0	1	1	0.8856864672992126	196
4553469	Leiobunum Koch, 1839	Animalia	Arachnida	1	0	1	1	1	0	1	1	1	0	1	1	0.8227353126464825	367
9326020	Gallus gallus (Linnaeus, 1758)	Animalia	Aves	1	0	1	1	1	0	1	1	1	0	1	1	0.7797129637536115	212
2049661	Adelges abietis (Linnaeus, 1758)	Animalia	Insecta	1	0	1	1	1	0	1	1	1	0	1	1	0.7679389593670162	216
4989904	Harmonia axyridis (Pallas, 1773)	Animalia	Insecta	1	0	1	0	1	0	1	0	3	0	3	0	0.7766889895813311	216
2498387	Aix sponsa (Linnaeus, 1758)	Animalia	Aves	1	0	1	0	1	0	1	0	1	0	3	0	0.7934811508008844	212
9451184	Pavo cristatus Linnaeus, 1758	Animalia	Aves	1	0	1	0	1	0	1	0	1	0	3	0	0.6681802847470838	212
6411098	Lamium galeobdolon subsp. argentatum (Smejkal) J.Duvign.	Plantae	Magnoliopsida	1	0	1	0	1	0	1	0	1	0	1	0	0.8511098664210298	220
3089154	Xanthium strumarium L.	Plantae	Magnoliopsida	1	0	1	0	1	0	1	0	1	0	1	0	0.7716430791168164	220
2974753	Vicia lutea L.	Plantae	Magnoliopsida	1	0	1	0	1	0	1	0	1	0	1	0	0.7452718001583294	220
2703698	Bromus sitchensis Trin.	Plantae	Liliopsida	1	0	1	0	1	0	1	0	1	0	1	0	0.7096856444078147	196
6409536	Ballota nigra subsp. nigra	Plantae	Magnoliopsida	1	0	1	0	1	0	1	0	1	0	1	0	0.5857779548949369	220
9890104	Xeroplexa intersecta (Poiret, 1801)	Animalia	Gastropoda	1	0	1	0	1	0	1	0	1	0	1	0	0.34738419720233493	225
2480372	Elanus caeruleus (Desfontaines, 1789)	Animalia	Aves	1	0	1	0	1	0	0	0	2	0	0	0	0.25307083781612194	212
4038485	Reynoutria ×bohemica Chrtek & Chrtková	Plantae	Magnoliopsida	1	0	0	1	1	0	0	1	1	0	0	0	0.7102248094533651	220
3112364	Cynara cardunculus L.	Plantae	Magnoliopsida	1	0	0	0	2	0	0	0	2	0	0	0	0.6694270145305025	220
7738766	Miscanthus sacchariflorus (Maxim.) Benth. & Hook.f. ex Franch.	Plantae	Liliopsida	1	0	0	0	1	0	0	0	2	0	0	0	0.6921411958837146	196
3756650	Chenopodium ×reynieri Ludw. & Aellen	Plantae	Magnoliopsida	1	0	0	0	1	0	0	0	1	0	0	0	0.6990456966044328	220
7127810	Cyclamen hederifolium Aiton	Plantae	Magnoliopsida	1	0	0	0	1	0	0	0	1	0	0	0	0.6894561889304397	220
2706026	Miscanthus sinensis Andersson	Plantae	Liliopsida	1	0	0	0	1	0	0	0	1	0	0	0	0.6727757559795084	196
7989836	Symphytum caucasicum M.Bieb.	Plantae	Magnoliopsida	1	0	0	0	1	0	0	0	1	0	0	0	0.5114718690844455	220
5373160	Malcolmia flexuosa (Sm.) Sm.	Plantae	Magnoliopsida	1	0	0	0	1	0	0	0	1	0	0	0	0.34307741017643745	220
5369784	Geum macrophyllum Willd.	Plantae	Magnoliopsida	0	3	3	3	2	3	3	3	2	3	3	3	1.2256888668629746	220
2020686	Stephanitis takeyai Drake & Maa, 1955	Animalia	Insecta	0	3	3	3	0	3	3	3	0	3	3	3	1.1792208690638275	216
5391480	Calendula officinalis L.	Plantae	Magnoliopsida	0	3	1	3	0	3	1	3	0	3	1	3	1.248883451490202	220
3148340	Inula helenium L.	Plantae	Magnoliopsida	0	3	1	3	0	3	1	3	0	3	1	3	1.1785268521764856	220
2891707	Oxalis debilis Kunth	Plantae	Magnoliopsida	0	3	1	3	0	3	1	3	0	3	1	3	1.1260682180809451	220
3797084	Alkekengi officinarum Moench	Plantae	Magnoliopsida	0	3	1	3	0	3	1	3	0	3	1	3	1.0781710907301087	220
5347846	Lathyrus oleraceus Lam.	Plantae	Magnoliopsida	0	3	1	3	0	3	1	3	0	3	1	3	1.0686396614291018	220
2988354	Physocarpus opulifolius (L.) Maxim.	Plantae	Magnoliopsida	0	3	1	3	0	3	1	3	0	3	1	3	1.0623692784307919	220
3085438	Cerastium tomentosum L.	Plantae	Magnoliopsida	0	3	1	3	0	3	1	3	0	3	1	3	1.0615192132481446	220
7627205	Glebionis coronaria (L.) Tzvelev	Plantae	Magnoliopsida	0	3	1	3	0	3	1	3	0	3	1	3	1.0335574667842262	220
3026294	Cotoneaster bullatus Bois ex Bilm. & Bois	Plantae	Magnoliopsida	0	3	0	3	0	3	1	3	0	3	1	3	1.1158284545233486	220
5341442	Thymus vulgaris L.	Plantae	Magnoliopsida	0	3	0	3	0	3	0	3	0	3	0	3	1.0964515711178913	220
10095118	Microcarbo pygmaeus (Pallas, 1773)	Animalia	Aves	0	3	0	3	0	3	0	3	0	3	0	3	1.0843595953994296	212
7313595	Asarum europaeum L.	Plantae	Magnoliopsida	0	3	0	3	0	3	0	3	0	3	0	3	1.0432175684296623	220
3042845	Brassica oleracea L.	Plantae	Magnoliopsida	0	3	0	3	0	3	0	3	0	3	0	3	1.0300865807756143	220
2498015	Tadorna ferruginea (Pallas, 1764)	Animalia	Aves	0	3	0	1	0	3	1	1	1	3	1	1	0.9287235109778913	212
2986045	Philadelphus coronarius L.	Plantae	Magnoliopsida	0	3	0	1	0	3	0	1	0	1	0	1	0.7772621554674118	220
2157245	Steatoda grossa (C.L.Koch, 1838)	Animalia	Arachnida	0	3	0	0	0	3	0	0	0	3	0	0	0.7889916308547047	367
5341203	Pulmonaria saccharata Mill.	Plantae	Magnoliopsida	0	2	1	3	0	2	1	3	0	3	0	3	1.054451782297348	220
3034681	Myrrhis odorata (L.) Scop.	Plantae	Magnoliopsida	0	2	1	3	0	2	1	3	0	2	1	3	1.0557085195324831	220
2889229	Persicaria orientalis (L.) Spach	Plantae	Magnoliopsida	0	2	1	1	0	2	1	1	0	2	1	1	0.943529258479412	220
5401760	Ageratum houstonianum Mill.	Plantae	Magnoliopsida	0	2	1	1	0	2	1	1	0	2	0	1	0.9815497553247376	220
4565134	Cernuella aginnica (Locard, 1882)	Animalia	Gastropoda	0	2	1	1	0	2	1	1	0	1	1	1	0.293473758442305	225
5372392	Vitis vinifera L.	Plantae	Magnoliopsida	0	2	0	1	0	2	0	1	0	2	0	3	0.999306577148685	220
3026074	Cotoneaster salicifolius Franch.	Plantae	Magnoliopsida	0	2	0	1	0	2	0	1	0	2	0	1	0.9096851153902283	220
5371699	Hepatica nobilis Schreb.	Plantae	Magnoliopsida	0	2	0	1	0	1	0	1	0	2	0	1	0.9158453998010129	220
5229055	Psittacula eupatria (Linnaeus, 1766)	Animalia	Aves	0	1	3	3	0	1	3	3	0	1	3	3	1.1444958167997084	212
3128225	Centaurea nigra L.	Plantae	Magnoliopsida	0	1	2	2	0	1	2	2	0	1	2	2	0.9221409396699138	220
7224427	Trifolium hybridum subsp. hybridum	Plantae	Magnoliopsida	0	1	2	2	0	1	2	2	0	1	2	2	0.907265722879179	220
3083761	Atriplex hortensis L.	Plantae	Magnoliopsida	0	1	1	3	0	1	1	3	0	1	1	3	1.26382598324474	220
5358266	Ornithopus sativus Brot.	Plantae	Magnoliopsida	0	1	1	3	0	1	1	3	0	1	1	3	1.25870230010179	220
2995149	Rubus phoenicolasius Maxim.	Plantae	Magnoliopsida	0	1	1	3	0	1	1	3	0	1	1	3	1.0833317638364137	220
3686235	Staphylea pinnata L.	Plantae	Magnoliopsida	0	1	1	3	0	1	1	3	0	1	1	3	1.0775157364623829	220
2927230	Stachys byzantina K.Koch	Plantae	Magnoliopsida	0	1	1	3	0	1	1	3	0	1	1	3	1.0649150553647748	220
3085357	Saponaria ocymoides L.	Plantae	Magnoliopsida	0	1	1	2	0	1	1	2	0	1	1	3		220
3169340	Lysimachia punctata L.	Plantae	Magnoliopsida	0	1	1	1	0	1	1	3	0	3	1	3	1.0164219180027259	220
7403263	Lactuca sativa L.	Plantae	Magnoliopsida	0	1	1	1	0	1	1	3	0	1	1	3	1.0154075406390608	220
2985949	Sempervivum tectorum L.	Plantae	Magnoliopsida	0	1	1	1	0	1	1	1	0	1	1	1	0.9830185742622022	220
3026162	Cotoneaster franchetii Boiss.	Plantae	Magnoliopsida	0	1	1	1	0	1	1	1	0	1	1	1	0.9635902746730765	220
5374614	Barbarea stricta Andrz. ex Besser	Plantae	Magnoliopsida	0	1	1	1	0	1	1	1	0	1	1	1	0.9259360226339036	220
2930805	Solanum sarrachoides Sendtn.	Plantae	Magnoliopsida	0	1	1	1	0	1	1	1	0	1	1	1	0.9180892284085458	220
5356514	Lathyrus odoratus L.	Plantae	Magnoliopsida	0	1	1	1	0	1	1	1	0	1	1	1	0.8970315433334036	220
5384361	Amaranthus bouchonii Thell.	Plantae	Magnoliopsida	0	1	1	1	0	1	1	1	0	1	1	1	0.8918110205638846	220
7978544	Hydrocotyle ranunculoides L.fil.	Plantae	Magnoliopsida	0	1	1	1	0	1	1	1	0	1	1	1	0.8868190929057912	220
3046929	Sisymbrium chrysanthum Jord.	Plantae	Magnoliopsida	0	1	1	1	0	1	1	1	0	1	1	1	0.8664106716143812	220
7315286	Fumaria muralis Koch	Plantae	Magnoliopsida	0	1	1	1	0	1	1	1	0	1	1	1	0.8449858519426934	220
2480773	Plegadis falcinellus (Linnaeus, 1766)	Animalia	Aves	0	1	1	1	0	1	1	1	0	1	1	1	0.8303445013213592	212
2480764	Threskiornis aethiopicus (Latham, 1790)	Animalia	Aves	0	1	1	1	0	1	1	1	0	1	1	1	0.8214804581011296	212
5341387	Hyssopus officinalis L.	Plantae	Magnoliopsida	0	1	1	1	0	1	1	1	0	1	1	1	0.7874108515780117	220
3039209	Parthenocissus tricuspidata (Siebold & Zucc.) Planch.	Plantae	Magnoliopsida	0	1	0	3	0	1	0	3	0	1	0	3	1.1045553001844652	220
5377303	Iberis umbellata L.	Plantae	Magnoliopsida	0	1	0	3	0	1	0	3	0	1	0	3	1.0915063628241393	220
5370380	Dasiphora fruticosa (L.) Rydb.	Plantae	Magnoliopsida	0	1	0	3	0	1	0	3	0	1	0	3	1.0759762274023281	220
3190522	Cotinus coggygria Scop.	Plantae	Magnoliopsida	0	1	0	2	0	1	0	2	0	1	0	3		220
3663237	Cornus sanguinea subsp. australis (C.A.Mey.) Jáv.	Plantae	Magnoliopsida	0	1	0	1	0	1	0	1	0	3	0	2		220
2932872	Solanum decipiens Opiz	Plantae	Magnoliopsida	0	1	0	1	0	1	0	1	0	1	1	1	0.9952240207242585	220
5371772	Levisticum officinale W.D.J.Koch	Plantae	Magnoliopsida	0	1	0	1	0	1	0	1	0	1	0	1	0.980051823350076	220
5376565	Lepidium sativum L.	Plantae	Magnoliopsida	0	1	0	1	0	1	0	1	0	1	0	1	0.9488994187574886	220
3034915	Astrantia major L.	Plantae	Magnoliopsida	0	1	0	1	0	1	0	1	0	1	0	1	0.9307001211572837	220
5362573	Pyrus communis L.	Plantae	Magnoliopsida	0	1	0	1	0	1	0	1	0	1	0	1	0.9282447952494115	220
3025617	Cotoneaster horizontalis Decne.	Plantae	Magnoliopsida	0	1	0	1	0	1	0	1	0	1	0	1	0.888271364467245	220
3034646	Anethum graveolens L.	Plantae	Magnoliopsida	0	1	0	1	0	1	0	1	0	1	0	1	0.877440521744184	220
7062200	Trachemys scripta scripta	Animalia	Testudines	0	1	0	1	0	1	0	1	0	1	0	1	0.8630174947556771	11418114
3025896	Cotoneaster dielsianus E.Pritz.	Plantae	Magnoliopsida	0	1	0	1	0	1	0	1	0	1	0	1	0.7911311397684022	220
5284884	Picea abies (L.) H.Karst.	Plantae	Pinopsida	0	1	0	1	0	1	0	1	0	1	0	1	0.7659431894812334	194
5361762	Myriophyllum heterophyllum Michx.	Plantae	Magnoliopsida	0	1	0	1	0	1	0	1	0	1	0	1	0.5913696880678713	220
8599762	Aproceros leucopoda Takeuchi, 1939	Animalia	Insecta	0	1	0	0	0	2	0	0	0	3	0	0	0.40030390056776427	216
5598915	Lonicera pileata Oliv.	Plantae	Magnoliopsida	0	1	0	0	0	1	0	0	0	1	0	0	0.9144522437912302	220
3042636	Brassica napus L.	Plantae	Magnoliopsida	0	1	0	0	0	1	0	0	0	1	0	0	0.8777163398187128	220
2481062	Falco vespertinus Linnaeus, 1766	Animalia	Aves	0	1	0	0	0	1	0	0	0	1	0	0	0.8376147914519019	212
2481263	Gelochelidon nilotica (J.F.Gmelin, 1789)	Animalia	Aves	0	1	0	0	0	1	0	0	0	1	0	0	0.7822509803457244	212
2498167	Anser caerulescens (Linnaeus, 1758)	Animalia	Aves	0	1	0	0	0	1	0	0	0	1	0	0	0.7796064341785852	212
2965354	Medicago falcata L.	Plantae	Magnoliopsida	0	1	0	0	0	1	0	0	0	1	0	0	0.7120182138622796	220
2480906	Ardeola ralloides (Scopoli, 1769)	Animalia	Aves	0	1	0	0	0	1	0	0	0	1	0	0	0.6951719158393788	212
2492867	Lanius senator Linnaeus, 1758	Animalia	Aves	0	1	0	0	0	1	0	0	0	1	0	0	0.6792978318787398	212
4486297	Arocatus longiceps Stal, 1872	Animalia	Insecta	0	1	0	0	0	1	0	0	0	1	0	0	0.49205216812724606	216
4409643	Leuciscus idus (Linnaeus, 1758)	Animalia		0	1	0	0	0	0	0	0	0	0	0	0	0.7294402931134821	
2337607	Silurus glanis Linnaeus, 1758	Animalia		0	1	0	0	0	0	0	0	0	0	0	0	0.3084493265566021	
1421091	Lepisma saccharinum Linnaeus, 1758	Animalia	Insecta	0	0	3	3	0	0	3	3	2	2	3	3	1.2814212822390554	216
2925895	Echium plantagineum L.	Plantae	Magnoliopsida	0	0	3	0	0	0	3	0	2	2	3	0	0.76928458429896	220
2874508	Cucurbita pepo L.	Plantae	Magnoliopsida	0	0	2	1	0	0	2	1	0	0	2	1	0.8927797138854139	220
2775530	Yucca flaccida Haw.	Plantae	Liliopsida	0	0	2	1	0	0	2	1	0	0	2	1	0.8278159547304748	196
3147018	Erigeron floribundus (Kunth) Sch.Bip.	Plantae	Magnoliopsida	0	0	2	0	0	0	2	0	0	0	2	0	0.7803076619092518	220
2888380	Eschscholzia californica Cham.	Plantae	Magnoliopsida	0	0	1	3	0	0	1	3	0	0	1	3	1.3090577400241599	220
2891079	Geranium macrorrhizum L.	Plantae	Magnoliopsida	0	0	1	3	0	0	1	3	0	0	1	3	1.1310780345701752	220
3027159	Spiraea douglasii Hook.	Plantae	Magnoliopsida	0	0	1	1	0	1	1	1	0	1	1	1	0.8938843392137141	220
2440954	Cervus nippon Temminck, 1838	Animalia	Mammalia	0	0	1	1	0	0	1	1	0	0	2	2		359
7225471	Vicia villosa subsp. villosa	Plantae	Magnoliopsida	0	0	1	1	0	0	1	1	0	0	1	1	0.9643019856777685	220
2963817	Lupinus luteus L.	Plantae	Magnoliopsida	0	0	1	1	0	0	1	1	0	0	1	1	0.8342067959718428	220
4488821	Deraeocoris flavilinea (A.Costa, 1862)	Animalia	Insecta	0	0	1	1	0	0	1	1	0	0	0	1	0.9210452127072994	216
2382155	Sander lucioperca (Linnaeus, 1758)	Animalia		0	0	1	0	0	0	1	0	1	0	1	0	0.7897009162494971	
4486365	Nysius huttoni White, 1878	Animalia	Insecta	0	0	1	0	0	0	1	0	0	0	1	0	0.5425382138982737	216
2078852	Nezara viridula (Linnaeus, 1758)	Animalia	Insecta	0	0	0	3	2	0	2	3	2	2	2	3	2.5917887617479134	216
2426640	Pelophylax bedriagae (Camerano, 1882)	Animalia	Amphibia	0	0	0	3	0	0	0	3	0	0	0	2	1.0922731502734229	131
3026092	Cotoneaster hjelmqvistii Flinck & B.Hylmö	Plantae	Magnoliopsida	0	0	0	1	0	0	1	1	0	0	1	1	0.748299738285572	220
4532122	Cydalima perspectalis (Walker, 1859)	Animalia	Insecta	0	0	0	1	0	0	0	1	2	2	2	3	0.9531655175982271	216
3152583	Hibiscus syriacus L.	Plantae	Magnoliopsida	0	0	0	1	0	0	0	1	0	0	0	1	0.9447476535853427	220
7828157	Petroselinum crispum (Mill.) Fuss	Plantae	Magnoliopsida	0	0	0	1	0	0	0	1	0	0	0	1	0.894151989658206	220
5365305	Potentilla norvegica L.	Plantae	Magnoliopsida	0	0	0	1	0	0	0	1	0	0	0	1	0.8865756129233223	220
2867614	Lemna minuta Kunth	Plantae	Liliopsida	0	0	0	1	0	0	0	1	0	0	0	1	0.8674278302111005	196
3171888	Lindernia dubia (L.) Pennell	Plantae	Magnoliopsida	0	0	0	1	0	0	0	1	0	0	0	1	0.8547702053096985	220
2702727	Festuca myuros L.	Plantae	Liliopsida	0	0	0	0	0	0	0	0	0	0	0	0	0.9315374052051476	196
6387003	Equisetum praealtum Raf.	Plantae	Polypodiopsida	0	0	0	0	0	0	0	0	0	0	0	0	0.889695633732741	7228684
2481959	Gavia arctica (Linnaeus, 1758)	Animalia	Aves	0	0	0	0	0	0	0	0	0	0	0	0	0.8508571559781839	212
3188924	Oenothera biennis L.	Plantae	Magnoliopsida	0	0	0	0	0	0	0	0	0	0	0	0	0.8393203429773047	220
2481962	Gavia immer (Brunnich, 1764)	Animalia	Aves	0	0	0	0	0	0	0	0	0	0	0	0	0.833828915172735	212
3039203	Parthenocissus inserta (A.Kern.) Fritsch	Plantae	Magnoliopsida	0	0	0	0	0	0	0	0	0	0	0	0	0.8205084365998161	220
5365705	Potentilla intermedia L.	Plantae	Magnoliopsida	0	0	0	0	0	0	0	0	0	0	0	0	0.8149823005126264	220
5289833	Nassella tenuissima (Trin.) Barkworth	Plantae	Liliopsida	0	0	0	0	0	0	0	0	0	0	0	0	0.7977860257109777	196
5289756	Phalaris arundinacea L.	Plantae	Liliopsida	0	0	0	0	0	0	0	0	0	0	0	0	0.7942238379890845	196
2865448	Elodea canadensis Michx.	Plantae	Liliopsida	0	0	0	0	0	0	0	0	0	0	0	0	0.7731710091294007	196
6157026	Trachemys scripta elegans (Wied, 1838)	Animalia	Testudines	0	0	0	0	0	0	0	0	0	0	0	0	0.7510014048122587	11418114
4408455	Hydrobates pelagicus (Linnaeus, 1758)	Animalia	Aves	0	0	0	0	0	0	0	0	0	0	0	0	0.7408823580574019	212
5192470	Potamopyrgus antipodarum (J.E.Gray, 1843)	Animalia	Gastropoda	0	0	0	0	0	0	0	0	0	0	0	0	0.7309386888951874	225
3028528	Alchemilla mollis (Buser) Rothm.	Plantae	Magnoliopsida	0	0	0	0	0	0	0	0	0	0	0	0	0.7227562892700483	220
3026819	Spiraea tomentosa L.	Plantae	Magnoliopsida	0	0	0	0	0	0	0	0	0	0	0	0	0.703999964223594	220
2481719	Tringa stagnatilis (Bechstein, 1803)	Animalia	Aves	0	0	0	0	0	0	0	0	0	0	0	0	0.6956306717343477	212
8168344	Hedera hibernica Poit.	Plantae	Magnoliopsida	0	0	0	0	0	0	0	0	0	0	0	0	0.6888739365798635	220
2498305	Oxyura jamaicensis (J.F.Gmelin, 1789)	Animalia	Aves	0	0	0	0	0	0	0	0	0	0	0	0	0.6864991311185611	212
8288930	Pilosella piloselloides (Vill.) Soják	Plantae	Magnoliopsida	0	0	0	0	0	0	0	0	0	0	0	0	0.6803626266485389	220
5232451	Branta ruficollis (Pallas, 1769)	Animalia	Aves	0	0	0	0	0	0	0	0	0	0	0	0	0.6613073854527748	212
1309600	Andricus kollari (Hartig, 1843)	Animalia	Insecta	0	0	0	0	0	0	0	0	0	0	0	0	0.6516047065379795	216
2481744	Calidris melanotos (Vieillot, 1819)	Animalia	Aves	0	0	0	0	0	0	0	0	0	0	0	0	0.6508294752995184	212
4568269	Paralaoma servilis (Shuttleworth, 1852)	Animalia	Gastropoda	0	0	0	0	0	0	0	0	0	0	0	0	0.6302667483722426	225
2498259	Aythya nyroca (Güldenstädt, 1770)	Animalia	Aves	0	0	0	0	0	0	0	0	0	0	0	0	0.6194518093838731	212
2481703	Xenus cinereus (Güldenstädt, 1775)	Animalia	Aves	0	0	0	0	0	0	0	0	0	0	0	0	0.6045687100713496	212
5392083	Bidens connata Muhl. ex Willd.	Plantae	Magnoliopsida	0	0	0	0	0	0	0	0	0	0	0	0	0.601517245976891	220
7540164	Arion vulgaris Moquin-Tandon, 1855	Animalia	Gastropoda	0	0	0	0	0	0	0	0	0	0	0	0	0.586179757250059	225
2767275	Scilla forbesii (Baker) Speta	Plantae	Liliopsida	0	0	0	0	0	0	0	0	0	0	0	0	0.5740254705607054	196
9520065	Ferrissia californica (Rowell, 1863)	Animalia	Gastropoda	0	0	0	0	0	0	0	0	0	0	0	0	0.5606522026173009	225
4013762	Narcissus ×cyclazetta Chater & Stace	Plantae	Liliopsida	0	0	0	0	0	0	0	0	0	0	0	0	0.5512723701066398	196
2498026	Anser erythropus (Linnaeus, 1758)	Animalia	Aves	0	0	0	0	0	0	0	0	0	0	0	0	0.5166704321912181	212
3026040	Cotoneaster ×suecicus G.Klotz	Plantae	Magnoliopsida	0	0	0	0	0	0	0	0	0	0	0	0	0.5056070296685371	220
2888585	Viburnum tinus L.	Plantae	Magnoliopsida	0	0	0	0	0	0	0	0	0	0	0	0	0.5027403279981975	220
6157035	Trachemys scripta troostii (Holbrook, 1836)	Animalia	Testudines	0	0	0	0	0	0	0	0	0	0	0	0	0.5001324733839537	11418114
2867631	Lemna turionifera Landolt	Plantae	Liliopsida	0	0	0	0	0	0	0	0	0	0	0	0	0.4273046733423744	196
3133887	Coreopsis verticillata L.	Plantae	Magnoliopsida	0	0	0	0	0	0	0	0	0	0	0	0	0.37845076315461196	220
3054117	Aubrieta deltoidea (L.) DC.	Plantae	Magnoliopsida	0	0	0	0	0	0	0	0	0	0	0	0	0.2966098951815631	220
5387639	Aster ageratoides Turcz.	Plantae	Magnoliopsida			3	3			3	3			3	3	1.5709243865036329	220
3046851	Sisymbrium irio L.	Plantae	Magnoliopsida			3	3			3	3			3	3	1.3360280964643705	220
5353590	Cercis siliquastrum L.	Plantae	Magnoliopsida			3	3			3	3			3	3	1.1983833978850054	220
7358948	Lasius neglectus Van Loon, Boomsma & Andrasfalvy, 1990	Animalia	Insecta			3	3			3	3			3	3	1.1950056121019224	216
2765156	Tradescantia fluminensis Vell.	Plantae	Liliopsida			3	3			3	3			3	3	1.1739176195104828	196
2889378	Fagopyrum tataricum (L.) Gaertn.	Plantae	Magnoliopsida			3	3			3	3			3	3	1.1231141170312267	220
2704038	Muhlenbergia mexicana (L.) Trin.	Plantae	Liliopsida			3	3			3	3			3	3	1.1157924178039913	196
3000679	Chaenomeles speciosa (Sweet) Nakai	Plantae	Magnoliopsida			3	3			3	3			3	3	1.110698904206131	220
4932232	Dactylis glomerata subsp. lobata (Drejer) H.Lindb.	Plantae	Liliopsida			3	3			3	3			3	3	1.1105433871748245	196
2929505	Solanum villosum Mill.	Plantae	Magnoliopsida			3	3			3	3			3	3	1.1091373142408838	220
5384390	Amaranthus cruentus L.	Plantae	Magnoliopsida			3	3			3	3			3	3	1.102532400839321	220
8335191	Oloptum miliaceum (L.) Röser & Hamasha	Plantae	Liliopsida			3	3			3	3			3	3	1.0983073466119608	196
9496048	Spatula hottentota (Eyton, 1838)	Animalia	Aves			3	3			3	3			3	3	1.0394483772087806	212
2889304	Persicaria capitata (Buch.-Ham. ex D.Don) H.Gross	Plantae	Magnoliopsida			3	3			3	3			3	3	1.0393975119516285	220
2651816	Adiantum capillus-veneris L.	Plantae	Polypodiopsida			3	3			3	3			3	3	1.0178856197044874	7228684
2294275	Eobania vermiculata (O.F.Müller, 1774)	Animalia	Gastropoda			3	3			3	3			3	3		225
5407810	Trachelium caeruleum L.	Plantae	Magnoliopsida			3	3			3	3			1	3	1.2321795533201028	220
1313740	Camponotus vagus (Scopoli, 1763)	Animalia	Insecta			3	3			3	3			1	1		216
2026623	Pediopsoides sharmai (Viraktamath, 1981)	Animalia	Insecta			3	3			3	3			1	1		216
2078259	Neotoxoptera formosana (Takahashi, 1921)	Animalia	Insecta			3	3			3	3			1	1		216
2706406	Triticum turgidum L.	Plantae	Liliopsida			3	3			3	3			1	1		196
2865524	Vallisneria australis S.W.L.Jacobs & Les	Plantae	Liliopsida			3	3			3	3			1	1		196
1719204	Gryllomorpha dalmatina (Ocskay, 1832)	Animalia	Insecta			3	3			3	2			3	3		216
6100962	Urocissa erythroryncha (Boddaert, 1783)	Animalia	Aves			3	3			3	2			3	3		212
3883959	Salvia viridis L.	Plantae	Magnoliopsida			3	3			3	2			1	1		220
7307327	Agastache rugosa (Fisch. & C.A.Mey.) Kuntze	Plantae	Magnoliopsida			3	3			3	1			3	2		220
1316908	Linepithema humile (Mayr, 1868)	Animalia	Insecta			3	3			2	3			2	3	1.771156500965342	216
3054110	Aubrieta columnae Guss.	Plantae	Magnoliopsida			3	3			2	3			2	3	1.0943917904880014	220
11104870	Cicada orni Linnaeus, 1758	Animalia	Insecta			3	3			2	2			3	3		216
2445034	Tarentola mauritanica (Linnaeus, 1758)	Animalia	Squamata			3	3			2	2			2	2		11592253
2490384	Cardinalis cardinalis (Linnaeus, 1758)	Animalia	Aves			3	3			2	2			2	2		212
2985995	Hydrangea paniculata Siebold	Plantae	Magnoliopsida			3	3			2	2			2	2		220
5384950	Eclipta prostrata (L.) L.	Plantae	Magnoliopsida			3	3			2	2			2	2		220
2515351	Puccinia oxalidis Dietel & Ellis	Fungi	Pucciniomycetes			3	3			2	2			1	1		270
3082274	Cornus kousa Bürger ex Hance	Plantae	Magnoliopsida			3	3			2	2			1	1		220
5372875	Salix myrsinifolia Salisb.	Plantae	Magnoliopsida			3	3			2	2			1	1		220
5227966	Lophura nycthemera (Linnaeus, 1758)	Animalia	Aves			3	3			1	3			1	3	1.1680875201375804	212
2020779	Buchananiella continua (White, 1880)	Animalia	Insecta			3	3			1	3			1	1		216
3134867	Catananche caerulea L.	Plantae	Magnoliopsida			3	3			1	1			3	3		220
5151589	Blatta orientalis Linnaeus, 1758	Animalia	Insecta			3	3			1	1			3	3		216
5383971	Blitum capitatum L.	Plantae	Magnoliopsida			3	3			1	1			3	2		220
1998599	Cariblatta lutea (Saussure & Zehntner, 1893)	Animalia	Insecta			3	3			1	1			1	1		216
2077209	Idiopterus nephrelepidis Davis, 1909	Animalia	Insecta			3	3			1	1			1	1		216
2475235	Tauraco leucotis (Ruppell, 1835)	Animalia	Aves			3	3			1	1			1	1		212
2479804	Pyrrhura molinae (Massena & Souance, 1854)	Animalia	Aves			3	3			1	1			1	1		212
2479925	Alisterus scapularis (Lichtenstein, 1816)	Animalia	Aves			3	3			1	1			1	1		212
2493618	Lonchura striata (Linnaeus, 1766)	Animalia	Aves			3	3			1	1			1	1		212
2502810	Caenoplana coerulea Moseley, 1877	Animalia				3	3			1	1			1	1		
2747489	Crocus chrysanthus (Herb.) Herb.	Plantae	Liliopsida			3	3			1	1			1	1		196
2858846	Narcissus bulbocodium L.	Plantae	Liliopsida			3	3			1	1			1	1		196
2866850	Arisaema dracontium (L.) Schott	Plantae	Liliopsida			3	3			1	1			1	1		196
2928905	Calibrachoa parviflora (Juss.) D' Arcy	Plantae	Magnoliopsida			3	3			1	1			1	1		220
2987948	Neillia tanakae Franch. & Sav.	Plantae	Magnoliopsida			3	3			1	1			1	1		220
3188735	Lythrum virgatum L.	Plantae	Magnoliopsida			3	3			1	1			1	1		220
5296432	Sisyrinchium striatum Sm.	Plantae	Liliopsida			3	3			1	1			1	1		196
5356488	Lathyrus sativus L.	Plantae	Magnoliopsida			3	3			1	1			1	1		220
5598839	Lonicera ×purpusii Rehder	Plantae	Magnoliopsida			3	3			1	1			1	1		220
6161327	Natrix tessellata (Laurenti, 1768)	Animalia	Squamata			3	3			1	1			1	1		11592253
7520678	Striosubulina striatella (Rang, 1831)	Animalia	Gastropoda			3	3			1	1			1	1		225
8116963	Acanthus hungaricus (Borbás) Baen.	Plantae	Magnoliopsida			3	3			1	1			1	1		220
2650829	Cyrtomium falcatum (L.fil.) C.Presl	Plantae	Polypodiopsida			3	2			3	2			3	3		7228684
5189032	Corbicula fluminalis (O.F.Müller, 1774)	Animalia	Bivalvia			3	2			3	2			3	2		137
10852031	Oncosiphon pilulifer (L.fil.) Källersjö	Plantae	Magnoliopsida			3	2			3	2			3	2		220
5275415	Pteris multifida Poir.	Plantae	Polypodiopsida			3	2			3	2			2	2	0.9403915081225432	7228684
1713034	Gryllus bimaculatus De Geer, 1773	Animalia	Insecta			3	2			3	2			2	2		216
5530829	Corydalis cheilanthifolia Hemsl.	Plantae	Magnoliopsida			3	2			1	1			3	3		220
7298987	Centranthus calcitrapae (L.) Dufr.	Plantae	Magnoliopsida			3	2			1	1			3	3		220
2703740	Bromus rubens L.	Plantae	Liliopsida			3	2			1	1			1	1		196
2762737	Musa basjoo Siebold & Zucc. ex Iinuma	Plantae	Liliopsida			3	2			1	1			1	1		196
2889358	Oxyria digyna (L.) Hill	Plantae	Magnoliopsida			3	2			1	1			1	1		220
3678949	Calystegia ×pulchra Brumm. & Heywood	Plantae	Magnoliopsida			3	2			1	1			1	1		220
4142326	Achnatherum calamagrostis (L.) P.Beauv.	Plantae	Liliopsida			3	2			1	1			1	1		196
5350466	Phaseolus coccineus L.	Plantae	Magnoliopsida			3	2			1	1			1	1		220
5384818	Silene dichotoma Ehrh.	Plantae	Magnoliopsida			3	1			3	1			3	1	1.0079158725550286	220
5671747	Cenchrus alopecuroides (L.) Thunb.	Plantae	Liliopsida			3	1			3	1			3	1	0.9621930658850557	196
2495494	Geopelia cuneata (Latham, 1801)	Animalia	Aves			3	1			3	1			3	1	0.6773258186522173	212
3033965	Akebia quinata (Houtt.) Decne.	Plantae	Magnoliopsida			3	1			2	1			3	1	0.890677394293535	220
2913219	Galium anglicum Huds.	Plantae	Magnoliopsida			3	1			2	1			1	1	0.916444344842001	220
8909809	Emys orbicularis (Linnaeus, 1758)	Animalia	Testudines			3	1			1	1			3	1		11418114
4845776	Lonchura oryzivora (Linnaeus, 1758)	Animalia	Aves			3	1			1	1			1	1	0.7557088376210779	212
9185677	Podarcis siculus (Rafinesque-Schmaltz, 1810)	Animalia	Squamata			2	3			3	3			3	3		11592253
2926042	Nonea lutea (Desr.) DC.	Plantae	Magnoliopsida			2	3			3	3			3	2	1.0238652671226547	220
3105508	Andryala integrifolia L.	Plantae	Magnoliopsida			2	3			3	3			1	1		220
3067054	Euphorbia humifusa Willd.	Plantae	Magnoliopsida			2	3			2	2			2	3		220
7902463	Lonicera maackii (Rupr.) Maxim.	Plantae	Magnoliopsida			2	3			2	2			2	2		220
5377064	Lepidium densiflorum Schrad.	Plantae	Magnoliopsida			2	3			1	3			2	3	1.0143227358116722	220
5376179	Hornungia petraea (L.) Rchb.	Plantae	Magnoliopsida			2	3			1	1			2	2		220
2204981	Trichorhina tomentosa (Budde-Lund, 1893)	Animalia	Malacostraca			2	3			1	1			1	1		229
2164198	Cheiracanthium mildei L.Koch, 1864	Animalia	Arachnida			2	2			3	3			3	3		367
2480446	Haliaeetus leucocephalus (Linnaeus, 1766)	Animalia	Aves			2	2			3	3			3	3		212
2687885	Ginkgo biloba L.	Plantae	Ginkgoopsida			2	2			3	3			3	3		244
2985994	Hydrangea macrophylla (Thunb.) Ser.	Plantae	Magnoliopsida			2	2			3	3			3	3		220
4487799	Tupiocoris rhododendri (Dolling, 1972)	Animalia	Insecta			2	2			3	3			3	3		216
11064584	Salvia abrotanoides (Kar.) Sytsma	Plantae	Magnoliopsida			2	2			3	3			3	3		220
1830823	Prays citri Millière, 1873	Animalia	Insecta			2	2			3	3			2	2		216
2000152	Periplaneta americana (Linnaeus, 1758)	Animalia	Insecta			2	2			3	3			2	2		216
5334527	Limnanthes douglasii R.Br.	Plantae	Magnoliopsida			2	2			3	3			2	2		220
2092040	Pulvinaria regalis Canard, 1968	Animalia	Insecta			2	2			3	3			1	1		216
2441905	Chelydra serpentina (Linnaeus, 1758)	Animalia	Testudines			2	2			3	3			1	1		11418114
3729273	Asarina procumbens Mill.	Plantae	Magnoliopsida			2	2			3	3			1	1		220
4565140	Cernuella cisalpina (Rossmässler, 1837)	Animalia	Gastropoda			2	2			3	3			1	1		225
5414959	Collinsia heterophylla Buist ex Graham	Plantae	Magnoliopsida			2	2			3	3			1	1		220
6374953	Helleborus orientalis Lam.	Plantae	Magnoliopsida			2	2			3	3			1	1		220
5410826	Campanula carpatica Jacq.	Plantae	Magnoliopsida			2	2			3	2			3	2		220
7334368	Umbilicus rupestris (Salisb.) Dandy	Plantae	Magnoliopsida			2	2			3	2			2	3		220
2855823	Allium nigrum L.	Plantae	Liliopsida			2	2			3	2			2	2		196
5332305	Ostrya carpinifolia Scop.	Plantae	Magnoliopsida			2	2			3	2			1	1		220
10953644	Silene baccifera (L.) Durande	Plantae	Magnoliopsida			2	2			2	3			2	3		220
1885213	Crocidophora butleri South, 1901	Animalia	Insecta			2	2			2	2			3	3		216
2072196	Aphis nerii Boyer de Fonscolombe, 1841	Animalia	Insecta			2	2			2	2			3	3		216
2882841	Vaccinium macrocarpon Aiton	Plantae	Magnoliopsida			2	2			2	2			3	3		220
3935421	Malope trifida Cav.	Plantae	Magnoliopsida			2	2			2	2			3	3		220
5377163	Iberis amara L.	Plantae	Magnoliopsida			2	2			2	2			3	3		220
6109699	Phoenix dactylifera L.	Plantae	Liliopsida			2	2			2	2			3	3		196
7925720	Poterium sanguisorba subsp. polygamum (Waldst. & Kit.) Asch. & Graebn.	Plantae	Magnoliopsida			2	2			2	2			3	3		220
8418338	Hydrocotyle sibthorpioides Lam.	Plantae	Magnoliopsida			2	2			2	2			3	3		220
2747718	Crocus speciosus M.Bieb.	Plantae	Liliopsida			2	2			2	2			3	2		196
4046493	Polystichum luctuosum (Kunze) T.Moore	Plantae	Polypodiopsida			2	2			2	2			2	3		7228684
8542672	Cotula australis (Sieber ex Spreng.) Hook.fil.	Plantae	Magnoliopsida			2	2			2	2			2	3		220
5892120	Girardia tigrina (Girard, 1850)	Animalia				2	2			2	2			2	2	0.9821478716662398	
1932752	Cacyreus marshalli Butler, 1897	Animalia	Insecta			2	2			2	2			2	2		216
2474029	Alectoris chukar (J.E.Gray, 1830)	Animalia	Aves			2	2			2	2			2	2		212
2947311	Cicer arietinum L.	Plantae	Magnoliopsida			2	2			2	2			2	2		220
3172276	Osmanthus heterophyllus (G.Don) P.S.Green	Plantae	Magnoliopsida			2	2			2	2			2	2		220
5411392	Campanula lactiflora M.Bieb.	Plantae	Magnoliopsida			2	2			2	2			2	2		220
5420957	Clarkia unguiculata Lindl.	Plantae	Magnoliopsida			2	2			2	2			2	2		220
7393329	Cucurbita moschata (Duchesne) Duchesne ex Poir.	Plantae	Magnoliopsida			2	2			2	2			2	2		220
8210972	Jacobaea ×albescens (Burb. & Colgan) Verloove & Lambinon	Plantae	Magnoliopsida			2	2			2	2			2	2		220
9078997	Saissetia oleae (Olivier, 1791)	Animalia	Insecta			2	2			2	2			2	2		216
9592414	Sporobolus michauxianus (Hitchc.) P.M.Peterson & Saarela	Plantae	Liliopsida			2	2			2	2			2	2		196
2188249	Varroa destructor Anderson & Trueman, 2000	Animalia	Arachnida			2	2			2	2			1	1		367
2984492	Celtis australis L.	Plantae	Magnoliopsida			2	2			2	2			1	1		220
3104314	Liatris spicata (L.) Willd.	Plantae	Magnoliopsida			2	2			2	2			1	1		220
3169331	Lysimachia clethroides Duby	Plantae	Magnoliopsida			2	2			2	2			1	1		220
5073820	Drosophila suzukii (Matsumura, 1931)	Animalia	Insecta			2	2			2	2			1	1		216
2684984	Araucaria araucana (Molina) K.Koch	Plantae	Pinopsida			2	2			1	1			3	3		194
5219681	Sciurus carolinensis Gmelin, 1788	Animalia	Mammalia			2	2			1	1			3	3		359
5371655	Halesia carolina L.	Plantae	Magnoliopsida			2	2			1	1			3	3		220
2726539	Carex scoparia Schkuhr ex Willd.	Plantae	Liliopsida			2	2			1	1			2	2		196
2858963	Narcissus tazetta L.	Plantae	Liliopsida			2	2			1	1			2	2		196
2974901	Vicia grandiflora Scop.	Plantae	Magnoliopsida			2	2			1	1			2	2		220
4131042	Bromus hordeaceus subsp. longipedicellatus Spalton	Plantae	Liliopsida			2	2			1	1			2	2		196
5296218	Sisyrinchium californicum (Ker Gawl.) Dryand.	Plantae	Liliopsida			2	2			1	1			2	2		196
5303040	Thalia dealbata Fraser	Plantae	Liliopsida			2	2			1	1			2	2		196
6101223	Spilopelia senegalensis (Linnaeus, 1766)	Animalia	Aves			2	2			1	1			2	2		212
2307726	Microscolex phosphoreus (Dugès, 1837)	Animalia	Clitellata			2	2			1	1			1	1		255
2437397	Callosciurus prevostii (Desmarest, 1822)	Animalia	Mammalia			2	2			1	1			1	1		359
2481670	Limnodromus scolopaceus (Say, 1822)	Animalia	Aves			2	2			1	1			1	1		212
2489075	Lamprotornis superbus Rüppell, 1845	Animalia	Aves			2	2			1	1			1	1		212
3103158	Gamochaeta americana (Mill.) Wedd.	Plantae	Magnoliopsida			2	2			1	1			1	1		220
5774728	Eriophyes pyri (H.A.Pagenstecher, 1857)	Animalia	Arachnida			2	2			1	1			1	1		367
6100941	Sturnia pagodarum (Gmelin, 1789)	Animalia	Aves			2	2			1	1			1	1		212
7544073	Saxifraga ×arendsii Engl.	Plantae	Magnoliopsida			2	2			1	1			1	1		220
7564934	Odontites jaubertianus (Boreau) D.Dietr. ex Walp.	Plantae	Magnoliopsida			2	2			1	1			1	1		220
8031875	Dasiphora davurica (Nestl.) Kom. & Aliss.	Plantae	Magnoliopsida			2	2			1	1			1	1		220
8421432	Cornus sanguinea subsp. hungarica (Kárpáti) Soó	Plantae	Magnoliopsida			2	2			1	1			1	1		220
8790531	Lissachatina fulica (Bowdich, 1822)	Animalia	Gastropoda			2	2			1	1			1	1		225
8898408	Pseudemys concinna (Le Conte, 1830)	Animalia	Testudines			2	2			1	1			1	1		11418114
9440906	Sagina alexandrae Iamonico	Plantae	Magnoliopsida			2	2			1	1			1	1		220
2705300	Avena barbata Pott ex Link	Plantae	Liliopsida			2	1			3	3			3	3		196
2927744	Phlox paniculata L.	Plantae	Magnoliopsida			2	1			3	3			2	2		220
5380041	Ricinus communis L.	Plantae	Magnoliopsida			2	1			3	1			1	1	0.8978136590163517	220
2927220	Dracocephalum parviflorum Nutt.	Plantae	Magnoliopsida			2	1			2	1			2	1	0.9758459164364627	220
2874199	Passiflora caerulea L.	Plantae	Magnoliopsida			2	1			2	1			2	1	0.922713286284612	220
2764179	Commelina communis L.	Plantae	Liliopsida			2	1			2	1			2	1	0.8187690876179439	196
2769766	Ruscus aculeatus L.	Plantae	Liliopsida			2	1			2	1			2	1	0.756282604633793	196
5232432	Cereopsis novaehollandiae Latham, 1801	Animalia	Aves			2	1			2	1			2	1	0.4117004789988803	212
5584240	Silene schafta J.G.Gmel. ex Hohen.	Plantae	Magnoliopsida			2	1			1	1			3	1	0.7439152533942684	220
1722299	Gryllodes sigillatus (Walker, 1869)	Animalia	Insecta			2	1			1	1			2	1	0.6563551606335876	216
2928767	Nicotiana sylvestris Speg.	Plantae	Magnoliopsida			2	0			3	0			3	0	0.7122989633585108	220
5228229	Balearica regulorum (E.T.Bennett, 1834)	Animalia	Aves			2	0			2	0			3	0	0.12980940544137012	212
2705295	Avena strigosa Schreb.	Plantae	Liliopsida			2	0			2	0			2	0	0.7321427669047853	196
5341558	Gilia tricolor Benth.	Plantae	Magnoliopsida			2	0			2	0			2	0	0.34999605063510086	220
2891677	Oxalis dillenii Jacq.	Plantae	Magnoliopsida			2	0			2	0			2	0	0.2822123193788892	220
1651430	Aedes albopictus (Skuse, 1894)	Animalia	Insecta			2	0			2	0			1	0	0.6215761598460032	216
2367742	Pimephales promelas Rafinesque, 1820	Animalia				2	0			1	0			1	0	0.7471037579671481	
8993502	Silene italica (L.) Pers.	Plantae	Magnoliopsida			2	0			1	0			1	0	0.5689679590614151	220
3034046	Persea americana Mill.	Plantae	Magnoliopsida			1	3			3	3			3	3	1.237657445523693	220
8287616	Linaria simplex (Willd.) DC.	Plantae	Magnoliopsida			1	3			3	1			3	1		220
2888622	Viburnum plicatum Thunb.	Plantae	Magnoliopsida			1	3			1	3			1	3	1.195449673186978	220
2971016	Melilotus indicus (L.) All.	Plantae	Magnoliopsida			1	3			1	3			1	3	1.1890706127115547	220
3034871	Coriandrum sativum L.	Plantae	Magnoliopsida			1	3			1	3			1	3	1.0861621661528051	220
7903764	Senecio sarracenicus L.	Plantae	Magnoliopsida			1	3			1	3			1	3	1.0819245749938062	220
3152378	Malva parviflora L.	Plantae	Magnoliopsida			1	3			1	3			1	3	1.0789901064332983	220
2925756	Lappula squarrosa (Retz.) Dumort.	Plantae	Magnoliopsida			1	3			1	3			1	3	1.0565465922413781	220
6391417	Rumex thyrsiflorus Fingerh.	Plantae	Magnoliopsida			1	3			1	3			1	3	1.0553576690280875	220
8149049	Wisteria sinensis (Sims) DC.	Plantae	Magnoliopsida			1	3			1	3			1	3	1.0209867082504476	220
7619206	Erodium trifolium (Cav.) Cav.	Plantae	Magnoliopsida			1	3			1	3			1	3		220
6027176	Opopanax chironium (L.) W.D.J.Koch	Plantae	Magnoliopsida			1	3			1	1			1	3		220
2928238	Phacelia campanularia A.Gray	Plantae	Magnoliopsida			1	2			2	2			3	3		220
5330001	Dracunculus vulgaris Schott	Plantae	Liliopsida			1	2			2	2			3	3		196
7322292	Oenothera ×cambrica Rostanski	Plantae	Magnoliopsida			1	2			1	2			1	2	0.9205366198841253	220
2220312	Hemimysis anomala G.O.Sars, 1907	Animalia	Malacostraca			1	2			1	2			1	2		229
2857697	Allium cepa L.	Plantae	Liliopsida			1	2			1	2			1	2		196
5228033	Chrysolophus amherstiae (Leadbeater, 1829)	Animalia	Aves			1	2			1	2			1	1		212
7325877	Fraxinus angustifolia Vahl	Plantae	Magnoliopsida			1	2			1	2			1	1		220
8342911	Papaver setiferum Goldblatt	Plantae	Magnoliopsida			1	2			1	2			1	1		220
2928666	Dichondra micrantha Urb.	Plantae	Magnoliopsida			1	2			1	1			3	3		220
7158449	Polystichum polyblepharon (Roem. ex Kunze) C.Presl	Plantae	Polypodiopsida			1	2			1	1			2	2		7228684
2687182	Tsuga canadensis (L.) Carrière	Plantae	Pinopsida			1	2			1	1			1	2		194
2984306	Gunnera tinctoria (Molina) Mirb.	Plantae	Magnoliopsida			1	2			1	1			1	2		220
3114667	Carduus pycnocephalus L.	Plantae	Magnoliopsida			1	2			1	1			1	1		220
5341540	Gilia achilleifolia Benth.	Plantae	Magnoliopsida			1	2			1	1			1	1		220
5361889	Morus alba L.	Plantae	Magnoliopsida			1	2			1	1			1	1		220
5395475	Ligularia dentata (A.Gray) H.Hara	Plantae	Magnoliopsida			1	2			1	1			1	1		220
5041422	Sceliphron curvatum (F.Smith, 1870)	Animalia	Insecta			1	1			3	3			3	3		216
5359395	Trifolium angustifolium L.	Plantae	Magnoliopsida			1	1			3	3			3	3		220
1111797	Chlorophorus annularis (Fabricius, 1787)	Animalia	Insecta			1	1			3	3			1	1		216
2037991	Liguropia juniperi (Lethierry, 1876)	Animalia	Insecta			1	1			3	3			1	1		216
4564216	Otala punctata (O.F.Müller, 1774)	Animalia	Gastropoda			1	1			3	3			1	1		225
5153082	Homotoma ficus (Linnaeus, 1758)	Animalia	Insecta			1	1			3	3			1	1		216
5409120	Lobelia siphilitica L.	Plantae	Magnoliopsida			1	1			3	3			1	1		220
5411453	Campanula medium L.	Plantae	Magnoliopsida			1	1			3	3			1	1		220
5701337	Dahlia ×cultorum Thorsrud & Reisaeter	Plantae	Magnoliopsida			1	1			3	3			1	1		220
6101224	Spilopelia chinensis (Scopoli, 1786)	Animalia	Aves			1	1			3	3			1	1		212
6132234	Rhynchophorus ferrugineus (A.G.Olivier, 1791)	Animalia	Insecta			1	1			3	3			1	1		216
8400045	Daboecia cantabrica (Huds.) K.Koch	Plantae	Magnoliopsida			1	1			3	3			1	1		220
2926681	Lamium confertum Fr.	Plantae	Magnoliopsida			1	1			3	2			3	2		220
2928034	Nemophila maculata Benth. ex Lindl.	Plantae	Magnoliopsida			1	1			3	2			1	1		220
8408816	Colchicum ×byzantinum Ker Gawl.	Plantae	Liliopsida			1	1			2	2			3	3		196
3026049	Cotoneaster dammeri C.K.Schneid.	Plantae	Magnoliopsida			1	1			2	2			3	2		220
2128502	Aceria erinea (Nalepa, 1891)	Animalia	Arachnida			1	1			2	2			2	2		367
3026035	Cotoneaster coriaceus Franch.	Plantae	Magnoliopsida			1	1			2	2			2	2		220
5341548	Gilia capitata Sims	Plantae	Magnoliopsida			1	1			2	2			2	2		220
5334194	Macleaya cordata (Willd.) R.Br.	Plantae	Magnoliopsida			1	1			2	1			1	1	0.8344990573594758	220
3170862	Scrophularia peregrina L.	Plantae	Magnoliopsida			1	1			1	3			1	3		220
4984851	Bugula neritina (Linnaeus, 1758)	Animalia	Gymnolaemata			1	1			1	3			1	1		252
5341112	Phyla nodiflora (L.) Greene	Plantae	Magnoliopsida			1	1			1	2			1	3		220
2889037	Rumex rugosus Campd.	Plantae	Magnoliopsida			1	1			1	2			0	1		220
1798504	Dysgonia algira Linnaeus, 1767	Animalia	Insecta			1	1			1	1			3	3		216
2855338	Galanthus plicatus M.Bieb.	Plantae	Liliopsida			1	1			1	1			3	3		196
2928668	Dichondra argentea Humb. & Bonpl. ex Willd.	Plantae	Magnoliopsida			1	1			1	1			3	3		220
2928759	Nicotiana langsdorffii Weinm.	Plantae	Magnoliopsida			1	1			1	1			3	3		220
3033289	Trollius europaeus L.	Plantae	Magnoliopsida			1	1			1	1			3	3		220
3083488	Paeonia officinalis L.	Plantae	Magnoliopsida			1	1			1	1			3	3		220
5297966	Iris xiphium L.	Plantae	Liliopsida			1	1			1	1			3	3		196
9139578	Aulacaspis rosae (Bouché, 1833)	Animalia	Insecta			1	1			1	1			3	3		216
2480649	Gypaetus barbatus (Linnaeus, 1758)	Animalia	Aves			1	1			1	1			3	2		212
4362965	Melanoides tuberculata (O.F.Müller, 1774)	Animalia	Gastropoda			1	1			1	1			3	2		225
9606290	Meleagris gallopavo Linnaeus, 1758	Animalia	Aves			1	1			1	1			3	2		212
3103180	Gamochaeta antillana (Urb.) Anderb.	Plantae	Magnoliopsida			1	1			1	1			3	1		220
2855825	Allium moly L.	Plantae	Liliopsida			1	1			1	1			2	2		196
3121562	Artemisia sieversiana Ehrh. ex Willd.	Plantae	Magnoliopsida			1	1			1	1			2	2		220
3667238	Oenothera ×paradoxa Hudziok	Plantae	Magnoliopsida			1	1			1	1			2	2		220
1873903	Cadra figulilella (Gregson, 1871)	Animalia	Insecta			1	1			1	1			1	3		216
3000406	Stranvaesia davidiana Decne.	Plantae	Magnoliopsida			1	1			1	1			1	2		220
2702822	Echinochloa frumentacea Link	Plantae	Liliopsida			1	1			1	1			1	1	1.005181579287165	196
8969026	Physalis philadelphica Lam.	Plantae	Magnoliopsida			1	1			1	1			1	1	0.9980744727026202	220
2684178	Thuja occidentalis L.	Plantae	Pinopsida			1	1			1	1			1	1	0.9929635680450881	194
3151618	Symphyotrichum novae-angliae (L.) G.L.Nesom	Plantae	Magnoliopsida			1	1			1	1			1	1	0.9890098100602404	220
5391599	Chamaemelum nobile (L.) All.	Plantae	Magnoliopsida			1	1			1	1			1	1	0.9841895652431633	220
3033261	Anemone coronaria L.	Plantae	Magnoliopsida			1	1			1	1			1	1	0.975420339755618	220
2703670	Bromus inermis Leyss.	Plantae	Liliopsida			1	1			1	1			1	1	0.9690520882872908	196
3152816	Platanus orientalis L.	Plantae	Magnoliopsida			1	1			1	1			1	1	0.9687377608742886	220
2888636	Symphoricarpos orbiculatus Moench	Plantae	Magnoliopsida			1	1			1	1			1	1	0.9634082204861071	220
5384395	Amaranthus blitoides S.Watson	Plantae	Magnoliopsida			1	1			1	1			1	1	0.9621223007456089	220
5376309	Diplotaxis erucoides (L.) DC.	Plantae	Magnoliopsida			1	1			1	1			1	1	0.9618905426518726	220
2474051	Alectoris rufa (Linnaeus, 1758)	Animalia	Aves			1	1			1	1			1	1	0.9565472023677425	212
3040184	Populus balsamifera L.	Plantae	Magnoliopsida			1	1			1	1			1	1	0.9465229994890435	220
5289998	Digitaria ciliaris (Retz.) Koeler	Plantae	Liliopsida			1	1			1	1			1	1	0.9445245130727551	196
3933415	Malva multiflora (Cav.) Soldano, Banfi & Galasso	Plantae	Magnoliopsida			1	1			1	1			1	1	0.9430898799337699	220
2685552	Abies nordmanniana (Steven) Spach	Plantae	Pinopsida			1	1			1	1			1	1	0.9422627199073893	194
4245384	Crepis setosa Haller fil.	Plantae	Magnoliopsida			1	1			1	1			1	1	0.9386120214060785	220
7068845	Beta vulgaris subsp. vulgaris	Plantae	Magnoliopsida			1	1			1	1			1	1	0.9358625960787562	220
2925366	Clerodendrum trichotomum Thunb.	Plantae	Magnoliopsida			1	1			1	1			1	1	0.9354205499942635	220
7967494	Aconitum ×cammarum L.	Plantae	Magnoliopsida			1	1			1	1			1	1	0.9321314352223395	220
2498094	Anas capensis J.F.Gmelin, 1789	Animalia	Aves			1	1			1	1			1	1	0.9258968381508899	212
3101184	Dittrichia viscosa (L.) Greuter	Plantae	Magnoliopsida			1	1			1	1			1	1	0.9207604129300955	220
2985863	Hylotelephium spectabile (Boreau) H.Ohba	Plantae	Magnoliopsida			1	1			1	1			1	1	0.9186862727193654	220
7172720	Sedum dasyphyllum L.	Plantae	Magnoliopsida			1	1			1	1			1	1	0.9184086906238258	220
4097656	Alnus ×spaethii Callier	Plantae	Magnoliopsida			1	1			1	1			1	1	0.9129701634707691	220
8889878	Elaphe taeniura (Cope, 1861)	Animalia	Squamata			1	1			1	1			1	1	0.91293280098773	11592253
5361982	Sedum hispanicum L.	Plantae	Magnoliopsida			1	1			1	1			1	1	0.9109248950245886	220
5406741	Sida spinosa L.	Plantae	Magnoliopsida			1	1			1	1			1	1	0.9073911518137808	220
3088488	Tagetes erecta L.	Plantae	Magnoliopsida			1	1			1	1			1	1	0.9071287888533893	220
2993761	Rubus spectabilis Pursh	Plantae	Magnoliopsida			1	1			1	1			1	1	0.9050802045792823	220
7790614	Crataegus coccinea L.	Plantae	Magnoliopsida			1	1			1	1			1	1	0.9039033322073448	220
10786206	Rhaphiolepis bibas (Lour.) Galasso & Banfi	Plantae	Magnoliopsida			1	1			1	1			1	1	0.8956140535213022	220
2704394	Cynosurus echinatus L.	Plantae	Liliopsida			1	1			1	1			1	1	0.8890979465242436	196
5359660	Glycine max (L.) Merr.	Plantae	Magnoliopsida			1	1			1	1			1	1	0.8830261924805838	220
5376846	Lepidium heterophyllum Benth.	Plantae	Magnoliopsida			1	1			1	1			1	1	0.8738313896032486	220
3169120	Euonymus alatus (Thunb.) Siebold	Plantae	Magnoliopsida			1	1			1	1			1	1	0.8692286929070179	220
3633319	Tordylium maximum L.	Plantae	Magnoliopsida			1	1			1	1			1	1	0.8677729967911948	220
5289679	Setaria parviflora (Poir.) Kerguélen	Plantae	Liliopsida			1	1			1	1			1	1	0.8637052067032548	196
5568428	Dysphania botrys (L.) Mosyakin & Clemants	Plantae	Magnoliopsida			1	1			1	1			1	1	0.8634929525844974	220
2481134	Larus delawarensis Ord, 1815	Animalia	Aves			1	1			1	1			1	1	0.8607121822152546	212
3025858	Cotoneaster ambiguus Rehder & E.H.Wilson	Plantae	Magnoliopsida			1	1			1	1			1	1	0.860456888068225	220
2928775	Nicotiana rustica L.	Plantae	Magnoliopsida			1	1			1	1			1	1	0.8579757346952561	220
2874706	Tamarix parviflora DC.	Plantae	Magnoliopsida			1	1			1	1			1	1	0.854280981470401	220
5384334	Amaranthus viridis L.	Plantae	Magnoliopsida			1	1			1	1			1	1	0.8489231947059297	220
3189497	Hypericum calycinum L.	Plantae	Magnoliopsida			1	1			1	1			1	1	0.843392740733709	220
7331861	Cymbalaria muralis subsp. muralis	Plantae	Magnoliopsida			1	1			1	1			1	1	0.8352090322580233	220
10769750	Pseudopodospermum hispanicum subsp. hispanicum	Plantae	Magnoliopsida			1	1			1	1			1	1	0.8336724843753498	220
5676646	Digitaria aequiglumis (Hack. & Arechav.) Parodi	Plantae	Liliopsida			1	1			1	1			1	1	0.8178768107158241	196
3088481	Tagetes minuta L.	Plantae	Magnoliopsida			1	1			1	1			1	1	0.8175629268422051	220
7350989	Nepeta ×faassenii Bergmans ex Stearn	Plantae	Magnoliopsida			1	1			1	1			1	1	0.8172433785120026	220
3128888	Centaurea solstitialis L.	Plantae	Magnoliopsida			1	1			1	1			1	1	0.8156293038550246	220
2928774	Nicotiana tabacum L.	Plantae	Magnoliopsida			1	1			1	1			1	1	0.8141770675112091	220
2876571	Alnus ×pubescens Tausch	Plantae	Magnoliopsida			1	1			1	1			1	1	0.8118080855333253	220
5361944	Broussonetia papyrifera (L.) L'Hér. ex Vent.	Plantae	Magnoliopsida			1	1			1	1			1	1	0.8042284604301256	220
2926885	Satureja hortensis L.	Plantae	Magnoliopsida			1	1			1	1			1	1	0.8005802049972106	220
7358677	Populus nigra var. italica (Moench) Koehne	Plantae	Magnoliopsida			1	1			1	1			1	1	0.8002258398957598	220
2932944	Capsicum annuum L.	Plantae	Magnoliopsida			1	1			1	1			1	1	0.7906182310922237	220
5391845	Bidens pilosa L.	Plantae	Magnoliopsida			1	1			1	1			1	1	0.7831377522658616	220
3139003	Melampodium montanum Benth.	Plantae	Magnoliopsida			1	1			1	1			1	1	0.7790320403736251	220
2474936	Anthropoides virgo (Linnaeus, 1758)	Animalia	Aves			1	1			1	1			1	1	0.7786954867156427	212
2703663	Bromus rigidus Roth	Plantae	Liliopsida			1	1			1	1			1	1	0.7752626277117527	196
5554574	Tetragonia tetragonoides (Pall.) Kuntze	Plantae	Magnoliopsida			1	1			1	1			1	1	0.7731008140821961	220
2975132	Vicia narbonensis L.	Plantae	Magnoliopsida			1	1			1	1			1	1	0.7709544474130566	220
6449041	Panicum miliaceum subsp. miliaceum	Plantae	Liliopsida			1	1			1	1			1	1	0.7701667164541923	196
3033434	Ranunculus parviflorus L.	Plantae	Magnoliopsida			1	1			1	1			1	1	0.7658196530772924	220
2928538	Ipomoea hederacea Jacq.	Plantae	Magnoliopsida			1	1			1	1			1	1	0.7637069968272234	220
12187916	Tarenaya houtteana (Schltdl.) Soares Neto & Roalson	Plantae	Magnoliopsida			1	1			1	1			1	1	0.7596694701799034	220
3767816	Acer japonicum Thunb.	Plantae	Magnoliopsida			1	1			1	1			1	1	0.7578270545900175	220
2928755	Datura innoxia Mill.	Plantae	Magnoliopsida			1	1			1	1			1	1	0.751997652007002	220
2516419	Tranzschelia discolor (Fuckel) Tranzschel & M.A.Litv.	Fungi	Pucciniomycetes			1	1			1	1			1	1	0.7422007938664956	270
7303104	Plantago afra L.	Plantae	Magnoliopsida			1	1			1	1			1	1	0.7421252358988035	220
3064282	Euphorbia tommasiniana Bertol.	Plantae	Magnoliopsida			1	1			1	1			1	1	0.7357342723542886	220
10755213	Narcissus hispanicus subsp. hispanicus	Plantae	Liliopsida			1	1			1	1			1	1	0.7350862909662366	196
6550091	Actinidia chinensis var. deliciosa (A.Chev.) A.Chev.	Plantae	Magnoliopsida			1	1			1	1			1	1	0.7319031704937338	220
2700768	Luzula nivea (Nathh.) DC.	Plantae	Liliopsida			1	1			1	1			1	1	0.7260210107516786	196
3022668	Prunus virginiana L.	Plantae	Magnoliopsida			1	1			1	1			1	1	0.7187381629635718	220
7309012	Callicarpa bodinieri H.Lév.	Plantae	Magnoliopsida			1	1			1	1			1	1	0.7173421302360146	220
3033535	Clematis tangutica (Maxim.) Korsh.	Plantae	Magnoliopsida			1	1			1	1			1	1	0.7069315963739745	220
4990176	Rhyzobius forestieri (Mulsant, 1853)	Animalia	Insecta			1	1			1	1			1	1	0.7016758058110918	216
5410210	Campanula fenestrellata Feer	Plantae	Magnoliopsida			1	1			1	1			1	1	0.6958869616849219	220
2943190	Caragana arborescens Lam.	Plantae	Magnoliopsida			1	1			1	1			1	1	0.6891219575602785	220
5363627	Aronia melanocarpa (Michx.) Elliott	Plantae	Magnoliopsida			1	1			1	1			1	1	0.6816962916081438	220
2890013	Geranium divaricatum Ehrh.	Plantae	Magnoliopsida			1	1			1	1			1	1	0.6718543273256338	220
2684120	Sequoiadendron giganteum (Lindl.) J.T.Buchholz	Plantae	Pinopsida			1	1			1	1			1	1	0.637570844117195	194
8153538	Oenothera ×oehlkersii Kappus	Plantae	Magnoliopsida			1	1			1	1			1	1	0.6311379162167942	220
2455615	Pantherophis guttatus (Linnaeus, 1766)	Animalia	Squamata			1	1			1	1			1	1	0.6296478755770027	11592253
4021919	Portulaca sativa Haw.	Plantae	Magnoliopsida			1	1			1	1			1	1	0.6206519991088458	220
3892732	Lamium orvala L.	Plantae	Magnoliopsida			1	1			1	1			1	1	0.5863439907106104	220
1309606	Andricus grossulariae Giraud, 1859	Animalia	Insecta			1	1			1	1			1	1	0.5118774425515021	216
5232445	Branta sandvicensis (Vigors, 1834)	Animalia	Aves			1	1			1	1			1	1	0.5091770912637016	212
5275404	Pteris cretica L.	Plantae	Polypodiopsida			1	1			1	1			1	1	0.46536530833280265	7228684
1873890	Cadra cautella (Walker, 1863)	Animalia	Insecta			1	1			1	1			1	1		216
1891245	Sufetula diminutalis Walker, 1865	Animalia	Insecta			1	1			1	1			1	1		216
1998083	Ectobius vittiventris (Costa, 1847)	Animalia	Insecta			1	1			1	1			1	1		216
2437282	Tamiasciurus hudsonicus (Erxleben, 1777)	Animalia	Mammalia			1	1			1	1			1	1		359
2703041	Arundo donax L.	Plantae	Liliopsida			1	1			1	1			1	1		196
2856037	Allium ampeloprasum L.	Plantae	Liliopsida			1	1			1	1			1	1		196
2927045	Salvia microphylla Kunth	Plantae	Magnoliopsida			1	1			1	1			1	1		220
3082297	Limonium sinuatum (L.) Mill.	Plantae	Magnoliopsida			1	1			1	1			1	1		220
4400961	Badonnelia titei Pearman, 1953	Animalia	Insecta			1	1			1	1			1	1		216
4985072	Tricellaria inopinata d'Hondt & Occhipinti Ambrogi, 1985	Animalia	Gymnolaemata			1	1			1	1			1	1		252
5152536	Gastrodes abietum Bergroth, 1914	Animalia	Insecta			1	1			1	1			1	1		216
5285074	Pinus wallichiana A.B.Jacks.	Plantae	Pinopsida			1	1			1	1			1	1		194
5290192	Cenchrus longisetus M.C.Johnst.	Plantae	Liliopsida			1	1			1	1			1	1		196
5400552	Ageratina altissima (L.) R.M.King & H.Rob.	Plantae	Magnoliopsida			1	1			1	1			1	1		220
7427542	Aleurotuba jelinekii (Frauenfeld, 1867)	Animalia	Insecta			1	1			1	1			1	1		216
9254355	Lithotoma axillaris (Lindl.) E.B.Knox	Plantae	Magnoliopsida			1	1			1	1			1	1		220
9340142	Iris ×hollandica H.R.Wehrh.	Plantae	Liliopsida			1	1			1	1			1	1		196
11921804	Anethum ridolfia Spalik & Reduron	Plantae	Magnoliopsida			1	1			1	1			1	1		220
2975309	Vicia bithynica (L.) L.	Plantae	Magnoliopsida			1	1			1	0			1	0	0.8555405766033634	220
3026024	Cotoneaster ascendens Flinck & B.Hylmö	Plantae	Magnoliopsida			1	1			1	0			1	0	0.5884331470844595	220
3083920	Chenopodium berlandieri Moq.	Plantae	Magnoliopsida			1	0			1	0			1	0	0.790229679381281	220
2703712	Bromus carinatus Hook. & Arn.	Plantae	Liliopsida			1	0			1	0			1	0	0.7639770049553067	196
7226794	Bromus japonicus subsp. japonicus	Plantae	Liliopsida			1	0			1	0			1	0	0.7605656061942038	196
2706002	Phleum paniculatum Huds.	Plantae	Liliopsida			1	0			1	0			1	0	0.6821844584541751	196
2688189	Selaginella kraussiana (Kunze) A.Braun	Plantae	Lycopodiopsida			1	0			1	0			1	0	0.6772162045629508	245
7560711	Oxalis tetraphylla Cav.	Plantae	Magnoliopsida			1	0			1	0			1	0	0.596182808263178	220
5356704	Lathyrus vernus (L.) Bernh.	Plantae	Magnoliopsida			1	0			1	0			1	0	0.5945937081091373	220
3988701	Lythrum junceum Banks & Sol.	Plantae	Magnoliopsida			1	0			1	0			1	0	0.5540891517548112	220
3022609	Prunus serrulata Lindl.	Plantae	Magnoliopsida			1	0			0	0			0	0	0.31623057616451405	220
2480350	Pelecanus onocrotalus Linnaeus, 1758	Animalia	Aves			0	3			0	3			0	1	1.014006779483915	212
4259350	Tilia tomentosa Moench	Plantae	Magnoliopsida			0	2			0	2			0	2		220
10902460	Salvia rosmarinus Spenn.	Plantae	Magnoliopsida			0	2			0	2			0	2		220
4486382	Orsillus depressus Dallas, 1852	Animalia	Insecta			0	1			0	1			1	1	0.7267077315620125	216
2926995	Salvia verticillata L.	Plantae	Magnoliopsida			0	1			0	1			0	1	0.9869183006923404	220
2926048	Omphalodes verna Moench	Plantae	Magnoliopsida			0	1			0	1			0	1	0.9332971478268913	220
2994912	Rubus odoratus L.	Plantae	Magnoliopsida			0	1			0	1			0	1	0.9332485382573915	220
7308335	Mentha spicata subsp. spicata	Plantae	Magnoliopsida			0	1			0	1			0	1	0.889326471108664	220
3046875	Sisymbrium loeselii L.	Plantae	Magnoliopsida			0	1			0	1			0	1	0.8298679823044467	220
1314773	Monomorium pharaonis (Linnaeus, 1758)	Animalia	Insecta			0	1			0	1			0	1	0.8104831508183515	216
5390636	Cota austriaca (Jacq.) Sch.Bip.	Plantae	Magnoliopsida			0	1			0	1			0	1	0.8063519512656231	220
2870583	Pistia stratiotes L.	Plantae	Liliopsida			0	1			0	1			0	1	0.8061032751324422	196
7409013	Prunus domestica subsp. insititia (L.) Bonnier & Layens	Plantae	Magnoliopsida			0	1			0	1			0	1	0.8027904694561967	220
5383936	Bassia scoparia (L.) A.J.Scott	Plantae	Magnoliopsida			0	1			0	1			0	1	0.7805757805450402	220
2963569	Styphnolobium japonicum (L.) Schott	Plantae	Magnoliopsida			0	1			0	1			0	1	0.7710097099874506	220
7267630	Dianthus giganteus d'Urv.	Plantae	Magnoliopsida			0	1			0	1			0	1	0.6076349523456416	220
2484605	Bombycilla garrulus (Linnaeus, 1758)	Animalia	Aves			0	1			0	1			0	1	0.5840573592431713	212
2705369	Eragrostis cilianensis (All.) Vignolo ex Janch.	Plantae	Liliopsida			0	1			0	1			0	0	0.7592736946581118	196
2856457	Allium triquetrum L.	Plantae	Liliopsida			0	1			0	1			0	0	0.5580975221785277	196
7732986	Stropharia aurantiaca (Cooke) P.D.Orton	Fungi	Agaricomycetes			0	0			0	0			0	0	0.8357037561921561	186
4315705	Dikerogammarus villosus (Sowinsky, 1894)	Animalia	Malacostraca			0	0			0	0			0	0	0.7938644443557075	229
3029912	Fragaria ×ananassa (Weston) Rozier	Plantae	Magnoliopsida			0	0			0	0			0	0	0.7868150070893543	220
2516809	Melampsoridium betulinum (Pers.) Kleb.	Fungi	Pucciniomycetes			0	0			0	0			0	0	0.73877244691859	270
2932184	Solanum sisymbriifolium Lam.	Plantae	Magnoliopsida			0	0			0	0			0	0	0.7256229730559526	220
2684191	Taxodium distichum (L.) Rich.	Plantae	Pinopsida			0	0			0	0			0	0	0.7038647771203224	194
2868827	Zantedeschia aethiopica (L.) Spreng.	Plantae	Liliopsida			0	0			0	0			0	0	0.6704227386593171	196
3109117	Senecio squalidus L.	Plantae	Magnoliopsida			0	0			0	0			0	0	0.6681617536175466	220
9422220	Spatula discors (Linnaeus, 1766)	Animalia	Aves			0	0			0	0			0	0	0.6614616628109188	212
2889023	Rumex stenophyllus Ledeb.	Plantae	Magnoliopsida			0	0			0	0			0	0	0.6519117937601723	220
2706052	Hordeum jubatum L.	Plantae	Liliopsida			0	0			0	0			0	0	0.6462788245533226	196
3042416	Camelina microcarpa Andrz. ex DC.	Plantae	Magnoliopsida			0	0			0	0			0	0	0.6244929685169445	220
9235549	Sibirionetta formosa (Georgi, 1775)	Animalia	Aves			0	0			0	0			0	0	0.6226398852103627	212
4497124	Andricus quercuscalicis (Burgsdorff, 1783)	Animalia	Insecta			0	0			0	0			0	0	0.5008292738550661	216
3189843	Acer tataricum L.	Plantae	Magnoliopsida			0	0			0	0			0	0	0.4771799443716694	220
2480524	Buteo lagopus (Pontoppidan, 1763)	Animalia	Aves			0	0			0	0			0	0	0.47043413090743363	212
2925816	Cynoglossum amabile Stapf & J.R.Drumm.	Plantae	Magnoliopsida			0	0			0	0			0	0	0.4696613453040828	220
1702101	Anacridium aegyptium (Linnaeus, 1764)	Animalia	Insecta			0	0			0	0			0	0	0.35102001533947125	216
3112361	Cynara scolymus L.	Plantae	Magnoliopsida			0	0			0	0			0	0	0.30431640120399084	220
4206362	Onopordum beckianum A.John	Plantae	Magnoliopsida			0	0			0	0			0	0	0.2710333029132715	220
2294284	Otala lactea (O.F.Müller, 1774)	Animalia	Gastropoda			0	0			0	0			0	0	0.23167151695244542	225
