taxonKey	nubKey	taxonID	scientificName	taxonomicStatus	acceptedKey	acceptedName	acceptedTaxonRank	acceptedClassKey	acceptedClass	acceptedKingdom	first_observed
152543162	7239373	https://www.gbif.org/species/7239373	Uromyces veratri (DC.) J.Schröt.	ACCEPTED	7239373	Uromyces veratri (DC.) J.Schröt.	SPECIES	270	Pucciniomycetes	Fungi	1852
152543166	2516117	https://www.gbif.org/species/2516117	Gymnosporangium confusum Plowr.	ACCEPTED	2516117	Gymnosporangium confusum Plowr.	SPECIES	270	Pucciniomycetes	Fungi	1879
152543167	2516137	https://www.gbif.org/species/2516137	Gymnosporangium sabinae (Dicks.) G.Winter	ACCEPTED	2516137	Gymnosporangium sabinae (Dicks.) G.Winter	SPECIES	270	Pucciniomycetes	Fungi	1878
152543176	3376286	https://www.gbif.org/species/3376286	Puccinia pazschkei Dietel	ACCEPTED	3376286	Puccinia pazschkei Dietel	SPECIES	270	Pucciniomycetes	Fungi	1895
152543183	2515236	https://www.gbif.org/species/2515236	Puccinia antirrhini Dietel & Holw.	ACCEPTED	2515236	Puccinia antirrhini Dietel & Holw.	SPECIES	270	Pucciniomycetes	Fungi	1947
152543197	2513609	https://www.gbif.org/species/2513609	Entyloma calendulae (Oudem.) de Bary	ACCEPTED	2513609	Entyloma calendulae (Oudem.) de Bary	SPECIES	151	Exobasidiomycetes	Fungi	1900
152543227	2498015	https://www.gbif.org/species/2498015	Tadorna ferruginea (Pallas, 1764)	ACCEPTED	2498015	Tadorna ferruginea (Pallas, 1764)	SPECIES	212	Aves	Animalia	1880
152543227	2498015	https://www.gbif.org/species/2498015	Tadorna ferruginea (Pallas, 1764)	ACCEPTED	2498015	Tadorna ferruginea (Pallas, 1764)	SPECIES	212	Aves	Animalia	1880
152543266	5421116	https://www.gbif.org/species/5421116	Tribulus terrestris L.	ACCEPTED	5421116	Tribulus terrestris L.	SPECIES	220	Magnoliopsida	Plantae	1835
152543281	3686235	https://www.gbif.org/species/3686235	Staphylea pinnata L.	ACCEPTED	3686235	Staphylea pinnata L.	SPECIES	220	Magnoliopsida	Plantae	1948
152543305	3190538	https://www.gbif.org/species/3190538	Rhus typhina L.	ACCEPTED	3190538	Rhus typhina L.	SPECIES	220	Magnoliopsida	Plantae	1898
152543324	8077391	https://www.gbif.org/species/8077391	Citrus ×aurantium L.	ACCEPTED	8077391	Citrus ×aurantium L.	SPECIES	220	Magnoliopsida	Plantae	1949
152543324	8077391	https://www.gbif.org/species/8077391	Citrus ×aurantium L.	ACCEPTED	8077391	Citrus ×aurantium L.	SPECIES	220	Magnoliopsida	Plantae	1949
152543330	3190382	https://www.gbif.org/species/3190382	Ruta graveolens L.	ACCEPTED	3190382	Ruta graveolens L.	SPECIES	220	Magnoliopsida	Plantae	1881
152543372	2431886	https://www.gbif.org/species/2431886	Triturus marmoratus (Latreille, 1800)	ACCEPTED	2431886	Triturus marmoratus (Latreille, 1800)	SPECIES	131	Amphibia	Animalia	1877
152543372	2431886	https://www.gbif.org/species/2431886	Triturus marmoratus (Latreille, 1800)	ACCEPTED	2431886	Triturus marmoratus (Latreille, 1800)	SPECIES	131	Amphibia	Animalia	1877
152543401	3989886	https://www.gbif.org/species/3989886	Lythrum acutangulum Lag.	ACCEPTED	3989886	Lythrum acutangulum Lag.	SPECIES	220	Magnoliopsida	Plantae	1874
152543401	3989886	https://www.gbif.org/species/3989886	Lythrum acutangulum Lag.	ACCEPTED	3989886	Lythrum acutangulum Lag.	SPECIES	220	Magnoliopsida	Plantae	1874
152543404	3988701	https://www.gbif.org/species/3988701	Lythrum junceum Banks & Sol.	ACCEPTED	3988701	Lythrum junceum Banks & Sol.	SPECIES	220	Magnoliopsida	Plantae	1926
152543406	5203111	https://www.gbif.org/species/5203111	Umbra pygmaea (DeKay, 1842)	ACCEPTED	5203111	Umbra pygmaea (DeKay, 1842)	SPECIES			Animalia	1920
152543406	5203111	https://www.gbif.org/species/5203111	Umbra pygmaea (DeKay, 1842)	ACCEPTED	5203111	Umbra pygmaea (DeKay, 1842)	SPECIES			Animalia	1920
152543409	3188757	https://www.gbif.org/species/3188757	Trapa natans L.	ACCEPTED	3188757	Trapa natans L.	SPECIES	220	Magnoliopsida	Plantae	1800
152543416	7814921	https://www.gbif.org/species/7814921	Clarkia bottae (Spach) F.H.Lewis & M.E.Lewis	ACCEPTED	7814921	Clarkia bottae (Spach) F.H.Lewis & M.E.Lewis	SPECIES	220	Magnoliopsida	Plantae	1893
152543416	7814921	https://www.gbif.org/species/7814921	Clarkia bottae (Spach) F.H.Lewis & M.E.Lewis	ACCEPTED	7814921	Clarkia bottae (Spach) F.H.Lewis & M.E.Lewis	SPECIES	220	Magnoliopsida	Plantae	1893
152543418	5544928	https://www.gbif.org/species/5544928	Clarkia purpurea subsp. quadrivulnera (Douglas) F.H.Lewis & M.E.Lewis	ACCEPTED	5544928	Clarkia purpurea subsp. quadrivulnera (Douglas) F.H.Lewis & M.E.Lewis	SUBSPECIES	220	Magnoliopsida	Plantae	1894
152543418	5544928	https://www.gbif.org/species/5544928	Clarkia purpurea subsp. quadrivulnera (Douglas) F.H.Lewis & M.E.Lewis	ACCEPTED	5544928	Clarkia purpurea subsp. quadrivulnera (Douglas) F.H.Lewis & M.E.Lewis	SUBSPECIES	220	Magnoliopsida	Plantae	1894
152543423	5420982	https://www.gbif.org/species/5420982	Clarkia pulchella Pursh	ACCEPTED	5420982	Clarkia pulchella Pursh	SPECIES	220	Magnoliopsida	Plantae	1902
152543434	8994150	https://www.gbif.org/species/8994150	Oenothera parviflora L.	ACCEPTED	8994150	Oenothera parviflora L.	SPECIES	220	Magnoliopsida	Plantae	1860
152543434	8994150	https://www.gbif.org/species/8994150	Oenothera parviflora L.	ACCEPTED	8994150	Oenothera parviflora L.	SPECIES	220	Magnoliopsida	Plantae	1860
152543434	8994150	https://www.gbif.org/species/8994150	Oenothera parviflora L.	ACCEPTED	8994150	Oenothera parviflora L.	SPECIES	220	Magnoliopsida	Plantae	1883
152543438	8153538	https://www.gbif.org/species/8153538	Oenothera ×oehlkersii Kappus	ACCEPTED	8153538	Oenothera ×oehlkersii Kappus	SPECIES	220	Magnoliopsida	Plantae	1884
152543443	2382155	https://www.gbif.org/species/2382155	Sander lucioperca (Linnaeus, 1758)	ACCEPTED	2382155	Sander lucioperca (Linnaeus, 1758)	SPECIES			Animalia	1890
152543443	2382155	https://www.gbif.org/species/2382155	Sander lucioperca (Linnaeus, 1758)	ACCEPTED	2382155	Sander lucioperca (Linnaeus, 1758)	SPECIES			Animalia	1890
152543450	2394486	https://www.gbif.org/species/2394486	Lepomis gibbosus (Linnaeus, 1758)	ACCEPTED	2394486	Lepomis gibbosus (Linnaeus, 1758)	SPECIES			Animalia	1885
152543450	2394486	https://www.gbif.org/species/2394486	Lepomis gibbosus (Linnaeus, 1758)	ACCEPTED	2394486	Lepomis gibbosus (Linnaeus, 1758)	SPECIES			Animalia	1885
152543451	7322529	https://www.gbif.org/species/7322529	Oenothera ×rubricaulis Kleb.	ACCEPTED	7322529	Oenothera ×rubricaulis Kleb.	SPECIES	220	Magnoliopsida	Plantae	1887
152543451	7322529	https://www.gbif.org/species/7322529	Oenothera ×rubricaulis Kleb.	ACCEPTED	7322529	Oenothera ×rubricaulis Kleb.	SPECIES	220	Magnoliopsida	Plantae	1887
152543452	7322393	https://www.gbif.org/species/7322393	Oenothera indecora Cambess.	ACCEPTED	7322393	Oenothera indecora Cambess.	SPECIES	220	Magnoliopsida	Plantae	1895
152543452	7322393	https://www.gbif.org/species/7322393	Oenothera indecora Cambess.	ACCEPTED	7322393	Oenothera indecora Cambess.	SPECIES	220	Magnoliopsida	Plantae	1895
152543455	2394563	https://www.gbif.org/species/2394563	Micropterus salmoides (Lacepède, 1802)	ACCEPTED	2394563	Micropterus salmoides (Lacepède, 1802)	SPECIES			Animalia	1877
152543463	3667628	https://www.gbif.org/species/3667628	Oenothera ×nuda Renner ex Rostanski	ACCEPTED	3667628	Oenothera ×nuda Renner ex Rostanski	SPECIES	220	Magnoliopsida	Plantae	1933
152543463	3667628	https://www.gbif.org/species/3667628	Oenothera ×nuda Renner ex Rostanski	ACCEPTED	3667628	Oenothera ×nuda Renner ex Rostanski	SPECIES	220	Magnoliopsida	Plantae	1933
152543475	3188830	https://www.gbif.org/species/3188830	Oenothera stricta Link	ACCEPTED	3188830	Oenothera stricta Link	SPECIES	220	Magnoliopsida	Plantae	1878
152543476	3188838	https://www.gbif.org/species/3188838	Oenothera perennis L.	ACCEPTED	3188838	Oenothera perennis L.	SPECIES	220	Magnoliopsida	Plantae	1943
152543476	3188838	https://www.gbif.org/species/3188838	Oenothera perennis L.	ACCEPTED	3188838	Oenothera perennis L.	SPECIES	220	Magnoliopsida	Plantae	1943
152543478	3188867	https://www.gbif.org/species/3188867	Oenothera laciniata Hill	ACCEPTED	3188867	Oenothera laciniata Hill	SPECIES	220	Magnoliopsida	Plantae	1893
152543480	3188875	https://www.gbif.org/species/3188875	Oenothera rosea Aiton	ACCEPTED	3188875	Oenothera rosea Aiton	SPECIES	220	Magnoliopsida	Plantae	1835
152543480	3188875	https://www.gbif.org/species/3188875	Oenothera rosea Aiton	ACCEPTED	3188875	Oenothera rosea Aiton	SPECIES	220	Magnoliopsida	Plantae	1835
152543482	3188884	https://www.gbif.org/species/3188884	Oenothera oakesiana (A.Gray) J.W.Robbins ex S.Watson	ACCEPTED	3188884	Oenothera oakesiana (A.Gray) J.W.Robbins ex S.Watson	SPECIES	220	Magnoliopsida	Plantae	1867
152543486	3188924	https://www.gbif.org/species/3188924	Oenothera biennis L.	ACCEPTED	3188924	Oenothera biennis L.	SPECIES	220	Magnoliopsida	Plantae	1792
152543487	3188894	https://www.gbif.org/species/3188894	Oenothera glazioviana Micheli	ACCEPTED	3188894	Oenothera glazioviana Micheli	SPECIES	220	Magnoliopsida	Plantae	1868
152543493	5202520	https://www.gbif.org/species/5202520	Ictalurus punctatus (Rafinesque, 1818)	ACCEPTED	5202520	Ictalurus punctatus (Rafinesque, 1818)	SPECIES			Animalia	1884
152543493	5202520	https://www.gbif.org/species/5202520	Ictalurus punctatus (Rafinesque, 1818)	ACCEPTED	5202520	Ictalurus punctatus (Rafinesque, 1818)	SPECIES			Animalia	1884
152543496	2340977	https://www.gbif.org/species/2340977	Ameiurus melas (Rafinesque, 1820)	ACCEPTED	2340977	Ameiurus melas (Rafinesque, 1820)	SPECIES			Animalia	1880
152543496	2340977	https://www.gbif.org/species/2340977	Ameiurus melas (Rafinesque, 1820)	ACCEPTED	2340977	Ameiurus melas (Rafinesque, 1820)	SPECIES			Animalia	1880
152543498	2340989	https://www.gbif.org/species/2340989	Ameiurus nebulosus (Lesueur, 1819)	ACCEPTED	2340989	Ameiurus nebulosus (Lesueur, 1819)	SPECIES			Animalia	1871
152543498	2340989	https://www.gbif.org/species/2340989	Ameiurus nebulosus (Lesueur, 1819)	ACCEPTED	2340989	Ameiurus nebulosus (Lesueur, 1819)	SPECIES			Animalia	1871
152543505	5204019	https://www.gbif.org/species/5204019	Oncorhynchus mykiss (Walbaum, 1792)	ACCEPTED	5204019	Oncorhynchus mykiss (Walbaum, 1792)	SPECIES			Animalia	1884
152543505	5204019	https://www.gbif.org/species/5204019	Oncorhynchus mykiss (Walbaum, 1792)	ACCEPTED	5204019	Oncorhynchus mykiss (Walbaum, 1792)	SPECIES			Animalia	1884
152543526	4286975	https://www.gbif.org/species/4286975	Cyprinus carpio Linnaeus, 1758	ACCEPTED	4286975	Cyprinus carpio Linnaeus, 1758	SPECIES			Animalia	1201
152543526	4286975	https://www.gbif.org/species/4286975	Cyprinus carpio Linnaeus, 1758	ACCEPTED	4286975	Cyprinus carpio Linnaeus, 1758	SPECIES			Animalia	1201
152543532	4286942	https://www.gbif.org/species/4286942	Carassius auratus (Linnaeus, 1758)	ACCEPTED	4286942	Carassius auratus (Linnaeus, 1758)	SPECIES			Animalia	1601
152543532	4286942	https://www.gbif.org/species/4286942	Carassius auratus (Linnaeus, 1758)	ACCEPTED	4286942	Carassius auratus (Linnaeus, 1758)	SPECIES			Animalia	1601
152543533	2366634	https://www.gbif.org/species/2366634	Carassius gibelio (Bloch, 1782)	ACCEPTED	2366634	Carassius gibelio (Bloch, 1782)	SPECIES			Animalia	1601
152543533	2366634	https://www.gbif.org/species/2366634	Carassius gibelio (Bloch, 1782)	ACCEPTED	2366634	Carassius gibelio (Bloch, 1782)	SPECIES			Animalia	1601
152543543	2362881	https://www.gbif.org/species/2362881	Leucaspius delineatus (Heckel, 1843)	ACCEPTED	2362881	Leucaspius delineatus (Heckel, 1843)	SPECIES			Animalia	1910
152543572	5777912	https://www.gbif.org/species/5777912	Lithoglyphus naticoides (C.Pfeiffer, 1828)	ACCEPTED	5777912	Lithoglyphus naticoides (C.Pfeiffer, 1828)	SPECIES	225	Gastropoda	Animalia	1924
152543572	5777912	https://www.gbif.org/species/5777912	Lithoglyphus naticoides (C.Pfeiffer, 1828)	ACCEPTED	5777912	Lithoglyphus naticoides (C.Pfeiffer, 1828)	SPECIES	225	Gastropoda	Animalia	1924
152543577	5410480	https://www.gbif.org/species/5410480	Campanula rhomboidalis L.	ACCEPTED	5410480	Campanula rhomboidalis L.	SPECIES	220	Magnoliopsida	Plantae	1949
152543577	5410480	https://www.gbif.org/species/5410480	Campanula rhomboidalis L.	ACCEPTED	5410480	Campanula rhomboidalis L.	SPECIES	220	Magnoliopsida	Plantae	1949
152543578	5411408	https://www.gbif.org/species/5411408	Campanula latifolia L.	ACCEPTED	5411408	Campanula latifolia L.	SPECIES	220	Magnoliopsida	Plantae	1869
152543581	5192470	https://www.gbif.org/species/5192470	Potamopyrgus antipodarum (J.E.Gray, 1843)	ACCEPTED	5192470	Potamopyrgus antipodarum (J.E.Gray, 1843)	SPECIES	225	Gastropoda	Animalia	1927
152543581	5192470	https://www.gbif.org/species/5192470	Potamopyrgus antipodarum (J.E.Gray, 1843)	ACCEPTED	5192470	Potamopyrgus antipodarum (J.E.Gray, 1843)	SPECIES	225	Gastropoda	Animalia	1927
152543585	5192789	https://www.gbif.org/species/5192789	Crepidula fornicata (Linnaeus, 1758)	ACCEPTED	5192789	Crepidula fornicata (Linnaeus, 1758)	SPECIES	225	Gastropoda	Animalia	1911
152543585	5192789	https://www.gbif.org/species/5192789	Crepidula fornicata (Linnaeus, 1758)	ACCEPTED	5192789	Crepidula fornicata (Linnaeus, 1758)	SPECIES	225	Gastropoda	Animalia	1911
152543586	5409120	https://www.gbif.org/species/5409120	Lobelia siphilitica L.	ACCEPTED	5409120	Lobelia siphilitica L.	SPECIES	220	Magnoliopsida	Plantae	1934
152543592	5408087	https://www.gbif.org/species/5408087	Lobelia erinus L.	ACCEPTED	5408087	Lobelia erinus L.	SPECIES	220	Magnoliopsida	Plantae	1925
152543611	5386028	https://www.gbif.org/species/5386028	Cyanus triumfettii (All.) Dostál ex Á.Löve & D.Löve	SYNONYM	7338495	Centaurea triumfettii subsp. triumfettii	SUBSPECIES	220	Magnoliopsida	Plantae	1911
152543611	5386028	https://www.gbif.org/species/5386028	Cyanus triumfettii (All.) Dostál ex Á.Löve & D.Löve	SYNONYM	7338495	Centaurea triumfettii subsp. triumfettii	SUBSPECIES	220	Magnoliopsida	Plantae	1911
152543613	3138230	https://www.gbif.org/species/3138230	Carthamus lanatus L.	ACCEPTED	3138230	Carthamus lanatus L.	SPECIES	220	Magnoliopsida	Plantae	1940
152543615	5189806	https://www.gbif.org/species/5189806	Physella acuta (Draparnaud, 1805)	ACCEPTED	5189806	Physella acuta (Draparnaud, 1805)	SPECIES	225	Gastropoda	Animalia	1869
152543615	5189806	https://www.gbif.org/species/5189806	Physella acuta (Draparnaud, 1805)	ACCEPTED	5189806	Physella acuta (Draparnaud, 1805)	SPECIES	225	Gastropoda	Animalia	1869
152543618	7505045	https://www.gbif.org/species/7505045	Soliva anthemifolia R.Br.	ACCEPTED	7505045	Soliva anthemifolia R.Br.	SPECIES	220	Magnoliopsida	Plantae	1893
152543618	7505045	https://www.gbif.org/species/7505045	Soliva anthemifolia R.Br.	ACCEPTED	7505045	Soliva anthemifolia R.Br.	SPECIES	220	Magnoliopsida	Plantae	1893
152543625	7403263	https://www.gbif.org/species/7403263	Lactuca sativa L.	ACCEPTED	7403263	Lactuca sativa L.	SPECIES	220	Magnoliopsida	Plantae	1857
152543631	7587923	https://www.gbif.org/species/7587923	Euchiton sphaericus (Willd.) Holub	ACCEPTED	7587923	Euchiton sphaericus (Willd.) Holub	SPECIES	220	Magnoliopsida	Plantae	1892
152543631	7587923	https://www.gbif.org/species/7587923	Euchiton sphaericus (Willd.) Holub	ACCEPTED	7587923	Euchiton sphaericus (Willd.) Holub	SPECIES	220	Magnoliopsida	Plantae	1892
152543633	2294277	https://www.gbif.org/species/2294277	Theba pisana (O.F.Müller, 1774)	ACCEPTED	2294277	Theba pisana (O.F.Müller, 1774)	SPECIES	225	Gastropoda	Animalia	1934
152543636	7627205	https://www.gbif.org/species/7627205	Glebionis coronaria (L.) Tzvelev	ACCEPTED	7627205	Glebionis coronaria (L.) Tzvelev	SPECIES	220	Magnoliopsida	Plantae	1903
152543646	4564944	https://www.gbif.org/species/4564944	Xerosecta cespitum (Draparnaud, 1801)	ACCEPTED	4564944	Xerosecta cespitum (Draparnaud, 1801)	SPECIES	225	Gastropoda	Animalia	1941
152543648	8346536	https://www.gbif.org/species/8346536	Schkuhria pinnata (Lam.) Kuntze	ACCEPTED	8346536	Schkuhria pinnata (Lam.) Kuntze	SPECIES	220	Magnoliopsida	Plantae	1906
152543648	8346536	https://www.gbif.org/species/8346536	Schkuhria pinnata (Lam.) Kuntze	ACCEPTED	8346536	Schkuhria pinnata (Lam.) Kuntze	SPECIES	220	Magnoliopsida	Plantae	1906
152543649	4565134	https://www.gbif.org/species/4565134	Cernuella aginnica (Locard, 1882)	ACCEPTED	4565134	Cernuella aginnica (Locard, 1882)	SPECIES	225	Gastropoda	Animalia	1944
152543651	4565140	https://www.gbif.org/species/4565140	Cernuella cisalpina (Rossmässler, 1837)	ACCEPTED	4565140	Cernuella cisalpina (Rossmässler, 1837)	SPECIES	225	Gastropoda	Animalia	1937
152543660	7066596	https://www.gbif.org/species/7066596	Zinnia angustifolia var. angustifolia	ACCEPTED	7066596	Zinnia angustifolia var. angustifolia	VARIETY	220	Magnoliopsida	Plantae	1948
152543660	7066596	https://www.gbif.org/species/7066596	Zinnia angustifolia var. angustifolia	ACCEPTED	7066596	Zinnia angustifolia var. angustifolia	VARIETY	220	Magnoliopsida	Plantae	1948
152543666	5391599	https://www.gbif.org/species/5391599	Chamaemelum nobile (L.) All.	ACCEPTED	5391599	Chamaemelum nobile (L.) All.	SPECIES	220	Magnoliopsida	Plantae	1850
152543670	5392859	https://www.gbif.org/species/5392859	Echinops bannaticus Rochel ex Schrad.	ACCEPTED	5392859	Echinops bannaticus Rochel ex Schrad.	SPECIES	220	Magnoliopsida	Plantae	1841
152543672	5392883	https://www.gbif.org/species/5392883	Echinops sphaerocephalus L.	ACCEPTED	5392883	Echinops sphaerocephalus L.	SPECIES	220	Magnoliopsida	Plantae	1821
152543673	5392683	https://www.gbif.org/species/5392683	Echinops exaltatus Schrad.	ACCEPTED	5392683	Echinops exaltatus Schrad.	SPECIES	220	Magnoliopsida	Plantae	1926
152543679	5392243	https://www.gbif.org/species/5392243	Cichorium endivia L.	ACCEPTED	5392243	Cichorium endivia L.	SPECIES	220	Magnoliopsida	Plantae	1850
152543687	5392174	https://www.gbif.org/species/5392174	Bidens frondosa L.	ACCEPTED	5392174	Bidens frondosa L.	SPECIES	220	Magnoliopsida	Plantae	1886
152543689	5391882	https://www.gbif.org/species/5391882	Bidens subalternans DC.	ACCEPTED	5391882	Bidens subalternans DC.	SPECIES	220	Magnoliopsida	Plantae	1903
152543690	2308574	https://www.gbif.org/species/2308574	Branchiura sowerbyi Beddard, 1892	ACCEPTED	2308574	Branchiura sowerbyi Beddard, 1892	SPECIES	255	Clitellata	Animalia	1931
152543690	2308574	https://www.gbif.org/species/2308574	Branchiura sowerbyi Beddard, 1892	ACCEPTED	2308574	Branchiura sowerbyi Beddard, 1892	SPECIES	255	Clitellata	Animalia	1931
152543693	5392083	https://www.gbif.org/species/5392083	Bidens connata Muhl. ex Willd.	ACCEPTED	5392083	Bidens connata Muhl. ex Willd.	SPECIES	220	Magnoliopsida	Plantae	1920
152543697	5391845	https://www.gbif.org/species/5391845	Bidens pilosa L.	ACCEPTED	5391845	Bidens pilosa L.	SPECIES	220	Magnoliopsida	Plantae	1903
152543698	5389402	https://www.gbif.org/species/5389402	Bidens bipinnata L.	ACCEPTED	5389402	Bidens bipinnata L.	SPECIES	220	Magnoliopsida	Plantae	1885
152543705	5389173	https://www.gbif.org/species/5389173	Telekia speciosa (Schreb.) Baumg.	ACCEPTED	5389173	Telekia speciosa (Schreb.) Baumg.	SPECIES	220	Magnoliopsida	Plantae	1870
152543713	5389029	https://www.gbif.org/species/5389029	Solidago canadensis L.	ACCEPTED	5389029	Solidago canadensis L.	SPECIES	220	Magnoliopsida	Plantae	1863
152543714	5389017	https://www.gbif.org/species/5389017	Solidago gigantea Aiton	ACCEPTED	5389017	Solidago gigantea Aiton	SPECIES	220	Magnoliopsida	Plantae	1869
152543717	5388967	https://www.gbif.org/species/5388967	Solidago rugosa Mill.	ACCEPTED	5388967	Solidago rugosa Mill.	SPECIES	220	Magnoliopsida	Plantae	1883
152543722	9182765	https://www.gbif.org/species/9182765	Calendula arvensis L.	ACCEPTED	9182765	Calendula arvensis L.	SPECIES	220	Magnoliopsida	Plantae	1859
152543724	5391480	https://www.gbif.org/species/5391480	Calendula officinalis L.	ACCEPTED	5391480	Calendula officinalis L.	SPECIES	220	Magnoliopsida	Plantae	1858
152543728	5391292	https://www.gbif.org/species/5391292	Centipeda minima (L.) A.Br. & Asch.	ACCEPTED	5391292	Centipeda minima (L.) A.Br. & Asch.	SPECIES	220	Magnoliopsida	Plantae	1910
152543728	5391292	https://www.gbif.org/species/5391292	Centipeda minima (L.) A.Br. & Asch.	ACCEPTED	5391292	Centipeda minima (L.) A.Br. & Asch.	SPECIES	220	Magnoliopsida	Plantae	1910
152543731	5390636	https://www.gbif.org/species/5390636	Cota austriaca (Jacq.) Sch.Bip.	ACCEPTED	5390636	Cota austriaca (Jacq.) Sch.Bip.	SPECIES	220	Magnoliopsida	Plantae	1887
152543733	5390611	https://www.gbif.org/species/5390611	Cota altissima (L.) J.Gay	ACCEPTED	5390611	Cota altissima (L.) J.Gay	SPECIES	220	Magnoliopsida	Plantae	1869
152543740	6443709	https://www.gbif.org/species/6443709	Tragopogon dubius Scop.	ACCEPTED	6443709	Tragopogon dubius Scop.	SPECIES	220	Magnoliopsida	Plantae	1939
152543743	5386938	https://www.gbif.org/species/5386938	Tragopogon porrifolius L.	ACCEPTED	5386938	Tragopogon porrifolius L.	SPECIES	220	Magnoliopsida	Plantae	1813
152543747	5387817	https://www.gbif.org/species/5387817	Gaillardia ×grandiflora Van Houtte	ACCEPTED	5387817	Gaillardia ×grandiflora Van Houtte	SPECIES	220	Magnoliopsida	Plantae	1946
152543747	5387817	https://www.gbif.org/species/5387817	Gaillardia ×grandiflora Van Houtte	ACCEPTED	5387817	Gaillardia ×grandiflora Van Houtte	SPECIES	220	Magnoliopsida	Plantae	1946
152543750	7791733	https://www.gbif.org/species/7791733	Mya arenaria Linnaeus, 1758	ACCEPTED	7791733	Mya arenaria Linnaeus, 1758	SPECIES	137	Bivalvia	Animalia	1700
152543750	7791733	https://www.gbif.org/species/7791733	Mya arenaria Linnaeus, 1758	ACCEPTED	7791733	Mya arenaria Linnaeus, 1758	SPECIES	137	Bivalvia	Animalia	1700
152543752	5388595	https://www.gbif.org/species/5388595	Jacobaea maritima (L.) Pelser & Meijden	ACCEPTED	5388595	Jacobaea maritima (L.) Pelser & Meijden	SPECIES	220	Magnoliopsida	Plantae	1892
152543757	2287076	https://www.gbif.org/species/2287076	Mytilopsis leucophaeata (Conrad, 1831)	ACCEPTED	2287076	Mytilopsis leucophaeata (Conrad, 1831)	SPECIES	137	Bivalvia	Animalia	1835
152543757	2287076	https://www.gbif.org/species/2287076	Mytilopsis leucophaeata (Conrad, 1831)	ACCEPTED	2287076	Mytilopsis leucophaeata (Conrad, 1831)	SPECIES	137	Bivalvia	Animalia	1835
152543761	2287072	https://www.gbif.org/species/2287072	Dreissena polymorpha (Pallas, 1771)	ACCEPTED	2287072	Dreissena polymorpha (Pallas, 1771)	SPECIES	137	Bivalvia	Animalia	1834
152543761	2287072	https://www.gbif.org/species/2287072	Dreissena polymorpha (Pallas, 1771)	ACCEPTED	2287072	Dreissena polymorpha (Pallas, 1771)	SPECIES	137	Bivalvia	Animalia	1834
152543766	2288859	https://www.gbif.org/species/2288859	Psiloteredo megotara (Hanley, 1848)	ACCEPTED	2288859	Psiloteredo megotara (Hanley, 1848)	SPECIES	137	Bivalvia	Animalia	1600
152543766	2288859	https://www.gbif.org/species/2288859	Psiloteredo megotara (Hanley, 1848)	ACCEPTED	2288859	Psiloteredo megotara (Hanley, 1848)	SPECIES	137	Bivalvia	Animalia	1600
152543768	2288847	https://www.gbif.org/species/2288847	Teredo navalis Linnaeus, 1758	ACCEPTED	2288847	Teredo navalis Linnaeus, 1758	SPECIES	137	Bivalvia	Animalia	1730
152543768	2288847	https://www.gbif.org/species/2288847	Teredo navalis Linnaeus, 1758	ACCEPTED	2288847	Teredo navalis Linnaeus, 1758	SPECIES	137	Bivalvia	Animalia	1730
152543772	5403742	https://www.gbif.org/species/5403742	Scolymus hispanicus L.	ACCEPTED	5403742	Scolymus hispanicus L.	SPECIES	220	Magnoliopsida	Plantae	1907
152543772	5403742	https://www.gbif.org/species/5403742	Scolymus hispanicus L.	ACCEPTED	5403742	Scolymus hispanicus L.	SPECIES	220	Magnoliopsida	Plantae	1907
152543776	5401239	https://www.gbif.org/species/5401239	Felicia tenella (L.) Nees	ACCEPTED	5401239	Felicia tenella (L.) Nees	SPECIES	220	Magnoliopsida	Plantae	1911
152543776	5401239	https://www.gbif.org/species/5401239	Felicia tenella (L.) Nees	ACCEPTED	5401239	Felicia tenella (L.) Nees	SPECIES	220	Magnoliopsida	Plantae	1911
152543782	5401760	https://www.gbif.org/species/5401760	Ageratum houstonianum Mill.	ACCEPTED	5401760	Ageratum houstonianum Mill.	SPECIES	220	Magnoliopsida	Plantae	1908
152543788	5401877	https://www.gbif.org/species/5401877	Helenium autumnale L.	ACCEPTED	5401877	Helenium autumnale L.	SPECIES	220	Magnoliopsida	Plantae	1948
152543788	5401877	https://www.gbif.org/species/5401877	Helenium autumnale L.	ACCEPTED	5401877	Helenium autumnale L.	SPECIES	220	Magnoliopsida	Plantae	1948
152543792	2287615	https://www.gbif.org/species/2287615	Petricolaria pholadiformis (Lamarck, 1818)	ACCEPTED	2287615	Petricolaria pholadiformis (Lamarck, 1818)	SPECIES	137	Bivalvia	Animalia	1899
152543792	2287615	https://www.gbif.org/species/2287615	Petricolaria pholadiformis (Lamarck, 1818)	ACCEPTED	2287615	Petricolaria pholadiformis (Lamarck, 1818)	SPECIES	137	Bivalvia	Animalia	1899
152543797	2287668	https://www.gbif.org/species/2287668	Mercenaria mercenaria (Linnaeus, 1758)	ACCEPTED	2287668	Mercenaria mercenaria (Linnaeus, 1758)	SPECIES	137	Bivalvia	Animalia	1933
152543797	2287668	https://www.gbif.org/species/2287668	Mercenaria mercenaria (Linnaeus, 1758)	ACCEPTED	2287668	Mercenaria mercenaria (Linnaeus, 1758)	SPECIES	137	Bivalvia	Animalia	1933
152543803	5393689	https://www.gbif.org/species/5393689	Asteriscus aquaticus (L.) Less.	ACCEPTED	5393689	Asteriscus aquaticus (L.) Less.	SPECIES	220	Magnoliopsida	Plantae	1911
152543803	5393689	https://www.gbif.org/species/5393689	Asteriscus aquaticus (L.) Less.	ACCEPTED	5393689	Asteriscus aquaticus (L.) Less.	SPECIES	220	Magnoliopsida	Plantae	1911
152543823	5399550	https://www.gbif.org/species/5399550	Rhagadiolus stellatus (L.) Gaertn.	ACCEPTED	5399550	Rhagadiolus stellatus (L.) Gaertn.	SPECIES	220	Magnoliopsida	Plantae	1907
152543843	7569785	https://www.gbif.org/species/7569785	Hieracium pilosum Schleich. ex Froel.	ACCEPTED	7569785	Hieracium pilosum Schleich. ex Froel.	SPECIES	220	Magnoliopsida	Plantae	1890
152543843	7569785	https://www.gbif.org/species/7569785	Hieracium pilosum Schleich. ex Froel.	ACCEPTED	7569785	Hieracium pilosum Schleich. ex Froel.	SPECIES	220	Magnoliopsida	Plantae	1890
152543845	4243464	https://www.gbif.org/species/4243464	Hieracium speciosum Willd. ex Hornem.	ACCEPTED	4243464	Hieracium speciosum Willd. ex Hornem.	SPECIES	220	Magnoliopsida	Plantae	1850
152543845	4243464	https://www.gbif.org/species/4243464	Hieracium speciosum Willd. ex Hornem.	ACCEPTED	4243464	Hieracium speciosum Willd. ex Hornem.	SPECIES	220	Magnoliopsida	Plantae	1850
152543850	7706146	https://www.gbif.org/species/7706146	Crepis nicaeensis Balb.	DOUBTFUL	7706146	Crepis nicaeensis Balb.	SPECIES	220	Magnoliopsida	Plantae	1860
152543860	5403272	https://www.gbif.org/species/5403272	Crepis pulchra L.	ACCEPTED	5403272	Crepis pulchra L.	SPECIES	220	Magnoliopsida	Plantae	1842
152543861	5403508	https://www.gbif.org/species/5403508	Crepis tectorum L.	ACCEPTED	5403508	Crepis tectorum L.	SPECIES	220	Magnoliopsida	Plantae	1842
152543863	4245384	https://www.gbif.org/species/4245384	Crepis setosa Haller fil.	ACCEPTED	4245384	Crepis setosa Haller fil.	SPECIES	220	Magnoliopsida	Plantae	1862
152543867	3148548	https://www.gbif.org/species/3148548	Anacyclus ×valentinus L.	ACCEPTED	3148548	Anacyclus ×valentinus L.	SPECIES	220	Magnoliopsida	Plantae	1913
152543868	3148589	https://www.gbif.org/species/3148589	Anacyclus clavatus (Desf.) Pers.	ACCEPTED	3148589	Anacyclus clavatus (Desf.) Pers.	SPECIES	220	Magnoliopsida	Plantae	1911
152543883	2225776	https://www.gbif.org/species/2225776	Eriocheir sinensis H.Milne Edwards, 1853	ACCEPTED	2225776	Eriocheir sinensis H.Milne Edwards, 1853	SPECIES	229	Malacostraca	Animalia	1933
152543883	2225776	https://www.gbif.org/species/2225776	Eriocheir sinensis H.Milne Edwards, 1853	ACCEPTED	2225776	Eriocheir sinensis H.Milne Edwards, 1853	SPECIES	229	Malacostraca	Animalia	1933
152543885	3148340	https://www.gbif.org/species/3148340	Inula helenium L.	ACCEPTED	3148340	Inula helenium L.	SPECIES	220	Magnoliopsida	Plantae	1813
152543893	3141046	https://www.gbif.org/species/3141046	Centromadia pungens (Hook. & Arn.) Greene	ACCEPTED	3141046	Centromadia pungens (Hook. & Arn.) Greene	SPECIES	220	Magnoliopsida	Plantae	1922
152543893	3141046	https://www.gbif.org/species/3141046	Centromadia pungens (Hook. & Arn.) Greene	ACCEPTED	3141046	Centromadia pungens (Hook. & Arn.) Greene	SPECIES	220	Magnoliopsida	Plantae	1922
152543898	3140910	https://www.gbif.org/species/3140910	Madia sativa Molina	ACCEPTED	3140910	Madia sativa Molina	SPECIES	220	Magnoliopsida	Plantae	1941
152543898	3140910	https://www.gbif.org/species/3140910	Madia sativa Molina	ACCEPTED	3140910	Madia sativa Molina	SPECIES	220	Magnoliopsida	Plantae	1941
152543908	3137829	https://www.gbif.org/species/3137829	Psephellus dealbatus (Willd.) K.Koch	ACCEPTED	3137829	Psephellus dealbatus (Willd.) K.Koch	SPECIES	220	Magnoliopsida	Plantae	1944
152543912	3138327	https://www.gbif.org/species/3138327	Carthamus tinctorius L.	ACCEPTED	3138327	Carthamus tinctorius L.	SPECIES	220	Magnoliopsida	Plantae	1893
152543915	3146219	https://www.gbif.org/species/3146219	Grindelia squarrosa (Pursh) Dunal	ACCEPTED	3146219	Grindelia squarrosa (Pursh) Dunal	SPECIES	220	Magnoliopsida	Plantae	1920
152543915	3146219	https://www.gbif.org/species/3146219	Grindelia squarrosa (Pursh) Dunal	ACCEPTED	3146219	Grindelia squarrosa (Pursh) Dunal	SPECIES	220	Magnoliopsida	Plantae	1920
152543919	3145214	https://www.gbif.org/species/3145214	Silybum marianum (L.) Gaertn.	ACCEPTED	3145214	Silybum marianum (L.) Gaertn.	SPECIES	220	Magnoliopsida	Plantae	1803
152543922	3141890	https://www.gbif.org/species/3141890	Cyclachaena xanthiifolia (Nutt.) Fresen.	ACCEPTED	3141890	Cyclachaena xanthiifolia (Nutt.) Fresen.	SPECIES	220	Magnoliopsida	Plantae	1908
152543925	2206086	https://www.gbif.org/species/2206086	Proasellus meridianus (Racovitza, 1919)	ACCEPTED	2206086	Proasellus meridianus (Racovitza, 1919)	SPECIES	229	Malacostraca	Animalia	1945
152543925	2206086	https://www.gbif.org/species/2206086	Proasellus meridianus (Racovitza, 1919)	ACCEPTED	2206086	Proasellus meridianus (Racovitza, 1919)	SPECIES	229	Malacostraca	Animalia	1945
152543930	3141571	https://www.gbif.org/species/3141571	Mantisalca salmantica (L.) Briq. & Cavill.	ACCEPTED	3141571	Mantisalca salmantica (L.) Briq. & Cavill.	SPECIES	220	Magnoliopsida	Plantae	1877
152543930	3141571	https://www.gbif.org/species/3141571	Mantisalca salmantica (L.) Briq. & Cavill.	ACCEPTED	3141571	Mantisalca salmantica (L.) Briq. & Cavill.	SPECIES	220	Magnoliopsida	Plantae	1877
152543934	3143034	https://www.gbif.org/species/3143034	Doronicum columnae Ten.	ACCEPTED	3143034	Doronicum columnae Ten.	SPECIES	220	Magnoliopsida	Plantae	1886
152543935	3142974	https://www.gbif.org/species/3142974	Doronicum ×excelsum (N.E.Br.) Stace	ACCEPTED	3142974	Doronicum ×excelsum (N.E.Br.) Stace	SPECIES	220	Magnoliopsida	Plantae	1867
152543935	3142974	https://www.gbif.org/species/3142974	Doronicum ×excelsum (N.E.Br.) Stace	ACCEPTED	3142974	Doronicum ×excelsum (N.E.Br.) Stace	SPECIES	220	Magnoliopsida	Plantae	1867
152543943	3129663	https://www.gbif.org/species/3129663	Baccharis halimifolia L.	ACCEPTED	3129663	Baccharis halimifolia L.	SPECIES	220	Magnoliopsida	Plantae	1924
152543943	3129663	https://www.gbif.org/species/3129663	Baccharis halimifolia L.	ACCEPTED	3129663	Baccharis halimifolia L.	SPECIES	220	Magnoliopsida	Plantae	1924
152543951	8305028	https://www.gbif.org/species/8305028	Centaurea phrygia L.	ACCEPTED	8305028	Centaurea phrygia L.	SPECIES	220	Magnoliopsida	Plantae	1850
152543956	7223276	https://www.gbif.org/species/7223276	Centaurea solstitialis subsp. solstitialis	ACCEPTED	7223276	Centaurea solstitialis subsp. solstitialis	SUBSPECIES	220	Magnoliopsida	Plantae	1824
152543957	4250826	https://www.gbif.org/species/4250826	Centaurea nemenyiana J.Wagner	DOUBTFUL	4250826	Centaurea nemenyiana J.Wagner	SPECIES	220	Magnoliopsida	Plantae	1840
152543957	4250826	https://www.gbif.org/species/4250826	Centaurea nemenyiana J.Wagner	DOUBTFUL	4250826	Centaurea nemenyiana J.Wagner	SPECIES	220	Magnoliopsida	Plantae	1840
152543960	3129064	https://www.gbif.org/species/3129064	Centaurea macrocephala Muss.Puschk. ex Willd.	ACCEPTED	3129064	Centaurea macrocephala Muss.Puschk. ex Willd.	SPECIES	220	Magnoliopsida	Plantae	1940
152543961	3129010	https://www.gbif.org/species/3129010	Centaurea diluta Aiton	ACCEPTED	3129010	Centaurea diluta Aiton	SPECIES	220	Magnoliopsida	Plantae	1918
152543964	3128228	https://www.gbif.org/species/3128228	Centaurea nigrescens Willd.	ACCEPTED	3128228	Centaurea nigrescens Willd.	SPECIES	220	Magnoliopsida	Plantae	1826
152543966	3128962	https://www.gbif.org/species/3128962	Centaurea diffusa Lam.	ACCEPTED	3128962	Centaurea diffusa Lam.	SPECIES	220	Magnoliopsida	Plantae	1877
152543967	4315760	https://www.gbif.org/species/4315760	Echinogammarus berilloni (Catta, 1878)	ACCEPTED	4315760	Echinogammarus berilloni (Catta, 1878)	SPECIES	229	Malacostraca	Animalia	1925
152543967	4315760	https://www.gbif.org/species/4315760	Echinogammarus berilloni (Catta, 1878)	ACCEPTED	4315760	Echinogammarus berilloni (Catta, 1878)	SPECIES	229	Malacostraca	Animalia	1925
152543969	3128437	https://www.gbif.org/species/3128437	Centaurea glaberrima Tausch	ACCEPTED	3128437	Centaurea glaberrima Tausch	SPECIES	220	Magnoliopsida	Plantae	1850
152543969	3128437	https://www.gbif.org/species/3128437	Centaurea glaberrima Tausch	ACCEPTED	3128437	Centaurea glaberrima Tausch	SPECIES	220	Magnoliopsida	Plantae	1850
152543970	3128007	https://www.gbif.org/species/3128007	Centaurea orientalis L.	ACCEPTED	3128007	Centaurea orientalis L.	SPECIES	220	Magnoliopsida	Plantae	1893
152543970	3128007	https://www.gbif.org/species/3128007	Centaurea orientalis L.	ACCEPTED	3128007	Centaurea orientalis L.	SPECIES	220	Magnoliopsida	Plantae	1893
152543973	3128166	https://www.gbif.org/species/3128166	Centaurea aspera L.	ACCEPTED	3128166	Centaurea aspera L.	SPECIES	220	Magnoliopsida	Plantae	1872
152543974	3128091	https://www.gbif.org/species/3128091	Centaurea melitensis L.	ACCEPTED	3128091	Centaurea melitensis L.	SPECIES	220	Magnoliopsida	Plantae	1848
152543976	3127613	https://www.gbif.org/species/3127613	Centaurea paniculata L.	ACCEPTED	3127613	Centaurea paniculata L.	SPECIES	220	Magnoliopsida	Plantae	1895
152543976	3127613	https://www.gbif.org/species/3127613	Centaurea paniculata L.	ACCEPTED	3127613	Centaurea paniculata L.	SPECIES	220	Magnoliopsida	Plantae	1895
152543977	3127727	https://www.gbif.org/species/3127727	Centaurea stoebe L.	ACCEPTED	3127727	Centaurea stoebe L.	SPECIES	220	Magnoliopsida	Plantae	1882
152543979	3127691	https://www.gbif.org/species/3127691	Centaurea benedicta (L.) L.	ACCEPTED	3127691	Centaurea benedicta (L.) L.	SPECIES	220	Magnoliopsida	Plantae	1886
152543981	5864277	https://www.gbif.org/species/5864277	Gammarus roeselii Gervais, 1835	ACCEPTED	5864277	Gammarus roeselii Gervais, 1835	SPECIES	229	Malacostraca	Animalia	1937
152543981	5864277	https://www.gbif.org/species/5864277	Gammarus roeselii Gervais, 1835	ACCEPTED	5864277	Gammarus roeselii Gervais, 1835	SPECIES	229	Malacostraca	Animalia	1937
152543982	4926336	https://www.gbif.org/species/4926336	Anaphalis margaritacea (L.) Benth.	ACCEPTED	4926336	Anaphalis margaritacea (L.) Benth.	SPECIES	220	Magnoliopsida	Plantae	1850
152543990	3137629	https://www.gbif.org/species/3137629	Rhodanthe floribunda (DC.) Paul G.Wilson	ACCEPTED	3137629	Rhodanthe floribunda (DC.) Paul G.Wilson	SPECIES	220	Magnoliopsida	Plantae	1894
152543990	3137629	https://www.gbif.org/species/3137629	Rhodanthe floribunda (DC.) Paul G.Wilson	ACCEPTED	3137629	Rhodanthe floribunda (DC.) Paul G.Wilson	SPECIES	220	Magnoliopsida	Plantae	1894
152544004	3133950	https://www.gbif.org/species/3133950	Coreopsis tinctoria Nutt.	ACCEPTED	3133950	Coreopsis tinctoria Nutt.	SPECIES	220	Magnoliopsida	Plantae	1946
152544012	8298495	https://www.gbif.org/species/8298495	Galinsoga quadriradiata Ruiz & Pav.	ACCEPTED	8298495	Galinsoga quadriradiata Ruiz & Pav.	SPECIES	220	Magnoliopsida	Plantae	1920
152544013	3132570	https://www.gbif.org/species/3132570	Galinsoga parviflora Cav.	ACCEPTED	3132570	Galinsoga parviflora Cav.	SPECIES	220	Magnoliopsida	Plantae	1873
152544015	6467647	https://www.gbif.org/species/6467647	Amphibalanus improvisus (Darwin, 1854)	ACCEPTED	6467647	Amphibalanus improvisus (Darwin, 1854)	SPECIES	203	Maxillopoda	Animalia	1700
152544015	6467647	https://www.gbif.org/species/6467647	Amphibalanus improvisus (Darwin, 1854)	ACCEPTED	6467647	Amphibalanus improvisus (Darwin, 1854)	SPECIES	203	Maxillopoda	Animalia	1700
152544020	8042568	https://www.gbif.org/species/8042568	Artemisia abrotanum L.	ACCEPTED	8042568	Artemisia abrotanum L.	SPECIES	220	Magnoliopsida	Plantae	1872
152544021	8195160	https://www.gbif.org/species/8195160	Artemisia pontica L.	ACCEPTED	8195160	Artemisia pontica L.	SPECIES	220	Magnoliopsida	Plantae	1850
152544022	8373355	https://www.gbif.org/species/8373355	Artemisia annua L.	ACCEPTED	8373355	Artemisia annua L.	SPECIES	220	Magnoliopsida	Plantae	1891
152544026	3121668	https://www.gbif.org/species/3121668	Artemisia austriaca Jacq.	ACCEPTED	3121668	Artemisia austriaca Jacq.	SPECIES	220	Magnoliopsida	Plantae	1944
152544027	3121581	https://www.gbif.org/species/3121581	Artemisia dracunculus L.	ACCEPTED	3121581	Artemisia dracunculus L.	SPECIES	220	Magnoliopsida	Plantae	1817
152544033	3121226	https://www.gbif.org/species/3121226	Artemisia biennis Willd.	ACCEPTED	3121226	Artemisia biennis Willd.	SPECIES	220	Magnoliopsida	Plantae	1895
152544034	3120950	https://www.gbif.org/species/3120950	Artemisia ludoviciana Nutt.	ACCEPTED	3120950	Artemisia ludoviciana Nutt.	SPECIES	220	Magnoliopsida	Plantae	1902
152544036	3120713	https://www.gbif.org/species/3120713	Artemisia scoparia Waldst. & Kit.	ACCEPTED	3120713	Artemisia scoparia Waldst. & Kit.	SPECIES	220	Magnoliopsida	Plantae	1911
152544042	3120284	https://www.gbif.org/species/3120284	Achillea filipendulina Lam.	ACCEPTED	3120284	Achillea filipendulina Lam.	SPECIES	220	Magnoliopsida	Plantae	1944
152544045	3120066	https://www.gbif.org/species/3120066	Achillea setacea Waldst. & Kit.	ACCEPTED	3120066	Achillea setacea Waldst. & Kit.	SPECIES	220	Magnoliopsida	Plantae	1885
152544045	3120066	https://www.gbif.org/species/3120066	Achillea setacea Waldst. & Kit.	ACCEPTED	3120066	Achillea setacea Waldst. & Kit.	SPECIES	220	Magnoliopsida	Plantae	1885
152544046	3120024	https://www.gbif.org/species/3120024	Achillea nobilis L.	ACCEPTED	3120024	Achillea nobilis L.	SPECIES	220	Magnoliopsida	Plantae	1880
152544052	3147146	https://www.gbif.org/species/3147146	Erigeron speciosus (Lindl.) DC.	ACCEPTED	3147146	Erigeron speciosus (Lindl.) DC.	SPECIES	220	Magnoliopsida	Plantae	1869
152544056	3146717	https://www.gbif.org/species/3146717	Erigeron bonariensis L.	ACCEPTED	3146717	Erigeron bonariensis L.	SPECIES	220	Magnoliopsida	Plantae	1892
152544057	3146791	https://www.gbif.org/species/3146791	Erigeron canadensis L.	ACCEPTED	3146791	Erigeron canadensis L.	SPECIES	220	Magnoliopsida	Plantae	1822
152544060	3119285	https://www.gbif.org/species/3119285	Erigeron philadelphicus L.	ACCEPTED	3119285	Erigeron philadelphicus L.	SPECIES	220	Magnoliopsida	Plantae	1945
152544060	3119285	https://www.gbif.org/species/3119285	Erigeron philadelphicus L.	ACCEPTED	3119285	Erigeron philadelphicus L.	SPECIES	220	Magnoliopsida	Plantae	1945
152544062	3126046	https://www.gbif.org/species/3126046	Erigeron pampeanus Parodi	ACCEPTED	3126046	Erigeron pampeanus Parodi	SPECIES	220	Magnoliopsida	Plantae	1911
152544062	3126046	https://www.gbif.org/species/3126046	Erigeron pampeanus Parodi	ACCEPTED	3126046	Erigeron pampeanus Parodi	SPECIES	220	Magnoliopsida	Plantae	1911
152544065	3125944	https://www.gbif.org/species/3125944	Santolina rosmarinifolia L.	ACCEPTED	3125944	Santolina rosmarinifolia L.	SPECIES	220	Magnoliopsida	Plantae	1912
152544065	3125944	https://www.gbif.org/species/3125944	Santolina rosmarinifolia L.	ACCEPTED	3125944	Santolina rosmarinifolia L.	SPECIES	220	Magnoliopsida	Plantae	1912
152544069	3125901	https://www.gbif.org/species/3125901	Sigesbeckia orientalis L.	ACCEPTED	3125901	Sigesbeckia orientalis L.	SPECIES	220	Magnoliopsida	Plantae	1940
152544069	3125901	https://www.gbif.org/species/3125901	Sigesbeckia orientalis L.	ACCEPTED	3125901	Sigesbeckia orientalis L.	SPECIES	220	Magnoliopsida	Plantae	1940
152544073	3125765	https://www.gbif.org/species/3125765	Stuartina muelleri Sond.	ACCEPTED	3125765	Stuartina muelleri Sond.	SPECIES	220	Magnoliopsida	Plantae	1906
152544073	3125765	https://www.gbif.org/species/3125765	Stuartina muelleri Sond.	ACCEPTED	3125765	Stuartina muelleri Sond.	SPECIES	220	Magnoliopsida	Plantae	1906
152544082	8288930	https://www.gbif.org/species/8288930	Pilosella piloselloides (Vill.) Soják	ACCEPTED	8288930	Pilosella piloselloides (Vill.) Soják	SPECIES	220	Magnoliopsida	Plantae	1867
152544088	3123663	https://www.gbif.org/species/3123663	Pilosella caespitosa (Dumort.) P.D.Sell & C.West	ACCEPTED	3123663	Pilosella caespitosa (Dumort.) P.D.Sell & C.West	SPECIES	220	Magnoliopsida	Plantae	1850
152544090	3122924	https://www.gbif.org/species/3122924	Pilosella aurantiaca (L.) F.W.Schultz & Sch.Bip.	ACCEPTED	3122924	Pilosella aurantiaca (L.) F.W.Schultz & Sch.Bip.	SPECIES	220	Magnoliopsida	Plantae	1910
152544096	3122323	https://www.gbif.org/species/3122323	Notobasis syriaca (L.) Cass.	ACCEPTED	3122323	Notobasis syriaca (L.) Cass.	SPECIES	220	Magnoliopsida	Plantae	1909
152544096	3122323	https://www.gbif.org/species/3122323	Notobasis syriaca (L.) Cass.	ACCEPTED	3122323	Notobasis syriaca (L.) Cass.	SPECIES	220	Magnoliopsida	Plantae	1909
152544102	3089146	https://www.gbif.org/species/3089146	Xanthium orientale L.	ACCEPTED	3089146	Xanthium orientale L.	SPECIES	220	Magnoliopsida	Plantae	1824
152544104	3089150	https://www.gbif.org/species/3089150	Xanthium spinosum L.	ACCEPTED	3089150	Xanthium spinosum L.	SPECIES	220	Magnoliopsida	Plantae	1848
152544106	3089154	https://www.gbif.org/species/3089154	Xanthium strumarium L.	ACCEPTED	3089154	Xanthium strumarium L.	SPECIES	220	Magnoliopsida	Plantae	1800
152544116	7749287	https://www.gbif.org/species/7749287	Petasites albus (L.) Gaertn.	ACCEPTED	7749287	Petasites albus (L.) Gaertn.	SPECIES	220	Magnoliopsida	Plantae	1862
152544121	3088282	https://www.gbif.org/species/3088282	Petasites pyrenaicus (L.) G.López	ACCEPTED	3088282	Petasites pyrenaicus (L.) G.López	SPECIES	220	Magnoliopsida	Plantae	1867
152544125	3114986	https://www.gbif.org/species/3114986	Arctotheca calendula (L.) Levyns	ACCEPTED	3114986	Arctotheca calendula (L.) Levyns	SPECIES	220	Magnoliopsida	Plantae	1902
152544137	3118526	https://www.gbif.org/species/3118526	Tanacetum macrophyllum (Waldst. & Kit.) Sch.Bip.	ACCEPTED	3118526	Tanacetum macrophyllum (Waldst. & Kit.) Sch.Bip.	SPECIES	220	Magnoliopsida	Plantae	1882
152544138	3118430	https://www.gbif.org/species/3118430	Tanacetum parthenium (L.) Sch.Bip.	ACCEPTED	3118430	Tanacetum parthenium (L.) Sch.Bip.	SPECIES	220	Magnoliopsida	Plantae	1800
152544140	3118254	https://www.gbif.org/species/3118254	Tanacetum balsamita L.	ACCEPTED	3118254	Tanacetum balsamita L.	SPECIES	220	Magnoliopsida	Plantae	1941
152544142	3118216	https://www.gbif.org/species/3118216	Tanacetum corymbosum (L.) Sch.Bip.	ACCEPTED	3118216	Tanacetum corymbosum (L.) Sch.Bip.	SPECIES	220	Magnoliopsida	Plantae	1809
152544142	3118216	https://www.gbif.org/species/3118216	Tanacetum corymbosum (L.) Sch.Bip.	ACCEPTED	3118216	Tanacetum corymbosum (L.) Sch.Bip.	SPECIES	220	Magnoliopsida	Plantae	1809
152544146	9206251	https://www.gbif.org/species/9206251	Helianthus annuus L.	ACCEPTED	9206251	Helianthus annuus L.	SPECIES	220	Magnoliopsida	Plantae	1915
152544150	3119225	https://www.gbif.org/species/3119225	Helianthus petiolaris Nutt.	ACCEPTED	3119225	Helianthus petiolaris Nutt.	SPECIES	220	Magnoliopsida	Plantae	1949
152544150	3119225	https://www.gbif.org/species/3119225	Helianthus petiolaris Nutt.	ACCEPTED	3119225	Helianthus petiolaris Nutt.	SPECIES	220	Magnoliopsida	Plantae	1949
152544154	3119191	https://www.gbif.org/species/3119191	Helianthus debilis Nutt.	ACCEPTED	3119191	Helianthus debilis Nutt.	SPECIES	220	Magnoliopsida	Plantae	1911
152544157	3119181	https://www.gbif.org/species/3119181	Helianthus ×laetiflorus Pers.	ACCEPTED	3119181	Helianthus ×laetiflorus Pers.	SPECIES	220	Magnoliopsida	Plantae	1923
152544158	3119175	https://www.gbif.org/species/3119175	Helianthus tuberosus L.	ACCEPTED	3119175	Helianthus tuberosus L.	SPECIES	220	Magnoliopsida	Plantae	1893
152544164	3113745	https://www.gbif.org/species/3113745	Cirsium heterophyllum (L.) Hill	ACCEPTED	3113745	Cirsium heterophyllum (L.) Hill	SPECIES	220	Magnoliopsida	Plantae	1918
152544181	3114229	https://www.gbif.org/species/3114229	Rudbeckia laciniata L.	ACCEPTED	3114229	Rudbeckia laciniata L.	SPECIES	220	Magnoliopsida	Plantae	1849
152544185	3114225	https://www.gbif.org/species/3114225	Rudbeckia hirta L.	ACCEPTED	3114225	Rudbeckia hirta L.	SPECIES	220	Magnoliopsida	Plantae	1926
152544191	3114343	https://www.gbif.org/species/3114343	Athanasia trifurcata (L.) L.	ACCEPTED	3114343	Athanasia trifurcata (L.) L.	SPECIES	220	Magnoliopsida	Plantae	1909
152544191	3114343	https://www.gbif.org/species/3114343	Athanasia trifurcata (L.) L.	ACCEPTED	3114343	Athanasia trifurcata (L.) L.	SPECIES	220	Magnoliopsida	Plantae	1909
152544195	9448191	https://www.gbif.org/species/9448191	Carduus nutans subsp. leiophyllus (Petrovic) Arènes	ACCEPTED	9448191	Carduus nutans subsp. leiophyllus (Petrovic) Arènes	SUBSPECIES	220	Magnoliopsida	Plantae	1908
152544198	4210773	https://www.gbif.org/species/4210773	Carduus vivariensis Jord.	ACCEPTED	4210773	Carduus vivariensis Jord.	SPECIES	220	Magnoliopsida	Plantae	1897
152544200	3114667	https://www.gbif.org/species/3114667	Carduus pycnocephalus L.	ACCEPTED	3114667	Carduus pycnocephalus L.	SPECIES	220	Magnoliopsida	Plantae	1850
152544203	3114679	https://www.gbif.org/species/3114679	Carduus hamulosus Ehrh.	ACCEPTED	3114679	Carduus hamulosus Ehrh.	SPECIES	220	Magnoliopsida	Plantae	1876
152544203	3114679	https://www.gbif.org/species/3114679	Carduus hamulosus Ehrh.	ACCEPTED	3114679	Carduus hamulosus Ehrh.	SPECIES	220	Magnoliopsida	Plantae	1876
152544206	3114643	https://www.gbif.org/species/3114643	Carduus acanthoides L.	ACCEPTED	3114643	Carduus acanthoides L.	SPECIES	220	Magnoliopsida	Plantae	1866
152544211	8002952	https://www.gbif.org/species/8002952	Ambrosia artemisiifolia L.	ACCEPTED	8002952	Ambrosia artemisiifolia L.	SPECIES	220	Magnoliopsida	Plantae	1883
152544215	3110686	https://www.gbif.org/species/3110686	Ambrosia psilostachya DC.	ACCEPTED	3110686	Ambrosia psilostachya DC.	SPECIES	220	Magnoliopsida	Plantae	1917
152544217	3110588	https://www.gbif.org/species/3110588	Ambrosia trifida L.	ACCEPTED	3110588	Ambrosia trifida L.	SPECIES	220	Magnoliopsida	Plantae	1896
152544222	3110293	https://www.gbif.org/species/3110293	Facelis retusa (Lam.) Sch.Bip.	ACCEPTED	3110293	Facelis retusa (Lam.) Sch.Bip.	SPECIES	220	Magnoliopsida	Plantae	1895
152544222	3110293	https://www.gbif.org/species/3110293	Facelis retusa (Lam.) Sch.Bip.	ACCEPTED	3110293	Facelis retusa (Lam.) Sch.Bip.	SPECIES	220	Magnoliopsida	Plantae	1895
152544228	3110767	https://www.gbif.org/species/3110767	Cladanthus mixtus (L.) Chevall.	ACCEPTED	3110767	Cladanthus mixtus (L.) Chevall.	SPECIES	220	Magnoliopsida	Plantae	1854
152544233	8542672	https://www.gbif.org/species/8542672	Cotula australis (Sieber ex Spreng.) Hook.fil.	ACCEPTED	8542672	Cotula australis (Sieber ex Spreng.) Hook.fil.	SPECIES	220	Magnoliopsida	Plantae	1889
152544235	3112123	https://www.gbif.org/species/3112123	Cotula anthemoides L.	ACCEPTED	3112123	Cotula anthemoides L.	SPECIES	220	Magnoliopsida	Plantae	1896
152544235	3112123	https://www.gbif.org/species/3112123	Cotula anthemoides L.	ACCEPTED	3112123	Cotula anthemoides L.	SPECIES	220	Magnoliopsida	Plantae	1896
152544237	3112110	https://www.gbif.org/species/3112110	Cotula coronopifolia L.	ACCEPTED	3112110	Cotula coronopifolia L.	SPECIES	220	Magnoliopsida	Plantae	1895
152544239	3112098	https://www.gbif.org/species/3112098	Cotula turbinata L.	ACCEPTED	3112098	Cotula turbinata L.	SPECIES	220	Magnoliopsida	Plantae	1947
152544239	3112098	https://www.gbif.org/species/3112098	Cotula turbinata L.	ACCEPTED	3112098	Cotula turbinata L.	SPECIES	220	Magnoliopsida	Plantae	1947
152544262	7903764	https://www.gbif.org/species/7903764	Senecio sarracenicus L.	ACCEPTED	7903764	Senecio sarracenicus L.	SPECIES	220	Magnoliopsida	Plantae	1850
152544267	6063730	https://www.gbif.org/species/6063730	Senecio vernalis Waldst. & Kit.	ACCEPTED	6063730	Senecio vernalis Waldst. & Kit.	SPECIES	220	Magnoliopsida	Plantae	1837
152544269	3109086	https://www.gbif.org/species/3109086	Senecio inaequidens DC.	ACCEPTED	3109086	Senecio inaequidens DC.	SPECIES	220	Magnoliopsida	Plantae	1892
152544271	3109117	https://www.gbif.org/species/3109117	Senecio squalidus L.	ACCEPTED	3109117	Senecio squalidus L.	SPECIES	220	Magnoliopsida	Plantae	1805
152544273	3107896	https://www.gbif.org/species/3107896	Senecio gallicus Chaix	ACCEPTED	3107896	Senecio gallicus Chaix	SPECIES	220	Magnoliopsida	Plantae	1850
152544273	3107896	https://www.gbif.org/species/3107896	Senecio gallicus Chaix	ACCEPTED	3107896	Senecio gallicus Chaix	SPECIES	220	Magnoliopsida	Plantae	1850
152544274	3107177	https://www.gbif.org/species/3107177	Senecio pterophorus DC.	ACCEPTED	3107177	Senecio pterophorus DC.	SPECIES	220	Magnoliopsida	Plantae	1892
152544274	3107177	https://www.gbif.org/species/3107177	Senecio pterophorus DC.	ACCEPTED	3107177	Senecio pterophorus DC.	SPECIES	220	Magnoliopsida	Plantae	1892
152544296	3102871	https://www.gbif.org/species/3102871	Xerochrysum bracteatum (Vent.) Tzvelev	ACCEPTED	3102871	Xerochrysum bracteatum (Vent.) Tzvelev	SPECIES	220	Magnoliopsida	Plantae	1908
152544300	3103180	https://www.gbif.org/species/3103180	Gamochaeta antillana (Urb.) Anderb.	ACCEPTED	3103180	Gamochaeta antillana (Urb.) Anderb.	SPECIES	220	Magnoliopsida	Plantae	1901
152544302	3103082	https://www.gbif.org/species/3103082	Gamochaeta pensylvanica (Willd.) Cabrera	ACCEPTED	3103082	Gamochaeta pensylvanica (Willd.) Cabrera	SPECIES	220	Magnoliopsida	Plantae	1891
152544308	3102823	https://www.gbif.org/species/3102823	Anthemis ruthenica M.Bieb.	ACCEPTED	3102823	Anthemis ruthenica M.Bieb.	SPECIES	220	Magnoliopsida	Plantae	1828
152544308	3102823	https://www.gbif.org/species/3102823	Anthemis ruthenica M.Bieb.	ACCEPTED	3102823	Anthemis ruthenica M.Bieb.	SPECIES	220	Magnoliopsida	Plantae	1828
152544325	3103791	https://www.gbif.org/species/3103791	Matricaria discoidea DC.	ACCEPTED	3103791	Matricaria discoidea DC.	SPECIES	220	Magnoliopsida	Plantae	1893
152544336	3098176	https://www.gbif.org/species/3098176	Calotis hispidula (F.Muell.) F.Muell.	ACCEPTED	3098176	Calotis hispidula (F.Muell.) F.Muell.	SPECIES	220	Magnoliopsida	Plantae	1898
152544336	3098176	https://www.gbif.org/species/3098176	Calotis hispidula (F.Muell.) F.Muell.	ACCEPTED	3098176	Calotis hispidula (F.Muell.) F.Muell.	SPECIES	220	Magnoliopsida	Plantae	1898
152544338	3098183	https://www.gbif.org/species/3098183	Calotis lappulacea Benth.	ACCEPTED	3098183	Calotis lappulacea Benth.	SPECIES	220	Magnoliopsida	Plantae	1902
152544338	3098183	https://www.gbif.org/species/3098183	Calotis lappulacea Benth.	ACCEPTED	3098183	Calotis lappulacea Benth.	SPECIES	220	Magnoliopsida	Plantae	1902
152544339	3098186	https://www.gbif.org/species/3098186	Calotis cuneifolia R.Br.	ACCEPTED	3098186	Calotis cuneifolia R.Br.	SPECIES	220	Magnoliopsida	Plantae	1895
152544339	3098186	https://www.gbif.org/species/3098186	Calotis cuneifolia R.Br.	ACCEPTED	3098186	Calotis cuneifolia R.Br.	SPECIES	220	Magnoliopsida	Plantae	1895
152544343	3100968	https://www.gbif.org/species/3100968	Pseudognaphalium undulatum (L.) Hilliard & B.L.Burtt	ACCEPTED	3100968	Pseudognaphalium undulatum (L.) Hilliard & B.L.Burtt	SPECIES	220	Magnoliopsida	Plantae	1893
152544343	3100968	https://www.gbif.org/species/3100968	Pseudognaphalium undulatum (L.) Hilliard & B.L.Burtt	ACCEPTED	3100968	Pseudognaphalium undulatum (L.) Hilliard & B.L.Burtt	SPECIES	220	Magnoliopsida	Plantae	1893
152544345	3101193	https://www.gbif.org/species/3101193	Dittrichia graveolens (L.) Greuter	ACCEPTED	3101193	Dittrichia graveolens (L.) Greuter	SPECIES	220	Magnoliopsida	Plantae	1895
152544346	3101184	https://www.gbif.org/species/3101184	Dittrichia viscosa (L.) Greuter	ACCEPTED	3101184	Dittrichia viscosa (L.) Greuter	SPECIES	220	Magnoliopsida	Plantae	1907
152544355	3093891	https://www.gbif.org/species/3093891	Hypochaeris microcephala (Sch.Bip.) Cabrera	ACCEPTED	3093891	Hypochaeris microcephala (Sch.Bip.) Cabrera	SPECIES	220	Magnoliopsida	Plantae	1895
152544355	3093891	https://www.gbif.org/species/3093891	Hypochaeris microcephala (Sch.Bip.) Cabrera	ACCEPTED	3093891	Hypochaeris microcephala (Sch.Bip.) Cabrera	SPECIES	220	Magnoliopsida	Plantae	1895
152544360	3092946	https://www.gbif.org/species/3092946	Callistephus chinensis (L.) Nees	ACCEPTED	3092946	Callistephus chinensis (L.) Nees	SPECIES	220	Magnoliopsida	Plantae	1930
152544363	3092782	https://www.gbif.org/species/3092782	Euthamia graminifolia (L.) Nutt.	ACCEPTED	3092782	Euthamia graminifolia (L.) Nutt.	SPECIES	220	Magnoliopsida	Plantae	1900
152544368	3092604	https://www.gbif.org/species/3092604	Leysera tenella DC.	ACCEPTED	3092604	Leysera tenella DC.	SPECIES	220	Magnoliopsida	Plantae	1911
152544368	3092604	https://www.gbif.org/species/3092604	Leysera tenella DC.	ACCEPTED	3092604	Leysera tenella DC.	SPECIES	220	Magnoliopsida	Plantae	1911
152544385	9202318	https://www.gbif.org/species/9202318	Symphyotrichum lanceolatum (Willd.) G.L.Nesom	ACCEPTED	9202318	Symphyotrichum lanceolatum (Willd.) G.L.Nesom	SPECIES	220	Magnoliopsida	Plantae	1835
152544388	3151618	https://www.gbif.org/species/3151618	Symphyotrichum novae-angliae (L.) G.L.Nesom	ACCEPTED	3151618	Symphyotrichum novae-angliae (L.) G.L.Nesom	SPECIES	220	Magnoliopsida	Plantae	1944
152544390	3151558	https://www.gbif.org/species/3151558	Symphyotrichum novi-belgii (L.) G.L.Nesom	ACCEPTED	3151558	Symphyotrichum novi-belgii (L.) G.L.Nesom	SPECIES	220	Magnoliopsida	Plantae	1865
152544394	3151666	https://www.gbif.org/species/3151666	Symphyotrichum racemosum (Elliott) G.L.Nesom	ACCEPTED	3151666	Symphyotrichum racemosum (Elliott) G.L.Nesom	SPECIES	220	Magnoliopsida	Plantae	1947
152544394	3151666	https://www.gbif.org/species/3151666	Symphyotrichum racemosum (Elliott) G.L.Nesom	ACCEPTED	3151666	Symphyotrichum racemosum (Elliott) G.L.Nesom	SPECIES	220	Magnoliopsida	Plantae	1947
152544396	3151755	https://www.gbif.org/species/3151755	Symphyotrichum pilosum (Willd.) G.L.Nesom	ACCEPTED	3151755	Symphyotrichum pilosum (Willd.) G.L.Nesom	SPECIES	220	Magnoliopsida	Plantae	1947
152544398	3151811	https://www.gbif.org/species/3151811	Symphyotrichum ×salignum (Willd.) G.L.Nesom	ACCEPTED	3151811	Symphyotrichum ×salignum (Willd.) G.L.Nesom	SPECIES	220	Magnoliopsida	Plantae	1861
152544399	3094253	https://www.gbif.org/species/3094253	Symphyotrichum subulatum (Michx.) G.L.Nesom	ACCEPTED	3094253	Symphyotrichum subulatum (Michx.) G.L.Nesom	SPECIES	220	Magnoliopsida	Plantae	1895
152544402	8584304	https://www.gbif.org/species/8584304	Guizotia abyssinica (L.fil.) Cass.	ACCEPTED	8584304	Guizotia abyssinica (L.fil.) Cass.	SPECIES	220	Magnoliopsida	Plantae	1908
152544410	3088481	https://www.gbif.org/species/3088481	Tagetes minuta L.	ACCEPTED	3088481	Tagetes minuta L.	SPECIES	220	Magnoliopsida	Plantae	1880
152544415	3088405	https://www.gbif.org/species/3088405	Leucanthemella serotina (L.) Tzvelev	ACCEPTED	3088405	Leucanthemella serotina (L.) Tzvelev	SPECIES	220	Magnoliopsida	Plantae	1928
152544418	3092576	https://www.gbif.org/species/3092576	Silphium perfoliatum L.	ACCEPTED	3092576	Silphium perfoliatum L.	SPECIES	220	Magnoliopsida	Plantae	1871
152544430	3090783	https://www.gbif.org/species/3090783	Prenanthes purpurea L.	ACCEPTED	3090783	Prenanthes purpurea L.	SPECIES	220	Magnoliopsida	Plantae	1850
152544430	3090783	https://www.gbif.org/species/3090783	Prenanthes purpurea L.	ACCEPTED	3090783	Prenanthes purpurea L.	SPECIES	220	Magnoliopsida	Plantae	1850
152544439	5372392	https://www.gbif.org/species/5372392	Vitis vinifera L.	ACCEPTED	5372392	Vitis vinifera L.	SPECIES	220	Magnoliopsida	Plantae	1869
152544447	3039209	https://www.gbif.org/species/3039209	Parthenocissus tricuspidata (Siebold & Zucc.) Planch.	ACCEPTED	3039209	Parthenocissus tricuspidata (Siebold & Zucc.) Planch.	SPECIES	220	Magnoliopsida	Plantae	1939
152544478	3037015	https://www.gbif.org/species/3037015	Aralia cordata Thunb.	ACCEPTED	3037015	Aralia cordata Thunb.	SPECIES	220	Magnoliopsida	Plantae	1915
152544478	3037015	https://www.gbif.org/species/3037015	Aralia cordata Thunb.	ACCEPTED	3037015	Aralia cordata Thunb.	SPECIES	220	Magnoliopsida	Plantae	1915
152544492	8364220	https://www.gbif.org/species/8364220	Torilis leptophylla (L.) Rchb.fil.	ACCEPTED	8364220	Torilis leptophylla (L.) Rchb.fil.	SPECIES	220	Magnoliopsida	Plantae	1872
152544492	8364220	https://www.gbif.org/species/8364220	Torilis leptophylla (L.) Rchb.fil.	ACCEPTED	8364220	Torilis leptophylla (L.) Rchb.fil.	SPECIES	220	Magnoliopsida	Plantae	1872
152544499	6027089	https://www.gbif.org/species/6027089	Smyrnium perfoliatum L.	ACCEPTED	6027089	Smyrnium perfoliatum L.	SPECIES	220	Magnoliopsida	Plantae	1850
152544504	7466434	https://www.gbif.org/species/7466434	Pastinaca sativa subsp. urens (Req. ex Godr.) Celak.	ACCEPTED	7466434	Pastinaca sativa subsp. urens (Req. ex Godr.) Celak.	SUBSPECIES	220	Magnoliopsida	Plantae	1947
152544511	8080300	https://www.gbif.org/species/8080300	Pimpinella anisum L.	ACCEPTED	8080300	Pimpinella anisum L.	SPECIES	220	Magnoliopsida	Plantae	1928
152544521	5538108	https://www.gbif.org/species/5538108	Imperatoria ostruthium L.	ACCEPTED	5538108	Imperatoria ostruthium L.	SPECIES	220	Magnoliopsida	Plantae	1811
152544521	5538108	https://www.gbif.org/species/5538108	Imperatoria ostruthium L.	ACCEPTED	5538108	Imperatoria ostruthium L.	SPECIES	220	Magnoliopsida	Plantae	1811
152544527	5371870	https://www.gbif.org/species/5371870	Bifora radians M.Bieb.	ACCEPTED	5371870	Bifora radians M.Bieb.	SPECIES	220	Magnoliopsida	Plantae	1889
152544532	5371889	https://www.gbif.org/species/5371889	Oenanthe pimpinelloides L.	ACCEPTED	5371889	Oenanthe pimpinelloides L.	SPECIES	220	Magnoliopsida	Plantae	1859
152544535	5371808	https://www.gbif.org/species/5371808	Angelica archangelica L.	ACCEPTED	5371808	Angelica archangelica L.	SPECIES	220	Magnoliopsida	Plantae	1850
152544539	5371772	https://www.gbif.org/species/5371772	Levisticum officinale W.D.J.Koch	ACCEPTED	5371772	Levisticum officinale W.D.J.Koch	SPECIES	220	Magnoliopsida	Plantae	1870
152544543	5371746	https://www.gbif.org/species/5371746	Anthriscus cerefolium (L.) Hoffm.	ACCEPTED	5371746	Anthriscus cerefolium (L.) Hoffm.	SPECIES	220	Magnoliopsida	Plantae	1859
152544549	6027313	https://www.gbif.org/species/6027313	Daucus glochidiatus (Labill.) Fisch., C.A.Mey. & Avé-Lall.	ACCEPTED	6027313	Daucus glochidiatus (Labill.) Fisch., C.A.Mey. & Avé-Lall.	SPECIES	220	Magnoliopsida	Plantae	1892
152544549	6027313	https://www.gbif.org/species/6027313	Daucus glochidiatus (Labill.) Fisch., C.A.Mey. & Avé-Lall.	ACCEPTED	6027313	Daucus glochidiatus (Labill.) Fisch., C.A.Mey. & Avé-Lall.	SPECIES	220	Magnoliopsida	Plantae	1892
152544550	6027382	https://www.gbif.org/species/6027382	Daucus aureus Desf.	ACCEPTED	6027382	Daucus aureus Desf.	SPECIES	220	Magnoliopsida	Plantae	1921
152544552	3641853	https://www.gbif.org/species/3641853	Daucus durieua Lange	ACCEPTED	3641853	Daucus durieua Lange	SPECIES	220	Magnoliopsida	Plantae	1938
152544552	3641853	https://www.gbif.org/species/3641853	Daucus durieua Lange	ACCEPTED	3641853	Daucus durieua Lange	SPECIES	220	Magnoliopsida	Plantae	1938
152544565	6308164	https://www.gbif.org/species/6308164	Scandix australis subsp. grandiflora (L.) Thell.	ACCEPTED	6308164	Scandix australis subsp. grandiflora (L.) Thell.	SUBSPECIES	220	Magnoliopsida	Plantae	1894
152544565	6308164	https://www.gbif.org/species/6308164	Scandix australis subsp. grandiflora (L.) Thell.	ACCEPTED	6308164	Scandix australis subsp. grandiflora (L.) Thell.	SUBSPECIES	220	Magnoliopsida	Plantae	1894
152544569	3637112	https://www.gbif.org/species/3637112	Scandix iberica M.Bieb.	ACCEPTED	3637112	Scandix iberica M.Bieb.	SPECIES	220	Magnoliopsida	Plantae	1908
152544573	3034922	https://www.gbif.org/species/3034922	Foeniculum vulgare Mill.	ACCEPTED	3034922	Foeniculum vulgare Mill.	SPECIES	220	Magnoliopsida	Plantae	1820
152544579	3034825	https://www.gbif.org/species/3034825	Heracleum mantegazzianum Sommier & Levier	ACCEPTED	3034825	Heracleum mantegazzianum Sommier & Levier	SPECIES	220	Magnoliopsida	Plantae	1945
152544586	3034681	https://www.gbif.org/species/3034681	Myrrhis odorata (L.) Scop.	ACCEPTED	3034681	Myrrhis odorata (L.) Scop.	SPECIES	220	Magnoliopsida	Plantae	1811
152544592	3034915	https://www.gbif.org/species/3034915	Astrantia major L.	ACCEPTED	3034915	Astrantia major L.	SPECIES	220	Magnoliopsida	Plantae	1812
152544595	3034871	https://www.gbif.org/species/3034871	Coriandrum sativum L.	ACCEPTED	3034871	Coriandrum sativum L.	SPECIES	220	Magnoliopsida	Plantae	1885
152544609	3034393	https://www.gbif.org/species/3034393	Eryngium planum L.	ACCEPTED	3034393	Eryngium planum L.	SPECIES	220	Magnoliopsida	Plantae	1850
152544614	5831906	https://www.gbif.org/species/5831906	Bupleurum gerardi All.	ACCEPTED	5831906	Bupleurum gerardi All.	SPECIES	220	Magnoliopsida	Plantae	1886
152544617	6026972	https://www.gbif.org/species/6026972	Bupleurum praealtum L.	ACCEPTED	6026972	Bupleurum praealtum L.	SPECIES	220	Magnoliopsida	Plantae	1835
152544619	3639326	https://www.gbif.org/species/3639326	Bupleurum croceum Fenzl	ACCEPTED	3639326	Bupleurum croceum Fenzl	SPECIES	220	Magnoliopsida	Plantae	1938
152544624	3034552	https://www.gbif.org/species/3034552	Bupleurum odontites L.	ACCEPTED	3034552	Bupleurum odontites L.	SPECIES	220	Magnoliopsida	Plantae	1906
152544625	3034558	https://www.gbif.org/species/3034558	Bupleurum subovatum Link ex Spreng.	ACCEPTED	3034558	Bupleurum subovatum Link ex Spreng.	SPECIES	220	Magnoliopsida	Plantae	1876
152544629	3034182	https://www.gbif.org/species/3034182	Ammi majus L.	ACCEPTED	3034182	Ammi majus L.	SPECIES	220	Magnoliopsida	Plantae	1813
152544635	3034646	https://www.gbif.org/species/3034646	Anethum graveolens L.	ACCEPTED	3034646	Anethum graveolens L.	SPECIES	220	Magnoliopsida	Plantae	1850
152544644	3034653	https://www.gbif.org/species/3034653	Chaerophyllum bulbosum L.	ACCEPTED	3034653	Chaerophyllum bulbosum L.	SPECIES	220	Magnoliopsida	Plantae	1873
152544688	7544073	https://www.gbif.org/species/7544073	Saxifraga ×arendsii Engl.	ACCEPTED	7544073	Saxifraga ×arendsii Engl.	SPECIES	220	Magnoliopsida	Plantae	1864
152544689	8223023	https://www.gbif.org/species/8223023	Saxifraga ×geum L.	ACCEPTED	8223023	Saxifraga ×geum L.	SPECIES	220	Magnoliopsida	Plantae	1949
152544690	7339396	https://www.gbif.org/species/7339396	Saxifraga rotundifolia L.	ACCEPTED	7339396	Saxifraga rotundifolia L.	SPECIES	220	Magnoliopsida	Plantae	1851
152544690	7339396	https://www.gbif.org/species/7339396	Saxifraga rotundifolia L.	ACCEPTED	7339396	Saxifraga rotundifolia L.	SPECIES	220	Magnoliopsida	Plantae	1851
152544691	3754353	https://www.gbif.org/species/3754353	Saxifraga ×urbium D.A.Webb	ACCEPTED	3754353	Saxifraga ×urbium D.A.Webb	SPECIES	220	Magnoliopsida	Plantae	1908
152544696	3032698	https://www.gbif.org/species/3032698	Tellima grandiflora (Pursh) Douglas ex Lindl.	ACCEPTED	3032698	Tellima grandiflora (Pursh) Douglas ex Lindl.	SPECIES	220	Magnoliopsida	Plantae	1932
152544703	7334263	https://www.gbif.org/species/7334263	Crassula decumbens Thunb.	ACCEPTED	7334263	Crassula decumbens Thunb.	SPECIES	220	Magnoliopsida	Plantae	1904
152544703	7334263	https://www.gbif.org/species/7334263	Crassula decumbens Thunb.	ACCEPTED	7334263	Crassula decumbens Thunb.	SPECIES	220	Magnoliopsida	Plantae	1904
152544707	5690287	https://www.gbif.org/species/5690287	Sedum cepaea L.	ACCEPTED	5690287	Sedum cepaea L.	SPECIES	220	Magnoliopsida	Plantae	1866
152544708	7172720	https://www.gbif.org/species/7172720	Sedum dasyphyllum L.	ACCEPTED	7172720	Sedum dasyphyllum L.	SPECIES	220	Magnoliopsida	Plantae	1836
152544709	5361982	https://www.gbif.org/species/5361982	Sedum hispanicum L.	ACCEPTED	5361982	Sedum hispanicum L.	SPECIES	220	Magnoliopsida	Plantae	1871
152544717	7334631	https://www.gbif.org/species/7334631	Hylotelephium maximum (L.) Holub	ACCEPTED	7334631	Hylotelephium maximum (L.) Holub	SPECIES	220	Magnoliopsida	Plantae	1872
152544717	7334631	https://www.gbif.org/species/7334631	Hylotelephium maximum (L.) Holub	ACCEPTED	7334631	Hylotelephium maximum (L.) Holub	SPECIES	220	Magnoliopsida	Plantae	1872
152544722	8091002	https://www.gbif.org/species/8091002	Sempervivum globiferum L.	ACCEPTED	8091002	Sempervivum globiferum L.	SPECIES	220	Magnoliopsida	Plantae	1893
152544722	8091002	https://www.gbif.org/species/8091002	Sempervivum globiferum L.	ACCEPTED	8091002	Sempervivum globiferum L.	SPECIES	220	Magnoliopsida	Plantae	1893
152544724	2985949	https://www.gbif.org/species/2985949	Sempervivum tectorum L.	ACCEPTED	2985949	Sempervivum tectorum L.	SPECIES	220	Magnoliopsida	Plantae	1800
152544727	2986129	https://www.gbif.org/species/2986129	Ribes spicatum E.Robson	ACCEPTED	2986129	Ribes spicatum E.Robson	SPECIES	220	Magnoliopsida	Plantae	1874
152544727	2986129	https://www.gbif.org/species/2986129	Ribes spicatum E.Robson	ACCEPTED	2986129	Ribes spicatum E.Robson	SPECIES	220	Magnoliopsida	Plantae	1874
152544729	2986130	https://www.gbif.org/species/2986130	Ribes sanguineum Pursh	ACCEPTED	2986130	Ribes sanguineum Pursh	SPECIES	220	Magnoliopsida	Plantae	1942
152544730	2986184	https://www.gbif.org/species/2986184	Ribes alpinum L.	ACCEPTED	2986184	Ribes alpinum L.	SPECIES	220	Magnoliopsida	Plantae	1811
152544738	5361880	https://www.gbif.org/species/5361880	Cannabis sativa L.	ACCEPTED	5361880	Cannabis sativa L.	SPECIES	220	Magnoliopsida	Plantae	1853
152544742	5361889	https://www.gbif.org/species/5361889	Morus alba L.	ACCEPTED	5361889	Morus alba L.	SPECIES	220	Magnoliopsida	Plantae	1850
152544744	5361909	https://www.gbif.org/species/5361909	Ficus carica L.	ACCEPTED	5361909	Ficus carica L.	SPECIES	220	Magnoliopsida	Plantae	1937
152544754	3039269	https://www.gbif.org/species/3039269	Elaeagnus angustifolia L.	ACCEPTED	3039269	Elaeagnus angustifolia L.	SPECIES	220	Magnoliopsida	Plantae	1939
152544754	3039269	https://www.gbif.org/species/3039269	Elaeagnus angustifolia L.	ACCEPTED	3039269	Elaeagnus angustifolia L.	SPECIES	220	Magnoliopsida	Plantae	1939
152544757	5372457	https://www.gbif.org/species/5372457	Paliurus spina-christi Mill.	ACCEPTED	5372457	Paliurus spina-christi Mill.	SPECIES	220	Magnoliopsida	Plantae	1874
152544757	5372457	https://www.gbif.org/species/5372457	Paliurus spina-christi Mill.	ACCEPTED	5372457	Paliurus spina-christi Mill.	SPECIES	220	Magnoliopsida	Plantae	1874
152544768	7602322	https://www.gbif.org/species/7602322	Urtica incisa Poir.	ACCEPTED	7602322	Urtica incisa Poir.	SPECIES	220	Magnoliopsida	Plantae	1911
152544768	7602322	https://www.gbif.org/species/7602322	Urtica incisa Poir.	ACCEPTED	7602322	Urtica incisa Poir.	SPECIES	220	Magnoliopsida	Plantae	1911
152544769	5670646	https://www.gbif.org/species/5670646	Urtica pilulifera L.	ACCEPTED	5670646	Urtica pilulifera L.	SPECIES	220	Magnoliopsida	Plantae	1864
152544769	5670646	https://www.gbif.org/species/5670646	Urtica pilulifera L.	ACCEPTED	5670646	Urtica pilulifera L.	SPECIES	220	Magnoliopsida	Plantae	1864
152544777	2984366	https://www.gbif.org/species/2984366	Soleirolia soleirolii (Req.) Dandy	ACCEPTED	2984366	Soleirolia soleirolii (Req.) Dandy	SPECIES	220	Magnoliopsida	Plantae	1941
152544780	3021922	https://www.gbif.org/species/3021922	Prunus cerasus L.	ACCEPTED	3021922	Prunus cerasus L.	SPECIES	220	Magnoliopsida	Plantae	1850
152544784	7272312	https://www.gbif.org/species/7272312	Filipendula camtschatica (Pall.) Maxim.	ACCEPTED	7272312	Filipendula camtschatica (Pall.) Maxim.	SPECIES	220	Magnoliopsida	Plantae	1948
152544784	7272312	https://www.gbif.org/species/7272312	Filipendula camtschatica (Pall.) Maxim.	ACCEPTED	7272312	Filipendula camtschatica (Pall.) Maxim.	SPECIES	220	Magnoliopsida	Plantae	1948
152544788	5362136	https://www.gbif.org/species/5362136	Aruncus dioicus (Walter) Fernald	ACCEPTED	5362136	Aruncus dioicus (Walter) Fernald	SPECIES	220	Magnoliopsida	Plantae	1949
152544790	5362215	https://www.gbif.org/species/5362215	Cydonia oblonga Mill.	ACCEPTED	5362215	Cydonia oblonga Mill.	SPECIES	220	Magnoliopsida	Plantae	1873
152544794	5370380	https://www.gbif.org/species/5370380	Dasiphora fruticosa (L.) Rydb.	ACCEPTED	5370380	Dasiphora fruticosa (L.) Rydb.	SPECIES	220	Magnoliopsida	Plantae	1893
152544803	7272439	https://www.gbif.org/species/7272439	Potentilla recta subsp. recta	ACCEPTED	7272439	Potentilla recta subsp. recta	SUBSPECIES	220	Magnoliopsida	Plantae	1824
152544806	5365888	https://www.gbif.org/species/5365888	Potentilla inclinata Vill.	ACCEPTED	5365888	Potentilla inclinata Vill.	SPECIES	220	Magnoliopsida	Plantae	1931
152544808	5365305	https://www.gbif.org/species/5365305	Potentilla norvegica L.	ACCEPTED	5365305	Potentilla norvegica L.	SPECIES	220	Magnoliopsida	Plantae	1899
152544813	5371450	https://www.gbif.org/species/5371450	Kerria japonica (L.) DC.	ACCEPTED	5371450	Kerria japonica (L.) DC.	SPECIES	220	Magnoliopsida	Plantae	1902
152544815	3024109	https://www.gbif.org/species/3024109	Amelanchier ×lamarckii F.G.Schroed.	ACCEPTED	3024109	Amelanchier ×lamarckii F.G.Schroed.	SPECIES	220	Magnoliopsida	Plantae	1876
152544851	3028431	https://www.gbif.org/species/3028431	Alchemilla conjuncta Bab.	ACCEPTED	3028431	Alchemilla conjuncta Bab.	SPECIES	220	Magnoliopsida	Plantae	1830
152544851	3028431	https://www.gbif.org/species/3028431	Alchemilla conjuncta Bab.	ACCEPTED	3028431	Alchemilla conjuncta Bab.	SPECIES	220	Magnoliopsida	Plantae	1830
152544855	3029912	https://www.gbif.org/species/3029912	Fragaria ×ananassa (Weston) Rozier	ACCEPTED	3029912	Fragaria ×ananassa (Weston) Rozier	SPECIES	220	Magnoliopsida	Plantae	1858
152544857	3031774	https://www.gbif.org/species/3031774	Mespilus germanica L.	ACCEPTED	3031774	Mespilus germanica L.	SPECIES	220	Magnoliopsida	Plantae	1800
152544859	3032442	https://www.gbif.org/species/3032442	Rhodotypos scandens (Thunb.) Makino	ACCEPTED	3032442	Rhodotypos scandens (Thunb.) Makino	SPECIES	220	Magnoliopsida	Plantae	1947
152544861	7889822	https://www.gbif.org/species/7889822	Spiraea ×billardii Hérincq	ACCEPTED	7889822	Spiraea ×billardii Hérincq	SPECIES	220	Magnoliopsida	Plantae	1895
152544862	8170635	https://www.gbif.org/species/8170635	Spiraea japonica L.fil.	ACCEPTED	8170635	Spiraea japonica L.fil.	SPECIES	220	Magnoliopsida	Plantae	1901
152544865	3027355	https://www.gbif.org/species/3027355	Spiraea ×macrothyrsa (Zabel) Dippel	ACCEPTED	3027355	Spiraea ×macrothyrsa (Zabel) Dippel	SPECIES	220	Magnoliopsida	Plantae	1948
152544866	3026431	https://www.gbif.org/species/3026431	Spiraea hypericifolia L.	ACCEPTED	3026431	Spiraea hypericifolia L.	SPECIES	220	Magnoliopsida	Plantae	1885
152544866	3026431	https://www.gbif.org/species/3026431	Spiraea hypericifolia L.	ACCEPTED	3026431	Spiraea hypericifolia L.	SPECIES	220	Magnoliopsida	Plantae	1885
152544867	3026819	https://www.gbif.org/species/3026819	Spiraea tomentosa L.	ACCEPTED	3026819	Spiraea tomentosa L.	SPECIES	220	Magnoliopsida	Plantae	1870
152544867	3026819	https://www.gbif.org/species/3026819	Spiraea tomentosa L.	ACCEPTED	3026819	Spiraea tomentosa L.	SPECIES	220	Magnoliopsida	Plantae	1870
152544868	3026585	https://www.gbif.org/species/3026585	Spiraea alba Du Roi	ACCEPTED	3026585	Spiraea alba Du Roi	SPECIES	220	Magnoliopsida	Plantae	1803
152544869	3027159	https://www.gbif.org/species/3027159	Spiraea douglasii Hook.	ACCEPTED	3027159	Spiraea douglasii Hook.	SPECIES	220	Magnoliopsida	Plantae	1885
152544872	3001978	https://www.gbif.org/species/3001978	Agrimonia repens L.	ACCEPTED	3001978	Agrimonia repens L.	SPECIES	220	Magnoliopsida	Plantae	1827
152544872	3001978	https://www.gbif.org/species/3001978	Agrimonia repens L.	ACCEPTED	3001978	Agrimonia repens L.	SPECIES	220	Magnoliopsida	Plantae	1827
152544876	3002263	https://www.gbif.org/species/3002263	Rosa majalis Herrm.	ACCEPTED	3002263	Rosa majalis Herrm.	SPECIES	220	Magnoliopsida	Plantae	1850
152544876	3002263	https://www.gbif.org/species/3002263	Rosa majalis Herrm.	ACCEPTED	3002263	Rosa majalis Herrm.	SPECIES	220	Magnoliopsida	Plantae	1850
152544877	3002372	https://www.gbif.org/species/3002372	Rosa blanda Aiton	ACCEPTED	3002372	Rosa blanda Aiton	SPECIES	220	Magnoliopsida	Plantae	1861
152544879	3006974	https://www.gbif.org/species/3006974	Rosa pendulina L.	ACCEPTED	3006974	Rosa pendulina L.	SPECIES	220	Magnoliopsida	Plantae	1827
152544880	3003979	https://www.gbif.org/species/3003979	Rosa rugosa Thunb.	ACCEPTED	3003979	Rosa rugosa Thunb.	SPECIES	220	Magnoliopsida	Plantae	1934
152544899	3021850	https://www.gbif.org/species/3021850	Prunus serotina Ehrh.	ACCEPTED	3021850	Prunus serotina Ehrh.	SPECIES	220	Magnoliopsida	Plantae	1904
152544913	2988354	https://www.gbif.org/species/2988354	Physocarpus opulifolius (L.) Maxim.	ACCEPTED	2988354	Physocarpus opulifolius (L.) Maxim.	SPECIES	220	Magnoliopsida	Plantae	1941
152544916	2994912	https://www.gbif.org/species/2994912	Rubus odoratus L.	ACCEPTED	2994912	Rubus odoratus L.	SPECIES	220	Magnoliopsida	Plantae	1947
152544919	2992543	https://www.gbif.org/species/2992543	Rubus laciniatus Willd.	ACCEPTED	2992543	Rubus laciniatus Willd.	SPECIES	220	Magnoliopsida	Plantae	1948
152544922	2993761	https://www.gbif.org/species/2993761	Rubus spectabilis Pursh	ACCEPTED	2993761	Rubus spectabilis Pursh	SPECIES	220	Magnoliopsida	Plantae	1941
152544936	3082244	https://www.gbif.org/species/3082244	Cornus sericea L.	ACCEPTED	3082244	Cornus sericea L.	SPECIES	220	Magnoliopsida	Plantae	1885
152544944	2986045	https://www.gbif.org/species/2986045	Philadelphus coronarius L.	ACCEPTED	2986045	Philadelphus coronarius L.	SPECIES	220	Magnoliopsida	Plantae	1949
152544950	2929710	https://www.gbif.org/species/2929710	Solanum chenopodioides Lam.	ACCEPTED	2929710	Solanum chenopodioides Lam.	SPECIES	220	Magnoliopsida	Plantae	1908
152544950	2929710	https://www.gbif.org/species/2929710	Solanum chenopodioides Lam.	ACCEPTED	2929710	Solanum chenopodioides Lam.	SPECIES	220	Magnoliopsida	Plantae	1908
152544954	5341768	https://www.gbif.org/species/5341768	Physalis cinerascens (Dunal) Hitchc.	ACCEPTED	5341768	Physalis cinerascens (Dunal) Hitchc.	SPECIES	220	Magnoliopsida	Plantae	1948
152544954	5341768	https://www.gbif.org/species/5341768	Physalis cinerascens (Dunal) Hitchc.	ACCEPTED	5341768	Physalis cinerascens (Dunal) Hitchc.	SPECIES	220	Magnoliopsida	Plantae	1948
152544955	5341819	https://www.gbif.org/species/5341819	Physalis pubescens L.	ACCEPTED	5341819	Physalis pubescens L.	SPECIES	220	Magnoliopsida	Plantae	1921
152544956	5341784	https://www.gbif.org/species/5341784	Physalis peruviana L.	ACCEPTED	5341784	Physalis peruviana L.	SPECIES	220	Magnoliopsida	Plantae	1893
152544958	5341754	https://www.gbif.org/species/5341754	Nicandra physalodes (L.) Gaertn.	ACCEPTED	5341754	Nicandra physalodes (L.) Gaertn.	SPECIES	220	Magnoliopsida	Plantae	1853
152544961	3798835	https://www.gbif.org/species/3798835	Nicotiana velutina H.-M.Wheeler	ACCEPTED	3798835	Nicotiana velutina H.-M.Wheeler	SPECIES	220	Magnoliopsida	Plantae	1912
152544961	3798835	https://www.gbif.org/species/3798835	Nicotiana velutina H.-M.Wheeler	ACCEPTED	3798835	Nicotiana velutina H.-M.Wheeler	SPECIES	220	Magnoliopsida	Plantae	1912
152544963	2928775	https://www.gbif.org/species/2928775	Nicotiana rustica L.	ACCEPTED	2928775	Nicotiana rustica L.	SPECIES	220	Magnoliopsida	Plantae	1868
152544964	2928779	https://www.gbif.org/species/2928779	Nicotiana forgetiana Hemsl.	DOUBTFUL	2928779	Nicotiana forgetiana Hemsl.	SPECIES	220	Magnoliopsida	Plantae	1932
152544965	2928767	https://www.gbif.org/species/2928767	Nicotiana sylvestris Speg.	ACCEPTED	2928767	Nicotiana sylvestris Speg.	SPECIES	220	Magnoliopsida	Plantae	1924
152544966	2928774	https://www.gbif.org/species/2928774	Nicotiana tabacum L.	ACCEPTED	2928774	Nicotiana tabacum L.	SPECIES	220	Magnoliopsida	Plantae	1930
152544968	2928766	https://www.gbif.org/species/2928766	Nicotiana longiflora Cav.	ACCEPTED	2928766	Nicotiana longiflora Cav.	SPECIES	220	Magnoliopsida	Plantae	1895
152544968	2928766	https://www.gbif.org/species/2928766	Nicotiana longiflora Cav.	ACCEPTED	2928766	Nicotiana longiflora Cav.	SPECIES	220	Magnoliopsida	Plantae	1895
152544970	7894250	https://www.gbif.org/species/7894250	Datura ferox L.	ACCEPTED	7894250	Datura ferox L.	SPECIES	220	Magnoliopsida	Plantae	1938
152544971	2928755	https://www.gbif.org/species/2928755	Datura innoxia Mill.	ACCEPTED	2928755	Datura innoxia Mill.	SPECIES	220	Magnoliopsida	Plantae	1949
152544972	2928751	https://www.gbif.org/species/2928751	Datura stramonium L.	ACCEPTED	2928751	Datura stramonium L.	SPECIES	220	Magnoliopsida	Plantae	1856
152544974	2928835	https://www.gbif.org/species/2928835	Lycium barbarum L.	ACCEPTED	2928835	Lycium barbarum L.	SPECIES	220	Magnoliopsida	Plantae	1857
152544975	2928809	https://www.gbif.org/species/2928809	Lycium chinense Mill.	ACCEPTED	2928809	Lycium chinense Mill.	SPECIES	220	Magnoliopsida	Plantae	1946
152544975	2928809	https://www.gbif.org/species/2928809	Lycium chinense Mill.	ACCEPTED	2928809	Lycium chinense Mill.	SPECIES	220	Magnoliopsida	Plantae	1946
152544980	2928979	https://www.gbif.org/species/2928979	Hyoscyamus albus L.	ACCEPTED	2928979	Hyoscyamus albus L.	SPECIES	220	Magnoliopsida	Plantae	1933
152544984	3802956	https://www.gbif.org/species/3802956	Solanum villosum subsp. villosum	ACCEPTED	3802956	Solanum villosum subsp. villosum	SUBSPECIES	220	Magnoliopsida	Plantae	1857
152544987	2930262	https://www.gbif.org/species/2930262	Solanum tuberosum L.	ACCEPTED	2930262	Solanum tuberosum L.	SPECIES	220	Magnoliopsida	Plantae	1867
152544988	2930137	https://www.gbif.org/species/2930137	Solanum lycopersicum L.	ACCEPTED	2930137	Solanum lycopersicum L.	SPECIES	220	Magnoliopsida	Plantae	1861
152544990	2930805	https://www.gbif.org/species/2930805	Solanum sarrachoides Sendtn.	ACCEPTED	2930805	Solanum sarrachoides Sendtn.	SPECIES	220	Magnoliopsida	Plantae	1891
152544991	2932011	https://www.gbif.org/species/2932011	Solanum carolinense L.	ACCEPTED	2932011	Solanum carolinense L.	SPECIES	220	Magnoliopsida	Plantae	1947
152544994	2932184	https://www.gbif.org/species/2932184	Solanum sisymbriifolium Lam.	ACCEPTED	2932184	Solanum sisymbriifolium Lam.	SPECIES	220	Magnoliopsida	Plantae	1880
152544995	2932501	https://www.gbif.org/species/2932501	Solanum pygmaeum Cav.	ACCEPTED	2932501	Solanum pygmaeum Cav.	SPECIES	220	Magnoliopsida	Plantae	1902
152544999	2932944	https://www.gbif.org/species/2932944	Capsicum annuum L.	ACCEPTED	2932944	Capsicum annuum L.	SPECIES	220	Magnoliopsida	Plantae	1905
152545002	7427650	https://www.gbif.org/species/7427650	Convolvulus tricolor subsp. cupanianus (Tod.) Cavara & Grande	ACCEPTED	7427650	Convolvulus tricolor subsp. cupanianus (Tod.) Cavara & Grande	SUBSPECIES	220	Magnoliopsida	Plantae	1925
152545005	3678949	https://www.gbif.org/species/3678949	Calystegia ×pulchra Brumm. & Heywood	ACCEPTED	3678949	Calystegia ×pulchra Brumm. & Heywood	SPECIES	220	Magnoliopsida	Plantae	1931
152545008	2928624	https://www.gbif.org/species/2928624	Ipomoea hederifolia L.	ACCEPTED	2928624	Ipomoea hederifolia L.	SPECIES	220	Magnoliopsida	Plantae	1915
152545008	2928624	https://www.gbif.org/species/2928624	Ipomoea hederifolia L.	ACCEPTED	2928624	Ipomoea hederifolia L.	SPECIES	220	Magnoliopsida	Plantae	1915
152545012	2928576	https://www.gbif.org/species/2928576	Ipomoea purpurea (L.) Roth	ACCEPTED	2928576	Ipomoea purpurea (L.) Roth	SPECIES	220	Magnoliopsida	Plantae	1936
152545021	2927522	https://www.gbif.org/species/2927522	Cuscuta planiflora Ten.	ACCEPTED	2927522	Cuscuta planiflora Ten.	SPECIES	220	Magnoliopsida	Plantae	1895
152545021	2927522	https://www.gbif.org/species/2927522	Cuscuta planiflora Ten.	ACCEPTED	2927522	Cuscuta planiflora Ten.	SPECIES	220	Magnoliopsida	Plantae	1895
152545026	5356345	https://www.gbif.org/species/5356345	Laburnum anagyroides Medik.	ACCEPTED	5356345	Laburnum anagyroides Medik.	SPECIES	220	Magnoliopsida	Plantae	1860
152545028	5356429	https://www.gbif.org/species/5356429	Lathyrus angulatus L.	ACCEPTED	5356429	Lathyrus angulatus L.	SPECIES	220	Magnoliopsida	Plantae	1850
152545028	5356429	https://www.gbif.org/species/5356429	Lathyrus angulatus L.	ACCEPTED	5356429	Lathyrus angulatus L.	SPECIES	220	Magnoliopsida	Plantae	1850
152545029	5356407	https://www.gbif.org/species/5356407	Lathyrus clymenum L.	ACCEPTED	5356407	Lathyrus clymenum L.	SPECIES	220	Magnoliopsida	Plantae	1891
152545029	5356407	https://www.gbif.org/species/5356407	Lathyrus clymenum L.	ACCEPTED	5356407	Lathyrus clymenum L.	SPECIES	220	Magnoliopsida	Plantae	1891
152545030	5356441	https://www.gbif.org/species/5356441	Lathyrus ochrus (L.) DC.	ACCEPTED	5356441	Lathyrus ochrus (L.) DC.	SPECIES	220	Magnoliopsida	Plantae	1913
152545030	5356441	https://www.gbif.org/species/5356441	Lathyrus ochrus (L.) DC.	ACCEPTED	5356441	Lathyrus ochrus (L.) DC.	SPECIES	220	Magnoliopsida	Plantae	1913
152545031	5356361	https://www.gbif.org/species/5356361	Lathyrus annuus L.	ACCEPTED	5356361	Lathyrus annuus L.	SPECIES	220	Magnoliopsida	Plantae	1909
152545032	5356662	https://www.gbif.org/species/5356662	Lathyrus niger (L.) Bernh.	ACCEPTED	5356662	Lathyrus niger (L.) Bernh.	SPECIES	220	Magnoliopsida	Plantae	1803
152545033	5356614	https://www.gbif.org/species/5356614	Lathyrus inconspicuus L.	ACCEPTED	5356614	Lathyrus inconspicuus L.	SPECIES	220	Magnoliopsida	Plantae	1894
152545034	5356704	https://www.gbif.org/species/5356704	Lathyrus vernus (L.) Bernh.	ACCEPTED	5356704	Lathyrus vernus (L.) Bernh.	SPECIES	220	Magnoliopsida	Plantae	1830
152545035	5356680	https://www.gbif.org/species/5356680	Lathyrus sphaericus Retz.	ACCEPTED	5356680	Lathyrus sphaericus Retz.	SPECIES	220	Magnoliopsida	Plantae	1856
152545036	5356514	https://www.gbif.org/species/5356514	Lathyrus odoratus L.	ACCEPTED	5356514	Lathyrus odoratus L.	SPECIES	220	Magnoliopsida	Plantae	1880
152545037	5356488	https://www.gbif.org/species/5356488	Lathyrus sativus L.	ACCEPTED	5356488	Lathyrus sativus L.	SPECIES	220	Magnoliopsida	Plantae	1859
152545039	5356517	https://www.gbif.org/species/5356517	Lathyrus latifolius L.	ACCEPTED	5356517	Lathyrus latifolius L.	SPECIES	220	Magnoliopsida	Plantae	1874
152545041	5357407	https://www.gbif.org/species/5357407	Amorpha fruticosa L.	ACCEPTED	5357407	Amorpha fruticosa L.	SPECIES	220	Magnoliopsida	Plantae	1946
152545043	5358265	https://www.gbif.org/species/5358265	Ornithopus compressus L.	ACCEPTED	5358265	Ornithopus compressus L.	SPECIES	220	Magnoliopsida	Plantae	1881
152545044	5358266	https://www.gbif.org/species/5358266	Ornithopus sativus Brot.	ACCEPTED	5358266	Ornithopus sativus Brot.	SPECIES	220	Magnoliopsida	Plantae	1855
152545046	5356973	https://www.gbif.org/species/5356973	Lotus maritimus L.	ACCEPTED	5356973	Lotus maritimus L.	SPECIES	220	Magnoliopsida	Plantae	1861
152545047	5356862	https://www.gbif.org/species/5356862	Lotus tetragonolobus L.	ACCEPTED	5356862	Lotus tetragonolobus L.	SPECIES	220	Magnoliopsida	Plantae	1854
152545048	5356931	https://www.gbif.org/species/5356931	Lotus angustissimus L.	ACCEPTED	5356931	Lotus angustissimus L.	SPECIES	220	Magnoliopsida	Plantae	1872
152545048	5356931	https://www.gbif.org/species/5356931	Lotus angustissimus L.	ACCEPTED	5356931	Lotus angustissimus L.	SPECIES	220	Magnoliopsida	Plantae	1872
152545049	5356971	https://www.gbif.org/species/5356971	Lotus conimbricensis Brot.	ACCEPTED	5356971	Lotus conimbricensis Brot.	SPECIES	220	Magnoliopsida	Plantae	1809
152545049	5356971	https://www.gbif.org/species/5356971	Lotus conimbricensis Brot.	ACCEPTED	5356971	Lotus conimbricensis Brot.	SPECIES	220	Magnoliopsida	Plantae	1809
152545052	7224427	https://www.gbif.org/species/7224427	Trifolium hybridum subsp. hybridum	ACCEPTED	7224427	Trifolium hybridum subsp. hybridum	SUBSPECIES	220	Magnoliopsida	Plantae	1813
152545053	5358694	https://www.gbif.org/species/5358694	Trifolium glomeratum L.	ACCEPTED	5358694	Trifolium glomeratum L.	SPECIES	220	Magnoliopsida	Plantae	1900
152545057	5358913	https://www.gbif.org/species/5358913	Trifolium lappaceum L.	ACCEPTED	5358913	Trifolium lappaceum L.	SPECIES	220	Magnoliopsida	Plantae	1921
152545058	5358912	https://www.gbif.org/species/5358912	Trifolium diffusum Ehrh.	ACCEPTED	5358912	Trifolium diffusum Ehrh.	SPECIES	220	Magnoliopsida	Plantae	1891
152545060	5359118	https://www.gbif.org/species/5359118	Trifolium retusum L.	ACCEPTED	5359118	Trifolium retusum L.	SPECIES	220	Magnoliopsida	Plantae	1835
152545065	5359194	https://www.gbif.org/species/5359194	Trifolium squamosum L.	ACCEPTED	5359194	Trifolium squamosum L.	SPECIES	220	Magnoliopsida	Plantae	1854
152545065	5359194	https://www.gbif.org/species/5359194	Trifolium squamosum L.	ACCEPTED	5359194	Trifolium squamosum L.	SPECIES	220	Magnoliopsida	Plantae	1854
152545066	5359175	https://www.gbif.org/species/5359175	Trifolium resupinatum L.	ACCEPTED	5359175	Trifolium resupinatum L.	SPECIES	220	Magnoliopsida	Plantae	1861
152545068	5359345	https://www.gbif.org/species/5359345	Trifolium echinatum M.Bieb.	ACCEPTED	5359345	Trifolium echinatum M.Bieb.	SPECIES	220	Magnoliopsida	Plantae	1904
152545069	5359334	https://www.gbif.org/species/5359334	Trifolium vesiculosum Savi	ACCEPTED	5359334	Trifolium vesiculosum Savi	SPECIES	220	Magnoliopsida	Plantae	1913
152545069	5359334	https://www.gbif.org/species/5359334	Trifolium vesiculosum Savi	ACCEPTED	5359334	Trifolium vesiculosum Savi	SPECIES	220	Magnoliopsida	Plantae	1913
152545071	5359260	https://www.gbif.org/species/5359260	Trifolium patens Schreb.	ACCEPTED	5359260	Trifolium patens Schreb.	SPECIES	220	Magnoliopsida	Plantae	1920
152545071	5359260	https://www.gbif.org/species/5359260	Trifolium patens Schreb.	ACCEPTED	5359260	Trifolium patens Schreb.	SPECIES	220	Magnoliopsida	Plantae	1920
152545072	5359402	https://www.gbif.org/species/5359402	Trifolium hybridum subsp. elegans (Savi) Asch. & Graebn.	ACCEPTED	5359402	Trifolium hybridum subsp. elegans (Savi) Asch. & Graebn.	SUBSPECIES	220	Magnoliopsida	Plantae	1813
152545074	5359378	https://www.gbif.org/species/5359378	Trifolium incarnatum L.	ACCEPTED	5359378	Trifolium incarnatum L.	SPECIES	220	Magnoliopsida	Plantae	1859
152545075	5359395	https://www.gbif.org/species/5359395	Trifolium angustifolium L.	ACCEPTED	5359395	Trifolium angustifolium L.	SPECIES	220	Magnoliopsida	Plantae	1850
152545077	5359499	https://www.gbif.org/species/5359499	Trifolium alpestre L.	ACCEPTED	5359499	Trifolium alpestre L.	SPECIES	220	Magnoliopsida	Plantae	1862
152545077	5359499	https://www.gbif.org/species/5359499	Trifolium alpestre L.	ACCEPTED	5359499	Trifolium alpestre L.	SPECIES	220	Magnoliopsida	Plantae	1862
152545078	5359445	https://www.gbif.org/species/5359445	Trifolium hirtum All.	ACCEPTED	5359445	Trifolium hirtum All.	SPECIES	220	Magnoliopsida	Plantae	1883
152545078	5359445	https://www.gbif.org/species/5359445	Trifolium hirtum All.	ACCEPTED	5359445	Trifolium hirtum All.	SPECIES	220	Magnoliopsida	Plantae	1883
152545079	5359447	https://www.gbif.org/species/5359447	Trifolium isthmocarpum Brot.	ACCEPTED	5359447	Trifolium isthmocarpum Brot.	SPECIES	220	Magnoliopsida	Plantae	1877
152545079	5359447	https://www.gbif.org/species/5359447	Trifolium isthmocarpum Brot.	ACCEPTED	5359447	Trifolium isthmocarpum Brot.	SPECIES	220	Magnoliopsida	Plantae	1877
152545080	5359510	https://www.gbif.org/species/5359510	Trifolium tomentosum L.	ACCEPTED	5359510	Trifolium tomentosum L.	SPECIES	220	Magnoliopsida	Plantae	1907
152545081	5359526	https://www.gbif.org/species/5359526	Trifolium purpureum Loisel.	ACCEPTED	5359526	Trifolium purpureum Loisel.	SPECIES	220	Magnoliopsida	Plantae	1876
152545081	5359526	https://www.gbif.org/species/5359526	Trifolium purpureum Loisel.	ACCEPTED	5359526	Trifolium purpureum Loisel.	SPECIES	220	Magnoliopsida	Plantae	1876
152545088	5348644	https://www.gbif.org/species/5348644	Coronilla scorpioides (L.) W.D.J.Koch	ACCEPTED	5348644	Coronilla scorpioides (L.) W.D.J.Koch	SPECIES	220	Magnoliopsida	Plantae	1892
152545091	5347854	https://www.gbif.org/species/5347854	Pisum sativum var. sativum	SYNONYM	10683509	Lathyrus oleraceus var. oleraceus	VARIETY	220	Magnoliopsida	Plantae	1869
152545093	5352251	https://www.gbif.org/species/5352251	Robinia pseudoacacia L.	ACCEPTED	5352251	Robinia pseudoacacia L.	SPECIES	220	Magnoliopsida	Plantae	1856
152545095	5350466	https://www.gbif.org/species/5350466	Phaseolus coccineus L.	ACCEPTED	5350466	Phaseolus coccineus L.	SPECIES	220	Magnoliopsida	Plantae	1889
152545096	5350452	https://www.gbif.org/species/5350452	Phaseolus vulgaris L.	ACCEPTED	5350452	Phaseolus vulgaris L.	SPECIES	220	Magnoliopsida	Plantae	1902
152545096	5350452	https://www.gbif.org/species/5350452	Phaseolus vulgaris L.	ACCEPTED	5350452	Phaseolus vulgaris L.	SPECIES	220	Magnoliopsida	Plantae	1902
152545101	5353705	https://www.gbif.org/species/5353705	Hippocrepis emerus (L.) Lassen	ACCEPTED	5353705	Hippocrepis emerus (L.) Lassen	SPECIES	220	Magnoliopsida	Plantae	1860
152545101	5353705	https://www.gbif.org/species/5353705	Hippocrepis emerus (L.) Lassen	ACCEPTED	5353705	Hippocrepis emerus (L.) Lassen	SPECIES	220	Magnoliopsida	Plantae	1860
152545105	5352372	https://www.gbif.org/species/5352372	Anthyllis vulneraria subsp. polyphylla (DC.) Nyman	ACCEPTED	5352372	Anthyllis vulneraria subsp. polyphylla (DC.) Nyman	SUBSPECIES	220	Magnoliopsida	Plantae	1864
152545106	5352425	https://www.gbif.org/species/5352425	Anthyllis vulneraria subsp. carpatica (Pant.) Nyman	ACCEPTED	5352425	Anthyllis vulneraria subsp. carpatica (Pant.) Nyman	SUBSPECIES	220	Magnoliopsida	Plantae	1866
152545111	5354676	https://www.gbif.org/species/5354676	Cytisus decumbens (Durande) Spach	ACCEPTED	5354676	Cytisus decumbens (Durande) Spach	SPECIES	220	Magnoliopsida	Plantae	1858
152545111	5354676	https://www.gbif.org/species/5354676	Cytisus decumbens (Durande) Spach	ACCEPTED	5354676	Cytisus decumbens (Durande) Spach	SPECIES	220	Magnoliopsida	Plantae	1858
152545119	5632334	https://www.gbif.org/species/5632334	Trigonella hierosolymitana Boiss.	ACCEPTED	5632334	Trigonella hierosolymitana Boiss.	SPECIES	220	Magnoliopsida	Plantae	1886
152545122	5360475	https://www.gbif.org/species/5360475	Trigonella foenum-graecum L.	ACCEPTED	5360475	Trigonella foenum-graecum L.	SPECIES	220	Magnoliopsida	Plantae	1898
152545125	5360498	https://www.gbif.org/species/5360498	Trigonella caerulea (L.) Ser.	ACCEPTED	5360498	Trigonella caerulea (L.) Ser.	SPECIES	220	Magnoliopsida	Plantae	1882
152545126	5360523	https://www.gbif.org/species/5360523	Trigonella spinosa L.	ACCEPTED	5360523	Trigonella spinosa L.	SPECIES	220	Magnoliopsida	Plantae	1941
152545126	5360523	https://www.gbif.org/species/5360523	Trigonella spinosa L.	ACCEPTED	5360523	Trigonella spinosa L.	SPECIES	220	Magnoliopsida	Plantae	1941
152545127	5360415	https://www.gbif.org/species/5360415	Trigonella calliceras Fisch.	DOUBTFUL	5360415	Trigonella calliceras Fisch.	SPECIES	220	Magnoliopsida	Plantae	1948
152545127	5360415	https://www.gbif.org/species/5360415	Trigonella calliceras Fisch.	DOUBTFUL	5360415	Trigonella calliceras Fisch.	SPECIES	220	Magnoliopsida	Plantae	1948
152545128	5360417	https://www.gbif.org/species/5360417	Trigonella stellata Forssk.	ACCEPTED	5360417	Trigonella stellata Forssk.	SPECIES	220	Magnoliopsida	Plantae	1911
152545128	5360417	https://www.gbif.org/species/5360417	Trigonella stellata Forssk.	ACCEPTED	5360417	Trigonella stellata Forssk.	SPECIES	220	Magnoliopsida	Plantae	1911
152545129	5360402	https://www.gbif.org/species/5360402	Trigonella procumbens (Besser) Rchb.	ACCEPTED	5360402	Trigonella procumbens (Besser) Rchb.	SPECIES	220	Magnoliopsida	Plantae	1886
152545132	5345210	https://www.gbif.org/species/5345210	Astragalus stella L.	ACCEPTED	5345210	Astragalus stella L.	SPECIES	220	Magnoliopsida	Plantae	1892
152545132	5345210	https://www.gbif.org/species/5345210	Astragalus stella L.	ACCEPTED	5345210	Astragalus stella L.	SPECIES	220	Magnoliopsida	Plantae	1892
152545133	5344663	https://www.gbif.org/species/5344663	Astragalus boeticus L.	ACCEPTED	5344663	Astragalus boeticus L.	SPECIES	220	Magnoliopsida	Plantae	1906
152545133	5344663	https://www.gbif.org/species/5344663	Astragalus boeticus L.	ACCEPTED	5344663	Astragalus boeticus L.	SPECIES	220	Magnoliopsida	Plantae	1906
152545134	5344424	https://www.gbif.org/species/5344424	Astragalus cymbicarpos Brot.	ACCEPTED	5344424	Astragalus cymbicarpos Brot.	SPECIES	220	Magnoliopsida	Plantae	1906
152545134	5344424	https://www.gbif.org/species/5344424	Astragalus cymbicarpos Brot.	ACCEPTED	5344424	Astragalus cymbicarpos Brot.	SPECIES	220	Magnoliopsida	Plantae	1906
152545136	5356481	https://www.gbif.org/species/5356481	Lathyrus cicera L.	ACCEPTED	5356481	Lathyrus cicera L.	SPECIES	220	Magnoliopsida	Plantae	1867
152545138	5342618	https://www.gbif.org/species/5342618	Astragalus onobrychis L.	ACCEPTED	5342618	Astragalus onobrychis L.	SPECIES	220	Magnoliopsida	Plantae	1893
152545145	2977234	https://www.gbif.org/species/2977234	Ononis natrix L.	ACCEPTED	2977234	Ononis natrix L.	SPECIES	220	Magnoliopsida	Plantae	1881
152545147	2975667	https://www.gbif.org/species/2975667	Galega officinalis L.	ACCEPTED	2975667	Galega officinalis L.	SPECIES	220	Magnoliopsida	Plantae	1854
152545150	2972595	https://www.gbif.org/species/2972595	Onobrychis viciifolia Scop.	ACCEPTED	2972595	Onobrychis viciifolia Scop.	SPECIES	220	Magnoliopsida	Plantae	1835
152545154	2971095	https://www.gbif.org/species/2971095	Melilotus albus Medik.	ACCEPTED	2971095	Melilotus albus Medik.	SPECIES	220	Magnoliopsida	Plantae	1800
152545156	2971112	https://www.gbif.org/species/2971112	Melilotus sulcatus Desf.	ACCEPTED	2971112	Melilotus sulcatus Desf.	SPECIES	220	Magnoliopsida	Plantae	1893
152545156	2971112	https://www.gbif.org/species/2971112	Melilotus sulcatus Desf.	ACCEPTED	2971112	Melilotus sulcatus Desf.	SPECIES	220	Magnoliopsida	Plantae	1893
152545157	2971016	https://www.gbif.org/species/2971016	Melilotus indicus (L.) All.	ACCEPTED	2971016	Melilotus indicus (L.) All.	SPECIES	220	Magnoliopsida	Plantae	1851
152545159	2971036	https://www.gbif.org/species/2971036	Melilotus elegans Salzm. ex Ser.	ACCEPTED	2971036	Melilotus elegans Salzm. ex Ser.	SPECIES	220	Magnoliopsida	Plantae	1949
152545159	2971036	https://www.gbif.org/species/2971036	Melilotus elegans Salzm. ex Ser.	ACCEPTED	2971036	Melilotus elegans Salzm. ex Ser.	SPECIES	220	Magnoliopsida	Plantae	1949
152545163	7068379	https://www.gbif.org/species/7068379	Vicia sativa subsp. sativa	ACCEPTED	7068379	Vicia sativa subsp. sativa	SUBSPECIES	220	Magnoliopsida	Plantae	1883
152545165	7225471	https://www.gbif.org/species/7225471	Vicia villosa subsp. villosa	ACCEPTED	7225471	Vicia villosa subsp. villosa	SUBSPECIES	220	Magnoliopsida	Plantae	1864
152545166	2975416	https://www.gbif.org/species/2975416	Vicia monantha Retz.	ACCEPTED	2975416	Vicia monantha Retz.	SPECIES	220	Magnoliopsida	Plantae	1913
152545167	2975384	https://www.gbif.org/species/2975384	Vicia benghalensis L.	ACCEPTED	2975384	Vicia benghalensis L.	SPECIES	220	Magnoliopsida	Plantae	1933
152545168	2975393	https://www.gbif.org/species/2975393	Vicia sicula (Raf.) Guss.	ACCEPTED	2975393	Vicia sicula (Raf.) Guss.	SPECIES	220	Magnoliopsida	Plantae	1920
152545168	2975393	https://www.gbif.org/species/2975393	Vicia sicula (Raf.) Guss.	ACCEPTED	2975393	Vicia sicula (Raf.) Guss.	SPECIES	220	Magnoliopsida	Plantae	1920
152545169	2975262	https://www.gbif.org/species/2975262	Vicia peregrina L.	ACCEPTED	2975262	Vicia peregrina L.	SPECIES	220	Magnoliopsida	Plantae	1912
152545170	2975309	https://www.gbif.org/species/2975309	Vicia bithynica (L.) L.	ACCEPTED	2975309	Vicia bithynica (L.) L.	SPECIES	220	Magnoliopsida	Plantae	1835
152545172	2975257	https://www.gbif.org/species/2975257	Vicia hybrida L.	ACCEPTED	2975257	Vicia hybrida L.	SPECIES	220	Magnoliopsida	Plantae	1876
152545173	2974946	https://www.gbif.org/species/2974946	Vicia dumetorum L.	ACCEPTED	2974946	Vicia dumetorum L.	SPECIES	220	Magnoliopsida	Plantae	1835
152545177	2974887	https://www.gbif.org/species/2974887	Vicia ervilia (L.) Willd.	ACCEPTED	2974887	Vicia ervilia (L.) Willd.	SPECIES	220	Magnoliopsida	Plantae	1824
152545179	2974921	https://www.gbif.org/species/2974921	Vicia villosa subsp. varia (Host) Corb.	ACCEPTED	2974921	Vicia villosa subsp. varia (Host) Corb.	SUBSPECIES	220	Magnoliopsida	Plantae	1867
152545180	2974901	https://www.gbif.org/species/2974901	Vicia grandiflora Scop.	ACCEPTED	2974901	Vicia grandiflora Scop.	SPECIES	220	Magnoliopsida	Plantae	1893
152545182	2974793	https://www.gbif.org/species/2974793	Vicia sylvatica L.	ACCEPTED	2974793	Vicia sylvatica L.	SPECIES	220	Magnoliopsida	Plantae	1886
152545182	2974793	https://www.gbif.org/species/2974793	Vicia sylvatica L.	ACCEPTED	2974793	Vicia sylvatica L.	SPECIES	220	Magnoliopsida	Plantae	1886
152545183	2974832	https://www.gbif.org/species/2974832	Vicia faba L.	ACCEPTED	2974832	Vicia faba L.	SPECIES	220	Magnoliopsida	Plantae	1863
152545185	2974753	https://www.gbif.org/species/2974753	Vicia lutea L.	ACCEPTED	2974753	Vicia lutea L.	SPECIES	220	Magnoliopsida	Plantae	1873
152545187	7844167	https://www.gbif.org/species/7844167	Colutea arborescens L.	ACCEPTED	7844167	Colutea arborescens L.	SPECIES	220	Magnoliopsida	Plantae	1813
152545190	2951998	https://www.gbif.org/species/2951998	Ulex gallii Planch.	ACCEPTED	2951998	Ulex gallii Planch.	SPECIES	220	Magnoliopsida	Plantae	1895
152545191	2951968	https://www.gbif.org/species/2951968	Ulex minor Roth	ACCEPTED	2951968	Ulex minor Roth	SPECIES	220	Magnoliopsida	Plantae	1852
152545191	2951968	https://www.gbif.org/species/2951968	Ulex minor Roth	ACCEPTED	2951968	Ulex minor Roth	SPECIES	220	Magnoliopsida	Plantae	1852
152545201	2964025	https://www.gbif.org/species/2964025	Lupinus angustifolius L.	ACCEPTED	2964025	Lupinus angustifolius L.	SPECIES	220	Magnoliopsida	Plantae	1861
152545202	2963817	https://www.gbif.org/species/2963817	Lupinus luteus L.	ACCEPTED	2963817	Lupinus luteus L.	SPECIES	220	Magnoliopsida	Plantae	1869
152545204	2964355	https://www.gbif.org/species/2964355	Lupinus polyphyllus Lindl.	ACCEPTED	2964355	Lupinus polyphyllus Lindl.	SPECIES	220	Magnoliopsida	Plantae	1882
152545206	9151957	https://www.gbif.org/species/9151957	Medicago sativa L.	ACCEPTED	9151957	Medicago sativa L.	SPECIES	220	Magnoliopsida	Plantae	1856
152545207	2965531	https://www.gbif.org/species/2965531	Medicago polymorpha L.	ACCEPTED	2965531	Medicago polymorpha L.	SPECIES	220	Magnoliopsida	Plantae	1813
152545208	2965438	https://www.gbif.org/species/2965438	Medicago rigidula (L.) All.	ACCEPTED	2965438	Medicago rigidula (L.) All.	SPECIES	220	Magnoliopsida	Plantae	1822
152545209	2965459	https://www.gbif.org/species/2965459	Medicago doliata Carmign.	ACCEPTED	2965459	Medicago doliata Carmign.	SPECIES	220	Magnoliopsida	Plantae	1894
152545210	2965461	https://www.gbif.org/species/2965461	Medicago turbinata (L.) All.	ACCEPTED	2965461	Medicago turbinata (L.) All.	SPECIES	220	Magnoliopsida	Plantae	1882
152545210	2965461	https://www.gbif.org/species/2965461	Medicago turbinata (L.) All.	ACCEPTED	2965461	Medicago turbinata (L.) All.	SPECIES	220	Magnoliopsida	Plantae	1882
152545211	2965485	https://www.gbif.org/species/2965485	Medicago littoralis Rohde ex Loisel.	ACCEPTED	2965485	Medicago littoralis Rohde ex Loisel.	SPECIES	220	Magnoliopsida	Plantae	1918
152545211	2965485	https://www.gbif.org/species/2965485	Medicago littoralis Rohde ex Loisel.	ACCEPTED	2965485	Medicago littoralis Rohde ex Loisel.	SPECIES	220	Magnoliopsida	Plantae	1918
152545212	2965209	https://www.gbif.org/species/2965209	Medicago murex Willd.	ACCEPTED	2965209	Medicago murex Willd.	SPECIES	220	Magnoliopsida	Plantae	1923
152545212	2965209	https://www.gbif.org/species/2965209	Medicago murex Willd.	ACCEPTED	2965209	Medicago murex Willd.	SPECIES	220	Magnoliopsida	Plantae	1923
152545213	2965232	https://www.gbif.org/species/2965232	Medicago carstiensis Wulfen	ACCEPTED	2965232	Medicago carstiensis Wulfen	SPECIES	220	Magnoliopsida	Plantae	1896
152545213	2965232	https://www.gbif.org/species/2965232	Medicago carstiensis Wulfen	ACCEPTED	2965232	Medicago carstiensis Wulfen	SPECIES	220	Magnoliopsida	Plantae	1896
152545214	2965233	https://www.gbif.org/species/2965233	Medicago fischeriana (Ser.) Trautv.	ACCEPTED	2965233	Medicago fischeriana (Ser.) Trautv.	SPECIES	220	Magnoliopsida	Plantae	1902
152545214	2965233	https://www.gbif.org/species/2965233	Medicago fischeriana (Ser.) Trautv.	ACCEPTED	2965233	Medicago fischeriana (Ser.) Trautv.	SPECIES	220	Magnoliopsida	Plantae	1902
152545215	2965221	https://www.gbif.org/species/2965221	Medicago laciniata (L.) Mill.	ACCEPTED	2965221	Medicago laciniata (L.) Mill.	SPECIES	220	Magnoliopsida	Plantae	1891
152545216	2965226	https://www.gbif.org/species/2965226	Medicago monantha (C.A.Mey.) Trautv.	ACCEPTED	2965226	Medicago monantha (C.A.Mey.) Trautv.	SPECIES	220	Magnoliopsida	Plantae	1885
152545217	2965299	https://www.gbif.org/species/2965299	Medicago orbicularis (L.) Bartal.	ACCEPTED	2965299	Medicago orbicularis (L.) Bartal.	SPECIES	220	Magnoliopsida	Plantae	1854
152545217	2965299	https://www.gbif.org/species/2965299	Medicago orbicularis (L.) Bartal.	ACCEPTED	2965299	Medicago orbicularis (L.) Bartal.	SPECIES	220	Magnoliopsida	Plantae	1854
152545218	2965397	https://www.gbif.org/species/2965397	Medicago scutellata (L.) Mill.	ACCEPTED	2965397	Medicago scutellata (L.) Mill.	SPECIES	220	Magnoliopsida	Plantae	1911
152545220	2965280	https://www.gbif.org/species/2965280	Medicago truncatula Gaertn.	ACCEPTED	2965280	Medicago truncatula Gaertn.	SPECIES	220	Magnoliopsida	Plantae	1834
152545221	2965419	https://www.gbif.org/species/2965419	Medicago praecox DC.	ACCEPTED	2965419	Medicago praecox DC.	SPECIES	220	Magnoliopsida	Plantae	1887
152545226	2947311	https://www.gbif.org/species/2947311	Cicer arietinum L.	ACCEPTED	2947311	Cicer arietinum L.	SPECIES	220	Magnoliopsida	Plantae	1835
152545228	2948921	https://www.gbif.org/species/2948921	Cullen americanum (L.) Rydb.	ACCEPTED	2948921	Cullen americanum (L.) Rydb.	SPECIES	220	Magnoliopsida	Plantae	1915
152545235	6366597	https://www.gbif.org/species/6366597	Gentiana acaulis L.	ACCEPTED	6366597	Gentiana acaulis L.	SPECIES	220	Magnoliopsida	Plantae	1844
152545242	5414545	https://www.gbif.org/species/5414545	Periploca graeca L.	ACCEPTED	5414545	Periploca graeca L.	SPECIES	220	Magnoliopsida	Plantae	1918
152545242	5414545	https://www.gbif.org/species/5414545	Periploca graeca L.	ACCEPTED	5414545	Periploca graeca L.	SPECIES	220	Magnoliopsida	Plantae	1918
152545245	5414551	https://www.gbif.org/species/5414551	Vincetoxicum nigrum (L.) Moench	ACCEPTED	5414551	Vincetoxicum nigrum (L.) Moench	SPECIES	220	Magnoliopsida	Plantae	1877
152545250	3169708	https://www.gbif.org/species/3169708	Vinca major L.	ACCEPTED	3169708	Vinca major L.	SPECIES	220	Magnoliopsida	Plantae	1835
152545253	5336632	https://www.gbif.org/species/5336632	Crucianella angustifolia L.	ACCEPTED	5336632	Crucianella angustifolia L.	SPECIES	220	Magnoliopsida	Plantae	1837
152545253	5336632	https://www.gbif.org/species/5336632	Crucianella angustifolia L.	ACCEPTED	5336632	Crucianella angustifolia L.	SPECIES	220	Magnoliopsida	Plantae	1837
152545255	2916767	https://www.gbif.org/species/2916767	Asperula tinctoria L.	ACCEPTED	2916767	Asperula tinctoria L.	SPECIES	220	Magnoliopsida	Plantae	1835
152545256	2916662	https://www.gbif.org/species/2916662	Asperula arvensis L.	ACCEPTED	2916662	Asperula arvensis L.	SPECIES	220	Magnoliopsida	Plantae	1812
152545257	2916822	https://www.gbif.org/species/2916822	Asperula laevigata L.	ACCEPTED	2916822	Asperula laevigata L.	SPECIES	220	Magnoliopsida	Plantae	1823
152545258	2916975	https://www.gbif.org/species/2916975	Asperula taurina L.	ACCEPTED	2916975	Asperula taurina L.	SPECIES	220	Magnoliopsida	Plantae	1861
152545260	2892272	https://www.gbif.org/species/2892272	Rubia tinctorum L.	ACCEPTED	2892272	Rubia tinctorum L.	SPECIES	220	Magnoliopsida	Plantae	1850
152545260	2892272	https://www.gbif.org/species/2892272	Rubia tinctorum L.	ACCEPTED	2892272	Rubia tinctorum L.	SPECIES	220	Magnoliopsida	Plantae	1850
152545263	2914754	https://www.gbif.org/species/2914754	Galium verrucosum Huds.	ACCEPTED	2914754	Galium verrucosum Huds.	SPECIES	220	Magnoliopsida	Plantae	1904
152545263	2914754	https://www.gbif.org/species/2914754	Galium verrucosum Huds.	ACCEPTED	2914754	Galium verrucosum Huds.	SPECIES	220	Magnoliopsida	Plantae	1904
152545265	2908428	https://www.gbif.org/species/2908428	Galium divaricatum Pourr. ex Lam.	ACCEPTED	2908428	Galium divaricatum Pourr. ex Lam.	SPECIES	220	Magnoliopsida	Plantae	1900
152545265	2908428	https://www.gbif.org/species/2908428	Galium divaricatum Pourr. ex Lam.	ACCEPTED	2908428	Galium divaricatum Pourr. ex Lam.	SPECIES	220	Magnoliopsida	Plantae	1900
152545266	2914590	https://www.gbif.org/species/2914590	Galium murale (L.) All.	ACCEPTED	2914590	Galium murale (L.) All.	SPECIES	220	Magnoliopsida	Plantae	1902
152545267	2914501	https://www.gbif.org/species/2914501	Galium tenuissimum M.Bieb.	ACCEPTED	2914501	Galium tenuissimum M.Bieb.	SPECIES	220	Magnoliopsida	Plantae	1906
152545272	8427624	https://www.gbif.org/species/8427624	Oxalis corniculata L.	ACCEPTED	8427624	Oxalis corniculata L.	SPECIES	220	Magnoliopsida	Plantae	1811
152545284	3827967	https://www.gbif.org/species/3827967	Monsonia brevirostrata R.Knuth	ACCEPTED	3827967	Monsonia brevirostrata R.Knuth	SPECIES	220	Magnoliopsida	Plantae	1908
152545284	3827967	https://www.gbif.org/species/3827967	Monsonia brevirostrata R.Knuth	ACCEPTED	3827967	Monsonia brevirostrata R.Knuth	SPECIES	220	Magnoliopsida	Plantae	1908
152545289	9429152	https://www.gbif.org/species/9429152	Erodium ciconium (L.) L'Hér.	ACCEPTED	9429152	Erodium ciconium (L.) L'Hér.	SPECIES	220	Magnoliopsida	Plantae	1892
152545289	9429152	https://www.gbif.org/species/9429152	Erodium ciconium (L.) L'Hér.	ACCEPTED	9429152	Erodium ciconium (L.) L'Hér.	SPECIES	220	Magnoliopsida	Plantae	1892
152545290	9297163	https://www.gbif.org/species/9297163	Erodium malacoides (L.) L'Hér.	ACCEPTED	9297163	Erodium malacoides (L.) L'Hér.	SPECIES	220	Magnoliopsida	Plantae	1902
152545292	4934102	https://www.gbif.org/species/4934102	Erodium salzmannii Delile	ACCEPTED	4934102	Erodium salzmannii Delile	SPECIES	220	Magnoliopsida	Plantae	1949
152545292	4934102	https://www.gbif.org/species/4934102	Erodium salzmannii Delile	ACCEPTED	4934102	Erodium salzmannii Delile	SPECIES	220	Magnoliopsida	Plantae	1949
152545295	3828217	https://www.gbif.org/species/3828217	Erodium chium (Burm.fil.) Willd.	ACCEPTED	3828217	Erodium chium (Burm.fil.) Willd.	SPECIES	220	Magnoliopsida	Plantae	1948
152545295	3828217	https://www.gbif.org/species/3828217	Erodium chium (Burm.fil.) Willd.	ACCEPTED	3828217	Erodium chium (Burm.fil.) Willd.	SPECIES	220	Magnoliopsida	Plantae	1948
152545296	3827980	https://www.gbif.org/species/3827980	Erodium crinitum Carolin	ACCEPTED	3827980	Erodium crinitum Carolin	SPECIES	220	Magnoliopsida	Plantae	1889
152545297	2891628	https://www.gbif.org/species/2891628	Erodium botrys (Cav.) Bertol.	ACCEPTED	2891628	Erodium botrys (Cav.) Bertol.	SPECIES	220	Magnoliopsida	Plantae	1826
152545298	2891617	https://www.gbif.org/species/2891617	Erodium brachycarpum (Godr.) Thell.	ACCEPTED	2891617	Erodium brachycarpum (Godr.) Thell.	SPECIES	220	Magnoliopsida	Plantae	1903
152545298	2891617	https://www.gbif.org/species/2891617	Erodium brachycarpum (Godr.) Thell.	ACCEPTED	2891617	Erodium brachycarpum (Godr.) Thell.	SPECIES	220	Magnoliopsida	Plantae	1903
152545300	2891390	https://www.gbif.org/species/2891390	Geranium phaeum L.	ACCEPTED	2891390	Geranium phaeum L.	SPECIES	220	Magnoliopsida	Plantae	1813
152545301	2891079	https://www.gbif.org/species/2891079	Geranium macrorrhizum L.	ACCEPTED	2891079	Geranium macrorrhizum L.	SPECIES	220	Magnoliopsida	Plantae	1821
152545305	2890502	https://www.gbif.org/species/2890502	Geranium endressii J.Gay	ACCEPTED	2890502	Geranium endressii J.Gay	SPECIES	220	Magnoliopsida	Plantae	1900
152545306	2890287	https://www.gbif.org/species/2890287	Geranium nodosum L.	ACCEPTED	2890287	Geranium nodosum L.	SPECIES	220	Magnoliopsida	Plantae	1855
152545307	2890122	https://www.gbif.org/species/2890122	Geranium pyrenaicum Burm.f.	ACCEPTED	2890122	Geranium pyrenaicum Burm.f.	SPECIES	220	Magnoliopsida	Plantae	1824
152545308	2890035	https://www.gbif.org/species/2890035	Geranium ×oxonianum P.F.Yeo	ACCEPTED	2890035	Geranium ×oxonianum P.F.Yeo	SPECIES	220	Magnoliopsida	Plantae	1900
152545309	2890013	https://www.gbif.org/species/2890013	Geranium divaricatum Ehrh.	ACCEPTED	2890013	Geranium divaricatum Ehrh.	SPECIES	220	Magnoliopsida	Plantae	1891
152545323	7225621	https://www.gbif.org/species/7225621	Neslia paniculata subsp. paniculata	ACCEPTED	7225621	Neslia paniculata subsp. paniculata	SUBSPECIES	220	Magnoliopsida	Plantae	1867
152545325	7372514	https://www.gbif.org/species/7372514	Malcolmia maritima (L.) R.Br.	DOUBTFUL	7372514	Malcolmia maritima (L.) R.Br.	SPECIES	220	Magnoliopsida	Plantae	1887
152545327	5373324	https://www.gbif.org/species/5373324	Lunaria annua L.	ACCEPTED	5373324	Lunaria annua L.	SPECIES	220	Magnoliopsida	Plantae	1862
152545329	5374614	https://www.gbif.org/species/5374614	Barbarea stricta Andrz. ex Besser	ACCEPTED	5374614	Barbarea stricta Andrz. ex Besser	SPECIES	220	Magnoliopsida	Plantae	1880
152545330	5374672	https://www.gbif.org/species/5374672	Barbarea verna (Mill.) Asch.	ACCEPTED	5374672	Barbarea verna (Mill.) Asch.	SPECIES	220	Magnoliopsida	Plantae	1860
152545332	5374998	https://www.gbif.org/species/5374998	Arabis collina Ten.	ACCEPTED	5374998	Arabis collina Ten.	SPECIES	220	Magnoliopsida	Plantae	1850
152545332	5374998	https://www.gbif.org/species/5374998	Arabis collina Ten.	ACCEPTED	5374998	Arabis collina Ten.	SPECIES	220	Magnoliopsida	Plantae	1850
152545333	5374933	https://www.gbif.org/species/5374933	Arabis planisiliqua (Pers.) Rchb.	ACCEPTED	5374933	Arabis planisiliqua (Pers.) Rchb.	SPECIES	220	Magnoliopsida	Plantae	1855
152545334	5375105	https://www.gbif.org/species/5375105	Arabis auriculata Lam.	ACCEPTED	5375105	Arabis auriculata Lam.	SPECIES	220	Magnoliopsida	Plantae	1850
152545334	5375105	https://www.gbif.org/species/5375105	Arabis auriculata Lam.	ACCEPTED	5375105	Arabis auriculata Lam.	SPECIES	220	Magnoliopsida	Plantae	1850
152545337	5374118	https://www.gbif.org/species/5374118	Isatis tinctoria L.	ACCEPTED	5374118	Isatis tinctoria L.	SPECIES	220	Magnoliopsida	Plantae	1855
152545339	5373358	https://www.gbif.org/species/5373358	Lobularia maritima (L.) Desv.	ACCEPTED	5373358	Lobularia maritima (L.) Desv.	SPECIES	220	Magnoliopsida	Plantae	1870
152545341	5373368	https://www.gbif.org/species/5373368	Rapistrum rugosum (L.) All.	ACCEPTED	5373368	Rapistrum rugosum (L.) All.	SPECIES	220	Magnoliopsida	Plantae	1888
152545342	5373365	https://www.gbif.org/species/5373365	Rapistrum perenne (L.) All.	ACCEPTED	5373365	Rapistrum perenne (L.) All.	SPECIES	220	Magnoliopsida	Plantae	1882
152545344	5377678	https://www.gbif.org/species/5377678	Erucaria hispanica (L.) Druce	ACCEPTED	5377678	Erucaria hispanica (L.) Druce	SPECIES	220	Magnoliopsida	Plantae	1901
152545344	5377678	https://www.gbif.org/species/5377678	Erucaria hispanica (L.) Druce	ACCEPTED	5377678	Erucaria hispanica (L.) Druce	SPECIES	220	Magnoliopsida	Plantae	1901
152545346	5377778	https://www.gbif.org/species/5377778	Aurinia saxatilis (L.) Desv.	ACCEPTED	5377778	Aurinia saxatilis (L.) Desv.	SPECIES	220	Magnoliopsida	Plantae	1889
152545348	5376309	https://www.gbif.org/species/5376309	Diplotaxis erucoides (L.) DC.	ACCEPTED	5376309	Diplotaxis erucoides (L.) DC.	SPECIES	220	Magnoliopsida	Plantae	1920
152545353	5376481	https://www.gbif.org/species/5376481	Lepidium schinzii Thell.	ACCEPTED	5376481	Lepidium schinzii Thell.	SPECIES	220	Magnoliopsida	Plantae	1895
152545353	5376481	https://www.gbif.org/species/5376481	Lepidium schinzii Thell.	ACCEPTED	5376481	Lepidium schinzii Thell.	SPECIES	220	Magnoliopsida	Plantae	1895
152545354	5376994	https://www.gbif.org/species/5376994	Lepidium graminifolium L.	ACCEPTED	5376994	Lepidium graminifolium L.	SPECIES	220	Magnoliopsida	Plantae	1837
152545356	5376925	https://www.gbif.org/species/5376925	Lepidium bonariense L.	ACCEPTED	5376925	Lepidium bonariense L.	SPECIES	220	Magnoliopsida	Plantae	1906
152545357	5376874	https://www.gbif.org/species/5376874	Lepidium hirtum (L.) Sm.	ACCEPTED	5376874	Lepidium hirtum (L.) Sm.	SPECIES	220	Magnoliopsida	Plantae	1850
152545357	5376874	https://www.gbif.org/species/5376874	Lepidium hirtum (L.) Sm.	ACCEPTED	5376874	Lepidium hirtum (L.) Sm.	SPECIES	220	Magnoliopsida	Plantae	1850
152545358	5377064	https://www.gbif.org/species/5377064	Lepidium densiflorum Schrad.	ACCEPTED	5377064	Lepidium densiflorum Schrad.	SPECIES	220	Magnoliopsida	Plantae	1886
152545358	5377064	https://www.gbif.org/species/5377064	Lepidium densiflorum Schrad.	ACCEPTED	5377064	Lepidium densiflorum Schrad.	SPECIES	220	Magnoliopsida	Plantae	1919
152545359	5377060	https://www.gbif.org/species/5377060	Lepidium didymum L.	ACCEPTED	5377060	Lepidium didymum L.	SPECIES	220	Magnoliopsida	Plantae	1857
152545360	5376648	https://www.gbif.org/species/5376648	Lepidium virginicum L.	ACCEPTED	5376648	Lepidium virginicum L.	SPECIES	220	Magnoliopsida	Plantae	1859
152545361	5376565	https://www.gbif.org/species/5376565	Lepidium sativum L.	ACCEPTED	5376565	Lepidium sativum L.	SPECIES	220	Magnoliopsida	Plantae	1859
152545362	5376530	https://www.gbif.org/species/5376530	Lepidium africanum (Burm.f.) DC.	ACCEPTED	5376530	Lepidium africanum (Burm.f.) DC.	SPECIES	220	Magnoliopsida	Plantae	1904
152545362	5376530	https://www.gbif.org/species/5376530	Lepidium africanum (Burm.f.) DC.	ACCEPTED	5376530	Lepidium africanum (Burm.f.) DC.	SPECIES	220	Magnoliopsida	Plantae	1904
152545363	5376494	https://www.gbif.org/species/5376494	Lepidium desertorum Eckl. & Zeyh.	ACCEPTED	5376494	Lepidium desertorum Eckl. & Zeyh.	SPECIES	220	Magnoliopsida	Plantae	1895
152545363	5376494	https://www.gbif.org/species/5376494	Lepidium desertorum Eckl. & Zeyh.	ACCEPTED	5376494	Lepidium desertorum Eckl. & Zeyh.	SPECIES	220	Magnoliopsida	Plantae	1895
152545364	5376846	https://www.gbif.org/species/5376846	Lepidium heterophyllum Benth.	ACCEPTED	5376846	Lepidium heterophyllum Benth.	SPECIES	220	Magnoliopsida	Plantae	1866
152545365	5376816	https://www.gbif.org/species/5376816	Lepidium perfoliatum L.	ACCEPTED	5376816	Lepidium perfoliatum L.	SPECIES	220	Magnoliopsida	Plantae	1871
152545366	5376785	https://www.gbif.org/species/5376785	Lepidium fasciculatum Thell.	ACCEPTED	5376785	Lepidium fasciculatum Thell.	SPECIES	220	Magnoliopsida	Plantae	1889
152545366	5376785	https://www.gbif.org/species/5376785	Lepidium fasciculatum Thell.	ACCEPTED	5376785	Lepidium fasciculatum Thell.	SPECIES	220	Magnoliopsida	Plantae	1889
152545367	5376692	https://www.gbif.org/species/5376692	Lepidium latifolium L.	ACCEPTED	5376692	Lepidium latifolium L.	SPECIES	220	Magnoliopsida	Plantae	1813
152545369	5375547	https://www.gbif.org/species/5375547	Erucastrum gallicum (Willd.) O.E.Schulz	ACCEPTED	5375547	Erucastrum gallicum (Willd.) O.E.Schulz	SPECIES	220	Magnoliopsida	Plantae	1856
152545370	5375555	https://www.gbif.org/species/5375555	Erucastrum nasturtiifolium (Poir.) O.E.Schulz	ACCEPTED	5375555	Erucastrum nasturtiifolium (Poir.) O.E.Schulz	SPECIES	220	Magnoliopsida	Plantae	1936
152545370	5375555	https://www.gbif.org/species/5375555	Erucastrum nasturtiifolium (Poir.) O.E.Schulz	ACCEPTED	5375555	Erucastrum nasturtiifolium (Poir.) O.E.Schulz	SPECIES	220	Magnoliopsida	Plantae	1936
152545372	5375285	https://www.gbif.org/species/5375285	Carrichtera annua (L.) DC.	ACCEPTED	5375285	Carrichtera annua (L.) DC.	SPECIES	220	Magnoliopsida	Plantae	1940
152545372	5375285	https://www.gbif.org/species/5375285	Carrichtera annua (L.) DC.	ACCEPTED	5375285	Carrichtera annua (L.) DC.	SPECIES	220	Magnoliopsida	Plantae	1940
152545378	5551241	https://www.gbif.org/species/5551241	Iberis sempervirens L.	ACCEPTED	5551241	Iberis sempervirens L.	SPECIES	220	Magnoliopsida	Plantae	1912
152545379	5377286	https://www.gbif.org/species/5377286	Iberis pinnata L.	ACCEPTED	5377286	Iberis pinnata L.	SPECIES	220	Magnoliopsida	Plantae	1892
152545379	5377286	https://www.gbif.org/species/5377286	Iberis pinnata L.	ACCEPTED	5377286	Iberis pinnata L.	SPECIES	220	Magnoliopsida	Plantae	1892
152545380	5377303	https://www.gbif.org/species/5377303	Iberis umbellata L.	ACCEPTED	5377303	Iberis umbellata L.	SPECIES	220	Magnoliopsida	Plantae	1879
152545383	3042291	https://www.gbif.org/species/3042291	Hesperis matronalis L.	ACCEPTED	3042291	Hesperis matronalis L.	SPECIES	220	Magnoliopsida	Plantae	1821
152545385	9073641	https://www.gbif.org/species/9073641	Camelina sativa (L.) Crantz	ACCEPTED	9073641	Camelina sativa (L.) Crantz	SPECIES	220	Magnoliopsida	Plantae	1870
152545386	3042416	https://www.gbif.org/species/3042416	Camelina microcarpa Andrz. ex DC.	ACCEPTED	3042416	Camelina microcarpa Andrz. ex DC.	SPECIES	220	Magnoliopsida	Plantae	1848
152545387	3042399	https://www.gbif.org/species/3042399	Camelina alyssum (Mill.) Thell.	ACCEPTED	3042399	Camelina alyssum (Mill.) Thell.	SPECIES	220	Magnoliopsida	Plantae	1813
152545388	3042439	https://www.gbif.org/species/3042439	Camelina rumelica Velen.	ACCEPTED	3042439	Camelina rumelica Velen.	SPECIES	220	Magnoliopsida	Plantae	1893
152545390	7903057	https://www.gbif.org/species/7903057	Brassica rapa L.	ACCEPTED	7903057	Brassica rapa L.	SPECIES	220	Magnoliopsida	Plantae	1900
152545393	3042889	https://www.gbif.org/species/3042889	Brassica elongata subsp. integrifolia (Boiss.) Breistr.	ACCEPTED	3042889	Brassica elongata subsp. integrifolia (Boiss.) Breistr.	SUBSPECIES	220	Magnoliopsida	Plantae	1886
152545394	3042751	https://www.gbif.org/species/3042751	Brassica juncea (L.) Czern.	ACCEPTED	3042751	Brassica juncea (L.) Czern.	SPECIES	220	Magnoliopsida	Plantae	1857
152545396	3042624	https://www.gbif.org/species/3042624	Brassica tournefortii Gouan	ACCEPTED	3042624	Brassica tournefortii Gouan	SPECIES	220	Magnoliopsida	Plantae	1922
152545397	3042636	https://www.gbif.org/species/3042636	Brassica napus L.	ACCEPTED	3042636	Brassica napus L.	SPECIES	220	Magnoliopsida	Plantae	1858
152545399	7678610	https://www.gbif.org/species/7678610	Raphanus sativus L.	ACCEPTED	7678610	Raphanus sativus L.	SPECIES	220	Magnoliopsida	Plantae	1906
152545402	3041022	https://www.gbif.org/species/3041022	Armoracia rusticana P.Gaertn., B.Mey. & Scherb.	ACCEPTED	3041022	Armoracia rusticana P.Gaertn., B.Mey. & Scherb.	SPECIES	220	Magnoliopsida	Plantae	1853
152545406	3042086	https://www.gbif.org/species/3042086	Pseudoturritis turrita (L.) Al-Shehbaz	ACCEPTED	3042086	Pseudoturritis turrita (L.) Al-Shehbaz	SPECIES	220	Magnoliopsida	Plantae	1862
152545406	3042086	https://www.gbif.org/species/3042086	Pseudoturritis turrita (L.) Al-Shehbaz	ACCEPTED	3042086	Pseudoturritis turrita (L.) Al-Shehbaz	SPECIES	220	Magnoliopsida	Plantae	1862
152545409	3040913	https://www.gbif.org/species/3040913	Conringia orientalis (L.) Dumort.	ACCEPTED	3040913	Conringia orientalis (L.) Dumort.	SPECIES	220	Magnoliopsida	Plantae	1835
152545410	3040923	https://www.gbif.org/species/3040923	Conringia austriaca (Jacq.) Sweet	ACCEPTED	3040923	Conringia austriaca (Jacq.) Sweet	SPECIES	220	Magnoliopsida	Plantae	1893
152545410	3040923	https://www.gbif.org/species/3040923	Conringia austriaca (Jacq.) Sweet	ACCEPTED	3040923	Conringia austriaca (Jacq.) Sweet	SPECIES	220	Magnoliopsida	Plantae	1893
152545412	3046875	https://www.gbif.org/species/3046875	Sisymbrium loeselii L.	ACCEPTED	3046875	Sisymbrium loeselii L.	SPECIES	220	Magnoliopsida	Plantae	1872
152545413	3046851	https://www.gbif.org/species/3046851	Sisymbrium irio L.	ACCEPTED	3046851	Sisymbrium irio L.	SPECIES	220	Magnoliopsida	Plantae	1886
152545414	3046850	https://www.gbif.org/species/3046850	Sisymbrium strictissimum L.	ACCEPTED	3046850	Sisymbrium strictissimum L.	SPECIES	220	Magnoliopsida	Plantae	1857
152545416	3046812	https://www.gbif.org/species/3046812	Sisymbrium orientale L.	ACCEPTED	3046812	Sisymbrium orientale L.	SPECIES	220	Magnoliopsida	Plantae	1823
152545420	3046736	https://www.gbif.org/species/3046736	Sisymbrium altissimum L.	ACCEPTED	3046736	Sisymbrium altissimum L.	SPECIES	220	Magnoliopsida	Plantae	1840
152545424	3046092	https://www.gbif.org/species/3046092	Cardamine parviflora L.	ACCEPTED	3046092	Cardamine parviflora L.	SPECIES	220	Magnoliopsida	Plantae	1850
152545424	3046092	https://www.gbif.org/species/3046092	Cardamine parviflora L.	ACCEPTED	3046092	Cardamine parviflora L.	SPECIES	220	Magnoliopsida	Plantae	1850
152545427	3045193	https://www.gbif.org/species/3045193	Alyssum strigosum Banks & Sol.	ACCEPTED	3045193	Alyssum strigosum Banks & Sol.	SPECIES	220	Magnoliopsida	Plantae	1909
152545427	3045193	https://www.gbif.org/species/3045193	Alyssum strigosum Banks & Sol.	ACCEPTED	3045193	Alyssum strigosum Banks & Sol.	SPECIES	220	Magnoliopsida	Plantae	1909
152545429	3045042	https://www.gbif.org/species/3045042	Alyssum simplex Rudolphi	ACCEPTED	3045042	Alyssum simplex Rudolphi	SPECIES	220	Magnoliopsida	Plantae	1850
152545431	3045006	https://www.gbif.org/species/3045006	Alyssum hirsutum M.Bieb.	ACCEPTED	3045006	Alyssum hirsutum M.Bieb.	SPECIES	220	Magnoliopsida	Plantae	1879
152545431	3045006	https://www.gbif.org/species/3045006	Alyssum hirsutum M.Bieb.	ACCEPTED	3045006	Alyssum hirsutum M.Bieb.	SPECIES	220	Magnoliopsida	Plantae	1879
152545434	3044349	https://www.gbif.org/species/3044349	Chorispora tenella (Pall.) DC.	ACCEPTED	3044349	Chorispora tenella (Pall.) DC.	SPECIES	220	Magnoliopsida	Plantae	1904
152545436	3044133	https://www.gbif.org/species/3044133	Descurainia pinnata (Walter) Britton	ACCEPTED	3044133	Descurainia pinnata (Walter) Britton	SPECIES	220	Magnoliopsida	Plantae	1894
152545437	3044201	https://www.gbif.org/species/3044201	Descurainia incisa (Engelm. ex A.Gray) Britton	ACCEPTED	3044201	Descurainia incisa (Engelm. ex A.Gray) Britton	SPECIES	220	Magnoliopsida	Plantae	1893
152545437	3044201	https://www.gbif.org/species/3044201	Descurainia incisa (Engelm. ex A.Gray) Britton	ACCEPTED	3044201	Descurainia incisa (Engelm. ex A.Gray) Britton	SPECIES	220	Magnoliopsida	Plantae	1893
152545439	3053950	https://www.gbif.org/species/3053950	Enarthrocarpus lyratus (Forssk.) DC.	ACCEPTED	3053950	Enarthrocarpus lyratus (Forssk.) DC.	SPECIES	220	Magnoliopsida	Plantae	1892
152545439	3053950	https://www.gbif.org/species/3053950	Enarthrocarpus lyratus (Forssk.) DC.	ACCEPTED	3053950	Enarthrocarpus lyratus (Forssk.) DC.	SPECIES	220	Magnoliopsida	Plantae	1892
152545442	3054110	https://www.gbif.org/species/3054110	Aubrieta columnae Guss.	ACCEPTED	3054110	Aubrieta columnae Guss.	SPECIES	220	Magnoliopsida	Plantae	1896
152545444	3053406	https://www.gbif.org/species/3053406	Rorippa austriaca (Crantz) Besser	ACCEPTED	3053406	Rorippa austriaca (Crantz) Besser	SPECIES	220	Magnoliopsida	Plantae	1893
152545446	3053522	https://www.gbif.org/species/3053522	Berteroa incana (L.) DC.	ACCEPTED	3053522	Berteroa incana (L.) DC.	SPECIES	220	Magnoliopsida	Plantae	1600
152545449	3052450	https://www.gbif.org/species/3052450	Arabidopsis halleri (L.) O'Kane & Al-Shehbaz	ACCEPTED	3052450	Arabidopsis halleri (L.) O'Kane & Al-Shehbaz	SPECIES	220	Magnoliopsida	Plantae	1947
152545449	3052450	https://www.gbif.org/species/3052450	Arabidopsis halleri (L.) O'Kane & Al-Shehbaz	ACCEPTED	3052450	Arabidopsis halleri (L.) O'Kane & Al-Shehbaz	SPECIES	220	Magnoliopsida	Plantae	1947
152545455	3050357	https://www.gbif.org/species/3050357	Bunias erucago L.	ACCEPTED	3050357	Bunias erucago L.	SPECIES	220	Magnoliopsida	Plantae	1854
152545456	3050364	https://www.gbif.org/species/3050364	Bunias orientalis L.	ACCEPTED	3050364	Bunias orientalis L.	SPECIES	220	Magnoliopsida	Plantae	1858
152545458	3047811	https://www.gbif.org/species/3047811	Myagrum perfoliatum L.	ACCEPTED	3047811	Myagrum perfoliatum L.	SPECIES	220	Magnoliopsida	Plantae	1821
152545460	3048203	https://www.gbif.org/species/3048203	Erysimum cheiri (L.) Crantz	ACCEPTED	3048203	Erysimum cheiri (L.) Crantz	SPECIES	220	Magnoliopsida	Plantae	1554
152545461	3048288	https://www.gbif.org/species/3048288	Erysimum diffusum Ehrh.	ACCEPTED	3048288	Erysimum diffusum Ehrh.	SPECIES	220	Magnoliopsida	Plantae	1877
152545461	3048288	https://www.gbif.org/species/3048288	Erysimum diffusum Ehrh.	ACCEPTED	3048288	Erysimum diffusum Ehrh.	SPECIES	220	Magnoliopsida	Plantae	1877
152545463	3048166	https://www.gbif.org/species/3048166	Erysimum repandum L.	ACCEPTED	3048166	Erysimum repandum L.	SPECIES	220	Magnoliopsida	Plantae	1823
152545465	3047621	https://www.gbif.org/species/3047621	Sinapis alba L.	ACCEPTED	3047621	Sinapis alba L.	SPECIES	220	Magnoliopsida	Plantae	1800
152545466	3047633	https://www.gbif.org/species/3047633	Sinapis alba subsp. dissecta (Lag.) Simonk.	ACCEPTED	3047633	Sinapis alba subsp. dissecta (Lag.) Simonk.	SUBSPECIES	220	Magnoliopsida	Plantae	1882
152545471	7853188	https://www.gbif.org/species/7853188	Reseda lutea subsp. vivantii (P.Monts.) Rovira	ACCEPTED	7853188	Reseda lutea subsp. vivantii (P.Monts.) Rovira	SUBSPECIES	220	Magnoliopsida	Plantae	1898
152545471	7853188	https://www.gbif.org/species/7853188	Reseda lutea subsp. vivantii (P.Monts.) Rovira	ACCEPTED	7853188	Reseda lutea subsp. vivantii (P.Monts.) Rovira	SUBSPECIES	220	Magnoliopsida	Plantae	1898
152545472	3040253	https://www.gbif.org/species/3040253	Reseda phyteuma L.	ACCEPTED	3040253	Reseda phyteuma L.	SPECIES	220	Magnoliopsida	Plantae	1903
152545473	3040254	https://www.gbif.org/species/3040254	Reseda alba L.	ACCEPTED	3040254	Reseda alba L.	SPECIES	220	Magnoliopsida	Plantae	1857
152545474	3040255	https://www.gbif.org/species/3040255	Reseda odorata L.	ACCEPTED	3040255	Reseda odorata L.	SPECIES	220	Magnoliopsida	Plantae	1870
152545481	2928226	https://www.gbif.org/species/2928226	Phacelia tanacetifolia Benth.	ACCEPTED	2928226	Phacelia tanacetifolia Benth.	SPECIES	220	Magnoliopsida	Plantae	1884
152545482	2928153	https://www.gbif.org/species/2928153	Phacelia purshii Buckley	ACCEPTED	2928153	Phacelia purshii Buckley	SPECIES	220	Magnoliopsida	Plantae	1893
152545482	2928153	https://www.gbif.org/species/2928153	Phacelia purshii Buckley	ACCEPTED	2928153	Phacelia purshii Buckley	SPECIES	220	Magnoliopsida	Plantae	1893
152545485	7536406	https://www.gbif.org/species/7536406	Nemophila menziesii var. integrifolia Brand	ACCEPTED	7536406	Nemophila menziesii var. integrifolia Brand	VARIETY	220	Magnoliopsida	Plantae	1895
152545485	7536406	https://www.gbif.org/species/7536406	Nemophila menziesii var. integrifolia Brand	ACCEPTED	7536406	Nemophila menziesii var. integrifolia Brand	VARIETY	220	Magnoliopsida	Plantae	1895
152545492	8227753	https://www.gbif.org/species/8227753	Anchusa procera Besser	DOUBTFUL	8227753	Anchusa procera Besser	SPECIES	220	Magnoliopsida	Plantae	1904
152545493	7295374	https://www.gbif.org/species/7295374	Anchusa officinalis subsp. officinalis	ACCEPTED	7295374	Anchusa officinalis subsp. officinalis	SUBSPECIES	220	Magnoliopsida	Plantae	1828
152545494	5662089	https://www.gbif.org/species/5662089	Anchusa ochroleuca M.Bieb.	ACCEPTED	5662089	Anchusa ochroleuca M.Bieb.	SPECIES	220	Magnoliopsida	Plantae	1889
152545495	5341198	https://www.gbif.org/species/5341198	Anchusa azurea Mill.	ACCEPTED	5341198	Anchusa azurea Mill.	SPECIES	220	Magnoliopsida	Plantae	1850
152545497	7958783	https://www.gbif.org/species/7958783	Pulmonaria mollis Wulfen ex Hornem.	ACCEPTED	7958783	Pulmonaria mollis Wulfen ex Hornem.	SPECIES	220	Magnoliopsida	Plantae	1850
152545497	7958783	https://www.gbif.org/species/7958783	Pulmonaria mollis Wulfen ex Hornem.	ACCEPTED	7958783	Pulmonaria mollis Wulfen ex Hornem.	SPECIES	220	Magnoliopsida	Plantae	1850
152545500	5341203	https://www.gbif.org/species/5341203	Pulmonaria saccharata Mill.	ACCEPTED	5341203	Pulmonaria saccharata Mill.	SPECIES	220	Magnoliopsida	Plantae	1850
152545501	5341204	https://www.gbif.org/species/5341204	Pulmonaria officinalis L.	ACCEPTED	5341204	Pulmonaria officinalis L.	SPECIES	220	Magnoliopsida	Plantae	1792
152545507	2926130	https://www.gbif.org/species/2926130	Pentaglottis sempervirens (L.) Tausch ex L.H.Bailey	ACCEPTED	2926130	Pentaglottis sempervirens (L.) Tausch ex L.H.Bailey	SPECIES	220	Magnoliopsida	Plantae	1836
152545509	2926055	https://www.gbif.org/species/2926055	Asperugo procumbens L.	ACCEPTED	2926055	Asperugo procumbens L.	SPECIES	220	Magnoliopsida	Plantae	1850
152545514	2926066	https://www.gbif.org/species/2926066	Symphytum asperum Lepech.	ACCEPTED	2926066	Symphytum asperum Lepech.	SPECIES	220	Magnoliopsida	Plantae	1884
152545516	7294722	https://www.gbif.org/species/7294722	Cerinthe minor L.	ACCEPTED	7294722	Cerinthe minor L.	SPECIES	220	Magnoliopsida	Plantae	1883
152545517	2926108	https://www.gbif.org/species/2926108	Cerinthe major L.	ACCEPTED	2926108	Cerinthe major L.	SPECIES	220	Magnoliopsida	Plantae	1921
152545517	2926108	https://www.gbif.org/species/2926108	Cerinthe major L.	ACCEPTED	2926108	Cerinthe major L.	SPECIES	220	Magnoliopsida	Plantae	1921
152545519	2926110	https://www.gbif.org/species/2926110	Borago officinalis L.	ACCEPTED	2926110	Borago officinalis L.	SPECIES	220	Magnoliopsida	Plantae	1850
152545521	7294644	https://www.gbif.org/species/7294644	Nonea pulla (L.) DC.	ACCEPTED	7294644	Nonea pulla (L.) DC.	SPECIES	220	Magnoliopsida	Plantae	1932
152545521	7294644	https://www.gbif.org/species/7294644	Nonea pulla (L.) DC.	ACCEPTED	7294644	Nonea pulla (L.) DC.	SPECIES	220	Magnoliopsida	Plantae	1932
152545522	2926041	https://www.gbif.org/species/2926041	Nonea rosea (M.Bieb.) Link	ACCEPTED	2926041	Nonea rosea (M.Bieb.) Link	SPECIES	220	Magnoliopsida	Plantae	1828
152545522	2926041	https://www.gbif.org/species/2926041	Nonea rosea (M.Bieb.) Link	ACCEPTED	2926041	Nonea rosea (M.Bieb.) Link	SPECIES	220	Magnoliopsida	Plantae	1828
152545525	2926045	https://www.gbif.org/species/2926045	Brunnera macrophylla (Adams) I.M.Johnst.	ACCEPTED	2926045	Brunnera macrophylla (Adams) I.M.Johnst.	SPECIES	220	Magnoliopsida	Plantae	1942
152545525	2926045	https://www.gbif.org/species/2926045	Brunnera macrophylla (Adams) I.M.Johnst.	ACCEPTED	2926045	Brunnera macrophylla (Adams) I.M.Johnst.	SPECIES	220	Magnoliopsida	Plantae	1942
152545527	2926048	https://www.gbif.org/species/2926048	Omphalodes verna Moench	ACCEPTED	2926048	Omphalodes verna Moench	SPECIES	220	Magnoliopsida	Plantae	1821
152545529	4064572	https://www.gbif.org/species/4064572	Cynoglossum clandestinum Desf.	ACCEPTED	4064572	Cynoglossum clandestinum Desf.	SPECIES	220	Magnoliopsida	Plantae	1948
152545529	4064572	https://www.gbif.org/species/4064572	Cynoglossum clandestinum Desf.	ACCEPTED	4064572	Cynoglossum clandestinum Desf.	SPECIES	220	Magnoliopsida	Plantae	1948
152545532	2925895	https://www.gbif.org/species/2925895	Echium plantagineum L.	ACCEPTED	2925895	Echium plantagineum L.	SPECIES	220	Magnoliopsida	Plantae	1906
152545534	8386733	https://www.gbif.org/species/8386733	Amsinckia lycopsoides Lehm. ex Fisch. & C.A.Mey.	DOUBTFUL	8386733	Amsinckia lycopsoides Lehm. ex Fisch. & C.A.Mey.	SPECIES	220	Magnoliopsida	Plantae	1874
152545535	2925879	https://www.gbif.org/species/2925879	Amsinckia eastwoodiae J.F.Macbr.	ACCEPTED	2925879	Amsinckia eastwoodiae J.F.Macbr.	SPECIES	220	Magnoliopsida	Plantae	1924
152545535	2925879	https://www.gbif.org/species/2925879	Amsinckia eastwoodiae J.F.Macbr.	ACCEPTED	2925879	Amsinckia eastwoodiae J.F.Macbr.	SPECIES	220	Magnoliopsida	Plantae	1924
152545536	2925877	https://www.gbif.org/species/2925877	Amsinckia tessellata A.Gray	ACCEPTED	2925877	Amsinckia tessellata A.Gray	SPECIES	220	Magnoliopsida	Plantae	1877
152545538	2925756	https://www.gbif.org/species/2925756	Lappula squarrosa (Retz.) Dumort.	ACCEPTED	2925756	Lappula squarrosa (Retz.) Dumort.	SPECIES	220	Magnoliopsida	Plantae	1811
152545539	2925754	https://www.gbif.org/species/2925754	Lappula marginata (M.Bieb.) Gürke	ACCEPTED	2925754	Lappula marginata (M.Bieb.) Gürke	SPECIES	220	Magnoliopsida	Plantae	1880
152545543	2925790	https://www.gbif.org/species/2925790	Heliotropium amplexicaule Vahl	ACCEPTED	2925790	Heliotropium amplexicaule Vahl	SPECIES	220	Magnoliopsida	Plantae	1890
152545543	2925790	https://www.gbif.org/species/2925790	Heliotropium amplexicaule Vahl	ACCEPTED	2925790	Heliotropium amplexicaule Vahl	SPECIES	220	Magnoliopsida	Plantae	1890
152545544	2925767	https://www.gbif.org/species/2925767	Heliotropium europaeum L.	ACCEPTED	2925767	Heliotropium europaeum L.	SPECIES	220	Magnoliopsida	Plantae	1854
152545548	7346090	https://www.gbif.org/species/7346090	Erythranthe moschata (Douglas ex Lindl.) G.L.Nesom	ACCEPTED	7346090	Erythranthe moschata (Douglas ex Lindl.) G.L.Nesom	SPECIES	220	Magnoliopsida	Plantae	1882
152545565	3728894	https://www.gbif.org/species/3728894	Phelipanche ramosa (L.) Pomel	ACCEPTED	3728894	Phelipanche ramosa (L.) Pomel	SPECIES	220	Magnoliopsida	Plantae	1792
152545568	3172127	https://www.gbif.org/species/3172127	Calceolaria chelidonioides Kunth	ACCEPTED	3172127	Calceolaria chelidonioides Kunth	SPECIES	220	Magnoliopsida	Plantae	1941
152545568	3172127	https://www.gbif.org/species/3172127	Calceolaria chelidonioides Kunth	ACCEPTED	3172127	Calceolaria chelidonioides Kunth	SPECIES	220	Magnoliopsida	Plantae	1941
152545572	5415039	https://www.gbif.org/species/5415039	Syringa vulgaris L.	ACCEPTED	5415039	Syringa vulgaris L.	SPECIES	220	Magnoliopsida	Plantae	1854
152545582	3172347	https://www.gbif.org/species/3172347	Fraxinus ornus L.	ACCEPTED	3172347	Fraxinus ornus L.	SPECIES	220	Magnoliopsida	Plantae	1871
152545598	5415100	https://www.gbif.org/species/5415100	Proboscidea louisianica (Mill.) Thell.	ACCEPTED	5415100	Proboscidea louisianica (Mill.) Thell.	SPECIES	220	Magnoliopsida	Plantae	1947
152545600	3172647	https://www.gbif.org/species/3172647	Ibicella lutea (Lindl.) Van Eselt.	ACCEPTED	3172647	Ibicella lutea (Lindl.) Van Eselt.	SPECIES	220	Magnoliopsida	Plantae	1894
152545600	3172647	https://www.gbif.org/species/3172647	Ibicella lutea (Lindl.) Van Eselt.	ACCEPTED	3172647	Ibicella lutea (Lindl.) Van Eselt.	SPECIES	220	Magnoliopsida	Plantae	1894
152545609	3725805	https://www.gbif.org/species/3725805	Hebenstretia integrifolia L.	ACCEPTED	3725805	Hebenstretia integrifolia L.	SPECIES	220	Magnoliopsida	Plantae	1862
152545611	4055853	https://www.gbif.org/species/4055853	Buddleja albiflora Hemsl.	ACCEPTED	4055853	Buddleja albiflora Hemsl.	SPECIES	220	Magnoliopsida	Plantae	1945
152545611	4055853	https://www.gbif.org/species/4055853	Buddleja albiflora Hemsl.	ACCEPTED	4055853	Buddleja albiflora Hemsl.	SPECIES	220	Magnoliopsida	Plantae	1945
152545612	3173338	https://www.gbif.org/species/3173338	Buddleja davidii Franch.	ACCEPTED	3173338	Buddleja davidii Franch.	SPECIES	220	Magnoliopsida	Plantae	1930
152545614	7477038	https://www.gbif.org/species/7477038	Scrophularia scorodonia L.	ACCEPTED	7477038	Scrophularia scorodonia L.	SPECIES	220	Magnoliopsida	Plantae	1907
152545614	7477038	https://www.gbif.org/species/7477038	Scrophularia scorodonia L.	ACCEPTED	7477038	Scrophularia scorodonia L.	SPECIES	220	Magnoliopsida	Plantae	1907
152545615	7810918	https://www.gbif.org/species/7810918	Scrophularia vernalis L.	ACCEPTED	7810918	Scrophularia vernalis L.	SPECIES	220	Magnoliopsida	Plantae	1814
152545617	3170878	https://www.gbif.org/species/3170878	Scrophularia lanceolata Pursh	ACCEPTED	3170878	Scrophularia lanceolata Pursh	SPECIES	220	Magnoliopsida	Plantae	1901
152545617	3170878	https://www.gbif.org/species/3170878	Scrophularia lanceolata Pursh	ACCEPTED	3170878	Scrophularia lanceolata Pursh	SPECIES	220	Magnoliopsida	Plantae	1901
152545619	8949622	https://www.gbif.org/species/8949622	Verbascum chaixii Vill.	ACCEPTED	8949622	Verbascum chaixii Vill.	SPECIES	220	Magnoliopsida	Plantae	1912
152545622	3741432	https://www.gbif.org/species/3741432	Verbascum banaticum Schrad.	ACCEPTED	3741432	Verbascum banaticum Schrad.	SPECIES	220	Magnoliopsida	Plantae	1908
152545622	3741432	https://www.gbif.org/species/3741432	Verbascum banaticum Schrad.	ACCEPTED	3741432	Verbascum banaticum Schrad.	SPECIES	220	Magnoliopsida	Plantae	1908
152545623	3171948	https://www.gbif.org/species/3171948	Verbascum phlomoides L.	ACCEPTED	3171948	Verbascum phlomoides L.	SPECIES	220	Magnoliopsida	Plantae	1811
152545624	3171946	https://www.gbif.org/species/3171946	Verbascum sinuatum L.	ACCEPTED	3171946	Verbascum sinuatum L.	SPECIES	220	Magnoliopsida	Plantae	1831
152545624	3171946	https://www.gbif.org/species/3171946	Verbascum sinuatum L.	ACCEPTED	3171946	Verbascum sinuatum L.	SPECIES	220	Magnoliopsida	Plantae	1831
152545626	3171951	https://www.gbif.org/species/3171951	Verbascum phoeniceum L.	ACCEPTED	3171951	Verbascum phoeniceum L.	SPECIES	220	Magnoliopsida	Plantae	1895
152545627	3171954	https://www.gbif.org/species/3171954	Verbascum virgatum Stokes	ACCEPTED	3171954	Verbascum virgatum Stokes	SPECIES	220	Magnoliopsida	Plantae	1906
152545641	7331861	https://www.gbif.org/species/7331861	Cymbalaria muralis subsp. muralis	ACCEPTED	7331861	Cymbalaria muralis subsp. muralis	SUBSPECIES	220	Magnoliopsida	Plantae	1835
152545650	8287616	https://www.gbif.org/species/8287616	Linaria simplex (Willd.) DC.	ACCEPTED	8287616	Linaria simplex (Willd.) DC.	SPECIES	220	Magnoliopsida	Plantae	1900
152545650	8287616	https://www.gbif.org/species/8287616	Linaria simplex (Willd.) DC.	ACCEPTED	8287616	Linaria simplex (Willd.) DC.	SPECIES	220	Magnoliopsida	Plantae	1900
152545654	5415013	https://www.gbif.org/species/5415013	Linaria genistifolia (L.) Mill.	ACCEPTED	5415013	Linaria genistifolia (L.) Mill.	SPECIES	220	Magnoliopsida	Plantae	1891
152545655	5415014	https://www.gbif.org/species/5415014	Linaria angustissima (Loisel.) Borbás	ACCEPTED	5415014	Linaria angustissima (Loisel.) Borbás	SPECIES	220	Magnoliopsida	Plantae	1835
152545655	5415014	https://www.gbif.org/species/5415014	Linaria angustissima (Loisel.) Borbás	ACCEPTED	5415014	Linaria angustissima (Loisel.) Borbás	SPECIES	220	Magnoliopsida	Plantae	1835
152545656	5415016	https://www.gbif.org/species/5415016	Linaria maroccana Hook.fil.	ACCEPTED	5415016	Linaria maroccana Hook.fil.	SPECIES	220	Magnoliopsida	Plantae	1938
152545660	3738796	https://www.gbif.org/species/3738796	Misopates calycinum (Lange) Rothm.	ACCEPTED	3738796	Misopates calycinum (Lange) Rothm.	SPECIES	220	Magnoliopsida	Plantae	1915
152545660	3738796	https://www.gbif.org/species/3738796	Misopates calycinum (Lange) Rothm.	ACCEPTED	3738796	Misopates calycinum (Lange) Rothm.	SPECIES	220	Magnoliopsida	Plantae	1915
152545666	7727786	https://www.gbif.org/species/7727786	Plantago loeflingii L.	ACCEPTED	7727786	Plantago loeflingii L.	SPECIES	220	Magnoliopsida	Plantae	1886
152545666	7727786	https://www.gbif.org/species/7727786	Plantago loeflingii L.	ACCEPTED	7727786	Plantago loeflingii L.	SPECIES	220	Magnoliopsida	Plantae	1886
152545668	7303104	https://www.gbif.org/species/7303104	Plantago afra L.	ACCEPTED	7303104	Plantago afra L.	SPECIES	220	Magnoliopsida	Plantae	1884
152545669	7303024	https://www.gbif.org/species/7303024	Plantago myosuros Lam.	ACCEPTED	7303024	Plantago myosuros Lam.	SPECIES	220	Magnoliopsida	Plantae	1895
152545669	7303024	https://www.gbif.org/species/7303024	Plantago myosuros Lam.	ACCEPTED	7303024	Plantago myosuros Lam.	SPECIES	220	Magnoliopsida	Plantae	1895
152545671	3189723	https://www.gbif.org/species/3189723	Plantago ovata Forssk.	ACCEPTED	3189723	Plantago ovata Forssk.	SPECIES	220	Magnoliopsida	Plantae	1906
152545672	3189762	https://www.gbif.org/species/3189762	Plantago arenaria Waldst. & Kit.	ACCEPTED	3189762	Plantago arenaria Waldst. & Kit.	SPECIES	220	Magnoliopsida	Plantae	1811
152545673	3189760	https://www.gbif.org/species/3189760	Plantago heterophylla Nutt.	ACCEPTED	3189760	Plantago heterophylla Nutt.	SPECIES	220	Magnoliopsida	Plantae	1895
152545673	3189760	https://www.gbif.org/species/3189760	Plantago heterophylla Nutt.	ACCEPTED	3189760	Plantago heterophylla Nutt.	SPECIES	220	Magnoliopsida	Plantae	1895
152545678	3732995	https://www.gbif.org/species/3732995	Veronica ceratocarpa C.A.Mey.	ACCEPTED	3732995	Veronica ceratocarpa C.A.Mey.	SPECIES	220	Magnoliopsida	Plantae	1854
152545678	3732995	https://www.gbif.org/species/3732995	Veronica ceratocarpa C.A.Mey.	ACCEPTED	3732995	Veronica ceratocarpa C.A.Mey.	SPECIES	220	Magnoliopsida	Plantae	1854
152545679	3172104	https://www.gbif.org/species/3172104	Veronica peregrina L.	ACCEPTED	3172104	Veronica peregrina L.	SPECIES	220	Magnoliopsida	Plantae	1836
152545680	3172118	https://www.gbif.org/species/3172118	Veronica longifolia L.	ACCEPTED	3172118	Veronica longifolia L.	SPECIES	220	Magnoliopsida	Plantae	1830
152545681	3172077	https://www.gbif.org/species/3172077	Veronica persica Poir.	ACCEPTED	3172077	Veronica persica Poir.	SPECIES	220	Magnoliopsida	Plantae	1824
152545682	3172100	https://www.gbif.org/species/3172100	Veronica filiformis Sm.	ACCEPTED	3172100	Veronica filiformis Sm.	SPECIES	220	Magnoliopsida	Plantae	1927
152545688	3172001	https://www.gbif.org/species/3172001	Antirrhinum majus L.	ACCEPTED	3172001	Antirrhinum majus L.	SPECIES	220	Magnoliopsida	Plantae	1846
152545693	6410563	https://www.gbif.org/species/6410563	Leonurus japonicus Houtt.	ACCEPTED	6410563	Leonurus japonicus Houtt.	SPECIES	220	Magnoliopsida	Plantae	1939
152545694	7307492	https://www.gbif.org/species/7307492	Leonurus quinquelobatus Gilib.	ACCEPTED	7307492	Leonurus quinquelobatus Gilib.	SPECIES	220	Magnoliopsida	Plantae	1850
152545696	6409536	https://www.gbif.org/species/6409536	Ballota nigra subsp. nigra	ACCEPTED	6409536	Ballota nigra subsp. nigra	SUBSPECIES	220	Magnoliopsida	Plantae	1907
152545704	5605751	https://www.gbif.org/species/5605751	Lycopus exaltatus L.f.	ACCEPTED	5605751	Lycopus exaltatus L.f.	SPECIES	220	Magnoliopsida	Plantae	1855
152545708	5341387	https://www.gbif.org/species/5341387	Hyssopus officinalis L.	ACCEPTED	5341387	Hyssopus officinalis L.	SPECIES	220	Magnoliopsida	Plantae	1821
152545710	5341373	https://www.gbif.org/species/5341373	Scutellaria altissima L.	ACCEPTED	5341373	Scutellaria altissima L.	SPECIES	220	Magnoliopsida	Plantae	1884
152545712	5341310	https://www.gbif.org/species/5341310	Galeopsis pubescens Besser	ACCEPTED	5341310	Galeopsis pubescens Besser	SPECIES	220	Magnoliopsida	Plantae	1856
152545712	5341310	https://www.gbif.org/species/5341310	Galeopsis pubescens Besser	ACCEPTED	5341310	Galeopsis pubescens Besser	SPECIES	220	Magnoliopsida	Plantae	1856
152545714	5341501	https://www.gbif.org/species/5341501	Melissa officinalis L.	ACCEPTED	5341501	Melissa officinalis L.	SPECIES	220	Magnoliopsida	Plantae	1800
152545716	7350989	https://www.gbif.org/species/7350989	Nepeta ×faassenii Bergmans ex Stearn	ACCEPTED	7350989	Nepeta ×faassenii Bergmans ex Stearn	SPECIES	220	Magnoliopsida	Plantae	1946
152545717	5341498	https://www.gbif.org/species/5341498	Nepeta grandiflora M.Bieb.	ACCEPTED	5341498	Nepeta grandiflora M.Bieb.	SPECIES	220	Magnoliopsida	Plantae	1903
152545720	5607452	https://www.gbif.org/species/5607452	Thymus ×citriodorus (Pers.) Schreb.	ACCEPTED	5607452	Thymus ×citriodorus (Pers.) Schreb.	SPECIES	220	Magnoliopsida	Plantae	1866
152545721	5341442	https://www.gbif.org/species/5341442	Thymus vulgaris L.	ACCEPTED	5341442	Thymus vulgaris L.	SPECIES	220	Magnoliopsida	Plantae	1899
152545727	7096205	https://www.gbif.org/species/7096205	Clinopodium nepeta subsp. nepeta	ACCEPTED	7096205	Clinopodium nepeta subsp. nepeta	SUBSPECIES	220	Magnoliopsida	Plantae	1885
152545739	6411098	https://www.gbif.org/species/6411098	Lamium galeobdolon subsp. argentatum (Smejkal) J.Duvign.	ACCEPTED	6411098	Lamium galeobdolon subsp. argentatum (Smejkal) J.Duvign.	SUBSPECIES	220	Magnoliopsida	Plantae	1897
152545740	7308043	https://www.gbif.org/species/7308043	Lamium garganicum subsp. garganicum	ACCEPTED	7308043	Lamium garganicum subsp. garganicum	SUBSPECIES	220	Magnoliopsida	Plantae	1906
152545740	7308043	https://www.gbif.org/species/7308043	Lamium garganicum subsp. garganicum	ACCEPTED	7308043	Lamium garganicum subsp. garganicum	SUBSPECIES	220	Magnoliopsida	Plantae	1906
152545743	3905970	https://www.gbif.org/species/3905970	Marrubium peregrinum L.	ACCEPTED	3905970	Marrubium peregrinum L.	SPECIES	220	Magnoliopsida	Plantae	1835
152545743	3905970	https://www.gbif.org/species/3905970	Marrubium peregrinum L.	ACCEPTED	3905970	Marrubium peregrinum L.	SPECIES	220	Magnoliopsida	Plantae	1835
152545745	2927096	https://www.gbif.org/species/2927096	Ocimum basilicum L.	ACCEPTED	2927096	Ocimum basilicum L.	SPECIES	220	Magnoliopsida	Plantae	1886
152545745	2927096	https://www.gbif.org/species/2927096	Ocimum basilicum L.	ACCEPTED	2927096	Ocimum basilicum L.	SPECIES	220	Magnoliopsida	Plantae	1886
152545752	3885185	https://www.gbif.org/species/3885185	Stachys atherocalyx K.Koch	ACCEPTED	3885185	Stachys atherocalyx K.Koch	SPECIES	220	Magnoliopsida	Plantae	1922
152545752	3885185	https://www.gbif.org/species/3885185	Stachys atherocalyx K.Koch	ACCEPTED	3885185	Stachys atherocalyx K.Koch	SPECIES	220	Magnoliopsida	Plantae	1922
152545753	2927296	https://www.gbif.org/species/2927296	Stachys cretica L.	ACCEPTED	2927296	Stachys cretica L.	SPECIES	220	Magnoliopsida	Plantae	1872
152545754	2927230	https://www.gbif.org/species/2927230	Stachys byzantina K.Koch	ACCEPTED	2927230	Stachys byzantina K.Koch	SPECIES	220	Magnoliopsida	Plantae	1882
152545756	2927224	https://www.gbif.org/species/2927224	Dracocephalum thymiflorum L.	ACCEPTED	2927224	Dracocephalum thymiflorum L.	SPECIES	220	Magnoliopsida	Plantae	1893
152545757	2927222	https://www.gbif.org/species/2927222	Dracocephalum moldavica L.	ACCEPTED	2927222	Dracocephalum moldavica L.	SPECIES	220	Magnoliopsida	Plantae	1862
152545757	2927222	https://www.gbif.org/species/2927222	Dracocephalum moldavica L.	ACCEPTED	2927222	Dracocephalum moldavica L.	SPECIES	220	Magnoliopsida	Plantae	1862
152545758	2927220	https://www.gbif.org/species/2927220	Dracocephalum parviflorum Nutt.	ACCEPTED	2927220	Dracocephalum parviflorum Nutt.	SPECIES	220	Magnoliopsida	Plantae	1893
152545762	2927305	https://www.gbif.org/species/2927305	Lavandula angustifolia Mill.	ACCEPTED	2927305	Lavandula angustifolia Mill.	SPECIES	220	Magnoliopsida	Plantae	1949
152545764	6409706	https://www.gbif.org/species/6409706	Salvia verbenaca L.	ACCEPTED	6409706	Salvia verbenaca L.	SPECIES	220	Magnoliopsida	Plantae	1835
152545765	3883959	https://www.gbif.org/species/3883959	Salvia viridis L.	ACCEPTED	3883959	Salvia viridis L.	SPECIES	220	Magnoliopsida	Plantae	1916
152545766	2927028	https://www.gbif.org/species/2927028	Salvia nemorosa L.	ACCEPTED	2927028	Salvia nemorosa L.	SPECIES	220	Magnoliopsida	Plantae	1864
152545767	2927026	https://www.gbif.org/species/2927026	Salvia glutinosa L.	ACCEPTED	2927026	Salvia glutinosa L.	SPECIES	220	Magnoliopsida	Plantae	1890
152545768	2927030	https://www.gbif.org/species/2927030	Salvia aethiopis L.	ACCEPTED	2927030	Salvia aethiopis L.	SPECIES	220	Magnoliopsida	Plantae	1835
152545768	2927030	https://www.gbif.org/species/2927030	Salvia aethiopis L.	ACCEPTED	2927030	Salvia aethiopis L.	SPECIES	220	Magnoliopsida	Plantae	1835
152545770	2927000	https://www.gbif.org/species/2927000	Salvia sclarea L.	ACCEPTED	2927000	Salvia sclarea L.	SPECIES	220	Magnoliopsida	Plantae	1811
152545771	2926995	https://www.gbif.org/species/2926995	Salvia verticillata L.	ACCEPTED	2926995	Salvia verticillata L.	SPECIES	220	Magnoliopsida	Plantae	1863
152545772	2927004	https://www.gbif.org/species/2927004	Salvia officinalis L.	ACCEPTED	2927004	Salvia officinalis L.	SPECIES	220	Magnoliopsida	Plantae	1920
152545773	2927001	https://www.gbif.org/species/2927001	Salvia reflexa Hornem.	ACCEPTED	2927001	Salvia reflexa Hornem.	SPECIES	220	Magnoliopsida	Plantae	1947
152545777	2926686	https://www.gbif.org/species/2926686	Sideritis lanata L.	ACCEPTED	2926686	Sideritis lanata L.	SPECIES	220	Magnoliopsida	Plantae	1907
152545777	2926686	https://www.gbif.org/species/2926686	Sideritis lanata L.	ACCEPTED	2926686	Sideritis lanata L.	SPECIES	220	Magnoliopsida	Plantae	1907
152545778	2926688	https://www.gbif.org/species/2926688	Sideritis montana L.	ACCEPTED	2926688	Sideritis montana L.	SPECIES	220	Magnoliopsida	Plantae	1850
152545780	2926885	https://www.gbif.org/species/2926885	Satureja hortensis L.	ACCEPTED	2926885	Satureja hortensis L.	SPECIES	220	Magnoliopsida	Plantae	1863
152545781	2926884	https://www.gbif.org/species/2926884	Satureja montana L.	ACCEPTED	2926884	Satureja montana L.	SPECIES	220	Magnoliopsida	Plantae	1933
152545794	2925514	https://www.gbif.org/species/2925514	Verbena bonariensis L.	ACCEPTED	2925514	Verbena bonariensis L.	SPECIES	220	Magnoliopsida	Plantae	1893
152545795	2925492	https://www.gbif.org/species/2925492	Verbena supina L.	ACCEPTED	2925492	Verbena supina L.	SPECIES	220	Magnoliopsida	Plantae	1947
152545795	2925492	https://www.gbif.org/species/2925492	Verbena supina L.	ACCEPTED	2925492	Verbena supina L.	SPECIES	220	Magnoliopsida	Plantae	1947
152545796	2925527	https://www.gbif.org/species/2925527	Verbena hastata L.	ACCEPTED	2925527	Verbena hastata L.	SPECIES	220	Magnoliopsida	Plantae	1902
152545798	2925515	https://www.gbif.org/species/2925515	Verbena halei Small	ACCEPTED	2925515	Verbena halei Small	SPECIES	220	Magnoliopsida	Plantae	1921
152545798	2925515	https://www.gbif.org/species/2925515	Verbena halei Small	ACCEPTED	2925515	Verbena halei Small	SPECIES	220	Magnoliopsida	Plantae	1921
152545821	4007682	https://www.gbif.org/species/4007682	Lysimachia linum-stellatum L.	ACCEPTED	4007682	Lysimachia linum-stellatum L.	SPECIES	220	Magnoliopsida	Plantae	1858
152545821	4007682	https://www.gbif.org/species/4007682	Lysimachia linum-stellatum L.	ACCEPTED	4007682	Lysimachia linum-stellatum L.	SPECIES	220	Magnoliopsida	Plantae	1858
152545822	3169391	https://www.gbif.org/species/3169391	Lysimachia ciliata L.	ACCEPTED	3169391	Lysimachia ciliata L.	SPECIES	220	Magnoliopsida	Plantae	1811
152545823	3169340	https://www.gbif.org/species/3169340	Lysimachia punctata L.	ACCEPTED	3169340	Lysimachia punctata L.	SPECIES	220	Magnoliopsida	Plantae	1847
152545828	7223680	https://www.gbif.org/species/7223680	Gilia capitata subsp. capitata	ACCEPTED	7223680	Gilia capitata subsp. capitata	SUBSPECIES	220	Magnoliopsida	Plantae	1921
152545829	5659657	https://www.gbif.org/species/5659657	Gilia capitata subsp. mediomontana V.E.Grant	ACCEPTED	5659657	Gilia capitata subsp. mediomontana V.E.Grant	SUBSPECIES	220	Magnoliopsida	Plantae	1893
152545833	2927850	https://www.gbif.org/species/2927850	Polemonium caeruleum L.	ACCEPTED	2927850	Polemonium caeruleum L.	SPECIES	220	Magnoliopsida	Plantae	1864
152545837	2927783	https://www.gbif.org/species/2927783	Phlox maculata L.	ACCEPTED	2927783	Phlox maculata L.	SPECIES	220	Magnoliopsida	Plantae	1943
152545837	2927783	https://www.gbif.org/species/2927783	Phlox maculata L.	ACCEPTED	2927783	Phlox maculata L.	SPECIES	220	Magnoliopsida	Plantae	1943
152545839	2927684	https://www.gbif.org/species/2927684	Navarretia squarrosa (Eschsch.) Hook. & Arn.	ACCEPTED	2927684	Navarretia squarrosa (Eschsch.) Hook. & Arn.	SPECIES	220	Magnoliopsida	Plantae	1877
152545842	2891782	https://www.gbif.org/species/2891782	Impatiens parviflora DC.	ACCEPTED	2891782	Impatiens parviflora DC.	SPECIES	220	Magnoliopsida	Plantae	1839
152545845	2891770	https://www.gbif.org/species/2891770	Impatiens glandulifera Royle	ACCEPTED	2891770	Impatiens glandulifera Royle	SPECIES	220	Magnoliopsida	Plantae	1891
152545851	7327990	https://www.gbif.org/species/7327990	Rhododendron ponticum L.	ACCEPTED	7327990	Rhododendron ponticum L.	SPECIES	220	Magnoliopsida	Plantae	1920
152545853	5682465	https://www.gbif.org/species/5682465	Erica carnea L.	ACCEPTED	5682465	Erica carnea L.	SPECIES	220	Magnoliopsida	Plantae	1944
152545854	5333408	https://www.gbif.org/species/5333408	Erica vagans L.	ACCEPTED	5333408	Erica vagans L.	SPECIES	220	Magnoliopsida	Plantae	1900
152545858	2882753	https://www.gbif.org/species/2882753	Gaultheria procumbens L.	ACCEPTED	2882753	Gaultheria procumbens L.	SPECIES	220	Magnoliopsida	Plantae	1943
152545858	2882753	https://www.gbif.org/species/2882753	Gaultheria procumbens L.	ACCEPTED	2882753	Gaultheria procumbens L.	SPECIES	220	Magnoliopsida	Plantae	1943
152545865	2888298	https://www.gbif.org/species/2888298	Moneses uniflora (L.) A.Gray	ACCEPTED	2888298	Moneses uniflora (L.) A.Gray	SPECIES	220	Magnoliopsida	Plantae	1850
152545867	2883007	https://www.gbif.org/species/2883007	Kalmia angustifolia L.	ACCEPTED	2883007	Kalmia angustifolia L.	SPECIES	220	Magnoliopsida	Plantae	1903
152545867	2883007	https://www.gbif.org/species/2883007	Kalmia angustifolia L.	ACCEPTED	2883007	Kalmia angustifolia L.	SPECIES	220	Magnoliopsida	Plantae	1903
152545869	2888310	https://www.gbif.org/species/2888310	Orthilia secunda (L.) House	ACCEPTED	2888310	Orthilia secunda (L.) House	SPECIES	220	Magnoliopsida	Plantae	1901
152545891	4090836	https://www.gbif.org/species/4090836	Armeria maritima subsp. elongata (Hoffm.) Bonnier	ACCEPTED	4090836	Armeria maritima subsp. elongata (Hoffm.) Bonnier	SUBSPECIES	220	Magnoliopsida	Plantae	1851
152545896	7407436	https://www.gbif.org/species/7407436	Chenopodiastrum simplex (Torr.) S.Fuentes, Uotila & Borsch	ACCEPTED	7407436	Chenopodiastrum simplex (Torr.) S.Fuentes, Uotila & Borsch	SPECIES	220	Magnoliopsida	Plantae	1882
152545899	7846821	https://www.gbif.org/species/7846821	Oxybasis macrosperma (Hook.fil.) S.Fuentes, Uotila & Borsch	ACCEPTED	7846821	Oxybasis macrosperma (Hook.fil.) S.Fuentes, Uotila & Borsch	SPECIES	220	Magnoliopsida	Plantae	1895
152545901	7933495	https://www.gbif.org/species/7933495	Sclerolaena muricata (Moq.) Domin	ACCEPTED	7933495	Sclerolaena muricata (Moq.) Domin	SPECIES	220	Magnoliopsida	Plantae	1907
152545901	7933495	https://www.gbif.org/species/7933495	Sclerolaena muricata (Moq.) Domin	ACCEPTED	7933495	Sclerolaena muricata (Moq.) Domin	SPECIES	220	Magnoliopsida	Plantae	1907
152545903	8243150	https://www.gbif.org/species/8243150	Spirobassia hirsuta (L.) Freitag & G.Kadereit	ACCEPTED	8243150	Spirobassia hirsuta (L.) Freitag & G.Kadereit	SPECIES	220	Magnoliopsida	Plantae	1850
152545903	8243150	https://www.gbif.org/species/8243150	Spirobassia hirsuta (L.) Freitag & G.Kadereit	ACCEPTED	8243150	Spirobassia hirsuta (L.) Freitag & G.Kadereit	SPECIES	220	Magnoliopsida	Plantae	1850
152545905	6447806	https://www.gbif.org/species/6447806	Axyris amaranthoides L.	ACCEPTED	6447806	Axyris amaranthoides L.	SPECIES	220	Magnoliopsida	Plantae	1918
152545907	7323632	https://www.gbif.org/species/7323632	Ptilotus spicatus F.Muell. ex Benth.	ACCEPTED	7323632	Ptilotus spicatus F.Muell. ex Benth.	SPECIES	220	Magnoliopsida	Plantae	1947
152545907	7323632	https://www.gbif.org/species/7323632	Ptilotus spicatus F.Muell. ex Benth.	ACCEPTED	7323632	Ptilotus spicatus F.Muell. ex Benth.	SPECIES	220	Magnoliopsida	Plantae	1947
152545909	7707087	https://www.gbif.org/species/7707087	Dysphania glomulifera (Nees) Paul G.Wilson	ACCEPTED	7707087	Dysphania glomulifera (Nees) Paul G.Wilson	SPECIES	220	Magnoliopsida	Plantae	1904
152545909	7707087	https://www.gbif.org/species/7707087	Dysphania glomulifera (Nees) Paul G.Wilson	ACCEPTED	7707087	Dysphania glomulifera (Nees) Paul G.Wilson	SPECIES	220	Magnoliopsida	Plantae	1904
152545910	7877091	https://www.gbif.org/species/7877091	Dysphania pseudomultiflora (Murr) Verloove & Lambinon	ACCEPTED	7877091	Dysphania pseudomultiflora (Murr) Verloove & Lambinon	SPECIES	220	Magnoliopsida	Plantae	1947
152545910	7877091	https://www.gbif.org/species/7877091	Dysphania pseudomultiflora (Murr) Verloove & Lambinon	ACCEPTED	7877091	Dysphania pseudomultiflora (Murr) Verloove & Lambinon	SPECIES	220	Magnoliopsida	Plantae	1947
152545911	5568446	https://www.gbif.org/species/5568446	Dysphania ambrosioides (L.) Mosyakin & Clemants	ACCEPTED	5568446	Dysphania ambrosioides (L.) Mosyakin & Clemants	SPECIES	220	Magnoliopsida	Plantae	1850
152545912	5568322	https://www.gbif.org/species/5568322	Dysphania schraderiana (Schult.) Mosyakin & Clemants	ACCEPTED	5568322	Dysphania schraderiana (Schult.) Mosyakin & Clemants	SPECIES	220	Magnoliopsida	Plantae	1886
152545913	5568339	https://www.gbif.org/species/5568339	Dysphania pumilio (R.Br.) Mosyakin & Clemants	ACCEPTED	5568339	Dysphania pumilio (R.Br.) Mosyakin & Clemants	SPECIES	220	Magnoliopsida	Plantae	1887
152545914	5568361	https://www.gbif.org/species/5568361	Dysphania multifida (L.) Mosyakin & Clemants	ACCEPTED	5568361	Dysphania multifida (L.) Mosyakin & Clemants	SPECIES	220	Magnoliopsida	Plantae	1882
152545915	5568415	https://www.gbif.org/species/5568415	Dysphania cristata (F.Muell.) Mosyakin & Clemants	ACCEPTED	5568415	Dysphania cristata (F.Muell.) Mosyakin & Clemants	SPECIES	220	Magnoliopsida	Plantae	1899
152545915	5568415	https://www.gbif.org/species/5568415	Dysphania cristata (F.Muell.) Mosyakin & Clemants	ACCEPTED	5568415	Dysphania cristata (F.Muell.) Mosyakin & Clemants	SPECIES	220	Magnoliopsida	Plantae	1899
152545916	5568424	https://www.gbif.org/species/5568424	Dysphania carinata (R.Br.) Mosyakin & Clemants	ACCEPTED	5568424	Dysphania carinata (R.Br.) Mosyakin & Clemants	SPECIES	220	Magnoliopsida	Plantae	1940
152545917	5568428	https://www.gbif.org/species/5568428	Dysphania botrys (L.) Mosyakin & Clemants	ACCEPTED	5568428	Dysphania botrys (L.) Mosyakin & Clemants	SPECIES	220	Magnoliopsida	Plantae	1829
152545920	5568188	https://www.gbif.org/species/5568188	Bassia laniflora (S.G.Gmel.) A.J.Scott	ACCEPTED	5568188	Bassia laniflora (S.G.Gmel.) A.J.Scott	SPECIES	220	Magnoliopsida	Plantae	1861
152545920	5568188	https://www.gbif.org/species/5568188	Bassia laniflora (S.G.Gmel.) A.J.Scott	ACCEPTED	5568188	Bassia laniflora (S.G.Gmel.) A.J.Scott	SPECIES	220	Magnoliopsida	Plantae	1861
152545921	5383909	https://www.gbif.org/species/5383909	Bassia hyssopifolia (Pall.) Kuntze	ACCEPTED	5383909	Bassia hyssopifolia (Pall.) Kuntze	SPECIES	220	Magnoliopsida	Plantae	1861
152545923	7068845	https://www.gbif.org/species/7068845	Beta vulgaris subsp. vulgaris	ACCEPTED	7068845	Beta vulgaris subsp. vulgaris	SUBSPECIES	220	Magnoliopsida	Plantae	1891
152545924	5567951	https://www.gbif.org/species/5567951	Beta macrocarpa Guss.	ACCEPTED	5567951	Beta macrocarpa Guss.	SPECIES	220	Magnoliopsida	Plantae	1910
152545925	5383926	https://www.gbif.org/species/5383926	Beta trigyna Waldst. & Kit.	ACCEPTED	5383926	Beta trigyna Waldst. & Kit.	SPECIES	220	Magnoliopsida	Plantae	1859
152545927	5568899	https://www.gbif.org/species/5568899	Blitum nuttallianum Roem. & Schult.	ACCEPTED	5568899	Blitum nuttallianum Roem. & Schult.	SPECIES	220	Magnoliopsida	Plantae	1900
152545927	5568899	https://www.gbif.org/species/5568899	Blitum nuttallianum Roem. & Schult.	ACCEPTED	5568899	Blitum nuttallianum Roem. & Schult.	SPECIES	220	Magnoliopsida	Plantae	1900
152545928	5383969	https://www.gbif.org/species/5383969	Blitum virgatum L.	ACCEPTED	5383969	Blitum virgatum L.	SPECIES	220	Magnoliopsida	Plantae	1858
152545929	5383971	https://www.gbif.org/species/5383971	Blitum capitatum L.	ACCEPTED	5383971	Blitum capitatum L.	SPECIES	220	Magnoliopsida	Plantae	1850
152545931	9080185	https://www.gbif.org/species/9080185	Amaranthus hypochondriacus L.	ACCEPTED	9080185	Amaranthus hypochondriacus L.	SPECIES	220	Magnoliopsida	Plantae	1857
152545932	8911082	https://www.gbif.org/species/8911082	Amaranthus blitum L.	ACCEPTED	8911082	Amaranthus blitum L.	SPECIES	220	Magnoliopsida	Plantae	1835
152545934	7905507	https://www.gbif.org/species/7905507	Amaranthus albus L.	ACCEPTED	7905507	Amaranthus albus L.	SPECIES	220	Magnoliopsida	Plantae	1857
152545935	6109534	https://www.gbif.org/species/6109534	Amaranthus retroflexus L.	ACCEPTED	6109534	Amaranthus retroflexus L.	SPECIES	220	Magnoliopsida	Plantae	1857
152545936	6109611	https://www.gbif.org/species/6109611	Amaranthus caudatus L.	ACCEPTED	6109611	Amaranthus caudatus L.	SPECIES	220	Magnoliopsida	Plantae	1874
152545937	7323834	https://www.gbif.org/species/7323834	Amaranthus macrocarpus var. macrocarpus	ACCEPTED	7323834	Amaranthus macrocarpus var. macrocarpus	VARIETY	220	Magnoliopsida	Plantae	1911
152545937	7323834	https://www.gbif.org/species/7323834	Amaranthus macrocarpus var. macrocarpus	ACCEPTED	7323834	Amaranthus macrocarpus var. macrocarpus	VARIETY	220	Magnoliopsida	Plantae	1911
152545938	7323810	https://www.gbif.org/species/7323810	Amaranthus mitchellii Benth.	ACCEPTED	7323810	Amaranthus mitchellii Benth.	SPECIES	220	Magnoliopsida	Plantae	1892
152545938	7323810	https://www.gbif.org/species/7323810	Amaranthus mitchellii Benth.	ACCEPTED	7323810	Amaranthus mitchellii Benth.	SPECIES	220	Magnoliopsida	Plantae	1892
152545939	7323711	https://www.gbif.org/species/7323711	Amaranthus quitensis Kunth	ACCEPTED	7323711	Amaranthus quitensis Kunth	SPECIES	220	Magnoliopsida	Plantae	1898
152545940	7323341	https://www.gbif.org/species/7323341	Amaranthus capensis subsp. capensis	ACCEPTED	7323341	Amaranthus capensis subsp. capensis	SUBSPECIES	220	Magnoliopsida	Plantae	1890
152545940	7323341	https://www.gbif.org/species/7323341	Amaranthus capensis subsp. capensis	ACCEPTED	7323341	Amaranthus capensis subsp. capensis	SUBSPECIES	220	Magnoliopsida	Plantae	1890
152545941	5384396	https://www.gbif.org/species/5384396	Amaranthus deflexus L.	ACCEPTED	5384396	Amaranthus deflexus L.	SPECIES	220	Magnoliopsida	Plantae	1850
152545942	5384395	https://www.gbif.org/species/5384395	Amaranthus blitoides S.Watson	ACCEPTED	5384395	Amaranthus blitoides S.Watson	SPECIES	220	Magnoliopsida	Plantae	1886
152545943	5384401	https://www.gbif.org/species/5384401	Amaranthus spinosus L.	ACCEPTED	5384401	Amaranthus spinosus L.	SPECIES	220	Magnoliopsida	Plantae	1887
152545944	5548401	https://www.gbif.org/species/5548401	Amaranthus standleyanus Parodi ex Covas	ACCEPTED	5548401	Amaranthus standleyanus Parodi ex Covas	SPECIES	220	Magnoliopsida	Plantae	1903
152545945	5548011	https://www.gbif.org/species/5548011	Amaranthus capensis subsp. uncinatus (Thell.) Brenan	ACCEPTED	5548011	Amaranthus capensis subsp. uncinatus (Thell.) Brenan	SUBSPECIES	220	Magnoliopsida	Plantae	1890
152545945	5548011	https://www.gbif.org/species/5548011	Amaranthus capensis subsp. uncinatus (Thell.) Brenan	ACCEPTED	5548011	Amaranthus capensis subsp. uncinatus (Thell.) Brenan	SUBSPECIES	220	Magnoliopsida	Plantae	1890
152545946	5547989	https://www.gbif.org/species/5547989	Amaranthus clementii Domin	ACCEPTED	5547989	Amaranthus clementii Domin	SPECIES	220	Magnoliopsida	Plantae	1939
152545946	5547989	https://www.gbif.org/species/5547989	Amaranthus clementii Domin	ACCEPTED	5547989	Amaranthus clementii Domin	SPECIES	220	Magnoliopsida	Plantae	1939
152545950	5384364	https://www.gbif.org/species/5384364	Amaranthus hybridus L.	ACCEPTED	5384364	Amaranthus hybridus L.	SPECIES	220	Magnoliopsida	Plantae	1870
152545951	5384383	https://www.gbif.org/species/5384383	Amaranthus thunbergii Moq.	ACCEPTED	5384383	Amaranthus thunbergii Moq.	SPECIES	220	Magnoliopsida	Plantae	1857
152545952	5384373	https://www.gbif.org/species/5384373	Amaranthus graecizans L.	ACCEPTED	5384373	Amaranthus graecizans L.	SPECIES	220	Magnoliopsida	Plantae	1874
152545955	5384334	https://www.gbif.org/species/5384334	Amaranthus viridis L.	ACCEPTED	5384334	Amaranthus viridis L.	SPECIES	220	Magnoliopsida	Plantae	1905
152545956	5384332	https://www.gbif.org/species/5384332	Amaranthus muricatus (Gillies ex Moq.) Hieron.	ACCEPTED	5384332	Amaranthus muricatus (Gillies ex Moq.) Hieron.	SPECIES	220	Magnoliopsida	Plantae	1947
152545958	5384341	https://www.gbif.org/species/5384341	Amaranthus crispus (Lesp. & Thévenau) N.Terracc.	ACCEPTED	5384341	Amaranthus crispus (Lesp. & Thévenau) N.Terracc.	SPECIES	220	Magnoliopsida	Plantae	1884
152545958	5384341	https://www.gbif.org/species/5384341	Amaranthus crispus (Lesp. & Thévenau) N.Terracc.	ACCEPTED	5384341	Amaranthus crispus (Lesp. & Thévenau) N.Terracc.	SPECIES	220	Magnoliopsida	Plantae	1884
152545960	3083603	https://www.gbif.org/species/3083603	Polycnemum arvense L.	ACCEPTED	3083603	Polycnemum arvense L.	SPECIES	220	Magnoliopsida	Plantae	1835
152545962	6447496	https://www.gbif.org/species/6447496	Atriplex leptocarpa F.Muell.	ACCEPTED	6447496	Atriplex leptocarpa F.Muell.	SPECIES	220	Magnoliopsida	Plantae	1911
152545962	6447496	https://www.gbif.org/species/6447496	Atriplex leptocarpa F.Muell.	ACCEPTED	6447496	Atriplex leptocarpa F.Muell.	SPECIES	220	Magnoliopsida	Plantae	1911
152545963	3760099	https://www.gbif.org/species/3760099	Atriplex sagittata Borkh.	ACCEPTED	3760099	Atriplex sagittata Borkh.	SPECIES	220	Magnoliopsida	Plantae	1853
152545964	3083657	https://www.gbif.org/species/3083657	Atriplex oblongifolia Waldst. & Kit.	ACCEPTED	3083657	Atriplex oblongifolia Waldst. & Kit.	SPECIES	220	Magnoliopsida	Plantae	1850
152545964	3083657	https://www.gbif.org/species/3083657	Atriplex oblongifolia Waldst. & Kit.	ACCEPTED	3083657	Atriplex oblongifolia Waldst. & Kit.	SPECIES	220	Magnoliopsida	Plantae	1850
152545965	3083702	https://www.gbif.org/species/3083702	Atriplex tatarica L.	ACCEPTED	3083702	Atriplex tatarica L.	SPECIES	220	Magnoliopsida	Plantae	1835
152545966	3083718	https://www.gbif.org/species/3083718	Atriplex halimus L.	ACCEPTED	3083718	Atriplex halimus L.	SPECIES	220	Magnoliopsida	Plantae	1922
152545966	3083718	https://www.gbif.org/species/3083718	Atriplex halimus L.	ACCEPTED	3083718	Atriplex halimus L.	SPECIES	220	Magnoliopsida	Plantae	1922
152545967	3083667	https://www.gbif.org/species/3083667	Atriplex semibaccata R.Br.	ACCEPTED	3083667	Atriplex semibaccata R.Br.	SPECIES	220	Magnoliopsida	Plantae	1947
152545967	3083667	https://www.gbif.org/species/3083667	Atriplex semibaccata R.Br.	ACCEPTED	3083667	Atriplex semibaccata R.Br.	SPECIES	220	Magnoliopsida	Plantae	1947
152545969	3083761	https://www.gbif.org/species/3083761	Atriplex hortensis L.	ACCEPTED	3083761	Atriplex hortensis L.	SPECIES	220	Magnoliopsida	Plantae	1859
152545971	3083745	https://www.gbif.org/species/3083745	Atriplex rosea L.	ACCEPTED	3083745	Atriplex rosea L.	SPECIES	220	Magnoliopsida	Plantae	1830
152545972	3083746	https://www.gbif.org/species/3083746	Atriplex holocarpa F.Muell.	ACCEPTED	3083746	Atriplex holocarpa F.Muell.	SPECIES	220	Magnoliopsida	Plantae	1906
152545972	3083746	https://www.gbif.org/species/3083746	Atriplex holocarpa F.Muell.	ACCEPTED	3083746	Atriplex holocarpa F.Muell.	SPECIES	220	Magnoliopsida	Plantae	1906
152545973	3083771	https://www.gbif.org/species/3083771	Atriplex suberecta I.Verd.	ACCEPTED	3083771	Atriplex suberecta I.Verd.	SPECIES	220	Magnoliopsida	Plantae	1903
152545973	3083771	https://www.gbif.org/species/3083771	Atriplex suberecta I.Verd.	ACCEPTED	3083771	Atriplex suberecta I.Verd.	SPECIES	220	Magnoliopsida	Plantae	1903
152545974	3083773	https://www.gbif.org/species/3083773	Atriplex muelleri Benth.	ACCEPTED	3083773	Atriplex muelleri Benth.	SPECIES	220	Magnoliopsida	Plantae	1947
152545974	3083773	https://www.gbif.org/species/3083773	Atriplex muelleri Benth.	ACCEPTED	3083773	Atriplex muelleri Benth.	SPECIES	220	Magnoliopsida	Plantae	1947
152545976	3083647	https://www.gbif.org/species/3083647	Spinacia oleracea L.	ACCEPTED	3083647	Spinacia oleracea L.	SPECIES	220	Magnoliopsida	Plantae	1872
152545979	7644304	https://www.gbif.org/species/7644304	Chenopodium borbasioides A.Ludw.	ACCEPTED	7644304	Chenopodium borbasioides A.Ludw.	SPECIES	220	Magnoliopsida	Plantae	1947
152545979	7644304	https://www.gbif.org/species/7644304	Chenopodium borbasioides A.Ludw.	ACCEPTED	7644304	Chenopodium borbasioides A.Ludw.	SPECIES	220	Magnoliopsida	Plantae	1947
152545980	6035549	https://www.gbif.org/species/6035549	Chenopodium striatiforme Murr	ACCEPTED	6035549	Chenopodium striatiforme Murr	SPECIES	220	Magnoliopsida	Plantae	1862
152545981	3757189	https://www.gbif.org/species/3757189	Chenopodium auricomiforme Murr & Thell.	ACCEPTED	3757189	Chenopodium auricomiforme Murr & Thell.	SPECIES	220	Magnoliopsida	Plantae	1911
152545981	3757189	https://www.gbif.org/species/3757189	Chenopodium auricomiforme Murr & Thell.	ACCEPTED	3757189	Chenopodium auricomiforme Murr & Thell.	SPECIES	220	Magnoliopsida	Plantae	1911
152545983	3756077	https://www.gbif.org/species/3756077	Chenopodium giganteum D.Don	ACCEPTED	3756077	Chenopodium giganteum D.Don	SPECIES	220	Magnoliopsida	Plantae	1947
152545984	3083903	https://www.gbif.org/species/3083903	Chenopodium opulifolium Schrad. ex W.D.J.Koch & Ziz	ACCEPTED	3083903	Chenopodium opulifolium Schrad. ex W.D.J.Koch & Ziz	SPECIES	220	Magnoliopsida	Plantae	1857
152545985	3083921	https://www.gbif.org/species/3083921	Chenopodium pratericola Rydb.	ACCEPTED	3083921	Chenopodium pratericola Rydb.	SPECIES	220	Magnoliopsida	Plantae	1893
152545986	3083934	https://www.gbif.org/species/3083934	Chenopodium hircinum Schrad.	ACCEPTED	3083934	Chenopodium hircinum Schrad.	SPECIES	220	Magnoliopsida	Plantae	1874
152545988	3083920	https://www.gbif.org/species/3083920	Chenopodium berlandieri Moq.	ACCEPTED	3083920	Chenopodium berlandieri Moq.	SPECIES	220	Magnoliopsida	Plantae	1918
152545991	3083975	https://www.gbif.org/species/3083975	Corispermum pallasii Steven	ACCEPTED	3083975	Corispermum pallasii Steven	SPECIES	220	Magnoliopsida	Plantae	1917
152545993	7606014	https://www.gbif.org/species/7606014	Alternanthera angustifolia R.Br.	ACCEPTED	7606014	Alternanthera angustifolia R.Br.	SPECIES	220	Magnoliopsida	Plantae	1895
152545993	7606014	https://www.gbif.org/species/7606014	Alternanthera angustifolia R.Br.	ACCEPTED	7606014	Alternanthera angustifolia R.Br.	SPECIES	220	Magnoliopsida	Plantae	1895
152545994	3084922	https://www.gbif.org/species/3084922	Alternanthera paronychioides A.St.-Hil.	ACCEPTED	3084922	Alternanthera paronychioides A.St.-Hil.	SPECIES	220	Magnoliopsida	Plantae	1911
152545994	3084922	https://www.gbif.org/species/3084922	Alternanthera paronychioides A.St.-Hil.	ACCEPTED	3084922	Alternanthera paronychioides A.St.-Hil.	SPECIES	220	Magnoliopsida	Plantae	1911
152545995	3084939	https://www.gbif.org/species/3084939	Alternanthera sessilis (L.) R.Br. ex DC.	ACCEPTED	3084939	Alternanthera sessilis (L.) R.Br. ex DC.	SPECIES	220	Magnoliopsida	Plantae	1911
152545995	3084939	https://www.gbif.org/species/3084939	Alternanthera sessilis (L.) R.Br. ex DC.	ACCEPTED	3084939	Alternanthera sessilis (L.) R.Br. ex DC.	SPECIES	220	Magnoliopsida	Plantae	1911
152545996	3084949	https://www.gbif.org/species/3084949	Alternanthera pungens Kunth	ACCEPTED	3084949	Alternanthera pungens Kunth	SPECIES	220	Magnoliopsida	Plantae	1949
152545996	3084949	https://www.gbif.org/species/3084949	Alternanthera pungens Kunth	ACCEPTED	3084949	Alternanthera pungens Kunth	SPECIES	220	Magnoliopsida	Plantae	1949
152545997	3084958	https://www.gbif.org/species/3084958	Alternanthera caracasana Kunth	ACCEPTED	3084958	Alternanthera caracasana Kunth	SPECIES	220	Magnoliopsida	Plantae	1947
152545997	3084958	https://www.gbif.org/species/3084958	Alternanthera caracasana Kunth	ACCEPTED	3084958	Alternanthera caracasana Kunth	SPECIES	220	Magnoliopsida	Plantae	1947
152546000	3084611	https://www.gbif.org/species/3084611	Mollugo verticillata L.	ACCEPTED	3084611	Mollugo verticillata L.	SPECIES	220	Magnoliopsida	Plantae	1887
152546002	3084616	https://www.gbif.org/species/3084616	Glinus lotoides L.	ACCEPTED	3084616	Glinus lotoides L.	SPECIES	220	Magnoliopsida	Plantae	1911
152546002	3084616	https://www.gbif.org/species/3084616	Glinus lotoides L.	ACCEPTED	3084616	Glinus lotoides L.	SPECIES	220	Magnoliopsida	Plantae	1911
152546009	4023424	https://www.gbif.org/species/4023424	Portulaca trituberculata Danin, Domina & Raimondo	ACCEPTED	4023424	Portulaca trituberculata Danin, Domina & Raimondo	SPECIES	220	Magnoliopsida	Plantae	1865
152546011	4023278	https://www.gbif.org/species/4023278	Portulaca granulatostellulata (Poelln.) Ricceri & Arrigoni	ACCEPTED	4023278	Portulaca granulatostellulata (Poelln.) Ricceri & Arrigoni	SPECIES	220	Magnoliopsida	Plantae	1865
152546012	4021919	https://www.gbif.org/species/4021919	Portulaca sativa Haw.	ACCEPTED	4021919	Portulaca sativa Haw.	SPECIES	220	Magnoliopsida	Plantae	1887
152546013	4021920	https://www.gbif.org/species/4021920	Portulaca cypria Danin	ACCEPTED	4021920	Portulaca cypria Danin	SPECIES	220	Magnoliopsida	Plantae	1902
152546014	3084719	https://www.gbif.org/species/3084719	Portulaca oleracea L.	ACCEPTED	3084719	Portulaca oleracea L.	SPECIES	220	Magnoliopsida	Plantae	1866
152546015	3084700	https://www.gbif.org/species/3084700	Portulaca grandiflora Hook.	ACCEPTED	3084700	Portulaca grandiflora Hook.	SPECIES	220	Magnoliopsida	Plantae	1929
152546020	5384307	https://www.gbif.org/species/5384307	Tetragonia tetragonioides (Pallas) Kuntze	ACCEPTED	5384307	Tetragonia tetragonioides (Pallas) Kuntze	SPECIES	220	Magnoliopsida	Plantae	1888
152546022	8185812	https://www.gbif.org/species/8185812	Mesembryanthemum cordifolium L.fil.	ACCEPTED	8185812	Mesembryanthemum cordifolium L.fil.	SPECIES	220	Magnoliopsida	Plantae	1892
152546022	8185812	https://www.gbif.org/species/8185812	Mesembryanthemum cordifolium L.fil.	ACCEPTED	8185812	Mesembryanthemum cordifolium L.fil.	SPECIES	220	Magnoliopsida	Plantae	1892
152546023	3084837	https://www.gbif.org/species/3084837	Mesembryanthemum nodiflorum L.	ACCEPTED	3084837	Mesembryanthemum nodiflorum L.	SPECIES	220	Magnoliopsida	Plantae	1895
152546023	3084837	https://www.gbif.org/species/3084837	Mesembryanthemum nodiflorum L.	ACCEPTED	3084837	Mesembryanthemum nodiflorum L.	SPECIES	220	Magnoliopsida	Plantae	1895
152546028	3084883	https://www.gbif.org/species/3084883	Sesuvium portulacastrum (L.) L.	ACCEPTED	3084883	Sesuvium portulacastrum (L.) L.	SPECIES	220	Magnoliopsida	Plantae	1907
152546028	3084883	https://www.gbif.org/species/3084883	Sesuvium portulacastrum (L.) L.	ACCEPTED	3084883	Sesuvium portulacastrum (L.) L.	SPECIES	220	Magnoliopsida	Plantae	1907
152546033	3084742	https://www.gbif.org/species/3084742	Claytonia sibirica L.	ACCEPTED	3084742	Claytonia sibirica L.	SPECIES	220	Magnoliopsida	Plantae	1939
152546033	3084742	https://www.gbif.org/species/3084742	Claytonia sibirica L.	ACCEPTED	3084742	Claytonia sibirica L.	SPECIES	220	Magnoliopsida	Plantae	1939
152546037	5384459	https://www.gbif.org/species/5384459	Gypsophila pilosa Huds.	ACCEPTED	5384459	Gypsophila pilosa Huds.	SPECIES	220	Magnoliopsida	Plantae	1907
152546038	5384458	https://www.gbif.org/species/5384458	Gypsophila paniculata L.	ACCEPTED	5384458	Gypsophila paniculata L.	SPECIES	220	Magnoliopsida	Plantae	1882
152546038	5384458	https://www.gbif.org/species/5384458	Gypsophila paniculata L.	ACCEPTED	5384458	Gypsophila paniculata L.	SPECIES	220	Magnoliopsida	Plantae	1882
152546039	5384466	https://www.gbif.org/species/5384466	Gypsophila elegans M.Bieb.	ACCEPTED	5384466	Gypsophila elegans M.Bieb.	SPECIES	220	Magnoliopsida	Plantae	1883
152546040	5384465	https://www.gbif.org/species/5384465	Gypsophila scorzonerifolia Ser.	ACCEPTED	5384465	Gypsophila scorzonerifolia Ser.	SPECIES	220	Magnoliopsida	Plantae	1866
152546040	5384465	https://www.gbif.org/species/5384465	Gypsophila scorzonerifolia Ser.	ACCEPTED	5384465	Gypsophila scorzonerifolia Ser.	SPECIES	220	Magnoliopsida	Plantae	1866
152546041	5585762	https://www.gbif.org/species/5585762	Gypsophila viscosa Murray	ACCEPTED	5585762	Gypsophila viscosa Murray	SPECIES	220	Magnoliopsida	Plantae	1878
152546045	7746901	https://www.gbif.org/species/7746901	Silene otites (L.) Wibel	ACCEPTED	7746901	Silene otites (L.) Wibel	SPECIES	220	Magnoliopsida	Plantae	1858
152546046	8184157	https://www.gbif.org/species/8184157	Silene stricta L.	ACCEPTED	8184157	Silene stricta L.	SPECIES	220	Magnoliopsida	Plantae	1908
152546048	8279669	https://www.gbif.org/species/8279669	Silene viscosa (L.) Pers.	ACCEPTED	8279669	Silene viscosa (L.) Pers.	SPECIES	220	Magnoliopsida	Plantae	1947
152546048	8279669	https://www.gbif.org/species/8279669	Silene viscosa (L.) Pers.	ACCEPTED	8279669	Silene viscosa (L.) Pers.	SPECIES	220	Magnoliopsida	Plantae	1947
152546051	5384848	https://www.gbif.org/species/5384848	Silene gallica L.	ACCEPTED	5384848	Silene gallica L.	SPECIES	220	Magnoliopsida	Plantae	1824
152546053	5384852	https://www.gbif.org/species/5384852	Silene conoidea L.	ACCEPTED	5384852	Silene conoidea L.	SPECIES	220	Magnoliopsida	Plantae	1876
152546054	5384741	https://www.gbif.org/species/5384741	Silene coronaria (L.) Clairv.	ACCEPTED	5384741	Silene coronaria (L.) Clairv.	SPECIES	220	Magnoliopsida	Plantae	1850
152546055	5384818	https://www.gbif.org/species/5384818	Silene dichotoma Ehrh.	ACCEPTED	5384818	Silene dichotoma Ehrh.	SPECIES	220	Magnoliopsida	Plantae	1860
152546056	5384773	https://www.gbif.org/species/5384773	Silene pendula L.	ACCEPTED	5384773	Silene pendula L.	SPECIES	220	Magnoliopsida	Plantae	1866
152546057	5585975	https://www.gbif.org/species/5585975	Silene muscipula L.	ACCEPTED	5585975	Silene muscipula L.	SPECIES	220	Magnoliopsida	Plantae	1918
152546061	7314281	https://www.gbif.org/species/7314281	Paronychia brasiliana DC.	ACCEPTED	7314281	Paronychia brasiliana DC.	SPECIES	220	Magnoliopsida	Plantae	1887
152546061	7314281	https://www.gbif.org/species/7314281	Paronychia brasiliana DC.	ACCEPTED	7314281	Paronychia brasiliana DC.	SPECIES	220	Magnoliopsida	Plantae	1887
152546064	3593900	https://www.gbif.org/species/3593900	Herniaria cinerea DC.	ACCEPTED	3593900	Herniaria cinerea DC.	SPECIES	220	Magnoliopsida	Plantae	1895
152546064	3593900	https://www.gbif.org/species/3593900	Herniaria cinerea DC.	ACCEPTED	3593900	Herniaria cinerea DC.	SPECIES	220	Magnoliopsida	Plantae	1895
152546067	3085360	https://www.gbif.org/species/3085360	Saponaria officinalis L.	ACCEPTED	3085360	Saponaria officinalis L.	SPECIES	220	Magnoliopsida	Plantae	1800
152546074	6363496	https://www.gbif.org/species/6363496	Dianthus superbus L.	ACCEPTED	6363496	Dianthus superbus L.	SPECIES	220	Magnoliopsida	Plantae	1850
152546074	6363496	https://www.gbif.org/species/6363496	Dianthus superbus L.	ACCEPTED	6363496	Dianthus superbus L.	SPECIES	220	Magnoliopsida	Plantae	1850
152546077	3085412	https://www.gbif.org/species/3085412	Dianthus plumarius L.	ACCEPTED	3085412	Dianthus plumarius L.	SPECIES	220	Magnoliopsida	Plantae	1850
152546077	3085412	https://www.gbif.org/species/3085412	Dianthus plumarius L.	ACCEPTED	3085412	Dianthus plumarius L.	SPECIES	220	Magnoliopsida	Plantae	1850
152546078	3085421	https://www.gbif.org/species/3085421	Dianthus barbatus L.	ACCEPTED	3085421	Dianthus barbatus L.	SPECIES	220	Magnoliopsida	Plantae	1867
152546082	3085381	https://www.gbif.org/species/3085381	Polycarpon tetraphyllum (L.) L.	ACCEPTED	3085381	Polycarpon tetraphyllum (L.) L.	SPECIES	220	Magnoliopsida	Plantae	1844
152546084	3085623	https://www.gbif.org/species/3085623	Petrorhagia saxifraga (L.) Link	ACCEPTED	3085623	Petrorhagia saxifraga (L.) Link	SPECIES	220	Magnoliopsida	Plantae	1948
152546088	3085438	https://www.gbif.org/species/3085438	Cerastium tomentosum L.	ACCEPTED	3085438	Cerastium tomentosum L.	SPECIES	220	Magnoliopsida	Plantae	1945
152546093	3086240	https://www.gbif.org/species/3086240	Mirabilis jalapa L.	ACCEPTED	3086240	Mirabilis jalapa L.	SPECIES	220	Magnoliopsida	Plantae	1858
152546096	8380575	https://www.gbif.org/species/8380575	Tamarix gallica L.	ACCEPTED	8380575	Tamarix gallica L.	SPECIES	220	Magnoliopsida	Plantae	1940
152546096	8380575	https://www.gbif.org/species/8380575	Tamarix gallica L.	ACCEPTED	8380575	Tamarix gallica L.	SPECIES	220	Magnoliopsida	Plantae	1940
152546098	2874701	https://www.gbif.org/species/2874701	Tamarix canariensis Willd.	ACCEPTED	2874701	Tamarix canariensis Willd.	SPECIES	220	Magnoliopsida	Plantae	1946
152546098	2874701	https://www.gbif.org/species/2874701	Tamarix canariensis Willd.	ACCEPTED	2874701	Tamarix canariensis Willd.	SPECIES	220	Magnoliopsida	Plantae	1946
152546101	2874692	https://www.gbif.org/species/2874692	Frankenia pulverulenta L.	ACCEPTED	2874692	Frankenia pulverulenta L.	SPECIES	220	Magnoliopsida	Plantae	1835
152546111	5334386	https://www.gbif.org/species/5334386	Polygonum achoreum S.F.Blake	ACCEPTED	5334386	Polygonum achoreum S.F.Blake	SPECIES	220	Magnoliopsida	Plantae	1918
152546111	5334386	https://www.gbif.org/species/5334386	Polygonum achoreum S.F.Blake	ACCEPTED	5334386	Polygonum achoreum S.F.Blake	SPECIES	220	Magnoliopsida	Plantae	1918
152546112	5334439	https://www.gbif.org/species/5334439	Polygonum patulum M.Bieb.	ACCEPTED	5334439	Polygonum patulum M.Bieb.	SPECIES	220	Magnoliopsida	Plantae	1915
152546112	5334439	https://www.gbif.org/species/5334439	Polygonum patulum M.Bieb.	ACCEPTED	5334439	Polygonum patulum M.Bieb.	SPECIES	220	Magnoliopsida	Plantae	1915
152546113	5334430	https://www.gbif.org/species/5334430	Polygonum bellardii All.	ACCEPTED	5334430	Polygonum bellardii All.	SPECIES	220	Magnoliopsida	Plantae	1882
152546116	5334351	https://www.gbif.org/species/5334351	Fallopia baldschuanica (Regel) Holub	ACCEPTED	5334351	Fallopia baldschuanica (Regel) Holub	SPECIES	220	Magnoliopsida	Plantae	1942
152546121	2889378	https://www.gbif.org/species/2889378	Fagopyrum tataricum (L.) Gaertn.	ACCEPTED	2889378	Fagopyrum tataricum (L.) Gaertn.	SPECIES	220	Magnoliopsida	Plantae	1856
152546122	2889373	https://www.gbif.org/species/2889373	Fagopyrum esculentum Moench	ACCEPTED	2889373	Fagopyrum esculentum Moench	SPECIES	220	Magnoliopsida	Plantae	1855
152546125	2889229	https://www.gbif.org/species/2889229	Persicaria orientalis (L.) Spach	ACCEPTED	2889229	Persicaria orientalis (L.) Spach	SPECIES	220	Magnoliopsida	Plantae	1873
152546129	2889173	https://www.gbif.org/species/2889173	Reynoutria japonica Houtt.	ACCEPTED	2889173	Reynoutria japonica Houtt.	SPECIES	220	Magnoliopsida	Plantae	1882
152546130	2889088	https://www.gbif.org/species/2889088	Reynoutria sachalinensis (F.Schmidt) Nakai	ACCEPTED	2889088	Reynoutria sachalinensis (F.Schmidt) Nakai	SPECIES	220	Magnoliopsida	Plantae	1924
152546143	4036957	https://www.gbif.org/species/4036957	Rumex pulcher subsp. pulcher	ACCEPTED	4036957	Rumex pulcher subsp. pulcher	SUBSPECIES	220	Magnoliopsida	Plantae	1903
152546145	2889038	https://www.gbif.org/species/2889038	Rumex dentatus L.	ACCEPTED	2889038	Rumex dentatus L.	SPECIES	220	Magnoliopsida	Plantae	1891
152546145	2889038	https://www.gbif.org/species/2889038	Rumex dentatus L.	ACCEPTED	2889038	Rumex dentatus L.	SPECIES	220	Magnoliopsida	Plantae	1891
152546147	2889030	https://www.gbif.org/species/2889030	Rumex altissimus Wood	ACCEPTED	2889030	Rumex altissimus Wood	SPECIES	220	Magnoliopsida	Plantae	1903
152546147	2889030	https://www.gbif.org/species/2889030	Rumex altissimus Wood	ACCEPTED	2889030	Rumex altissimus Wood	SPECIES	220	Magnoliopsida	Plantae	1903
152546148	2889019	https://www.gbif.org/species/2889019	Rumex patientia L.	ACCEPTED	2889019	Rumex patientia L.	SPECIES	220	Magnoliopsida	Plantae	1866
152546149	2889023	https://www.gbif.org/species/2889023	Rumex stenophyllus Ledeb.	ACCEPTED	2889023	Rumex stenophyllus Ledeb.	SPECIES	220	Magnoliopsida	Plantae	1904
152546150	2888943	https://www.gbif.org/species/2888943	Rumex confertus Willd.	ACCEPTED	2888943	Rumex confertus Willd.	SPECIES	220	Magnoliopsida	Plantae	1918
152546150	2888943	https://www.gbif.org/species/2888943	Rumex confertus Willd.	ACCEPTED	2888943	Rumex confertus Willd.	SPECIES	220	Magnoliopsida	Plantae	1918
152546151	2888946	https://www.gbif.org/species/2888946	Rumex longifolius DC.	ACCEPTED	2888946	Rumex longifolius DC.	SPECIES	220	Magnoliopsida	Plantae	1857
152546154	2888987	https://www.gbif.org/species/2888987	Rumex obovatus Danser	ACCEPTED	2888987	Rumex obovatus Danser	SPECIES	220	Magnoliopsida	Plantae	1940
152546156	2888993	https://www.gbif.org/species/2888993	Rumex bucephalophorus L.	ACCEPTED	2888993	Rumex bucephalophorus L.	SPECIES	220	Magnoliopsida	Plantae	1928
152546156	2888993	https://www.gbif.org/species/2888993	Rumex bucephalophorus L.	ACCEPTED	2888993	Rumex bucephalophorus L.	SPECIES	220	Magnoliopsida	Plantae	1928
152546167	5333294	https://www.gbif.org/species/5333294	Castanea sativa Mill.	ACCEPTED	5333294	Castanea sativa Mill.	SPECIES	220	Magnoliopsida	Plantae	1873
152546182	9148577	https://www.gbif.org/species/9148577	Alnus incana (L.) Moench	ACCEPTED	9148577	Alnus incana (L.) Moench	SPECIES	220	Magnoliopsida	Plantae	1869
152546191	2874680	https://www.gbif.org/species/2874680	Ecballium elaterium (L.) A.Rich.	ACCEPTED	2874680	Ecballium elaterium (L.) A.Rich.	SPECIES	220	Magnoliopsida	Plantae	1875
152546191	2874680	https://www.gbif.org/species/2874680	Ecballium elaterium (L.) A.Rich.	ACCEPTED	2874680	Ecballium elaterium (L.) A.Rich.	SPECIES	220	Magnoliopsida	Plantae	1875
152546196	2874508	https://www.gbif.org/species/2874508	Cucurbita pepo L.	ACCEPTED	2874508	Cucurbita pepo L.	SPECIES	220	Magnoliopsida	Plantae	1901
152546198	2874655	https://www.gbif.org/species/2874655	Sicyos angulatus L.	ACCEPTED	2874655	Sicyos angulatus L.	SPECIES	220	Magnoliopsida	Plantae	1882
152546200	2874621	https://www.gbif.org/species/2874621	Citrullus lanatus (Thunb.) Matsum. & Nakai	ACCEPTED	2874621	Citrullus lanatus (Thunb.) Matsum. & Nakai	SPECIES	220	Magnoliopsida	Plantae	1908
152546203	2874570	https://www.gbif.org/species/2874570	Cucumis melo L.	ACCEPTED	2874570	Cucumis melo L.	SPECIES	220	Magnoliopsida	Plantae	1949
152546212	7313595	https://www.gbif.org/species/7313595	Asarum europaeum L.	ACCEPTED	7313595	Asarum europaeum L.	SPECIES	220	Magnoliopsida	Plantae	1811
152546214	2873991	https://www.gbif.org/species/2873991	Aristolochia clematitis L.	ACCEPTED	2873991	Aristolochia clematitis L.	SPECIES	220	Magnoliopsida	Plantae	1828
152546220	8338793	https://www.gbif.org/species/8338793	Modiola caroliniana (L.) G.Don	ACCEPTED	8338793	Modiola caroliniana (L.) G.Don	SPECIES	220	Magnoliopsida	Plantae	1893
152546224	5406789	https://www.gbif.org/species/5406789	Alcea rosea L.	ACCEPTED	5406789	Alcea rosea L.	SPECIES	220	Magnoliopsida	Plantae	1945
152546232	4939668	https://www.gbif.org/species/4939668	Kitaibela vitifolia Willd.	ACCEPTED	4939668	Kitaibela vitifolia Willd.	SPECIES	220	Magnoliopsida	Plantae	1949
152546237	3935421	https://www.gbif.org/species/3935421	Malope trifida Cav.	ACCEPTED	3935421	Malope trifida Cav.	SPECIES	220	Magnoliopsida	Plantae	1905
152546239	3152493	https://www.gbif.org/species/3152493	Anoda cristata (L.) Schltdl.	ACCEPTED	3152493	Anoda cristata (L.) Schltdl.	SPECIES	220	Magnoliopsida	Plantae	1940
152546241	3152560	https://www.gbif.org/species/3152560	Hibiscus trionum L.	ACCEPTED	3152560	Hibiscus trionum L.	SPECIES	220	Magnoliopsida	Plantae	1892
152546244	3152264	https://www.gbif.org/species/3152264	Malvastrum americanum (L.) Torr.	ACCEPTED	3152264	Malvastrum americanum (L.) Torr.	SPECIES	220	Magnoliopsida	Plantae	1892
152546249	3940960	https://www.gbif.org/species/3940960	Malva punctata (All.) Alef.	ACCEPTED	3940960	Malva punctata (All.) Alef.	SPECIES	220	Magnoliopsida	Plantae	1918
152546250	3940423	https://www.gbif.org/species/3940423	Malva thuringiaca (L.) Vis.	ACCEPTED	3940423	Malva thuringiaca (L.) Vis.	SPECIES	220	Magnoliopsida	Plantae	1893
152546251	3152372	https://www.gbif.org/species/3152372	Malva pusilla Sm.	ACCEPTED	3152372	Malva pusilla Sm.	SPECIES	220	Magnoliopsida	Plantae	1872
152546252	3152377	https://www.gbif.org/species/3152377	Malva verticillata L.	ACCEPTED	3152377	Malva verticillata L.	SPECIES	220	Magnoliopsida	Plantae	1858
152546253	3152378	https://www.gbif.org/species/3152378	Malva parviflora L.	ACCEPTED	3152378	Malva parviflora L.	SPECIES	220	Magnoliopsida	Plantae	1850
152546254	3152367	https://www.gbif.org/species/3152367	Malva nicaeensis All.	ACCEPTED	3152367	Malva nicaeensis All.	SPECIES	220	Magnoliopsida	Plantae	1891
152546256	3152723	https://www.gbif.org/species/3152723	Sidalcea candida A.Gray	ACCEPTED	3152723	Sidalcea candida A.Gray	SPECIES	220	Magnoliopsida	Plantae	1920
152546256	3152723	https://www.gbif.org/species/3152723	Sidalcea candida A.Gray	ACCEPTED	3152723	Sidalcea candida A.Gray	SPECIES	220	Magnoliopsida	Plantae	1920
152546258	3152614	https://www.gbif.org/species/3152614	Abutilon theophrasti Medik.	ACCEPTED	3152614	Abutilon theophrasti Medik.	SPECIES	220	Magnoliopsida	Plantae	1929
152546263	2874024	https://www.gbif.org/species/2874024	Tuberaria guttata (L.) Fourr.	ACCEPTED	2874024	Tuberaria guttata (L.) Fourr.	SPECIES	220	Magnoliopsida	Plantae	1837
152546263	2874024	https://www.gbif.org/species/2874024	Tuberaria guttata (L.) Fourr.	ACCEPTED	2874024	Tuberaria guttata (L.) Fourr.	SPECIES	220	Magnoliopsida	Plantae	1837
152546286	5334227	https://www.gbif.org/species/5334227	Lonicera caprifolium L.	ACCEPTED	5334227	Lonicera caprifolium L.	SPECIES	220	Magnoliopsida	Plantae	1851
152546289	5334242	https://www.gbif.org/species/5334242	Lonicera tatarica L.	ACCEPTED	5334242	Lonicera tatarica L.	SPECIES	220	Magnoliopsida	Plantae	1939
152546296	8201823	https://www.gbif.org/species/8201823	Valeriana phu L.	ACCEPTED	8201823	Valeriana phu L.	SPECIES	220	Magnoliopsida	Plantae	1850
152546296	8201823	https://www.gbif.org/species/8201823	Valeriana phu L.	ACCEPTED	8201823	Valeriana phu L.	SPECIES	220	Magnoliopsida	Plantae	1850
152546304	7298858	https://www.gbif.org/species/7298858	Valerianella coronata (L.) DC.	ACCEPTED	7298858	Valerianella coronata (L.) DC.	SPECIES	220	Magnoliopsida	Plantae	1823
152546305	4095244	https://www.gbif.org/species/4095244	Valerianella vesicaria (L.) Moench	ACCEPTED	4095244	Valerianella vesicaria (L.) Moench	SPECIES	220	Magnoliopsida	Plantae	1850
152546305	4095244	https://www.gbif.org/species/4095244	Valerianella vesicaria (L.) Moench	ACCEPTED	4095244	Valerianella vesicaria (L.) Moench	SPECIES	220	Magnoliopsida	Plantae	1850
152546306	2888773	https://www.gbif.org/species/2888773	Valerianella eriocarpa Desv.	ACCEPTED	2888773	Valerianella eriocarpa Desv.	SPECIES	220	Magnoliopsida	Plantae	1813
152546315	2888816	https://www.gbif.org/species/2888816	Dipsacus sativus (L.) Honck.	ACCEPTED	2888816	Dipsacus sativus (L.) Honck.	SPECIES	220	Magnoliopsida	Plantae	1835
152546315	2888816	https://www.gbif.org/species/2888816	Dipsacus sativus (L.) Honck.	ACCEPTED	2888816	Dipsacus sativus (L.) Honck.	SPECIES	220	Magnoliopsida	Plantae	1835
152546316	2888814	https://www.gbif.org/species/2888814	Dipsacus laciniatus L.	ACCEPTED	2888814	Dipsacus laciniatus L.	SPECIES	220	Magnoliopsida	Plantae	1876
152546322	3922770	https://www.gbif.org/species/3922770	Aconitum napellus var. giganteum (Dumort. ex Thielens) J.Duvign.	SYNONYM	7707872	Aconitum napellus subsp. lusitanicum Rouy	SUBSPECIES	220	Magnoliopsida	Plantae	1835
152546324	8246651	https://www.gbif.org/species/8246651	Adonis flammea Jacq.	ACCEPTED	8246651	Adonis flammea Jacq.	SPECIES	220	Magnoliopsida	Plantae	1864
152546325	5371709	https://www.gbif.org/species/5371709	Adonis annua L.	ACCEPTED	5371709	Adonis annua L.	SPECIES	220	Magnoliopsida	Plantae	1846
152546327	5371702	https://www.gbif.org/species/5371702	Nigella damascena L.	ACCEPTED	5371702	Nigella damascena L.	SPECIES	220	Magnoliopsida	Plantae	1860
152546328	5371700	https://www.gbif.org/species/5371700	Nigella sativa L.	ACCEPTED	5371700	Nigella sativa L.	SPECIES	220	Magnoliopsida	Plantae	1865
152546331	7826351	https://www.gbif.org/species/7826351	Ranunculus lanuginosus L.	ACCEPTED	7826351	Ranunculus lanuginosus L.	SPECIES	220	Magnoliopsida	Plantae	1800
152546331	7826351	https://www.gbif.org/species/7826351	Ranunculus lanuginosus L.	ACCEPTED	7826351	Ranunculus lanuginosus L.	SPECIES	220	Magnoliopsida	Plantae	1800
152546332	3927790	https://www.gbif.org/species/3927790	Ranunculus gramineus L.	ACCEPTED	3927790	Ranunculus gramineus L.	SPECIES	220	Magnoliopsida	Plantae	1850
152546332	3927790	https://www.gbif.org/species/3927790	Ranunculus gramineus L.	ACCEPTED	3927790	Ranunculus gramineus L.	SPECIES	220	Magnoliopsida	Plantae	1850
152546333	3033318	https://www.gbif.org/species/3033318	Ranunculus muricatus L.	ACCEPTED	3033318	Ranunculus muricatus L.	SPECIES	220	Magnoliopsida	Plantae	1886
152546333	3033318	https://www.gbif.org/species/3033318	Ranunculus muricatus L.	ACCEPTED	3033318	Ranunculus muricatus L.	SPECIES	220	Magnoliopsida	Plantae	1886
152546336	3033434	https://www.gbif.org/species/3033434	Ranunculus parviflorus L.	DOUBTFUL	3033434	Ranunculus parviflorus L.	SPECIES	220	Magnoliopsida	Plantae	1868
152546338	3033289	https://www.gbif.org/species/3033289	Trollius europaeus L.	ACCEPTED	3033289	Trollius europaeus L.	SPECIES	220	Magnoliopsida	Plantae	1852
152546340	3927746	https://www.gbif.org/species/3927746	Anemone apennina L.	ACCEPTED	3927746	Anemone apennina L.	SPECIES	220	Magnoliopsida	Plantae	1807
152546341	3922888	https://www.gbif.org/species/3922888	Anemone sylvestris L.	ACCEPTED	3922888	Anemone sylvestris L.	SPECIES	220	Magnoliopsida	Plantae	1813
152546347	6374790	https://www.gbif.org/species/6374790	Clematis integrifolia L.	ACCEPTED	6374790	Clematis integrifolia L.	SPECIES	220	Magnoliopsida	Plantae	1882
152546347	6374790	https://www.gbif.org/species/6374790	Clematis integrifolia L.	ACCEPTED	6374790	Clematis integrifolia L.	SPECIES	220	Magnoliopsida	Plantae	1882
152546348	3921611	https://www.gbif.org/species/3921611	Clematis flammula L.	ACCEPTED	3921611	Clematis flammula L.	SPECIES	220	Magnoliopsida	Plantae	1869
152546349	3033543	https://www.gbif.org/species/3033543	Clematis recta L.	ACCEPTED	3033543	Clematis recta L.	SPECIES	220	Magnoliopsida	Plantae	1834
152546349	3033543	https://www.gbif.org/species/3033543	Clematis recta L.	ACCEPTED	3033543	Clematis recta L.	SPECIES	220	Magnoliopsida	Plantae	1834
152546351	3033518	https://www.gbif.org/species/3033518	Clematis viticella L.	ACCEPTED	3033518	Clematis viticella L.	SPECIES	220	Magnoliopsida	Plantae	1864
152546354	3033227	https://www.gbif.org/species/3033227	Eranthis hyemalis (L.) Salisb.	ACCEPTED	3033227	Eranthis hyemalis (L.) Salisb.	SPECIES	220	Magnoliopsida	Plantae	1813
152546360	6374953	https://www.gbif.org/species/6374953	Helleborus orientalis Lam.	ACCEPTED	6374953	Helleborus orientalis Lam.	SPECIES	220	Magnoliopsida	Plantae	1947
152546361	3033107	https://www.gbif.org/species/3033107	Helleborus niger L.	ACCEPTED	3033107	Helleborus niger L.	SPECIES	220	Magnoliopsida	Plantae	1792
152546361	3033107	https://www.gbif.org/species/3033107	Helleborus niger L.	ACCEPTED	3033107	Helleborus niger L.	SPECIES	220	Magnoliopsida	Plantae	1792
152546363	3033757	https://www.gbif.org/species/3033757	Delphinium elatum L.	ACCEPTED	3033757	Delphinium elatum L.	SPECIES	220	Magnoliopsida	Plantae	1949
152546363	3033757	https://www.gbif.org/species/3033757	Delphinium elatum L.	ACCEPTED	3033757	Delphinium elatum L.	SPECIES	220	Magnoliopsida	Plantae	1949
152546366	7695021	https://www.gbif.org/species/7695021	Epimedium alpinum L.	ACCEPTED	7695021	Epimedium alpinum L.	SPECIES	220	Magnoliopsida	Plantae	1847
152546387	7315023	https://www.gbif.org/species/7315023	Roemeria hybrida (L.) DC.	ACCEPTED	7315023	Roemeria hybrida (L.) DC.	SPECIES	220	Magnoliopsida	Plantae	1927
152546389	5530881	https://www.gbif.org/species/5530881	Corydalis cava (L.) Schweigg. & Körte	ACCEPTED	5530881	Corydalis cava (L.) Schweigg. & Körte	SPECIES	220	Magnoliopsida	Plantae	1861
152546389	5530881	https://www.gbif.org/species/5530881	Corydalis cava (L.) Schweigg. & Körte	ACCEPTED	5530881	Corydalis cava (L.) Schweigg. & Körte	SPECIES	220	Magnoliopsida	Plantae	1861
152546390	5530829	https://www.gbif.org/species/5530829	Corydalis cheilanthifolia Hemsl.	ACCEPTED	5530829	Corydalis cheilanthifolia Hemsl.	SPECIES	220	Magnoliopsida	Plantae	1918
152546395	5334188	https://www.gbif.org/species/5334188	Glaucium corniculatum (L.) Rudolph	ACCEPTED	5334188	Glaucium corniculatum (L.) Rudolph	SPECIES	220	Magnoliopsida	Plantae	1880
152546397	2888485	https://www.gbif.org/species/2888485	Argemone mexicana L.	ACCEPTED	2888485	Argemone mexicana L.	SPECIES	220	Magnoliopsida	Plantae	1891
152546397	2888485	https://www.gbif.org/species/2888485	Argemone mexicana L.	ACCEPTED	2888485	Argemone mexicana L.	SPECIES	220	Magnoliopsida	Plantae	1891
152546402	3602069	https://www.gbif.org/species/3602069	Papaver somniferum subsp. somniferum	ACCEPTED	3602069	Papaver somniferum subsp. somniferum	SUBSPECIES	220	Magnoliopsida	Plantae	1854
152546405	2888553	https://www.gbif.org/species/2888553	Dicentra formosa (Andrews) Walp.	ACCEPTED	2888553	Dicentra formosa (Andrews) Walp.	SPECIES	220	Magnoliopsida	Plantae	1916
152546407	7315063	https://www.gbif.org/species/7315063	Pseudofumaria alba (Mill.) Lidén	ACCEPTED	7315063	Pseudofumaria alba (Mill.) Lidén	SPECIES	220	Magnoliopsida	Plantae	1905
152546408	2888513	https://www.gbif.org/species/2888513	Pseudofumaria lutea (L.) Borkh.	ACCEPTED	2888513	Pseudofumaria lutea (L.) Borkh.	SPECIES	220	Magnoliopsida	Plantae	1824
152546410	2888559	https://www.gbif.org/species/2888559	Hypecoum pendulum L.	ACCEPTED	2888559	Hypecoum pendulum L.	SPECIES	220	Magnoliopsida	Plantae	1903
152546410	2888559	https://www.gbif.org/species/2888559	Hypecoum pendulum L.	ACCEPTED	2888559	Hypecoum pendulum L.	SPECIES	220	Magnoliopsida	Plantae	1903
152546412	2888380	https://www.gbif.org/species/2888380	Eschscholzia californica Cham.	ACCEPTED	2888380	Eschscholzia californica Cham.	SPECIES	220	Magnoliopsida	Plantae	1888
152546416	7628663	https://www.gbif.org/species/7628663	Viola cornuta L.	ACCEPTED	7628663	Viola cornuta L.	SPECIES	220	Magnoliopsida	Plantae	1835
152546416	7628663	https://www.gbif.org/species/7628663	Viola cornuta L.	ACCEPTED	7628663	Viola cornuta L.	SPECIES	220	Magnoliopsida	Plantae	1835
152546417	7901652	https://www.gbif.org/species/7901652	Viola ×wittrockiana Gams ex Kappert	DOUBTFUL	7901652	Viola ×wittrockiana Gams ex Kappert	SPECIES	220	Magnoliopsida	Plantae	1935
152546420	5646136	https://www.gbif.org/species/5646136	Elatine alsinastrum L.	ACCEPTED	5646136	Elatine alsinastrum L.	SPECIES	220	Magnoliopsida	Plantae	1860
152546420	5646136	https://www.gbif.org/species/5646136	Elatine alsinastrum L.	ACCEPTED	5646136	Elatine alsinastrum L.	SPECIES	220	Magnoliopsida	Plantae	1860
152546425	3711564	https://www.gbif.org/species/3711564	Hypericum ×inodorum Mill.	ACCEPTED	3711564	Hypericum ×inodorum Mill.	SPECIES	220	Magnoliopsida	Plantae	1862
152546426	3189497	https://www.gbif.org/species/3189497	Hypericum calycinum L.	ACCEPTED	3189497	Hypericum calycinum L.	SPECIES	220	Magnoliopsida	Plantae	1867
152546429	5380041	https://www.gbif.org/species/5380041	Ricinus communis L.	ACCEPTED	5380041	Ricinus communis L.	SPECIES	220	Magnoliopsida	Plantae	1940
152546436	3064056	https://www.gbif.org/species/3064056	Euphorbia palustris L.	ACCEPTED	3064056	Euphorbia palustris L.	SPECIES	220	Magnoliopsida	Plantae	1838
152546436	3064056	https://www.gbif.org/species/3064056	Euphorbia palustris L.	ACCEPTED	3064056	Euphorbia palustris L.	SPECIES	220	Magnoliopsida	Plantae	1838
152546441	3066179	https://www.gbif.org/species/3066179	Euphorbia seguieriana Neck.	ACCEPTED	3066179	Euphorbia seguieriana Neck.	SPECIES	220	Magnoliopsida	Plantae	1858
152546441	3066179	https://www.gbif.org/species/3066179	Euphorbia seguieriana Neck.	ACCEPTED	3066179	Euphorbia seguieriana Neck.	SPECIES	220	Magnoliopsida	Plantae	1858
152546442	3066112	https://www.gbif.org/species/3066112	Euphorbia epithymoides L.	ACCEPTED	3066112	Euphorbia epithymoides L.	SPECIES	220	Magnoliopsida	Plantae	1937
152546443	3066482	https://www.gbif.org/species/3066482	Euphorbia peplis L.	ACCEPTED	3066482	Euphorbia peplis L.	SPECIES	220	Magnoliopsida	Plantae	1878
152546443	3066482	https://www.gbif.org/species/3066482	Euphorbia peplis L.	ACCEPTED	3066482	Euphorbia peplis L.	SPECIES	220	Magnoliopsida	Plantae	1878
152546444	3066965	https://www.gbif.org/species/3066965	Euphorbia lathyris L.	ACCEPTED	3066965	Euphorbia lathyris L.	SPECIES	220	Magnoliopsida	Plantae	1554
152546446	3067054	https://www.gbif.org/species/3067054	Euphorbia humifusa Willd.	ACCEPTED	3067054	Euphorbia humifusa Willd.	SPECIES	220	Magnoliopsida	Plantae	1880
152546459	3079631	https://www.gbif.org/species/3079631	Andrachne telephioides L.	ACCEPTED	3079631	Andrachne telephioides L.	SPECIES	220	Magnoliopsida	Plantae	1947
152546459	3079631	https://www.gbif.org/species/3079631	Andrachne telephioides L.	ACCEPTED	3079631	Andrachne telephioides L.	SPECIES	220	Magnoliopsida	Plantae	1947
152546469	5372647	https://www.gbif.org/species/5372647	Salix pentandra L.	ACCEPTED	5372647	Salix pentandra L.	SPECIES	220	Magnoliopsida	Plantae	1835
152546479	2873926	https://www.gbif.org/species/2873926	Linum grandiflorum Desf.	ACCEPTED	2873926	Linum grandiflorum Desf.	SPECIES	220	Magnoliopsida	Plantae	1887
152546480	2873861	https://www.gbif.org/species/2873861	Linum usitatissimum L.	ACCEPTED	2873861	Linum usitatissimum L.	SPECIES	220	Magnoliopsida	Plantae	1830
152546489	2653321	https://www.gbif.org/species/2653321	Ephedra distachya L.	ACCEPTED	2653321	Ephedra distachya L.	SPECIES	282	Gnetopsida	Plantae	1842
152546489	2653321	https://www.gbif.org/species/2653321	Ephedra distachya L.	ACCEPTED	2653321	Ephedra distachya L.	SPECIES	282	Gnetopsida	Plantae	1842
152546498	2677047	https://www.gbif.org/species/2677047	Orthodontium lineare Schwägr.	ACCEPTED	2677047	Orthodontium lineare Schwägr.	SPECIES	327	Bryopsida	Plantae	1945
152546498	2677047	https://www.gbif.org/species/2677047	Orthodontium lineare Schwägr.	ACCEPTED	2677047	Orthodontium lineare Schwägr.	SPECIES	327	Bryopsida	Plantae	1945
152546545	2688189	https://www.gbif.org/species/2688189	Selaginella kraussiana (Kunze) A.Braun	ACCEPTED	2688189	Selaginella kraussiana (Kunze) A.Braun	SPECIES	245	Lycopodiopsida	Plantae	1887
152546569	2865526	https://www.gbif.org/species/2865526	Vallisneria spiralis L.	ACCEPTED	2865526	Vallisneria spiralis L.	SPECIES	196	Liliopsida	Plantae	1864
152546572	5329212	https://www.gbif.org/species/5329212	Elodea nuttallii (Planch.) H.St.John	ACCEPTED	5329212	Elodea nuttallii (Planch.) H.St.John	SPECIES	196	Liliopsida	Plantae	1939
152546573	2865448	https://www.gbif.org/species/2865448	Elodea canadensis Michx.	ACCEPTED	2865448	Elodea canadensis Michx.	SPECIES	196	Liliopsida	Plantae	1860
152546592	2873769	https://www.gbif.org/species/2873769	Acorus calamus L.	ACCEPTED	2873769	Acorus calamus L.	SPECIES	196	Liliopsida	Plantae	1680
152546596	6109699	https://www.gbif.org/species/6109699	Phoenix dactylifera L.	ACCEPTED	6109699	Phoenix dactylifera L.	SPECIES	196	Liliopsida	Plantae	1945
152546606	2742119	https://www.gbif.org/species/2742119	Veratrum album L.	ACCEPTED	2742119	Veratrum album L.	SPECIES	196	Liliopsida	Plantae	1835
152546606	2742119	https://www.gbif.org/species/2742119	Veratrum album L.	ACCEPTED	2742119	Veratrum album L.	SPECIES	196	Liliopsida	Plantae	1835
152546609	5299675	https://www.gbif.org/species/5299675	Tulipa gesneriana L.	ACCEPTED	5299675	Tulipa gesneriana L.	SPECIES	196	Liliopsida	Plantae	1850
152546610	5299536	https://www.gbif.org/species/5299536	Tulipa sylvestris L.	ACCEPTED	5299536	Tulipa sylvestris L.	SPECIES	196	Liliopsida	Plantae	1800
152546617	2753146	https://www.gbif.org/species/2753146	Lilium martagon L.	ACCEPTED	2753146	Lilium martagon L.	SPECIES	196	Liliopsida	Plantae	1912
152546624	2778358	https://www.gbif.org/species/2778358	Asphodelus tenuifolius Cav.	ACCEPTED	2778358	Asphodelus tenuifolius Cav.	SPECIES	196	Liliopsida	Plantae	1887
152546626	2781074	https://www.gbif.org/species/2781074	Hemerocallis fulva (L.) L.	ACCEPTED	2781074	Hemerocallis fulva (L.) L.	SPECIES	196	Liliopsida	Plantae	1935
152546634	2784401	https://www.gbif.org/species/2784401	Traunsteinera globosa (L.) Rchb.	ACCEPTED	2784401	Traunsteinera globosa (L.) Rchb.	SPECIES	196	Liliopsida	Plantae	1812
152546634	2784401	https://www.gbif.org/species/2784401	Traunsteinera globosa (L.) Rchb.	ACCEPTED	2784401	Traunsteinera globosa (L.) Rchb.	SPECIES	196	Liliopsida	Plantae	1812
152546636	2840931	https://www.gbif.org/species/2840931	Goodyera repens (L.) R.Br.	ACCEPTED	2840931	Goodyera repens (L.) R.Br.	SPECIES	196	Liliopsida	Plantae	1902
152546639	9177060	https://www.gbif.org/species/9177060	Allium scorodoprasum L.	ACCEPTED	9177060	Allium scorodoprasum L.	SPECIES	196	Liliopsida	Plantae	1925
152546643	2855968	https://www.gbif.org/species/2855968	Allium carinatum L.	ACCEPTED	2855968	Allium carinatum L.	SPECIES	196	Liliopsida	Plantae	1811
152546644	2856504	https://www.gbif.org/species/2856504	Allium fistulosum L.	ACCEPTED	2856504	Allium fistulosum L.	SPECIES	196	Liliopsida	Plantae	1850
152546644	2856504	https://www.gbif.org/species/2856504	Allium fistulosum L.	ACCEPTED	2856504	Allium fistulosum L.	SPECIES	196	Liliopsida	Plantae	1850
152546646	2855825	https://www.gbif.org/species/2855825	Allium moly L.	ACCEPTED	2855825	Allium moly L.	SPECIES	196	Liliopsida	Plantae	1885
152546646	2855825	https://www.gbif.org/species/2855825	Allium moly L.	ACCEPTED	2855825	Allium moly L.	SPECIES	196	Liliopsida	Plantae	1885
152546649	2855860	https://www.gbif.org/species/2855860	Allium schoenoprasum L.	ACCEPTED	2855860	Allium schoenoprasum L.	SPECIES	196	Liliopsida	Plantae	1836
152546657	2855356	https://www.gbif.org/species/2855356	Galanthus nivalis L.	ACCEPTED	2855356	Galanthus nivalis L.	SPECIES	196	Liliopsida	Plantae	1811
152546660	2858581	https://www.gbif.org/species/2858581	Narcissus poeticus L.	ACCEPTED	2858581	Narcissus poeticus L.	SPECIES	196	Liliopsida	Plantae	1868
152546664	5296178	https://www.gbif.org/species/5296178	Sisyrinchium montanum Greene	ACCEPTED	5296178	Sisyrinchium montanum Greene	SPECIES	196	Liliopsida	Plantae	1939
152546668	5298126	https://www.gbif.org/species/5298126	Iris sibirica L.	ACCEPTED	5298126	Iris sibirica L.	SPECIES	196	Liliopsida	Plantae	1850
152546669	5298069	https://www.gbif.org/species/5298069	Iris ×germanica L.	ACCEPTED	5298069	Iris ×germanica L.	SPECIES	196	Liliopsida	Plantae	1870
152546671	5298675	https://www.gbif.org/species/5298675	Iris pumila L.	ACCEPTED	5298675	Iris pumila L.	SPECIES	196	Liliopsida	Plantae	1888
152546672	5298908	https://www.gbif.org/species/5298908	Iris graminea L.	ACCEPTED	5298908	Iris graminea L.	SPECIES	196	Liliopsida	Plantae	1850
152546672	5298908	https://www.gbif.org/species/5298908	Iris graminea L.	ACCEPTED	5298908	Iris graminea L.	SPECIES	196	Liliopsida	Plantae	1850
152546689	5304257	https://www.gbif.org/species/5304257	Hyacinthoides hispanica (Mill.) Rothm.	ACCEPTED	5304257	Hyacinthoides hispanica (Mill.) Rothm.	SPECIES	196	Liliopsida	Plantae	1882
152546705	2769766	https://www.gbif.org/species/2769766	Ruscus aculeatus L.	ACCEPTED	2769766	Ruscus aculeatus L.	SPECIES	196	Liliopsida	Plantae	1800
152546711	2773281	https://www.gbif.org/species/2773281	Ornithogalum nutans L.	ACCEPTED	2773281	Ornithogalum nutans L.	SPECIES	196	Liliopsida	Plantae	1835
152546712	2773453	https://www.gbif.org/species/2773453	Ornithogalum divergens Boreau	ACCEPTED	2773453	Ornithogalum divergens Boreau	SPECIES	196	Liliopsida	Plantae	1919
152546721	2764179	https://www.gbif.org/species/2764179	Commelina communis L.	ACCEPTED	2764179	Commelina communis L.	SPECIES	196	Liliopsida	Plantae	1947
152546727	2765272	https://www.gbif.org/species/2765272	Tradescantia virginiana L.	ACCEPTED	2765272	Tradescantia virginiana L.	SPECIES	196	Liliopsida	Plantae	1946
152546738	5289492	https://www.gbif.org/species/5289492	Typha minima Funck	ACCEPTED	5289492	Typha minima Funck	SPECIES	196	Liliopsida	Plantae	1827
152546738	5289492	https://www.gbif.org/species/5289492	Typha minima Funck	ACCEPTED	5289492	Typha minima Funck	SPECIES	196	Liliopsida	Plantae	1827
152546743	7421129	https://www.gbif.org/species/7421129	Cyperus longus subsp. badius (Desf.) Bonnier & Layens	ACCEPTED	7421129	Cyperus longus subsp. badius (Desf.) Bonnier & Layens	SUBSPECIES	196	Liliopsida	Plantae	1816
152546743	7421129	https://www.gbif.org/species/7421129	Cyperus longus subsp. badius (Desf.) Bonnier & Layens	ACCEPTED	7421129	Cyperus longus subsp. badius (Desf.) Bonnier & Layens	SUBSPECIES	196	Liliopsida	Plantae	1816
152546744	7070211	https://www.gbif.org/species/7070211	Cyperus longus subsp. longus	ACCEPTED	7070211	Cyperus longus subsp. longus	SUBSPECIES	196	Liliopsida	Plantae	1911
152546744	7070211	https://www.gbif.org/species/7070211	Cyperus longus subsp. longus	ACCEPTED	7070211	Cyperus longus subsp. longus	SUBSPECIES	196	Liliopsida	Plantae	1947
152546745	2714796	https://www.gbif.org/species/2714796	Cyperus difformis L.	ACCEPTED	2714796	Cyperus difformis L.	SPECIES	196	Liliopsida	Plantae	1911
152546745	2714796	https://www.gbif.org/species/2714796	Cyperus difformis L.	ACCEPTED	2714796	Cyperus difformis L.	SPECIES	196	Liliopsida	Plantae	1911
152546746	2714722	https://www.gbif.org/species/2714722	Cyperus reflexus Vahl	ACCEPTED	2714722	Cyperus reflexus Vahl	SPECIES	196	Liliopsida	Plantae	1887
152546746	2714722	https://www.gbif.org/species/2714722	Cyperus reflexus Vahl	ACCEPTED	2714722	Cyperus reflexus Vahl	SPECIES	196	Liliopsida	Plantae	1887
152546747	2714656	https://www.gbif.org/species/2714656	Cyperus congestus Vahl	ACCEPTED	2714656	Cyperus congestus Vahl	SPECIES	196	Liliopsida	Plantae	1886
152546749	2714301	https://www.gbif.org/species/2714301	Cyperus conglomeratus Rottb.	ACCEPTED	2714301	Cyperus conglomeratus Rottb.	SPECIES	196	Liliopsida	Plantae	1947
152546749	2714301	https://www.gbif.org/species/2714301	Cyperus conglomeratus Rottb.	ACCEPTED	2714301	Cyperus conglomeratus Rottb.	SPECIES	196	Liliopsida	Plantae	1947
152546750	2714233	https://www.gbif.org/species/2714233	Cyperus imbricatus Retz.	ACCEPTED	2714233	Cyperus imbricatus Retz.	SPECIES	196	Liliopsida	Plantae	1947
152546750	2714233	https://www.gbif.org/species/2714233	Cyperus imbricatus Retz.	ACCEPTED	2714233	Cyperus imbricatus Retz.	SPECIES	196	Liliopsida	Plantae	1947
152546751	2713662	https://www.gbif.org/species/2713662	Cyperus aggregatus (Willd.) Endl.	ACCEPTED	2713662	Cyperus aggregatus (Willd.) Endl.	SPECIES	196	Liliopsida	Plantae	1887
152546751	2713662	https://www.gbif.org/species/2713662	Cyperus aggregatus (Willd.) Endl.	ACCEPTED	2713662	Cyperus aggregatus (Willd.) Endl.	SPECIES	196	Liliopsida	Plantae	1887
152546752	2713519	https://www.gbif.org/species/2713519	Cyperus rigens J.Presl & C.Presl	ACCEPTED	2713519	Cyperus rigens J.Presl & C.Presl	SPECIES	196	Liliopsida	Plantae	1949
152546752	2713519	https://www.gbif.org/species/2713519	Cyperus rigens J.Presl & C.Presl	ACCEPTED	2713519	Cyperus rigens J.Presl & C.Presl	SPECIES	196	Liliopsida	Plantae	1949
152546753	2716420	https://www.gbif.org/species/2716420	Cyperus virens Michx.	ACCEPTED	2716420	Cyperus virens Michx.	SPECIES	196	Liliopsida	Plantae	1947
152546753	2716420	https://www.gbif.org/species/2716420	Cyperus virens Michx.	ACCEPTED	2716420	Cyperus virens Michx.	SPECIES	196	Liliopsida	Plantae	1947
152546754	2715482	https://www.gbif.org/species/2715482	Cyperus eragrostis Lam.	ACCEPTED	2715482	Cyperus eragrostis Lam.	SPECIES	196	Liliopsida	Plantae	1896
152546757	2715206	https://www.gbif.org/species/2715206	Cyperus exaltatus Retz.	ACCEPTED	2715206	Cyperus exaltatus Retz.	SPECIES	196	Liliopsida	Plantae	1911
152546757	2715206	https://www.gbif.org/species/2715206	Cyperus exaltatus Retz.	ACCEPTED	2715206	Cyperus exaltatus Retz.	SPECIES	196	Liliopsida	Plantae	1911
152546759	2708808	https://www.gbif.org/species/2708808	Fimbristylis dichotoma (L.) Vahl	ACCEPTED	2708808	Fimbristylis dichotoma (L.) Vahl	SPECIES	196	Liliopsida	Plantae	1911
152546759	2708808	https://www.gbif.org/species/2708808	Fimbristylis dichotoma (L.) Vahl	ACCEPTED	2708808	Fimbristylis dichotoma (L.) Vahl	SPECIES	196	Liliopsida	Plantae	1911
152546761	7795128	https://www.gbif.org/species/7795128	Carex crus-corvi Shuttlew.	DOUBTFUL	7795128	Carex crus-corvi Shuttlew.	SPECIES	196	Liliopsida	Plantae	1947
152546761	7795128	https://www.gbif.org/species/7795128	Carex crus-corvi Shuttlew.	DOUBTFUL	7795128	Carex crus-corvi Shuttlew.	SPECIES	196	Liliopsida	Plantae	1947
152546780	7549853	https://www.gbif.org/species/7549853	Disakisperma dubium (Kunth) P.M.Peterson & N.Snow	ACCEPTED	7549853	Disakisperma dubium (Kunth) P.M.Peterson & N.Snow	SPECIES	196	Liliopsida	Plantae	1921
152546780	7549853	https://www.gbif.org/species/7549853	Disakisperma dubium (Kunth) P.M.Peterson & N.Snow	ACCEPTED	7549853	Disakisperma dubium (Kunth) P.M.Peterson & N.Snow	SPECIES	196	Liliopsida	Plantae	1921
152546782	7810452	https://www.gbif.org/species/7810452	Dasypyrum villosum (L.) P.Candargy	DOUBTFUL	7810452	Dasypyrum villosum (L.) P.Candargy	SPECIES	196	Liliopsida	Plantae	1887
152546784	7998563	https://www.gbif.org/species/7998563	Diplachne fusca subsp. fusca	ACCEPTED	7998563	Diplachne fusca subsp. fusca	SUBSPECIES	196	Liliopsida	Plantae	1911
152546784	7998563	https://www.gbif.org/species/7998563	Diplachne fusca subsp. fusca	ACCEPTED	7998563	Diplachne fusca subsp. fusca	SUBSPECIES	196	Liliopsida	Plantae	1911
152546785	8257546	https://www.gbif.org/species/8257546	Diplachne fusca subsp. fascicularis (Lam.) P.M.Peterson & N.Snow	ACCEPTED	8257546	Diplachne fusca subsp. fascicularis (Lam.) P.M.Peterson & N.Snow	SUBSPECIES	196	Liliopsida	Plantae	1831
152546792	7361239	https://www.gbif.org/species/7361239	Triraphis mollis R.Br.	ACCEPTED	7361239	Triraphis mollis R.Br.	SPECIES	196	Liliopsida	Plantae	1899
152546798	5677636	https://www.gbif.org/species/5677636	Cynodon convergens F.Muell.	ACCEPTED	5677636	Cynodon convergens F.Muell.	SPECIES	196	Liliopsida	Plantae	1947
152546798	5677636	https://www.gbif.org/species/5677636	Cynodon convergens F.Muell.	ACCEPTED	5677636	Cynodon convergens F.Muell.	SPECIES	196	Liliopsida	Plantae	1947
152546799	6109637	https://www.gbif.org/species/6109637	Cynodon dactylon (L.) Pers.	ACCEPTED	6109637	Cynodon dactylon (L.) Pers.	SPECIES	196	Liliopsida	Plantae	1813
152546801	5674620	https://www.gbif.org/species/5674620	Echinaria capitata (L.) Desf.	ACCEPTED	5674620	Echinaria capitata (L.) Desf.	SPECIES	196	Liliopsida	Plantae	1880
152546803	5289814	https://www.gbif.org/species/5289814	Eustachys neglecta (Nash) Nash	ACCEPTED	5289814	Eustachys neglecta (Nash) Nash	SPECIES	196	Liliopsida	Plantae	1949
152546803	5289814	https://www.gbif.org/species/5289814	Eustachys neglecta (Nash) Nash	ACCEPTED	5289814	Eustachys neglecta (Nash) Nash	SPECIES	196	Liliopsida	Plantae	1949
152546806	5289791	https://www.gbif.org/species/5289791	Aegilops ventricosa Tausch	ACCEPTED	5289791	Aegilops ventricosa Tausch	SPECIES	196	Liliopsida	Plantae	1835
152546807	5289793	https://www.gbif.org/species/5289793	Aegilops triuncialis L.	ACCEPTED	5289793	Aegilops triuncialis L.	SPECIES	196	Liliopsida	Plantae	1854
152546808	5289781	https://www.gbif.org/species/5289781	Aegilops geniculata Roth	ACCEPTED	5289781	Aegilops geniculata Roth	SPECIES	196	Liliopsida	Plantae	1854
152546809	5289783	https://www.gbif.org/species/5289783	Aegilops cylindrica Host	ACCEPTED	5289783	Aegilops cylindrica Host	SPECIES	196	Liliopsida	Plantae	1876
152546811	5289762	https://www.gbif.org/species/5289762	Lamarckia aurea (L.) Moench	ACCEPTED	5289762	Lamarckia aurea (L.) Moench	SPECIES	196	Liliopsida	Plantae	1891
152546814	5289763	https://www.gbif.org/species/5289763	Gastridium phleoides (Nees & Meyen) C.E.Hubb.	ACCEPTED	5289763	Gastridium phleoides (Nees & Meyen) C.E.Hubb.	SPECIES	196	Liliopsida	Plantae	1895
152546818	5289731	https://www.gbif.org/species/5289731	Cenchrus longispinus (Hack.) Fernald	ACCEPTED	5289731	Cenchrus longispinus (Hack.) Fernald	SPECIES	196	Liliopsida	Plantae	1888
152546821	8420312	https://www.gbif.org/species/8420312	Phalaris platensis Henrard ex Heukels	DOUBTFUL	8420312	Phalaris platensis Henrard ex Heukels	SPECIES	196	Liliopsida	Plantae	1895
152546821	8420312	https://www.gbif.org/species/8420312	Phalaris platensis Henrard ex Heukels	DOUBTFUL	8420312	Phalaris platensis Henrard ex Heukels	SPECIES	196	Liliopsida	Plantae	1895
152546822	5289752	https://www.gbif.org/species/5289752	Phalaris minor Retz.	ACCEPTED	5289752	Phalaris minor Retz.	SPECIES	196	Liliopsida	Plantae	1850
152546823	5289753	https://www.gbif.org/species/5289753	Phalaris angusta Nees ex Trin.	ACCEPTED	5289753	Phalaris angusta Nees ex Trin.	SPECIES	196	Liliopsida	Plantae	1889
152546824	5289756	https://www.gbif.org/species/5289756	Phalaris arundinacea L.	ACCEPTED	5289756	Phalaris arundinacea L.	SPECIES	196	Liliopsida	Plantae	1861
152546825	5289758	https://www.gbif.org/species/5289758	Phalaris paradoxa L.	ACCEPTED	5289758	Phalaris paradoxa L.	SPECIES	196	Liliopsida	Plantae	1850
152546826	5289745	https://www.gbif.org/species/5289745	Phalaris brachystachys Link	ACCEPTED	5289745	Phalaris brachystachys Link	SPECIES	196	Liliopsida	Plantae	1906
152546827	5289744	https://www.gbif.org/species/5289744	Phalaris canariensis L.	ACCEPTED	5289744	Phalaris canariensis L.	SPECIES	196	Liliopsida	Plantae	1847
152546831	7226776	https://www.gbif.org/species/7226776	Setaria verticillata var. verticillata	ACCEPTED	7226776	Setaria verticillata var. verticillata	VARIETY	196	Liliopsida	Plantae	1800
152546832	5674218	https://www.gbif.org/species/5674218	Setaria dielsii R.A.W.Herrm.	ACCEPTED	5674218	Setaria dielsii R.A.W.Herrm.	SPECIES	196	Liliopsida	Plantae	1947
152546832	5674218	https://www.gbif.org/species/5674218	Setaria dielsii R.A.W.Herrm.	ACCEPTED	5674218	Setaria dielsii R.A.W.Herrm.	SPECIES	196	Liliopsida	Plantae	1947
152546834	5289684	https://www.gbif.org/species/5289684	Setaria viridis (L.) P.Beauv.	ACCEPTED	5289684	Setaria viridis (L.) P.Beauv.	SPECIES	196	Liliopsida	Plantae	1800
152546836	5289698	https://www.gbif.org/species/5289698	Setaria italica (L.) P.Beauv.	ACCEPTED	5289698	Setaria italica (L.) P.Beauv.	SPECIES	196	Liliopsida	Plantae	1856
152546837	5289679	https://www.gbif.org/species/5289679	Setaria parviflora (Poir.) Kerguélen	ACCEPTED	5289679	Setaria parviflora (Poir.) Kerguélen	SPECIES	196	Liliopsida	Plantae	1887
152546842	5290143	https://www.gbif.org/species/5290143	Brachypodium distachyon (L.) P.Beauv.	ACCEPTED	5290143	Brachypodium distachyon (L.) P.Beauv.	SPECIES	196	Liliopsida	Plantae	1823
152546843	5290144	https://www.gbif.org/species/5290144	Brachypodium phoenicoides (L.) Roem. & Schult.	ACCEPTED	5290144	Brachypodium phoenicoides (L.) Roem. & Schult.	SPECIES	196	Liliopsida	Plantae	1946
152546843	5290144	https://www.gbif.org/species/5290144	Brachypodium phoenicoides (L.) Roem. & Schult.	ACCEPTED	5290144	Brachypodium phoenicoides (L.) Roem. & Schult.	SPECIES	196	Liliopsida	Plantae	1946
152546845	5674919	https://www.gbif.org/species/5674919	Tragus koelerioides Asch.	ACCEPTED	5674919	Tragus koelerioides Asch.	SPECIES	196	Liliopsida	Plantae	1887
152546845	5674919	https://www.gbif.org/species/5674919	Tragus koelerioides Asch.	ACCEPTED	5674919	Tragus koelerioides Asch.	SPECIES	196	Liliopsida	Plantae	1887
152546846	5290130	https://www.gbif.org/species/5290130	Tragus australianus S.T.Blake	ACCEPTED	5290130	Tragus australianus S.T.Blake	SPECIES	196	Liliopsida	Plantae	1899
152546847	5290126	https://www.gbif.org/species/5290126	Tragus racemosus (L.) All.	ACCEPTED	5290126	Tragus racemosus (L.) All.	SPECIES	196	Liliopsida	Plantae	1850
152546848	5290129	https://www.gbif.org/species/5290129	Tragus berteronianus Schult.	ACCEPTED	5290129	Tragus berteronianus Schult.	SPECIES	196	Liliopsida	Plantae	1947
152546848	5290129	https://www.gbif.org/species/5290129	Tragus berteronianus Schult.	ACCEPTED	5290129	Tragus berteronianus Schult.	SPECIES	196	Liliopsida	Plantae	1947
152546850	5290069	https://www.gbif.org/species/5290069	Parapholis incurva (L.) C.E.Hubb.	ACCEPTED	5290069	Parapholis incurva (L.) C.E.Hubb.	SPECIES	196	Liliopsida	Plantae	1895
152546852	5290059	https://www.gbif.org/species/5290059	Beckmannia syzigachne (Steud.) Fernald	ACCEPTED	5290059	Beckmannia syzigachne (Steud.) Fernald	SPECIES	196	Liliopsida	Plantae	1911
152546854	5290052	https://www.gbif.org/species/5290052	Zea mays L.	ACCEPTED	5290052	Zea mays L.	SPECIES	196	Liliopsida	Plantae	1923
152546856	5679952	https://www.gbif.org/species/5679952	Polypogon chilensis (Kunth) Pilg.	ACCEPTED	5679952	Polypogon chilensis (Kunth) Pilg.	SPECIES	196	Liliopsida	Plantae	1906
152546856	5679952	https://www.gbif.org/species/5679952	Polypogon chilensis (Kunth) Pilg.	ACCEPTED	5679952	Polypogon chilensis (Kunth) Pilg.	SPECIES	196	Liliopsida	Plantae	1906
152546857	5289919	https://www.gbif.org/species/5289919	Polypogon viridis (Gouan) Breistr.	ACCEPTED	5289919	Polypogon viridis (Gouan) Breistr.	SPECIES	196	Liliopsida	Plantae	1894
152546858	5289917	https://www.gbif.org/species/5289917	Polypogon monspeliensis (L.) Desf.	ACCEPTED	5289917	Polypogon monspeliensis (L.) Desf.	SPECIES	196	Liliopsida	Plantae	1836
152546859	5289913	https://www.gbif.org/species/5289913	Polypogon maritimus Willd.	ACCEPTED	5289913	Polypogon maritimus Willd.	SPECIES	196	Liliopsida	Plantae	1911
152546860	5289912	https://www.gbif.org/species/5289912	Polypogon fugax Nees ex Steud.	ACCEPTED	5289912	Polypogon fugax Nees ex Steud.	SPECIES	196	Liliopsida	Plantae	1906
152546860	5289912	https://www.gbif.org/species/5289912	Polypogon fugax Nees ex Steud.	ACCEPTED	5289912	Polypogon fugax Nees ex Steud.	SPECIES	196	Liliopsida	Plantae	1906
152546861	5289911	https://www.gbif.org/species/5289911	Polypogon elongatus Kunth	ACCEPTED	5289911	Polypogon elongatus Kunth	SPECIES	196	Liliopsida	Plantae	1883
152546861	5289911	https://www.gbif.org/species/5289911	Polypogon elongatus Kunth	ACCEPTED	5289911	Polypogon elongatus Kunth	SPECIES	196	Liliopsida	Plantae	1883
152546863	5289906	https://www.gbif.org/species/5289906	Rostraria cristata (L.) Tzvelev	ACCEPTED	5289906	Rostraria cristata (L.) Tzvelev	SPECIES	196	Liliopsida	Plantae	1891
152546865	5674047	https://www.gbif.org/species/5674047	Nassella hyalina (Nees) Barkworth	ACCEPTED	5674047	Nassella hyalina (Nees) Barkworth	SPECIES	196	Liliopsida	Plantae	1897
152546865	5674047	https://www.gbif.org/species/5674047	Nassella hyalina (Nees) Barkworth	ACCEPTED	5674047	Nassella hyalina (Nees) Barkworth	SPECIES	196	Liliopsida	Plantae	1897
152546866	5674110	https://www.gbif.org/species/5674110	Nassella filiculmis (Delile) Barkworth	ACCEPTED	5674110	Nassella filiculmis (Delile) Barkworth	SPECIES	196	Liliopsida	Plantae	1949
152546866	5674110	https://www.gbif.org/species/5674110	Nassella filiculmis (Delile) Barkworth	ACCEPTED	5674110	Nassella filiculmis (Delile) Barkworth	SPECIES	196	Liliopsida	Plantae	1949
152546867	5289836	https://www.gbif.org/species/5289836	Nassella formicarum (Delile) Barkworth	ACCEPTED	5289836	Nassella formicarum (Delile) Barkworth	SPECIES	196	Liliopsida	Plantae	1884
152546868	5289833	https://www.gbif.org/species/5289833	Nassella tenuissima (Trin.) Barkworth	ACCEPTED	5289833	Nassella tenuissima (Trin.) Barkworth	SPECIES	196	Liliopsida	Plantae	1894
152546869	5289831	https://www.gbif.org/species/5289831	Nassella neesiana (Trin. & Rupr.) Barkworth	ACCEPTED	5289831	Nassella neesiana (Trin. & Rupr.) Barkworth	SPECIES	196	Liliopsida	Plantae	1895
152546872	5289620	https://www.gbif.org/species/5289620	Chloris truncata R.Br.	ACCEPTED	5289620	Chloris truncata R.Br.	SPECIES	196	Liliopsida	Plantae	1887
152546873	5289623	https://www.gbif.org/species/5289623	Chloris pectinata Benth.	ACCEPTED	5289623	Chloris pectinata Benth.	SPECIES	196	Liliopsida	Plantae	1887
152546874	5289631	https://www.gbif.org/species/5289631	Chloris divaricata R.Br.	ACCEPTED	5289631	Chloris divaricata R.Br.	SPECIES	196	Liliopsida	Plantae	1889
152546874	5289631	https://www.gbif.org/species/5289631	Chloris divaricata R.Br.	ACCEPTED	5289631	Chloris divaricata R.Br.	SPECIES	196	Liliopsida	Plantae	1889
152546875	5289624	https://www.gbif.org/species/5289624	Chloris virgata Sw.	ACCEPTED	5289624	Chloris virgata Sw.	SPECIES	196	Liliopsida	Plantae	1865
152546875	5289624	https://www.gbif.org/species/5289624	Chloris virgata Sw.	ACCEPTED	5289624	Chloris virgata Sw.	SPECIES	196	Liliopsida	Plantae	1865
152546876	5289629	https://www.gbif.org/species/5289629	Chloris ventricosa R.Br.	ACCEPTED	5289629	Chloris ventricosa R.Br.	SPECIES	196	Liliopsida	Plantae	1911
152546878	5676903	https://www.gbif.org/species/5676903	Apera intermedia Hack.	ACCEPTED	5676903	Apera intermedia Hack.	SPECIES	196	Liliopsida	Plantae	1907
152546879	5289643	https://www.gbif.org/species/5289643	Apera interrupta (L.) P.Beauv.	ACCEPTED	5289643	Apera interrupta (L.) P.Beauv.	SPECIES	196	Liliopsida	Plantae	1818
152546886	5290177	https://www.gbif.org/species/5290177	Lagurus ovatus L.	ACCEPTED	5290177	Lagurus ovatus L.	SPECIES	196	Liliopsida	Plantae	1848
152546888	5290242	https://www.gbif.org/species/5290242	Gaudinia fragilis (L.) P.Beauv.	ACCEPTED	5290242	Gaudinia fragilis (L.) P.Beauv.	SPECIES	196	Liliopsida	Plantae	1907
152546890	5290282	https://www.gbif.org/species/5290282	Elymus canadensis L.	ACCEPTED	5290282	Elymus canadensis L.	SPECIES	196	Liliopsida	Plantae	1949
152546894	4142326	https://www.gbif.org/species/4142326	Achnatherum calamagrostis (L.) P.Beauv.	ACCEPTED	4142326	Achnatherum calamagrostis (L.) P.Beauv.	SPECIES	196	Liliopsida	Plantae	1835
152546896	4142153	https://www.gbif.org/species/4142153	Desmazeria sicula (Jacq.) Dumort.	ACCEPTED	4142153	Desmazeria sicula (Jacq.) Dumort.	SPECIES	196	Liliopsida	Plantae	1889
152546898	4146512	https://www.gbif.org/species/4146512	Puccinellia stricta (Hook.f.) C.H.Blom	ACCEPTED	4146512	Puccinellia stricta (Hook.f.) C.H.Blom	SPECIES	196	Liliopsida	Plantae	1901
152546898	4146512	https://www.gbif.org/species/4146512	Puccinellia stricta (Hook.f.) C.H.Blom	ACCEPTED	4146512	Puccinellia stricta (Hook.f.) C.H.Blom	SPECIES	196	Liliopsida	Plantae	1901
152546904	9484350	https://www.gbif.org/species/9484350	Lachnagrostis eriantha (Hack.) A.J.Br.	ACCEPTED	9484350	Lachnagrostis eriantha (Hack.) A.J.Br.	SPECIES	196	Liliopsida	Plantae	1904
152546904	9484350	https://www.gbif.org/species/9484350	Lachnagrostis eriantha (Hack.) A.J.Br.	ACCEPTED	9484350	Lachnagrostis eriantha (Hack.) A.J.Br.	SPECIES	196	Liliopsida	Plantae	1904
152546905	4135892	https://www.gbif.org/species/4135892	Lachnagrostis lachnantha (Nees) Rúgolo & A.M.Molina	ACCEPTED	4135892	Lachnagrostis lachnantha (Nees) Rúgolo & A.M.Molina	SPECIES	196	Liliopsida	Plantae	1891
152546905	4135892	https://www.gbif.org/species/4135892	Lachnagrostis lachnantha (Nees) Rúgolo & A.M.Molina	ACCEPTED	4135892	Lachnagrostis lachnantha (Nees) Rúgolo & A.M.Molina	SPECIES	196	Liliopsida	Plantae	1891
152546906	4136060	https://www.gbif.org/species/4136060	Lachnagrostis billardierei (R.Br.) Trin.	ACCEPTED	4136060	Lachnagrostis billardierei (R.Br.) Trin.	SPECIES	196	Liliopsida	Plantae	1911
152546906	4136060	https://www.gbif.org/species/4136060	Lachnagrostis billardierei (R.Br.) Trin.	ACCEPTED	4136060	Lachnagrostis billardierei (R.Br.) Trin.	SPECIES	196	Liliopsida	Plantae	1911
152546907	4135963	https://www.gbif.org/species/4135963	Lachnagrostis filiformis (G.Forst.) Trin.	ACCEPTED	4135963	Lachnagrostis filiformis (G.Forst.) Trin.	SPECIES	196	Liliopsida	Plantae	1892
152546909	4136390	https://www.gbif.org/species/4136390	Aeluropus littoralis (Gouan) Parl.	ACCEPTED	4136390	Aeluropus littoralis (Gouan) Parl.	SPECIES	196	Liliopsida	Plantae	1853
152546909	4136390	https://www.gbif.org/species/4136390	Aeluropus littoralis (Gouan) Parl.	ACCEPTED	4136390	Aeluropus littoralis (Gouan) Parl.	SPECIES	196	Liliopsida	Plantae	1853
152546921	4127831	https://www.gbif.org/species/4127831	Stipa pennata L.	ACCEPTED	4127831	Stipa pennata L.	SPECIES	196	Liliopsida	Plantae	1824
152546923	4130246	https://www.gbif.org/species/4130246	Stipagrostis pungens (Desf.) De Winter	ACCEPTED	4130246	Stipagrostis pungens (Desf.) De Winter	SPECIES	196	Liliopsida	Plantae	1947
152546923	4130246	https://www.gbif.org/species/4130246	Stipagrostis pungens (Desf.) De Winter	ACCEPTED	4130246	Stipagrostis pungens (Desf.) De Winter	SPECIES	196	Liliopsida	Plantae	1947
152546927	5289972	https://www.gbif.org/species/5289972	Digitaria sanguinalis (L.) Scop.	ACCEPTED	5289972	Digitaria sanguinalis (L.) Scop.	SPECIES	196	Liliopsida	Plantae	1856
152546928	5289957	https://www.gbif.org/species/5289957	Digitaria brownii (Roem. & Schult.) Hughes	ACCEPTED	5289957	Digitaria brownii (Roem. & Schult.) Hughes	SPECIES	196	Liliopsida	Plantae	1911
152546928	5289957	https://www.gbif.org/species/5289957	Digitaria brownii (Roem. & Schult.) Hughes	ACCEPTED	5289957	Digitaria brownii (Roem. & Schult.) Hughes	SPECIES	196	Liliopsida	Plantae	1911
152546930	4131963	https://www.gbif.org/species/4131963	Digitaria acuminatissima Stapf	ACCEPTED	4131963	Digitaria acuminatissima Stapf	SPECIES	196	Liliopsida	Plantae	1947
152546930	4131963	https://www.gbif.org/species/4131963	Digitaria acuminatissima Stapf	ACCEPTED	4131963	Digitaria acuminatissima Stapf	SPECIES	196	Liliopsida	Plantae	1947
152546934	7517279	https://www.gbif.org/species/7517279	Rytidosperma tenuius (Steud.) O.E.Erikss., A.Hansen & Sunding	ACCEPTED	7517279	Rytidosperma tenuius (Steud.) O.E.Erikss., A.Hansen & Sunding	SPECIES	196	Liliopsida	Plantae	1948
152546934	7517279	https://www.gbif.org/species/7517279	Rytidosperma tenuius (Steud.) O.E.Erikss., A.Hansen & Sunding	ACCEPTED	7517279	Rytidosperma tenuius (Steud.) O.E.Erikss., A.Hansen & Sunding	SPECIES	196	Liliopsida	Plantae	1948
152546935	4136338	https://www.gbif.org/species/4136338	Rytidosperma gracile (Hook.f.) Connor & Edgar	ACCEPTED	4136338	Rytidosperma gracile (Hook.f.) Connor & Edgar	SPECIES	196	Liliopsida	Plantae	1911
152546935	4136338	https://www.gbif.org/species/4136338	Rytidosperma gracile (Hook.f.) Connor & Edgar	ACCEPTED	4136338	Rytidosperma gracile (Hook.f.) Connor & Edgar	SPECIES	196	Liliopsida	Plantae	1911
152546936	4121201	https://www.gbif.org/species/4121201	Rytidosperma thomsonii (Buchanan) Connor & Edgar	ACCEPTED	4121201	Rytidosperma thomsonii (Buchanan) Connor & Edgar	SPECIES	196	Liliopsida	Plantae	1911
152546936	4121201	https://www.gbif.org/species/4121201	Rytidosperma thomsonii (Buchanan) Connor & Edgar	ACCEPTED	4121201	Rytidosperma thomsonii (Buchanan) Connor & Edgar	SPECIES	196	Liliopsida	Plantae	1911
152546938	4125110	https://www.gbif.org/species/4125110	Harpachne schimperi Hochst. ex A.Rich.	ACCEPTED	4125110	Harpachne schimperi Hochst. ex A.Rich.	SPECIES	196	Liliopsida	Plantae	1947
152546938	4125110	https://www.gbif.org/species/4125110	Harpachne schimperi Hochst. ex A.Rich.	ACCEPTED	4125110	Harpachne schimperi Hochst. ex A.Rich.	SPECIES	196	Liliopsida	Plantae	1947
152546940	4125808	https://www.gbif.org/species/4125808	Thinopyrum elongatum (Host) D.R.Dewey	ACCEPTED	4125808	Thinopyrum elongatum (Host) D.R.Dewey	SPECIES	196	Liliopsida	Plantae	1823
152546940	4125808	https://www.gbif.org/species/4125808	Thinopyrum elongatum (Host) D.R.Dewey	ACCEPTED	4125808	Thinopyrum elongatum (Host) D.R.Dewey	SPECIES	196	Liliopsida	Plantae	1823
152546942	6710856	https://www.gbif.org/species/6710856	Austrostipa scabra subsp. scabra	ACCEPTED	6710856	Austrostipa scabra subsp. scabra	SUBSPECIES	196	Liliopsida	Plantae	1897
152546942	6710856	https://www.gbif.org/species/6710856	Austrostipa scabra subsp. scabra	ACCEPTED	6710856	Austrostipa scabra subsp. scabra	SUBSPECIES	196	Liliopsida	Plantae	1897
152546944	4104890	https://www.gbif.org/species/4104890	Austrostipa scabra subsp. falcata (Hughes) S.W.L.Jacobs & J.Everett	ACCEPTED	4104890	Austrostipa scabra subsp. falcata (Hughes) S.W.L.Jacobs & J.Everett	SUBSPECIES	196	Liliopsida	Plantae	1896
152546944	4104890	https://www.gbif.org/species/4104890	Austrostipa scabra subsp. falcata (Hughes) S.W.L.Jacobs & J.Everett	ACCEPTED	4104890	Austrostipa scabra subsp. falcata (Hughes) S.W.L.Jacobs & J.Everett	SUBSPECIES	196	Liliopsida	Plantae	1896
152546945	4105208	https://www.gbif.org/species/4105208	Austrostipa nitida (Summerh. & C.E.Hubb.) S.W.L.Jacobs & J.Everett	ACCEPTED	4105208	Austrostipa nitida (Summerh. & C.E.Hubb.) S.W.L.Jacobs & J.Everett	SPECIES	196	Liliopsida	Plantae	1902
152546945	4105208	https://www.gbif.org/species/4105208	Austrostipa nitida (Summerh. & C.E.Hubb.) S.W.L.Jacobs & J.Everett	ACCEPTED	4105208	Austrostipa nitida (Summerh. & C.E.Hubb.) S.W.L.Jacobs & J.Everett	SPECIES	196	Liliopsida	Plantae	1902
152546949	4131042	https://www.gbif.org/species/4131042	Bromus hordeaceus subsp. longipedicellatus Spalton	ACCEPTED	4131042	Bromus hordeaceus subsp. longipedicellatus Spalton	SUBSPECIES	196	Liliopsida	Plantae	1895
152546950	4122609	https://www.gbif.org/species/4122609	Bromus pectinatus Thunb.	ACCEPTED	4122609	Bromus pectinatus Thunb.	SPECIES	196	Liliopsida	Plantae	1881
152546951	2703765	https://www.gbif.org/species/2703765	Bromus arenarius Labill.	ACCEPTED	2703765	Bromus arenarius Labill.	SPECIES	196	Liliopsida	Plantae	1898
152546951	2703765	https://www.gbif.org/species/2703765	Bromus arenarius Labill.	ACCEPTED	2703765	Bromus arenarius Labill.	SPECIES	196	Liliopsida	Plantae	1898
152546953	2703698	https://www.gbif.org/species/2703698	Bromus sitchensis Trin.	ACCEPTED	2703698	Bromus sitchensis Trin.	SPECIES	196	Liliopsida	Plantae	1944
152546954	2703700	https://www.gbif.org/species/2703700	Bromus squarrosus L.	ACCEPTED	2703700	Bromus squarrosus L.	SPECIES	196	Liliopsida	Plantae	1850
152546956	2703670	https://www.gbif.org/species/2703670	Bromus inermis Leyss.	ACCEPTED	2703670	Bromus inermis Leyss.	SPECIES	196	Liliopsida	Plantae	1823
152546957	2703682	https://www.gbif.org/species/2703682	Bromus briziformis Fisch. & C.A.Mey.	ACCEPTED	2703682	Bromus briziformis Fisch. & C.A.Mey.	SPECIES	196	Liliopsida	Plantae	1922
152546957	2703682	https://www.gbif.org/species/2703682	Bromus briziformis Fisch. & C.A.Mey.	ACCEPTED	2703682	Bromus briziformis Fisch. & C.A.Mey.	SPECIES	196	Liliopsida	Plantae	1922
152546958	2703686	https://www.gbif.org/species/2703686	Bromus marginatus Nees ex Steud.	ACCEPTED	2703686	Bromus marginatus Nees ex Steud.	SPECIES	196	Liliopsida	Plantae	1930
152546958	2703686	https://www.gbif.org/species/2703686	Bromus marginatus Nees ex Steud.	ACCEPTED	2703686	Bromus marginatus Nees ex Steud.	SPECIES	196	Liliopsida	Plantae	1930
152546959	2703731	https://www.gbif.org/species/2703731	Bromus brevis Steud.	ACCEPTED	2703731	Bromus brevis Steud.	SPECIES	196	Liliopsida	Plantae	1902
152546959	2703731	https://www.gbif.org/species/2703731	Bromus brevis Steud.	ACCEPTED	2703731	Bromus brevis Steud.	SPECIES	196	Liliopsida	Plantae	1902
152546960	2703733	https://www.gbif.org/species/2703733	Bromus lanceolatus Roth	ACCEPTED	2703733	Bromus lanceolatus Roth	SPECIES	196	Liliopsida	Plantae	1888
152546961	2703740	https://www.gbif.org/species/2703740	Bromus rubens L.	ACCEPTED	2703740	Bromus rubens L.	SPECIES	196	Liliopsida	Plantae	1904
152546962	2703760	https://www.gbif.org/species/2703760	Bromus diandrus Roth	ACCEPTED	2703760	Bromus diandrus Roth	SPECIES	196	Liliopsida	Plantae	1905
152546963	2703711	https://www.gbif.org/species/2703711	Bromus lepidus Holmb.	ACCEPTED	2703711	Bromus lepidus Holmb.	SPECIES	196	Liliopsida	Plantae	1916
152546964	2703720	https://www.gbif.org/species/2703720	Bromus scoparius L.	ACCEPTED	2703720	Bromus scoparius L.	SPECIES	196	Liliopsida	Plantae	1827
152546965	2703721	https://www.gbif.org/species/2703721	Bromus madritensis L.	ACCEPTED	2703721	Bromus madritensis L.	SPECIES	196	Liliopsida	Plantae	1848
152546966	2703723	https://www.gbif.org/species/2703723	Bromus catharticus Vahl	ACCEPTED	2703723	Bromus catharticus Vahl	SPECIES	196	Liliopsida	Plantae	1864
152546968	4110879	https://www.gbif.org/species/4110879	Poa sieberiana Spreng.	ACCEPTED	4110879	Poa sieberiana Spreng.	SPECIES	196	Liliopsida	Plantae	1947
152546968	4110879	https://www.gbif.org/species/4110879	Poa sieberiana Spreng.	ACCEPTED	4110879	Poa sieberiana Spreng.	SPECIES	196	Liliopsida	Plantae	1947
152546969	2704234	https://www.gbif.org/species/2704234	Poa alpina L.	ACCEPTED	2704234	Poa alpina L.	SPECIES	196	Liliopsida	Plantae	1850
152546969	2704234	https://www.gbif.org/species/2704234	Poa alpina L.	ACCEPTED	2704234	Poa alpina L.	SPECIES	196	Liliopsida	Plantae	1850
152546972	2704394	https://www.gbif.org/species/2704394	Cynosurus echinatus L.	ACCEPTED	2704394	Cynosurus echinatus L.	SPECIES	196	Liliopsida	Plantae	1824
152546974	2704341	https://www.gbif.org/species/2704341	Schismus barbatus (L.) Thell.	ACCEPTED	2704341	Schismus barbatus (L.) Thell.	SPECIES	196	Liliopsida	Plantae	1836
152546976	2704038	https://www.gbif.org/species/2704038	Muhlenbergia mexicana (L.) Trin.	ACCEPTED	2704038	Muhlenbergia mexicana (L.) Trin.	SPECIES	196	Liliopsida	Plantae	1824
152546978	4152153	https://www.gbif.org/species/4152153	Enneapogon scaber Lehm.	ACCEPTED	4152153	Enneapogon scaber Lehm.	SPECIES	196	Liliopsida	Plantae	1912
152546978	4152153	https://www.gbif.org/species/4152153	Enneapogon scaber Lehm.	ACCEPTED	4152153	Enneapogon scaber Lehm.	SPECIES	196	Liliopsida	Plantae	1912
152546979	2703892	https://www.gbif.org/species/2703892	Enneapogon desvauxii P.Beauv.	ACCEPTED	2703892	Enneapogon desvauxii P.Beauv.	SPECIES	196	Liliopsida	Plantae	1912
152546979	2703892	https://www.gbif.org/species/2703892	Enneapogon desvauxii P.Beauv.	ACCEPTED	2703892	Enneapogon desvauxii P.Beauv.	SPECIES	196	Liliopsida	Plantae	1912
152546981	4136695	https://www.gbif.org/species/4136695	Bothriochloa macra (Steud.) S.T.Blake	ACCEPTED	4136695	Bothriochloa macra (Steud.) S.T.Blake	SPECIES	196	Liliopsida	Plantae	1911
152546981	4136695	https://www.gbif.org/species/4136695	Bothriochloa macra (Steud.) S.T.Blake	ACCEPTED	4136695	Bothriochloa macra (Steud.) S.T.Blake	SPECIES	196	Liliopsida	Plantae	1911
152546982	2704112	https://www.gbif.org/species/2704112	Bothriochloa decipiens (Hack.) C.E.Hubb.	ACCEPTED	2704112	Bothriochloa decipiens (Hack.) C.E.Hubb.	SPECIES	196	Liliopsida	Plantae	1947
152546982	2704112	https://www.gbif.org/species/2704112	Bothriochloa decipiens (Hack.) C.E.Hubb.	ACCEPTED	2704112	Bothriochloa decipiens (Hack.) C.E.Hubb.	SPECIES	196	Liliopsida	Plantae	1947
152546983	2704102	https://www.gbif.org/species/2704102	Bothriochloa ischaemum (L.) Keng	ACCEPTED	2704102	Bothriochloa ischaemum (L.) Keng	SPECIES	196	Liliopsida	Plantae	1813
152546988	2702793	https://www.gbif.org/species/2702793	Briza minor L.	ACCEPTED	2702793	Briza minor L.	SPECIES	196	Liliopsida	Plantae	1812
152546989	2702792	https://www.gbif.org/species/2702792	Briza maxima L.	ACCEPTED	2702792	Briza maxima L.	SPECIES	196	Liliopsida	Plantae	1853
152546993	4118753	https://www.gbif.org/species/4118753	Echinochloa jubata Stapf	ACCEPTED	4118753	Echinochloa jubata Stapf	SPECIES	196	Liliopsida	Plantae	1908
152546993	4118753	https://www.gbif.org/species/4118753	Echinochloa jubata Stapf	ACCEPTED	4118753	Echinochloa jubata Stapf	SPECIES	196	Liliopsida	Plantae	1908
152546996	2702798	https://www.gbif.org/species/2702798	Echinochloa esculenta (A.Braun) H.Scholz	SYNONYM	6313089	Echinochloa crus-galli subsp. utilis (Ohwi & Yabuno) T.Koyama	SUBSPECIES	196	Liliopsida	Plantae	1948
152546997	2702808	https://www.gbif.org/species/2702808	Echinochloa crus-galli (L.) P.Beauv.	ACCEPTED	2702808	Echinochloa crus-galli (L.) P.Beauv.	SPECIES	196	Liliopsida	Plantae	1800
152546999	4134633	https://www.gbif.org/species/4134633	Eriochloa australiensis Stapf & Thell.	ACCEPTED	4134633	Eriochloa australiensis Stapf & Thell.	SPECIES	196	Liliopsida	Plantae	1911
152546999	4134633	https://www.gbif.org/species/4134633	Eriochloa australiensis Stapf & Thell.	ACCEPTED	4134633	Eriochloa australiensis Stapf & Thell.	SPECIES	196	Liliopsida	Plantae	1911
152547000	4134508	https://www.gbif.org/species/4134508	Eriochloa crebra S.T.Blake	ACCEPTED	4134508	Eriochloa crebra S.T.Blake	SPECIES	196	Liliopsida	Plantae	1895
152547000	4134508	https://www.gbif.org/species/4134508	Eriochloa crebra S.T.Blake	ACCEPTED	4134508	Eriochloa crebra S.T.Blake	SPECIES	196	Liliopsida	Plantae	1895
152547001	2702519	https://www.gbif.org/species/2702519	Eriochloa pseudoacrotricha (Stapf ex Thell.) J.M.Black	ACCEPTED	2702519	Eriochloa pseudoacrotricha (Stapf ex Thell.) J.M.Black	SPECIES	196	Liliopsida	Plantae	1904
152547001	2702519	https://www.gbif.org/species/2702519	Eriochloa pseudoacrotricha (Stapf ex Thell.) J.M.Black	ACCEPTED	2702519	Eriochloa pseudoacrotricha (Stapf ex Thell.) J.M.Black	SPECIES	196	Liliopsida	Plantae	1904
152547002	2702527	https://www.gbif.org/species/2702527	Eriochloa procera (Retz.) C.E.Hubb.	ACCEPTED	2702527	Eriochloa procera (Retz.) C.E.Hubb.	SPECIES	196	Liliopsida	Plantae	1899
152547005	2703109	https://www.gbif.org/species/2703109	Melica altissima L.	ACCEPTED	2703109	Melica altissima L.	SPECIES	196	Liliopsida	Plantae	1888
152547011	2705972	https://www.gbif.org/species/2705972	Anthoxanthum aristatum Boiss.	ACCEPTED	2705972	Anthoxanthum aristatum Boiss.	SPECIES	196	Liliopsida	Plantae	1840
152547014	2702862	https://www.gbif.org/species/2702862	Ehrharta longiflora Sm.	ACCEPTED	2702862	Ehrharta longiflora Sm.	SPECIES	196	Liliopsida	Plantae	1911
152547014	2702862	https://www.gbif.org/species/2702862	Ehrharta longiflora Sm.	ACCEPTED	2702862	Ehrharta longiflora Sm.	SPECIES	196	Liliopsida	Plantae	1911
152547018	2703077	https://www.gbif.org/species/2703077	Chasmanthium latifolium (Michx.) H.O.Yates	ACCEPTED	2703077	Chasmanthium latifolium (Michx.) H.O.Yates	SPECIES	196	Liliopsida	Plantae	1949
152547018	2703077	https://www.gbif.org/species/2703077	Chasmanthium latifolium (Michx.) H.O.Yates	ACCEPTED	2703077	Chasmanthium latifolium (Michx.) H.O.Yates	SPECIES	196	Liliopsida	Plantae	1949
152547020	2705737	https://www.gbif.org/species/2705737	Oplismenus hirtellus (L.) P.Beauv.	ACCEPTED	2705737	Oplismenus hirtellus (L.) P.Beauv.	SPECIES	196	Liliopsida	Plantae	1901
152547020	2705737	https://www.gbif.org/species/2705737	Oplismenus hirtellus (L.) P.Beauv.	ACCEPTED	2705737	Oplismenus hirtellus (L.) P.Beauv.	SPECIES	196	Liliopsida	Plantae	1901
152547022	2705666	https://www.gbif.org/species/2705666	Taeniatherum caput-medusae (L.) Nevski	ACCEPTED	2705666	Taeniatherum caput-medusae (L.) Nevski	SPECIES	196	Liliopsida	Plantae	1911
152547026	2705955	https://www.gbif.org/species/2705955	Eleusine tristachya (Lam.) Lam.	ACCEPTED	2705955	Eleusine tristachya (Lam.) Lam.	SPECIES	196	Liliopsida	Plantae	1886
152547027	2705957	https://www.gbif.org/species/2705957	Eleusine coracana (L.) Gaertn.	ACCEPTED	2705957	Eleusine coracana (L.) Gaertn.	SPECIES	196	Liliopsida	Plantae	1947
152547028	2705953	https://www.gbif.org/species/2705953	Eleusine indica (L.) Gaertn.	ACCEPTED	2705953	Eleusine indica (L.) Gaertn.	SPECIES	196	Liliopsida	Plantae	1857
152547030	2705869	https://www.gbif.org/species/2705869	Urochloa panicoides P.Beauv.	ACCEPTED	2705869	Urochloa panicoides P.Beauv.	SPECIES	196	Liliopsida	Plantae	1949
152547040	8174035	https://www.gbif.org/species/8174035	Avena nuda L.	ACCEPTED	8174035	Avena nuda L.	SPECIES	196	Liliopsida	Plantae	1881
152547040	8174035	https://www.gbif.org/species/8174035	Avena nuda L.	ACCEPTED	8174035	Avena nuda L.	SPECIES	196	Liliopsida	Plantae	1881
152547041	8322034	https://www.gbif.org/species/8322034	Avena ×marquandii Druce	ACCEPTED	8322034	Avena ×marquandii Druce	SPECIES	196	Liliopsida	Plantae	1850
152547042	7226804	https://www.gbif.org/species/7226804	Avena sterilis subsp. sterilis	ACCEPTED	7226804	Avena sterilis subsp. sterilis	SUBSPECIES	196	Liliopsida	Plantae	1823
152547043	4154800	https://www.gbif.org/species/4154800	Avena brevis Roth	ACCEPTED	4154800	Avena brevis Roth	SPECIES	196	Liliopsida	Plantae	1885
152547044	2705295	https://www.gbif.org/species/2705295	Avena strigosa Schreb.	ACCEPTED	2705295	Avena strigosa Schreb.	SPECIES	196	Liliopsida	Plantae	1811
152547044	2705295	https://www.gbif.org/species/2705295	Avena strigosa Schreb.	ACCEPTED	2705295	Avena strigosa Schreb.	SPECIES	196	Liliopsida	Plantae	1865
152547045	2705300	https://www.gbif.org/species/2705300	Avena barbata Pott ex Link	ACCEPTED	2705300	Avena barbata Pott ex Link	SPECIES	196	Liliopsida	Plantae	1824
152547045	2705300	https://www.gbif.org/species/2705300	Avena barbata Pott ex Link	ACCEPTED	2705300	Avena barbata Pott ex Link	SPECIES	196	Liliopsida	Plantae	1902
152547046	2705290	https://www.gbif.org/species/2705290	Avena sativa L.	ACCEPTED	2705290	Avena sativa L.	SPECIES	196	Liliopsida	Plantae	1854
152547048	2705181	https://www.gbif.org/species/2705181	Sorghum bicolor (L.) Moench	ACCEPTED	2705181	Sorghum bicolor (L.) Moench	SPECIES	196	Liliopsida	Plantae	1935
152547049	2705185	https://www.gbif.org/species/2705185	Sorghum halepense (L.) Pers.	ACCEPTED	2705185	Sorghum halepense (L.) Pers.	SPECIES	196	Liliopsida	Plantae	1884
152547051	8018483	https://www.gbif.org/species/8018483	Eragrostis neomexicana Vasey	ACCEPTED	8018483	Eragrostis neomexicana Vasey	SPECIES	196	Liliopsida	Plantae	1947
152547052	8192063	https://www.gbif.org/species/8192063	Eragrostis lacunaria F.Muell. ex Benth.	DOUBTFUL	8192063	Eragrostis lacunaria F.Muell. ex Benth.	SPECIES	196	Liliopsida	Plantae	1911
152547052	8192063	https://www.gbif.org/species/8192063	Eragrostis lacunaria F.Muell. ex Benth.	DOUBTFUL	8192063	Eragrostis lacunaria F.Muell. ex Benth.	SPECIES	196	Liliopsida	Plantae	1911
152547054	4142741	https://www.gbif.org/species/4142741	Eragrostis planiculmis Nees	ACCEPTED	4142741	Eragrostis planiculmis Nees	SPECIES	196	Liliopsida	Plantae	1947
152547054	4142741	https://www.gbif.org/species/4142741	Eragrostis planiculmis Nees	ACCEPTED	4142741	Eragrostis planiculmis Nees	SPECIES	196	Liliopsida	Plantae	1947
152547055	4142399	https://www.gbif.org/species/4142399	Eragrostis procumbens Nees	ACCEPTED	4142399	Eragrostis procumbens Nees	SPECIES	196	Liliopsida	Plantae	1921
152547055	4142399	https://www.gbif.org/species/4142399	Eragrostis procumbens Nees	ACCEPTED	4142399	Eragrostis procumbens Nees	SPECIES	196	Liliopsida	Plantae	1921
152547056	4145354	https://www.gbif.org/species/4145354	Eragrostis leptocarpa Benth.	ACCEPTED	4145354	Eragrostis leptocarpa Benth.	SPECIES	196	Liliopsida	Plantae	1904
152547056	4145354	https://www.gbif.org/species/4145354	Eragrostis leptocarpa Benth.	ACCEPTED	4145354	Eragrostis leptocarpa Benth.	SPECIES	196	Liliopsida	Plantae	1904
152547057	4143912	https://www.gbif.org/species/4143912	Eragrostis neesii Trin.	ACCEPTED	4143912	Eragrostis neesii Trin.	SPECIES	196	Liliopsida	Plantae	1895
152547057	4143912	https://www.gbif.org/species/4143912	Eragrostis neesii Trin.	ACCEPTED	4143912	Eragrostis neesii Trin.	SPECIES	196	Liliopsida	Plantae	1895
152547058	4143852	https://www.gbif.org/species/4143852	Eragrostis nigra Nees ex Steud.	ACCEPTED	4143852	Eragrostis nigra Nees ex Steud.	SPECIES	196	Liliopsida	Plantae	1913
152547058	4143852	https://www.gbif.org/species/4143852	Eragrostis nigra Nees ex Steud.	ACCEPTED	4143852	Eragrostis nigra Nees ex Steud.	SPECIES	196	Liliopsida	Plantae	1913
152547059	4143702	https://www.gbif.org/species/4143702	Eragrostis obtusa Munro ex Ficalho & Hiern	ACCEPTED	4143702	Eragrostis obtusa Munro ex Ficalho & Hiern	SPECIES	196	Liliopsida	Plantae	1911
152547059	4143702	https://www.gbif.org/species/4143702	Eragrostis obtusa Munro ex Ficalho & Hiern	ACCEPTED	4143702	Eragrostis obtusa Munro ex Ficalho & Hiern	SPECIES	196	Liliopsida	Plantae	1911
152547060	4150636	https://www.gbif.org/species/4150636	Eragrostis alveiformis Lazarides	ACCEPTED	4150636	Eragrostis alveiformis Lazarides	SPECIES	196	Liliopsida	Plantae	1924
152547060	4150636	https://www.gbif.org/species/4150636	Eragrostis alveiformis Lazarides	ACCEPTED	4150636	Eragrostis alveiformis Lazarides	SPECIES	196	Liliopsida	Plantae	1924
152547061	4117648	https://www.gbif.org/species/4117648	Eragrostis bicolor Nees	ACCEPTED	4117648	Eragrostis bicolor Nees	SPECIES	196	Liliopsida	Plantae	1911
152547061	4117648	https://www.gbif.org/species/4117648	Eragrostis bicolor Nees	ACCEPTED	4117648	Eragrostis bicolor Nees	SPECIES	196	Liliopsida	Plantae	1911
152547063	4113766	https://www.gbif.org/species/4113766	Eragrostis dielsii Pilg.	ACCEPTED	4113766	Eragrostis dielsii Pilg.	SPECIES	196	Liliopsida	Plantae	1904
152547063	4113766	https://www.gbif.org/species/4113766	Eragrostis dielsii Pilg.	ACCEPTED	4113766	Eragrostis dielsii Pilg.	SPECIES	196	Liliopsida	Plantae	1904
152547064	2705325	https://www.gbif.org/species/2705325	Eragrostis tef (Zuccagni) Trotter	ACCEPTED	2705325	Eragrostis tef (Zuccagni) Trotter	SPECIES	196	Liliopsida	Plantae	1939
152547065	2705339	https://www.gbif.org/species/2705339	Eragrostis mexicana (Hornem.) Link	ACCEPTED	2705339	Eragrostis mexicana (Hornem.) Link	SPECIES	196	Liliopsida	Plantae	1822
152547066	2705341	https://www.gbif.org/species/2705341	Eragrostis atrovirens (Desf.) Trin. ex Steud.	ACCEPTED	2705341	Eragrostis atrovirens (Desf.) Trin. ex Steud.	SPECIES	196	Liliopsida	Plantae	1948
152547066	2705341	https://www.gbif.org/species/2705341	Eragrostis atrovirens (Desf.) Trin. ex Steud.	ACCEPTED	2705341	Eragrostis atrovirens (Desf.) Trin. ex Steud.	SPECIES	196	Liliopsida	Plantae	1948
152547067	2705350	https://www.gbif.org/species/2705350	Eragrostis plana Nees	ACCEPTED	2705350	Eragrostis plana Nees	SPECIES	196	Liliopsida	Plantae	1911
152547067	2705350	https://www.gbif.org/species/2705350	Eragrostis plana Nees	ACCEPTED	2705350	Eragrostis plana Nees	SPECIES	196	Liliopsida	Plantae	1911
152547068	2705362	https://www.gbif.org/species/2705362	Eragrostis elongata (Willd.) J.Jacq.	ACCEPTED	2705362	Eragrostis elongata (Willd.) J.Jacq.	SPECIES	196	Liliopsida	Plantae	1911
152547068	2705362	https://www.gbif.org/species/2705362	Eragrostis elongata (Willd.) J.Jacq.	ACCEPTED	2705362	Eragrostis elongata (Willd.) J.Jacq.	SPECIES	196	Liliopsida	Plantae	1911
152547069	2705452	https://www.gbif.org/species/2705452	Eragrostis bahiensis Schult.	ACCEPTED	2705452	Eragrostis bahiensis Schult.	SPECIES	196	Liliopsida	Plantae	1921
152547069	2705452	https://www.gbif.org/species/2705452	Eragrostis bahiensis Schult.	ACCEPTED	2705452	Eragrostis bahiensis Schult.	SPECIES	196	Liliopsida	Plantae	1921
152547070	2705449	https://www.gbif.org/species/2705449	Eragrostis minor Host	ACCEPTED	2705449	Eragrostis minor Host	SPECIES	196	Liliopsida	Plantae	1835
152547071	2705431	https://www.gbif.org/species/2705431	Eragrostis barrelieri Daveau	ACCEPTED	2705431	Eragrostis barrelieri Daveau	SPECIES	196	Liliopsida	Plantae	1948
152547071	2705431	https://www.gbif.org/species/2705431	Eragrostis barrelieri Daveau	ACCEPTED	2705431	Eragrostis barrelieri Daveau	SPECIES	196	Liliopsida	Plantae	1948
152547072	2705393	https://www.gbif.org/species/2705393	Eragrostis parviflora (R.Br.) Trin.	ACCEPTED	2705393	Eragrostis parviflora (R.Br.) Trin.	SPECIES	196	Liliopsida	Plantae	1887
152547072	2705393	https://www.gbif.org/species/2705393	Eragrostis parviflora (R.Br.) Trin.	ACCEPTED	2705393	Eragrostis parviflora (R.Br.) Trin.	SPECIES	196	Liliopsida	Plantae	1887
152547073	2705378	https://www.gbif.org/species/2705378	Eragrostis curvula (Schrad.) Nees	ACCEPTED	2705378	Eragrostis curvula (Schrad.) Nees	SPECIES	196	Liliopsida	Plantae	1893
152547073	2705378	https://www.gbif.org/species/2705378	Eragrostis curvula (Schrad.) Nees	ACCEPTED	2705378	Eragrostis curvula (Schrad.) Nees	SPECIES	196	Liliopsida	Plantae	1893
152547074	2705373	https://www.gbif.org/species/2705373	Eragrostis ciliaris (L.) R.Br.	ACCEPTED	2705373	Eragrostis ciliaris (L.) R.Br.	SPECIES	196	Liliopsida	Plantae	1897
152547074	2705373	https://www.gbif.org/species/2705373	Eragrostis ciliaris (L.) R.Br.	ACCEPTED	2705373	Eragrostis ciliaris (L.) R.Br.	SPECIES	196	Liliopsida	Plantae	1897
152547076	2705422	https://www.gbif.org/species/2705422	Eragrostis leptostachya (R.Br.) Steud.	ACCEPTED	2705422	Eragrostis leptostachya (R.Br.) Steud.	SPECIES	196	Liliopsida	Plantae	1911
152547076	2705422	https://www.gbif.org/species/2705422	Eragrostis leptostachya (R.Br.) Steud.	ACCEPTED	2705422	Eragrostis leptostachya (R.Br.) Steud.	SPECIES	196	Liliopsida	Plantae	1911
152547077	2705420	https://www.gbif.org/species/2705420	Eragrostis pectinacea (Michx.) Nees	ACCEPTED	2705420	Eragrostis pectinacea (Michx.) Nees	SPECIES	196	Liliopsida	Plantae	1940
152547078	2705401	https://www.gbif.org/species/2705401	Eragrostis multicaulis Steud.	ACCEPTED	2705401	Eragrostis multicaulis Steud.	SPECIES	196	Liliopsida	Plantae	1943
152547079	2705400	https://www.gbif.org/species/2705400	Eragrostis pilosa (L.) P.Beauv.	ACCEPTED	2705400	Eragrostis pilosa (L.) P.Beauv.	SPECIES	196	Liliopsida	Plantae	1877
152547081	9393876	https://www.gbif.org/species/9393876	Sporobolus ×townsendii (H.Groves & J.Groves) P.M.Peterson & Saarela	ACCEPTED	9393876	Sporobolus ×townsendii (H.Groves & J.Groves) P.M.Peterson & Saarela	SPECIES	196	Liliopsida	Plantae	1938
152547081	9393876	https://www.gbif.org/species/9393876	Sporobolus ×townsendii (H.Groves & J.Groves) P.M.Peterson & Saarela	ACCEPTED	9393876	Sporobolus ×townsendii (H.Groves & J.Groves) P.M.Peterson & Saarela	SPECIES	196	Liliopsida	Plantae	1938
152547082	8047362	https://www.gbif.org/species/8047362	Sporobolus creber De Nardi	ACCEPTED	8047362	Sporobolus creber De Nardi	SPECIES	196	Liliopsida	Plantae	1911
152547082	8047362	https://www.gbif.org/species/8047362	Sporobolus creber De Nardi	ACCEPTED	8047362	Sporobolus creber De Nardi	SPECIES	196	Liliopsida	Plantae	1911
152547083	4152259	https://www.gbif.org/species/4152259	Sporobolus africanus (Poir.) Robyns & Tournay	ACCEPTED	4152259	Sporobolus africanus (Poir.) Robyns & Tournay	SPECIES	196	Liliopsida	Plantae	1911
152547084	4151306	https://www.gbif.org/species/4151306	Sporobolus caroli Mez	ACCEPTED	4151306	Sporobolus caroli Mez	SPECIES	196	Liliopsida	Plantae	1911
152547084	4151306	https://www.gbif.org/species/4151306	Sporobolus caroli Mez	ACCEPTED	4151306	Sporobolus caroli Mez	SPECIES	196	Liliopsida	Plantae	1911
152547086	2704757	https://www.gbif.org/species/2704757	Sporobolus indicus (L.) R.Br.	ACCEPTED	2704757	Sporobolus indicus (L.) R.Br.	SPECIES	196	Liliopsida	Plantae	1886
152547092	6449041	https://www.gbif.org/species/6449041	Panicum miliaceum subsp. miliaceum	ACCEPTED	6449041	Panicum miliaceum subsp. miliaceum	SUBSPECIES	196	Liliopsida	Plantae	1868
152547093	4116709	https://www.gbif.org/species/4116709	Panicum laevinode Lindl.	ACCEPTED	4116709	Panicum laevinode Lindl.	SPECIES	196	Liliopsida	Plantae	1904
152547093	4116709	https://www.gbif.org/species/4116709	Panicum laevinode Lindl.	ACCEPTED	4116709	Panicum laevinode Lindl.	SPECIES	196	Liliopsida	Plantae	1904
152547094	4125308	https://www.gbif.org/species/4125308	Panicum schinzii Hack.	ACCEPTED	4125308	Panicum schinzii Hack.	SPECIES	196	Liliopsida	Plantae	1887
152547095	4113402	https://www.gbif.org/species/4113402	Panicum decompositum R.Br.	ACCEPTED	4113402	Panicum decompositum R.Br.	SPECIES	196	Liliopsida	Plantae	1905
152547095	4113402	https://www.gbif.org/species/4113402	Panicum decompositum R.Br.	ACCEPTED	4113402	Panicum decompositum R.Br.	SPECIES	196	Liliopsida	Plantae	1905
152547096	2705081	https://www.gbif.org/species/2705081	Panicum virgatum L.	ACCEPTED	2705081	Panicum virgatum L.	SPECIES	196	Liliopsida	Plantae	1948
152547098	2705092	https://www.gbif.org/species/2705092	Panicum coloratum L.	ACCEPTED	2705092	Panicum coloratum L.	SPECIES	196	Liliopsida	Plantae	1901
152547100	2705141	https://www.gbif.org/species/2705141	Panicum antidotale Retz.	ACCEPTED	2705141	Panicum antidotale Retz.	SPECIES	196	Liliopsida	Plantae	1895
152547100	2705141	https://www.gbif.org/species/2705141	Panicum antidotale Retz.	ACCEPTED	2705141	Panicum antidotale Retz.	SPECIES	196	Liliopsida	Plantae	1895
152547101	2705144	https://www.gbif.org/species/2705144	Panicum dichotomiflorum Michx.	ACCEPTED	2705144	Panicum dichotomiflorum Michx.	SPECIES	196	Liliopsida	Plantae	1881
152547102	2705162	https://www.gbif.org/species/2705162	Panicum capillare L.	ACCEPTED	2705162	Panicum capillare L.	SPECIES	196	Liliopsida	Plantae	1861
152547105	2704966	https://www.gbif.org/species/2704966	Festuca valesiaca Schleich. ex Gaudin	ACCEPTED	2704966	Festuca valesiaca Schleich. ex Gaudin	SPECIES	196	Liliopsida	Plantae	1824
152547106	2705031	https://www.gbif.org/species/2705031	Festuca glauca Vill.	ACCEPTED	2705031	Festuca glauca Vill.	SPECIES	196	Liliopsida	Plantae	1887
152547106	2705031	https://www.gbif.org/species/2705031	Festuca glauca Vill.	ACCEPTED	2705031	Festuca glauca Vill.	SPECIES	196	Liliopsida	Plantae	1887
152547110	2706195	https://www.gbif.org/species/2706195	Milium vernale M.Bieb.	ACCEPTED	2706195	Milium vernale M.Bieb.	SPECIES	196	Liliopsida	Plantae	1844
152547112	6431764	https://www.gbif.org/species/6431764	Aristida longespica Poir.	ACCEPTED	6431764	Aristida longespica Poir.	SPECIES	196	Liliopsida	Plantae	1891
152547112	6431764	https://www.gbif.org/species/6431764	Aristida longespica Poir.	ACCEPTED	6431764	Aristida longespica Poir.	SPECIES	196	Liliopsida	Plantae	1891
152547113	4126800	https://www.gbif.org/species/4126800	Aristida hordeacea Kunth	ACCEPTED	4126800	Aristida hordeacea Kunth	SPECIES	196	Liliopsida	Plantae	1884
152547113	4126800	https://www.gbif.org/species/4126800	Aristida hordeacea Kunth	ACCEPTED	4126800	Aristida hordeacea Kunth	SPECIES	196	Liliopsida	Plantae	1884
152547114	4128792	https://www.gbif.org/species/4128792	Aristida congesta Roem. & Schult.	ACCEPTED	4128792	Aristida congesta Roem. & Schult.	SPECIES	196	Liliopsida	Plantae	1947
152547114	4128792	https://www.gbif.org/species/4128792	Aristida congesta Roem. & Schult.	ACCEPTED	4128792	Aristida congesta Roem. & Schult.	SPECIES	196	Liliopsida	Plantae	1947
152547115	2706277	https://www.gbif.org/species/2706277	Aristida adscensionis L.	ACCEPTED	2706277	Aristida adscensionis L.	SPECIES	196	Liliopsida	Plantae	1939
152547115	2706277	https://www.gbif.org/species/2706277	Aristida adscensionis L.	ACCEPTED	2706277	Aristida adscensionis L.	SPECIES	196	Liliopsida	Plantae	1939
152547117	4129708	https://www.gbif.org/species/4129708	Lolium multiflorum Lam.	ACCEPTED	4129708	Lolium multiflorum Lam.	SPECIES	196	Liliopsida	Plantae	1814
152547119	2706218	https://www.gbif.org/species/2706218	Lolium rigidum Gaudin	ACCEPTED	2706218	Lolium rigidum Gaudin	SPECIES	196	Liliopsida	Plantae	1861
152547122	7795888	https://www.gbif.org/species/7795888	Triticum aestivum L.	ACCEPTED	7795888	Triticum aestivum L.	SPECIES	196	Liliopsida	Plantae	1883
152547123	7883427	https://www.gbif.org/species/7883427	Triticum monococcum L.	ACCEPTED	7883427	Triticum monococcum L.	SPECIES	196	Liliopsida	Plantae	1885
152547124	2706403	https://www.gbif.org/species/2706403	Triticum aestivum subsp. spelta (L.) Thell.	ACCEPTED	2706403	Triticum aestivum subsp. spelta (L.) Thell.	SUBSPECIES	196	Liliopsida	Plantae	1913
152547125	2706406	https://www.gbif.org/species/2706406	Triticum turgidum L.	ACCEPTED	2706406	Triticum turgidum L.	SPECIES	196	Liliopsida	Plantae	1877
152547132	2706501	https://www.gbif.org/species/2706501	Agrostis castellana Boiss. & Reut.	ACCEPTED	2706501	Agrostis castellana Boiss. & Reut.	SPECIES	196	Liliopsida	Plantae	1904
152547133	2706457	https://www.gbif.org/species/2706457	Agrostis nebulosa Boiss. & Reut.	ACCEPTED	2706457	Agrostis nebulosa Boiss. & Reut.	SPECIES	196	Liliopsida	Plantae	1881
152547133	2706457	https://www.gbif.org/species/2706457	Agrostis nebulosa Boiss. & Reut.	ACCEPTED	2706457	Agrostis nebulosa Boiss. & Reut.	SPECIES	196	Liliopsida	Plantae	1881
152547134	2706444	https://www.gbif.org/species/2706444	Agrostis scabra Willd.	ACCEPTED	2706444	Agrostis scabra Willd.	SPECIES	196	Liliopsida	Plantae	1930
152547136	4139846	https://www.gbif.org/species/4139846	Phleum exaratum Griseb.	ACCEPTED	4139846	Phleum exaratum Griseb.	SPECIES	196	Liliopsida	Plantae	1912
152547137	4139625	https://www.gbif.org/species/4139625	Phleum hirsutum Honck.	ACCEPTED	4139625	Phleum hirsutum Honck.	SPECIES	196	Liliopsida	Plantae	1835
152547137	4139625	https://www.gbif.org/species/4139625	Phleum hirsutum Honck.	ACCEPTED	4139625	Phleum hirsutum Honck.	SPECIES	196	Liliopsida	Plantae	1835
152547138	4139894	https://www.gbif.org/species/4139894	Phleum echinatum Host	ACCEPTED	4139894	Phleum echinatum Host	SPECIES	196	Liliopsida	Plantae	1923
152547139	2706003	https://www.gbif.org/species/2706003	Phleum subulatum (Savi) Asch. & Graebn.	ACCEPTED	2706003	Phleum subulatum (Savi) Asch. & Graebn.	SPECIES	196	Liliopsida	Plantae	1895
152547140	2706002	https://www.gbif.org/species/2706002	Phleum paniculatum Huds.	ACCEPTED	2706002	Phleum paniculatum Huds.	SPECIES	196	Liliopsida	Plantae	1905
152547142	2705966	https://www.gbif.org/species/2705966	Secale cereale L.	ACCEPTED	2705966	Secale cereale L.	SPECIES	196	Liliopsida	Plantae	1884
152547146	8332019	https://www.gbif.org/species/8332019	Hordeum distichon L.	ACCEPTED	8332019	Hordeum distichon L.	SPECIES	196	Liliopsida	Plantae	1871
152547147	4148661	https://www.gbif.org/species/4148661	Hordeum flexuosum Nees ex Steud.	ACCEPTED	4148661	Hordeum flexuosum Nees ex Steud.	SPECIES	196	Liliopsida	Plantae	1886
152547147	4148661	https://www.gbif.org/species/4148661	Hordeum flexuosum Nees ex Steud.	ACCEPTED	4148661	Hordeum flexuosum Nees ex Steud.	SPECIES	196	Liliopsida	Plantae	1886
152547148	4148721	https://www.gbif.org/species/4148721	Hordeum euclaston Steud.	ACCEPTED	4148721	Hordeum euclaston Steud.	SPECIES	196	Liliopsida	Plantae	1906
152547148	4148721	https://www.gbif.org/species/4148721	Hordeum euclaston Steud.	ACCEPTED	4148721	Hordeum euclaston Steud.	SPECIES	196	Liliopsida	Plantae	1906
152547149	4149167	https://www.gbif.org/species/4149167	Hordeum comosum J.Presl	ACCEPTED	4149167	Hordeum comosum J.Presl	SPECIES	196	Liliopsida	Plantae	1891
152547149	4149167	https://www.gbif.org/species/4149167	Hordeum comosum J.Presl	ACCEPTED	4149167	Hordeum comosum J.Presl	SPECIES	196	Liliopsida	Plantae	1891
152547150	2706070	https://www.gbif.org/species/2706070	Hordeum pusillum Nutt.	ACCEPTED	2706070	Hordeum pusillum Nutt.	SPECIES	196	Liliopsida	Plantae	1893
152547150	2706070	https://www.gbif.org/species/2706070	Hordeum pusillum Nutt.	ACCEPTED	2706070	Hordeum pusillum Nutt.	SPECIES	196	Liliopsida	Plantae	1893
152547151	2706052	https://www.gbif.org/species/2706052	Hordeum jubatum L.	ACCEPTED	2706052	Hordeum jubatum L.	SPECIES	196	Liliopsida	Plantae	1887
152547152	2706067	https://www.gbif.org/species/2706067	Hordeum bulbosum L.	ACCEPTED	2706067	Hordeum bulbosum L.	SPECIES	196	Liliopsida	Plantae	1889
152547152	2706067	https://www.gbif.org/species/2706067	Hordeum bulbosum L.	ACCEPTED	2706067	Hordeum bulbosum L.	SPECIES	196	Liliopsida	Plantae	1889
152547153	2706056	https://www.gbif.org/species/2706056	Hordeum vulgare L.	ACCEPTED	2706056	Hordeum vulgare L.	SPECIES	196	Liliopsida	Plantae	1888
152547155	2706190	https://www.gbif.org/species/2706190	Dactyloctenium radulans (R.Br.) P.Beauv.	ACCEPTED	2706190	Dactyloctenium radulans (R.Br.) P.Beauv.	SPECIES	196	Liliopsida	Plantae	1887
152547156	2706188	https://www.gbif.org/species/2706188	Dactyloctenium aegyptium (L.) Willd.	ACCEPTED	2706188	Dactyloctenium aegyptium (L.) Willd.	SPECIES	196	Liliopsida	Plantae	1882
152547156	2706188	https://www.gbif.org/species/2706188	Dactyloctenium aegyptium (L.) Willd.	ACCEPTED	2706188	Dactyloctenium aegyptium (L.) Willd.	SPECIES	196	Liliopsida	Plantae	1882
152547158	4108297	https://www.gbif.org/species/4108297	Oxychloris scariosa (F.Muell.) Lazarides	ACCEPTED	4108297	Oxychloris scariosa (F.Muell.) Lazarides	SPECIES	196	Liliopsida	Plantae	1921
152547158	4108297	https://www.gbif.org/species/4108297	Oxychloris scariosa (F.Muell.) Lazarides	ACCEPTED	4108297	Oxychloris scariosa (F.Muell.) Lazarides	SPECIES	196	Liliopsida	Plantae	1921
152547160	4107552	https://www.gbif.org/species/4107552	Alopecurus magellanicus Lam.	ACCEPTED	4107552	Alopecurus magellanicus Lam.	SPECIES	196	Liliopsida	Plantae	1912
152547160	4107552	https://www.gbif.org/species/4107552	Alopecurus magellanicus Lam.	ACCEPTED	4107552	Alopecurus magellanicus Lam.	SPECIES	196	Liliopsida	Plantae	1912
152547162	4105652	https://www.gbif.org/species/4105652	Amphibromus recurvatus Swallen	ACCEPTED	4105652	Amphibromus recurvatus Swallen	SPECIES	196	Liliopsida	Plantae	1904
152547162	4105652	https://www.gbif.org/species/4105652	Amphibromus recurvatus Swallen	ACCEPTED	4105652	Amphibromus recurvatus Swallen	SPECIES	196	Liliopsida	Plantae	1904
152547166	2701618	https://www.gbif.org/species/2701618	Juncus imbricatus Laharpe	ACCEPTED	2701618	Juncus imbricatus Laharpe	SPECIES	196	Liliopsida	Plantae	1911
152547166	2701618	https://www.gbif.org/species/2701618	Juncus imbricatus Laharpe	ACCEPTED	2701618	Juncus imbricatus Laharpe	SPECIES	196	Liliopsida	Plantae	1911
152547170	2700646	https://www.gbif.org/species/2700646	Juncus pallescens Lam.	ACCEPTED	2700646	Juncus pallescens Lam.	SPECIES	196	Liliopsida	Plantae	1893
152547170	2700646	https://www.gbif.org/species/2700646	Juncus pallescens Lam.	ACCEPTED	2700646	Juncus pallescens Lam.	SPECIES	196	Liliopsida	Plantae	1893
152547171	2701304	https://www.gbif.org/species/2701304	Juncus radula Buchenau	ACCEPTED	2701304	Juncus radula Buchenau	SPECIES	196	Liliopsida	Plantae	1916
152547171	2701304	https://www.gbif.org/species/2701304	Juncus radula Buchenau	ACCEPTED	2701304	Juncus radula Buchenau	SPECIES	196	Liliopsida	Plantae	1916
152547172	2701118	https://www.gbif.org/species/2701118	Juncus subsecundus N.A.Wakef.	ACCEPTED	2701118	Juncus subsecundus N.A.Wakef.	SPECIES	196	Liliopsida	Plantae	1921
152547172	2701118	https://www.gbif.org/species/2701118	Juncus subsecundus N.A.Wakef.	ACCEPTED	2701118	Juncus subsecundus N.A.Wakef.	SPECIES	196	Liliopsida	Plantae	1921
152547190	2650180	https://www.gbif.org/species/2650180	Botrychium simplex E.Hitchc.	ACCEPTED	2650180	Botrychium simplex E.Hitchc.	SPECIES	7228684	Polypodiopsida	Plantae	1908
152547190	2650180	https://www.gbif.org/species/2650180	Botrychium simplex E.Hitchc.	ACCEPTED	2650180	Botrychium simplex E.Hitchc.	SPECIES	7228684	Polypodiopsida	Plantae	1908
152547211	2650903	https://www.gbif.org/species/2650903	Onoclea sensibilis L.	ACCEPTED	2650903	Onoclea sensibilis L.	SPECIES	7228684	Polypodiopsida	Plantae	1831
152547227	5274858	https://www.gbif.org/species/5274858	Salvinia natans (L.) All.	ACCEPTED	5274858	Salvinia natans (L.) All.	SPECIES	7228684	Polypodiopsida	Plantae	1835
152547227	5274858	https://www.gbif.org/species/5274858	Salvinia natans (L.) All.	ACCEPTED	5274858	Salvinia natans (L.) All.	SPECIES	7228684	Polypodiopsida	Plantae	1835
152547230	2650107	https://www.gbif.org/species/2650107	Azolla filiculoides Lam.	ACCEPTED	2650107	Azolla filiculoides Lam.	SPECIES	7228684	Polypodiopsida	Plantae	1912
154367400	5211250	https://www.gbif.org/species/5211250	Micropterus dolomieu Lacepède, 1802	ACCEPTED	5211250	Micropterus dolomieu Lacepède, 1802	SPECIES			Animalia	1873
156872882	9520065	https://www.gbif.org/species/9520065	Ferrissia californica (Rowell, 1863)	ACCEPTED	9520065	Ferrissia californica (Rowell, 1863)	SPECIES	225	Gastropoda	Animalia	1937
156872882	9520065	https://www.gbif.org/species/9520065	Ferrissia californica (Rowell, 1863)	ACCEPTED	9520065	Ferrissia californica (Rowell, 1863)	SPECIES	225	Gastropoda	Animalia	1937
156872903	8014163	https://www.gbif.org/species/8014163	Ambigolimax valentianus (A.Férussac, 1821)	ACCEPTED	8014163	Ambigolimax valentianus (A.Férussac, 1821)	SPECIES	225	Gastropoda	Animalia	1946
157092276	4598225	https://www.gbif.org/species/4598225	Tandonia budapestensis (Hazay, 1880)	ACCEPTED	4598225	Tandonia budapestensis (Hazay, 1880)	SPECIES	225	Gastropoda	Animalia	1941
157092295	4562917	https://www.gbif.org/species/4562917	Cochlicella acuta (O.F.Müller, 1774)	ACCEPTED	4562917	Cochlicella acuta (O.F.Müller, 1774)	SPECIES	225	Gastropoda	Animalia	1828
159747172	2856037	https://www.gbif.org/species/2856037	Allium ampeloprasum L.	ACCEPTED	2856037	Allium ampeloprasum L.	SPECIES	196	Liliopsida	Plantae	1948
159747172	2856037	https://www.gbif.org/species/2856037	Allium ampeloprasum L.	ACCEPTED	2856037	Allium ampeloprasum L.	SPECIES	196	Liliopsida	Plantae	1948
159747527	4134265	https://www.gbif.org/species/4134265	Anthosachne scabra (R.Br.) Nevski	ACCEPTED	4134265	Anthosachne scabra (R.Br.) Nevski	SPECIES	196	Liliopsida	Plantae	1895
159747527	4134265	https://www.gbif.org/species/4134265	Anthosachne scabra (R.Br.) Nevski	ACCEPTED	4134265	Anthosachne scabra (R.Br.) Nevski	SPECIES	196	Liliopsida	Plantae	1895
159747528	9752149	https://www.gbif.org/species/9752149	Phasianus colchicus Linnaeus, 1758	ACCEPTED	9752149	Phasianus colchicus Linnaeus, 1758	SPECIES	212	Aves	Animalia	1701
159747550	2473421	https://www.gbif.org/species/2473421	Lagopus lagopus (Linnaeus, 1758)	ACCEPTED	2473421	Lagopus lagopus (Linnaeus, 1758)	SPECIES	212	Aves	Animalia	1890
159747550	2473421	https://www.gbif.org/species/2473421	Lagopus lagopus (Linnaeus, 1758)	ACCEPTED	2473421	Lagopus lagopus (Linnaeus, 1758)	SPECIES	212	Aves	Animalia	1890
159747684	2702816	https://www.gbif.org/species/2702816	Echinochloa muricata (P.Beauv.) Fernald	ACCEPTED	2702816	Echinochloa muricata (P.Beauv.) Fernald	SPECIES	196	Liliopsida	Plantae	1887
159747702	2351271	https://www.gbif.org/species/2351271	Salvelinus fontinalis (Mitchill, 1814)	ACCEPTED	2351271	Salvelinus fontinalis (Mitchill, 1814)	SPECIES			Animalia	1884
159747716	2331498	https://www.gbif.org/species/2331498	Molgula manhattensis (De Kay, 1843)	ACCEPTED	2331498	Molgula manhattensis (De Kay, 1843)	SPECIES	356	Ascidiacea	Animalia	1847
159747740	4124350	https://www.gbif.org/species/4124350	Eleusine africana Kenn.-O'Byrne	ACCEPTED	4124350	Eleusine africana Kenn.-O'Byrne	SPECIES	196	Liliopsida	Plantae	1887
159747884	2296807	https://www.gbif.org/species/2296807	Cochlicella barbara (Linnaeus, 1758)	ACCEPTED	2296807	Cochlicella barbara (Linnaeus, 1758)	SPECIES	225	Gastropoda	Animalia	1946
159747976	2266754	https://www.gbif.org/species/2266754	Gonionemus vertens A.Agassiz, 1862	ACCEPTED	2266754	Gonionemus vertens A.Agassiz, 1862	SPECIES	205	Hydrozoa	Animalia	1946
159748110	8244019	https://www.gbif.org/species/8244019	Trachyspermum ammi (L.) Sprague ex Turrill	DOUBTFUL	8244019	Trachyspermum ammi (L.) Sprague ex Turrill	SPECIES	220	Magnoliopsida	Plantae	1892
159748136	5371753	https://www.gbif.org/species/5371753	Visnaga daucoides Gaertn.	ACCEPTED	5371753	Visnaga daucoides Gaertn.	SPECIES	220	Magnoliopsida	Plantae	1880
159748507	2940408	https://www.gbif.org/species/2940408	Cytisophyllum sessilifolium (L.) O.Lang	ACCEPTED	2940408	Cytisophyllum sessilifolium (L.) O.Lang	SPECIES	220	Magnoliopsida	Plantae	1949
159748507	2940408	https://www.gbif.org/species/2940408	Cytisophyllum sessilifolium (L.) O.Lang	ACCEPTED	2940408	Cytisophyllum sessilifolium (L.) O.Lang	SPECIES	220	Magnoliopsida	Plantae	1949
159748558	2925870	https://www.gbif.org/species/2925870	Amsinckia menziesii (Lehm.) A.Nelson & J.F.Macbr.	ACCEPTED	2925870	Amsinckia menziesii (Lehm.) A.Nelson & J.F.Macbr.	SPECIES	220	Magnoliopsida	Plantae	1884
159748639	2888740	https://www.gbif.org/species/2888740	Centranthus ruber (L.) DC.	ACCEPTED	2888740	Centranthus ruber (L.) DC.	SPECIES	220	Magnoliopsida	Plantae	1869
159748656	5371699	https://www.gbif.org/species/5371699	Hepatica nobilis Schreb.	ACCEPTED	5371699	Hepatica nobilis Schreb.	SPECIES	220	Magnoliopsida	Plantae	1825
159748707	5374922	https://www.gbif.org/species/5374922	Arabis caucasica Willd.	ACCEPTED	5374922	Arabis caucasica Willd.	SPECIES	220	Magnoliopsida	Plantae	1881
159748820	8078031	https://www.gbif.org/species/8078031	Artemisia afra Jacq.	ACCEPTED	8078031	Artemisia afra Jacq.	SPECIES	220	Magnoliopsida	Plantae	1893
159748820	8078031	https://www.gbif.org/species/8078031	Artemisia afra Jacq.	ACCEPTED	8078031	Artemisia afra Jacq.	SPECIES	220	Magnoliopsida	Plantae	1893
159748874	3137686	https://www.gbif.org/species/3137686	Rhodanthe stricta (Lindl.) Paul G.Wilson	ACCEPTED	3137686	Rhodanthe stricta (Lindl.) Paul G.Wilson	SPECIES	220	Magnoliopsida	Plantae	1891
159748874	3137686	https://www.gbif.org/species/3137686	Rhodanthe stricta (Lindl.) Paul G.Wilson	ACCEPTED	3137686	Rhodanthe stricta (Lindl.) Paul G.Wilson	SPECIES	220	Magnoliopsida	Plantae	1891
159748887	3145375	https://www.gbif.org/species/3145375	Deinandra fasciculata (DC.) Greene	ACCEPTED	3145375	Deinandra fasciculata (DC.) Greene	SPECIES	220	Magnoliopsida	Plantae	1922
159748887	3145375	https://www.gbif.org/species/3145375	Deinandra fasciculata (DC.) Greene	ACCEPTED	3145375	Deinandra fasciculata (DC.) Greene	SPECIES	220	Magnoliopsida	Plantae	1922
159748902	10411852	https://www.gbif.org/species/10411852	Centaurea jacea x nigrescens	ACCEPTED	10411852	Centaurea jacea x nigrescens	SPECIES	220	Magnoliopsida	Plantae	1863
159748902	10411852	https://www.gbif.org/species/10411852	Centaurea jacea x nigrescens	ACCEPTED	10411852	Centaurea jacea x nigrescens	SPECIES	220	Magnoliopsida	Plantae	1863
159748939	6300805	https://www.gbif.org/species/6300805	Pilosella bauhini (Schult.) Arv.-Touv.	ACCEPTED	6300805	Pilosella bauhini (Schult.) Arv.-Touv.	SPECIES	220	Magnoliopsida	Plantae	1909
159748955	9419993	https://www.gbif.org/species/9419993	Erodium moschatum (L.) L'Hér.	ACCEPTED	9419993	Erodium moschatum (L.) L'Hér.	SPECIES	220	Magnoliopsida	Plantae	1813
159748985	5415009	https://www.gbif.org/species/5415009	Linaria supina (L.) Chaz.	ACCEPTED	5415009	Linaria supina (L.) Chaz.	SPECIES	220	Magnoliopsida	Plantae	1882
159749116	2888870	https://www.gbif.org/species/2888870	Rumex spinosus L.	ACCEPTED	2888870	Rumex spinosus L.	SPECIES	220	Magnoliopsida	Plantae	1886
159749116	2888870	https://www.gbif.org/species/2888870	Rumex spinosus L.	ACCEPTED	2888870	Rumex spinosus L.	SPECIES	220	Magnoliopsida	Plantae	1886
162644711	9890104	https://www.gbif.org/species/9890104	Xeroplexa intersecta (Poiret, 1801)	ACCEPTED	9890104	Xeroplexa intersecta (Poiret, 1801)	SPECIES	225	Gastropoda	Animalia	1922
162644821	7563173	https://www.gbif.org/species/7563173	Cryptorchestia cavimana (Heller, 1865)	ACCEPTED	7563173	Cryptorchestia cavimana (Heller, 1865)	SPECIES	229	Malacostraca	Animalia	1927
162644821	7563173	https://www.gbif.org/species/7563173	Cryptorchestia cavimana (Heller, 1865)	ACCEPTED	7563173	Cryptorchestia cavimana (Heller, 1865)	SPECIES	229	Malacostraca	Animalia	1927
182132946	5270720	https://www.gbif.org/species/5270720	Chara braunii C.C.Gmel.	ACCEPTED	5270720	Chara braunii C.C.Gmel.	SPECIES	328	Charophyceae	Plantae	1864
182132946	5270720	https://www.gbif.org/species/5270720	Chara braunii C.C.Gmel.	ACCEPTED	5270720	Chara braunii C.C.Gmel.	SPECIES	328	Charophyceae	Plantae	1864
182133392	6085036	https://www.gbif.org/species/6085036	Vulpia ciliata subsp. ciliata	DOUBTFUL	6085036	Vulpia ciliata subsp. ciliata	SUBSPECIES	196	Liliopsida	Plantae	1948
182133502	10966302	https://www.gbif.org/species/10966302	Digitaria sanguinalis subsp. sanguinalis	SYNONYM	5289972	Digitaria sanguinalis (L.) Scop.	SPECIES	196	Liliopsida	Plantae	1803
182133530	2703776	https://www.gbif.org/species/2703776	Bromus polyanthus Scribn. ex Shear	ACCEPTED	2703776	Bromus polyanthus Scribn. ex Shear	SPECIES	196	Liliopsida	Plantae	1915
182133530	2703776	https://www.gbif.org/species/2703776	Bromus polyanthus Scribn. ex Shear	ACCEPTED	2703776	Bromus polyanthus Scribn. ex Shear	SPECIES	196	Liliopsida	Plantae	1915
182133763	2458916	https://www.gbif.org/species/2458916	Hierophis viridiflavus (Lacépède, 1789)	ACCEPTED	2458916	Hierophis viridiflavus (Lacépède, 1789)	SPECIES	11592253	Squamata	Animalia	1894
182133763	2458916	https://www.gbif.org/species/2458916	Hierophis viridiflavus (Lacépède, 1789)	ACCEPTED	2458916	Hierophis viridiflavus (Lacépède, 1789)	SPECIES	11592253	Squamata	Animalia	1894
182133865	2441454	https://www.gbif.org/species/2441454	Testudo hermanni Gmelin, 1789	ACCEPTED	2441454	Testudo hermanni Gmelin, 1789	SPECIES	11418114	Testudines	Animalia	1935
182133865	2441454	https://www.gbif.org/species/2441454	Testudo hermanni Gmelin, 1789	ACCEPTED	2441454	Testudo hermanni Gmelin, 1789	SPECIES	11418114	Testudines	Animalia	1935
182133866	2441461	https://www.gbif.org/species/2441461	Testudo graeca Linnaeus, 1758	ACCEPTED	2441461	Testudo graeca Linnaeus, 1758	SPECIES	11418114	Testudines	Animalia	1935
182133866	2441461	https://www.gbif.org/species/2441461	Testudo graeca Linnaeus, 1758	ACCEPTED	2441461	Testudo graeca Linnaeus, 1758	SPECIES	11418114	Testudines	Animalia	1935
182134001	4309705	https://www.gbif.org/species/4309705	Atyaephyra desmarestii (Millet, 1831)	ACCEPTED	4309705	Atyaephyra desmarestii (Millet, 1831)	SPECIES	229	Malacostraca	Animalia	1895
182134001	4309705	https://www.gbif.org/species/4309705	Atyaephyra desmarestii (Millet, 1831)	ACCEPTED	4309705	Atyaephyra desmarestii (Millet, 1831)	SPECIES	229	Malacostraca	Animalia	1895
182134043	8307577	https://www.gbif.org/species/8307577	Cryptorchestia garbinii Ruffo, Tarocco & Latella, 2014	ACCEPTED	8307577	Cryptorchestia garbinii Ruffo, Tarocco & Latella, 2014	SPECIES	229	Malacostraca	Animalia	1927
182134043	8307577	https://www.gbif.org/species/8307577	Cryptorchestia garbinii Ruffo, Tarocco & Latella, 2014	ACCEPTED	8307577	Cryptorchestia garbinii Ruffo, Tarocco & Latella, 2014	SPECIES	229	Malacostraca	Animalia	1927
182134142	5341797	https://www.gbif.org/species/5341797	Physalis grisea (Waterf.) M.Martínez	ACCEPTED	5341797	Physalis grisea (Waterf.) M.Martínez	SPECIES	220	Magnoliopsida	Plantae	1909
182134151	2928759	https://www.gbif.org/species/2928759	Nicotiana langsdorffii Weinm.	DOUBTFUL	2928759	Nicotiana langsdorffii Weinm.	SPECIES	220	Magnoliopsida	Plantae	1859
182134151	2928759	https://www.gbif.org/species/2928759	Nicotiana langsdorffii Weinm.	DOUBTFUL	2928759	Nicotiana langsdorffii Weinm.	SPECIES	220	Magnoliopsida	Plantae	1859
182134180	7645889	https://www.gbif.org/species/7645889	Sesbania cannabina (Retz.) Poir.	ACCEPTED	7645889	Sesbania cannabina (Retz.) Poir.	SPECIES	220	Magnoliopsida	Plantae	1949
182134180	7645889	https://www.gbif.org/species/7645889	Sesbania cannabina (Retz.) Poir.	ACCEPTED	7645889	Sesbania cannabina (Retz.) Poir.	SPECIES	220	Magnoliopsida	Plantae	1949
182134198	5632022	https://www.gbif.org/species/5632022	Lotus dorycnium L.	ACCEPTED	5632022	Lotus dorycnium L.	SPECIES	220	Magnoliopsida	Plantae	1903
182134198	5632022	https://www.gbif.org/species/5632022	Lotus dorycnium L.	ACCEPTED	5632022	Lotus dorycnium L.	SPECIES	220	Magnoliopsida	Plantae	1903
182134211	5354530	https://www.gbif.org/species/5354530	Chamaecytisus hirsutus (L.) Link	ACCEPTED	5354530	Chamaecytisus hirsutus (L.) Link	SPECIES	220	Magnoliopsida	Plantae	1872
182134291	7426824	https://www.gbif.org/species/7426824	Vicia melanops Sm.	ACCEPTED	7426824	Vicia melanops Sm.	SPECIES	220	Magnoliopsida	Plantae	1877
182134295	3973636	https://www.gbif.org/species/3973636	Vicia dalmatica A.Kern.	ACCEPTED	3973636	Vicia dalmatica A.Kern.	SPECIES	220	Magnoliopsida	Plantae	1937
182134295	3973636	https://www.gbif.org/species/3973636	Vicia dalmatica A.Kern.	ACCEPTED	3973636	Vicia dalmatica A.Kern.	SPECIES	220	Magnoliopsida	Plantae	1937
182134308	2972703	https://www.gbif.org/species/2972703	Onobrychis caput-galli (L.) Lam.	ACCEPTED	2972703	Onobrychis caput-galli (L.) Lam.	SPECIES	220	Magnoliopsida	Plantae	1907
182134308	2972703	https://www.gbif.org/species/2972703	Onobrychis caput-galli (L.) Lam.	ACCEPTED	2972703	Onobrychis caput-galli (L.) Lam.	SPECIES	220	Magnoliopsida	Plantae	1907
182134332	2965331	https://www.gbif.org/species/2965331	Medicago ×varia Martyn	ACCEPTED	2965331	Medicago ×varia Martyn	SPECIES	220	Magnoliopsida	Plantae	1859
182134346	8193111	https://www.gbif.org/species/8193111	Melilotus officinalis (L.) Lam.	ACCEPTED	8193111	Melilotus officinalis (L.) Lam.	SPECIES	220	Magnoliopsida	Plantae	1800
182134356	2938473	https://www.gbif.org/species/2938473	Biserrula pelecinus L.	ACCEPTED	2938473	Biserrula pelecinus L.	SPECIES	220	Magnoliopsida	Plantae	1916
182134356	2938473	https://www.gbif.org/species/2938473	Biserrula pelecinus L.	ACCEPTED	2938473	Biserrula pelecinus L.	SPECIES	220	Magnoliopsida	Plantae	1916
182134368	3966627	https://www.gbif.org/species/3966627	Cullen cinereum (Lindl.) J.W.Grimes	ACCEPTED	3966627	Cullen cinereum (Lindl.) J.W.Grimes	SPECIES	220	Magnoliopsida	Plantae	1911
182134368	3966627	https://www.gbif.org/species/3966627	Cullen cinereum (Lindl.) J.W.Grimes	ACCEPTED	3966627	Cullen cinereum (Lindl.) J.W.Grimes	SPECIES	220	Magnoliopsida	Plantae	1911
182134448	3050595	https://www.gbif.org/species/3050595	Hirschfeldia incana (L.) Lagr.-Foss.	ACCEPTED	3050595	Hirschfeldia incana (L.) Lagr.-Foss.	SPECIES	220	Magnoliopsida	Plantae	1873
182134779	3033833	https://www.gbif.org/species/3033833	Delphinium ajacis L.	ACCEPTED	3033833	Delphinium ajacis L.	SPECIES	220	Magnoliopsida	Plantae	1854
182134908	5396125	https://www.gbif.org/species/5396125	Eurybia divaricata (L.) G.L.Nesom	ACCEPTED	5396125	Eurybia divaricata (L.) G.L.Nesom	SPECIES	220	Magnoliopsida	Plantae	1946
182134919	4211590	https://www.gbif.org/species/4211590	Lactuca macrophylla subsp. uralensis (Rouy) N.Kilian & Greuter	ACCEPTED	4211590	Lactuca macrophylla subsp. uralensis (Rouy) N.Kilian & Greuter	SUBSPECIES	220	Magnoliopsida	Plantae	1948
182134946	7344766	https://www.gbif.org/species/7344766	Rudbeckia fulgida Aiton	ACCEPTED	7344766	Rudbeckia fulgida Aiton	SPECIES	220	Magnoliopsida	Plantae	1928
182134955	3089140	https://www.gbif.org/species/3089140	Xanthium ambrosioides Hook. & Arn.	ACCEPTED	3089140	Xanthium ambrosioides Hook. & Arn.	SPECIES	220	Magnoliopsida	Plantae	1906
182134955	3089140	https://www.gbif.org/species/3089140	Xanthium ambrosioides Hook. & Arn.	ACCEPTED	3089140	Xanthium ambrosioides Hook. & Arn.	SPECIES	220	Magnoliopsida	Plantae	1906
182135060	7655198	https://www.gbif.org/species/7655198	Alternanthera denticulata R.Br.	ACCEPTED	7655198	Alternanthera denticulata R.Br.	SPECIES	220	Magnoliopsida	Plantae	1895
182135060	7655198	https://www.gbif.org/species/7655198	Alternanthera denticulata R.Br.	ACCEPTED	7655198	Alternanthera denticulata R.Br.	SPECIES	220	Magnoliopsida	Plantae	1895
182135127	5365717	https://www.gbif.org/species/5365717	Potentilla indica (Andrews) Th.Wolf	ACCEPTED	5365717	Potentilla indica (Andrews) Th.Wolf	SPECIES	220	Magnoliopsida	Plantae	1944
182135158	10071055	https://www.gbif.org/species/10071055	Scandosorbus ×intermedia (Ehrh.) Sennikov	ACCEPTED	10071055	Scandosorbus ×intermedia (Ehrh.) Sennikov	SPECIES	220	Magnoliopsida	Plantae	1934
213212678	2702084	https://www.gbif.org/species/2702084	Juncus tenuis Willd.	ACCEPTED	2702084	Juncus tenuis Willd.	SPECIES	196	Liliopsida	Plantae	1823
213212679	2701120	https://www.gbif.org/species/2701120	Juncus dichotomus Elliott	ACCEPTED	2701120	Juncus dichotomus Elliott	SPECIES	196	Liliopsida	Plantae	1883
213212692	6431411	https://www.gbif.org/species/6431411	Echinochloa colonum (L.) Link	ACCEPTED	6431411	Echinochloa colonum (L.) Link	SPECIES	196	Liliopsida	Plantae	1889
213212700	4135683	https://www.gbif.org/species/4135683	Rytidosperma setaceum (R.Br.) Connor & Edgar	ACCEPTED	4135683	Rytidosperma setaceum (R.Br.) Connor & Edgar	SPECIES	196	Liliopsida	Plantae	1893
213212700	4135683	https://www.gbif.org/species/4135683	Rytidosperma setaceum (R.Br.) Connor & Edgar	ACCEPTED	4135683	Rytidosperma setaceum (R.Br.) Connor & Edgar	SPECIES	196	Liliopsida	Plantae	1893
213212701	4105744	https://www.gbif.org/species/4105744	Austrodanthonia racemosa (R.Br.) H.P.Linder	SYNONYM	4135762	Rytidosperma racemosum (R.Br.) Connor & Edgar	SPECIES	196	Liliopsida	Plantae	1893
213212701	4105744	https://www.gbif.org/species/4105744	Austrodanthonia racemosa (R.Br.) H.P.Linder	SYNONYM	4135762	Rytidosperma racemosum (R.Br.) Connor & Edgar	SPECIES	196	Liliopsida	Plantae	1893
213212717	9382716	https://www.gbif.org/species/9382716	Sporobolus schoenoides (L.) P.M.Peterson	ACCEPTED	9382716	Sporobolus schoenoides (L.) P.M.Peterson	SPECIES	196	Liliopsida	Plantae	1914
213212717	9382716	https://www.gbif.org/species/9382716	Sporobolus schoenoides (L.) P.M.Peterson	ACCEPTED	9382716	Sporobolus schoenoides (L.) P.M.Peterson	SPECIES	196	Liliopsida	Plantae	1914
213212721	9267300	https://www.gbif.org/species/9267300	Sporobolus advenus (Stapf) P.M.Peterson	ACCEPTED	9267300	Sporobolus advenus (Stapf) P.M.Peterson	SPECIES	196	Liliopsida	Plantae	1921
213212721	9267300	https://www.gbif.org/species/9267300	Sporobolus advenus (Stapf) P.M.Peterson	ACCEPTED	9267300	Sporobolus advenus (Stapf) P.M.Peterson	SPECIES	196	Liliopsida	Plantae	1921
213212723	9632508	https://www.gbif.org/species/9632508	Sporobolus alopecuroides (Piller & Mitterp.) P.M.Peterson	ACCEPTED	9632508	Sporobolus alopecuroides (Piller & Mitterp.) P.M.Peterson	SPECIES	196	Liliopsida	Plantae	1909
213212731	9379326	https://www.gbif.org/species/9379326	Sporobolus aculeatus (L.) P.M.Peterson	ACCEPTED	9379326	Sporobolus aculeatus (L.) P.M.Peterson	SPECIES	196	Liliopsida	Plantae	1901
213212731	9379326	https://www.gbif.org/species/9379326	Sporobolus aculeatus (L.) P.M.Peterson	ACCEPTED	9379326	Sporobolus aculeatus (L.) P.M.Peterson	SPECIES	196	Liliopsida	Plantae	1901
213212737	4114502	https://www.gbif.org/species/4114502	Trisetaria panicea (Lam.) Paunero	ACCEPTED	4114502	Trisetaria panicea (Lam.) Paunero	SPECIES	196	Liliopsida	Plantae	1947
213212744	4154206	https://www.gbif.org/species/4154206	Polypogon imberbis (Phil.) Johow	ACCEPTED	4154206	Polypogon imberbis (Phil.) Johow	SPECIES	196	Liliopsida	Plantae	1895
213212744	4154206	https://www.gbif.org/species/4154206	Polypogon imberbis (Phil.) Johow	ACCEPTED	4154206	Polypogon imberbis (Phil.) Johow	SPECIES	196	Liliopsida	Plantae	1895
213212764	12246414	https://www.gbif.org/species/12246414	Parapholis cylindrica (Willd.) Romero Zarco	ACCEPTED	12246414	Parapholis cylindrica (Willd.) Romero Zarco	SPECIES	196	Liliopsida	Plantae	1906
213212770	2702727	https://www.gbif.org/species/2702727	Festuca myuros L.	ACCEPTED	2702727	Festuca myuros L.	SPECIES	196	Liliopsida	Plantae	1877
213212773	6431611	https://www.gbif.org/species/6431611	Festuca geniculata (L.) Lag. & Rodr.	ACCEPTED	6431611	Festuca geniculata (L.) Lag. & Rodr.	SPECIES	196	Liliopsida	Plantae	1886
213212775	4129351	https://www.gbif.org/species/4129351	Festuca alopecuros Schousb.	ACCEPTED	4129351	Festuca alopecuros Schousb.	SPECIES	196	Liliopsida	Plantae	1948
213212776	4121365	https://www.gbif.org/species/4121365	Festuca ligustica (All.) Bertol.	ACCEPTED	4121365	Festuca ligustica (All.) Bertol.	SPECIES	196	Liliopsida	Plantae	1871
213212779	2704949	https://www.gbif.org/species/2704949	Festuca trachyphylla (Hack.) Hack.	ACCEPTED	2704949	Festuca trachyphylla (Hack.) Hack.	SPECIES	196	Liliopsida	Plantae	1863
213212780	4128881	https://www.gbif.org/species/4128881	Festuca antucensis (Trin.) Steud.	ACCEPTED	4128881	Festuca antucensis (Trin.) Steud.	SPECIES	196	Liliopsida	Plantae	1910
213212780	4128881	https://www.gbif.org/species/4128881	Festuca antucensis (Trin.) Steud.	ACCEPTED	4128881	Festuca antucensis (Trin.) Steud.	SPECIES	196	Liliopsida	Plantae	1910
213212782	4113111	https://www.gbif.org/species/4113111	Festuca octoflora Walter	ACCEPTED	4113111	Festuca octoflora Walter	SPECIES	196	Liliopsida	Plantae	1889
213212782	4113111	https://www.gbif.org/species/4113111	Festuca octoflora Walter	ACCEPTED	4113111	Festuca octoflora Walter	SPECIES	196	Liliopsida	Plantae	1889
213212789	5674825	https://www.gbif.org/species/5674825	Cynodon incompletus Nees	ACCEPTED	5674825	Cynodon incompletus Nees	SPECIES	196	Liliopsida	Plantae	1895
213212789	5674825	https://www.gbif.org/species/5674825	Cynodon incompletus Nees	ACCEPTED	5674825	Cynodon incompletus Nees	SPECIES	196	Liliopsida	Plantae	1895
213212810	4138275	https://www.gbif.org/species/4138275	Zuloagaea bulbosa (Kunth) Bess	ACCEPTED	4138275	Zuloagaea bulbosa (Kunth) Bess	SPECIES	196	Liliopsida	Plantae	1949
213212810	4138275	https://www.gbif.org/species/4138275	Zuloagaea bulbosa (Kunth) Bess	ACCEPTED	4138275	Zuloagaea bulbosa (Kunth) Bess	SPECIES	196	Liliopsida	Plantae	1949
213212823	2705287	https://www.gbif.org/species/2705287	Avena sterilis subsp. ludoviciana (Durieu) Nyman	ACCEPTED	2705287	Avena sterilis subsp. ludoviciana (Durieu) Nyman	SUBSPECIES	196	Liliopsida	Plantae	1877
213212831	2703867	https://www.gbif.org/species/2703867	Leptochloa decipiens (R.Br.) Stapf ex Maiden	ACCEPTED	2703867	Leptochloa decipiens (R.Br.) Stapf ex Maiden	SPECIES	196	Liliopsida	Plantae	1911
213212831	2703867	https://www.gbif.org/species/2703867	Leptochloa decipiens (R.Br.) Stapf ex Maiden	ACCEPTED	2703867	Leptochloa decipiens (R.Br.) Stapf ex Maiden	SPECIES	196	Liliopsida	Plantae	1911
213212833	4132902	https://www.gbif.org/species/4132902	Leptochloa decipiens subsp. peacockii (Maiden & Betche) N.Snow	ACCEPTED	4132902	Leptochloa decipiens subsp. peacockii (Maiden & Betche) N.Snow	SUBSPECIES	196	Liliopsida	Plantae	1911
213212833	4132902	https://www.gbif.org/species/4132902	Leptochloa decipiens subsp. peacockii (Maiden & Betche) N.Snow	ACCEPTED	4132902	Leptochloa decipiens subsp. peacockii (Maiden & Betche) N.Snow	SUBSPECIES	196	Liliopsida	Plantae	1911
213212834	4132112	https://www.gbif.org/species/4132112	Leptochloa panicea subsp. brachiata (Steud.) N.Snow	ACCEPTED	4132112	Leptochloa panicea subsp. brachiata (Steud.) N.Snow	SUBSPECIES	196	Liliopsida	Plantae	1900
213212844	4142335	https://www.gbif.org/species/4142335	Achnatherum bromoides (L.) P.Beauv.	ACCEPTED	4142335	Achnatherum bromoides (L.) P.Beauv.	SPECIES	196	Liliopsida	Plantae	1948
213212844	4142335	https://www.gbif.org/species/4142335	Achnatherum bromoides (L.) P.Beauv.	ACCEPTED	4142335	Achnatherum bromoides (L.) P.Beauv.	SPECIES	196	Liliopsida	Plantae	1948
213212852	8112114	https://www.gbif.org/species/8112114	Elymus hystrix L.	ACCEPTED	8112114	Elymus hystrix L.	SPECIES	196	Liliopsida	Plantae	1891
213212852	8112114	https://www.gbif.org/species/8112114	Elymus hystrix L.	ACCEPTED	8112114	Elymus hystrix L.	SPECIES	196	Liliopsida	Plantae	1891
213212881	2705098	https://www.gbif.org/species/2705098	Panicum hillmanii Chase	ACCEPTED	2705098	Panicum hillmanii Chase	SPECIES	196	Liliopsida	Plantae	1888
213212895	8338571	https://www.gbif.org/species/8338571	Hordeum marinum subsp. gussoneanum (Parl.) Thell.	ACCEPTED	8338571	Hordeum marinum subsp. gussoneanum (Parl.) Thell.	SUBSPECIES	196	Liliopsida	Plantae	1892
213212900	4270548	https://www.gbif.org/species/4270548	Hordeum murinum subsp. leporinum (Link) Arcang.	ACCEPTED	4270548	Hordeum murinum subsp. leporinum (Link) Arcang.	SUBSPECIES	196	Liliopsida	Plantae	1938
213212901	4115425	https://www.gbif.org/species/4115425	Hordeum murinum subsp. glaucum (Steud.) Tzvelev	ACCEPTED	4115425	Hordeum murinum subsp. glaucum (Steud.) Tzvelev	SUBSPECIES	196	Liliopsida	Plantae	1948
213212924	5289998	https://www.gbif.org/species/5289998	Digitaria ciliaris (Retz.) Koeler	ACCEPTED	5289998	Digitaria ciliaris (Retz.) Koeler	SPECIES	196	Liliopsida	Plantae	1828
213212924	5289998	https://www.gbif.org/species/5289998	Digitaria ciliaris (Retz.) Koeler	ACCEPTED	5289998	Digitaria ciliaris (Retz.) Koeler	SPECIES	196	Liliopsida	Plantae	1883
213212959	6313049	https://www.gbif.org/species/6313049	Triticum turgidum subsp. polonicum (L.) Thell.	ACCEPTED	6313049	Triticum turgidum subsp. polonicum (L.) Thell.	SUBSPECIES	196	Liliopsida	Plantae	1895
213212959	6313049	https://www.gbif.org/species/6313049	Triticum turgidum subsp. polonicum (L.) Thell.	ACCEPTED	6313049	Triticum turgidum subsp. polonicum (L.) Thell.	SUBSPECIES	196	Liliopsida	Plantae	1895
213212963	12205713	https://www.gbif.org/species/12205713	Triticum aestivum subsp. compactum (Host) H.Messik.	ACCEPTED	12205713	Triticum aestivum subsp. compactum (Host) H.Messik.	SUBSPECIES	196	Liliopsida	Plantae	1901
213212997	4155246	https://www.gbif.org/species/4155246	Moorochloa eruciformis (Sm.) Veldkamp	ACCEPTED	4155246	Moorochloa eruciformis (Sm.) Veldkamp	SPECIES	196	Liliopsida	Plantae	1947
213212997	4155246	https://www.gbif.org/species/4155246	Moorochloa eruciformis (Sm.) Veldkamp	ACCEPTED	4155246	Moorochloa eruciformis (Sm.) Veldkamp	SPECIES	196	Liliopsida	Plantae	1947
213213005	4124881	https://www.gbif.org/species/4124881	Bromus ×ferronii Mabille	ACCEPTED	4124881	Bromus ×ferronii Mabille	SPECIES	196	Liliopsida	Plantae	1904
213213008	2703663	https://www.gbif.org/species/2703663	Bromus rigidus Roth	ACCEPTED	2703663	Bromus rigidus Roth	SPECIES	196	Liliopsida	Plantae	1906
213213012	8918909	https://www.gbif.org/species/8918909	Bromus hordeaceus subsp. divaricatus (Bonnier & Layens) Kerguélen	ACCEPTED	8918909	Bromus hordeaceus subsp. divaricatus (Bonnier & Layens) Kerguélen	SUBSPECIES	196	Liliopsida	Plantae	1857
213213019	7226794	https://www.gbif.org/species/7226794	Bromus japonicus subsp. japonicus	ACCEPTED	7226794	Bromus japonicus subsp. japonicus	SUBSPECIES	196	Liliopsida	Plantae	1862
213213042	10986555	https://www.gbif.org/species/10986555	Thinopyrum obtusiflorum (DC.) Banfi	ACCEPTED	10986555	Thinopyrum obtusiflorum (DC.) Banfi	SPECIES	196	Liliopsida	Plantae	1900
213213042	10986555	https://www.gbif.org/species/10986555	Thinopyrum obtusiflorum (DC.) Banfi	ACCEPTED	10986555	Thinopyrum obtusiflorum (DC.) Banfi	SPECIES	196	Liliopsida	Plantae	1900
213213050	2705196	https://www.gbif.org/species/2705196	Agropyron cristatum (L.) Gaertn.	ACCEPTED	2705196	Agropyron cristatum (L.) Gaertn.	SPECIES	196	Liliopsida	Plantae	1947
213213060	4121049	https://www.gbif.org/species/4121049	Secale strictum (C.Presl) C.Presl	ACCEPTED	4121049	Secale strictum (C.Presl) C.Presl	SPECIES	196	Liliopsida	Plantae	1908
213213060	4121049	https://www.gbif.org/species/4121049	Secale strictum (C.Presl) C.Presl	ACCEPTED	4121049	Secale strictum (C.Presl) C.Presl	SPECIES	196	Liliopsida	Plantae	1908
213213069	7948459	https://www.gbif.org/species/7948459	Aira elegans Willd. ex Roem. & Schult.	ACCEPTED	7948459	Aira elegans Willd. ex Roem. & Schult.	SPECIES	196	Liliopsida	Plantae	1898
213213069	7948459	https://www.gbif.org/species/7948459	Aira elegans Willd. ex Roem. & Schult.	ACCEPTED	7948459	Aira elegans Willd. ex Roem. & Schult.	SPECIES	196	Liliopsida	Plantae	1898
213213074	10800064	https://www.gbif.org/species/10800064	Lolium ×elongatum (Ehrh.) Banfi, Galasso, Foggi, Kopecký & Ardenghi	ACCEPTED	10800064	Lolium ×elongatum (Ehrh.) Banfi, Galasso, Foggi, Kopecký & Ardenghi	SPECIES	196	Liliopsida	Plantae	1942
213213093	7738621	https://www.gbif.org/species/7738621	Dinebra divaricatissima (S.T.Blake) P.M.Peterson & N.Snow	ACCEPTED	7738621	Dinebra divaricatissima (S.T.Blake) P.M.Peterson & N.Snow	SPECIES	196	Liliopsida	Plantae	1921
213213093	7738621	https://www.gbif.org/species/7738621	Dinebra divaricatissima (S.T.Blake) P.M.Peterson & N.Snow	ACCEPTED	7738621	Dinebra divaricatissima (S.T.Blake) P.M.Peterson & N.Snow	SPECIES	196	Liliopsida	Plantae	1921
213213104	4146851	https://www.gbif.org/species/4146851	Pentameris airoides (Nees) Steud.	ACCEPTED	4146851	Pentameris airoides (Nees) Steud.	SPECIES	196	Liliopsida	Plantae	1911
213213104	4146851	https://www.gbif.org/species/4146851	Pentameris airoides (Nees) Steud.	ACCEPTED	4146851	Pentameris airoides (Nees) Steud.	SPECIES	196	Liliopsida	Plantae	1911
213213107	9317568	https://www.gbif.org/species/9317568	Oloptum thomasii (Duby) Banfi & Galasso	ACCEPTED	9317568	Oloptum thomasii (Duby) Banfi & Galasso	SPECIES	196	Liliopsida	Plantae	1947
213213132	5289670	https://www.gbif.org/species/5289670	Setaria adhaerens (Forssk.) Chiov.	ACCEPTED	5289670	Setaria adhaerens (Forssk.) Chiov.	SPECIES	196	Liliopsida	Plantae	1929
213213133	5289693	https://www.gbif.org/species/5289693	Setaria pumila (Poir.) Roem. & Schult.	ACCEPTED	5289693	Setaria pumila (Poir.) Roem. & Schult.	SPECIES	196	Liliopsida	Plantae	1811
213213143	4149175	https://www.gbif.org/species/4149175	Eragrostis brownii (Kunth) Nees	ACCEPTED	4149175	Eragrostis brownii (Kunth) Nees	SPECIES	196	Liliopsida	Plantae	1920
213213143	4149175	https://www.gbif.org/species/4149175	Eragrostis brownii (Kunth) Nees	ACCEPTED	4149175	Eragrostis brownii (Kunth) Nees	SPECIES	196	Liliopsida	Plantae	1920
213213148	2705391	https://www.gbif.org/species/2705391	Eragrostis cylindriflora Hochst.	ACCEPTED	2705391	Eragrostis cylindriflora Hochst.	SPECIES	196	Liliopsida	Plantae	1921
213213148	2705391	https://www.gbif.org/species/2705391	Eragrostis cylindriflora Hochst.	ACCEPTED	2705391	Eragrostis cylindriflora Hochst.	SPECIES	196	Liliopsida	Plantae	1921
213213149	2705369	https://www.gbif.org/species/2705369	Eragrostis cilianensis (All.) Vignolo ex Janch.	ACCEPTED	2705369	Eragrostis cilianensis (All.) Vignolo ex Janch.	SPECIES	196	Liliopsida	Plantae	1824
213213150	4139037	https://www.gbif.org/species/4139037	Eragrostis virescens J.Presl	ACCEPTED	4139037	Eragrostis virescens J.Presl	SPECIES	196	Liliopsida	Plantae	1947
213213418	4561827	https://www.gbif.org/species/4561827	Cochlostoma septemspirale (Razoumowsky, 1789)	ACCEPTED	4561827	Cochlostoma septemspirale (Razoumowsky, 1789)	SPECIES	225	Gastropoda	Animalia	1929
213213437	3188847	https://www.gbif.org/species/3188847	Oenothera affinis Cambess.	ACCEPTED	3188847	Oenothera affinis Cambess.	SPECIES	220	Magnoliopsida	Plantae	1909
213213437	3188847	https://www.gbif.org/species/3188847	Oenothera affinis Cambess.	ACCEPTED	3188847	Oenothera affinis Cambess.	SPECIES	220	Magnoliopsida	Plantae	1909
213213461	6427623	https://www.gbif.org/species/6427623	Oenothera villosa subsp. villosa	ACCEPTED	6427623	Oenothera villosa subsp. villosa	SUBSPECIES	220	Magnoliopsida	Plantae	1828
213213461	6427623	https://www.gbif.org/species/6427623	Oenothera villosa subsp. villosa	ACCEPTED	6427623	Oenothera villosa subsp. villosa	SUBSPECIES	220	Magnoliopsida	Plantae	1828
213213487	9537212	https://www.gbif.org/species/9537212	Alkekengi officinarum var. franchetii (Mast.) R.J.Wang	ACCEPTED	9537212	Alkekengi officinarum var. franchetii (Mast.) R.J.Wang	VARIETY	220	Magnoliopsida	Plantae	1811
213213493	5190912	https://www.gbif.org/species/5190912	Testacella haliotidea Draparnaud, 1801	ACCEPTED	5190912	Testacella haliotidea Draparnaud, 1801	SPECIES	225	Gastropoda	Animalia	1860
213213497	5795017	https://www.gbif.org/species/5795017	Ferussacia folliculum (Schröter, 1784)	ACCEPTED	5795017	Ferussacia folliculum (Schröter, 1784)	SPECIES	225	Gastropoda	Animalia	1866
213213501	3799170	https://www.gbif.org/species/3799170	Nicotiana ×sanderae W.Watson	ACCEPTED	3799170	Nicotiana ×sanderae W.Watson	SPECIES	220	Magnoliopsida	Plantae	1931
213213509	7505521	https://www.gbif.org/species/7505521	Zebrina detrita (O.F.Müller, 1774)	ACCEPTED	7505521	Zebrina detrita (O.F.Müller, 1774)	SPECIES	225	Gastropoda	Animalia	1864
213213515	6402873	https://www.gbif.org/species/6402873	Physalis ixocarpa Brot. ex Hornem.	HETEROTYPIC_SYNONYM	5581168	Physalis philadelphica subsp. ixocarpa (Brot. ex Hornem.) Sobr.-Vesp. & Sanz-Elorza	SUBSPECIES	220	Magnoliopsida	Plantae	1912
213213517	5341792	https://www.gbif.org/species/5341792	Physalis angulata L.	ACCEPTED	5341792	Physalis angulata L.	SPECIES	220	Magnoliopsida	Plantae	1921
213213517	5341792	https://www.gbif.org/species/5341792	Physalis angulata L.	ACCEPTED	5341792	Physalis angulata L.	SPECIES	220	Magnoliopsida	Plantae	1921
213213519	5581279	https://www.gbif.org/species/5581279	Physalis longifolia var. subglabrata (Mack. & Bush) Cronquist	ACCEPTED	5581279	Physalis longifolia var. subglabrata (Mack. & Bush) Cronquist	VARIETY	220	Magnoliopsida	Plantae	1902
213213526	2928905	https://www.gbif.org/species/2928905	Calibrachoa parviflora (Juss.) D' Arcy	ACCEPTED	2928905	Calibrachoa parviflora (Juss.) D' Arcy	SPECIES	220	Magnoliopsida	Plantae	1902
213213526	2928905	https://www.gbif.org/species/2928905	Calibrachoa parviflora (Juss.) D' Arcy	ACCEPTED	2928905	Calibrachoa parviflora (Juss.) D' Arcy	SPECIES	220	Magnoliopsida	Plantae	1902
213213533	8624880	https://www.gbif.org/species/8624880	Cernuella virgata (Muller, 1774)	DOUBTFUL	8624880	Cernuella virgata (Muller, 1774)	SPECIES	225	Gastropoda	Animalia	1867
213213534	2929800	https://www.gbif.org/species/2929800	Solanum angustifolium Houst. ex Mill.	ACCEPTED	2929800	Solanum angustifolium Houst. ex Mill.	SPECIES	220	Magnoliopsida	Plantae	1890
213213536	2932147	https://www.gbif.org/species/2932147	Solanum nitidibaccatum Bitter	ACCEPTED	2932147	Solanum nitidibaccatum Bitter	SPECIES	220	Magnoliopsida	Plantae	1942
213213541	2932872	https://www.gbif.org/species/2932872	Solanum decipiens Opiz	ACCEPTED	2932872	Solanum decipiens Opiz	SPECIES	220	Magnoliopsida	Plantae	1893
213213543	2931237	https://www.gbif.org/species/2931237	Solanum triflorum Nutt.	ACCEPTED	2931237	Solanum triflorum Nutt.	SPECIES	220	Magnoliopsida	Plantae	1893
213213545	2929505	https://www.gbif.org/species/2929505	Solanum villosum Mill.	ACCEPTED	2929505	Solanum villosum Mill.	SPECIES	220	Magnoliopsida	Plantae	1899
213213559	3610757	https://www.gbif.org/species/3610757	Cuscuta campestris Yunck.	ACCEPTED	3610757	Cuscuta campestris Yunck.	SPECIES	220	Magnoliopsida	Plantae	1887
213213572	2928560	https://www.gbif.org/species/2928560	Ipomoea coccinea L.	ACCEPTED	2928560	Ipomoea coccinea L.	SPECIES	220	Magnoliopsida	Plantae	1942
213213599	3039203	https://www.gbif.org/species/3039203	Parthenocissus inserta (A.Kern.) Fritsch	ACCEPTED	3039203	Parthenocissus inserta (A.Kern.) Fritsch	SPECIES	220	Magnoliopsida	Plantae	1880
213213619	4194303	https://www.gbif.org/species/4194303	Ribes aureum var. villosum DC.	ACCEPTED	4194303	Ribes aureum var. villosum DC.	VARIETY	220	Magnoliopsida	Plantae	1897
213213642	4202184	https://www.gbif.org/species/4202184	Hylotelephium anacampseros (L.) H.Ohba	ACCEPTED	4202184	Hylotelephium anacampseros (L.) H.Ohba	SPECIES	220	Magnoliopsida	Plantae	1850
213213642	4202184	https://www.gbif.org/species/4202184	Hylotelephium anacampseros (L.) H.Ohba	ACCEPTED	4202184	Hylotelephium anacampseros (L.) H.Ohba	SPECIES	220	Magnoliopsida	Plantae	1850
213213646	11162940	https://www.gbif.org/species/11162940	Phedimus spurius subsp. spurius	ACCEPTED	11162940	Phedimus spurius subsp. spurius	SUBSPECIES	220	Magnoliopsida	Plantae	1866
213213666	7863397	https://www.gbif.org/species/7863397	Petrosedum ochroleucum (Chaix) Niederle	ACCEPTED	7863397	Petrosedum ochroleucum (Chaix) Niederle	SPECIES	220	Magnoliopsida	Plantae	1873
213213666	7863397	https://www.gbif.org/species/7863397	Petrosedum ochroleucum (Chaix) Niederle	ACCEPTED	7863397	Petrosedum ochroleucum (Chaix) Niederle	SPECIES	220	Magnoliopsida	Plantae	1873
213213675	10730110	https://www.gbif.org/species/10730110	Crassula peduncularis (Sm.) Cambess.	ACCEPTED	10730110	Crassula peduncularis (Sm.) Cambess.	SPECIES	220	Magnoliopsida	Plantae	1894
213213675	10730110	https://www.gbif.org/species/10730110	Crassula peduncularis (Sm.) Cambess.	ACCEPTED	10730110	Crassula peduncularis (Sm.) Cambess.	SPECIES	220	Magnoliopsida	Plantae	1894
213213740	10773250	https://www.gbif.org/species/10773250	Melilotus siculus (Turra) Steud.	ACCEPTED	10773250	Melilotus siculus (Turra) Steud.	SPECIES	220	Magnoliopsida	Plantae	1948
213213747	3973495	https://www.gbif.org/species/3973495	Vicia eriocarpa (Hausskn.) Halácsy	ACCEPTED	3973495	Vicia eriocarpa (Hausskn.) Halácsy	SPECIES	220	Magnoliopsida	Plantae	1877
213213749	3973001	https://www.gbif.org/species/3973001	Vicia lens (L.) Coss. & Germ.	ACCEPTED	3973001	Vicia lens (L.) Coss. & Germ.	SPECIES	220	Magnoliopsida	Plantae	1852
213213754	7769230	https://www.gbif.org/species/7769230	Vicia lentoides (Ten.) Coss. & Germ.	ACCEPTED	7769230	Vicia lentoides (Ten.) Coss. & Germ.	SPECIES	220	Magnoliopsida	Plantae	1913
213213754	7769230	https://www.gbif.org/species/7769230	Vicia lentoides (Ten.) Coss. & Germ.	ACCEPTED	7769230	Vicia lentoides (Ten.) Coss. & Germ.	SPECIES	220	Magnoliopsida	Plantae	1913
213213757	2974811	https://www.gbif.org/species/2974811	Vicia pannonica Crantz	ACCEPTED	2974811	Vicia pannonica Crantz	SPECIES	220	Magnoliopsida	Plantae	1894
213213758	7225456	https://www.gbif.org/species/7225456	Vicia narbonensis var. narbonensis	SYNONYM	2975132	Vicia narbonensis L.	SPECIES	220	Magnoliopsida	Plantae	1888
213213776	9603492	https://www.gbif.org/species/9603492	Vicia pannonica var. pannonica	SYNONYM	2974811	Vicia pannonica Crantz	SPECIES	220	Magnoliopsida	Plantae	1877
213213779	2975135	https://www.gbif.org/species/2975135	Vicia serratifolia Jacq.	ACCEPTED	2975135	Vicia serratifolia Jacq.	SPECIES	220	Magnoliopsida	Plantae	1876
213213804	5347846	https://www.gbif.org/species/5347846	Lathyrus oleraceus Lam.	ACCEPTED	5347846	Lathyrus oleraceus Lam.	SPECIES	220	Magnoliopsida	Plantae	1912
213213860	5349991	https://www.gbif.org/species/5349991	Coronilla securidaca L.	ACCEPTED	5349991	Coronilla securidaca L.	SPECIES	220	Magnoliopsida	Plantae	1909
213213860	5349991	https://www.gbif.org/species/5349991	Coronilla securidaca L.	ACCEPTED	5349991	Coronilla securidaca L.	SPECIES	220	Magnoliopsida	Plantae	1909
213213861	5350005	https://www.gbif.org/species/5350005	Coronilla varia L.	ACCEPTED	5350005	Coronilla varia L.	SPECIES	220	Magnoliopsida	Plantae	1803
213213929	2965250	https://www.gbif.org/species/2965250	Medicago tornata (L.) Mill.	ACCEPTED	2965250	Medicago tornata (L.) Mill.	SPECIES	220	Magnoliopsida	Plantae	1949
213213929	2965250	https://www.gbif.org/species/2965250	Medicago tornata (L.) Mill.	ACCEPTED	2965250	Medicago tornata (L.) Mill.	SPECIES	220	Magnoliopsida	Plantae	1949
213213933	7373959	https://www.gbif.org/species/7373959	Medicago ciliaris (L.) All.	ACCEPTED	7373959	Medicago ciliaris (L.) All.	SPECIES	220	Magnoliopsida	Plantae	1947
213213935	2965405	https://www.gbif.org/species/2965405	Medicago intertexta (L.) Mill.	ACCEPTED	2965405	Medicago intertexta (L.) Mill.	SPECIES	220	Magnoliopsida	Plantae	1858
213213935	2965405	https://www.gbif.org/species/2965405	Medicago intertexta (L.) Mill.	ACCEPTED	2965405	Medicago intertexta (L.) Mill.	SPECIES	220	Magnoliopsida	Plantae	1858
213213954	5358302	https://www.gbif.org/species/5358302	Scorpiurus muricatus L.	ACCEPTED	5358302	Scorpiurus muricatus L.	SPECIES	220	Magnoliopsida	Plantae	1901
213213995	7926816	https://www.gbif.org/species/7926816	Monsonia angustifolia E.Mey. ex A.Rich.	DOUBTFUL	7926816	Monsonia angustifolia E.Mey. ex A.Rich.	SPECIES	220	Magnoliopsida	Plantae	1893
213213995	7926816	https://www.gbif.org/species/7926816	Monsonia angustifolia E.Mey. ex A.Rich.	DOUBTFUL	7926816	Monsonia angustifolia E.Mey. ex A.Rich.	SPECIES	220	Magnoliopsida	Plantae	1893
213214007	2891624	https://www.gbif.org/species/2891624	Erodium cygnorum Nees	ACCEPTED	2891624	Erodium cygnorum Nees	SPECIES	220	Magnoliopsida	Plantae	1900
213214007	2891624	https://www.gbif.org/species/2891624	Erodium cygnorum Nees	ACCEPTED	2891624	Erodium cygnorum Nees	SPECIES	220	Magnoliopsida	Plantae	1900
213214016	3828342	https://www.gbif.org/species/3828342	Erodium carolinianum Aldasoro, Aedo, C.Navarro & L.Sáez	ACCEPTED	3828342	Erodium carolinianum Aldasoro, Aedo, C.Navarro & L.Sáez	SPECIES	220	Magnoliopsida	Plantae	1922
213214016	3828342	https://www.gbif.org/species/3828342	Erodium carolinianum Aldasoro, Aedo, C.Navarro & L.Sáez	ACCEPTED	3828342	Erodium carolinianum Aldasoro, Aedo, C.Navarro & L.Sáez	SPECIES	220	Magnoliopsida	Plantae	1922
213214066	6420901	https://www.gbif.org/species/6420901	Nemophila menziesii var. menziesii	ACCEPTED	6420901	Nemophila menziesii var. menziesii	VARIETY	220	Magnoliopsida	Plantae	1888
213214077	9405645	https://www.gbif.org/species/9405645	Lycopsis arvensis subsp. orientalis (L.) Kusn.	ACCEPTED	9405645	Lycopsis arvensis subsp. orientalis (L.) Kusn.	SUBSPECIES	220	Magnoliopsida	Plantae	1850
213214110	9629001	https://www.gbif.org/species/9629001	Iberodes linifolia (L.) Serrano, R.Carbajal & S.Ortiz	ACCEPTED	9629001	Iberodes linifolia (L.) Serrano, R.Carbajal & S.Ortiz	SPECIES	220	Magnoliopsida	Plantae	1900
213214110	9629001	https://www.gbif.org/species/9629001	Iberodes linifolia (L.) Serrano, R.Carbajal & S.Ortiz	ACCEPTED	9629001	Iberodes linifolia (L.) Serrano, R.Carbajal & S.Ortiz	SPECIES	220	Magnoliopsida	Plantae	1900
213214186	9823072	https://www.gbif.org/species/9823072	Oxalis stricta L.	ACCEPTED	9823072	Oxalis stricta L.	SPECIES	220	Magnoliopsida	Plantae	1792
213214305	9587676	https://www.gbif.org/species/9587676	Roemeria hispida Stace	ACCEPTED	9587676	Roemeria hispida Stace	SPECIES	220	Magnoliopsida	Plantae	1880
213214364	3033868	https://www.gbif.org/species/3033868	Berberis aquifolium Pursh	SYNONYM	3033865	Mahonia aquifolium (Pursh) Nutt.	SPECIES	220	Magnoliopsida	Plantae	1906
213214387	7967494	https://www.gbif.org/species/7967494	Aconitum ×cammarum L.	ACCEPTED	7967494	Aconitum ×cammarum L.	SPECIES	220	Magnoliopsida	Plantae	1835
213214410	6376340	https://www.gbif.org/species/6376340	Thalictrum aquilegiifolium L.	ACCEPTED	6376340	Thalictrum aquilegiifolium L.	SPECIES	220	Magnoliopsida	Plantae	1856
213214442	8429167	https://www.gbif.org/species/8429167	Delphinium hispanicum Costa	ACCEPTED	8429167	Delphinium hispanicum Costa	SPECIES	220	Magnoliopsida	Plantae	1893
213214486	5928306	https://www.gbif.org/species/5928306	Lepidium draba subsp. chalepense (L.) Thell.	ACCEPTED	5928306	Lepidium draba subsp. chalepense (L.) Thell.	SUBSPECIES	220	Magnoliopsida	Plantae	1912
213214486	5928306	https://www.gbif.org/species/5928306	Lepidium draba subsp. chalepense (L.) Thell.	ACCEPTED	5928306	Lepidium draba subsp. chalepense (L.) Thell.	SUBSPECIES	220	Magnoliopsida	Plantae	1912
213214489	5376961	https://www.gbif.org/species/5376961	Lepidium draba L.	ACCEPTED	5376961	Lepidium draba L.	SPECIES	220	Magnoliopsida	Plantae	1840
213214497	10944522	https://www.gbif.org/species/10944522	Mummenhoffia alliacea (L.) Esmailbegi & Al-Shehbaz	ACCEPTED	10944522	Mummenhoffia alliacea (L.) Esmailbegi & Al-Shehbaz	SPECIES	220	Magnoliopsida	Plantae	1850
213214517	3045473	https://www.gbif.org/species/3045473	Noccaea brachypetala (Jord.) F.K.Mey.	ACCEPTED	3045473	Noccaea brachypetala (Jord.) F.K.Mey.	SPECIES	220	Magnoliopsida	Plantae	1949
213214517	3045473	https://www.gbif.org/species/3045473	Noccaea brachypetala (Jord.) F.K.Mey.	ACCEPTED	3045473	Noccaea brachypetala (Jord.) F.K.Mey.	SPECIES	220	Magnoliopsida	Plantae	1949
213214535	5375920	https://www.gbif.org/species/5375920	Eruca vesicaria (L.) Cav.	ACCEPTED	5375920	Eruca vesicaria (L.) Cav.	SPECIES	220	Magnoliopsida	Plantae	1837
213214551	5373440	https://www.gbif.org/species/5373440	Strigosella africana (L.) Botsch.	ACCEPTED	5373440	Strigosella africana (L.) Botsch.	SPECIES	220	Magnoliopsida	Plantae	1895
213214551	5373440	https://www.gbif.org/species/5373440	Strigosella africana (L.) Botsch.	ACCEPTED	5373440	Strigosella africana (L.) Botsch.	SPECIES	220	Magnoliopsida	Plantae	1895
213214557	3693541	https://www.gbif.org/species/3693541	Odontarrhena muralis (Waldst. & Kit.) Endl.	ACCEPTED	3693541	Odontarrhena muralis (Waldst. & Kit.) Endl.	SPECIES	220	Magnoliopsida	Plantae	1850
213214557	3693541	https://www.gbif.org/species/3693541	Odontarrhena muralis (Waldst. & Kit.) Endl.	ACCEPTED	3693541	Odontarrhena muralis (Waldst. & Kit.) Endl.	SPECIES	220	Magnoliopsida	Plantae	1850
213214566	3053399	https://www.gbif.org/species/3053399	Rorippa pyrenaica (L.) Rchb.	ACCEPTED	3053399	Rorippa pyrenaica (L.) Rchb.	SPECIES	220	Magnoliopsida	Plantae	1854
213214571	3046929	https://www.gbif.org/species/3046929	Sisymbrium chrysanthum Jord.	ACCEPTED	3046929	Sisymbrium chrysanthum Jord.	SPECIES	220	Magnoliopsida	Plantae	1858
213214577	3049314	https://www.gbif.org/species/3049314	Euclidium syriacum (L.) W.T.Aiton	ACCEPTED	3049314	Euclidium syriacum (L.) W.T.Aiton	SPECIES	220	Magnoliopsida	Plantae	1885
213214614	3045082	https://www.gbif.org/species/3045082	Alyssum turkestanicum Regel & Schmalh.	ACCEPTED	3045082	Alyssum turkestanicum Regel & Schmalh.	SPECIES	220	Magnoliopsida	Plantae	1864
213214628	3048073	https://www.gbif.org/species/3048073	Erysimum collisparsum Jord.	ACCEPTED	3048073	Erysimum collisparsum Jord.	SPECIES	220	Magnoliopsida	Plantae	1893
213214628	3048073	https://www.gbif.org/species/3048073	Erysimum collisparsum Jord.	ACCEPTED	3048073	Erysimum collisparsum Jord.	SPECIES	220	Magnoliopsida	Plantae	1893
213214647	3047147	https://www.gbif.org/species/3047147	Neslia paniculata subsp. thracica (Velen.) Bornm.	ACCEPTED	3047147	Neslia paniculata subsp. thracica (Velen.) Bornm.	SUBSPECIES	220	Magnoliopsida	Plantae	1866
213214651	7711892	https://www.gbif.org/species/7711892	Isatis quadrialata Al-Shehbaz, Moazzeni & Mummenhoff	ACCEPTED	7711892	Isatis quadrialata Al-Shehbaz, Moazzeni & Mummenhoff	SPECIES	220	Magnoliopsida	Plantae	1909
213214673	9067615	https://www.gbif.org/species/9067615	Mentzelia albicaulis (Douglas ex Hook.) Douglas ex Torr. & A.Gray	ACCEPTED	9067615	Mentzelia albicaulis (Douglas ex Hook.) Douglas ex Torr. & A.Gray	SPECIES	220	Magnoliopsida	Plantae	1893
213214673	9067615	https://www.gbif.org/species/9067615	Mentzelia albicaulis (Douglas ex Hook.) Douglas ex Torr. & A.Gray	ACCEPTED	9067615	Mentzelia albicaulis (Douglas ex Hook.) Douglas ex Torr. & A.Gray	SPECIES	220	Magnoliopsida	Plantae	1893
213214727	3064282	https://www.gbif.org/species/3064282	Euphorbia tommasiniana Bertol.	ACCEPTED	3064282	Euphorbia tommasiniana Bertol.	SPECIES	220	Magnoliopsida	Plantae	1850
213214752	8257857	https://www.gbif.org/species/8257857	Salix elaeagnos subsp. angustifolia (Cariot) Rech.f.	ACCEPTED	8257857	Salix elaeagnos subsp. angustifolia (Cariot) Rech.f.	SUBSPECIES	220	Magnoliopsida	Plantae	1830
213214842	4022910	https://www.gbif.org/species/4022910	Portulaca macrantha (Maire) Ricceri & Arrigoni	ACCEPTED	4022910	Portulaca macrantha (Maire) Ricceri & Arrigoni	SPECIES	220	Magnoliopsida	Plantae	1948
213214852	3084748	https://www.gbif.org/species/3084748	Claytonia perfoliata Donn ex Willd.	SYNONYM	7095665	Claytonia perfoliata subsp. perfoliata	SUBSPECIES	220	Magnoliopsida	Plantae	1859
213214856	7288892	https://www.gbif.org/species/7288892	Calandrinia pilosiuscula DC.	ACCEPTED	7288892	Calandrinia pilosiuscula DC.	SPECIES	220	Magnoliopsida	Plantae	1900
213214856	7288892	https://www.gbif.org/species/7288892	Calandrinia pilosiuscula DC.	ACCEPTED	7288892	Calandrinia pilosiuscula DC.	SPECIES	220	Magnoliopsida	Plantae	1900
213214873	4036350	https://www.gbif.org/species/4036350	Rumex salicifolius var. triangulivalvis (Danser) J.C.Hickman	SYNONYM	6391377	Rumex triangulivalvis (Danser) Rech.fil.	SPECIES	220	Magnoliopsida	Plantae	1913
213214875	2888945	https://www.gbif.org/species/2888945	Rumex brownii Campd.	ACCEPTED	2888945	Rumex brownii Campd.	SPECIES	220	Magnoliopsida	Plantae	1895
213214878	2888982	https://www.gbif.org/species/2888982	Rumex fueginus Phil.	ACCEPTED	2888982	Rumex fueginus Phil.	SPECIES	220	Magnoliopsida	Plantae	1893
213214887	8909872	https://www.gbif.org/species/8909872	Rumex hypogaeus T.M.Schust. & Reveal	ACCEPTED	8909872	Rumex hypogaeus T.M.Schust. & Reveal	SPECIES	220	Magnoliopsida	Plantae	1900
213214907	8336551	https://www.gbif.org/species/8336551	Polygonum arenarium subsp. pulchellum (Loisel.) Thell.	ACCEPTED	8336551	Polygonum arenarium subsp. pulchellum (Loisel.) Thell.	SUBSPECIES	220	Magnoliopsida	Plantae	1943
213214908	5334440	https://www.gbif.org/species/5334440	Polygonum plebeium R.Br.	ACCEPTED	5334440	Polygonum plebeium R.Br.	SPECIES	220	Magnoliopsida	Plantae	1895
213214908	5334440	https://www.gbif.org/species/5334440	Polygonum plebeium R.Br.	ACCEPTED	5334440	Polygonum plebeium R.Br.	SPECIES	220	Magnoliopsida	Plantae	1895
213214913	8848208	https://www.gbif.org/species/8848208	Koenigia polystachya (Wall. ex Meisn.) T.M.Schust. & Reveal	ACCEPTED	8848208	Koenigia polystachya (Wall. ex Meisn.) T.M.Schust. & Reveal	SPECIES	220	Magnoliopsida	Plantae	1898
213214915	2889198	https://www.gbif.org/species/2889198	Persicaria pensylvanica (L.) M.Gómez	ACCEPTED	2889198	Persicaria pensylvanica (L.) M.Gómez	SPECIES	220	Magnoliopsida	Plantae	1902
213214939	9454901	https://www.gbif.org/species/9454901	Amaranthus macrocarpus subsp. pallidus (Benth.) N.Bayón	ACCEPTED	9454901	Amaranthus macrocarpus subsp. pallidus (Benth.) N.Bayón	SUBSPECIES	220	Magnoliopsida	Plantae	1947
213214939	9454901	https://www.gbif.org/species/9454901	Amaranthus macrocarpus subsp. pallidus (Benth.) N.Bayón	ACCEPTED	9454901	Amaranthus macrocarpus subsp. pallidus (Benth.) N.Bayón	SUBSPECIES	220	Magnoliopsida	Plantae	1947
213214940	5384359	https://www.gbif.org/species/5384359	Amaranthus powellii S.Watson	ACCEPTED	5384359	Amaranthus powellii S.Watson	SPECIES	220	Magnoliopsida	Plantae	1904
213214941	7323251	https://www.gbif.org/species/7323251	Amaranthus emarginatus subsp. emarginatus	ACCEPTED	7323251	Amaranthus emarginatus subsp. emarginatus	SUBSPECIES	220	Magnoliopsida	Plantae	1908
213214941	7323251	https://www.gbif.org/species/7323251	Amaranthus emarginatus subsp. emarginatus	ACCEPTED	7323251	Amaranthus emarginatus subsp. emarginatus	SUBSPECIES	220	Magnoliopsida	Plantae	1908
213214952	5383936	https://www.gbif.org/species/5383936	Bassia scoparia (L.) A.J.Scott	ACCEPTED	5383936	Bassia scoparia (L.) A.J.Scott	SPECIES	220	Magnoliopsida	Plantae	1835
213214956	7685459	https://www.gbif.org/species/7685459	Atriplex pseudocampanulata Aellen ex Blom	ACCEPTED	7685459	Atriplex pseudocampanulata Aellen ex Blom	SPECIES	220	Magnoliopsida	Plantae	1895
213214956	7685459	https://www.gbif.org/species/7685459	Atriplex pseudocampanulata Aellen ex Blom	ACCEPTED	7685459	Atriplex pseudocampanulata Aellen ex Blom	SPECIES	220	Magnoliopsida	Plantae	1895
213214957	3083659	https://www.gbif.org/species/3083659	Atriplex eardleyae Aellen	ACCEPTED	3083659	Atriplex eardleyae Aellen	SPECIES	220	Magnoliopsida	Plantae	1906
213214957	3083659	https://www.gbif.org/species/3083659	Atriplex eardleyae Aellen	ACCEPTED	3083659	Atriplex eardleyae Aellen	SPECIES	220	Magnoliopsida	Plantae	1906
213214980	8091998	https://www.gbif.org/species/8091998	Gypsophila vaccaria (L.) Sm.	ACCEPTED	8091998	Gypsophila vaccaria (L.) Sm.	SPECIES	220	Magnoliopsida	Plantae	1811
213215000	5384782	https://www.gbif.org/species/5384782	Silene csereii Baumg.	ACCEPTED	5384782	Silene csereii Baumg.	SPECIES	220	Magnoliopsida	Plantae	1908
213215000	5384782	https://www.gbif.org/species/5384782	Silene csereii Baumg.	ACCEPTED	5384782	Silene csereii Baumg.	SPECIES	220	Magnoliopsida	Plantae	1908
213215003	10953644	https://www.gbif.org/species/10953644	Silene baccifera (L.) Durande	ACCEPTED	10953644	Silene baccifera (L.) Durande	SPECIES	220	Magnoliopsida	Plantae	1824
213215004	8419625	https://www.gbif.org/species/8419625	Silene scabriflora Brot.	ACCEPTED	8419625	Silene scabriflora Brot.	SPECIES	220	Magnoliopsida	Plantae	1860
213215004	8419625	https://www.gbif.org/species/8419625	Silene scabriflora Brot.	ACCEPTED	8419625	Silene scabriflora Brot.	SPECIES	220	Magnoliopsida	Plantae	1860
213215030	4211074	https://www.gbif.org/species/4211074	Carduus ×theriotii Rouy	ACCEPTED	4211074	Carduus ×theriotii Rouy	SPECIES	220	Magnoliopsida	Plantae	1850
213215030	4211074	https://www.gbif.org/species/4211074	Carduus ×theriotii Rouy	ACCEPTED	4211074	Carduus ×theriotii Rouy	SPECIES	220	Magnoliopsida	Plantae	1850
213215039	3117449	https://www.gbif.org/species/3117449	Erigeron annuus (L.) Pers.	ACCEPTED	3117449	Erigeron annuus (L.) Pers.	SPECIES	220	Magnoliopsida	Plantae	1813
213215060	3108121	https://www.gbif.org/species/3108121	Senecio glossanthus (Sond.) Belcher	ACCEPTED	3108121	Senecio glossanthus (Sond.) Belcher	SPECIES	220	Magnoliopsida	Plantae	1893
213215060	3108121	https://www.gbif.org/species/3108121	Senecio glossanthus (Sond.) Belcher	ACCEPTED	3108121	Senecio glossanthus (Sond.) Belcher	SPECIES	220	Magnoliopsida	Plantae	1893
213215062	3107661	https://www.gbif.org/species/3107661	Senecio quadridentatus Labill.	ACCEPTED	3107661	Senecio quadridentatus Labill.	SPECIES	220	Magnoliopsida	Plantae	1893
213215062	3107661	https://www.gbif.org/species/3107661	Senecio quadridentatus Labill.	ACCEPTED	3107661	Senecio quadridentatus Labill.	SPECIES	220	Magnoliopsida	Plantae	1893
213215071	7223177	https://www.gbif.org/species/7223177	Crepis sancta subsp. sancta	ACCEPTED	7223177	Crepis sancta subsp. sancta	SUBSPECIES	220	Magnoliopsida	Plantae	1948
213215082	10629881	https://www.gbif.org/species/10629881	Pentanema hirtum (L.) D.Gut.Larr., Santos-Vicente, Anderb., E.Rico & M.M.Mart.Ort.	ACCEPTED	10629881	Pentanema hirtum (L.) D.Gut.Larr., Santos-Vicente, Anderb., E.Rico & M.M.Mart.Ort.	SPECIES	220	Magnoliopsida	Plantae	1850
213215082	10629881	https://www.gbif.org/species/10629881	Pentanema hirtum (L.) D.Gut.Larr., Santos-Vicente, Anderb., E.Rico & M.M.Mart.Ort.	ACCEPTED	10629881	Pentanema hirtum (L.) D.Gut.Larr., Santos-Vicente, Anderb., E.Rico & M.M.Mart.Ort.	SPECIES	220	Magnoliopsida	Plantae	1850
213215083	10108775	https://www.gbif.org/species/10108775	Pentanema spiraeifolium (L.) D.Gut.Larr., Santos-Vicente, Anderb., E.Rico & M.M.Mart.Ort.	ACCEPTED	10108775	Pentanema spiraeifolium (L.) D.Gut.Larr., Santos-Vicente, Anderb., E.Rico & M.M.Mart.Ort.	SPECIES	220	Magnoliopsida	Plantae	1868
213215083	10108775	https://www.gbif.org/species/10108775	Pentanema spiraeifolium (L.) D.Gut.Larr., Santos-Vicente, Anderb., E.Rico & M.M.Mart.Ort.	ACCEPTED	10108775	Pentanema spiraeifolium (L.) D.Gut.Larr., Santos-Vicente, Anderb., E.Rico & M.M.Mart.Ort.	SPECIES	220	Magnoliopsida	Plantae	1868
213215099	8370958	https://www.gbif.org/species/8370958	Matricaria chamomilla L.	ACCEPTED	8370958	Matricaria chamomilla L.	SPECIES	220	Magnoliopsida	Plantae	1886
213215099	8370958	https://www.gbif.org/species/8370958	Matricaria chamomilla L.	ACCEPTED	8370958	Matricaria chamomilla L.	SPECIES	220	Magnoliopsida	Plantae	1886
213215120	3137579	https://www.gbif.org/species/3137579	Galactites tomentosa Moench	ACCEPTED	3137579	Galactites tomentosa Moench	SPECIES	220	Magnoliopsida	Plantae	1912
213215120	3137579	https://www.gbif.org/species/3137579	Galactites tomentosa Moench	ACCEPTED	3137579	Galactites tomentosa Moench	SPECIES	220	Magnoliopsida	Plantae	1912
213215122	4233822	https://www.gbif.org/species/4233822	Vittadinia dentata (Gaudich.) DC.	ACCEPTED	4233822	Vittadinia dentata (Gaudich.) DC.	SPECIES	220	Magnoliopsida	Plantae	1892
213215122	4233822	https://www.gbif.org/species/4233822	Vittadinia dentata (Gaudich.) DC.	ACCEPTED	4233822	Vittadinia dentata (Gaudich.) DC.	SPECIES	220	Magnoliopsida	Plantae	1892
213215131	11136683	https://www.gbif.org/species/11136683	Pulicaria arabica subsp. arabica	ACCEPTED	11136683	Pulicaria arabica subsp. arabica	SUBSPECIES	220	Magnoliopsida	Plantae	1898
213215131	11136683	https://www.gbif.org/species/11136683	Pulicaria arabica subsp. arabica	ACCEPTED	11136683	Pulicaria arabica subsp. arabica	SUBSPECIES	220	Magnoliopsida	Plantae	1898
213215173	10948891	https://www.gbif.org/species/10948891	Podolepis aristata subsp. auriculata (DC.) Jeanes	ACCEPTED	10948891	Podolepis aristata subsp. auriculata (DC.) Jeanes	SUBSPECIES	220	Magnoliopsida	Plantae	1899
213215173	10948891	https://www.gbif.org/species/10948891	Podolepis aristata subsp. auriculata (DC.) Jeanes	ACCEPTED	10948891	Podolepis aristata subsp. auriculata (DC.) Jeanes	SUBSPECIES	220	Magnoliopsida	Plantae	1899
213215176	3092691	https://www.gbif.org/species/3092691	Soliva sessilis Ruiz & Pav.	ACCEPTED	3092691	Soliva sessilis Ruiz & Pav.	SPECIES	220	Magnoliopsida	Plantae	1887
213215179	4248063	https://www.gbif.org/species/4248063	Hieracium pulmonarioides subsp. spelaeum (Arv.-Touv.) Greuter	ACCEPTED	4248063	Hieracium pulmonarioides subsp. spelaeum (Arv.-Touv.) Greuter	SUBSPECIES	220	Magnoliopsida	Plantae	1873
213215179	4248063	https://www.gbif.org/species/4248063	Hieracium pulmonarioides subsp. spelaeum (Arv.-Touv.) Greuter	ACCEPTED	4248063	Hieracium pulmonarioides subsp. spelaeum (Arv.-Touv.) Greuter	SUBSPECIES	220	Magnoliopsida	Plantae	1873
213215181	4207403	https://www.gbif.org/species/4207403	Centaurea adami Willd.	ACCEPTED	4207403	Centaurea adami Willd.	SPECIES	220	Magnoliopsida	Plantae	1927
213215184	6076279	https://www.gbif.org/species/6076279	Centaurea diluta subsp. algeriensis (Coss. & Durieu) Maire	ACCEPTED	6076279	Centaurea diluta subsp. algeriensis (Coss. & Durieu) Maire	SUBSPECIES	220	Magnoliopsida	Plantae	1918
213215184	6076279	https://www.gbif.org/species/6076279	Centaurea diluta subsp. algeriensis (Coss. & Durieu) Maire	ACCEPTED	6076279	Centaurea diluta subsp. algeriensis (Coss. & Durieu) Maire	SUBSPECIES	220	Magnoliopsida	Plantae	1918
213215195	8421156	https://www.gbif.org/species/8421156	Symphyotrichum laeve (L.) Á.Löve & D.Löve	ACCEPTED	8421156	Symphyotrichum laeve (L.) Á.Löve & D.Löve	SPECIES	220	Magnoliopsida	Plantae	1939
213215216	3110905	https://www.gbif.org/species/3110905	Scorzonera hispanica L.	SYNONYM	10769750	Pseudopodospermum hispanicum subsp. hispanicum	SUBSPECIES	220	Magnoliopsida	Plantae	1835
213215223	4230874	https://www.gbif.org/species/4230874	Doronicum ×willdenowii (Rouy) A.W.Hill	ACCEPTED	4230874	Doronicum ×willdenowii (Rouy) A.W.Hill	SPECIES	220	Magnoliopsida	Plantae	1824
213215259	8925248	https://www.gbif.org/species/8925248	Galium parisiense var. parisiense	ACCEPTED	8925248	Galium parisiense var. parisiense	VARIETY	220	Magnoliopsida	Plantae	1904
213215259	8925248	https://www.gbif.org/species/8925248	Galium parisiense var. parisiense	ACCEPTED	8925248	Galium parisiense var. parisiense	VARIETY	220	Magnoliopsida	Plantae	1904
213215260	2913219	https://www.gbif.org/species/2913219	Galium anglicum Huds.	ACCEPTED	2913219	Galium anglicum Huds.	SPECIES	220	Magnoliopsida	Plantae	1850
213215279	7224069	https://www.gbif.org/species/7224069	Petroselinum crispum subsp. crispum	ACCEPTED	7224069	Petroselinum crispum subsp. crispum	SUBSPECIES	220	Magnoliopsida	Plantae	1872
213215287	6026420	https://www.gbif.org/species/6026420	Seseli montanum L.	ACCEPTED	6026420	Seseli montanum L.	SPECIES	220	Magnoliopsida	Plantae	1815
213215292	11921804	https://www.gbif.org/species/11921804	Anethum ridolfia Spalik & Reduron	ACCEPTED	11921804	Anethum ridolfia Spalik & Reduron	SPECIES	220	Magnoliopsida	Plantae	1921
213215304	5371869	https://www.gbif.org/species/5371869	Bifora testiculata (L.) Spreng.	HETEROTYPIC_SYNONYM	7412216	Bifora testiculata (L.) Roth	SPECIES	220	Magnoliopsida	Plantae	1891
213215316	8350395	https://www.gbif.org/species/8350395	Cyclospermum leptophyllum (Pers.) Sprague	ACCEPTED	8350395	Cyclospermum leptophyllum (Pers.) Sprague	SPECIES	220	Magnoliopsida	Plantae	1893
213215333	3152521	https://www.gbif.org/species/3152521	Althaea hirsuta L.	ACCEPTED	3152521	Althaea hirsuta L.	SPECIES	220	Magnoliopsida	Plantae	1855
213215335	3941038	https://www.gbif.org/species/3941038	Malva preissiana Miq.	ACCEPTED	3941038	Malva preissiana Miq.	SPECIES	220	Magnoliopsida	Plantae	1948
213215335	3941038	https://www.gbif.org/species/3941038	Malva preissiana Miq.	ACCEPTED	3941038	Malva preissiana Miq.	SPECIES	220	Magnoliopsida	Plantae	1948
213215336	3940326	https://www.gbif.org/species/3940326	Malva trimestris (L.) Salisb.	ACCEPTED	3940326	Malva trimestris (L.) Salisb.	SPECIES	220	Magnoliopsida	Plantae	1941
213215386	8012439	https://www.gbif.org/species/8012439	Symphoricarpos albus (L.) K.Koch	ACCEPTED	8012439	Symphoricarpos albus (L.) K.Koch	SPECIES	220	Magnoliopsida	Plantae	1866
213215392	2888805	https://www.gbif.org/species/2888805	Scabiosa atropurpurea L.	SYNONYM	7301011	Sixalix atropurpurea subsp. atropurpurea	SUBSPECIES	220	Magnoliopsida	Plantae	1835
213215410	2888796	https://www.gbif.org/species/2888796	Cephalaria syriaca (L.) Roem. & Schult.	DOUBTFUL	2888796	Cephalaria syriaca (L.) Roem. & Schult.	SPECIES	220	Magnoliopsida	Plantae	1891
213215428	7733140	https://www.gbif.org/species/7733140	Bellardia viscosa (L.) Fisch. & C.A.Mey.	ACCEPTED	7733140	Bellardia viscosa (L.) Fisch. & C.A.Mey.	SPECIES	220	Magnoliopsida	Plantae	1902
213215431	7332517	https://www.gbif.org/species/7332517	Orobanche flava subsp. flava	ACCEPTED	7332517	Orobanche flava subsp. flava	SUBSPECIES	220	Magnoliopsida	Plantae	1944
213215431	7332517	https://www.gbif.org/species/7332517	Orobanche flava subsp. flava	ACCEPTED	7332517	Orobanche flava subsp. flava	SUBSPECIES	220	Magnoliopsida	Plantae	1944
213215444	7757431	https://www.gbif.org/species/7757431	Clinopodium nepeta subsp. spruneri (Boiss.) Bartolucci & F.Conti	ACCEPTED	7757431	Clinopodium nepeta subsp. spruneri (Boiss.) Bartolucci & F.Conti	SUBSPECIES	220	Magnoliopsida	Plantae	1869
213215445	11007246	https://www.gbif.org/species/11007246	Clinopodium menthifolium (Host) Merino	ACCEPTED	11007246	Clinopodium menthifolium (Host) Merino	SPECIES	220	Magnoliopsida	Plantae	1855
213215446	7437438	https://www.gbif.org/species/7437438	Clinopodium grandiflorum (L.) Kuntze	ACCEPTED	7437438	Clinopodium grandiflorum (L.) Kuntze	SPECIES	220	Magnoliopsida	Plantae	1856
213215448	7308335	https://www.gbif.org/species/7308335	Mentha spicata subsp. spicata	ACCEPTED	7308335	Mentha spicata subsp. spicata	SUBSPECIES	220	Magnoliopsida	Plantae	1835
213215449	3893979	https://www.gbif.org/species/3893979	Mentha ×wirtgeniana F.W.Schultz	ACCEPTED	3893979	Mentha ×wirtgeniana F.W.Schultz	SPECIES	220	Magnoliopsida	Plantae	1835
213215469	3898065	https://www.gbif.org/species/3898065	Salvia lavandulifolia subsp. gallica W.Lippert	SYNONYM	6411218	Salvia officinalis subsp. gallica (W.Lippert) Reales, D.Rivera & Obón	SUBSPECIES	220	Magnoliopsida	Plantae	1900
213215469	3898065	https://www.gbif.org/species/3898065	Salvia lavandulifolia subsp. gallica W.Lippert	SYNONYM	6411218	Salvia officinalis subsp. gallica (W.Lippert) Reales, D.Rivera & Obón	SUBSPECIES	220	Magnoliopsida	Plantae	1900
213215482	5341447	https://www.gbif.org/species/5341447	Thymus pannonicus All.	ACCEPTED	5341447	Thymus pannonicus All.	SPECIES	220	Magnoliopsida	Plantae	1886
213215482	5341447	https://www.gbif.org/species/5341447	Thymus pannonicus All.	ACCEPTED	5341447	Thymus pannonicus All.	SPECIES	220	Magnoliopsida	Plantae	1886
213215528	2925616	https://www.gbif.org/species/2925616	Verbena ×hybrida Groenland & Rümpler	ACCEPTED	2925616	Verbena ×hybrida Groenland & Rümpler	SPECIES	220	Magnoliopsida	Plantae	1888
213215537	8983123	https://www.gbif.org/species/8983123	Veronica teucrium var. teucrium	SYNONYM	3725062	Veronica teucrium L.	SPECIES	220	Magnoliopsida	Plantae	1948
213215544	5415006	https://www.gbif.org/species/5415006	Linaria bipartita (Vent.) Willd.	ACCEPTED	5415006	Linaria bipartita (Vent.) Willd.	SPECIES	220	Magnoliopsida	Plantae	1943
213215544	5415006	https://www.gbif.org/species/5415006	Linaria bipartita (Vent.) Willd.	ACCEPTED	5415006	Linaria bipartita (Vent.) Willd.	SPECIES	220	Magnoliopsida	Plantae	1943
213215556	5559825	https://www.gbif.org/species/5559825	Cymbalaria pubescens (C.Presl) Cufod.	ACCEPTED	5559825	Cymbalaria pubescens (C.Presl) Cufod.	SPECIES	220	Magnoliopsida	Plantae	1900
213215556	5559825	https://www.gbif.org/species/5559825	Cymbalaria pubescens (C.Presl) Cufod.	ACCEPTED	5559825	Cymbalaria pubescens (C.Presl) Cufod.	SPECIES	220	Magnoliopsida	Plantae	1900
213215599	6400569	https://www.gbif.org/species/6400569	Rhododendron tomentosum (Stokes) Harmaja	ACCEPTED	6400569	Rhododendron tomentosum (Stokes) Harmaja	SPECIES	220	Magnoliopsida	Plantae	1858
213215599	6400569	https://www.gbif.org/species/6400569	Rhododendron tomentosum (Stokes) Harmaja	ACCEPTED	6400569	Rhododendron tomentosum (Stokes) Harmaja	SPECIES	220	Magnoliopsida	Plantae	1858
213215622	7885624	https://www.gbif.org/species/7885624	Cucumis myriocarpus Naudin	ACCEPTED	7885624	Cucumis myriocarpus Naudin	SPECIES	220	Magnoliopsida	Plantae	1895
213215666	5363613	https://www.gbif.org/species/5363613	Aronia ×prunifolia (Marshall) Rehder	ACCEPTED	5363613	Aronia ×prunifolia (Marshall) Rehder	SPECIES	220	Magnoliopsida	Plantae	1841
213215697	3001244	https://www.gbif.org/species/3001244	Malus domestica (Suckow) Borkh.	ACCEPTED	3001244	Malus domestica (Suckow) Borkh.	SPECIES	220	Magnoliopsida	Plantae	1850
213215699	3023903	https://www.gbif.org/species/3023903	Amelanchier humilis Wiegand	ACCEPTED	3023903	Amelanchier humilis Wiegand	SPECIES	220	Magnoliopsida	Plantae	1886
213215701	3013215	https://www.gbif.org/species/3013215	Cormus domestica (L.) Spach	ACCEPTED	3013215	Cormus domestica (L.) Spach	SPECIES	220	Magnoliopsida	Plantae	1873
213215701	3013215	https://www.gbif.org/species/3013215	Cormus domestica (L.) Spach	ACCEPTED	3013215	Cormus domestica (L.) Spach	SPECIES	220	Magnoliopsida	Plantae	1873
213215712	7925720	https://www.gbif.org/species/7925720	Poterium sanguisorba subsp. polygamum (Waldst. & Kit.) Asch. & Graebn.	ACCEPTED	7925720	Poterium sanguisorba subsp. polygamum (Waldst. & Kit.) Asch. & Graebn.	SUBSPECIES	220	Magnoliopsida	Plantae	1824
213215714	7409013	https://www.gbif.org/species/7409013	Prunus domestica subsp. insititia (L.) Bonnier & Layens	ACCEPTED	7409013	Prunus domestica subsp. insititia (L.) Bonnier & Layens	SUBSPECIES	220	Magnoliopsida	Plantae	1943
213215730	3026426	https://www.gbif.org/species/3026426	Spiraea ×brachybotrys Lange	ACCEPTED	3026426	Spiraea ×brachybotrys Lange	SPECIES	220	Magnoliopsida	Plantae	1947
213215730	3026426	https://www.gbif.org/species/3026426	Spiraea ×brachybotrys Lange	ACCEPTED	3026426	Spiraea ×brachybotrys Lange	SPECIES	220	Magnoliopsida	Plantae	1947
213215731	3026406	https://www.gbif.org/species/3026406	Spiraea chamaedryfolia L.	ACCEPTED	3026406	Spiraea chamaedryfolia L.	SPECIES	220	Magnoliopsida	Plantae	1882
213215731	3026406	https://www.gbif.org/species/3026406	Spiraea chamaedryfolia L.	ACCEPTED	3026406	Spiraea chamaedryfolia L.	SPECIES	220	Magnoliopsida	Plantae	1882
310016055	1803163	https://www.gbif.org/species/1803163	Utetheisa pulchella Linnaeus, 1758	ACCEPTED	1803163	Utetheisa pulchella Linnaeus, 1758	SPECIES	216	Insecta	Animalia	1949
310016055	1803163	https://www.gbif.org/species/1803163	Utetheisa pulchella Linnaeus, 1758	ACCEPTED	1803163	Utetheisa pulchella Linnaeus, 1758	SPECIES	216	Insecta	Animalia	1949
310016081	1786515	https://www.gbif.org/species/1786515	Paradiarsia punicea Hübner	ACCEPTED	1786515	Paradiarsia punicea Hübner	SPECIES	216	Insecta	Animalia	1939
310016081	1786515	https://www.gbif.org/species/1786515	Paradiarsia punicea Hübner	ACCEPTED	1786515	Paradiarsia punicea Hübner	SPECIES	216	Insecta	Animalia	1939
310016708	5232451	https://www.gbif.org/species/5232451	Branta ruficollis (Pallas, 1769)	ACCEPTED	5232451	Branta ruficollis (Pallas, 1769)	SPECIES	212	Aves	Animalia	1919
310016708	5232451	https://www.gbif.org/species/5232451	Branta ruficollis (Pallas, 1769)	ACCEPTED	5232451	Branta ruficollis (Pallas, 1769)	SPECIES	212	Aves	Animalia	1919
310016801	2496464	https://www.gbif.org/species/2496464	Clamator glandarius (Linnaeus, 1758)	ACCEPTED	2496464	Clamator glandarius (Linnaeus, 1758)	SPECIES	212	Aves	Animalia	1909
310016801	2496464	https://www.gbif.org/species/2496464	Clamator glandarius (Linnaeus, 1758)	ACCEPTED	2496464	Clamator glandarius (Linnaeus, 1758)	SPECIES	212	Aves	Animalia	1909
310016870	2480906	https://www.gbif.org/species/2480906	Ardeola ralloides (Scopoli, 1769)	ACCEPTED	2480906	Ardeola ralloides (Scopoli, 1769)	SPECIES	212	Aves	Animalia	1905
310016870	2480906	https://www.gbif.org/species/2480906	Ardeola ralloides (Scopoli, 1769)	ACCEPTED	2480906	Ardeola ralloides (Scopoli, 1769)	SPECIES	212	Aves	Animalia	1905
310016880	2481959	https://www.gbif.org/species/2481959	Gavia arctica (Linnaeus, 1758)	ACCEPTED	2481959	Gavia arctica (Linnaeus, 1758)	SPECIES	212	Aves	Animalia	1920
310016880	2481959	https://www.gbif.org/species/2481959	Gavia arctica (Linnaeus, 1758)	ACCEPTED	2481959	Gavia arctica (Linnaeus, 1758)	SPECIES	212	Aves	Animalia	1920
310016993	5959143	https://www.gbif.org/species/5959143	Bubo scandiacus (Linnaeus, 1758)	ACCEPTED	5959143	Bubo scandiacus (Linnaeus, 1758)	SPECIES	212	Aves	Animalia	1945
310016993	5959143	https://www.gbif.org/species/5959143	Bubo scandiacus (Linnaeus, 1758)	ACCEPTED	5959143	Bubo scandiacus (Linnaeus, 1758)	SPECIES	212	Aves	Animalia	1945
310017013	2480491	https://www.gbif.org/species/2480491	Circus macrourus (S.G.Gmelin, 1770)	ACCEPTED	2480491	Circus macrourus (S.G.Gmelin, 1770)	SPECIES	212	Aves	Animalia	1924
310017013	2480491	https://www.gbif.org/species/2480491	Circus macrourus (S.G.Gmelin, 1770)	ACCEPTED	2480491	Circus macrourus (S.G.Gmelin, 1770)	SPECIES	212	Aves	Animalia	1924
310017040	2480506	https://www.gbif.org/species/2480506	Aquila chrysaetos (Linnaeus, 1758)	ACCEPTED	2480506	Aquila chrysaetos (Linnaeus, 1758)	SPECIES	212	Aves	Animalia	1876
310017040	2480506	https://www.gbif.org/species/2480506	Aquila chrysaetos (Linnaeus, 1758)	ACCEPTED	2480506	Aquila chrysaetos (Linnaeus, 1758)	SPECIES	212	Aves	Animalia	1876
310017055	2490681	https://www.gbif.org/species/2490681	Calandrella brachydactyla (Leisler, 1814)	ACCEPTED	2490681	Calandrella brachydactyla (Leisler, 1814)	SPECIES	212	Aves	Animalia	1948
310017055	2490681	https://www.gbif.org/species/2490681	Calandrella brachydactyla (Leisler, 1814)	ACCEPTED	2490681	Calandrella brachydactyla (Leisler, 1814)	SPECIES	212	Aves	Animalia	1948
310017253	2481789	https://www.gbif.org/species/2481789	Numenius tenuirostris Vieillot, 1817	ACCEPTED	2481789	Numenius tenuirostris Vieillot, 1817	SPECIES	212	Aves	Animalia	1884
310017253	2481789	https://www.gbif.org/species/2481789	Numenius tenuirostris Vieillot, 1817	ACCEPTED	2481789	Numenius tenuirostris Vieillot, 1817	SPECIES	212	Aves	Animalia	1884
310017277	2481798	https://www.gbif.org/species/2481798	Actitis macularius (Linnaeus, 1766)	ACCEPTED	2481798	Actitis macularius (Linnaeus, 1766)	SPECIES	212	Aves	Animalia	1884
310017277	2481798	https://www.gbif.org/species/2481798	Actitis macularius (Linnaeus, 1766)	ACCEPTED	2481798	Actitis macularius (Linnaeus, 1766)	SPECIES	212	Aves	Animalia	1884
310017423	5220003	https://www.gbif.org/species/5220003	Delphinapterus leucas (Pallas, 1776)	ACCEPTED	5220003	Delphinapterus leucas (Pallas, 1776)	SPECIES	359	Mammalia	Animalia	1711
310017423	5220003	https://www.gbif.org/species/5220003	Delphinapterus leucas (Pallas, 1776)	ACCEPTED	5220003	Delphinapterus leucas (Pallas, 1776)	SPECIES	359	Mammalia	Animalia	1711
