taxonKey	nubKey	taxonID	scientificName	taxonomicStatus	acceptedKey	acceptedName	acceptedTaxonRank	acceptedClassKey	acceptedClass	acceptedKingdom
152543101	5740285	https://www.gbif.org/species/5740285	Gyrodactylus proterorhini Ergens, 1967	ACCEPTED	5740285	Gyrodactylus proterorhini Ergens, 1967	SPECIES	7774442	Monogenea	Animalia
152543102	3202936	https://www.gbif.org/species/3202936	Aphanomyces astaci Schikora	ACCEPTED	3202936	Aphanomyces astaci Schikora	SPECIES	8179345	Peronosporea	Chromista
152543110	5179027	https://www.gbif.org/species/5179027	Scutigera coleoptrata Linnaeus, 1758	ACCEPTED	5179027	Scutigera coleoptrata Linnaeus, 1758	SPECIES	360	Chilopoda	Animalia
152543115	5250069	https://www.gbif.org/species/5250069	Thecaphora oxalidis (Ellis & Tracy) M.Lutz, R.Bauer & Piątek	ACCEPTED	5250069	Thecaphora oxalidis (Ellis & Tracy) M.Lutz, R.Bauer & Piątek	SPECIES	148	Ustilaginomycetes	Fungi
152543120	4985072	https://www.gbif.org/species/4985072	Tricellaria inopinata d'Hondt & Occhipinti Ambrogi, 1985	ACCEPTED	4985072	Tricellaria inopinata d'Hondt & Occhipinti Ambrogi, 1985	SPECIES	252	Gymnolaemata	Animalia
152543121	5250090	https://www.gbif.org/species/5250090	Urocystis trollii Nannf.	ACCEPTED	5250090	Urocystis trollii Nannf.	SPECIES	148	Ustilaginomycetes	Fungi
152543128	2557730	https://www.gbif.org/species/2557730	Sporisorium destruens (Schltdl.) Vánky	ACCEPTED	2557730	Sporisorium destruens (Schltdl.) Vánky	SPECIES	148	Ustilaginomycetes	Fungi
152543132	6157050	https://www.gbif.org/species/6157050	Graptemys pseudogeographica kohnii (Baur, 1890)	ACCEPTED	6157050	Graptemys pseudogeographica kohnii (Baur, 1890)	SUBSPECIES	11418114	Testudines	Animalia
152543136	7190901	https://www.gbif.org/species/7190901	Graptemys pseudogeographica pseudogeographica	ACCEPTED	7190901	Graptemys pseudogeographica pseudogeographica	SUBSPECIES	11418114	Testudines	Animalia
152543139	6157035	https://www.gbif.org/species/6157035	Trachemys scripta troostii (Holbrook, 1836)	ACCEPTED	6157035	Trachemys scripta troostii (Holbrook, 1836)	SUBSPECIES	11418114	Testudines	Animalia
152543140	6157026	https://www.gbif.org/species/6157026	Trachemys scripta elegans (Wied, 1838)	ACCEPTED	6157026	Trachemys scripta elegans (Wied, 1838)	SUBSPECIES	11418114	Testudines	Animalia
152543141	7062200	https://www.gbif.org/species/7062200	Trachemys scripta scripta	ACCEPTED	7062200	Trachemys scripta scripta	SUBSPECIES	11418114	Testudines	Animalia
152543142	2537743	https://www.gbif.org/species/2537743	Lentinula edodes (Berk.) Pegler	ACCEPTED	2537743	Lentinula edodes (Berk.) Pegler	SPECIES	186	Agaricomycetes	Fungi
152543147	9350124	https://www.gbif.org/species/9350124	Natrix helvetica (Lacépède, 1789)	ACCEPTED	9350124	Natrix helvetica (Lacépède, 1789)	SPECIES	11592253	Squamata	Animalia
152543152	2516809	https://www.gbif.org/species/2516809	Melampsoridium betulinum (Pers.) Kleb.	ACCEPTED	2516809	Melampsoridium betulinum (Pers.) Kleb.	SPECIES	270	Pucciniomycetes	Fungi
152543157	2516419	https://www.gbif.org/species/2516419	Tranzschelia discolor (Fuckel) Tranzschel & M.A.Litv.	ACCEPTED	2516419	Tranzschelia discolor (Fuckel) Tranzschel & M.A.Litv.	SPECIES	270	Pucciniomycetes	Fungi
152543162	7239373	https://www.gbif.org/species/7239373	Uromyces veratri (DC.) J.Schröt.	ACCEPTED	7239373	Uromyces veratri (DC.) J.Schröt.	SPECIES	270	Pucciniomycetes	Fungi
152543166	2516117	https://www.gbif.org/species/2516117	Gymnosporangium confusum Plowr.	ACCEPTED	2516117	Gymnosporangium confusum Plowr.	SPECIES	270	Pucciniomycetes	Fungi
152543167	2516137	https://www.gbif.org/species/2516137	Gymnosporangium sabinae (Dicks.) G.Winter	ACCEPTED	2516137	Gymnosporangium sabinae (Dicks.) G.Winter	SPECIES	270	Pucciniomycetes	Fungi
152543168	9185677	https://www.gbif.org/species/9185677	Podarcis siculus (Rafinesque-Schmaltz, 1810)	ACCEPTED	9185677	Podarcis siculus (Rafinesque-Schmaltz, 1810)	SPECIES	11592253	Squamata	Animalia
152543169	2469188	https://www.gbif.org/species/2469188	Podarcis muralis (Laurenti, 1768)	ACCEPTED	2469188	Podarcis muralis (Laurenti, 1768)	SPECIES	11592253	Squamata	Animalia
152543171	2516075	https://www.gbif.org/species/2516075	Cumminsiella mirabilissima (Peck) Nannf.	ACCEPTED	2516075	Cumminsiella mirabilissima (Peck) Nannf.	SPECIES	270	Pucciniomycetes	Fungi
152543176	3376286	https://www.gbif.org/species/3376286	Puccinia pazschkei Dietel	ACCEPTED	3376286	Puccinia pazschkei Dietel	SPECIES	270	Pucciniomycetes	Fungi
152543178	4344674	https://www.gbif.org/species/4344674	Dendrocoelum romanodanubiale (Codreanu, 1949)	ACCEPTED	4344674	Dendrocoelum romanodanubiale (Codreanu, 1949)	SPECIES			Animalia
152543181	2515351	https://www.gbif.org/species/2515351	Puccinia oxalidis Dietel & Ellis	ACCEPTED	2515351	Puccinia oxalidis Dietel & Ellis	SPECIES	270	Pucciniomycetes	Fungi
152543183	2515236	https://www.gbif.org/species/2515236	Puccinia antirrhini Dietel & Holw.	ACCEPTED	2515236	Puccinia antirrhini Dietel & Holw.	SPECIES	270	Pucciniomycetes	Fungi
152543185	2514972	https://www.gbif.org/species/2514972	Puccinia komarovii Tranzschel	DOUBTFUL	2514972	Puccinia komarovii Tranzschel	SPECIES	270	Pucciniomycetes	Fungi
152543187	2514966	https://www.gbif.org/species/2514966	Puccinia sorghi Schwein.	ACCEPTED	2514966	Puccinia sorghi Schwein.	SPECIES	270	Pucciniomycetes	Fungi
152543192	2502938	https://www.gbif.org/species/2502938	Bipalium kewense Moseley, 1878	ACCEPTED	2502938	Bipalium kewense Moseley, 1878	SPECIES			Animalia
152543197	2513609	https://www.gbif.org/species/2513609	Entyloma calendulae (Oudem.) de Bary	ACCEPTED	2513609	Entyloma calendulae (Oudem.) de Bary	SPECIES	151	Exobasidiomycetes	Fungi
152543200	5232428	https://www.gbif.org/species/5232428	Chloephaga picta (J.F.Gmelin, 1789)	ACCEPTED	5232428	Chloephaga picta (J.F.Gmelin, 1789)	SPECIES	212	Aves	Animalia
152543206	5232437	https://www.gbif.org/species/5232437	Branta canadensis (Linnaeus, 1758)	ACCEPTED	5232437	Branta canadensis (Linnaeus, 1758)	SPECIES	212	Aves	Animalia
152543207	7670473	https://www.gbif.org/species/7670473	Batrachochytrium salamandrivorans A.Martel, Blooi, Bossuyt & Pasmans	ACCEPTED	7670473	Batrachochytrium salamandrivorans A.Martel, Blooi, Bossuyt & Pasmans	SPECIES	10689325	Rhizophydiomycetes	Fungi
152543209	2627503	https://www.gbif.org/species/2627503	Batrachochytrium dendrobatidis Longcore, Pessier & D.K.Nichols	ACCEPTED	2627503	Batrachochytrium dendrobatidis Longcore, Pessier & D.K.Nichols	SPECIES	10689325	Rhizophydiomycetes	Fungi
152543210	2498387	https://www.gbif.org/species/2498387	Aix sponsa (Linnaeus, 1758)	ACCEPTED	2498387	Aix sponsa (Linnaeus, 1758)	SPECIES	212	Aves	Animalia
152543211	2498388	https://www.gbif.org/species/2498388	Aix galericulata (Linnaeus, 1758)	ACCEPTED	2498388	Aix galericulata (Linnaeus, 1758)	SPECIES	212	Aves	Animalia
152543214	2498390	https://www.gbif.org/species/2498390	Marmaronetta angustirostris (Ménétries, 1832)	ACCEPTED	2498390	Marmaronetta angustirostris (Ménétries, 1832)	SPECIES	212	Aves	Animalia
152543218	2498252	https://www.gbif.org/species/2498252	Alopochen aegyptiaca (Linnaeus, 1766)	ACCEPTED	2498252	Alopochen aegyptiaca (Linnaeus, 1766)	SPECIES	212	Aves	Animalia
152543221	2498305	https://www.gbif.org/species/2498305	Oxyura jamaicensis (J.F.Gmelin, 1789)	ACCEPTED	2498305	Oxyura jamaicensis (J.F.Gmelin, 1789)	SPECIES	212	Aves	Animalia
152543224	2498344	https://www.gbif.org/species/2498344	Cygnus atratus (Latham, 1790)	ACCEPTED	2498344	Cygnus atratus (Latham, 1790)	SPECIES	212	Aves	Animalia
152543227	2498015	https://www.gbif.org/species/2498015	Tadorna ferruginea (Pallas, 1764)	ACCEPTED	2498015	Tadorna ferruginea (Pallas, 1764)	SPECIES	212	Aves	Animalia
152543235	2498035	https://www.gbif.org/species/2498035	Anser indicus (Latham, 1790)	ACCEPTED	2498035	Anser indicus (Latham, 1790)	SPECIES	212	Aves	Animalia
152543236	6096602	https://www.gbif.org/species/6096602	Lophocolea semiteres (Lehm.) Mitt.	ACCEPTED	6096602	Lophocolea semiteres (Lehm.) Mitt.	SPECIES	126	Jungermanniopsida	Plantae
152543248	5930559	https://www.gbif.org/species/5930559	Ilex ×altaclerensis (Loudon) Dallim.	ACCEPTED	5930559	Ilex ×altaclerensis (Loudon) Dallim.	SPECIES	220	Magnoliopsida	Plantae
152543250	5414239	https://www.gbif.org/species/5414239	Ilex crenata Thunb.	ACCEPTED	5414239	Ilex crenata Thunb.	SPECIES	220	Magnoliopsida	Plantae
152543251	5533814	https://www.gbif.org/species/5533814	Ilex ×meserveae S.Y.Hu	ACCEPTED	5533814	Ilex ×meserveae S.Y.Hu	SPECIES	220	Magnoliopsida	Plantae
152543252	5220170	https://www.gbif.org/species/5220170	Rupicapra rupicapra (Linnaeus, 1758)	ACCEPTED	5220170	Rupicapra rupicapra (Linnaeus, 1758)	SPECIES	359	Mammalia	Animalia
152543258	5220136	https://www.gbif.org/species/5220136	Dama dama (Linnaeus, 1758)	ACCEPTED	5220136	Dama dama (Linnaeus, 1758)	SPECIES	359	Mammalia	Animalia
152543260	2440954	https://www.gbif.org/species/2440954	Cervus nippon Temminck, 1838	ACCEPTED	2440954	Cervus nippon Temminck, 1838	SPECIES	359	Mammalia	Animalia
152543264	2440946	https://www.gbif.org/species/2440946	Muntiacus reevesi (Ogilby, 1839)	ACCEPTED	2440946	Muntiacus reevesi (Ogilby, 1839)	SPECIES	359	Mammalia	Animalia
152543266	5421116	https://www.gbif.org/species/5421116	Tribulus terrestris L.	ACCEPTED	5421116	Tribulus terrestris L.	SPECIES	220	Magnoliopsida	Plantae
152543269	5219858	https://www.gbif.org/species/5219858	Ondatra zibethicus (Linnaeus, 1766)	ACCEPTED	5219858	Ondatra zibethicus (Linnaeus, 1766)	SPECIES	359	Mammalia	Animalia
152543273	4264680	https://www.gbif.org/species/4264680	Myocastor coypus (Molina, 1782)	ACCEPTED	4264680	Myocastor coypus (Molina, 1782)	SPECIES	359	Mammalia	Animalia
152543277	2439838	https://www.gbif.org/species/2439838	Castor canadensis Kuhl, 1820	ACCEPTED	2439838	Castor canadensis Kuhl, 1820	SPECIES	359	Mammalia	Animalia
152543281	3686235	https://www.gbif.org/species/3686235	Staphylea pinnata L.	ACCEPTED	3686235	Staphylea pinnata L.	SPECIES	220	Magnoliopsida	Plantae
152543284	2437619	https://www.gbif.org/species/2437619	Dolichotis patagonum (Zimmermann, 1780)	ACCEPTED	2437619	Dolichotis patagonum (Zimmermann, 1780)	SPECIES	359	Mammalia	Animalia
152543289	5219721	https://www.gbif.org/species/5219721	Meriones unguiculatus (Milne-Edwards, 1867)	ACCEPTED	5219721	Meriones unguiculatus (Milne-Edwards, 1867)	SPECIES	359	Mammalia	Animalia
152543292	5914287	https://www.gbif.org/species/5914287	Melia azedarach L.	ACCEPTED	5914287	Melia azedarach L.	SPECIES	220	Magnoliopsida	Plantae
152543293	2439261	https://www.gbif.org/species/2439261	Rattus norvegicus (Berkenhout, 1769)	ACCEPTED	2439261	Rattus norvegicus (Berkenhout, 1769)	SPECIES	359	Mammalia	Animalia
152543298	3190653	https://www.gbif.org/species/3190653	Ailanthus altissima (Mill.) Swingle	ACCEPTED	3190653	Ailanthus altissima (Mill.) Swingle	SPECIES	220	Magnoliopsida	Plantae
152543299	5219681	https://www.gbif.org/species/5219681	Sciurus carolinensis Gmelin, 1788	ACCEPTED	5219681	Sciurus carolinensis Gmelin, 1788	SPECIES	359	Mammalia	Animalia
152543300	5219683	https://www.gbif.org/species/5219683	Sciurus niger Linnaeus, 1758	ACCEPTED	5219683	Sciurus niger Linnaeus, 1758	SPECIES	359	Mammalia	Animalia
152543304	2437450	https://www.gbif.org/species/2437450	Tamias sibiricus (Laxmann, 1769)	ACCEPTED	2437450	Tamias sibiricus (Laxmann, 1769)	SPECIES	359	Mammalia	Animalia
152543305	3190538	https://www.gbif.org/species/3190538	Rhus typhina L.	ACCEPTED	3190538	Rhus typhina L.	SPECIES	220	Magnoliopsida	Plantae
152543306	3190551	https://www.gbif.org/species/3190551	Rhus ×pulvinata Greene	ACCEPTED	3190551	Rhus ×pulvinata Greene	SPECIES	220	Magnoliopsida	Plantae
152543309	2437232	https://www.gbif.org/species/2437232	Cynomys ludovicianus (Ord, 1815)	ACCEPTED	2437232	Cynomys ludovicianus (Ord, 1815)	SPECIES	359	Mammalia	Animalia
152543310	3190522	https://www.gbif.org/species/3190522	Cotinus coggygria Scop.	ACCEPTED	3190522	Cotinus coggygria Scop.	SPECIES	220	Magnoliopsida	Plantae
152543313	2437397	https://www.gbif.org/species/2437397	Callosciurus prevostii (Desmarest, 1822)	ACCEPTED	2437397	Callosciurus prevostii (Desmarest, 1822)	SPECIES	359	Mammalia	Animalia
152543314	2437394	https://www.gbif.org/species/2437394	Callosciurus erythraeus (Pallas, 1779)	ACCEPTED	2437394	Callosciurus erythraeus (Pallas, 1779)	SPECIES	359	Mammalia	Animalia
152543316	2437282	https://www.gbif.org/species/2437282	Tamiasciurus hudsonicus (Erxleben, 1777)	ACCEPTED	2437282	Tamiasciurus hudsonicus (Erxleben, 1777)	SPECIES	359	Mammalia	Animalia
152543320	7740617	https://www.gbif.org/species/7740617	Skimmia japonica Thunb.	ACCEPTED	7740617	Skimmia japonica Thunb.	SPECIES	220	Magnoliopsida	Plantae
152543323	5219380	https://www.gbif.org/species/5219380	Mephitis mephitis (Schreber, 1776)	ACCEPTED	5219380	Mephitis mephitis (Schreber, 1776)	SPECIES	359	Mammalia	Animalia
152543324	8077391	https://www.gbif.org/species/8077391	Citrus ×aurantium L.	ACCEPTED	8077391	Citrus ×aurantium L.	SPECIES	220	Magnoliopsida	Plantae
152543329	5218786	https://www.gbif.org/species/5218786	Procyon lotor (Linnaeus, 1758)	ACCEPTED	5218786	Procyon lotor (Linnaeus, 1758)	SPECIES	359	Mammalia	Animalia
152543330	3190382	https://www.gbif.org/species/3190382	Ruta graveolens L.	ACCEPTED	3190382	Ruta graveolens L.	SPECIES	220	Magnoliopsida	Plantae
152543334	3190411	https://www.gbif.org/species/3190411	Ptelea trifoliata L.	ACCEPTED	3190411	Ptelea trifoliata L.	SPECIES	220	Magnoliopsida	Plantae
152543337	2435035	https://www.gbif.org/species/2435035	Felis catus Linnaeus, 1758	ACCEPTED	2435035	Felis catus Linnaeus, 1758	SPECIES	359	Mammalia	Animalia
152543341	2434552	https://www.gbif.org/species/2434552	Nyctereutes procyonoides (Gray, 1834)	ACCEPTED	2434552	Nyctereutes procyonoides (Gray, 1834)	SPECIES	359	Mammalia	Animalia
152543345	5421180	https://www.gbif.org/species/5421180	Koelreuteria paniculata Laxm.	ACCEPTED	5421180	Koelreuteria paniculata Laxm.	SPECIES	220	Magnoliopsida	Plantae
152543350	3189939	https://www.gbif.org/species/3189939	Cardiospermum halicacabum L.	ACCEPTED	3189939	Cardiospermum halicacabum L.	SPECIES	220	Magnoliopsida	Plantae
152543351	3189935	https://www.gbif.org/species/3189935	Cardiospermum grandiflorum Sw.	ACCEPTED	3189935	Cardiospermum grandiflorum Sw.	SPECIES	220	Magnoliopsida	Plantae
152543356	2436940	https://www.gbif.org/species/2436940	Oryctolagus cuniculus (Linnaeus, 1758)	ACCEPTED	2436940	Oryctolagus cuniculus (Linnaeus, 1758)	SPECIES	359	Mammalia	Animalia
152543358	2436886	https://www.gbif.org/species/2436886	Sylvilagus floridanus (J.A.Allen, 1890)	ACCEPTED	2436886	Sylvilagus floridanus (J.A.Allen, 1890)	SPECIES	359	Mammalia	Animalia
152543363	7263145	https://www.gbif.org/species/7263145	Acer rufinerve Siebold & Zucc.	ACCEPTED	7263145	Acer rufinerve Siebold & Zucc.	SPECIES	220	Magnoliopsida	Plantae
152543365	2431875	https://www.gbif.org/species/2431875	Pleurodeles waltl Michahelles, 1830	ACCEPTED	2431875	Pleurodeles waltl Michahelles, 1830	SPECIES	131	Amphibia	Animalia
152543366	7262958	https://www.gbif.org/species/7262958	Acer monspessulanum L.	ACCEPTED	7262958	Acer monspessulanum L.	SPECIES	220	Magnoliopsida	Plantae
152543368	7262908	https://www.gbif.org/species/7262908	Acer cappadocicum Gled.	ACCEPTED	7262908	Acer cappadocicum Gled.	SPECIES	220	Magnoliopsida	Plantae
152543370	4925890	https://www.gbif.org/species/4925890	Acer tataricum subsp. ginnala (Maxim.) Wesm.	ACCEPTED	4925890	Acer tataricum subsp. ginnala (Maxim.) Wesm.	SUBSPECIES	220	Magnoliopsida	Plantae
152543372	2431886	https://www.gbif.org/species/2431886	Triturus marmoratus (Latreille, 1800)	ACCEPTED	2431886	Triturus marmoratus (Latreille, 1800)	SPECIES	131	Amphibia	Animalia
152543377	5216933	https://www.gbif.org/species/5216933	Rhinella marina (Linnaeus, 1758)	ACCEPTED	5216933	Rhinella marina (Linnaeus, 1758)	SPECIES	131	Amphibia	Animalia
152543379	3189883	https://www.gbif.org/species/3189883	Acer rubrum L.	ACCEPTED	3189883	Acer rubrum L.	SPECIES	220	Magnoliopsida	Plantae
152543380	3189866	https://www.gbif.org/species/3189866	Acer negundo L.	ACCEPTED	3189866	Acer negundo L.	SPECIES	220	Magnoliopsida	Plantae
152543382	3189837	https://www.gbif.org/species/3189837	Acer saccharinum L.	ACCEPTED	3189837	Acer saccharinum L.	SPECIES	220	Magnoliopsida	Plantae
152543383	5217334	https://www.gbif.org/species/5217334	Xenopus laevis (Daudin, 1802)	ACCEPTED	5217334	Xenopus laevis (Daudin, 1802)	SPECIES	131	Amphibia	Animalia
152543388	2427091	https://www.gbif.org/species/2427091	Lithobates catesbeianus (Shaw, 1802)	ACCEPTED	2427091	Lithobates catesbeianus (Shaw, 1802)	SPECIES	131	Amphibia	Animalia
152543390	2426661	https://www.gbif.org/species/2426661	Pelophylax ridibundus (Pallas, 1771)	ACCEPTED	2426661	Pelophylax ridibundus (Pallas, 1771)	SPECIES	131	Amphibia	Animalia
152543391	3189828	https://www.gbif.org/species/3189828	Aesculus parviflora Walter	ACCEPTED	3189828	Aesculus parviflora Walter	SPECIES	220	Magnoliopsida	Plantae
152543392	2426640	https://www.gbif.org/species/2426640	Pelophylax bedriagae (Camerano, 1882)	ACCEPTED	2426640	Pelophylax bedriagae (Camerano, 1882)	SPECIES	131	Amphibia	Animalia
152543393	3189815	https://www.gbif.org/species/3189815	Aesculus hippocastanum L.	ACCEPTED	3189815	Aesculus hippocastanum L.	SPECIES	220	Magnoliopsida	Plantae
152543399	3188711	https://www.gbif.org/species/3188711	Ammannia coccinea Rottb.	ACCEPTED	3188711	Ammannia coccinea Rottb.	SPECIES	220	Magnoliopsida	Plantae
152543401	3989886	https://www.gbif.org/species/3989886	Lythrum acutangulum Lag.	ACCEPTED	3989886	Lythrum acutangulum Lag.	SPECIES	220	Magnoliopsida	Plantae
152543404	3988701	https://www.gbif.org/species/3988701	Lythrum junceum Banks & Sol.	ACCEPTED	3988701	Lythrum junceum Banks & Sol.	SPECIES	220	Magnoliopsida	Plantae
152543405	3188735	https://www.gbif.org/species/3188735	Lythrum virgatum L.	ACCEPTED	3188735	Lythrum virgatum L.	SPECIES	220	Magnoliopsida	Plantae
152543406	5203111	https://www.gbif.org/species/5203111	Umbra pygmaea (DeKay, 1842)	ACCEPTED	5203111	Umbra pygmaea (DeKay, 1842)	SPECIES			Animalia
152543409	3188757	https://www.gbif.org/species/3188757	Trapa natans L.	ACCEPTED	3188757	Trapa natans L.	SPECIES	220	Magnoliopsida	Plantae
152543413	7161168	https://www.gbif.org/species/7161168	Lopezia racemosa Cav.	ACCEPTED	7161168	Lopezia racemosa Cav.	SPECIES	220	Magnoliopsida	Plantae
152543416	7814921	https://www.gbif.org/species/7814921	Clarkia bottae (Spach) F.H.Lewis & M.E.Lewis	ACCEPTED	7814921	Clarkia bottae (Spach) F.H.Lewis & M.E.Lewis	SPECIES	220	Magnoliopsida	Plantae
152543417	4285694	https://www.gbif.org/species/4285694	Oreochromis niloticus (Linnaeus, 1758)	ACCEPTED	4285694	Oreochromis niloticus (Linnaeus, 1758)	SPECIES			Animalia
152543418	5544928	https://www.gbif.org/species/5544928	Clarkia purpurea subsp. quadrivulnera (Douglas) F.H.Lewis & M.E.Lewis	ACCEPTED	5544928	Clarkia purpurea subsp. quadrivulnera (Douglas) F.H.Lewis & M.E.Lewis	SUBSPECIES	220	Magnoliopsida	Plantae
152543421	4285968	https://www.gbif.org/species/4285968	Ponticola kessleri (Günther, 1861)	ACCEPTED	4285968	Ponticola kessleri (Günther, 1861)	SPECIES			Animalia
152543422	5420978	https://www.gbif.org/species/5420978	Clarkia amoena (Lehm.) A.Nelson & J.F.Macbr.	ACCEPTED	5420978	Clarkia amoena (Lehm.) A.Nelson & J.F.Macbr.	SPECIES	220	Magnoliopsida	Plantae
152543423	5420982	https://www.gbif.org/species/5420982	Clarkia pulchella Pursh	ACCEPTED	5420982	Clarkia pulchella Pursh	SPECIES	220	Magnoliopsida	Plantae
152543426	5208832	https://www.gbif.org/species/5208832	Gobiosoma bosc (Lacepède, 1800)	ACCEPTED	5208832	Gobiosoma bosc (Lacepède, 1800)	SPECIES			Animalia
152543427	5545159	https://www.gbif.org/species/5545159	Ludwigia peploides subsp. montevidensis (Spreng.) P.H.Raven	ACCEPTED	5545159	Ludwigia peploides subsp. montevidensis (Spreng.) P.H.Raven	SUBSPECIES	220	Magnoliopsida	Plantae
152543429	5421039	https://www.gbif.org/species/5421039	Ludwigia grandiflora (Michx.) Greuter & Burdet	ACCEPTED	5421039	Ludwigia grandiflora (Michx.) Greuter & Burdet	SPECIES	220	Magnoliopsida	Plantae
152543430	2379089	https://www.gbif.org/species/2379089	Neogobius melanostomus (Pallas, 1814)	ACCEPTED	2379089	Neogobius melanostomus (Pallas, 1814)	SPECIES			Animalia
152543431	5420991	https://www.gbif.org/species/5420991	Ludwigia peploides (Kunth) P.H.Raven	ACCEPTED	5420991	Ludwigia peploides (Kunth) P.H.Raven	SPECIES	220	Magnoliopsida	Plantae
152543432	2379105	https://www.gbif.org/species/2379105	Neogobius fluviatilis (Pallas, 1814)	ACCEPTED	2379105	Neogobius fluviatilis (Pallas, 1814)	SPECIES			Animalia
152543434	8994150	https://www.gbif.org/species/8994150	Oenothera parviflora L.	ACCEPTED	8994150	Oenothera parviflora L.	SPECIES	220	Magnoliopsida	Plantae
152543436	2379245	https://www.gbif.org/species/2379245	Proterorhinus semilunaris (Heckel, 1837)	ACCEPTED	2379245	Proterorhinus semilunaris (Heckel, 1837)	SPECIES			Animalia
152543437	7915783	https://www.gbif.org/species/7915783	Oenothera ×fallax Renner	ACCEPTED	7915783	Oenothera ×fallax Renner	SPECIES	220	Magnoliopsida	Plantae
152543438	8153538	https://www.gbif.org/species/8153538	Oenothera ×oehlkersii Kappus	ACCEPTED	8153538	Oenothera ×oehlkersii Kappus	SPECIES	220	Magnoliopsida	Plantae
152543440	8302634	https://www.gbif.org/species/8302634	Oenothera suaveolens Desf. ex Pers.	ACCEPTED	8302634	Oenothera suaveolens Desf. ex Pers.	SPECIES	220	Magnoliopsida	Plantae
152543443	2382155	https://www.gbif.org/species/2382155	Sander lucioperca (Linnaeus, 1758)	ACCEPTED	2382155	Sander lucioperca (Linnaeus, 1758)	SPECIES			Animalia
152543447	7322292	https://www.gbif.org/species/7322292	Oenothera ×cambrica Rostanski	ACCEPTED	7322292	Oenothera ×cambrica Rostanski	SPECIES	220	Magnoliopsida	Plantae
152543450	2394486	https://www.gbif.org/species/2394486	Lepomis gibbosus (Linnaeus, 1758)	ACCEPTED	2394486	Lepomis gibbosus (Linnaeus, 1758)	SPECIES			Animalia
152543451	7322529	https://www.gbif.org/species/7322529	Oenothera ×rubricaulis Kleb.	ACCEPTED	7322529	Oenothera ×rubricaulis Kleb.	SPECIES	220	Magnoliopsida	Plantae
152543452	7322393	https://www.gbif.org/species/7322393	Oenothera indecora Cambess.	ACCEPTED	7322393	Oenothera indecora Cambess.	SPECIES	220	Magnoliopsida	Plantae
152543454	7322373	https://www.gbif.org/species/7322373	Oenothera ×issleri Renner ex Rostanski	ACCEPTED	7322373	Oenothera ×issleri Renner ex Rostanski	SPECIES	220	Magnoliopsida	Plantae
152543455	2394563	https://www.gbif.org/species/2394563	Micropterus salmoides (Lacepède, 1802)	ACCEPTED	2394563	Micropterus salmoides (Lacepède, 1802)	SPECIES			Animalia
152543458	3667406	https://www.gbif.org/species/3667406	Oenothera curtiflora W.L.Wagner & Hoch	ACCEPTED	3667406	Oenothera curtiflora W.L.Wagner & Hoch	SPECIES	220	Magnoliopsida	Plantae
152543459	3667238	https://www.gbif.org/species/3667238	Oenothera ×paradoxa Hudziok	ACCEPTED	3667238	Oenothera ×paradoxa Hudziok	SPECIES	220	Magnoliopsida	Plantae
152543462	3667721	https://www.gbif.org/species/3667721	Oenothera ×wratislaviensis Rostanski	ACCEPTED	3667721	Oenothera ×wratislaviensis Rostanski	SPECIES	220	Magnoliopsida	Plantae
152543463	3667628	https://www.gbif.org/species/3667628	Oenothera ×nuda Renner ex Rostanski	ACCEPTED	3667628	Oenothera ×nuda Renner ex Rostanski	SPECIES	220	Magnoliopsida	Plantae
152543465	4287131	https://www.gbif.org/species/4287131	Acipenser baerii Brandt, 1869	ACCEPTED	4287131	Acipenser baerii Brandt, 1869	SPECIES			Animalia
152543467	3665817	https://www.gbif.org/species/3665817	Oenothera ×rubricauloides Rostanski	ACCEPTED	3665817	Oenothera ×rubricauloides Rostanski	SPECIES	220	Magnoliopsida	Plantae
152543468	2402129	https://www.gbif.org/species/2402129	Acipenser gueldenstaedtii Brandt & Ratzeburg, 1833	ACCEPTED	2402129	Acipenser gueldenstaedtii Brandt & Ratzeburg, 1833	SPECIES			Animalia
152543469	3664287	https://www.gbif.org/species/3664287	Oenothera ×casimiri Rostanski	ACCEPTED	3664287	Oenothera ×casimiri Rostanski	SPECIES	220	Magnoliopsida	Plantae
152543470	2402168	https://www.gbif.org/species/2402168	Acipenser ruthenus Linnaeus, 1758	ACCEPTED	2402168	Acipenser ruthenus Linnaeus, 1758	SPECIES			Animalia
152543471	3664589	https://www.gbif.org/species/3664589	Oenothera lindheimeri (Engelm. & A.Gray) W.L.Wagner & Hoch	ACCEPTED	3664589	Oenothera lindheimeri (Engelm. & A.Gray) W.L.Wagner & Hoch	SPECIES	220	Magnoliopsida	Plantae
152543473	3663772	https://www.gbif.org/species/3663772	Oenothera ×moravica V.Jehlík & Rostanski	ACCEPTED	3663772	Oenothera ×moravica V.Jehlík & Rostanski	SPECIES	220	Magnoliopsida	Plantae
152543475	3188830	https://www.gbif.org/species/3188830	Oenothera stricta Link	ACCEPTED	3188830	Oenothera stricta Link	SPECIES	220	Magnoliopsida	Plantae
152543476	3188838	https://www.gbif.org/species/3188838	Oenothera perennis L.	ACCEPTED	3188838	Oenothera perennis L.	SPECIES	220	Magnoliopsida	Plantae
152543477	3188859	https://www.gbif.org/species/3188859	Oenothera speciosa Nutt.	ACCEPTED	3188859	Oenothera speciosa Nutt.	SPECIES	220	Magnoliopsida	Plantae
152543478	3188867	https://www.gbif.org/species/3188867	Oenothera laciniata Hill	ACCEPTED	3188867	Oenothera laciniata Hill	SPECIES	220	Magnoliopsida	Plantae
152543480	3188875	https://www.gbif.org/species/3188875	Oenothera rosea Aiton	ACCEPTED	3188875	Oenothera rosea Aiton	SPECIES	220	Magnoliopsida	Plantae
152543481	5202793	https://www.gbif.org/species/5202793	Clarias gariepinus (Burchell, 1822)	ACCEPTED	5202793	Clarias gariepinus (Burchell, 1822)	SPECIES			Animalia
152543482	3188884	https://www.gbif.org/species/3188884	Oenothera oakesiana (A.Gray) J.W.Robbins ex S.Watson	ACCEPTED	3188884	Oenothera oakesiana (A.Gray) J.W.Robbins ex S.Watson	SPECIES	220	Magnoliopsida	Plantae
152543486	3188924	https://www.gbif.org/species/3188924	Oenothera biennis L.	ACCEPTED	3188924	Oenothera biennis L.	SPECIES	220	Magnoliopsida	Plantae
152543487	3188894	https://www.gbif.org/species/3188894	Oenothera glazioviana Micheli	ACCEPTED	3188894	Oenothera glazioviana Micheli	SPECIES	220	Magnoliopsida	Plantae
152543488	2337607	https://www.gbif.org/species/2337607	Silurus glanis Linnaeus, 1758	ACCEPTED	2337607	Silurus glanis Linnaeus, 1758	SPECIES			Animalia
152543493	5202520	https://www.gbif.org/species/5202520	Ictalurus punctatus (Rafinesque, 1818)	ACCEPTED	5202520	Ictalurus punctatus (Rafinesque, 1818)	SPECIES			Animalia
152543494	9188840	https://www.gbif.org/species/9188840	Epilobium ciliatum Raf.	ACCEPTED	9188840	Epilobium ciliatum Raf.	SPECIES	220	Magnoliopsida	Plantae
152543496	2340977	https://www.gbif.org/species/2340977	Ameiurus melas (Rafinesque, 1820)	ACCEPTED	2340977	Ameiurus melas (Rafinesque, 1820)	SPECIES			Animalia
152543498	2340989	https://www.gbif.org/species/2340989	Ameiurus nebulosus (Lesueur, 1819)	ACCEPTED	2340989	Ameiurus nebulosus (Lesueur, 1819)	SPECIES			Animalia
152543500	3665966	https://www.gbif.org/species/3665966	Epilobium ×floridulum Smejkal	ACCEPTED	3665966	Epilobium ×floridulum Smejkal	SPECIES	220	Magnoliopsida	Plantae
152543502	3189073	https://www.gbif.org/species/3189073	Epilobium brachycarpum C.Presl	ACCEPTED	3189073	Epilobium brachycarpum C.Presl	SPECIES	220	Magnoliopsida	Plantae
152543505	5204019	https://www.gbif.org/species/5204019	Oncorhynchus mykiss (Walbaum, 1792)	ACCEPTED	5204019	Oncorhynchus mykiss (Walbaum, 1792)	SPECIES			Animalia
152543507	5204034	https://www.gbif.org/species/5204034	Oncorhynchus kisutch (Walbaum, 1792)	ACCEPTED	5204034	Oncorhynchus kisutch (Walbaum, 1792)	SPECIES			Animalia
152543510	2351064	https://www.gbif.org/species/2351064	Coregonus nasus (Pallas, 1776)	ACCEPTED	2351064	Coregonus nasus (Pallas, 1776)	SPECIES			Animalia
152543511	3152816	https://www.gbif.org/species/3152816	Platanus orientalis L.	ACCEPTED	3152816	Platanus orientalis L.	SPECIES	220	Magnoliopsida	Plantae
152543512	2351211	https://www.gbif.org/species/2351211	Coregonus lavaretus (Linnaeus, 1758)	ACCEPTED	2351211	Coregonus lavaretus (Linnaeus, 1758)	SPECIES			Animalia
152543513	2351136	https://www.gbif.org/species/2351136	Coregonus peled (Gmelin, 1789)	ACCEPTED	2351136	Coregonus peled (Gmelin, 1789)	SPECIES			Animalia
152543517	2351413	https://www.gbif.org/species/2351413	Hucho hucho (Linnaeus, 1758)	ACCEPTED	2351413	Hucho hucho (Linnaeus, 1758)	SPECIES			Animalia
152543521	3152861	https://www.gbif.org/species/3152861	Liriodendron tulipifera L.	ACCEPTED	3152861	Liriodendron tulipifera L.	SPECIES	220	Magnoliopsida	Plantae
152543524	4409643	https://www.gbif.org/species/4409643	Leuciscus idus (Linnaeus, 1758)	ACCEPTED	4409643	Leuciscus idus (Linnaeus, 1758)	SPECIES			Animalia
152543526	4286975	https://www.gbif.org/species/4286975	Cyprinus carpio Linnaeus, 1758	ACCEPTED	4286975	Cyprinus carpio Linnaeus, 1758	SPECIES			Animalia
152543532	4286942	https://www.gbif.org/species/4286942	Carassius auratus (Linnaeus, 1758)	ACCEPTED	4286942	Carassius auratus (Linnaeus, 1758)	SPECIES			Animalia
152543533	2366634	https://www.gbif.org/species/2366634	Carassius gibelio (Bloch, 1782)	ACCEPTED	2366634	Carassius gibelio (Bloch, 1782)	SPECIES			Animalia
152543535	2367033	https://www.gbif.org/species/2367033	Ballerus ballerus (Linnaeus, 1758)	ACCEPTED	2367033	Ballerus ballerus (Linnaeus, 1758)	SPECIES			Animalia
152543537	7433196	https://www.gbif.org/species/7433196	Euonymus latifolius (L.) Mill.	ACCEPTED	7433196	Euonymus latifolius (L.) Mill.	SPECIES	220	Magnoliopsida	Plantae
152543538	2367742	https://www.gbif.org/species/2367742	Pimephales promelas Rafinesque, 1820	ACCEPTED	2367742	Pimephales promelas Rafinesque, 1820	SPECIES			Animalia
152543540	2360504	https://www.gbif.org/species/2360504	Vimba vimba (Linnaeus, 1758)	ACCEPTED	2360504	Vimba vimba (Linnaeus, 1758)	SPECIES			Animalia
152543541	7102937	https://www.gbif.org/species/7102937	Euonymus japonicus Thunb.	ACCEPTED	7102937	Euonymus japonicus Thunb.	SPECIES	220	Magnoliopsida	Plantae
152543543	2362881	https://www.gbif.org/species/2362881	Leucaspius delineatus (Heckel, 1843)	ACCEPTED	2362881	Leucaspius delineatus (Heckel, 1843)	SPECIES			Animalia
152543545	3169120	https://www.gbif.org/species/3169120	Euonymus alatus (Thunb.) Siebold	ACCEPTED	3169120	Euonymus alatus (Thunb.) Siebold	SPECIES	220	Magnoliopsida	Plantae
152543546	2362868	https://www.gbif.org/species/2362868	Pseudorasbora parva (Temminck & Schlegel, 1846)	ACCEPTED	2362868	Pseudorasbora parva (Temminck & Schlegel, 1846)	SPECIES			Animalia
152543548	2362486	https://www.gbif.org/species/2362486	Hypophthalmichthys nobilis (Richardson, 1845)	ACCEPTED	2362486	Hypophthalmichthys nobilis (Richardson, 1845)	SPECIES			Animalia
152543550	2362473	https://www.gbif.org/species/2362473	Hypophthalmichthys molitrix (Valenciennes, 1844)	ACCEPTED	2362473	Hypophthalmichthys molitrix (Valenciennes, 1844)	SPECIES			Animalia
152543553	2362030	https://www.gbif.org/species/2362030	Ctenopharyngodon idella (Valenciennes, 1844)	ACCEPTED	2362030	Ctenopharyngodon idella (Valenciennes, 1844)	SPECIES			Animalia
152543557	5569367	https://www.gbif.org/species/5569367	Scaevola aemula R.Br.	ACCEPTED	5569367	Scaevola aemula R.Br.	SPECIES	220	Magnoliopsida	Plantae
152543560	4363583	https://www.gbif.org/species/4363583	Rapana venosa (Valenciennes, 1846)	ACCEPTED	4363583	Rapana venosa (Valenciennes, 1846)	SPECIES	225	Gastropoda	Animalia
152543565	5189713	https://www.gbif.org/species/5189713	Menetus dilatatus (A.Gould, 1841)	ACCEPTED	5189713	Menetus dilatatus (A.Gould, 1841)	SPECIES	225	Gastropoda	Animalia
152543566	5410151	https://www.gbif.org/species/5410151	Campanula poscharskyana Degen	ACCEPTED	5410151	Campanula poscharskyana Degen	SPECIES	220	Magnoliopsida	Plantae
152543569	5410210	https://www.gbif.org/species/5410210	Campanula fenestrellata Feer	ACCEPTED	5410210	Campanula fenestrellata Feer	SPECIES	220	Magnoliopsida	Plantae
152543570	5409852	https://www.gbif.org/species/5409852	Campanula erinus L.	ACCEPTED	5409852	Campanula erinus L.	SPECIES	220	Magnoliopsida	Plantae
152543572	5777912	https://www.gbif.org/species/5777912	Lithoglyphus naticoides (C.Pfeiffer, 1828)	ACCEPTED	5777912	Lithoglyphus naticoides (C.Pfeiffer, 1828)	SPECIES	225	Gastropoda	Animalia
152543573	5410826	https://www.gbif.org/species/5410826	Campanula carpatica Jacq.	ACCEPTED	5410826	Campanula carpatica Jacq.	SPECIES	220	Magnoliopsida	Plantae
152543575	5411392	https://www.gbif.org/species/5411392	Campanula lactiflora M.Bieb.	ACCEPTED	5411392	Campanula lactiflora M.Bieb.	SPECIES	220	Magnoliopsida	Plantae
152543576	5410411	https://www.gbif.org/species/5410411	Campanula portenschlagiana Schult.	ACCEPTED	5410411	Campanula portenschlagiana Schult.	SPECIES	220	Magnoliopsida	Plantae
152543577	5410480	https://www.gbif.org/species/5410480	Campanula rhomboidalis L.	ACCEPTED	5410480	Campanula rhomboidalis L.	SPECIES	220	Magnoliopsida	Plantae
152543578	5411408	https://www.gbif.org/species/5411408	Campanula latifolia L.	ACCEPTED	5411408	Campanula latifolia L.	SPECIES	220	Magnoliopsida	Plantae
152543579	5411453	https://www.gbif.org/species/5411453	Campanula medium L.	ACCEPTED	5411453	Campanula medium L.	SPECIES	220	Magnoliopsida	Plantae
152543581	5192470	https://www.gbif.org/species/5192470	Potamopyrgus antipodarum (J.E.Gray, 1843)	ACCEPTED	5192470	Potamopyrgus antipodarum (J.E.Gray, 1843)	SPECIES	225	Gastropoda	Animalia
152543585	5192789	https://www.gbif.org/species/5192789	Crepidula fornicata (Linnaeus, 1758)	ACCEPTED	5192789	Crepidula fornicata (Linnaeus, 1758)	SPECIES	225	Gastropoda	Animalia
152543586	5409120	https://www.gbif.org/species/5409120	Lobelia siphilitica L.	ACCEPTED	5409120	Lobelia siphilitica L.	SPECIES	220	Magnoliopsida	Plantae
152543587	5408775	https://www.gbif.org/species/5408775	Lobelia sessilifolia Lamb.	ACCEPTED	5408775	Lobelia sessilifolia Lamb.	SPECIES	220	Magnoliopsida	Plantae
152543589	5408682	https://www.gbif.org/species/5408682	Lobelia pedunculata R.Br.	ACCEPTED	5408682	Lobelia pedunculata R.Br.	SPECIES	220	Magnoliopsida	Plantae
152543592	5408087	https://www.gbif.org/species/5408087	Lobelia erinus L.	ACCEPTED	5408087	Lobelia erinus L.	SPECIES	220	Magnoliopsida	Plantae
152543593	7540164	https://www.gbif.org/species/7540164	Arion vulgaris Moquin-Tandon, 1855	ACCEPTED	7540164	Arion vulgaris Moquin-Tandon, 1855	SPECIES	225	Gastropoda	Animalia
152543596	5407810	https://www.gbif.org/species/5407810	Trachelium caeruleum L.	ACCEPTED	5407810	Trachelium caeruleum L.	SPECIES	220	Magnoliopsida	Plantae
152543600	4562566	https://www.gbif.org/species/4562566	Aegopinella nitens (Michaud, 1831)	ACCEPTED	4562566	Aegopinella nitens (Michaud, 1831)	SPECIES	225	Gastropoda	Animalia
152543602	3167003	https://www.gbif.org/species/3167003	Triodanis perfoliata (L.) Nieuwl.	ACCEPTED	3167003	Triodanis perfoliata (L.) Nieuwl.	SPECIES	220	Magnoliopsida	Plantae
152543605	3164340	https://www.gbif.org/species/3164340	Platycodon grandiflorus (Jacq.) A.DC.	ACCEPTED	3164340	Platycodon grandiflorus (Jacq.) A.DC.	SPECIES	220	Magnoliopsida	Plantae
152543607	8745918	https://www.gbif.org/species/8745918	Deroceras invadens Reise, Hutchinson, Schunack & Schlitt, 2011	ACCEPTED	8745918	Deroceras invadens Reise, Hutchinson, Schunack & Schlitt, 2011	SPECIES	225	Gastropoda	Animalia
152543609	5190777	https://www.gbif.org/species/5190777	Deroceras panormitanum (Lessona & Pollonera, 1882)	ACCEPTED	5190777	Deroceras panormitanum (Lessona & Pollonera, 1882)	SPECIES	225	Gastropoda	Animalia
152543611	5386028	https://www.gbif.org/species/5386028	Cyanus triumfettii (All.) Dostál ex Á.Löve & D.Löve	SYNONYM	7338495	Centaurea triumfettii subsp. triumfettii	SUBSPECIES	220	Magnoliopsida	Plantae
152543613	3138230	https://www.gbif.org/species/3138230	Carthamus lanatus L.	ACCEPTED	3138230	Carthamus lanatus L.	SPECIES	220	Magnoliopsida	Plantae
152543615	5189806	https://www.gbif.org/species/5189806	Physella acuta (Draparnaud, 1805)	ACCEPTED	5189806	Physella acuta (Draparnaud, 1805)	SPECIES	225	Gastropoda	Animalia
152543618	7505045	https://www.gbif.org/species/7505045	Soliva anthemifolia R.Br.	ACCEPTED	7505045	Soliva anthemifolia R.Br.	SPECIES	220	Magnoliopsida	Plantae
152543624	4565039	https://www.gbif.org/species/4565039	Hygromia cinctella (Draparnaud, 1801)	ACCEPTED	4565039	Hygromia cinctella (Draparnaud, 1801)	SPECIES	225	Gastropoda	Animalia
152543625	7403263	https://www.gbif.org/species/7403263	Lactuca sativa L.	ACCEPTED	7403263	Lactuca sativa L.	SPECIES	220	Magnoliopsida	Plantae
152543629	4567717	https://www.gbif.org/species/4567717	Boettgerilla pallens Simroth, 1912	ACCEPTED	4567717	Boettgerilla pallens Simroth, 1912	SPECIES	225	Gastropoda	Animalia
152543631	7587923	https://www.gbif.org/species/7587923	Euchiton sphaericus (Willd.) Holub	ACCEPTED	7587923	Euchiton sphaericus (Willd.) Holub	SPECIES	220	Magnoliopsida	Plantae
152543633	2294277	https://www.gbif.org/species/2294277	Theba pisana (O.F.Müller, 1774)	ACCEPTED	2294277	Theba pisana (O.F.Müller, 1774)	SPECIES	225	Gastropoda	Animalia
152543636	7627205	https://www.gbif.org/species/7627205	Glebionis coronaria (L.) Tzvelev	ACCEPTED	7627205	Glebionis coronaria (L.) Tzvelev	SPECIES	220	Magnoliopsida	Plantae
152543639	4598226	https://www.gbif.org/species/4598226	Tandonia sowerbyi (A.Férussac, 1823)	ACCEPTED	4598226	Tandonia sowerbyi (A.Férussac, 1823)	SPECIES	225	Gastropoda	Animalia
152543641	2297108	https://www.gbif.org/species/2297108	Milax gagates (Draparnaud, 1801)	ACCEPTED	2297108	Milax gagates (Draparnaud, 1801)	SPECIES	225	Gastropoda	Animalia
152543646	4564944	https://www.gbif.org/species/4564944	Xerosecta cespitum (Draparnaud, 1801)	ACCEPTED	4564944	Xerosecta cespitum (Draparnaud, 1801)	SPECIES	225	Gastropoda	Animalia
152543648	8346536	https://www.gbif.org/species/8346536	Schkuhria pinnata (Lam.) Kuntze	ACCEPTED	8346536	Schkuhria pinnata (Lam.) Kuntze	SPECIES	220	Magnoliopsida	Plantae
152543649	4565134	https://www.gbif.org/species/4565134	Cernuella aginnica (Locard, 1882)	ACCEPTED	4565134	Cernuella aginnica (Locard, 1882)	SPECIES	225	Gastropoda	Animalia
152543651	4565140	https://www.gbif.org/species/4565140	Cernuella cisalpina (Rossmässler, 1837)	ACCEPTED	4565140	Cernuella cisalpina (Rossmässler, 1837)	SPECIES	225	Gastropoda	Animalia
152543652	8537667	https://www.gbif.org/species/8537667	Chondrilla juncea L.	ACCEPTED	8537667	Chondrilla juncea L.	SPECIES	220	Magnoliopsida	Plantae
152543656	2296805	https://www.gbif.org/species/2296805	Trochoidea elegans (Gmelin, 1791)	ACCEPTED	2296805	Trochoidea elegans (Gmelin, 1791)	SPECIES	225	Gastropoda	Animalia
152543660	7066596	https://www.gbif.org/species/7066596	Zinnia angustifolia var. angustifolia	ACCEPTED	7066596	Zinnia angustifolia var. angustifolia	VARIETY	220	Magnoliopsida	Plantae
152543663	9479629	https://www.gbif.org/species/9479629	Tasserkidrilus americanus (Brinkhurst & Cook, 1966)	ACCEPTED	9479629	Tasserkidrilus americanus (Brinkhurst & Cook, 1966)	SPECIES	255	Clitellata	Animalia
152543666	5391599	https://www.gbif.org/species/5391599	Chamaemelum nobile (L.) All.	ACCEPTED	5391599	Chamaemelum nobile (L.) All.	SPECIES	220	Magnoliopsida	Plantae
152543667	9442679	https://www.gbif.org/species/9442679	Bratislavia dadayi (Michaelsen, 1905)	ACCEPTED	9442679	Bratislavia dadayi (Michaelsen, 1905)	SPECIES	255	Clitellata	Animalia
152543670	5392859	https://www.gbif.org/species/5392859	Echinops bannaticus Rochel ex Schrad.	ACCEPTED	5392859	Echinops bannaticus Rochel ex Schrad.	SPECIES	220	Magnoliopsida	Plantae
152543671	4410150	https://www.gbif.org/species/4410150	Monopylephorus limosus (Hatai, 1898)	ACCEPTED	4410150	Monopylephorus limosus (Hatai, 1898)	SPECIES	255	Clitellata	Animalia
152543672	5392883	https://www.gbif.org/species/5392883	Echinops sphaerocephalus L.	ACCEPTED	5392883	Echinops sphaerocephalus L.	SPECIES	220	Magnoliopsida	Plantae
152543673	5392683	https://www.gbif.org/species/5392683	Echinops exaltatus Schrad.	ACCEPTED	5392683	Echinops exaltatus Schrad.	SPECIES	220	Magnoliopsida	Plantae
152543676	4410088	https://www.gbif.org/species/4410088	Quistadrilus multisetosus (Smith, 1900)	ACCEPTED	4410088	Quistadrilus multisetosus (Smith, 1900)	SPECIES	255	Clitellata	Animalia
152543677	5392270	https://www.gbif.org/species/5392270	Cichorium pumilum Jacq.	ACCEPTED	5392270	Cichorium pumilum Jacq.	SPECIES	220	Magnoliopsida	Plantae
152543679	5392243	https://www.gbif.org/species/5392243	Cichorium endivia L.	ACCEPTED	5392243	Cichorium endivia L.	SPECIES	220	Magnoliopsida	Plantae
152543682	4410056	https://www.gbif.org/species/4410056	Psammoryctides moravicus (Hrabĕ, 1934)	ACCEPTED	4410056	Psammoryctides moravicus (Hrabĕ, 1934)	SPECIES	255	Clitellata	Animalia
152543683	8323119	https://www.gbif.org/species/8323119	Bidens triplinervia var. macrantha (Wedd.) Sherff	ACCEPTED	8323119	Bidens triplinervia var. macrantha (Wedd.) Sherff	VARIETY	220	Magnoliopsida	Plantae
152543685	5392145	https://www.gbif.org/species/5392145	Bidens radiata Thuill.	ACCEPTED	5392145	Bidens radiata Thuill.	SPECIES	220	Magnoliopsida	Plantae
152543686	4812260	https://www.gbif.org/species/4812260	Branchiodrilus hortensis (Stephenson, 1910)	ACCEPTED	4812260	Branchiodrilus hortensis (Stephenson, 1910)	SPECIES	255	Clitellata	Animalia
152543687	5392174	https://www.gbif.org/species/5392174	Bidens frondosa L.	ACCEPTED	5392174	Bidens frondosa L.	SPECIES	220	Magnoliopsida	Plantae
152543689	5391882	https://www.gbif.org/species/5391882	Bidens subalternans DC.	ACCEPTED	5391882	Bidens subalternans DC.	SPECIES	220	Magnoliopsida	Plantae
152543690	2308574	https://www.gbif.org/species/2308574	Branchiura sowerbyi Beddard, 1892	ACCEPTED	2308574	Branchiura sowerbyi Beddard, 1892	SPECIES	255	Clitellata	Animalia
152543692	4307880	https://www.gbif.org/species/4307880	Potamothrix heuscheri (Bretscher, 1900)	ACCEPTED	4307880	Potamothrix heuscheri (Bretscher, 1900)	SPECIES	255	Clitellata	Animalia
152543693	5392083	https://www.gbif.org/species/5392083	Bidens connata Muhl. ex Willd.	ACCEPTED	5392083	Bidens connata Muhl. ex Willd.	SPECIES	220	Magnoliopsida	Plantae
152543694	5391810	https://www.gbif.org/species/5391810	Bidens vulgata Greene	ACCEPTED	5391810	Bidens vulgata Greene	SPECIES	220	Magnoliopsida	Plantae
152543695	2308605	https://www.gbif.org/species/2308605	Potamothrix vejdovskyi (Hrabĕ, 1941)	ACCEPTED	2308605	Potamothrix vejdovskyi (Hrabĕ, 1941)	SPECIES	255	Clitellata	Animalia
152543697	5391845	https://www.gbif.org/species/5391845	Bidens pilosa L.	ACCEPTED	5391845	Bidens pilosa L.	SPECIES	220	Magnoliopsida	Plantae
152543698	5389402	https://www.gbif.org/species/5389402	Bidens bipinnata L.	ACCEPTED	5389402	Bidens bipinnata L.	SPECIES	220	Magnoliopsida	Plantae
152543699	2308541	https://www.gbif.org/species/2308541	Limnodrilus cervix Brinkhurst, 1963	ACCEPTED	2308541	Limnodrilus cervix Brinkhurst, 1963	SPECIES	255	Clitellata	Animalia
152543705	5389173	https://www.gbif.org/species/5389173	Telekia speciosa (Schreb.) Baumg.	ACCEPTED	5389173	Telekia speciosa (Schreb.) Baumg.	SPECIES	220	Magnoliopsida	Plantae
152543706	5199161	https://www.gbif.org/species/5199161	Hypania invalida (Grube, 1860)	ACCEPTED	5199161	Hypania invalida (Grube, 1860)	SPECIES	256	Polychaeta	Animalia
152543710	5389058	https://www.gbif.org/species/5389058	Solidago altissima L.	ACCEPTED	5389058	Solidago altissima L.	SPECIES	220	Magnoliopsida	Plantae
152543712	7009279	https://www.gbif.org/species/7009279	Laonome calida Capa, 2007	ACCEPTED	7009279	Laonome calida Capa, 2007	SPECIES	256	Polychaeta	Animalia
152543713	5389029	https://www.gbif.org/species/5389029	Solidago canadensis L.	ACCEPTED	5389029	Solidago canadensis L.	SPECIES	220	Magnoliopsida	Plantae
152543714	5389017	https://www.gbif.org/species/5389017	Solidago gigantea Aiton	ACCEPTED	5389017	Solidago gigantea Aiton	SPECIES	220	Magnoliopsida	Plantae
152543717	5388967	https://www.gbif.org/species/5388967	Solidago rugosa Mill.	ACCEPTED	5388967	Solidago rugosa Mill.	SPECIES	220	Magnoliopsida	Plantae
152543718	2327735	https://www.gbif.org/species/2327735	Ficopomatus enigmaticus (Fauvel, 1923)	ACCEPTED	2327735	Ficopomatus enigmaticus (Fauvel, 1923)	SPECIES	256	Polychaeta	Animalia
152543722	9182765	https://www.gbif.org/species/9182765	Calendula arvensis L.	ACCEPTED	9182765	Calendula arvensis L.	SPECIES	220	Magnoliopsida	Plantae
152543724	5391480	https://www.gbif.org/species/5391480	Calendula officinalis L.	ACCEPTED	5391480	Calendula officinalis L.	SPECIES	220	Magnoliopsida	Plantae
152543725	2321010	https://www.gbif.org/species/2321010	Marenzelleria neglecta Sikorski & Bick, 2004	ACCEPTED	2321010	Marenzelleria neglecta Sikorski & Bick, 2004	SPECIES	256	Polychaeta	Animalia
152543727	2321012	https://www.gbif.org/species/2321012	Marenzelleria viridis (Verrill, 1873)	ACCEPTED	2321012	Marenzelleria viridis (Verrill, 1873)	SPECIES	256	Polychaeta	Animalia
152543728	5391292	https://www.gbif.org/species/5391292	Centipeda minima (L.) A.Br. & Asch.	ACCEPTED	5391292	Centipeda minima (L.) A.Br. & Asch.	SPECIES	220	Magnoliopsida	Plantae
152543731	5390636	https://www.gbif.org/species/5390636	Cota austriaca (Jacq.) Sch.Bip.	ACCEPTED	5390636	Cota austriaca (Jacq.) Sch.Bip.	SPECIES	220	Magnoliopsida	Plantae
152543733	5390611	https://www.gbif.org/species/5390611	Cota altissima (L.) J.Gay	ACCEPTED	5390611	Cota altissima (L.) J.Gay	SPECIES	220	Magnoliopsida	Plantae
152543736	5709400	https://www.gbif.org/species/5709400	Tragopogon ×mirabilis Rouy	ACCEPTED	5709400	Tragopogon ×mirabilis Rouy	SPECIES	220	Magnoliopsida	Plantae
152543738	4559541	https://www.gbif.org/species/4559541	Sinanodonta woodiana (I.Lea, 1834)	ACCEPTED	4559541	Sinanodonta woodiana (I.Lea, 1834)	SPECIES	137	Bivalvia	Animalia
152543740	6443709	https://www.gbif.org/species/6443709	Tragopogon dubius Scop.	ACCEPTED	6443709	Tragopogon dubius Scop.	SPECIES	220	Magnoliopsida	Plantae
152543743	5386938	https://www.gbif.org/species/5386938	Tragopogon porrifolius L.	ACCEPTED	5386938	Tragopogon porrifolius L.	SPECIES	220	Magnoliopsida	Plantae
152543744	2286079	https://www.gbif.org/species/2286079	Crassostrea virginica (Gmelin, 1791)	ACCEPTED	2286079	Crassostrea virginica (Gmelin, 1791)	SPECIES	137	Bivalvia	Animalia
152543747	5387817	https://www.gbif.org/species/5387817	Gaillardia ×grandiflora Van Houtte	ACCEPTED	5387817	Gaillardia ×grandiflora Van Houtte	SPECIES	220	Magnoliopsida	Plantae
152543750	7791733	https://www.gbif.org/species/7791733	Mya arenaria Linnaeus, 1758	ACCEPTED	7791733	Mya arenaria Linnaeus, 1758	SPECIES	137	Bivalvia	Animalia
152543752	5388595	https://www.gbif.org/species/5388595	Jacobaea maritima (L.) Pelser & Meijden	ACCEPTED	5388595	Jacobaea maritima (L.) Pelser & Meijden	SPECIES	220	Magnoliopsida	Plantae
152543756	5701337	https://www.gbif.org/species/5701337	Dahlia ×cultorum Thorsrud & Reisaeter	ACCEPTED	5701337	Dahlia ×cultorum Thorsrud & Reisaeter	SPECIES	220	Magnoliopsida	Plantae
152543757	2287076	https://www.gbif.org/species/2287076	Mytilopsis leucophaeata (Conrad, 1831)	ACCEPTED	2287076	Mytilopsis leucophaeata (Conrad, 1831)	SPECIES	137	Bivalvia	Animalia
152543758	5387098	https://www.gbif.org/species/5387098	Dahlia coccinea Cav.	ACCEPTED	5387098	Dahlia coccinea Cav.	SPECIES	220	Magnoliopsida	Plantae
152543761	2287072	https://www.gbif.org/species/2287072	Dreissena polymorpha (Pallas, 1771)	ACCEPTED	2287072	Dreissena polymorpha (Pallas, 1771)	SPECIES	137	Bivalvia	Animalia
152543762	8133114	https://www.gbif.org/species/8133114	Aster amellus L.	ACCEPTED	8133114	Aster amellus L.	SPECIES	220	Magnoliopsida	Plantae
152543765	5387639	https://www.gbif.org/species/5387639	Aster ageratoides Turcz.	ACCEPTED	5387639	Aster ageratoides Turcz.	SPECIES	220	Magnoliopsida	Plantae
152543766	2288859	https://www.gbif.org/species/2288859	Psiloteredo megotara (Hanley, 1848)	ACCEPTED	2288859	Psiloteredo megotara (Hanley, 1848)	SPECIES	137	Bivalvia	Animalia
152543768	2288847	https://www.gbif.org/species/2288847	Teredo navalis Linnaeus, 1758	ACCEPTED	2288847	Teredo navalis Linnaeus, 1758	SPECIES	137	Bivalvia	Animalia
152543770	5403743	https://www.gbif.org/species/5403743	Scolymus maculatus L.	ACCEPTED	5403743	Scolymus maculatus L.	SPECIES	220	Magnoliopsida	Plantae
152543772	5403742	https://www.gbif.org/species/5403742	Scolymus hispanicus L.	ACCEPTED	5403742	Scolymus hispanicus L.	SPECIES	220	Magnoliopsida	Plantae
152543776	5401239	https://www.gbif.org/species/5401239	Felicia tenella (L.) Nees	ACCEPTED	5401239	Felicia tenella (L.) Nees	SPECIES	220	Magnoliopsida	Plantae
152543778	8190231	https://www.gbif.org/species/8190231	Corbicula fluminea (O.F.Müller, 1774)	ACCEPTED	8190231	Corbicula fluminea (O.F.Müller, 1774)	SPECIES	137	Bivalvia	Animalia
152543779	5401508	https://www.gbif.org/species/5401508	Emilia fosbergii Nicolson	ACCEPTED	5401508	Emilia fosbergii Nicolson	SPECIES	220	Magnoliopsida	Plantae
152543781	5189032	https://www.gbif.org/species/5189032	Corbicula fluminalis (O.F.Müller, 1774)	ACCEPTED	5189032	Corbicula fluminalis (O.F.Müller, 1774)	SPECIES	137	Bivalvia	Animalia
152543782	5401760	https://www.gbif.org/species/5401760	Ageratum houstonianum Mill.	ACCEPTED	5401760	Ageratum houstonianum Mill.	SPECIES	220	Magnoliopsida	Plantae
152543786	5704991	https://www.gbif.org/species/5704991	Helenium ×clementii Verloove & Lambinon	ACCEPTED	5704991	Helenium ×clementii Verloove & Lambinon	SPECIES	220	Magnoliopsida	Plantae
152543787	5188971	https://www.gbif.org/species/5188971	Rangia cuneata (G.B.Sowerby I, 1832)	ACCEPTED	5188971	Rangia cuneata (G.B.Sowerby I, 1832)	SPECIES	137	Bivalvia	Animalia
152543788	5401877	https://www.gbif.org/species/5401877	Helenium autumnale L.	ACCEPTED	5401877	Helenium autumnale L.	SPECIES	220	Magnoliopsida	Plantae
152543792	2287615	https://www.gbif.org/species/2287615	Petricolaria pholadiformis (Lamarck, 1818)	ACCEPTED	2287615	Petricolaria pholadiformis (Lamarck, 1818)	SPECIES	137	Bivalvia	Animalia
152543793	5402363	https://www.gbif.org/species/5402363	Dimorphotheca pluvialis (L.) Moench	ACCEPTED	5402363	Dimorphotheca pluvialis (L.) Moench	SPECIES	220	Magnoliopsida	Plantae
152543796	5402627	https://www.gbif.org/species/5402627	Iva annua L.	ACCEPTED	5402627	Iva annua L.	SPECIES	220	Magnoliopsida	Plantae
152543797	2287668	https://www.gbif.org/species/2287668	Mercenaria mercenaria (Linnaeus, 1758)	ACCEPTED	2287668	Mercenaria mercenaria (Linnaeus, 1758)	SPECIES	137	Bivalvia	Animalia
152543800	5402874	https://www.gbif.org/species/5402874	Eupatorium perfoliatum L.	ACCEPTED	5402874	Eupatorium perfoliatum L.	SPECIES	220	Magnoliopsida	Plantae
152543803	5393689	https://www.gbif.org/species/5393689	Asteriscus aquaticus (L.) Less.	ACCEPTED	5393689	Asteriscus aquaticus (L.) Less.	SPECIES	220	Magnoliopsida	Plantae
152543805	2287249	https://www.gbif.org/species/2287249	Ensis directus (Conrad, 1844)	ACCEPTED	2287249	Ensis directus (Conrad, 1844)	SPECIES	137	Bivalvia	Animalia
152543809	5395475	https://www.gbif.org/species/5395475	Ligularia dentata (A.Gray) H.Hara	ACCEPTED	5395475	Ligularia dentata (A.Gray) H.Hara	SPECIES	220	Magnoliopsida	Plantae
152543811	5396474	https://www.gbif.org/species/5396474	Heliopsis helianthoides (L.) Sweet	ACCEPTED	5396474	Heliopsis helianthoides (L.) Sweet	SPECIES	220	Magnoliopsida	Plantae
152543814	4556286	https://www.gbif.org/species/4556286	Meloidogyne artiellia Franklin, 1961	ACCEPTED	4556286	Meloidogyne artiellia Franklin, 1961	SPECIES	11133537	Chromadorea	Animalia
152543818	5396551	https://www.gbif.org/species/5396551	Tithonia rotundifolia (Mill.) S.F.Blake	ACCEPTED	5396551	Tithonia rotundifolia (Mill.) S.F.Blake	SPECIES	220	Magnoliopsida	Plantae
152543820	2284443	https://www.gbif.org/species/2284443	Mastophorus Diesing, 1853	ACCEPTED	2284443	Mastophorus Diesing, 1853	GENUS	11133537	Chromadorea	Animalia
152543821	5397564	https://www.gbif.org/species/5397564	Vernonia fasciculata Michx.	ACCEPTED	5397564	Vernonia fasciculata Michx.	SPECIES	220	Magnoliopsida	Plantae
152543823	5399550	https://www.gbif.org/species/5399550	Rhagadiolus stellatus (L.) Gaertn.	ACCEPTED	5399550	Rhagadiolus stellatus (L.) Gaertn.	SPECIES	220	Magnoliopsida	Plantae
152543827	5400552	https://www.gbif.org/species/5400552	Ageratina altissima (L.) R.M.King & H.Rob.	ACCEPTED	5400552	Ageratina altissima (L.) R.M.King & H.Rob.	SPECIES	220	Magnoliopsida	Plantae
152543830	5401007	https://www.gbif.org/species/5401007	Leucanthemum ×superbum (Bergmans ex J.W.Ingram) D.H.Kent	ACCEPTED	5401007	Leucanthemum ×superbum (Bergmans ex J.W.Ingram) D.H.Kent	SPECIES	220	Magnoliopsida	Plantae
152543833	7547256	https://www.gbif.org/species/7547256	Sinelobus vanhaareni Bamber, 2014	ACCEPTED	7547256	Sinelobus vanhaareni Bamber, 2014	SPECIES	229	Malacostraca	Animalia
152543839	2220312	https://www.gbif.org/species/2220312	Hemimysis anomala G.O.Sars, 1907	ACCEPTED	2220312	Hemimysis anomala G.O.Sars, 1907	SPECIES	229	Malacostraca	Animalia
152543842	2220347	https://www.gbif.org/species/2220347	Limnomysis benedeni Czerniavsky, 1882	ACCEPTED	2220347	Limnomysis benedeni Czerniavsky, 1882	SPECIES	229	Malacostraca	Animalia
152543843	7569785	https://www.gbif.org/species/7569785	Hieracium pilosum Schleich. ex Froel.	ACCEPTED	7569785	Hieracium pilosum Schleich. ex Froel.	SPECIES	220	Magnoliopsida	Plantae
152543845	4243464	https://www.gbif.org/species/4243464	Hieracium speciosum Willd. ex Hornem.	ACCEPTED	4243464	Hieracium speciosum Willd. ex Hornem.	SPECIES	220	Magnoliopsida	Plantae
152543849	2227663	https://www.gbif.org/species/2227663	Rhithropanopeus harrisii (Gould, 1841)	ACCEPTED	2227663	Rhithropanopeus harrisii (Gould, 1841)	SPECIES	229	Malacostraca	Animalia
152543850	7706146	https://www.gbif.org/species/7706146	Crepis nicaeensis Balb.	DOUBTFUL	7706146	Crepis nicaeensis Balb.	SPECIES	220	Magnoliopsida	Plantae
152543854	2224970	https://www.gbif.org/species/2224970	Palaemon macrodactylus M.J.Rathbun, 1902	ACCEPTED	2224970	Palaemon macrodactylus M.J.Rathbun, 1902	SPECIES	229	Malacostraca	Animalia
152543856	5831060	https://www.gbif.org/species/5831060	Crepis foetida subsp. rhoeadifolia (M.Bieb.) Celak.	ACCEPTED	5831060	Crepis foetida subsp. rhoeadifolia (M.Bieb.) Celak.	SUBSPECIES	220	Magnoliopsida	Plantae
152543858	5403541	https://www.gbif.org/species/5403541	Crepis bursifolia L.	ACCEPTED	5403541	Crepis bursifolia L.	SPECIES	220	Magnoliopsida	Plantae
152543859	2226990	https://www.gbif.org/species/2226990	Pacifastacus leniusculus (Dana, 1852)	ACCEPTED	2226990	Pacifastacus leniusculus (Dana, 1852)	SPECIES	229	Malacostraca	Animalia
152543860	5403272	https://www.gbif.org/species/5403272	Crepis pulchra L.	ACCEPTED	5403272	Crepis pulchra L.	SPECIES	220	Magnoliopsida	Plantae
152543861	5403508	https://www.gbif.org/species/5403508	Crepis tectorum L.	ACCEPTED	5403508	Crepis tectorum L.	SPECIES	220	Magnoliopsida	Plantae
152543863	4245384	https://www.gbif.org/species/4245384	Crepis setosa Haller fil.	ACCEPTED	4245384	Crepis setosa Haller fil.	SPECIES	220	Magnoliopsida	Plantae
152543866	2227300	https://www.gbif.org/species/2227300	Procambarus clarkii (Girard, 1852)	ACCEPTED	2227300	Procambarus clarkii (Girard, 1852)	SPECIES	229	Malacostraca	Animalia
152543867	3148548	https://www.gbif.org/species/3148548	Anacyclus ×valentinus L.	ACCEPTED	3148548	Anacyclus ×valentinus L.	SPECIES	220	Magnoliopsida	Plantae
152543868	3148589	https://www.gbif.org/species/3148589	Anacyclus clavatus (Desf.) Pers.	ACCEPTED	3148589	Anacyclus clavatus (Desf.) Pers.	SPECIES	220	Magnoliopsida	Plantae
152543870	3148560	https://www.gbif.org/species/3148560	Anacyclus radiatus Loisel.	ACCEPTED	3148560	Anacyclus radiatus Loisel.	SPECIES	220	Magnoliopsida	Plantae
152543874	3147913	https://www.gbif.org/species/3147913	Verbesina encelioides (Cav.) Benth. & Hook.fil. ex A.Gray	ACCEPTED	3147913	Verbesina encelioides (Cav.) Benth. & Hook.fil. ex A.Gray	SPECIES	220	Magnoliopsida	Plantae
152543877	2225646	https://www.gbif.org/species/2225646	Callinectes sapidus Rathbun, 1896	ACCEPTED	2225646	Callinectes sapidus Rathbun, 1896	SPECIES	229	Malacostraca	Animalia
152543880	4933624	https://www.gbif.org/species/4933624	Inula racemosa Hook.fil.	ACCEPTED	4933624	Inula racemosa Hook.fil.	SPECIES	220	Magnoliopsida	Plantae
152543883	2225776	https://www.gbif.org/species/2225776	Eriocheir sinensis H.Milne Edwards, 1853	ACCEPTED	2225776	Eriocheir sinensis H.Milne Edwards, 1853	SPECIES	229	Malacostraca	Animalia
152543885	3148340	https://www.gbif.org/species/3148340	Inula helenium L.	ACCEPTED	3148340	Inula helenium L.	SPECIES	220	Magnoliopsida	Plantae
152543886	4382841	https://www.gbif.org/species/4382841	Hemigrapsus takanoi Asakura & Watanabe, 2005	ACCEPTED	4382841	Hemigrapsus takanoi Asakura & Watanabe, 2005	SPECIES	229	Malacostraca	Animalia
152543888	3139003	https://www.gbif.org/species/3139003	Melampodium montanum Benth.	ACCEPTED	3139003	Melampodium montanum Benth.	SPECIES	220	Magnoliopsida	Plantae
152543889	2225772	https://www.gbif.org/species/2225772	Hemigrapsus sanguineus (De Haan, 1835)	ACCEPTED	2225772	Hemigrapsus sanguineus (De Haan, 1835)	SPECIES	229	Malacostraca	Animalia
152543890	3138953	https://www.gbif.org/species/3138953	Melampodium perfoliatum (Cav.) Kunth	ACCEPTED	3138953	Melampodium perfoliatum (Cav.) Kunth	SPECIES	220	Magnoliopsida	Plantae
152543893	3141046	https://www.gbif.org/species/3141046	Centromadia pungens (Hook. & Arn.) Greene	ACCEPTED	3141046	Centromadia pungens (Hook. & Arn.) Greene	SPECIES	220	Magnoliopsida	Plantae
152543897	5177089	https://www.gbif.org/species/5177089	Jaera istri Veuille, 1979	ACCEPTED	5177089	Jaera istri Veuille, 1979	SPECIES	229	Malacostraca	Animalia
152543898	3140910	https://www.gbif.org/species/3140910	Madia sativa Molina	ACCEPTED	3140910	Madia sativa Molina	SPECIES	220	Magnoliopsida	Plantae
152543901	3138195	https://www.gbif.org/species/3138195	Eutrochium maculatum (L.) E.E.Lamont	ACCEPTED	3138195	Eutrochium maculatum (L.) E.E.Lamont	SPECIES	220	Magnoliopsida	Plantae
152543903	3138192	https://www.gbif.org/species/3138192	Eutrochium purpureum (L.) E.E.Lamont	ACCEPTED	3138192	Eutrochium purpureum (L.) E.E.Lamont	SPECIES	220	Magnoliopsida	Plantae
152543904	2203165	https://www.gbif.org/species/2203165	Cordioniscus stebbingi (Patience, 1907)	ACCEPTED	2203165	Cordioniscus stebbingi (Patience, 1907)	SPECIES	229	Malacostraca	Animalia
152543907	2202786	https://www.gbif.org/species/2202786	Synarmadillo Dollfus, 1892	ACCEPTED	2202786	Synarmadillo Dollfus, 1892	GENUS	229	Malacostraca	Animalia
152543908	3137829	https://www.gbif.org/species/3137829	Psephellus dealbatus (Willd.) K.Koch	ACCEPTED	3137829	Psephellus dealbatus (Willd.) K.Koch	SPECIES	220	Magnoliopsida	Plantae
152543911	2202641	https://www.gbif.org/species/2202641	Reductoniscus costulatus Kesselyak, 1930	ACCEPTED	2202641	Reductoniscus costulatus Kesselyak, 1930	SPECIES	229	Malacostraca	Animalia
152543912	3138327	https://www.gbif.org/species/3138327	Carthamus tinctorius L.	ACCEPTED	3138327	Carthamus tinctorius L.	SPECIES	220	Magnoliopsida	Plantae
152543915	3146219	https://www.gbif.org/species/3146219	Grindelia squarrosa (Pursh) Dunal	ACCEPTED	3146219	Grindelia squarrosa (Pursh) Dunal	SPECIES	220	Magnoliopsida	Plantae
152543918	2209044	https://www.gbif.org/species/2209044	Nagurus cristatus (Dollfus, 1889)	ACCEPTED	2209044	Nagurus cristatus (Dollfus, 1889)	SPECIES	229	Malacostraca	Animalia
152543919	3145214	https://www.gbif.org/species/3145214	Silybum marianum (L.) Gaertn.	ACCEPTED	3145214	Silybum marianum (L.) Gaertn.	SPECIES	220	Magnoliopsida	Plantae
152543922	3141890	https://www.gbif.org/species/3141890	Cyclachaena xanthiifolia (Nutt.) Fresen.	ACCEPTED	3141890	Cyclachaena xanthiifolia (Nutt.) Fresen.	SPECIES	220	Magnoliopsida	Plantae
152543924	2205951	https://www.gbif.org/species/2205951	Proasellus coxalis (Dollfus, 1892)	ACCEPTED	2205951	Proasellus coxalis (Dollfus, 1892)	SPECIES	229	Malacostraca	Animalia
152543925	2206086	https://www.gbif.org/species/2206086	Proasellus meridianus (Racovitza, 1919)	ACCEPTED	2206086	Proasellus meridianus (Racovitza, 1919)	SPECIES	229	Malacostraca	Animalia
152543929	2204831	https://www.gbif.org/species/2204831	Synidotea laticauda Benedict, 1897	ACCEPTED	2204831	Synidotea laticauda Benedict, 1897	SPECIES	229	Malacostraca	Animalia
152543930	3141571	https://www.gbif.org/species/3141571	Mantisalca salmantica (L.) Briq. & Cavill.	ACCEPTED	3141571	Mantisalca salmantica (L.) Briq. & Cavill.	SPECIES	220	Magnoliopsida	Plantae
152543934	3143034	https://www.gbif.org/species/3143034	Doronicum columnae Ten.	ACCEPTED	3143034	Doronicum columnae Ten.	SPECIES	220	Magnoliopsida	Plantae
152543935	3142974	https://www.gbif.org/species/3142974	Doronicum ×excelsum (N.E.Br.) Stace	ACCEPTED	3142974	Doronicum ×excelsum (N.E.Br.) Stace	SPECIES	220	Magnoliopsida	Plantae
152543938	4314683	https://www.gbif.org/species/4314683	Chelicorophium curvispinum (G.O.Sars, 1895)	ACCEPTED	4314683	Chelicorophium curvispinum (G.O.Sars, 1895)	SPECIES	229	Malacostraca	Animalia
152543942	4314702	https://www.gbif.org/species/4314702	Monocorophium sextonae (Crawford, 1937)	ACCEPTED	4314702	Monocorophium sextonae (Crawford, 1937)	SPECIES	229	Malacostraca	Animalia
152543943	3129663	https://www.gbif.org/species/3129663	Baccharis halimifolia L.	ACCEPTED	3129663	Baccharis halimifolia L.	SPECIES	220	Magnoliopsida	Plantae
152543947	5178057	https://www.gbif.org/species/5178057	Caprella mutica Schurin, 1935	ACCEPTED	5178057	Caprella mutica Schurin, 1935	SPECIES	229	Malacostraca	Animalia
152543950	8018277	https://www.gbif.org/species/8018277	Centaurea pectinata L.	ACCEPTED	8018277	Centaurea pectinata L.	SPECIES	220	Magnoliopsida	Plantae
152543951	8305028	https://www.gbif.org/species/8305028	Centaurea phrygia L.	ACCEPTED	8305028	Centaurea phrygia L.	SPECIES	220	Magnoliopsida	Plantae
152543953	5177825	https://www.gbif.org/species/5177825	Incisocalliope aestuarius (Watling & Maurer, 1973)	ACCEPTED	5177825	Incisocalliope aestuarius (Watling & Maurer, 1973)	SPECIES	229	Malacostraca	Animalia
152543956	7223276	https://www.gbif.org/species/7223276	Centaurea solstitialis subsp. solstitialis	ACCEPTED	7223276	Centaurea solstitialis subsp. solstitialis	SUBSPECIES	220	Magnoliopsida	Plantae
152543957	4250826	https://www.gbif.org/species/4250826	Centaurea nemenyiana J.Wagner	DOUBTFUL	4250826	Centaurea nemenyiana J.Wagner	SPECIES	220	Magnoliopsida	Plantae
152543960	3129064	https://www.gbif.org/species/3129064	Centaurea macrocephala Muss.Puschk. ex Willd.	ACCEPTED	3129064	Centaurea macrocephala Muss.Puschk. ex Willd.	SPECIES	220	Magnoliopsida	Plantae
152543961	3129010	https://www.gbif.org/species/3129010	Centaurea diluta Aiton	ACCEPTED	3129010	Centaurea diluta Aiton	SPECIES	220	Magnoliopsida	Plantae
152543963	3128279	https://www.gbif.org/species/3128279	Centaurea calocephala Willd.	ACCEPTED	3128279	Centaurea calocephala Willd.	SPECIES	220	Magnoliopsida	Plantae
152543964	3128228	https://www.gbif.org/species/3128228	Centaurea nigrescens Willd.	ACCEPTED	3128228	Centaurea nigrescens Willd.	SPECIES	220	Magnoliopsida	Plantae
152543966	3128962	https://www.gbif.org/species/3128962	Centaurea diffusa Lam.	ACCEPTED	3128962	Centaurea diffusa Lam.	SPECIES	220	Magnoliopsida	Plantae
152543967	4315760	https://www.gbif.org/species/4315760	Echinogammarus berilloni (Catta, 1878)	ACCEPTED	4315760	Echinogammarus berilloni (Catta, 1878)	SPECIES	229	Malacostraca	Animalia
152543969	3128437	https://www.gbif.org/species/3128437	Centaurea glaberrima Tausch	ACCEPTED	3128437	Centaurea glaberrima Tausch	SPECIES	220	Magnoliopsida	Plantae
152543970	3128007	https://www.gbif.org/species/3128007	Centaurea orientalis L.	ACCEPTED	3128007	Centaurea orientalis L.	SPECIES	220	Magnoliopsida	Plantae
152543971	3127837	https://www.gbif.org/species/3127837	Centaurea hyalolepis Boiss.	ACCEPTED	3127837	Centaurea hyalolepis Boiss.	SPECIES	220	Magnoliopsida	Plantae
152543973	3128166	https://www.gbif.org/species/3128166	Centaurea aspera L.	ACCEPTED	3128166	Centaurea aspera L.	SPECIES	220	Magnoliopsida	Plantae
152543974	3128091	https://www.gbif.org/species/3128091	Centaurea melitensis L.	ACCEPTED	3128091	Centaurea melitensis L.	SPECIES	220	Magnoliopsida	Plantae
152543975	4315705	https://www.gbif.org/species/4315705	Dikerogammarus villosus (Sowinsky, 1894)	ACCEPTED	4315705	Dikerogammarus villosus (Sowinsky, 1894)	SPECIES	229	Malacostraca	Animalia
152543976	3127613	https://www.gbif.org/species/3127613	Centaurea paniculata L.	ACCEPTED	3127613	Centaurea paniculata L.	SPECIES	220	Magnoliopsida	Plantae
152543977	3127727	https://www.gbif.org/species/3127727	Centaurea stoebe L.	ACCEPTED	3127727	Centaurea stoebe L.	SPECIES	220	Magnoliopsida	Plantae
152543979	3127691	https://www.gbif.org/species/3127691	Centaurea benedicta (L.) L.	ACCEPTED	3127691	Centaurea benedicta (L.) L.	SPECIES	220	Magnoliopsida	Plantae
152543981	5864277	https://www.gbif.org/species/5864277	Gammarus roeselii Gervais, 1835	ACCEPTED	5864277	Gammarus roeselii Gervais, 1835	SPECIES	229	Malacostraca	Animalia
152543982	4926336	https://www.gbif.org/species/4926336	Anaphalis margaritacea (L.) Benth.	ACCEPTED	4926336	Anaphalis margaritacea (L.) Benth.	SPECIES	220	Magnoliopsida	Plantae
152543983	2219863	https://www.gbif.org/species/2219863	Gammarus tigrinus Sexton, 1939	ACCEPTED	2219863	Gammarus tigrinus Sexton, 1939	SPECIES	229	Malacostraca	Animalia
152543986	3136929	https://www.gbif.org/species/3136929	Anaphalis triplinervis (Sims) C.B.Clarke	ACCEPTED	3136929	Anaphalis triplinervis (Sims) C.B.Clarke	SPECIES	220	Magnoliopsida	Plantae
152543987	4416920	https://www.gbif.org/species/4416920	Synurella ambulans (F.Müller, 1846)	ACCEPTED	4416920	Synurella ambulans (F.Müller, 1846)	SPECIES	229	Malacostraca	Animalia
152543990	3137629	https://www.gbif.org/species/3137629	Rhodanthe floribunda (DC.) Paul G.Wilson	ACCEPTED	3137629	Rhodanthe floribunda (DC.) Paul G.Wilson	SPECIES	220	Magnoliopsida	Plantae
152543992	2217982	https://www.gbif.org/species/2217982	Crangonyx pseudogracilis Bousfield, 1958	ACCEPTED	2217982	Crangonyx pseudogracilis Bousfield, 1958	SPECIES	229	Malacostraca	Animalia
152543993	3134867	https://www.gbif.org/species/3134867	Catananche caerulea L.	ACCEPTED	3134867	Catananche caerulea L.	SPECIES	220	Magnoliopsida	Plantae
152543997	3133702	https://www.gbif.org/species/3133702	Adenostyles alliariae (Gouan) A.Kern.	ACCEPTED	3133702	Adenostyles alliariae (Gouan) A.Kern.	SPECIES	220	Magnoliopsida	Plantae
152543999	2215949	https://www.gbif.org/species/2215949	Melita nitida S.I.Smith, 1873	ACCEPTED	2215949	Melita nitida S.I.Smith, 1873	SPECIES	229	Malacostraca	Animalia
152544000	3133887	https://www.gbif.org/species/3133887	Coreopsis verticillata L.	ACCEPTED	3133887	Coreopsis verticillata L.	SPECIES	220	Magnoliopsida	Plantae
152544002	3133938	https://www.gbif.org/species/3133938	Coreopsis lanceolata L.	ACCEPTED	3133938	Coreopsis lanceolata L.	SPECIES	220	Magnoliopsida	Plantae
152544004	3133950	https://www.gbif.org/species/3133950	Coreopsis tinctoria Nutt.	ACCEPTED	3133950	Coreopsis tinctoria Nutt.	SPECIES	220	Magnoliopsida	Plantae
152544007	3131367	https://www.gbif.org/species/3131367	Helichrysum petiolare Hilliard & B.L.Burtt	ACCEPTED	3131367	Helichrysum petiolare Hilliard & B.L.Burtt	SPECIES	220	Magnoliopsida	Plantae
152544009	3131614	https://www.gbif.org/species/3131614	Helichrysum italicum (Roth) G.Don	ACCEPTED	3131614	Helichrysum italicum (Roth) G.Don	SPECIES	220	Magnoliopsida	Plantae
152544011	6128436	https://www.gbif.org/species/6128436	Amphibalanus reticulatus (Utinomi, 1967)	ACCEPTED	6128436	Amphibalanus reticulatus (Utinomi, 1967)	SPECIES	203	Maxillopoda	Animalia
152544012	8298495	https://www.gbif.org/species/8298495	Galinsoga quadriradiata Ruiz & Pav.	ACCEPTED	8298495	Galinsoga quadriradiata Ruiz & Pav.	SPECIES	220	Magnoliopsida	Plantae
152544013	3132570	https://www.gbif.org/species/3132570	Galinsoga parviflora Cav.	ACCEPTED	3132570	Galinsoga parviflora Cav.	SPECIES	220	Magnoliopsida	Plantae
152544015	6467647	https://www.gbif.org/species/6467647	Amphibalanus improvisus (Darwin, 1854)	ACCEPTED	6467647	Amphibalanus improvisus (Darwin, 1854)	SPECIES	203	Maxillopoda	Animalia
152544016	3122190	https://www.gbif.org/species/3122190	Amberboa moschata (L.) DC.	ACCEPTED	3122190	Amberboa moschata (L.) DC.	SPECIES	220	Magnoliopsida	Plantae
152544017	4805564	https://www.gbif.org/species/4805564	Amphibalanus amphitrite (Darwin, 1854)	ACCEPTED	4805564	Amphibalanus amphitrite (Darwin, 1854)	SPECIES	203	Maxillopoda	Animalia
152544020	8042568	https://www.gbif.org/species/8042568	Artemisia abrotanum L.	ACCEPTED	8042568	Artemisia abrotanum L.	SPECIES	220	Magnoliopsida	Plantae
152544021	8195160	https://www.gbif.org/species/8195160	Artemisia pontica L.	ACCEPTED	8195160	Artemisia pontica L.	SPECIES	220	Magnoliopsida	Plantae
152544022	8373355	https://www.gbif.org/species/8373355	Artemisia annua L.	ACCEPTED	8373355	Artemisia annua L.	SPECIES	220	Magnoliopsida	Plantae
152544023	5166489	https://www.gbif.org/species/5166489	Megabalanus coccopoma (Darwin, 1854)	ACCEPTED	5166489	Megabalanus coccopoma (Darwin, 1854)	SPECIES	203	Maxillopoda	Animalia
152544026	3121668	https://www.gbif.org/species/3121668	Artemisia austriaca Jacq.	ACCEPTED	3121668	Artemisia austriaca Jacq.	SPECIES	220	Magnoliopsida	Plantae
152544027	3121581	https://www.gbif.org/species/3121581	Artemisia dracunculus L.	ACCEPTED	3121581	Artemisia dracunculus L.	SPECIES	220	Magnoliopsida	Plantae
152544030	3121562	https://www.gbif.org/species/3121562	Artemisia sieversiana Ehrh. ex Willd.	ACCEPTED	3121562	Artemisia sieversiana Ehrh. ex Willd.	SPECIES	220	Magnoliopsida	Plantae
152544031	3121258	https://www.gbif.org/species/3121258	Artemisia princeps Pamp.	ACCEPTED	3121258	Artemisia princeps Pamp.	SPECIES	220	Magnoliopsida	Plantae
152544033	3121226	https://www.gbif.org/species/3121226	Artemisia biennis Willd.	ACCEPTED	3121226	Artemisia biennis Willd.	SPECIES	220	Magnoliopsida	Plantae
152544034	3120950	https://www.gbif.org/species/3120950	Artemisia ludoviciana Nutt.	ACCEPTED	3120950	Artemisia ludoviciana Nutt.	SPECIES	220	Magnoliopsida	Plantae
152544035	2115769	https://www.gbif.org/species/2115769	Austrominius modestus (Darwin, 1854)	ACCEPTED	2115769	Austrominius modestus (Darwin, 1854)	SPECIES			Animalia
152544036	3120713	https://www.gbif.org/species/3120713	Artemisia scoparia Waldst. & Kit.	ACCEPTED	3120713	Artemisia scoparia Waldst. & Kit.	SPECIES	220	Magnoliopsida	Plantae
152544039	7222196	https://www.gbif.org/species/7222196	Achillea salicifolia subsp. salicifolia	ACCEPTED	7222196	Achillea salicifolia subsp. salicifolia	SUBSPECIES	220	Magnoliopsida	Plantae
152544041	3120391	https://www.gbif.org/species/3120391	Achillea ageratum L.	ACCEPTED	3120391	Achillea ageratum L.	SPECIES	220	Magnoliopsida	Plantae
152544042	3120284	https://www.gbif.org/species/3120284	Achillea filipendulina Lam.	ACCEPTED	3120284	Achillea filipendulina Lam.	SPECIES	220	Magnoliopsida	Plantae
152544045	3120066	https://www.gbif.org/species/3120066	Achillea setacea Waldst. & Kit.	ACCEPTED	3120066	Achillea setacea Waldst. & Kit.	SPECIES	220	Magnoliopsida	Plantae
152544046	3120024	https://www.gbif.org/species/3120024	Achillea nobilis L.	ACCEPTED	3120024	Achillea nobilis L.	SPECIES	220	Magnoliopsida	Plantae
152544052	3147146	https://www.gbif.org/species/3147146	Erigeron speciosus (Lindl.) DC.	ACCEPTED	3147146	Erigeron speciosus (Lindl.) DC.	SPECIES	220	Magnoliopsida	Plantae
152544053	3147018	https://www.gbif.org/species/3147018	Erigeron floribundus (Kunth) Sch.Bip.	ACCEPTED	3147018	Erigeron floribundus (Kunth) Sch.Bip.	SPECIES	220	Magnoliopsida	Plantae
152544054	3147168	https://www.gbif.org/species/3147168	Erigeron karvinskianus DC.	ACCEPTED	3147168	Erigeron karvinskianus DC.	SPECIES	220	Magnoliopsida	Plantae
152544056	3146717	https://www.gbif.org/species/3146717	Erigeron bonariensis L.	ACCEPTED	3146717	Erigeron bonariensis L.	SPECIES	220	Magnoliopsida	Plantae
152544057	3146791	https://www.gbif.org/species/3146791	Erigeron canadensis L.	ACCEPTED	3146791	Erigeron canadensis L.	SPECIES	220	Magnoliopsida	Plantae
152544058	3146683	https://www.gbif.org/species/3146683	Erigeron sumatrensis Retz.	ACCEPTED	3146683	Erigeron sumatrensis Retz.	SPECIES	220	Magnoliopsida	Plantae
152544060	3119285	https://www.gbif.org/species/3119285	Erigeron philadelphicus L.	ACCEPTED	3119285	Erigeron philadelphicus L.	SPECIES	220	Magnoliopsida	Plantae
152544062	3126046	https://www.gbif.org/species/3126046	Erigeron pampeanus Parodi	ACCEPTED	3126046	Erigeron pampeanus Parodi	SPECIES	220	Magnoliopsida	Plantae
152544065	3125944	https://www.gbif.org/species/3125944	Santolina rosmarinifolia L.	ACCEPTED	3125944	Santolina rosmarinifolia L.	SPECIES	220	Magnoliopsida	Plantae
152544067	3125933	https://www.gbif.org/species/3125933	Santolina chamaecyparissus L.	ACCEPTED	3125933	Santolina chamaecyparissus L.	SPECIES	220	Magnoliopsida	Plantae
152544069	3125901	https://www.gbif.org/species/3125901	Sigesbeckia orientalis L.	ACCEPTED	3125901	Sigesbeckia orientalis L.	SPECIES	220	Magnoliopsida	Plantae
152544070	2162464	https://www.gbif.org/species/2162464	Uroctea durandi (Latreille, 1809)	ACCEPTED	2162464	Uroctea durandi (Latreille, 1809)	SPECIES	367	Arachnida	Animalia
152544073	3125765	https://www.gbif.org/species/3125765	Stuartina muelleri Sond.	ACCEPTED	3125765	Stuartina muelleri Sond.	SPECIES	220	Magnoliopsida	Plantae
152544075	2162525	https://www.gbif.org/species/2162525	Oecobius amboseli Shear & Benoit, 1974	ACCEPTED	2162525	Oecobius amboseli Shear & Benoit, 1974	SPECIES	367	Arachnida	Animalia
152544076	2162537	https://www.gbif.org/species/2162537	Oecobius navus Blackwall, 1859	ACCEPTED	2162537	Oecobius navus Blackwall, 1859	SPECIES	367	Arachnida	Animalia
152544079	9321334	https://www.gbif.org/species/9321334	Pilosella prussica (Nägeli & Peter) Soják	ACCEPTED	9321334	Pilosella prussica (Nägeli & Peter) Soják	SPECIES	220	Magnoliopsida	Plantae
152544080	2161710	https://www.gbif.org/species/2161710	Heteropoda venatoria (Linnaeus, 1767)	ACCEPTED	2161710	Heteropoda venatoria (Linnaeus, 1767)	SPECIES	367	Arachnida	Animalia
152544082	8288930	https://www.gbif.org/species/8288930	Pilosella piloselloides (Vill.) Soják	ACCEPTED	8288930	Pilosella piloselloides (Vill.) Soják	SPECIES	220	Magnoliopsida	Plantae
152544083	2162049	https://www.gbif.org/species/2162049	Olios argelasius (Walckenaer, 1806)	ACCEPTED	2162049	Olios argelasius (Walckenaer, 1806)	SPECIES	367	Arachnida	Animalia
152544084	2161911	https://www.gbif.org/species/2161911	Nolavia Kammerer, 2006	ACCEPTED	2161911	Nolavia Kammerer, 2006	GENUS	367	Arachnida	Animalia
152544085	2161467	https://www.gbif.org/species/2161467	Cerbalus Simon, 1897	ACCEPTED	2161467	Cerbalus Simon, 1897	GENUS	367	Arachnida	Animalia
152544087	3123300	https://www.gbif.org/species/3123300	Pilosella fuscoatra (Nägeli & Peter) Soják	ACCEPTED	3123300	Pilosella fuscoatra (Nägeli & Peter) Soják	SPECIES	220	Magnoliopsida	Plantae
152544088	3123663	https://www.gbif.org/species/3123663	Pilosella caespitosa (Dumort.) P.D.Sell & C.West	ACCEPTED	3123663	Pilosella caespitosa (Dumort.) P.D.Sell & C.West	SPECIES	220	Magnoliopsida	Plantae
152544089	7652364	https://www.gbif.org/species/7652364	Nephila Leach, 1815	ACCEPTED	7652364	Nephila Leach, 1815	GENUS	367	Arachnida	Animalia
152544090	3122924	https://www.gbif.org/species/3122924	Pilosella aurantiaca (L.) F.W.Schultz & Sch.Bip.	ACCEPTED	3122924	Pilosella aurantiaca (L.) F.W.Schultz & Sch.Bip.	SPECIES	220	Magnoliopsida	Plantae
152544091	3123249	https://www.gbif.org/species/3123249	Pilosella stoloniflora (Waldst. & Kit.) F.W.Schultz & Sch.Bip.	ACCEPTED	3123249	Pilosella stoloniflora (Waldst. & Kit.) F.W.Schultz & Sch.Bip.	SPECIES	220	Magnoliopsida	Plantae
152544093	2158821	https://www.gbif.org/species/2158821	Neoscona nautica (L.Koch, 1875)	ACCEPTED	2158821	Neoscona nautica (L.Koch, 1875)	SPECIES	367	Arachnida	Animalia
152544096	3122323	https://www.gbif.org/species/3122323	Notobasis syriaca (L.) Cass.	ACCEPTED	3122323	Notobasis syriaca (L.) Cass.	SPECIES	220	Magnoliopsida	Plantae
152544098	2177741	https://www.gbif.org/species/2177741	Hasarius adansoni (Audouin, 1826)	ACCEPTED	2177741	Hasarius adansoni (Audouin, 1826)	SPECIES	367	Arachnida	Animalia
152544102	3089146	https://www.gbif.org/species/3089146	Xanthium orientale L.	ACCEPTED	3089146	Xanthium orientale L.	SPECIES	220	Magnoliopsida	Plantae
152544103	2176858	https://www.gbif.org/species/2176858	Philaeus chrysops (Poda, 1761)	ACCEPTED	2176858	Philaeus chrysops (Poda, 1761)	SPECIES	367	Arachnida	Animalia
152544104	3089150	https://www.gbif.org/species/3089150	Xanthium spinosum L.	ACCEPTED	3089150	Xanthium spinosum L.	SPECIES	220	Magnoliopsida	Plantae
152544105	2176168	https://www.gbif.org/species/2176168	Phidippus C.L.Koch, 1846	ACCEPTED	2176168	Phidippus C.L.Koch, 1846	GENUS	367	Arachnida	Animalia
152544106	3089154	https://www.gbif.org/species/3089154	Xanthium strumarium L.	ACCEPTED	3089154	Xanthium strumarium L.	SPECIES	220	Magnoliopsida	Plantae
152544108	2174528	https://www.gbif.org/species/2174528	Saitis barbipes (Simon, 1868)	ACCEPTED	2174528	Saitis barbipes (Simon, 1868)	SPECIES	367	Arachnida	Animalia
152544111	3086784	https://www.gbif.org/species/3086784	Parthenium hysterophorus L.	ACCEPTED	3086784	Parthenium hysterophorus L.	SPECIES	220	Magnoliopsida	Plantae
152544112	2172282	https://www.gbif.org/species/2172282	Pellenes geniculatus (Simon, 1868)	ACCEPTED	2172282	Pellenes geniculatus (Simon, 1868)	SPECIES	367	Arachnida	Animalia
152544115	2172885	https://www.gbif.org/species/2172885	Evarcha jucunda (Lucas, 1846)	ACCEPTED	2172885	Evarcha jucunda (Lucas, 1846)	SPECIES	367	Arachnida	Animalia
152544116	7749287	https://www.gbif.org/species/7749287	Petasites albus (L.) Gaertn.	ACCEPTED	7749287	Petasites albus (L.) Gaertn.	SPECIES	220	Magnoliopsida	Plantae
152544118	2171214	https://www.gbif.org/species/2171214	Plexippus paykulli (Audouin, 1826)	ACCEPTED	2171214	Plexippus paykulli (Audouin, 1826)	SPECIES	367	Arachnida	Animalia
152544120	3088310	https://www.gbif.org/species/3088310	Petasites japonicus (Siebold & Zucc.) Maxim.	ACCEPTED	3088310	Petasites japonicus (Siebold & Zucc.) Maxim.	SPECIES	220	Magnoliopsida	Plantae
152544121	3088282	https://www.gbif.org/species/3088282	Petasites pyrenaicus (L.) G.López	ACCEPTED	3088282	Petasites pyrenaicus (L.) G.López	SPECIES	220	Magnoliopsida	Plantae
152544122	2172103	https://www.gbif.org/species/2172103	Heliophanus kochii Simon, 1868	ACCEPTED	2172103	Heliophanus kochii Simon, 1868	SPECIES	367	Arachnida	Animalia
152544125	3114986	https://www.gbif.org/species/3114986	Arctotheca calendula (L.) Levyns	ACCEPTED	3114986	Arctotheca calendula (L.) Levyns	SPECIES	220	Magnoliopsida	Plantae
152544126	2169430	https://www.gbif.org/species/2169430	Macaroeris nidicolens (Walckenaer, 1802)	ACCEPTED	2169430	Macaroeris nidicolens (Walckenaer, 1802)	SPECIES	367	Arachnida	Animalia
152544130	3115131	https://www.gbif.org/species/3115131	Sinacalia tangutica (Maxim.) B.Nord.	ACCEPTED	3115131	Sinacalia tangutica (Maxim.) B.Nord.	SPECIES	220	Magnoliopsida	Plantae
152544131	2164194	https://www.gbif.org/species/2164194	Cheiracanthium furculatum Karsch, 1879	ACCEPTED	2164194	Cheiracanthium furculatum Karsch, 1879	SPECIES	367	Arachnida	Animalia
152544135	6718178	https://www.gbif.org/species/6718178	Cryptachaea blattea (Urquhart, 1886)	ACCEPTED	6718178	Cryptachaea blattea (Urquhart, 1886)	SPECIES	367	Arachnida	Animalia
152544136	4550810	https://www.gbif.org/species/4550810	Cryptachaea veruculata (Urquhart, 1886)	ACCEPTED	4550810	Cryptachaea veruculata (Urquhart, 1886)	SPECIES	367	Arachnida	Animalia
152544137	3118526	https://www.gbif.org/species/3118526	Tanacetum macrophyllum (Waldst. & Kit.) Sch.Bip.	ACCEPTED	3118526	Tanacetum macrophyllum (Waldst. & Kit.) Sch.Bip.	SPECIES	220	Magnoliopsida	Plantae
152544138	3118430	https://www.gbif.org/species/3118430	Tanacetum parthenium (L.) Sch.Bip.	ACCEPTED	3118430	Tanacetum parthenium (L.) Sch.Bip.	SPECIES	220	Magnoliopsida	Plantae
152544140	3118254	https://www.gbif.org/species/3118254	Tanacetum balsamita L.	ACCEPTED	3118254	Tanacetum balsamita L.	SPECIES	220	Magnoliopsida	Plantae
152544141	2157984	https://www.gbif.org/species/2157984	Nesticodes rufipes (Lucas, 1846)	ACCEPTED	2157984	Nesticodes rufipes (Lucas, 1846)	SPECIES	367	Arachnida	Animalia
152544142	3118216	https://www.gbif.org/species/3118216	Tanacetum corymbosum (L.) Sch.Bip.	ACCEPTED	3118216	Tanacetum corymbosum (L.) Sch.Bip.	SPECIES	220	Magnoliopsida	Plantae
152544145	2155807	https://www.gbif.org/species/2155807	Euryopis episinoides (Walckenaer, 1847)	ACCEPTED	2155807	Euryopis episinoides (Walckenaer, 1847)	SPECIES	367	Arachnida	Animalia
152544146	9206251	https://www.gbif.org/species/9206251	Helianthus annuus L.	ACCEPTED	9206251	Helianthus annuus L.	SPECIES	220	Magnoliopsida	Plantae
152544148	2155867	https://www.gbif.org/species/2155867	Coleosoma floridanum Banks, 1900	ACCEPTED	2155867	Coleosoma floridanum Banks, 1900	SPECIES	367	Arachnida	Animalia
152544150	3119225	https://www.gbif.org/species/3119225	Helianthus petiolaris Nutt.	ACCEPTED	3119225	Helianthus petiolaris Nutt.	SPECIES	220	Magnoliopsida	Plantae
152544151	2157203	https://www.gbif.org/species/2157203	Steatoda nobilis (Thorell, 1875)	ACCEPTED	2157203	Steatoda nobilis (Thorell, 1875)	SPECIES	367	Arachnida	Animalia
152544152	2157278	https://www.gbif.org/species/2157278	Steatoda paykulliana (Walckenaer, 1806)	ACCEPTED	2157278	Steatoda paykulliana (Walckenaer, 1806)	SPECIES	367	Arachnida	Animalia
152544153	3119219	https://www.gbif.org/species/3119219	Helianthus salicifolius A.Dietr.	ACCEPTED	3119219	Helianthus salicifolius A.Dietr.	SPECIES	220	Magnoliopsida	Plantae
152544154	3119191	https://www.gbif.org/species/3119191	Helianthus debilis Nutt.	ACCEPTED	3119191	Helianthus debilis Nutt.	SPECIES	220	Magnoliopsida	Plantae
152544155	2157245	https://www.gbif.org/species/2157245	Steatoda grossa (C.L.Koch, 1838)	ACCEPTED	2157245	Steatoda grossa (C.L.Koch, 1838)	SPECIES	367	Arachnida	Animalia
152544156	3119185	https://www.gbif.org/species/3119185	Helianthus decapetalus L.	ACCEPTED	3119185	Helianthus decapetalus L.	SPECIES	220	Magnoliopsida	Plantae
152544157	3119181	https://www.gbif.org/species/3119181	Helianthus ×laetiflorus Pers.	ACCEPTED	3119181	Helianthus ×laetiflorus Pers.	SPECIES	220	Magnoliopsida	Plantae
152544158	3119175	https://www.gbif.org/species/3119175	Helianthus tuberosus L.	ACCEPTED	3119175	Helianthus tuberosus L.	SPECIES	220	Magnoliopsida	Plantae
152544161	2157335	https://www.gbif.org/species/2157335	Hadrotarsus ornatus Hickman, 1943	ACCEPTED	2157335	Hadrotarsus ornatus Hickman, 1943	SPECIES	367	Arachnida	Animalia
152544162	3113637	https://www.gbif.org/species/3113637	Cirsium rivulare (Jacq.) All.	ACCEPTED	3113637	Cirsium rivulare (Jacq.) All.	SPECIES	220	Magnoliopsida	Plantae
152544164	3113745	https://www.gbif.org/species/3113745	Cirsium heterophyllum (L.) Hill	ACCEPTED	3113745	Cirsium heterophyllum (L.) Hill	SPECIES	220	Magnoliopsida	Plantae
152544165	2157949	https://www.gbif.org/species/2157949	Latrodectus mactans (Fabricius, 1775)	ACCEPTED	2157949	Latrodectus mactans (Fabricius, 1775)	SPECIES	367	Arachnida	Animalia
152544166	3112994	https://www.gbif.org/species/3112994	Cirsium ×subalpinum Gaudin	ACCEPTED	3112994	Cirsium ×subalpinum Gaudin	SPECIES	220	Magnoliopsida	Plantae
152544167	2157928	https://www.gbif.org/species/2157928	Latrodectus hasselti Thorell, 1870	ACCEPTED	2157928	Latrodectus hasselti Thorell, 1870	SPECIES	367	Arachnida	Animalia
152544168	2157944	https://www.gbif.org/species/2157944	Latrodectus geometricus C.L.Koch, 1841	ACCEPTED	2157944	Latrodectus geometricus C.L.Koch, 1841	SPECIES	367	Arachnida	Animalia
152544170	2157942	https://www.gbif.org/species/2157942	Latrodectus hesperus Chamberlin & Ivie, 1935	ACCEPTED	2157942	Latrodectus hesperus Chamberlin & Ivie, 1935	SPECIES	367	Arachnida	Animalia
152544172	3113852	https://www.gbif.org/species/3113852	Gutenbergia rueppellii Sch.Bip.	ACCEPTED	3113852	Gutenbergia rueppellii Sch.Bip.	SPECIES	220	Magnoliopsida	Plantae
152544174	2153287	https://www.gbif.org/species/2153287	Zoropsis spinimana (Dufour, 1820)	ACCEPTED	2153287	Zoropsis spinimana (Dufour, 1820)	SPECIES	367	Arachnida	Animalia
152544178	4255472	https://www.gbif.org/species/4255472	Rudbeckia amplexicaulis Vahl	ACCEPTED	4255472	Rudbeckia amplexicaulis Vahl	SPECIES	220	Magnoliopsida	Plantae
152544181	3114229	https://www.gbif.org/species/3114229	Rudbeckia laciniata L.	ACCEPTED	3114229	Rudbeckia laciniata L.	SPECIES	220	Magnoliopsida	Plantae
152544182	2153712	https://www.gbif.org/species/2153712	Grammostola rosea (Walckenaer, 1837)	ACCEPTED	2153712	Grammostola rosea (Walckenaer, 1837)	SPECIES	367	Arachnida	Animalia
152544185	3114225	https://www.gbif.org/species/3114225	Rudbeckia hirta L.	ACCEPTED	3114225	Rudbeckia hirta L.	SPECIES	220	Magnoliopsida	Plantae
152544186	2153759	https://www.gbif.org/species/2153759	Phormictopus cancerides (Latreille, 1806)	ACCEPTED	2153759	Phormictopus cancerides (Latreille, 1806)	SPECIES	367	Arachnida	Animalia
152544188	2153791	https://www.gbif.org/species/2153791	Chaetopelma olivaceum (C.L.Koch, 1841)	ACCEPTED	2153791	Chaetopelma olivaceum (C.L.Koch, 1841)	SPECIES	367	Arachnida	Animalia
152544191	3114343	https://www.gbif.org/species/3114343	Athanasia trifurcata (L.) L.	ACCEPTED	3114343	Athanasia trifurcata (L.) L.	SPECIES	220	Magnoliopsida	Plantae
152544194	2155557	https://www.gbif.org/species/2155557	Selenops radiatus Latreille, 1819	ACCEPTED	2155557	Selenops radiatus Latreille, 1819	SPECIES	367	Arachnida	Animalia
152544195	9448191	https://www.gbif.org/species/9448191	Carduus nutans subsp. leiophyllus (Petrovic) Arènes	ACCEPTED	9448191	Carduus nutans subsp. leiophyllus (Petrovic) Arènes	SUBSPECIES	220	Magnoliopsida	Plantae
152544198	4210773	https://www.gbif.org/species/4210773	Carduus vivariensis Jord.	ACCEPTED	4210773	Carduus vivariensis Jord.	SPECIES	220	Magnoliopsida	Plantae
152544199	2149679	https://www.gbif.org/species/2149679	Holocnemus pluchei (Scopoli, 1763)	ACCEPTED	2149679	Holocnemus pluchei (Scopoli, 1763)	SPECIES	367	Arachnida	Animalia
152544200	3114667	https://www.gbif.org/species/3114667	Carduus pycnocephalus L.	ACCEPTED	3114667	Carduus pycnocephalus L.	SPECIES	220	Magnoliopsida	Plantae
152544202	2149847	https://www.gbif.org/species/2149847	Spermophora senoculata (Dugès, 1836)	ACCEPTED	2149847	Spermophora senoculata (Dugès, 1836)	SPECIES	367	Arachnida	Animalia
152544203	3114679	https://www.gbif.org/species/3114679	Carduus hamulosus Ehrh.	ACCEPTED	3114679	Carduus hamulosus Ehrh.	SPECIES	220	Magnoliopsida	Plantae
152544205	2149761	https://www.gbif.org/species/2149761	Micropholcus fauroti (Simon, 1887)	ACCEPTED	2149761	Micropholcus fauroti (Simon, 1887)	SPECIES	367	Arachnida	Animalia
152544206	3114643	https://www.gbif.org/species/3114643	Carduus acanthoides L.	ACCEPTED	3114643	Carduus acanthoides L.	SPECIES	220	Magnoliopsida	Plantae
152544209	2150043	https://www.gbif.org/species/2150043	Crossopriza lyoni (Blackwall, 1867)	ACCEPTED	2150043	Crossopriza lyoni (Blackwall, 1867)	SPECIES	367	Arachnida	Animalia
152544211	8002952	https://www.gbif.org/species/8002952	Ambrosia artemisiifolia L.	ACCEPTED	8002952	Ambrosia artemisiifolia L.	SPECIES	220	Magnoliopsida	Plantae
152544212	2149992	https://www.gbif.org/species/2149992	Pholcus opilionoides (Schrank, 1781)	ACCEPTED	2149992	Pholcus opilionoides (Schrank, 1781)	SPECIES	367	Arachnida	Animalia
152544214	2150089	https://www.gbif.org/species/2150089	Artema atlanta Walckenaer, 1837	ACCEPTED	2150089	Artema atlanta Walckenaer, 1837	SPECIES	367	Arachnida	Animalia
152544215	3110686	https://www.gbif.org/species/3110686	Ambrosia psilostachya DC.	ACCEPTED	3110686	Ambrosia psilostachya DC.	SPECIES	220	Magnoliopsida	Plantae
152544217	3110588	https://www.gbif.org/species/3110588	Ambrosia trifida L.	ACCEPTED	3110588	Ambrosia trifida L.	SPECIES	220	Magnoliopsida	Plantae
152544220	5170395	https://www.gbif.org/species/5170395	Phoneutria boliviensis (F.O.Pickard-Cambridge, 1897)	ACCEPTED	5170395	Phoneutria boliviensis (F.O.Pickard-Cambridge, 1897)	SPECIES	367	Arachnida	Animalia
152544221	2152822	https://www.gbif.org/species/2152822	Phoneutria nigriventer (Keyserling, 1891)	ACCEPTED	2152822	Phoneutria nigriventer (Keyserling, 1891)	SPECIES	367	Arachnida	Animalia
152544222	3110293	https://www.gbif.org/species/3110293	Facelis retusa (Lam.) Sch.Bip.	ACCEPTED	3110293	Facelis retusa (Lam.) Sch.Bip.	SPECIES	220	Magnoliopsida	Plantae
152544228	3110767	https://www.gbif.org/species/3110767	Cladanthus mixtus (L.) Chevall.	ACCEPTED	3110767	Cladanthus mixtus (L.) Chevall.	SPECIES	220	Magnoliopsida	Plantae
152544229	2140406	https://www.gbif.org/species/2140406	Triaeris stenaspis Simon, 1892	ACCEPTED	2140406	Triaeris stenaspis Simon, 1892	SPECIES	367	Arachnida	Animalia
152544233	8542672	https://www.gbif.org/species/8542672	Cotula australis (Sieber ex Spreng.) Hook.fil.	ACCEPTED	8542672	Cotula australis (Sieber ex Spreng.) Hook.fil.	SPECIES	220	Magnoliopsida	Plantae
152544234	5168461	https://www.gbif.org/species/5168461	Erigone dentosa O.Pickard-Cambridge, 1894	ACCEPTED	5168461	Erigone dentosa O.Pickard-Cambridge, 1894	SPECIES	367	Arachnida	Animalia
152544235	3112123	https://www.gbif.org/species/3112123	Cotula anthemoides L.	ACCEPTED	3112123	Cotula anthemoides L.	SPECIES	220	Magnoliopsida	Plantae
152544237	3112110	https://www.gbif.org/species/3112110	Cotula coronopifolia L.	ACCEPTED	3112110	Cotula coronopifolia L.	SPECIES	220	Magnoliopsida	Plantae
152544238	2138649	https://www.gbif.org/species/2138649	Mermessus denticulatus (Banks, 1898)	ACCEPTED	2138649	Mermessus denticulatus (Banks, 1898)	SPECIES	367	Arachnida	Animalia
152544239	3112098	https://www.gbif.org/species/3112098	Cotula turbinata L.	ACCEPTED	3112098	Cotula turbinata L.	SPECIES	220	Magnoliopsida	Plantae
152544242	3112364	https://www.gbif.org/species/3112364	Cynara cardunculus L.	ACCEPTED	3112364	Cynara cardunculus L.	SPECIES	220	Magnoliopsida	Plantae
152544244	3112361	https://www.gbif.org/species/3112361	Cynara scolymus L.	ACCEPTED	3112361	Cynara scolymus L.	SPECIES	220	Magnoliopsida	Plantae
152544246	2141241	https://www.gbif.org/species/2141241	Callobius nomeus (Chamberlin, 1919)	ACCEPTED	2141241	Callobius nomeus (Chamberlin, 1919)	SPECIES	367	Arachnida	Animalia
152544249	3104491	https://www.gbif.org/species/3104491	Argyranthemum frutescens (L.) Sch.Bip.	ACCEPTED	3104491	Argyranthemum frutescens (L.) Sch.Bip.	SPECIES	220	Magnoliopsida	Plantae
152544250	2142456	https://www.gbif.org/species/2142456	Uloborus plumipes Lucas, 1846	ACCEPTED	2142456	Uloborus plumipes Lucas, 1846	SPECIES	367	Arachnida	Animalia
152544253	2148040	https://www.gbif.org/species/2148040	Thanatus vulgaris Simon, 1870	ACCEPTED	2148040	Thanatus vulgaris Simon, 1870	SPECIES	367	Arachnida	Animalia
152544257	2145078	https://www.gbif.org/species/2145078	Macrothele calpeiana (Walckenaer, 1805)	ACCEPTED	2145078	Macrothele calpeiana (Walckenaer, 1805)	SPECIES	367	Arachnida	Animalia
152544258	3104314	https://www.gbif.org/species/3104314	Liatris spicata (L.) Willd.	ACCEPTED	3104314	Liatris spicata (L.) Willd.	SPECIES	220	Magnoliopsida	Plantae
152544262	7903764	https://www.gbif.org/species/7903764	Senecio sarracenicus L.	ACCEPTED	7903764	Senecio sarracenicus L.	SPECIES	220	Magnoliopsida	Plantae
152544267	6063730	https://www.gbif.org/species/6063730	Senecio vernalis Waldst. & Kit.	ACCEPTED	6063730	Senecio vernalis Waldst. & Kit.	SPECIES	220	Magnoliopsida	Plantae
152544269	3109086	https://www.gbif.org/species/3109086	Senecio inaequidens DC.	ACCEPTED	3109086	Senecio inaequidens DC.	SPECIES	220	Magnoliopsida	Plantae
152544270	7481364	https://www.gbif.org/species/7481364	Fulvius subnitens Poppius, 1909	ACCEPTED	7481364	Fulvius subnitens Poppius, 1909	SPECIES	216	Insecta	Animalia
152544271	3109117	https://www.gbif.org/species/3109117	Senecio squalidus L.	ACCEPTED	3109117	Senecio squalidus L.	SPECIES	220	Magnoliopsida	Plantae
152544272	4487282	https://www.gbif.org/species/4487282	Fulvius anthocoroides (Reuter, 1875)	ACCEPTED	4487282	Fulvius anthocoroides (Reuter, 1875)	SPECIES	216	Insecta	Animalia
152544273	3107896	https://www.gbif.org/species/3107896	Senecio gallicus Chaix	ACCEPTED	3107896	Senecio gallicus Chaix	SPECIES	220	Magnoliopsida	Plantae
152544274	3107177	https://www.gbif.org/species/3107177	Senecio pterophorus DC.	ACCEPTED	3107177	Senecio pterophorus DC.	SPECIES	220	Magnoliopsida	Plantae
152544277	4487370	https://www.gbif.org/species/4487370	Tropidosteptes pacificus (Van Duzee, 1921)	ACCEPTED	4487370	Tropidosteptes pacificus (Van Duzee, 1921)	SPECIES	216	Insecta	Animalia
152544278	3105768	https://www.gbif.org/species/3105768	Sonchus tenerrimus L.	ACCEPTED	3105768	Sonchus tenerrimus L.	SPECIES	220	Magnoliopsida	Plantae
152544283	4486365	https://www.gbif.org/species/4486365	Nysius huttoni White, 1878	ACCEPTED	4486365	Nysius huttoni White, 1878	SPECIES	216	Insecta	Animalia
152544288	5879783	https://www.gbif.org/species/5879783	Thaumatotibia leucotreta (Meyrick, 1913)	ACCEPTED	5879783	Thaumatotibia leucotreta (Meyrick, 1913)	SPECIES	216	Insecta	Animalia
152544292	3110041	https://www.gbif.org/species/3110041	Amphiachyris dracunculoides (DC.) Nutt.	ACCEPTED	3110041	Amphiachyris dracunculoides (DC.) Nutt.	SPECIES	220	Magnoliopsida	Plantae
152544293	4532122	https://www.gbif.org/species/4532122	Cydalima perspectalis (Walker, 1859)	ACCEPTED	4532122	Cydalima perspectalis (Walker, 1859)	SPECIES	216	Insecta	Animalia
152544296	3102871	https://www.gbif.org/species/3102871	Xerochrysum bracteatum (Vent.) Tzvelev	ACCEPTED	3102871	Xerochrysum bracteatum (Vent.) Tzvelev	SPECIES	220	Magnoliopsida	Plantae
152544299	5108665	https://www.gbif.org/species/5108665	Callopistria floridensis Guenée, 1852	ACCEPTED	5108665	Callopistria floridensis Guenée, 1852	SPECIES	216	Insecta	Animalia
152544300	3103180	https://www.gbif.org/species/3103180	Gamochaeta antillana (Urb.) Anderb.	ACCEPTED	3103180	Gamochaeta antillana (Urb.) Anderb.	SPECIES	220	Magnoliopsida	Plantae
152544302	3103082	https://www.gbif.org/species/3103082	Gamochaeta pensylvanica (Willd.) Cabrera	ACCEPTED	3103082	Gamochaeta pensylvanica (Willd.) Cabrera	SPECIES	220	Magnoliopsida	Plantae
152544304	1932752	https://www.gbif.org/species/1932752	Cacyreus marshalli Butler, 1897	ACCEPTED	1932752	Cacyreus marshalli Butler, 1897	SPECIES	216	Insecta	Animalia
152544308	3102823	https://www.gbif.org/species/3102823	Anthemis ruthenica M.Bieb.	ACCEPTED	3102823	Anthemis ruthenica M.Bieb.	SPECIES	220	Magnoliopsida	Plantae
152544309	1941864	https://www.gbif.org/species/1941864	Paysandisia archon (Burmeister, 1880)	ACCEPTED	1941864	Paysandisia archon (Burmeister, 1880)	SPECIES	216	Insecta	Animalia
152544312	3104078	https://www.gbif.org/species/3104078	Heteranthemis viscidehirta Schott	ACCEPTED	3104078	Heteranthemis viscidehirta Schott	SPECIES	220	Magnoliopsida	Plantae
152544314	5104748	https://www.gbif.org/species/5104748	Cameraria gaultheriella (Walsingham, 1889)	ACCEPTED	5104748	Cameraria gaultheriella (Walsingham, 1889)	SPECIES	216	Insecta	Animalia
152544315	1749449	https://www.gbif.org/species/1749449	Cameraria ohridella Deschka & Dimić, 1986	ACCEPTED	1749449	Cameraria ohridella Deschka & Dimić, 1986	SPECIES	216	Insecta	Animalia
152544320	3104150	https://www.gbif.org/species/3104150	Tripleurospermum decipiens (Fisch. & C.A.Mey.) Bornm.	ACCEPTED	3104150	Tripleurospermum decipiens (Fisch. & C.A.Mey.) Bornm.	SPECIES	220	Magnoliopsida	Plantae
152544321	1651430	https://www.gbif.org/species/1651430	Aedes albopictus (Skuse, 1894)	ACCEPTED	1651430	Aedes albopictus (Skuse, 1894)	SPECIES	216	Insecta	Animalia
152544324	1652212	https://www.gbif.org/species/1652212	Aedes japonicus (Theobald, 1901)	ACCEPTED	1652212	Aedes japonicus (Theobald, 1901)	SPECIES	216	Insecta	Animalia
152544325	3103791	https://www.gbif.org/species/3103791	Matricaria discoidea DC.	ACCEPTED	3103791	Matricaria discoidea DC.	SPECIES	220	Magnoliopsida	Plantae
152544327	1652150	https://www.gbif.org/species/1652150	Aedes koreicus (Edwards, 1917)	ACCEPTED	1652150	Aedes koreicus (Edwards, 1917)	SPECIES	216	Insecta	Animalia
152544328	3098951	https://www.gbif.org/species/3098951	Cosmos sulphureus Cav.	ACCEPTED	3098951	Cosmos sulphureus Cav.	SPECIES	220	Magnoliopsida	Plantae
152544329	3098912	https://www.gbif.org/species/3098912	Cosmos bipinnatus Cav.	ACCEPTED	3098912	Cosmos bipinnatus Cav.	SPECIES	220	Magnoliopsida	Plantae
152544332	1650106	https://www.gbif.org/species/1650106	Anopheles pharoensis Theobald, 1901	ACCEPTED	1650106	Anopheles pharoensis Theobald, 1901	SPECIES	216	Insecta	Animalia
152544333	3096529	https://www.gbif.org/species/3096529	Mauranthemum paludosum (Poir.) Vogt & Oberpr.	ACCEPTED	3096529	Mauranthemum paludosum (Poir.) Vogt & Oberpr.	SPECIES	220	Magnoliopsida	Plantae
152544336	3098176	https://www.gbif.org/species/3098176	Calotis hispidula (F.Muell.) F.Muell.	ACCEPTED	3098176	Calotis hispidula (F.Muell.) F.Muell.	SPECIES	220	Magnoliopsida	Plantae
152544338	3098183	https://www.gbif.org/species/3098183	Calotis lappulacea Benth.	ACCEPTED	3098183	Calotis lappulacea Benth.	SPECIES	220	Magnoliopsida	Plantae
152544339	3098186	https://www.gbif.org/species/3098186	Calotis cuneifolia R.Br.	ACCEPTED	3098186	Calotis cuneifolia R.Br.	SPECIES	220	Magnoliopsida	Plantae
152544342	1718308	https://www.gbif.org/species/1718308	Acheta domesticus (Linnaeus, 1758)	ACCEPTED	1718308	Acheta domesticus (Linnaeus, 1758)	SPECIES	216	Insecta	Animalia
152544343	3100968	https://www.gbif.org/species/3100968	Pseudognaphalium undulatum (L.) Hilliard & B.L.Burtt	ACCEPTED	3100968	Pseudognaphalium undulatum (L.) Hilliard & B.L.Burtt	SPECIES	220	Magnoliopsida	Plantae
152544345	3101193	https://www.gbif.org/species/3101193	Dittrichia graveolens (L.) Greuter	ACCEPTED	3101193	Dittrichia graveolens (L.) Greuter	SPECIES	220	Magnoliopsida	Plantae
152544346	3101184	https://www.gbif.org/species/3101184	Dittrichia viscosa (L.) Greuter	ACCEPTED	3101184	Dittrichia viscosa (L.) Greuter	SPECIES	220	Magnoliopsida	Plantae
152544350	1719204	https://www.gbif.org/species/1719204	Gryllomorpha dalmatina (Ocskay, 1832)	ACCEPTED	1719204	Gryllomorpha dalmatina (Ocskay, 1832)	SPECIES	216	Insecta	Animalia
152544353	3100375	https://www.gbif.org/species/3100375	Acanthospermum hispidum DC.	ACCEPTED	3100375	Acanthospermum hispidum DC.	SPECIES	220	Magnoliopsida	Plantae
152544355	3093891	https://www.gbif.org/species/3093891	Hypochaeris microcephala (Sch.Bip.) Cabrera	ACCEPTED	3093891	Hypochaeris microcephala (Sch.Bip.) Cabrera	SPECIES	220	Magnoliopsida	Plantae
152544356	1713034	https://www.gbif.org/species/1713034	Gryllus bimaculatus De Geer, 1773	ACCEPTED	1713034	Gryllus bimaculatus De Geer, 1773	SPECIES	216	Insecta	Animalia
152544359	1722140	https://www.gbif.org/species/1722140	Eumodicogryllus bordigalensis (Latreille, 1804)	ACCEPTED	1722140	Eumodicogryllus bordigalensis (Latreille, 1804)	SPECIES	216	Insecta	Animalia
152544360	3092946	https://www.gbif.org/species/3092946	Callistephus chinensis (L.) Nees	ACCEPTED	3092946	Callistephus chinensis (L.) Nees	SPECIES	220	Magnoliopsida	Plantae
152544363	3092782	https://www.gbif.org/species/3092782	Euthamia graminifolia (L.) Nutt.	ACCEPTED	3092782	Euthamia graminifolia (L.) Nutt.	SPECIES	220	Magnoliopsida	Plantae
152544364	1722299	https://www.gbif.org/species/1722299	Gryllodes sigillatus (Walker, 1869)	ACCEPTED	1722299	Gryllodes sigillatus (Walker, 1869)	SPECIES	216	Insecta	Animalia
152544368	3092604	https://www.gbif.org/species/3092604	Leysera tenella DC.	ACCEPTED	3092604	Leysera tenella DC.	SPECIES	220	Magnoliopsida	Plantae
152544369	1702101	https://www.gbif.org/species/1702101	Anacridium aegyptium (Linnaeus, 1764)	ACCEPTED	1702101	Anacridium aegyptium (Linnaeus, 1764)	SPECIES	216	Insecta	Animalia
152544374	4423428	https://www.gbif.org/species/4423428	Yersinella raymondii (Yersin, 1860)	ACCEPTED	4423428	Yersinella raymondii (Yersin, 1860)	SPECIES	216	Insecta	Animalia
152544377	1690429	https://www.gbif.org/species/1690429	Meconema meridionale Costa, 1860	ACCEPTED	1690429	Meconema meridionale Costa, 1860	SPECIES	216	Insecta	Animalia
152544378	4206362	https://www.gbif.org/species/4206362	Onopordum beckianum A.John	DOUBTFUL	4206362	Onopordum beckianum A.John	SPECIES	220	Magnoliopsida	Plantae
152544379	3094939	https://www.gbif.org/species/3094939	Onopordum tauricum Willd.	ACCEPTED	3094939	Onopordum tauricum Willd.	SPECIES	220	Magnoliopsida	Plantae
152544381	3094899	https://www.gbif.org/species/3094899	Onopordum macracanthum Schousb.	ACCEPTED	3094899	Onopordum macracanthum Schousb.	SPECIES	220	Magnoliopsida	Plantae
152544385	9202318	https://www.gbif.org/species/9202318	Symphyotrichum lanceolatum (Willd.) G.L.Nesom	ACCEPTED	9202318	Symphyotrichum lanceolatum (Willd.) G.L.Nesom	SPECIES	220	Magnoliopsida	Plantae
152544386	6931186	https://www.gbif.org/species/6931186	Nicoletia phytophila Gervais, 1844	ACCEPTED	6931186	Nicoletia phytophila Gervais, 1844	SPECIES	216	Insecta	Animalia
152544387	7832723	https://www.gbif.org/species/7832723	Symphyotrichum lateriflorum (L.) Á.Löve & D.Löve	ACCEPTED	7832723	Symphyotrichum lateriflorum (L.) Á.Löve & D.Löve	SPECIES	220	Magnoliopsida	Plantae
152544388	3151618	https://www.gbif.org/species/3151618	Symphyotrichum novae-angliae (L.) G.L.Nesom	ACCEPTED	3151618	Symphyotrichum novae-angliae (L.) G.L.Nesom	SPECIES	220	Magnoliopsida	Plantae
152544390	3151558	https://www.gbif.org/species/3151558	Symphyotrichum novi-belgii (L.) G.L.Nesom	ACCEPTED	3151558	Symphyotrichum novi-belgii (L.) G.L.Nesom	SPECIES	220	Magnoliopsida	Plantae
152544392	3151692	https://www.gbif.org/species/3151692	Symphyotrichum ciliatum (Ledeb.) G.L.Nesom	ACCEPTED	3151692	Symphyotrichum ciliatum (Ledeb.) G.L.Nesom	SPECIES	220	Magnoliopsida	Plantae
152544393	1421105	https://www.gbif.org/species/1421105	Thermobia domestica (Packard, 1837)	ACCEPTED	1421105	Thermobia domestica (Packard, 1837)	SPECIES	216	Insecta	Animalia
152544394	3151666	https://www.gbif.org/species/3151666	Symphyotrichum racemosum (Elliott) G.L.Nesom	ACCEPTED	3151666	Symphyotrichum racemosum (Elliott) G.L.Nesom	SPECIES	220	Magnoliopsida	Plantae
152544396	3151755	https://www.gbif.org/species/3151755	Symphyotrichum pilosum (Willd.) G.L.Nesom	ACCEPTED	3151755	Symphyotrichum pilosum (Willd.) G.L.Nesom	SPECIES	220	Magnoliopsida	Plantae
152544397	1421095	https://www.gbif.org/species/1421095	Ctenolepisma lineata (Fabricius, 1775)	ACCEPTED	1421095	Ctenolepisma lineata (Fabricius, 1775)	SPECIES	216	Insecta	Animalia
152544398	3151811	https://www.gbif.org/species/3151811	Symphyotrichum ×salignum (Willd.) G.L.Nesom	ACCEPTED	3151811	Symphyotrichum ×salignum (Willd.) G.L.Nesom	SPECIES	220	Magnoliopsida	Plantae
152544399	3094253	https://www.gbif.org/species/3094253	Symphyotrichum subulatum (Michx.) G.L.Nesom	ACCEPTED	3094253	Symphyotrichum subulatum (Michx.) G.L.Nesom	SPECIES	220	Magnoliopsida	Plantae
152544402	8584304	https://www.gbif.org/species/8584304	Guizotia abyssinica (L.fil.) Cass.	ACCEPTED	8584304	Guizotia abyssinica (L.fil.) Cass.	SPECIES	220	Magnoliopsida	Plantae
152544404	3088652	https://www.gbif.org/species/3088652	Guizotia schimperi Sch.Bip.	ACCEPTED	3088652	Guizotia schimperi Sch.Bip.	SPECIES	220	Magnoliopsida	Plantae
152544407	1423286	https://www.gbif.org/species/1423286	Ischnura senegalensis (Rambur, 1842)	ACCEPTED	1423286	Ischnura senegalensis (Rambur, 1842)	SPECIES	216	Insecta	Animalia
152544408	7497356	https://www.gbif.org/species/7497356	Tagetes tenuifolia Cav.	ACCEPTED	7497356	Tagetes tenuifolia Cav.	SPECIES	220	Magnoliopsida	Plantae
152544410	3088481	https://www.gbif.org/species/3088481	Tagetes minuta L.	ACCEPTED	3088481	Tagetes minuta L.	SPECIES	220	Magnoliopsida	Plantae
152544411	3088488	https://www.gbif.org/species/3088488	Tagetes erecta L.	ACCEPTED	3088488	Tagetes erecta L.	SPECIES	220	Magnoliopsida	Plantae
152544412	1422818	https://www.gbif.org/species/1422818	Pseudagrion microcephalum (Rambur, 1842)	ACCEPTED	1422818	Pseudagrion microcephalum (Rambur, 1842)	SPECIES	216	Insecta	Animalia
152544415	3088405	https://www.gbif.org/species/3088405	Leucanthemella serotina (L.) Tzvelev	ACCEPTED	3088405	Leucanthemella serotina (L.) Tzvelev	SPECIES	220	Magnoliopsida	Plantae
152544418	3092576	https://www.gbif.org/species/3092576	Silphium perfoliatum L.	ACCEPTED	3092576	Silphium perfoliatum L.	SPECIES	220	Magnoliopsida	Plantae
152544419	3092125	https://www.gbif.org/species/3092125	Acmella Rich., 1807	DOUBTFUL	3092125	Acmella Rich., 1807	GENUS	220	Magnoliopsida	Plantae
152544421	5386764	https://www.gbif.org/species/5386764	Acmella oleracea (L.) R.K.Jansen	ACCEPTED	5386764	Acmella oleracea (L.) R.K.Jansen	SPECIES	220	Magnoliopsida	Plantae
152544422	1420197	https://www.gbif.org/species/1420197	Aleurodothrips fasciapennis (Franklin, 1908)	ACCEPTED	1420197	Aleurodothrips fasciapennis (Franklin, 1908)	SPECIES	216	Insecta	Animalia
152544425	8351995	https://www.gbif.org/species/8351995	Frankliniella occidentalis (Pergande, 1895)	ACCEPTED	8351995	Frankliniella occidentalis (Pergande, 1895)	SPECIES	216	Insecta	Animalia
152544428	1420857	https://www.gbif.org/species/1420857	Parthenothrips dracaenae (Heeger, 1854)	ACCEPTED	1420857	Parthenothrips dracaenae (Heeger, 1854)	SPECIES	216	Insecta	Animalia
152544430	3090783	https://www.gbif.org/species/3090783	Prenanthes purpurea L.	ACCEPTED	3090783	Prenanthes purpurea L.	SPECIES	220	Magnoliopsida	Plantae
152544431	1420846	https://www.gbif.org/species/1420846	Echinothrips americanus Morgan, 1913	ACCEPTED	1420846	Echinothrips americanus Morgan, 1913	SPECIES	216	Insecta	Animalia
152544436	1420769	https://www.gbif.org/species/1420769	Aurantothrips orchidaceus (Bagnall, 1909)	ACCEPTED	1420769	Aurantothrips orchidaceus (Bagnall, 1909)	SPECIES	216	Insecta	Animalia
152544438	1420791	https://www.gbif.org/species/1420791	Leucothrips nigripennis Reuter, 1904	ACCEPTED	1420791	Leucothrips nigripennis Reuter, 1904	SPECIES	216	Insecta	Animalia
152544439	5372392	https://www.gbif.org/species/5372392	Vitis vinifera L.	ACCEPTED	5372392	Vitis vinifera L.	SPECIES	220	Magnoliopsida	Plantae
152544441	1420795	https://www.gbif.org/species/1420795	Heliothrips haemorrhoidalis (Bouché, 1833)	ACCEPTED	1420795	Heliothrips haemorrhoidalis (Bouché, 1833)	SPECIES	216	Insecta	Animalia
152544443	1420828	https://www.gbif.org/species/1420828	Hercinothrips bicinctus (Bagnall, 1919)	ACCEPTED	1420828	Hercinothrips bicinctus (Bagnall, 1919)	SPECIES	216	Insecta	Animalia
152544445	1420829	https://www.gbif.org/species/1420829	Hercinothrips femoralis (Reuter, 1891)	ACCEPTED	1420829	Hercinothrips femoralis (Reuter, 1891)	SPECIES	216	Insecta	Animalia
152544447	3039209	https://www.gbif.org/species/3039209	Parthenocissus tricuspidata (Siebold & Zucc.) Planch.	ACCEPTED	3039209	Parthenocissus tricuspidata (Siebold & Zucc.) Planch.	SPECIES	220	Magnoliopsida	Plantae
152544448	1420612	https://www.gbif.org/species/1420612	Scirtothrips longipennis (Bagnall, 1909)	ACCEPTED	1420612	Scirtothrips longipennis (Bagnall, 1909)	SPECIES	216	Insecta	Animalia
152544449	3039194	https://www.gbif.org/species/3039194	Parthenocissus quinquefolia (L.) Planch.	ACCEPTED	3039194	Parthenocissus quinquefolia (L.) Planch.	SPECIES	220	Magnoliopsida	Plantae
152544453	1420765	https://www.gbif.org/species/1420765	Chaetanaphothrips orchidii (Moulton, 1907)	ACCEPTED	1420765	Chaetanaphothrips orchidii (Moulton, 1907)	SPECIES	216	Insecta	Animalia
152544459	1419894	https://www.gbif.org/species/1419894	Euborellia annulipes (Lucas, 1847)	ACCEPTED	1419894	Euborellia annulipes (Lucas, 1847)	SPECIES	216	Insecta	Animalia
152544461	3033077	https://www.gbif.org/species/3033077	Aucuba japonica Thunb.	ACCEPTED	3033077	Aucuba japonica Thunb.	SPECIES	220	Magnoliopsida	Plantae
152544465	8599762	https://www.gbif.org/species/8599762	Aproceros leucopoda Takeuchi, 1939	ACCEPTED	8599762	Aproceros leucopoda Takeuchi, 1939	SPECIES	216	Insecta	Animalia
152544468	3039046	https://www.gbif.org/species/3039046	Fatsia japonica (Thunb.) Decne. & Planch.	ACCEPTED	3039046	Fatsia japonica (Thunb.) Decne. & Planch.	SPECIES	220	Magnoliopsida	Plantae
152544473	3036033	https://www.gbif.org/species/3036033	Hedera colchica (K.Koch) K.Koch	ACCEPTED	3036033	Hedera colchica (K.Koch) K.Koch	SPECIES	220	Magnoliopsida	Plantae
152544474	5041466	https://www.gbif.org/species/5041466	Sceliphron caementarium (Drury, 1773)	ACCEPTED	5041466	Sceliphron caementarium (Drury, 1773)	SPECIES	216	Insecta	Animalia
152544478	3037015	https://www.gbif.org/species/3037015	Aralia cordata Thunb.	ACCEPTED	3037015	Aralia cordata Thunb.	SPECIES	220	Magnoliopsida	Plantae
152544480	3036958	https://www.gbif.org/species/3036958	Aralia racemosa L.	ACCEPTED	3036958	Aralia racemosa L.	SPECIES	220	Magnoliopsida	Plantae
152544481	1311477	https://www.gbif.org/species/1311477	Vespa velutina Lepeletier, 1836	ACCEPTED	1311477	Vespa velutina Lepeletier, 1836	SPECIES	216	Insecta	Animalia
152544482	3036892	https://www.gbif.org/species/3036892	Aralia elata (Miq.) Seem.	ACCEPTED	3036892	Aralia elata (Miq.) Seem.	SPECIES	220	Magnoliopsida	Plantae
152544487	7664179	https://www.gbif.org/species/7664179	Technomyrmex vitiensis Mann, 1921	ACCEPTED	7664179	Technomyrmex vitiensis Mann, 1921	SPECIES	216	Insecta	Animalia
152544490	7358948	https://www.gbif.org/species/7358948	Lasius neglectus Van Loon, Boomsma & Andrasfalvy, 1990	ACCEPTED	7358948	Lasius neglectus Van Loon, Boomsma & Andrasfalvy, 1990	SPECIES	216	Insecta	Animalia
152544492	8364220	https://www.gbif.org/species/8364220	Torilis leptophylla (L.) Rchb.fil.	ACCEPTED	8364220	Torilis leptophylla (L.) Rchb.fil.	SPECIES	220	Magnoliopsida	Plantae
152544494	1325561	https://www.gbif.org/species/1325561	Paratrechina longicornis (Latreille, 1802)	ACCEPTED	1325561	Paratrechina longicornis (Latreille, 1802)	SPECIES	216	Insecta	Animalia
152544495	6026665	https://www.gbif.org/species/6026665	Torilis africana Spreng.	ACCEPTED	6026665	Torilis africana Spreng.	SPECIES	220	Magnoliopsida	Plantae
152544498	8455382	https://www.gbif.org/species/8455382	Hypoponera schauinslandi (Emery, 1899)	ACCEPTED	8455382	Hypoponera schauinslandi (Emery, 1899)	SPECIES	216	Insecta	Animalia
152544499	6027089	https://www.gbif.org/species/6027089	Smyrnium perfoliatum L.	ACCEPTED	6027089	Smyrnium perfoliatum L.	SPECIES	220	Magnoliopsida	Plantae
152544500	1326634	https://www.gbif.org/species/1326634	Hypoponera punctatissima (Roger, 1859)	ACCEPTED	1326634	Hypoponera punctatissima (Roger, 1859)	SPECIES	216	Insecta	Animalia
152544503	1320777	https://www.gbif.org/species/1320777	Plagiolepis pygmaea (Latreille, 1798)	ACCEPTED	1320777	Plagiolepis pygmaea (Latreille, 1798)	SPECIES	216	Insecta	Animalia
152544504	7466434	https://www.gbif.org/species/7466434	Pastinaca sativa subsp. urens (Req. ex Godr.) Celak.	ACCEPTED	7466434	Pastinaca sativa subsp. urens (Req. ex Godr.) Celak.	SUBSPECIES	220	Magnoliopsida	Plantae
152544506	7224157	https://www.gbif.org/species/7224157	Pastinaca sativa subsp. sativa	ACCEPTED	7224157	Pastinaca sativa subsp. sativa	SUBSPECIES	220	Magnoliopsida	Plantae
152544507	1322674	https://www.gbif.org/species/1322674	Pheidole anastasii Emery, 1896	ACCEPTED	1322674	Pheidole anastasii Emery, 1896	SPECIES	216	Insecta	Animalia
152544508	1321805	https://www.gbif.org/species/1321805	Pheidole bilimeki Mayr, 1870	ACCEPTED	1321805	Pheidole bilimeki Mayr, 1870	SPECIES	216	Insecta	Animalia
152544511	8080300	https://www.gbif.org/species/8080300	Pimpinella anisum L.	ACCEPTED	8080300	Pimpinella anisum L.	SPECIES	220	Magnoliopsida	Plantae
152544512	1323402	https://www.gbif.org/species/1323402	Tetramorium bicarinatum (Nylander, 1846)	ACCEPTED	1323402	Tetramorium bicarinatum (Nylander, 1846)	SPECIES	216	Insecta	Animalia
152544514	1316805	https://www.gbif.org/species/1316805	Tapinoma melanocephalum (Fabricius, 1793)	ACCEPTED	1316805	Tapinoma melanocephalum (Fabricius, 1793)	SPECIES	216	Insecta	Animalia
152544515	5538946	https://www.gbif.org/species/5538946	Pimpinella peregrina L.	ACCEPTED	5538946	Pimpinella peregrina L.	SPECIES	220	Magnoliopsida	Plantae
152544518	1314773	https://www.gbif.org/species/1314773	Monomorium pharaonis (Linnaeus, 1758)	ACCEPTED	1314773	Monomorium pharaonis (Linnaeus, 1758)	SPECIES	216	Insecta	Animalia
152544520	1319260	https://www.gbif.org/species/1319260	Tetraponera allaborans (Walker, 1859)	ACCEPTED	1319260	Tetraponera allaborans (Walker, 1859)	SPECIES	216	Insecta	Animalia
152544521	5538108	https://www.gbif.org/species/5538108	Imperatoria ostruthium L.	ACCEPTED	5538108	Imperatoria ostruthium L.	SPECIES	220	Magnoliopsida	Plantae
152544523	1316908	https://www.gbif.org/species/1316908	Linepithema humile (Mayr, 1868)	ACCEPTED	1316908	Linepithema humile (Mayr, 1868)	SPECIES	216	Insecta	Animalia
152544526	1313740	https://www.gbif.org/species/1313740	Camponotus vagus (Scopoli, 1763)	ACCEPTED	1313740	Camponotus vagus (Scopoli, 1763)	SPECIES	216	Insecta	Animalia
152544527	5371870	https://www.gbif.org/species/5371870	Bifora radians M.Bieb.	ACCEPTED	5371870	Bifora radians M.Bieb.	SPECIES	220	Magnoliopsida	Plantae
152544532	5371889	https://www.gbif.org/species/5371889	Oenanthe pimpinelloides L.	ACCEPTED	5371889	Oenanthe pimpinelloides L.	SPECIES	220	Magnoliopsida	Plantae
152544533	7572133	https://www.gbif.org/species/7572133	Anoplophora glabripennis (Motschulsky, 1854)	ACCEPTED	7572133	Anoplophora glabripennis (Motschulsky, 1854)	SPECIES	216	Insecta	Animalia
152544535	5371808	https://www.gbif.org/species/5371808	Angelica archangelica L.	ACCEPTED	5371808	Angelica archangelica L.	SPECIES	220	Magnoliopsida	Plantae
152544536	7987143	https://www.gbif.org/species/7987143	Anoplophora chinensis (Forster, 1771)	ACCEPTED	7987143	Anoplophora chinensis (Forster, 1771)	SPECIES	216	Insecta	Animalia
152544539	5371772	https://www.gbif.org/species/5371772	Levisticum officinale W.D.J.Koch	ACCEPTED	5371772	Levisticum officinale W.D.J.Koch	SPECIES	220	Magnoliopsida	Plantae
152544541	4453195	https://www.gbif.org/species/4453195	Carpophilus obsoletus Erichson, 1843	ACCEPTED	4453195	Carpophilus obsoletus Erichson, 1843	SPECIES	216	Insecta	Animalia
152544543	5371746	https://www.gbif.org/species/5371746	Anthriscus cerefolium (L.) Hoffm.	ACCEPTED	5371746	Anthriscus cerefolium (L.) Hoffm.	SPECIES	220	Magnoliopsida	Plantae
152544545	1043978	https://www.gbif.org/species/1043978	Stelidota geminata (Say, 1825)	ACCEPTED	1043978	Stelidota geminata (Say, 1825)	SPECIES	216	Insecta	Animalia
152544549	6027313	https://www.gbif.org/species/6027313	Daucus glochidiatus (Labill.) Fisch., C.A.Mey. & Avé-Lall.	ACCEPTED	6027313	Daucus glochidiatus (Labill.) Fisch., C.A.Mey. & Avé-Lall.	SPECIES	220	Magnoliopsida	Plantae
152544550	6027382	https://www.gbif.org/species/6027382	Daucus aureus Desf.	ACCEPTED	6027382	Daucus aureus Desf.	SPECIES	220	Magnoliopsida	Plantae
152544551	8765358	https://www.gbif.org/species/8765358	Coccinella miranda Wollaston, 1864	ACCEPTED	8765358	Coccinella miranda Wollaston, 1864	SPECIES	216	Insecta	Animalia
152544552	3641853	https://www.gbif.org/species/3641853	Daucus durieua Lange	ACCEPTED	3641853	Daucus durieua Lange	SPECIES	220	Magnoliopsida	Plantae
152544554	4989894	https://www.gbif.org/species/4989894	Hippodamia convergens Guérin-Méneville, 1842	ACCEPTED	4989894	Hippodamia convergens Guérin-Méneville, 1842	SPECIES	216	Insecta	Animalia
152544558	4989904	https://www.gbif.org/species/4989904	Harmonia axyridis (Pallas, 1773)	ACCEPTED	4989904	Harmonia axyridis (Pallas, 1773)	SPECIES	216	Insecta	Animalia
152544562	6026954	https://www.gbif.org/species/6026954	Scandix stellata Banks & Sol.	ACCEPTED	6026954	Scandix stellata Banks & Sol.	SPECIES	220	Magnoliopsida	Plantae
152544563	4990176	https://www.gbif.org/species/4990176	Rhyzobius forestieri (Mulsant, 1853)	ACCEPTED	4990176	Rhyzobius forestieri (Mulsant, 1853)	SPECIES	216	Insecta	Animalia
152544565	6308164	https://www.gbif.org/species/6308164	Scandix australis subsp. grandiflora (L.) Thell.	ACCEPTED	6308164	Scandix australis subsp. grandiflora (L.) Thell.	SUBSPECIES	220	Magnoliopsida	Plantae
152544566	1043717	https://www.gbif.org/species/1043717	Cryptolaemus montrouzieri Mulsant, 1853	ACCEPTED	1043717	Cryptolaemus montrouzieri Mulsant, 1853	SPECIES	216	Insecta	Animalia
152544567	3637507	https://www.gbif.org/species/3637507	Scandix balansae Reut. ex Boiss.	ACCEPTED	3637507	Scandix balansae Reut. ex Boiss.	SPECIES	220	Magnoliopsida	Plantae
152544569	3637112	https://www.gbif.org/species/3637112	Scandix iberica M.Bieb.	ACCEPTED	3637112	Scandix iberica M.Bieb.	SPECIES	220	Magnoliopsida	Plantae
152544571	3633319	https://www.gbif.org/species/3633319	Tordylium maximum L.	ACCEPTED	3633319	Tordylium maximum L.	SPECIES	220	Magnoliopsida	Plantae
152544573	3034922	https://www.gbif.org/species/3034922	Foeniculum vulgare Mill.	ACCEPTED	3034922	Foeniculum vulgare Mill.	SPECIES	220	Magnoliopsida	Plantae
152544576	4271356	https://www.gbif.org/species/4271356	Heracleum sphondylium subsp. sibiricum (L.) Simonk.	ACCEPTED	4271356	Heracleum sphondylium subsp. sibiricum (L.) Simonk.	SUBSPECIES	220	Magnoliopsida	Plantae
152544578	4400961	https://www.gbif.org/species/4400961	Badonnelia titei Pearman, 1953	ACCEPTED	4400961	Badonnelia titei Pearman, 1953	SPECIES	216	Insecta	Animalia
152544579	3034825	https://www.gbif.org/species/3034825	Heracleum mantegazzianum Sommier & Levier	ACCEPTED	3034825	Heracleum mantegazzianum Sommier & Levier	SPECIES	220	Magnoliopsida	Plantae
152544582	4987920	https://www.gbif.org/species/4987920	Trichopsocus clarus (Banks, 1908)	ACCEPTED	4987920	Trichopsocus clarus (Banks, 1908)	SPECIES	216	Insecta	Animalia
152544586	3034681	https://www.gbif.org/species/3034681	Myrrhis odorata (L.) Scop.	ACCEPTED	3034681	Myrrhis odorata (L.) Scop.	SPECIES	220	Magnoliopsida	Plantae
152544587	1032377	https://www.gbif.org/species/1032377	Hoplopleura erismata Ferris, 1921	ACCEPTED	1032377	Hoplopleura erismata Ferris, 1921	SPECIES	216	Insecta	Animalia
152544591	1032262	https://www.gbif.org/species/1032262	Enderleinellus kumadai Kaneko, 1954	ACCEPTED	1032262	Enderleinellus kumadai Kaneko, 1954	SPECIES	216	Insecta	Animalia
152544592	3034915	https://www.gbif.org/species/3034915	Astrantia major L.	ACCEPTED	3034915	Astrantia major L.	SPECIES	220	Magnoliopsida	Plantae
152544595	3034871	https://www.gbif.org/species/3034871	Coriandrum sativum L.	ACCEPTED	3034871	Coriandrum sativum L.	SPECIES	220	Magnoliopsida	Plantae
152544597	4401285	https://www.gbif.org/species/4401285	Dorypteryx longipennis Smithers, 1991	ACCEPTED	4401285	Dorypteryx longipennis Smithers, 1991	SPECIES	216	Insecta	Animalia
152544599	1031742	https://www.gbif.org/species/1031742	Dorypteryx domestica (Smithers, 1958)	ACCEPTED	1031742	Dorypteryx domestica (Smithers, 1958)	SPECIES	216	Insecta	Animalia
152544600	1031743	https://www.gbif.org/species/1031743	Dorypteryx pallida Aaron, 1883	ACCEPTED	1031743	Dorypteryx pallida Aaron, 1883	SPECIES	216	Insecta	Animalia
152544601	7318448	https://www.gbif.org/species/7318448	Eryngium bourgatii Gouan	ACCEPTED	7318448	Eryngium bourgatii Gouan	SPECIES	220	Magnoliopsida	Plantae
152544603	1031737	https://www.gbif.org/species/1031737	Psyllipsocus ramburii Selys-Longchamps, 1872	ACCEPTED	1031737	Psyllipsocus ramburii Selys-Longchamps, 1872	SPECIES	216	Insecta	Animalia
152544605	3631129	https://www.gbif.org/species/3631129	Eryngium giganteum M.Bieb.	ACCEPTED	3631129	Eryngium giganteum M.Bieb.	SPECIES	220	Magnoliopsida	Plantae
152544607	1031564	https://www.gbif.org/species/1031564	Psoquilla marginepunctata Hagen, 1865	ACCEPTED	1031564	Psoquilla marginepunctata Hagen, 1865	SPECIES	216	Insecta	Animalia
152544609	3034393	https://www.gbif.org/species/3034393	Eryngium planum L.	ACCEPTED	3034393	Eryngium planum L.	SPECIES	220	Magnoliopsida	Plantae
152544612	1031684	https://www.gbif.org/species/1031684	Lepinotus patruelis Pearman, 1931	ACCEPTED	1031684	Lepinotus patruelis Pearman, 1931	SPECIES	216	Insecta	Animalia
152544613	1031685	https://www.gbif.org/species/1031685	Lepinotus reticulatus Enderlein, 1904	ACCEPTED	1031685	Lepinotus reticulatus Enderlein, 1904	SPECIES	216	Insecta	Animalia
152544614	5831906	https://www.gbif.org/species/5831906	Bupleurum gerardi All.	ACCEPTED	5831906	Bupleurum gerardi All.	SPECIES	220	Magnoliopsida	Plantae
152544616	1031677	https://www.gbif.org/species/1031677	Trogium pulsatorium (Linnaeus, 1758)	ACCEPTED	1031677	Trogium pulsatorium (Linnaeus, 1758)	SPECIES	216	Insecta	Animalia
152544617	6026972	https://www.gbif.org/species/6026972	Bupleurum praealtum L.	ACCEPTED	6026972	Bupleurum praealtum L.	SPECIES	220	Magnoliopsida	Plantae
152544619	3639326	https://www.gbif.org/species/3639326	Bupleurum croceum Fenzl	ACCEPTED	3639326	Bupleurum croceum Fenzl	SPECIES	220	Magnoliopsida	Plantae
152544620	1031680	https://www.gbif.org/species/1031680	Cerobasis annulata (Hagen, 1865)	ACCEPTED	1031680	Cerobasis annulata (Hagen, 1865)	SPECIES	216	Insecta	Animalia
152544622	3638793	https://www.gbif.org/species/3638793	Bupleurum fruticosum L.	ACCEPTED	3638793	Bupleurum fruticosum L.	SPECIES	220	Magnoliopsida	Plantae
152544624	3034552	https://www.gbif.org/species/3034552	Bupleurum odontites L.	ACCEPTED	3034552	Bupleurum odontites L.	SPECIES	220	Magnoliopsida	Plantae
152544625	3034558	https://www.gbif.org/species/3034558	Bupleurum subovatum Link ex Spreng.	ACCEPTED	3034558	Bupleurum subovatum Link ex Spreng.	SPECIES	220	Magnoliopsida	Plantae
152544627	1031512	https://www.gbif.org/species/1031512	Liposcelis brunnea Motschulsky, 1852	ACCEPTED	1031512	Liposcelis brunnea Motschulsky, 1852	SPECIES	216	Insecta	Animalia
152544628	1031520	https://www.gbif.org/species/1031520	Liposcelis bostrychophila Badonnel, 1931	ACCEPTED	1031520	Liposcelis bostrychophila Badonnel, 1931	SPECIES	216	Insecta	Animalia
152544629	3034182	https://www.gbif.org/species/3034182	Ammi majus L.	ACCEPTED	3034182	Ammi majus L.	SPECIES	220	Magnoliopsida	Plantae
152544630	1031524	https://www.gbif.org/species/1031524	Liposcelis paeta Pearman, 1942	ACCEPTED	1031524	Liposcelis paeta Pearman, 1942	SPECIES	216	Insecta	Animalia
152544634	1031394	https://www.gbif.org/species/1031394	Ectopsocus petersi Smithers, 1978	ACCEPTED	1031394	Ectopsocus petersi Smithers, 1978	SPECIES	216	Insecta	Animalia
152544635	3034646	https://www.gbif.org/species/3034646	Anethum graveolens L.	ACCEPTED	3034646	Anethum graveolens L.	SPECIES	220	Magnoliopsida	Plantae
152544636	1031400	https://www.gbif.org/species/1031400	Ectopsocus briggsi McLachlan, 1899	ACCEPTED	1031400	Ectopsocus briggsi McLachlan, 1899	SPECIES	216	Insecta	Animalia
152544639	3642339	https://www.gbif.org/species/3642339	Chaerophyllum byzantinum Boiss.	ACCEPTED	3642339	Chaerophyllum byzantinum Boiss.	SPECIES	220	Magnoliopsida	Plantae
152544642	3642531	https://www.gbif.org/species/3642531	Chaerophyllum aureum L.	ACCEPTED	3642531	Chaerophyllum aureum L.	SPECIES	220	Magnoliopsida	Plantae
152544644	3034653	https://www.gbif.org/species/3034653	Chaerophyllum bulbosum L.	ACCEPTED	3034653	Chaerophyllum bulbosum L.	SPECIES	220	Magnoliopsida	Plantae
152544645	1013526	https://www.gbif.org/species/1013526	Cylindroiulus britannicus (Verhoeff, 1891)	ACCEPTED	1013526	Cylindroiulus britannicus (Verhoeff, 1891)	SPECIES	361	Diplopoda	Animalia
152544647	7978544	https://www.gbif.org/species/7978544	Hydrocotyle ranunculoides L.fil.	ACCEPTED	7978544	Hydrocotyle ranunculoides L.fil.	SPECIES	220	Magnoliopsida	Plantae
152544652	3034602	https://www.gbif.org/species/3034602	Hydrocotyle verticillata Thunb.	ACCEPTED	3034602	Hydrocotyle verticillata Thunb.	SPECIES	220	Magnoliopsida	Plantae
152544653	1010644	https://www.gbif.org/species/1010644	Hanseniella caldaria (Hansen, 1903)	ACCEPTED	1010644	Hanseniella caldaria (Hansen, 1903)	SPECIES	7742773	Symphyla	Animalia
152544657	3034015	https://www.gbif.org/species/3034015	Laurus nobilis L.	ACCEPTED	3034015	Laurus nobilis L.	SPECIES	220	Magnoliopsida	Plantae
152544659	3034046	https://www.gbif.org/species/3034046	Persea americana Mill.	ACCEPTED	3034046	Persea americana Mill.	SPECIES	220	Magnoliopsida	Plantae
152544663	8060423	https://www.gbif.org/species/8060423	Cercidiphyllum japonicum Siebold & Zucc.	ACCEPTED	8060423	Cercidiphyllum japonicum Siebold & Zucc.	SPECIES	220	Magnoliopsida	Plantae
152544666	5361762	https://www.gbif.org/species/5361762	Myriophyllum heterophyllum Michx.	ACCEPTED	5361762	Myriophyllum heterophyllum Michx.	SPECIES	220	Magnoliopsida	Plantae
152544667	5361785	https://www.gbif.org/species/5361785	Myriophyllum aquaticum (Vell.) Verdc.	ACCEPTED	5361785	Myriophyllum aquaticum (Vell.) Verdc.	SPECIES	220	Magnoliopsida	Plantae
152544670	3152824	https://www.gbif.org/species/3152824	Liquidambar styraciflua L.	ACCEPTED	3152824	Liquidambar styraciflua L.	SPECIES	220	Magnoliopsida	Plantae
152544673	3083486	https://www.gbif.org/species/3083486	Paeonia lactiflora Pall.	ACCEPTED	3083486	Paeonia lactiflora Pall.	SPECIES	220	Magnoliopsida	Plantae
152544674	3083488	https://www.gbif.org/species/3083488	Paeonia officinalis L.	ACCEPTED	3083488	Paeonia officinalis L.	SPECIES	220	Magnoliopsida	Plantae
152544677	5567657	https://www.gbif.org/species/5567657	Bergenia schmidtii (Regel) Silva Tar.	SYNONYM	8330218	Bergenia ciliata (Haw.) Sternb.	SPECIES	220	Magnoliopsida	Plantae
152544679	5567694	https://www.gbif.org/species/5567694	Bergenia crassifolia (L.) Fritsch	ACCEPTED	5567694	Bergenia crassifolia (L.) Fritsch	SPECIES	220	Magnoliopsida	Plantae
152544681	5371610	https://www.gbif.org/species/5371610	Tiarella cordifolia L.	ACCEPTED	5371610	Tiarella cordifolia L.	SPECIES	220	Magnoliopsida	Plantae
152544683	5371605	https://www.gbif.org/species/5371605	Tolmiea menziesii (Pursh) Torr. & A.Gray	ACCEPTED	5371605	Tolmiea menziesii (Pursh) Torr. & A.Gray	SPECIES	220	Magnoliopsida	Plantae
152544685	7339492	https://www.gbif.org/species/7339492	Rodgersia aesculifolia Batalin	ACCEPTED	7339492	Rodgersia aesculifolia Batalin	SPECIES	220	Magnoliopsida	Plantae
152544686	3754587	https://www.gbif.org/species/3754587	Rodgersia podophylla A.Gray	ACCEPTED	3754587	Rodgersia podophylla A.Gray	SPECIES	220	Magnoliopsida	Plantae
152544688	7544073	https://www.gbif.org/species/7544073	Saxifraga ×arendsii Engl.	ACCEPTED	7544073	Saxifraga ×arendsii Engl.	SPECIES	220	Magnoliopsida	Plantae
152544689	8223023	https://www.gbif.org/species/8223023	Saxifraga ×geum L.	ACCEPTED	8223023	Saxifraga ×geum L.	SPECIES	220	Magnoliopsida	Plantae
152544690	7339396	https://www.gbif.org/species/7339396	Saxifraga rotundifolia L.	ACCEPTED	7339396	Saxifraga rotundifolia L.	SPECIES	220	Magnoliopsida	Plantae
152544691	3754353	https://www.gbif.org/species/3754353	Saxifraga ×urbium D.A.Webb	ACCEPTED	3754353	Saxifraga ×urbium D.A.Webb	SPECIES	220	Magnoliopsida	Plantae
152544692	3753098	https://www.gbif.org/species/3753098	Saxifraga cymbalaria L.	ACCEPTED	3753098	Saxifraga cymbalaria L.	SPECIES	220	Magnoliopsida	Plantae
152544694	3032611	https://www.gbif.org/species/3032611	Darmera peltata (Torr. ex Benth.) Voss	ACCEPTED	3032611	Darmera peltata (Torr. ex Benth.) Voss	SPECIES	220	Magnoliopsida	Plantae
152544696	3032698	https://www.gbif.org/species/3032698	Tellima grandiflora (Pursh) Douglas ex Lindl.	ACCEPTED	3032698	Tellima grandiflora (Pursh) Douglas ex Lindl.	SPECIES	220	Magnoliopsida	Plantae
152544698	3032653	https://www.gbif.org/species/3032653	Heuchera sanguinea Engelm.	ACCEPTED	3032653	Heuchera sanguinea Engelm.	SPECIES	220	Magnoliopsida	Plantae
152544699	3032646	https://www.gbif.org/species/3032646	Heuchera micrantha Lindl.	DOUBTFUL	3032646	Heuchera micrantha Lindl.	SPECIES	220	Magnoliopsida	Plantae
152544703	7334263	https://www.gbif.org/species/7334263	Crassula decumbens Thunb.	ACCEPTED	7334263	Crassula decumbens Thunb.	SPECIES	220	Magnoliopsida	Plantae
152544705	7334368	https://www.gbif.org/species/7334368	Umbilicus rupestris (Salisb.) Dandy	ACCEPTED	7334368	Umbilicus rupestris (Salisb.) Dandy	SPECIES	220	Magnoliopsida	Plantae
152544707	5690287	https://www.gbif.org/species/5690287	Sedum cepaea L.	ACCEPTED	5690287	Sedum cepaea L.	SPECIES	220	Magnoliopsida	Plantae
152544708	7172720	https://www.gbif.org/species/7172720	Sedum dasyphyllum L.	ACCEPTED	7172720	Sedum dasyphyllum L.	SPECIES	220	Magnoliopsida	Plantae
152544709	5361982	https://www.gbif.org/species/5361982	Sedum hispanicum L.	ACCEPTED	5361982	Sedum hispanicum L.	SPECIES	220	Magnoliopsida	Plantae
152544710	5362004	https://www.gbif.org/species/5362004	Sedum sarmentosum Bunge	ACCEPTED	5362004	Sedum sarmentosum Bunge	SPECIES	220	Magnoliopsida	Plantae
152544714	4201607	https://www.gbif.org/species/4201607	Phedimus spurius (M.Bieb.) 't Hart	ACCEPTED	4201607	Phedimus spurius (M.Bieb.) 't Hart	SPECIES	220	Magnoliopsida	Plantae
152544717	7334631	https://www.gbif.org/species/7334631	Hylotelephium maximum (L.) Holub	ACCEPTED	7334631	Hylotelephium maximum (L.) Holub	SPECIES	220	Magnoliopsida	Plantae
152544718	2985863	https://www.gbif.org/species/2985863	Hylotelephium spectabile (Boreau) H.Ohba	ACCEPTED	2985863	Hylotelephium spectabile (Boreau) H.Ohba	SPECIES	220	Magnoliopsida	Plantae
152544720	2985944	https://www.gbif.org/species/2985944	Kalanchoe blossfeldiana Poelln.	ACCEPTED	2985944	Kalanchoe blossfeldiana Poelln.	SPECIES	220	Magnoliopsida	Plantae
152544722	8091002	https://www.gbif.org/species/8091002	Sempervivum globiferum L.	ACCEPTED	8091002	Sempervivum globiferum L.	SPECIES	220	Magnoliopsida	Plantae
152544723	7334576	https://www.gbif.org/species/7334576	Sempervivum ×barbulatum Schott	ACCEPTED	7334576	Sempervivum ×barbulatum Schott	SPECIES	220	Magnoliopsida	Plantae
152544724	2985949	https://www.gbif.org/species/2985949	Sempervivum tectorum L.	ACCEPTED	2985949	Sempervivum tectorum L.	SPECIES	220	Magnoliopsida	Plantae
152544727	2986129	https://www.gbif.org/species/2986129	Ribes spicatum E.Robson	ACCEPTED	2986129	Ribes spicatum E.Robson	SPECIES	220	Magnoliopsida	Plantae
152544728	2986132	https://www.gbif.org/species/2986132	Ribes divaricatum Douglas	ACCEPTED	2986132	Ribes divaricatum Douglas	SPECIES	220	Magnoliopsida	Plantae
152544729	2986130	https://www.gbif.org/species/2986130	Ribes sanguineum Pursh	ACCEPTED	2986130	Ribes sanguineum Pursh	SPECIES	220	Magnoliopsida	Plantae
152544730	2986184	https://www.gbif.org/species/2986184	Ribes alpinum L.	ACCEPTED	2986184	Ribes alpinum L.	SPECIES	220	Magnoliopsida	Plantae
152544734	2984676	https://www.gbif.org/species/2984676	Pachysandra terminalis Siebold & Zucc.	ACCEPTED	2984676	Pachysandra terminalis Siebold & Zucc.	SPECIES	220	Magnoliopsida	Plantae
152544738	5361880	https://www.gbif.org/species/5361880	Cannabis sativa L.	ACCEPTED	5361880	Cannabis sativa L.	SPECIES	220	Magnoliopsida	Plantae
152544741	5361888	https://www.gbif.org/species/5361888	Morus nigra L.	ACCEPTED	5361888	Morus nigra L.	SPECIES	220	Magnoliopsida	Plantae
152544742	5361889	https://www.gbif.org/species/5361889	Morus alba L.	ACCEPTED	5361889	Morus alba L.	SPECIES	220	Magnoliopsida	Plantae
152544744	5361909	https://www.gbif.org/species/5361909	Ficus carica L.	ACCEPTED	5361909	Ficus carica L.	SPECIES	220	Magnoliopsida	Plantae
152544746	5361944	https://www.gbif.org/species/5361944	Broussonetia papyrifera (L.) L'Hér. ex Vent.	ACCEPTED	5361944	Broussonetia papyrifera (L.) L'Hér. ex Vent.	SPECIES	220	Magnoliopsida	Plantae
152544749	4048052	https://www.gbif.org/species/4048052	Hippophae rhamnoides subsp. caucasica Rousi	ACCEPTED	4048052	Hippophae rhamnoides subsp. caucasica Rousi	SUBSPECIES	220	Magnoliopsida	Plantae
152544751	7293094	https://www.gbif.org/species/7293094	Elaeagnus macrophylla Thunb.	ACCEPTED	7293094	Elaeagnus macrophylla Thunb.	SPECIES	220	Magnoliopsida	Plantae
152544752	4048240	https://www.gbif.org/species/4048240	Elaeagnus ×submacrophylla Servett.	ACCEPTED	4048240	Elaeagnus ×submacrophylla Servett.	SPECIES	220	Magnoliopsida	Plantae
152544753	3039272	https://www.gbif.org/species/3039272	Elaeagnus multiflora Thunb.	ACCEPTED	3039272	Elaeagnus multiflora Thunb.	SPECIES	220	Magnoliopsida	Plantae
152544754	3039269	https://www.gbif.org/species/3039269	Elaeagnus angustifolia L.	ACCEPTED	3039269	Elaeagnus angustifolia L.	SPECIES	220	Magnoliopsida	Plantae
152544757	5372457	https://www.gbif.org/species/5372457	Paliurus spina-christi Mill.	ACCEPTED	5372457	Paliurus spina-christi Mill.	SPECIES	220	Magnoliopsida	Plantae
152544759	3875113	https://www.gbif.org/species/3875113	Ceanothus ×delilianus Spach	DOUBTFUL	3875113	Ceanothus ×delilianus Spach	SPECIES	220	Magnoliopsida	Plantae
152544761	3039418	https://www.gbif.org/species/3039418	Ziziphus lotus (L.) Lam.	ACCEPTED	3039418	Ziziphus lotus (L.) Lam.	SPECIES	220	Magnoliopsida	Plantae
152544764	2984532	https://www.gbif.org/species/2984532	Zelkova serrata (Thunb.) Makino	ACCEPTED	2984532	Zelkova serrata (Thunb.) Makino	SPECIES	220	Magnoliopsida	Plantae
152544767	7437751	https://www.gbif.org/species/7437751	Urtica membranacea Poir. ex Savigny	DOUBTFUL	7437751	Urtica membranacea Poir. ex Savigny	SPECIES	220	Magnoliopsida	Plantae
152544768	7602322	https://www.gbif.org/species/7602322	Urtica incisa Poir.	ACCEPTED	7602322	Urtica incisa Poir.	SPECIES	220	Magnoliopsida	Plantae
152544769	5670646	https://www.gbif.org/species/5670646	Urtica pilulifera L.	ACCEPTED	5670646	Urtica pilulifera L.	SPECIES	220	Magnoliopsida	Plantae
152544771	7300922	https://www.gbif.org/species/7300922	Pilea hyalina Fenzl	ACCEPTED	7300922	Pilea hyalina Fenzl	SPECIES	220	Magnoliopsida	Plantae
152544772	5669632	https://www.gbif.org/species/5669632	Pilea peperomioides Diels	ACCEPTED	5669632	Pilea peperomioides Diels	SPECIES	220	Magnoliopsida	Plantae
152544773	5361841	https://www.gbif.org/species/5361841	Pilea microphylla (L.) Liebm.	ACCEPTED	5361841	Pilea microphylla (L.) Liebm.	SPECIES	220	Magnoliopsida	Plantae
152544775	2984466	https://www.gbif.org/species/2984466	Laportea aestuans (L.) Chew	ACCEPTED	2984466	Laportea aestuans (L.) Chew	SPECIES	220	Magnoliopsida	Plantae
152544777	2984366	https://www.gbif.org/species/2984366	Soleirolia soleirolii (Req.) Dandy	ACCEPTED	2984366	Soleirolia soleirolii (Req.) Dandy	SPECIES	220	Magnoliopsida	Plantae
152544780	3021922	https://www.gbif.org/species/3021922	Prunus cerasus L.	ACCEPTED	3021922	Prunus cerasus L.	SPECIES	220	Magnoliopsida	Plantae
152544784	7272312	https://www.gbif.org/species/7272312	Filipendula camtschatica (Pall.) Maxim.	ACCEPTED	7272312	Filipendula camtschatica (Pall.) Maxim.	SPECIES	220	Magnoliopsida	Plantae
152544786	7271631	https://www.gbif.org/species/7271631	Pyrus communis subsp. communis	ACCEPTED	7271631	Pyrus communis subsp. communis	SUBSPECIES	220	Magnoliopsida	Plantae
152544788	5362136	https://www.gbif.org/species/5362136	Aruncus dioicus (Walter) Fernald	ACCEPTED	5362136	Aruncus dioicus (Walter) Fernald	SPECIES	220	Magnoliopsida	Plantae
152544790	5362215	https://www.gbif.org/species/5362215	Cydonia oblonga Mill.	ACCEPTED	5362215	Cydonia oblonga Mill.	SPECIES	220	Magnoliopsida	Plantae
152544792	5363627	https://www.gbif.org/species/5363627	Aronia melanocarpa (Michx.) Elliott	ACCEPTED	5363627	Aronia melanocarpa (Michx.) Elliott	SPECIES	220	Magnoliopsida	Plantae
152544794	5370380	https://www.gbif.org/species/5370380	Dasiphora fruticosa (L.) Rydb.	ACCEPTED	5370380	Dasiphora fruticosa (L.) Rydb.	SPECIES	220	Magnoliopsida	Plantae
152544796	5370006	https://www.gbif.org/species/5370006	Geum ternatum (Stephan) Smedmark	ACCEPTED	5370006	Geum ternatum (Stephan) Smedmark	SPECIES	220	Magnoliopsida	Plantae
152544797	5370043	https://www.gbif.org/species/5370043	Geum quellyon Sweet	ACCEPTED	5370043	Geum quellyon Sweet	SPECIES	220	Magnoliopsida	Plantae
152544798	5369784	https://www.gbif.org/species/5369784	Geum macrophyllum Willd.	ACCEPTED	5369784	Geum macrophyllum Willd.	SPECIES	220	Magnoliopsida	Plantae
152544800	8045533	https://www.gbif.org/species/8045533	Potentilla supina subsp. costata Soják	ACCEPTED	8045533	Potentilla supina subsp. costata Soják	SUBSPECIES	220	Magnoliopsida	Plantae
152544802	8358048	https://www.gbif.org/species/8358048	Potentilla recta subsp. obscura (Willd.) Arcang.	ACCEPTED	8358048	Potentilla recta subsp. obscura (Willd.) Arcang.	SUBSPECIES	220	Magnoliopsida	Plantae
152544803	7272439	https://www.gbif.org/species/7272439	Potentilla recta subsp. recta	ACCEPTED	7272439	Potentilla recta subsp. recta	SUBSPECIES	220	Magnoliopsida	Plantae
152544804	5367186	https://www.gbif.org/species/5367186	Potentilla rivalis Nutt. ex Torr. & A.Gray	ACCEPTED	5367186	Potentilla rivalis Nutt. ex Torr. & A.Gray	SPECIES	220	Magnoliopsida	Plantae
152544805	5367214	https://www.gbif.org/species/5367214	Potentilla nepalensis Hook.	ACCEPTED	5367214	Potentilla nepalensis Hook.	SPECIES	220	Magnoliopsida	Plantae
152544806	5365888	https://www.gbif.org/species/5365888	Potentilla inclinata Vill.	ACCEPTED	5365888	Potentilla inclinata Vill.	SPECIES	220	Magnoliopsida	Plantae
152544807	5366327	https://www.gbif.org/species/5366327	Potentilla montana Brot.	ACCEPTED	5366327	Potentilla montana Brot.	SPECIES	220	Magnoliopsida	Plantae
152544808	5365305	https://www.gbif.org/species/5365305	Potentilla norvegica L.	ACCEPTED	5365305	Potentilla norvegica L.	SPECIES	220	Magnoliopsida	Plantae
152544809	5365705	https://www.gbif.org/species/5365705	Potentilla intermedia L.	ACCEPTED	5365705	Potentilla intermedia L.	SPECIES	220	Magnoliopsida	Plantae
152544813	5371450	https://www.gbif.org/species/5371450	Kerria japonica (L.) DC.	ACCEPTED	5371450	Kerria japonica (L.) DC.	SPECIES	220	Magnoliopsida	Plantae
152544815	3024109	https://www.gbif.org/species/3024109	Amelanchier ×lamarckii F.G.Schroed.	ACCEPTED	3024109	Amelanchier ×lamarckii F.G.Schroed.	SPECIES	220	Magnoliopsida	Plantae
152544821	3025858	https://www.gbif.org/species/3025858	Cotoneaster ambiguus Rehder & E.H.Wilson	ACCEPTED	3025858	Cotoneaster ambiguus Rehder & E.H.Wilson	SPECIES	220	Magnoliopsida	Plantae
152544822	3025731	https://www.gbif.org/species/3025731	Cotoneaster moupinensis Franch.	ACCEPTED	3025731	Cotoneaster moupinensis Franch.	SPECIES	220	Magnoliopsida	Plantae
152544824	3025907	https://www.gbif.org/species/3025907	Cotoneaster qungbixiensis J.Fryer & B.Hylmö	ACCEPTED	3025907	Cotoneaster qungbixiensis J.Fryer & B.Hylmö	SPECIES	220	Magnoliopsida	Plantae
152544826	3025875	https://www.gbif.org/species/3025875	Cotoneaster conspicuus Comber ex Marquand	ACCEPTED	3025875	Cotoneaster conspicuus Comber ex Marquand	SPECIES	220	Magnoliopsida	Plantae
152544827	3025896	https://www.gbif.org/species/3025896	Cotoneaster dielsianus E.Pritz.	ACCEPTED	3025896	Cotoneaster dielsianus E.Pritz.	SPECIES	220	Magnoliopsida	Plantae
152544828	3025989	https://www.gbif.org/species/3025989	Cotoneaster ganghobaensis J.Fryer & B.Hylmö	ACCEPTED	3025989	Cotoneaster ganghobaensis J.Fryer & B.Hylmö	SPECIES	220	Magnoliopsida	Plantae
152544829	3026004	https://www.gbif.org/species/3026004	Cotoneaster ×watereri Exell	ACCEPTED	3026004	Cotoneaster ×watereri Exell	SPECIES	220	Magnoliopsida	Plantae
152544832	3026049	https://www.gbif.org/species/3026049	Cotoneaster dammeri C.K.Schneid.	ACCEPTED	3026049	Cotoneaster dammeri C.K.Schneid.	SPECIES	220	Magnoliopsida	Plantae
152544833	3026074	https://www.gbif.org/species/3026074	Cotoneaster salicifolius Franch.	ACCEPTED	3026074	Cotoneaster salicifolius Franch.	SPECIES	220	Magnoliopsida	Plantae
152544834	3026024	https://www.gbif.org/species/3026024	Cotoneaster ascendens Flinck & B.Hylmö	ACCEPTED	3026024	Cotoneaster ascendens Flinck & B.Hylmö	SPECIES	220	Magnoliopsida	Plantae
152544835	3026040	https://www.gbif.org/species/3026040	Cotoneaster ×suecicus G.Klotz	ACCEPTED	3026040	Cotoneaster ×suecicus G.Klotz	SPECIES	220	Magnoliopsida	Plantae
152544836	3025617	https://www.gbif.org/species/3025617	Cotoneaster horizontalis Decne.	ACCEPTED	3025617	Cotoneaster horizontalis Decne.	SPECIES	220	Magnoliopsida	Plantae
152544837	3025605	https://www.gbif.org/species/3025605	Cotoneaster zabelii C.K.Schneid.	ACCEPTED	3025605	Cotoneaster zabelii C.K.Schneid.	SPECIES	220	Magnoliopsida	Plantae
152544839	3026105	https://www.gbif.org/species/3026105	Cotoneaster integrifolius (Roxb.) G.Klotz	ACCEPTED	3026105	Cotoneaster integrifolius (Roxb.) G.Klotz	SPECIES	220	Magnoliopsida	Plantae
152544840	3026092	https://www.gbif.org/species/3026092	Cotoneaster hjelmqvistii Flinck & B.Hylmö	ACCEPTED	3026092	Cotoneaster hjelmqvistii Flinck & B.Hylmö	SPECIES	220	Magnoliopsida	Plantae
152544842	3026107	https://www.gbif.org/species/3026107	Cotoneaster simonsii Baker	ACCEPTED	3026107	Cotoneaster simonsii Baker	SPECIES	220	Magnoliopsida	Plantae
152544843	3026162	https://www.gbif.org/species/3026162	Cotoneaster franchetii Boiss.	ACCEPTED	3026162	Cotoneaster franchetii Boiss.	SPECIES	220	Magnoliopsida	Plantae
152544847	3026334	https://www.gbif.org/species/3026334	Cotoneaster divaricatus Rehder & E.H.Wilson	ACCEPTED	3026334	Cotoneaster divaricatus Rehder & E.H.Wilson	SPECIES	220	Magnoliopsida	Plantae
152544848	3026294	https://www.gbif.org/species/3026294	Cotoneaster bullatus Bois ex Bilm. & Bois	ACCEPTED	3026294	Cotoneaster bullatus Bois ex Bilm. & Bois	SPECIES	220	Magnoliopsida	Plantae
152544850	3027791	https://www.gbif.org/species/3027791	Alchemilla micans Buser	ACCEPTED	3027791	Alchemilla micans Buser	SPECIES	220	Magnoliopsida	Plantae
152544851	3028431	https://www.gbif.org/species/3028431	Alchemilla conjuncta Bab.	ACCEPTED	3028431	Alchemilla conjuncta Bab.	SPECIES	220	Magnoliopsida	Plantae
152544852	3028528	https://www.gbif.org/species/3028528	Alchemilla mollis (Buser) Rothm.	ACCEPTED	3028528	Alchemilla mollis (Buser) Rothm.	SPECIES	220	Magnoliopsida	Plantae
152544853	3028586	https://www.gbif.org/species/3028586	Alchemilla tytthantha Juz.	ACCEPTED	3028586	Alchemilla tytthantha Juz.	SPECIES	220	Magnoliopsida	Plantae
152544855	3029912	https://www.gbif.org/species/3029912	Fragaria ×ananassa (Weston) Rozier	ACCEPTED	3029912	Fragaria ×ananassa (Weston) Rozier	SPECIES	220	Magnoliopsida	Plantae
152544857	3031774	https://www.gbif.org/species/3031774	Mespilus germanica L.	ACCEPTED	3031774	Mespilus germanica L.	SPECIES	220	Magnoliopsida	Plantae
152544859	3032442	https://www.gbif.org/species/3032442	Rhodotypos scandens (Thunb.) Makino	ACCEPTED	3032442	Rhodotypos scandens (Thunb.) Makino	SPECIES	220	Magnoliopsida	Plantae
152544861	7889822	https://www.gbif.org/species/7889822	Spiraea ×billardii Hérincq	ACCEPTED	7889822	Spiraea ×billardii Hérincq	SPECIES	220	Magnoliopsida	Plantae
152544862	8170635	https://www.gbif.org/species/8170635	Spiraea japonica L.fil.	ACCEPTED	8170635	Spiraea japonica L.fil.	SPECIES	220	Magnoliopsida	Plantae
152544863	3027332	https://www.gbif.org/species/3027332	Spiraea ×rosalba Dippel	ACCEPTED	3027332	Spiraea ×rosalba Dippel	SPECIES	220	Magnoliopsida	Plantae
152544864	3027341	https://www.gbif.org/species/3027341	Spiraea nipponica Maxim.	ACCEPTED	3027341	Spiraea nipponica Maxim.	SPECIES	220	Magnoliopsida	Plantae
152544865	3027355	https://www.gbif.org/species/3027355	Spiraea ×macrothyrsa (Zabel) Dippel	ACCEPTED	3027355	Spiraea ×macrothyrsa (Zabel) Dippel	SPECIES	220	Magnoliopsida	Plantae
152544866	3026431	https://www.gbif.org/species/3026431	Spiraea hypericifolia L.	ACCEPTED	3026431	Spiraea hypericifolia L.	SPECIES	220	Magnoliopsida	Plantae
152544867	3026819	https://www.gbif.org/species/3026819	Spiraea tomentosa L.	ACCEPTED	3026819	Spiraea tomentosa L.	SPECIES	220	Magnoliopsida	Plantae
152544868	3026585	https://www.gbif.org/species/3026585	Spiraea alba Du Roi	ACCEPTED	3026585	Spiraea alba Du Roi	SPECIES	220	Magnoliopsida	Plantae
152544869	3027159	https://www.gbif.org/species/3027159	Spiraea douglasii Hook.	ACCEPTED	3027159	Spiraea douglasii Hook.	SPECIES	220	Magnoliopsida	Plantae
152544870	3027138	https://www.gbif.org/species/3027138	Spiraea canescens D.Don	ACCEPTED	3027138	Spiraea canescens D.Don	SPECIES	220	Magnoliopsida	Plantae
152544872	3001978	https://www.gbif.org/species/3001978	Agrimonia repens L.	ACCEPTED	3001978	Agrimonia repens L.	SPECIES	220	Magnoliopsida	Plantae
152544875	7501634	https://www.gbif.org/species/7501634	Rosa multiflora Murray	DOUBTFUL	7501634	Rosa multiflora Murray	SPECIES	220	Magnoliopsida	Plantae
152544876	3002263	https://www.gbif.org/species/3002263	Rosa majalis Herrm.	ACCEPTED	3002263	Rosa majalis Herrm.	SPECIES	220	Magnoliopsida	Plantae
152544877	3002372	https://www.gbif.org/species/3002372	Rosa blanda Aiton	ACCEPTED	3002372	Rosa blanda Aiton	SPECIES	220	Magnoliopsida	Plantae
152544878	3011247	https://www.gbif.org/species/3011247	Rosa nitida Willd.	ACCEPTED	3011247	Rosa nitida Willd.	SPECIES	220	Magnoliopsida	Plantae
152544879	3006974	https://www.gbif.org/species/3006974	Rosa pendulina L.	ACCEPTED	3006974	Rosa pendulina L.	SPECIES	220	Magnoliopsida	Plantae
152544880	3003979	https://www.gbif.org/species/3003979	Rosa rugosa Thunb.	ACCEPTED	3003979	Rosa rugosa Thunb.	SPECIES	220	Magnoliopsida	Plantae
152544881	3003709	https://www.gbif.org/species/3003709	Rosa glauca Pourr.	ACCEPTED	3003709	Rosa glauca Pourr.	SPECIES	220	Magnoliopsida	Plantae
152544883	3000406	https://www.gbif.org/species/3000406	Stranvaesia davidiana Decne.	ACCEPTED	3000406	Stranvaesia davidiana Decne.	SPECIES	220	Magnoliopsida	Plantae
152544886	3001270	https://www.gbif.org/species/3001270	Malus ×purpurea (A.Barbier) Rehder	ACCEPTED	3001270	Malus ×purpurea (A.Barbier) Rehder	SPECIES	220	Magnoliopsida	Plantae
152544889	3000610	https://www.gbif.org/species/3000610	Chaenomeles japonica (Thunb.) Lindl. ex Spach	ACCEPTED	3000610	Chaenomeles japonica (Thunb.) Lindl. ex Spach	SPECIES	220	Magnoliopsida	Plantae
152544896	7818643	https://www.gbif.org/species/7818643	Prunus armeniaca L.	ACCEPTED	7818643	Prunus armeniaca L.	SPECIES	220	Magnoliopsida	Plantae
152544898	6369140	https://www.gbif.org/species/6369140	Prunus domestica subsp. domestica	ACCEPTED	6369140	Prunus domestica subsp. domestica	SUBSPECIES	220	Magnoliopsida	Plantae
152544899	3021850	https://www.gbif.org/species/3021850	Prunus serotina Ehrh.	ACCEPTED	3021850	Prunus serotina Ehrh.	SPECIES	220	Magnoliopsida	Plantae
152544900	3022668	https://www.gbif.org/species/3022668	Prunus virginiana L.	ACCEPTED	3022668	Prunus virginiana L.	SPECIES	220	Magnoliopsida	Plantae
152544901	3021730	https://www.gbif.org/species/3021730	Prunus cerasifera Ehrh.	ACCEPTED	3021730	Prunus cerasifera Ehrh.	SPECIES	220	Magnoliopsida	Plantae
152544902	3021496	https://www.gbif.org/species/3021496	Prunus laurocerasus L.	ACCEPTED	3021496	Prunus laurocerasus L.	SPECIES	220	Magnoliopsida	Plantae
152544903	3020871	https://www.gbif.org/species/3020871	Prunus lusitanica L.	ACCEPTED	3020871	Prunus lusitanica L.	SPECIES	220	Magnoliopsida	Plantae
152544904	3022203	https://www.gbif.org/species/3022203	Prunus ×fruticans Weihe	ACCEPTED	3022203	Prunus ×fruticans Weihe	SPECIES	220	Magnoliopsida	Plantae
152544907	3015457	https://www.gbif.org/species/3015457	Crataegus persimilis Sarg.	ACCEPTED	3015457	Crataegus persimilis Sarg.	SPECIES	220	Magnoliopsida	Plantae
152544909	3012117	https://www.gbif.org/species/3012117	Sorbaria tomentosa (Lindl.) Rehder	ACCEPTED	3012117	Sorbaria tomentosa (Lindl.) Rehder	SPECIES	220	Magnoliopsida	Plantae
152544910	3012103	https://www.gbif.org/species/3012103	Sorbaria kirilowii (Regel) Maxim.	ACCEPTED	3012103	Sorbaria kirilowii (Regel) Maxim.	SPECIES	220	Magnoliopsida	Plantae
152544911	3012089	https://www.gbif.org/species/3012089	Sorbaria sorbifolia (L.) A.Braun	ACCEPTED	3012089	Sorbaria sorbifolia (L.) A.Braun	SPECIES	220	Magnoliopsida	Plantae
152544913	2988354	https://www.gbif.org/species/2988354	Physocarpus opulifolius (L.) Maxim.	ACCEPTED	2988354	Physocarpus opulifolius (L.) Maxim.	SPECIES	220	Magnoliopsida	Plantae
152544915	2996525	https://www.gbif.org/species/2996525	Rubus armeniacus Focke	ACCEPTED	2996525	Rubus armeniacus Focke	SPECIES	220	Magnoliopsida	Plantae
152544916	2994912	https://www.gbif.org/species/2994912	Rubus odoratus L.	ACCEPTED	2994912	Rubus odoratus L.	SPECIES	220	Magnoliopsida	Plantae
152544917	2995149	https://www.gbif.org/species/2995149	Rubus phoenicolasius Maxim.	ACCEPTED	2995149	Rubus phoenicolasius Maxim.	SPECIES	220	Magnoliopsida	Plantae
152544918	2989222	https://www.gbif.org/species/2989222	Rubus tricolor Focke	ACCEPTED	2989222	Rubus tricolor Focke	SPECIES	220	Magnoliopsida	Plantae
152544919	2992543	https://www.gbif.org/species/2992543	Rubus laciniatus Willd.	ACCEPTED	2992543	Rubus laciniatus Willd.	SPECIES	220	Magnoliopsida	Plantae
152544921	2994120	https://www.gbif.org/species/2994120	Rubus cockburnianus Hemsl.	ACCEPTED	2994120	Rubus cockburnianus Hemsl.	SPECIES	220	Magnoliopsida	Plantae
152544922	2993761	https://www.gbif.org/species/2993761	Rubus spectabilis Pursh	ACCEPTED	2993761	Rubus spectabilis Pursh	SPECIES	220	Magnoliopsida	Plantae
152544924	3853033	https://www.gbif.org/species/3853033	Neillia incisa (Thunb.) S.H.Oh	ACCEPTED	3853033	Neillia incisa (Thunb.) S.H.Oh	SPECIES	220	Magnoliopsida	Plantae
152544925	2987948	https://www.gbif.org/species/2987948	Neillia tanakae Franch. & Sav.	ACCEPTED	2987948	Neillia tanakae Franch. & Sav.	SPECIES	220	Magnoliopsida	Plantae
152544931	5646410	https://www.gbif.org/species/5646410	Blumenbachia hieronymi Urb.	ACCEPTED	5646410	Blumenbachia hieronymi Urb.	SPECIES	220	Magnoliopsida	Plantae
152544934	8421432	https://www.gbif.org/species/8421432	Cornus sanguinea subsp. hungarica (Kárpáti) Soó	ACCEPTED	8421432	Cornus sanguinea subsp. hungarica (Kárpáti) Soó	SUBSPECIES	220	Magnoliopsida	Plantae
152544935	3663237	https://www.gbif.org/species/3663237	Cornus sanguinea subsp. australis (C.A.Mey.) Jáv.	ACCEPTED	3663237	Cornus sanguinea subsp. australis (C.A.Mey.) Jáv.	SUBSPECIES	220	Magnoliopsida	Plantae
152544936	3082244	https://www.gbif.org/species/3082244	Cornus sericea L.	ACCEPTED	3082244	Cornus sericea L.	SPECIES	220	Magnoliopsida	Plantae
152544939	2985994	https://www.gbif.org/species/2985994	Hydrangea macrophylla (Thunb.) Ser.	ACCEPTED	2985994	Hydrangea macrophylla (Thunb.) Ser.	SPECIES	220	Magnoliopsida	Plantae
152544940	2985995	https://www.gbif.org/species/2985995	Hydrangea paniculata Siebold	ACCEPTED	2985995	Hydrangea paniculata Siebold	SPECIES	220	Magnoliopsida	Plantae
152544942	3645346	https://www.gbif.org/species/3645346	Philadelphus ×virginalis Rehder	ACCEPTED	3645346	Philadelphus ×virginalis Rehder	SPECIES	220	Magnoliopsida	Plantae
152544943	2986022	https://www.gbif.org/species/2986022	Philadelphus pubescens Loisel.	ACCEPTED	2986022	Philadelphus pubescens Loisel.	SPECIES	220	Magnoliopsida	Plantae
152544944	2986045	https://www.gbif.org/species/2986045	Philadelphus coronarius L.	ACCEPTED	2986045	Philadelphus coronarius L.	SPECIES	220	Magnoliopsida	Plantae
152544946	2985965	https://www.gbif.org/species/2985965	Deutzia scabra Thunb.	ACCEPTED	2985965	Deutzia scabra Thunb.	SPECIES	220	Magnoliopsida	Plantae
152544950	2929710	https://www.gbif.org/species/2929710	Solanum chenopodioides Lam.	ACCEPTED	2929710	Solanum chenopodioides Lam.	SPECIES	220	Magnoliopsida	Plantae
152544953	8969026	https://www.gbif.org/species/8969026	Physalis philadelphica Lam.	ACCEPTED	8969026	Physalis philadelphica Lam.	SPECIES	220	Magnoliopsida	Plantae
152544954	5341768	https://www.gbif.org/species/5341768	Physalis cinerascens (Dunal) Hitchc.	ACCEPTED	5341768	Physalis cinerascens (Dunal) Hitchc.	SPECIES	220	Magnoliopsida	Plantae
152544955	5341819	https://www.gbif.org/species/5341819	Physalis pubescens L.	ACCEPTED	5341819	Physalis pubescens L.	SPECIES	220	Magnoliopsida	Plantae
152544956	5341784	https://www.gbif.org/species/5341784	Physalis peruviana L.	ACCEPTED	5341784	Physalis peruviana L.	SPECIES	220	Magnoliopsida	Plantae
152544958	5341754	https://www.gbif.org/species/5341754	Nicandra physalodes (L.) Gaertn.	ACCEPTED	5341754	Nicandra physalodes (L.) Gaertn.	SPECIES	220	Magnoliopsida	Plantae
152544961	3798835	https://www.gbif.org/species/3798835	Nicotiana velutina H.-M.Wheeler	ACCEPTED	3798835	Nicotiana velutina H.-M.Wheeler	SPECIES	220	Magnoliopsida	Plantae
152544962	2928783	https://www.gbif.org/species/2928783	Nicotiana glauca Graham	ACCEPTED	2928783	Nicotiana glauca Graham	SPECIES	220	Magnoliopsida	Plantae
152544963	2928775	https://www.gbif.org/species/2928775	Nicotiana rustica L.	ACCEPTED	2928775	Nicotiana rustica L.	SPECIES	220	Magnoliopsida	Plantae
152544964	2928779	https://www.gbif.org/species/2928779	Nicotiana forgetiana Hemsl.	DOUBTFUL	2928779	Nicotiana forgetiana Hemsl.	SPECIES	220	Magnoliopsida	Plantae
152544965	2928767	https://www.gbif.org/species/2928767	Nicotiana sylvestris Speg.	ACCEPTED	2928767	Nicotiana sylvestris Speg.	SPECIES	220	Magnoliopsida	Plantae
152544966	2928774	https://www.gbif.org/species/2928774	Nicotiana tabacum L.	ACCEPTED	2928774	Nicotiana tabacum L.	SPECIES	220	Magnoliopsida	Plantae
152544967	2928761	https://www.gbif.org/species/2928761	Nicotiana alata Link & Otto	ACCEPTED	2928761	Nicotiana alata Link & Otto	SPECIES	220	Magnoliopsida	Plantae
152544968	2928766	https://www.gbif.org/species/2928766	Nicotiana longiflora Cav.	ACCEPTED	2928766	Nicotiana longiflora Cav.	SPECIES	220	Magnoliopsida	Plantae
152544970	7894250	https://www.gbif.org/species/7894250	Datura ferox L.	ACCEPTED	7894250	Datura ferox L.	SPECIES	220	Magnoliopsida	Plantae
152544971	2928755	https://www.gbif.org/species/2928755	Datura innoxia Mill.	ACCEPTED	2928755	Datura innoxia Mill.	SPECIES	220	Magnoliopsida	Plantae
152544972	2928751	https://www.gbif.org/species/2928751	Datura stramonium L.	ACCEPTED	2928751	Datura stramonium L.	SPECIES	220	Magnoliopsida	Plantae
152544974	2928835	https://www.gbif.org/species/2928835	Lycium barbarum L.	ACCEPTED	2928835	Lycium barbarum L.	SPECIES	220	Magnoliopsida	Plantae
152544975	2928809	https://www.gbif.org/species/2928809	Lycium chinense Mill.	ACCEPTED	2928809	Lycium chinense Mill.	SPECIES	220	Magnoliopsida	Plantae
152544978	2928861	https://www.gbif.org/species/2928861	Petunia integrifolia (Hook.) Schinz & Thell.	ACCEPTED	2928861	Petunia integrifolia (Hook.) Schinz & Thell.	SPECIES	220	Magnoliopsida	Plantae
152544980	2928979	https://www.gbif.org/species/2928979	Hyoscyamus albus L.	ACCEPTED	2928979	Hyoscyamus albus L.	SPECIES	220	Magnoliopsida	Plantae
152544984	3802956	https://www.gbif.org/species/3802956	Solanum villosum subsp. villosum	ACCEPTED	3802956	Solanum villosum subsp. villosum	SUBSPECIES	220	Magnoliopsida	Plantae
152544986	2929892	https://www.gbif.org/species/2929892	Solanum elaeagnifolium Cav.	ACCEPTED	2929892	Solanum elaeagnifolium Cav.	SPECIES	220	Magnoliopsida	Plantae
152544987	2930262	https://www.gbif.org/species/2930262	Solanum tuberosum L.	ACCEPTED	2930262	Solanum tuberosum L.	SPECIES	220	Magnoliopsida	Plantae
152544988	2930137	https://www.gbif.org/species/2930137	Solanum lycopersicum L.	ACCEPTED	2930137	Solanum lycopersicum L.	SPECIES	220	Magnoliopsida	Plantae
152544989	2931104	https://www.gbif.org/species/2931104	Solanum pseudocapsicum L.	ACCEPTED	2931104	Solanum pseudocapsicum L.	SPECIES	220	Magnoliopsida	Plantae
152544990	2930805	https://www.gbif.org/species/2930805	Solanum sarrachoides Sendtn.	ACCEPTED	2930805	Solanum sarrachoides Sendtn.	SPECIES	220	Magnoliopsida	Plantae
152544991	2932011	https://www.gbif.org/species/2932011	Solanum carolinense L.	ACCEPTED	2932011	Solanum carolinense L.	SPECIES	220	Magnoliopsida	Plantae
152544992	2931914	https://www.gbif.org/species/2931914	Solanum viarum Dunal	ACCEPTED	2931914	Solanum viarum Dunal	SPECIES	220	Magnoliopsida	Plantae
152544994	2932184	https://www.gbif.org/species/2932184	Solanum sisymbriifolium Lam.	ACCEPTED	2932184	Solanum sisymbriifolium Lam.	SPECIES	220	Magnoliopsida	Plantae
152544995	2932501	https://www.gbif.org/species/2932501	Solanum pygmaeum Cav.	ACCEPTED	2932501	Solanum pygmaeum Cav.	SPECIES	220	Magnoliopsida	Plantae
152544997	2932905	https://www.gbif.org/species/2932905	Salpiglossis sinuata Ruiz & Pav.	ACCEPTED	2932905	Salpiglossis sinuata Ruiz & Pav.	SPECIES	220	Magnoliopsida	Plantae
152544999	2932944	https://www.gbif.org/species/2932944	Capsicum annuum L.	ACCEPTED	2932944	Capsicum annuum L.	SPECIES	220	Magnoliopsida	Plantae
152545002	7427650	https://www.gbif.org/species/7427650	Convolvulus tricolor subsp. cupanianus (Tod.) Cavara & Grande	ACCEPTED	7427650	Convolvulus tricolor subsp. cupanianus (Tod.) Cavara & Grande	SUBSPECIES	220	Magnoliopsida	Plantae
152545003	7323906	https://www.gbif.org/species/7323906	Convolvulus tricolor subsp. tricolor	ACCEPTED	7323906	Convolvulus tricolor subsp. tricolor	SUBSPECIES	220	Magnoliopsida	Plantae
152545005	3678949	https://www.gbif.org/species/3678949	Calystegia ×pulchra Brumm. & Heywood	ACCEPTED	3678949	Calystegia ×pulchra Brumm. & Heywood	SPECIES	220	Magnoliopsida	Plantae
152545008	2928624	https://www.gbif.org/species/2928624	Ipomoea hederifolia L.	ACCEPTED	2928624	Ipomoea hederifolia L.	SPECIES	220	Magnoliopsida	Plantae
152545010	2928589	https://www.gbif.org/species/2928589	Ipomoea tricolor Cav.	ACCEPTED	2928589	Ipomoea tricolor Cav.	SPECIES	220	Magnoliopsida	Plantae
152545011	2928583	https://www.gbif.org/species/2928583	Ipomoea ×leucantha Jacq.	ACCEPTED	2928583	Ipomoea ×leucantha Jacq.	SPECIES	220	Magnoliopsida	Plantae
152545012	2928576	https://www.gbif.org/species/2928576	Ipomoea purpurea (L.) Roth	ACCEPTED	2928576	Ipomoea purpurea (L.) Roth	SPECIES	220	Magnoliopsida	Plantae
152545013	2928538	https://www.gbif.org/species/2928538	Ipomoea hederacea Jacq.	ACCEPTED	2928538	Ipomoea hederacea Jacq.	SPECIES	220	Magnoliopsida	Plantae
152545015	2928668	https://www.gbif.org/species/2928668	Dichondra argentea Humb. & Bonpl. ex Willd.	ACCEPTED	2928668	Dichondra argentea Humb. & Bonpl. ex Willd.	SPECIES	220	Magnoliopsida	Plantae
152545016	2928666	https://www.gbif.org/species/2928666	Dichondra micrantha Urb.	ACCEPTED	2928666	Dichondra micrantha Urb.	SPECIES	220	Magnoliopsida	Plantae
152545019	3678256	https://www.gbif.org/species/3678256	Cuscuta lupuliformis Krock.	ACCEPTED	3678256	Cuscuta lupuliformis Krock.	SPECIES	220	Magnoliopsida	Plantae
152545020	2927484	https://www.gbif.org/species/2927484	Cuscuta suaveolens Ser.	ACCEPTED	2927484	Cuscuta suaveolens Ser.	SPECIES	220	Magnoliopsida	Plantae
152545021	2927522	https://www.gbif.org/species/2927522	Cuscuta planiflora Ten.	ACCEPTED	2927522	Cuscuta planiflora Ten.	SPECIES	220	Magnoliopsida	Plantae
152545022	2927530	https://www.gbif.org/species/2927530	Cuscuta epilinum Weihe	ACCEPTED	2927530	Cuscuta epilinum Weihe	SPECIES	220	Magnoliopsida	Plantae
152545026	5356345	https://www.gbif.org/species/5356345	Laburnum anagyroides Medik.	ACCEPTED	5356345	Laburnum anagyroides Medik.	SPECIES	220	Magnoliopsida	Plantae
152545028	5356429	https://www.gbif.org/species/5356429	Lathyrus angulatus L.	ACCEPTED	5356429	Lathyrus angulatus L.	SPECIES	220	Magnoliopsida	Plantae
152545029	5356407	https://www.gbif.org/species/5356407	Lathyrus clymenum L.	ACCEPTED	5356407	Lathyrus clymenum L.	SPECIES	220	Magnoliopsida	Plantae
152545030	5356441	https://www.gbif.org/species/5356441	Lathyrus ochrus (L.) DC.	ACCEPTED	5356441	Lathyrus ochrus (L.) DC.	SPECIES	220	Magnoliopsida	Plantae
152545031	5356361	https://www.gbif.org/species/5356361	Lathyrus annuus L.	ACCEPTED	5356361	Lathyrus annuus L.	SPECIES	220	Magnoliopsida	Plantae
152545032	5356662	https://www.gbif.org/species/5356662	Lathyrus niger (L.) Bernh.	ACCEPTED	5356662	Lathyrus niger (L.) Bernh.	SPECIES	220	Magnoliopsida	Plantae
152545033	5356614	https://www.gbif.org/species/5356614	Lathyrus inconspicuus L.	ACCEPTED	5356614	Lathyrus inconspicuus L.	SPECIES	220	Magnoliopsida	Plantae
152545034	5356704	https://www.gbif.org/species/5356704	Lathyrus vernus (L.) Bernh.	ACCEPTED	5356704	Lathyrus vernus (L.) Bernh.	SPECIES	220	Magnoliopsida	Plantae
152545035	5356680	https://www.gbif.org/species/5356680	Lathyrus sphaericus Retz.	ACCEPTED	5356680	Lathyrus sphaericus Retz.	SPECIES	220	Magnoliopsida	Plantae
152545036	5356514	https://www.gbif.org/species/5356514	Lathyrus odoratus L.	ACCEPTED	5356514	Lathyrus odoratus L.	SPECIES	220	Magnoliopsida	Plantae
152545037	5356488	https://www.gbif.org/species/5356488	Lathyrus sativus L.	ACCEPTED	5356488	Lathyrus sativus L.	SPECIES	220	Magnoliopsida	Plantae
152545038	5356541	https://www.gbif.org/species/5356541	Lathyrus heterophyllus L.	ACCEPTED	5356541	Lathyrus heterophyllus L.	SPECIES	220	Magnoliopsida	Plantae
152545039	5356517	https://www.gbif.org/species/5356517	Lathyrus latifolius L.	ACCEPTED	5356517	Lathyrus latifolius L.	SPECIES	220	Magnoliopsida	Plantae
152545041	5357407	https://www.gbif.org/species/5357407	Amorpha fruticosa L.	ACCEPTED	5357407	Amorpha fruticosa L.	SPECIES	220	Magnoliopsida	Plantae
152545043	5358265	https://www.gbif.org/species/5358265	Ornithopus compressus L.	ACCEPTED	5358265	Ornithopus compressus L.	SPECIES	220	Magnoliopsida	Plantae
152545044	5358266	https://www.gbif.org/species/5358266	Ornithopus sativus Brot.	ACCEPTED	5358266	Ornithopus sativus Brot.	SPECIES	220	Magnoliopsida	Plantae
152545046	5356973	https://www.gbif.org/species/5356973	Lotus maritimus L.	ACCEPTED	5356973	Lotus maritimus L.	SPECIES	220	Magnoliopsida	Plantae
152545047	5356862	https://www.gbif.org/species/5356862	Lotus tetragonolobus L.	ACCEPTED	5356862	Lotus tetragonolobus L.	SPECIES	220	Magnoliopsida	Plantae
152545048	5356931	https://www.gbif.org/species/5356931	Lotus angustissimus L.	ACCEPTED	5356931	Lotus angustissimus L.	SPECIES	220	Magnoliopsida	Plantae
152545049	5356971	https://www.gbif.org/species/5356971	Lotus conimbricensis Brot.	ACCEPTED	5356971	Lotus conimbricensis Brot.	SPECIES	220	Magnoliopsida	Plantae
152545051	7600608	https://www.gbif.org/species/7600608	Trifolium sylvaticum Gérard ex Loisel.	DOUBTFUL	7600608	Trifolium sylvaticum Gérard ex Loisel.	SPECIES	220	Magnoliopsida	Plantae
152545052	7224427	https://www.gbif.org/species/7224427	Trifolium hybridum subsp. hybridum	ACCEPTED	7224427	Trifolium hybridum subsp. hybridum	SUBSPECIES	220	Magnoliopsida	Plantae
152545053	5358694	https://www.gbif.org/species/5358694	Trifolium glomeratum L.	ACCEPTED	5358694	Trifolium glomeratum L.	SPECIES	220	Magnoliopsida	Plantae
152545054	5358774	https://www.gbif.org/species/5358774	Trifolium nigrescens Viv.	ACCEPTED	5358774	Trifolium nigrescens Viv.	SPECIES	220	Magnoliopsida	Plantae
152545055	5358906	https://www.gbif.org/species/5358906	Trifolium constantinopolitanum Ser.	ACCEPTED	5358906	Trifolium constantinopolitanum Ser.	SPECIES	220	Magnoliopsida	Plantae
152545056	5359037	https://www.gbif.org/species/5359037	Trifolium stellatum L.	ACCEPTED	5359037	Trifolium stellatum L.	SPECIES	220	Magnoliopsida	Plantae
152545057	5358913	https://www.gbif.org/species/5358913	Trifolium lappaceum L.	ACCEPTED	5358913	Trifolium lappaceum L.	SPECIES	220	Magnoliopsida	Plantae
152545058	5358912	https://www.gbif.org/species/5358912	Trifolium diffusum Ehrh.	ACCEPTED	5358912	Trifolium diffusum Ehrh.	SPECIES	220	Magnoliopsida	Plantae
152545059	5358907	https://www.gbif.org/species/5358907	Trifolium alexandrinum L.	ACCEPTED	5358907	Trifolium alexandrinum L.	SPECIES	220	Magnoliopsida	Plantae
152545060	5359118	https://www.gbif.org/species/5359118	Trifolium retusum L.	ACCEPTED	5359118	Trifolium retusum L.	SPECIES	220	Magnoliopsida	Plantae
152545061	5359109	https://www.gbif.org/species/5359109	Trifolium squarrosum L.	ACCEPTED	5359109	Trifolium squarrosum L.	SPECIES	220	Magnoliopsida	Plantae
152545062	5359099	https://www.gbif.org/species/5359099	Trifolium suffocatum L.	ACCEPTED	5359099	Trifolium suffocatum L.	SPECIES	220	Magnoliopsida	Plantae
152545063	5359067	https://www.gbif.org/species/5359067	Trifolium pannonicum Jacq.	ACCEPTED	5359067	Trifolium pannonicum Jacq.	SPECIES	220	Magnoliopsida	Plantae
152545064	5359249	https://www.gbif.org/species/5359249	Trifolium rubens L.	ACCEPTED	5359249	Trifolium rubens L.	SPECIES	220	Magnoliopsida	Plantae
152545065	5359194	https://www.gbif.org/species/5359194	Trifolium squamosum L.	ACCEPTED	5359194	Trifolium squamosum L.	SPECIES	220	Magnoliopsida	Plantae
152545066	5359175	https://www.gbif.org/species/5359175	Trifolium resupinatum L.	ACCEPTED	5359175	Trifolium resupinatum L.	SPECIES	220	Magnoliopsida	Plantae
152545067	5359169	https://www.gbif.org/species/5359169	Trifolium michelianum Savi	ACCEPTED	5359169	Trifolium michelianum Savi	SPECIES	220	Magnoliopsida	Plantae
152545068	5359345	https://www.gbif.org/species/5359345	Trifolium echinatum M.Bieb.	ACCEPTED	5359345	Trifolium echinatum M.Bieb.	SPECIES	220	Magnoliopsida	Plantae
152545069	5359334	https://www.gbif.org/species/5359334	Trifolium vesiculosum Savi	ACCEPTED	5359334	Trifolium vesiculosum Savi	SPECIES	220	Magnoliopsida	Plantae
152545070	5359263	https://www.gbif.org/species/5359263	Trifolium spumosum L.	ACCEPTED	5359263	Trifolium spumosum L.	SPECIES	220	Magnoliopsida	Plantae
152545071	5359260	https://www.gbif.org/species/5359260	Trifolium patens Schreb.	ACCEPTED	5359260	Trifolium patens Schreb.	SPECIES	220	Magnoliopsida	Plantae
152545072	5359402	https://www.gbif.org/species/5359402	Trifolium hybridum subsp. elegans (Savi) Asch. & Graebn.	ACCEPTED	5359402	Trifolium hybridum subsp. elegans (Savi) Asch. & Graebn.	SUBSPECIES	220	Magnoliopsida	Plantae
152545073	5359411	https://www.gbif.org/species/5359411	Trifolium pallidum Waldst. & Kit.	ACCEPTED	5359411	Trifolium pallidum Waldst. & Kit.	SPECIES	220	Magnoliopsida	Plantae
152545074	5359378	https://www.gbif.org/species/5359378	Trifolium incarnatum L.	ACCEPTED	5359378	Trifolium incarnatum L.	SPECIES	220	Magnoliopsida	Plantae
152545075	5359395	https://www.gbif.org/species/5359395	Trifolium angustifolium L.	ACCEPTED	5359395	Trifolium angustifolium L.	SPECIES	220	Magnoliopsida	Plantae
152545076	5359475	https://www.gbif.org/species/5359475	Trifolium strictum L.	ACCEPTED	5359475	Trifolium strictum L.	SPECIES	220	Magnoliopsida	Plantae
152545077	5359499	https://www.gbif.org/species/5359499	Trifolium alpestre L.	ACCEPTED	5359499	Trifolium alpestre L.	SPECIES	220	Magnoliopsida	Plantae
152545078	5359445	https://www.gbif.org/species/5359445	Trifolium hirtum All.	ACCEPTED	5359445	Trifolium hirtum All.	SPECIES	220	Magnoliopsida	Plantae
152545079	5359447	https://www.gbif.org/species/5359447	Trifolium isthmocarpum Brot.	ACCEPTED	5359447	Trifolium isthmocarpum Brot.	SPECIES	220	Magnoliopsida	Plantae
152545080	5359510	https://www.gbif.org/species/5359510	Trifolium tomentosum L.	ACCEPTED	5359510	Trifolium tomentosum L.	SPECIES	220	Magnoliopsida	Plantae
152545081	5359526	https://www.gbif.org/species/5359526	Trifolium purpureum Loisel.	ACCEPTED	5359526	Trifolium purpureum Loisel.	SPECIES	220	Magnoliopsida	Plantae
152545083	5358301	https://www.gbif.org/species/5358301	Scorpiurus vermiculatus L.	ACCEPTED	5358301	Scorpiurus vermiculatus L.	SPECIES	220	Magnoliopsida	Plantae
152545088	5348644	https://www.gbif.org/species/5348644	Coronilla scorpioides (L.) W.D.J.Koch	ACCEPTED	5348644	Coronilla scorpioides (L.) W.D.J.Koch	SPECIES	220	Magnoliopsida	Plantae
152545091	5347854	https://www.gbif.org/species/5347854	Pisum sativum var. sativum	SYNONYM	10683509	Lathyrus oleraceus var. oleraceus	VARIETY	220	Magnoliopsida	Plantae
152545093	5352251	https://www.gbif.org/species/5352251	Robinia pseudoacacia L.	ACCEPTED	5352251	Robinia pseudoacacia L.	SPECIES	220	Magnoliopsida	Plantae
152545095	5350466	https://www.gbif.org/species/5350466	Phaseolus coccineus L.	ACCEPTED	5350466	Phaseolus coccineus L.	SPECIES	220	Magnoliopsida	Plantae
152545096	5350452	https://www.gbif.org/species/5350452	Phaseolus vulgaris L.	ACCEPTED	5350452	Phaseolus vulgaris L.	SPECIES	220	Magnoliopsida	Plantae
152545101	5353705	https://www.gbif.org/species/5353705	Hippocrepis emerus (L.) Lassen	ACCEPTED	5353705	Hippocrepis emerus (L.) Lassen	SPECIES	220	Magnoliopsida	Plantae
152545103	5353590	https://www.gbif.org/species/5353590	Cercis siliquastrum L.	ACCEPTED	5353590	Cercis siliquastrum L.	SPECIES	220	Magnoliopsida	Plantae
152545105	5352372	https://www.gbif.org/species/5352372	Anthyllis vulneraria subsp. polyphylla (DC.) Nyman	ACCEPTED	5352372	Anthyllis vulneraria subsp. polyphylla (DC.) Nyman	SUBSPECIES	220	Magnoliopsida	Plantae
152545106	5352425	https://www.gbif.org/species/5352425	Anthyllis vulneraria subsp. carpatica (Pant.) Nyman	ACCEPTED	5352425	Anthyllis vulneraria subsp. carpatica (Pant.) Nyman	SUBSPECIES	220	Magnoliopsida	Plantae
152545108	5355395	https://www.gbif.org/species/5355395	Spartium junceum L.	ACCEPTED	5355395	Spartium junceum L.	SPECIES	220	Magnoliopsida	Plantae
152545110	7681436	https://www.gbif.org/species/7681436	Cytisus multiflorus (L'Hér.) Sweet	ACCEPTED	7681436	Cytisus multiflorus (L'Hér.) Sweet	SPECIES	220	Magnoliopsida	Plantae
152545111	5354676	https://www.gbif.org/species/5354676	Cytisus decumbens (Durande) Spach	ACCEPTED	5354676	Cytisus decumbens (Durande) Spach	SPECIES	220	Magnoliopsida	Plantae
152545112	5354707	https://www.gbif.org/species/5354707	Cytisus striatus (Hill) Rothm.	ACCEPTED	5354707	Cytisus striatus (Hill) Rothm.	SPECIES	220	Magnoliopsida	Plantae
152545115	5353770	https://www.gbif.org/species/5353770	Arachis hypogaea L.	ACCEPTED	5353770	Arachis hypogaea L.	SPECIES	220	Magnoliopsida	Plantae
152545117	5359660	https://www.gbif.org/species/5359660	Glycine max (L.) Merr.	ACCEPTED	5359660	Glycine max (L.) Merr.	SPECIES	220	Magnoliopsida	Plantae
152545119	5632334	https://www.gbif.org/species/5632334	Trigonella hierosolymitana Boiss.	ACCEPTED	5632334	Trigonella hierosolymitana Boiss.	SPECIES	220	Magnoliopsida	Plantae
152545120	5360451	https://www.gbif.org/species/5360451	Trigonella esculenta Willd.	ACCEPTED	5360451	Trigonella esculenta Willd.	SPECIES	220	Magnoliopsida	Plantae
152545121	5360429	https://www.gbif.org/species/5360429	Trigonella caelesyriaca Boiss.	ACCEPTED	5360429	Trigonella caelesyriaca Boiss.	SPECIES	220	Magnoliopsida	Plantae
152545122	5360475	https://www.gbif.org/species/5360475	Trigonella foenum-graecum L.	ACCEPTED	5360475	Trigonella foenum-graecum L.	SPECIES	220	Magnoliopsida	Plantae
152545123	5360465	https://www.gbif.org/species/5360465	Trigonella arabica Delile	ACCEPTED	5360465	Trigonella arabica Delile	SPECIES	220	Magnoliopsida	Plantae
152545124	5360508	https://www.gbif.org/species/5360508	Trigonella maritima Delile ex Poir.	DOUBTFUL	5360508	Trigonella maritima Delile ex Poir.	SPECIES	220	Magnoliopsida	Plantae
152545125	5360498	https://www.gbif.org/species/5360498	Trigonella caerulea (L.) Ser.	ACCEPTED	5360498	Trigonella caerulea (L.) Ser.	SPECIES	220	Magnoliopsida	Plantae
152545126	5360523	https://www.gbif.org/species/5360523	Trigonella spinosa L.	ACCEPTED	5360523	Trigonella spinosa L.	SPECIES	220	Magnoliopsida	Plantae
152545127	5360415	https://www.gbif.org/species/5360415	Trigonella calliceras Fisch.	DOUBTFUL	5360415	Trigonella calliceras Fisch.	SPECIES	220	Magnoliopsida	Plantae
152545128	5360417	https://www.gbif.org/species/5360417	Trigonella stellata Forssk.	ACCEPTED	5360417	Trigonella stellata Forssk.	SPECIES	220	Magnoliopsida	Plantae
152545129	5360402	https://www.gbif.org/species/5360402	Trigonella procumbens (Besser) Rchb.	ACCEPTED	5360402	Trigonella procumbens (Besser) Rchb.	SPECIES	220	Magnoliopsida	Plantae
152545131	5345430	https://www.gbif.org/species/5345430	Astragalus oxyglottis Steven ex M.Bieb.	ACCEPTED	5345430	Astragalus oxyglottis Steven ex M.Bieb.	SPECIES	220	Magnoliopsida	Plantae
152545132	5345210	https://www.gbif.org/species/5345210	Astragalus stella L.	ACCEPTED	5345210	Astragalus stella L.	SPECIES	220	Magnoliopsida	Plantae
152545133	5344663	https://www.gbif.org/species/5344663	Astragalus boeticus L.	ACCEPTED	5344663	Astragalus boeticus L.	SPECIES	220	Magnoliopsida	Plantae
152545134	5344424	https://www.gbif.org/species/5344424	Astragalus cymbicarpos Brot.	ACCEPTED	5344424	Astragalus cymbicarpos Brot.	SPECIES	220	Magnoliopsida	Plantae
152545135	5343253	https://www.gbif.org/species/5343253	Astragalus cicer L.	ACCEPTED	5343253	Astragalus cicer L.	SPECIES	220	Magnoliopsida	Plantae
152545136	5356481	https://www.gbif.org/species/5356481	Lathyrus cicera L.	ACCEPTED	5356481	Lathyrus cicera L.	SPECIES	220	Magnoliopsida	Plantae
152545137	5342681	https://www.gbif.org/species/5342681	Astragalus hamosus L.	ACCEPTED	5342681	Astragalus hamosus L.	SPECIES	220	Magnoliopsida	Plantae
152545138	5342618	https://www.gbif.org/species/5342618	Astragalus onobrychis L.	ACCEPTED	5342618	Astragalus onobrychis L.	SPECIES	220	Magnoliopsida	Plantae
152545142	2982380	https://www.gbif.org/species/2982380	Vigna radiata (L.) R.Wilczek	ACCEPTED	2982380	Vigna radiata (L.) R.Wilczek	SPECIES	220	Magnoliopsida	Plantae
152545144	2977222	https://www.gbif.org/species/2977222	Ononis alopecuroides L.	ACCEPTED	2977222	Ononis alopecuroides L.	SPECIES	220	Magnoliopsida	Plantae
152545145	2977234	https://www.gbif.org/species/2977234	Ononis natrix L.	ACCEPTED	2977234	Ononis natrix L.	SPECIES	220	Magnoliopsida	Plantae
152545147	2975667	https://www.gbif.org/species/2975667	Galega officinalis L.	ACCEPTED	2975667	Galega officinalis L.	SPECIES	220	Magnoliopsida	Plantae
152545150	2972595	https://www.gbif.org/species/2972595	Onobrychis viciifolia Scop.	ACCEPTED	2972595	Onobrychis viciifolia Scop.	SPECIES	220	Magnoliopsida	Plantae
152545154	2971095	https://www.gbif.org/species/2971095	Melilotus albus Medik.	ACCEPTED	2971095	Melilotus albus Medik.	SPECIES	220	Magnoliopsida	Plantae
152545156	2971112	https://www.gbif.org/species/2971112	Melilotus sulcatus Desf.	ACCEPTED	2971112	Melilotus sulcatus Desf.	SPECIES	220	Magnoliopsida	Plantae
152545157	2971016	https://www.gbif.org/species/2971016	Melilotus indicus (L.) All.	ACCEPTED	2971016	Melilotus indicus (L.) All.	SPECIES	220	Magnoliopsida	Plantae
152545158	2971033	https://www.gbif.org/species/2971033	Melilotus infestus Guss.	ACCEPTED	2971033	Melilotus infestus Guss.	SPECIES	220	Magnoliopsida	Plantae
152545159	2971036	https://www.gbif.org/species/2971036	Melilotus elegans Salzm. ex Ser.	ACCEPTED	2971036	Melilotus elegans Salzm. ex Ser.	SPECIES	220	Magnoliopsida	Plantae
152545160	2971068	https://www.gbif.org/species/2971068	Melilotus wolgicus Poir.	ACCEPTED	2971068	Melilotus wolgicus Poir.	SPECIES	220	Magnoliopsida	Plantae
152545163	7068379	https://www.gbif.org/species/7068379	Vicia sativa subsp. sativa	ACCEPTED	7068379	Vicia sativa subsp. sativa	SUBSPECIES	220	Magnoliopsida	Plantae
152545165	7225471	https://www.gbif.org/species/7225471	Vicia villosa subsp. villosa	ACCEPTED	7225471	Vicia villosa subsp. villosa	SUBSPECIES	220	Magnoliopsida	Plantae
152545166	2975416	https://www.gbif.org/species/2975416	Vicia monantha Retz.	ACCEPTED	2975416	Vicia monantha Retz.	SPECIES	220	Magnoliopsida	Plantae
152545167	2975384	https://www.gbif.org/species/2975384	Vicia benghalensis L.	ACCEPTED	2975384	Vicia benghalensis L.	SPECIES	220	Magnoliopsida	Plantae
152545168	2975393	https://www.gbif.org/species/2975393	Vicia sicula (Raf.) Guss.	ACCEPTED	2975393	Vicia sicula (Raf.) Guss.	SPECIES	220	Magnoliopsida	Plantae
152545169	2975262	https://www.gbif.org/species/2975262	Vicia peregrina L.	ACCEPTED	2975262	Vicia peregrina L.	SPECIES	220	Magnoliopsida	Plantae
152545170	2975309	https://www.gbif.org/species/2975309	Vicia bithynica (L.) L.	ACCEPTED	2975309	Vicia bithynica (L.) L.	SPECIES	220	Magnoliopsida	Plantae
152545171	2975187	https://www.gbif.org/species/2975187	Vicia cuspidata Boiss.	ACCEPTED	2975187	Vicia cuspidata Boiss.	SPECIES	220	Magnoliopsida	Plantae
152545172	2975257	https://www.gbif.org/species/2975257	Vicia hybrida L.	ACCEPTED	2975257	Vicia hybrida L.	SPECIES	220	Magnoliopsida	Plantae
152545173	2974946	https://www.gbif.org/species/2974946	Vicia dumetorum L.	ACCEPTED	2974946	Vicia dumetorum L.	SPECIES	220	Magnoliopsida	Plantae
152545176	2975097	https://www.gbif.org/species/2975097	Vicia noeana Boiss. & Reut.	ACCEPTED	2975097	Vicia noeana Boiss. & Reut.	SPECIES	220	Magnoliopsida	Plantae
152545177	2974887	https://www.gbif.org/species/2974887	Vicia ervilia (L.) Willd.	ACCEPTED	2974887	Vicia ervilia (L.) Willd.	SPECIES	220	Magnoliopsida	Plantae
152545178	2974876	https://www.gbif.org/species/2974876	Vicia assyriaca Boiss.	ACCEPTED	2974876	Vicia assyriaca Boiss.	SPECIES	220	Magnoliopsida	Plantae
152545179	2974921	https://www.gbif.org/species/2974921	Vicia villosa subsp. varia (Host) Corb.	ACCEPTED	2974921	Vicia villosa subsp. varia (Host) Corb.	SUBSPECIES	220	Magnoliopsida	Plantae
152545180	2974901	https://www.gbif.org/species/2974901	Vicia grandiflora Scop.	ACCEPTED	2974901	Vicia grandiflora Scop.	SPECIES	220	Magnoliopsida	Plantae
152545182	2974793	https://www.gbif.org/species/2974793	Vicia sylvatica L.	ACCEPTED	2974793	Vicia sylvatica L.	SPECIES	220	Magnoliopsida	Plantae
152545183	2974832	https://www.gbif.org/species/2974832	Vicia faba L.	ACCEPTED	2974832	Vicia faba L.	SPECIES	220	Magnoliopsida	Plantae
152545184	2974826	https://www.gbif.org/species/2974826	Vicia hyrcanica Fisch. & C.A.Mey.	ACCEPTED	2974826	Vicia hyrcanica Fisch. & C.A.Mey.	SPECIES	220	Magnoliopsida	Plantae
152545185	2974753	https://www.gbif.org/species/2974753	Vicia lutea L.	ACCEPTED	2974753	Vicia lutea L.	SPECIES	220	Magnoliopsida	Plantae
152545187	7844167	https://www.gbif.org/species/7844167	Colutea arborescens L.	ACCEPTED	7844167	Colutea arborescens L.	SPECIES	220	Magnoliopsida	Plantae
152545188	2956441	https://www.gbif.org/species/2956441	Colutea ×media Willd.	ACCEPTED	2956441	Colutea ×media Willd.	SPECIES	220	Magnoliopsida	Plantae
152545190	2951998	https://www.gbif.org/species/2951998	Ulex gallii Planch.	ACCEPTED	2951998	Ulex gallii Planch.	SPECIES	220	Magnoliopsida	Plantae
152545191	2951968	https://www.gbif.org/species/2951968	Ulex minor Roth	ACCEPTED	2951968	Ulex minor Roth	SPECIES	220	Magnoliopsida	Plantae
152545193	2957966	https://www.gbif.org/species/2957966	Senna occidentalis (L.) Link	ACCEPTED	2957966	Senna occidentalis (L.) Link	SPECIES	220	Magnoliopsida	Plantae
152545194	2957408	https://www.gbif.org/species/2957408	Senna obtusifolia (L.) H.S.Irwin & Barneby	ACCEPTED	2957408	Senna obtusifolia (L.) H.S.Irwin & Barneby	SPECIES	220	Magnoliopsida	Plantae
152545196	2959443	https://www.gbif.org/species/2959443	Gleditsia triacanthos L.	ACCEPTED	2959443	Gleditsia triacanthos L.	SPECIES	220	Magnoliopsida	Plantae
152545201	2964025	https://www.gbif.org/species/2964025	Lupinus angustifolius L.	ACCEPTED	2964025	Lupinus angustifolius L.	SPECIES	220	Magnoliopsida	Plantae
152545202	2963817	https://www.gbif.org/species/2963817	Lupinus luteus L.	ACCEPTED	2963817	Lupinus luteus L.	SPECIES	220	Magnoliopsida	Plantae
152545203	2964167	https://www.gbif.org/species/2964167	Lupinus albus L.	ACCEPTED	2964167	Lupinus albus L.	SPECIES	220	Magnoliopsida	Plantae
152545204	2964355	https://www.gbif.org/species/2964355	Lupinus polyphyllus Lindl.	ACCEPTED	2964355	Lupinus polyphyllus Lindl.	SPECIES	220	Magnoliopsida	Plantae
152545206	9151957	https://www.gbif.org/species/9151957	Medicago sativa L.	ACCEPTED	9151957	Medicago sativa L.	SPECIES	220	Magnoliopsida	Plantae
152545207	2965531	https://www.gbif.org/species/2965531	Medicago polymorpha L.	ACCEPTED	2965531	Medicago polymorpha L.	SPECIES	220	Magnoliopsida	Plantae
152545208	2965438	https://www.gbif.org/species/2965438	Medicago rigidula (L.) All.	ACCEPTED	2965438	Medicago rigidula (L.) All.	SPECIES	220	Magnoliopsida	Plantae
152545209	2965459	https://www.gbif.org/species/2965459	Medicago doliata Carmign.	ACCEPTED	2965459	Medicago doliata Carmign.	SPECIES	220	Magnoliopsida	Plantae
152545210	2965461	https://www.gbif.org/species/2965461	Medicago turbinata (L.) All.	ACCEPTED	2965461	Medicago turbinata (L.) All.	SPECIES	220	Magnoliopsida	Plantae
152545211	2965485	https://www.gbif.org/species/2965485	Medicago littoralis Rohde ex Loisel.	ACCEPTED	2965485	Medicago littoralis Rohde ex Loisel.	SPECIES	220	Magnoliopsida	Plantae
152545212	2965209	https://www.gbif.org/species/2965209	Medicago murex Willd.	ACCEPTED	2965209	Medicago murex Willd.	SPECIES	220	Magnoliopsida	Plantae
152545213	2965232	https://www.gbif.org/species/2965232	Medicago carstiensis Wulfen	ACCEPTED	2965232	Medicago carstiensis Wulfen	SPECIES	220	Magnoliopsida	Plantae
152545214	2965233	https://www.gbif.org/species/2965233	Medicago fischeriana (Ser.) Trautv.	ACCEPTED	2965233	Medicago fischeriana (Ser.) Trautv.	SPECIES	220	Magnoliopsida	Plantae
152545215	2965221	https://www.gbif.org/species/2965221	Medicago laciniata (L.) Mill.	ACCEPTED	2965221	Medicago laciniata (L.) Mill.	SPECIES	220	Magnoliopsida	Plantae
152545216	2965226	https://www.gbif.org/species/2965226	Medicago monantha (C.A.Mey.) Trautv.	ACCEPTED	2965226	Medicago monantha (C.A.Mey.) Trautv.	SPECIES	220	Magnoliopsida	Plantae
152545217	2965299	https://www.gbif.org/species/2965299	Medicago orbicularis (L.) Bartal.	ACCEPTED	2965299	Medicago orbicularis (L.) Bartal.	SPECIES	220	Magnoliopsida	Plantae
152545218	2965397	https://www.gbif.org/species/2965397	Medicago scutellata (L.) Mill.	ACCEPTED	2965397	Medicago scutellata (L.) Mill.	SPECIES	220	Magnoliopsida	Plantae
152545220	2965280	https://www.gbif.org/species/2965280	Medicago truncatula Gaertn.	ACCEPTED	2965280	Medicago truncatula Gaertn.	SPECIES	220	Magnoliopsida	Plantae
152545221	2965419	https://www.gbif.org/species/2965419	Medicago praecox DC.	ACCEPTED	2965419	Medicago praecox DC.	SPECIES	220	Magnoliopsida	Plantae
152545222	2965434	https://www.gbif.org/species/2965434	Medicago monspeliaca (L.) Trautv.	ACCEPTED	2965434	Medicago monspeliaca (L.) Trautv.	SPECIES	220	Magnoliopsida	Plantae
152545226	2947311	https://www.gbif.org/species/2947311	Cicer arietinum L.	ACCEPTED	2947311	Cicer arietinum L.	SPECIES	220	Magnoliopsida	Plantae
152545228	2948921	https://www.gbif.org/species/2948921	Cullen americanum (L.) Rydb.	ACCEPTED	2948921	Cullen americanum (L.) Rydb.	SPECIES	220	Magnoliopsida	Plantae
152545230	2949235	https://www.gbif.org/species/2949235	Aeschynomene americana L.	ACCEPTED	2949235	Aeschynomene americana L.	SPECIES	220	Magnoliopsida	Plantae
152545231	2949250	https://www.gbif.org/species/2949250	Aeschynomene indica L.	ACCEPTED	2949250	Aeschynomene indica L.	SPECIES	220	Magnoliopsida	Plantae
152545235	6366597	https://www.gbif.org/species/6366597	Gentiana acaulis L.	ACCEPTED	6366597	Gentiana acaulis L.	SPECIES	220	Magnoliopsida	Plantae
152545236	7270381	https://www.gbif.org/species/7270381	Gentiana asclepiadea L.	ACCEPTED	7270381	Gentiana asclepiadea L.	SPECIES	220	Magnoliopsida	Plantae
152545237	3170040	https://www.gbif.org/species/3170040	Gentiana lutea L.	ACCEPTED	3170040	Gentiana lutea L.	SPECIES	220	Magnoliopsida	Plantae
152545240	7150619	https://www.gbif.org/species/7150619	Gomphocarpus fruticosus (L.) W.T.Aiton	ACCEPTED	7150619	Gomphocarpus fruticosus (L.) W.T.Aiton	SPECIES	220	Magnoliopsida	Plantae
152545242	5414545	https://www.gbif.org/species/5414545	Periploca graeca L.	ACCEPTED	5414545	Periploca graeca L.	SPECIES	220	Magnoliopsida	Plantae
152545244	5414550	https://www.gbif.org/species/5414550	Vincetoxicum rossicum (Kleopow) Barbar.	ACCEPTED	5414550	Vincetoxicum rossicum (Kleopow) Barbar.	SPECIES	220	Magnoliopsida	Plantae
152545245	5414551	https://www.gbif.org/species/5414551	Vincetoxicum nigrum (L.) Moench	ACCEPTED	5414551	Vincetoxicum nigrum (L.) Moench	SPECIES	220	Magnoliopsida	Plantae
152545247	3170247	https://www.gbif.org/species/3170247	Asclepias syriaca L.	ACCEPTED	3170247	Asclepias syriaca L.	SPECIES	220	Magnoliopsida	Plantae
152545248	3170266	https://www.gbif.org/species/3170266	Asclepias incarnata L.	ACCEPTED	3170266	Asclepias incarnata L.	SPECIES	220	Magnoliopsida	Plantae
152545250	3169708	https://www.gbif.org/species/3169708	Vinca major L.	ACCEPTED	3169708	Vinca major L.	SPECIES	220	Magnoliopsida	Plantae
152545253	5336632	https://www.gbif.org/species/5336632	Crucianella angustifolia L.	ACCEPTED	5336632	Crucianella angustifolia L.	SPECIES	220	Magnoliopsida	Plantae
152545255	2916767	https://www.gbif.org/species/2916767	Asperula tinctoria L.	ACCEPTED	2916767	Asperula tinctoria L.	SPECIES	220	Magnoliopsida	Plantae
152545256	2916662	https://www.gbif.org/species/2916662	Asperula arvensis L.	ACCEPTED	2916662	Asperula arvensis L.	SPECIES	220	Magnoliopsida	Plantae
152545257	2916822	https://www.gbif.org/species/2916822	Asperula laevigata L.	ACCEPTED	2916822	Asperula laevigata L.	SPECIES	220	Magnoliopsida	Plantae
152545258	2916975	https://www.gbif.org/species/2916975	Asperula taurina L.	ACCEPTED	2916975	Asperula taurina L.	SPECIES	220	Magnoliopsida	Plantae
152545260	2892272	https://www.gbif.org/species/2892272	Rubia tinctorum L.	ACCEPTED	2892272	Rubia tinctorum L.	SPECIES	220	Magnoliopsida	Plantae
152545263	2914754	https://www.gbif.org/species/2914754	Galium verrucosum Huds.	ACCEPTED	2914754	Galium verrucosum Huds.	SPECIES	220	Magnoliopsida	Plantae
152545264	2914404	https://www.gbif.org/species/2914404	Galium verum subsp. wirtgenii (F.W.Schultz) Oborny	ACCEPTED	2914404	Galium verum subsp. wirtgenii (F.W.Schultz) Oborny	SUBSPECIES	220	Magnoliopsida	Plantae
152545265	2908428	https://www.gbif.org/species/2908428	Galium divaricatum Pourr. ex Lam.	ACCEPTED	2908428	Galium divaricatum Pourr. ex Lam.	SPECIES	220	Magnoliopsida	Plantae
152545266	2914590	https://www.gbif.org/species/2914590	Galium murale (L.) All.	ACCEPTED	2914590	Galium murale (L.) All.	SPECIES	220	Magnoliopsida	Plantae
152545267	2914501	https://www.gbif.org/species/2914501	Galium tenuissimum M.Bieb.	ACCEPTED	2914501	Galium tenuissimum M.Bieb.	SPECIES	220	Magnoliopsida	Plantae
152545271	7560711	https://www.gbif.org/species/7560711	Oxalis tetraphylla Cav.	ACCEPTED	7560711	Oxalis tetraphylla Cav.	SPECIES	220	Magnoliopsida	Plantae
152545272	8427624	https://www.gbif.org/species/8427624	Oxalis corniculata L.	ACCEPTED	8427624	Oxalis corniculata L.	SPECIES	220	Magnoliopsida	Plantae
152545273	7156971	https://www.gbif.org/species/7156971	Oxalis triangularis A.St.-Hil.	ACCEPTED	7156971	Oxalis triangularis A.St.-Hil.	SPECIES	220	Magnoliopsida	Plantae
152545275	2891755	https://www.gbif.org/species/2891755	Oxalis latifolia Kunth	ACCEPTED	2891755	Oxalis latifolia Kunth	SPECIES	220	Magnoliopsida	Plantae
152545276	2891664	https://www.gbif.org/species/2891664	Oxalis articulata Savigny	ACCEPTED	2891664	Oxalis articulata Savigny	SPECIES	220	Magnoliopsida	Plantae
152545277	2891677	https://www.gbif.org/species/2891677	Oxalis dillenii Jacq.	ACCEPTED	2891677	Oxalis dillenii Jacq.	SPECIES	220	Magnoliopsida	Plantae
152545279	2891707	https://www.gbif.org/species/2891707	Oxalis debilis Kunth	ACCEPTED	2891707	Oxalis debilis Kunth	SPECIES	220	Magnoliopsida	Plantae
152545284	3827967	https://www.gbif.org/species/3827967	Monsonia brevirostrata R.Knuth	ACCEPTED	3827967	Monsonia brevirostrata R.Knuth	SPECIES	220	Magnoliopsida	Plantae
152545286	3827975	https://www.gbif.org/species/3827975	Pelargonium candicans Spreng.	ACCEPTED	3827975	Pelargonium candicans Spreng.	SPECIES	220	Magnoliopsida	Plantae
152545289	9429152	https://www.gbif.org/species/9429152	Erodium ciconium (L.) L'Hér.	ACCEPTED	9429152	Erodium ciconium (L.) L'Hér.	SPECIES	220	Magnoliopsida	Plantae
152545290	9297163	https://www.gbif.org/species/9297163	Erodium malacoides (L.) L'Hér.	ACCEPTED	9297163	Erodium malacoides (L.) L'Hér.	SPECIES	220	Magnoliopsida	Plantae
152545291	7619206	https://www.gbif.org/species/7619206	Erodium trifolium (Cav.) Cav.	ACCEPTED	7619206	Erodium trifolium (Cav.) Cav.	SPECIES	220	Magnoliopsida	Plantae
152545292	4934102	https://www.gbif.org/species/4934102	Erodium salzmannii Delile	ACCEPTED	4934102	Erodium salzmannii Delile	SPECIES	220	Magnoliopsida	Plantae
152545294	3829143	https://www.gbif.org/species/3829143	Erodium stephanianum Willd.	ACCEPTED	3829143	Erodium stephanianum Willd.	SPECIES	220	Magnoliopsida	Plantae
152545295	3828217	https://www.gbif.org/species/3828217	Erodium chium (Burm.fil.) Willd.	ACCEPTED	3828217	Erodium chium (Burm.fil.) Willd.	SPECIES	220	Magnoliopsida	Plantae
152545296	3827980	https://www.gbif.org/species/3827980	Erodium crinitum Carolin	ACCEPTED	3827980	Erodium crinitum Carolin	SPECIES	220	Magnoliopsida	Plantae
152545297	2891628	https://www.gbif.org/species/2891628	Erodium botrys (Cav.) Bertol.	ACCEPTED	2891628	Erodium botrys (Cav.) Bertol.	SPECIES	220	Magnoliopsida	Plantae
152545298	2891617	https://www.gbif.org/species/2891617	Erodium brachycarpum (Godr.) Thell.	ACCEPTED	2891617	Erodium brachycarpum (Godr.) Thell.	SPECIES	220	Magnoliopsida	Plantae
152545300	2891390	https://www.gbif.org/species/2891390	Geranium phaeum L.	ACCEPTED	2891390	Geranium phaeum L.	SPECIES	220	Magnoliopsida	Plantae
152545301	2891079	https://www.gbif.org/species/2891079	Geranium macrorrhizum L.	ACCEPTED	2891079	Geranium macrorrhizum L.	SPECIES	220	Magnoliopsida	Plantae
152545302	2890651	https://www.gbif.org/species/2890651	Geranium psilostemon Ledeb.	ACCEPTED	2890651	Geranium psilostemon Ledeb.	SPECIES	220	Magnoliopsida	Plantae
152545303	2890623	https://www.gbif.org/species/2890623	Geranium carolinianum L.	ACCEPTED	2890623	Geranium carolinianum L.	SPECIES	220	Magnoliopsida	Plantae
152545304	2890541	https://www.gbif.org/species/2890541	Geranium purpureum Vill.	ACCEPTED	2890541	Geranium purpureum Vill.	SPECIES	220	Magnoliopsida	Plantae
152545305	2890502	https://www.gbif.org/species/2890502	Geranium endressii J.Gay	ACCEPTED	2890502	Geranium endressii J.Gay	SPECIES	220	Magnoliopsida	Plantae
152545306	2890287	https://www.gbif.org/species/2890287	Geranium nodosum L.	ACCEPTED	2890287	Geranium nodosum L.	SPECIES	220	Magnoliopsida	Plantae
152545307	2890122	https://www.gbif.org/species/2890122	Geranium pyrenaicum Burm.f.	ACCEPTED	2890122	Geranium pyrenaicum Burm.f.	SPECIES	220	Magnoliopsida	Plantae
152545308	2890035	https://www.gbif.org/species/2890035	Geranium ×oxonianum P.F.Yeo	ACCEPTED	2890035	Geranium ×oxonianum P.F.Yeo	SPECIES	220	Magnoliopsida	Plantae
152545309	2890013	https://www.gbif.org/species/2890013	Geranium divaricatum Ehrh.	ACCEPTED	2890013	Geranium divaricatum Ehrh.	SPECIES	220	Magnoliopsida	Plantae
152545313	5334527	https://www.gbif.org/species/5334527	Limnanthes douglasii R.Br.	ACCEPTED	5334527	Limnanthes douglasii R.Br.	SPECIES	220	Magnoliopsida	Plantae
152545319	8207952	https://www.gbif.org/species/8207952	Matthiola incana (L.) R.Br.	DOUBTFUL	8207952	Matthiola incana (L.) R.Br.	SPECIES	220	Magnoliopsida	Plantae
152545323	7225621	https://www.gbif.org/species/7225621	Neslia paniculata subsp. paniculata	ACCEPTED	7225621	Neslia paniculata subsp. paniculata	SUBSPECIES	220	Magnoliopsida	Plantae
152545325	7372514	https://www.gbif.org/species/7372514	Malcolmia maritima (L.) R.Br.	DOUBTFUL	7372514	Malcolmia maritima (L.) R.Br.	SPECIES	220	Magnoliopsida	Plantae
152545327	5373324	https://www.gbif.org/species/5373324	Lunaria annua L.	ACCEPTED	5373324	Lunaria annua L.	SPECIES	220	Magnoliopsida	Plantae
152545329	5374614	https://www.gbif.org/species/5374614	Barbarea stricta Andrz. ex Besser	ACCEPTED	5374614	Barbarea stricta Andrz. ex Besser	SPECIES	220	Magnoliopsida	Plantae
152545330	5374672	https://www.gbif.org/species/5374672	Barbarea verna (Mill.) Asch.	ACCEPTED	5374672	Barbarea verna (Mill.) Asch.	SPECIES	220	Magnoliopsida	Plantae
152545332	5374998	https://www.gbif.org/species/5374998	Arabis collina Ten.	ACCEPTED	5374998	Arabis collina Ten.	SPECIES	220	Magnoliopsida	Plantae
152545333	5374933	https://www.gbif.org/species/5374933	Arabis planisiliqua (Pers.) Rchb.	ACCEPTED	5374933	Arabis planisiliqua (Pers.) Rchb.	SPECIES	220	Magnoliopsida	Plantae
152545334	5375105	https://www.gbif.org/species/5375105	Arabis auriculata Lam.	ACCEPTED	5375105	Arabis auriculata Lam.	SPECIES	220	Magnoliopsida	Plantae
152545335	5375012	https://www.gbif.org/species/5375012	Arabis procurrens Waldst. & Kit.	ACCEPTED	5375012	Arabis procurrens Waldst. & Kit.	SPECIES	220	Magnoliopsida	Plantae
152545337	5374118	https://www.gbif.org/species/5374118	Isatis tinctoria L.	ACCEPTED	5374118	Isatis tinctoria L.	SPECIES	220	Magnoliopsida	Plantae
152545339	5373358	https://www.gbif.org/species/5373358	Lobularia maritima (L.) Desv.	ACCEPTED	5373358	Lobularia maritima (L.) Desv.	SPECIES	220	Magnoliopsida	Plantae
152545341	5373368	https://www.gbif.org/species/5373368	Rapistrum rugosum (L.) All.	ACCEPTED	5373368	Rapistrum rugosum (L.) All.	SPECIES	220	Magnoliopsida	Plantae
152545342	5373365	https://www.gbif.org/species/5373365	Rapistrum perenne (L.) All.	ACCEPTED	5373365	Rapistrum perenne (L.) All.	SPECIES	220	Magnoliopsida	Plantae
152545344	5377678	https://www.gbif.org/species/5377678	Erucaria hispanica (L.) Druce	ACCEPTED	5377678	Erucaria hispanica (L.) Druce	SPECIES	220	Magnoliopsida	Plantae
152545346	5377778	https://www.gbif.org/species/5377778	Aurinia saxatilis (L.) Desv.	ACCEPTED	5377778	Aurinia saxatilis (L.) Desv.	SPECIES	220	Magnoliopsida	Plantae
152545348	5376309	https://www.gbif.org/species/5376309	Diplotaxis erucoides (L.) DC.	ACCEPTED	5376309	Diplotaxis erucoides (L.) DC.	SPECIES	220	Magnoliopsida	Plantae
152545349	5376326	https://www.gbif.org/species/5376326	Diplotaxis virgata (Cav.) DC.	ACCEPTED	5376326	Diplotaxis virgata (Cav.) DC.	SPECIES	220	Magnoliopsida	Plantae
152545351	5376139	https://www.gbif.org/species/5376139	Hornungia alpina (L.) O.Appel	ACCEPTED	5376139	Hornungia alpina (L.) O.Appel	SPECIES	220	Magnoliopsida	Plantae
152545353	5376481	https://www.gbif.org/species/5376481	Lepidium schinzii Thell.	ACCEPTED	5376481	Lepidium schinzii Thell.	SPECIES	220	Magnoliopsida	Plantae
152545354	5376994	https://www.gbif.org/species/5376994	Lepidium graminifolium L.	ACCEPTED	5376994	Lepidium graminifolium L.	SPECIES	220	Magnoliopsida	Plantae
152545356	5376925	https://www.gbif.org/species/5376925	Lepidium bonariense L.	ACCEPTED	5376925	Lepidium bonariense L.	SPECIES	220	Magnoliopsida	Plantae
152545357	5376874	https://www.gbif.org/species/5376874	Lepidium hirtum (L.) Sm.	ACCEPTED	5376874	Lepidium hirtum (L.) Sm.	SPECIES	220	Magnoliopsida	Plantae
152545358	5377064	https://www.gbif.org/species/5377064	Lepidium densiflorum Schrad.	ACCEPTED	5377064	Lepidium densiflorum Schrad.	SPECIES	220	Magnoliopsida	Plantae
152545359	5377060	https://www.gbif.org/species/5377060	Lepidium didymum L.	ACCEPTED	5377060	Lepidium didymum L.	SPECIES	220	Magnoliopsida	Plantae
152545360	5376648	https://www.gbif.org/species/5376648	Lepidium virginicum L.	ACCEPTED	5376648	Lepidium virginicum L.	SPECIES	220	Magnoliopsida	Plantae
152545361	5376565	https://www.gbif.org/species/5376565	Lepidium sativum L.	ACCEPTED	5376565	Lepidium sativum L.	SPECIES	220	Magnoliopsida	Plantae
152545362	5376530	https://www.gbif.org/species/5376530	Lepidium africanum (Burm.f.) DC.	ACCEPTED	5376530	Lepidium africanum (Burm.f.) DC.	SPECIES	220	Magnoliopsida	Plantae
152545363	5376494	https://www.gbif.org/species/5376494	Lepidium desertorum Eckl. & Zeyh.	ACCEPTED	5376494	Lepidium desertorum Eckl. & Zeyh.	SPECIES	220	Magnoliopsida	Plantae
152545364	5376846	https://www.gbif.org/species/5376846	Lepidium heterophyllum Benth.	ACCEPTED	5376846	Lepidium heterophyllum Benth.	SPECIES	220	Magnoliopsida	Plantae
152545365	5376816	https://www.gbif.org/species/5376816	Lepidium perfoliatum L.	ACCEPTED	5376816	Lepidium perfoliatum L.	SPECIES	220	Magnoliopsida	Plantae
152545366	5376785	https://www.gbif.org/species/5376785	Lepidium fasciculatum Thell.	ACCEPTED	5376785	Lepidium fasciculatum Thell.	SPECIES	220	Magnoliopsida	Plantae
152545367	5376692	https://www.gbif.org/species/5376692	Lepidium latifolium L.	ACCEPTED	5376692	Lepidium latifolium L.	SPECIES	220	Magnoliopsida	Plantae
152545369	5375547	https://www.gbif.org/species/5375547	Erucastrum gallicum (Willd.) O.E.Schulz	ACCEPTED	5375547	Erucastrum gallicum (Willd.) O.E.Schulz	SPECIES	220	Magnoliopsida	Plantae
152545370	5375555	https://www.gbif.org/species/5375555	Erucastrum nasturtiifolium (Poir.) O.E.Schulz	ACCEPTED	5375555	Erucastrum nasturtiifolium (Poir.) O.E.Schulz	SPECIES	220	Magnoliopsida	Plantae
152545372	5375285	https://www.gbif.org/species/5375285	Carrichtera annua (L.) DC.	ACCEPTED	5375285	Carrichtera annua (L.) DC.	SPECIES	220	Magnoliopsida	Plantae
152545374	5376035	https://www.gbif.org/species/5376035	Moricandia arvensis (L.) DC.	ACCEPTED	5376035	Moricandia arvensis (L.) DC.	SPECIES	220	Magnoliopsida	Plantae
152545378	5551241	https://www.gbif.org/species/5551241	Iberis sempervirens L.	ACCEPTED	5551241	Iberis sempervirens L.	SPECIES	220	Magnoliopsida	Plantae
152545379	5377286	https://www.gbif.org/species/5377286	Iberis pinnata L.	ACCEPTED	5377286	Iberis pinnata L.	SPECIES	220	Magnoliopsida	Plantae
152545380	5377303	https://www.gbif.org/species/5377303	Iberis umbellata L.	ACCEPTED	5377303	Iberis umbellata L.	SPECIES	220	Magnoliopsida	Plantae
152545381	5377196	https://www.gbif.org/species/5377196	Iberis odorata L.	ACCEPTED	5377196	Iberis odorata L.	SPECIES	220	Magnoliopsida	Plantae
152545383	3042291	https://www.gbif.org/species/3042291	Hesperis matronalis L.	ACCEPTED	3042291	Hesperis matronalis L.	SPECIES	220	Magnoliopsida	Plantae
152545385	9073641	https://www.gbif.org/species/9073641	Camelina sativa (L.) Crantz	ACCEPTED	9073641	Camelina sativa (L.) Crantz	SPECIES	220	Magnoliopsida	Plantae
152545386	3042416	https://www.gbif.org/species/3042416	Camelina microcarpa Andrz. ex DC.	ACCEPTED	3042416	Camelina microcarpa Andrz. ex DC.	SPECIES	220	Magnoliopsida	Plantae
152545387	3042399	https://www.gbif.org/species/3042399	Camelina alyssum (Mill.) Thell.	ACCEPTED	3042399	Camelina alyssum (Mill.) Thell.	SPECIES	220	Magnoliopsida	Plantae
152545388	3042439	https://www.gbif.org/species/3042439	Camelina rumelica Velen.	ACCEPTED	3042439	Camelina rumelica Velen.	SPECIES	220	Magnoliopsida	Plantae
152545390	7903057	https://www.gbif.org/species/7903057	Brassica rapa L.	ACCEPTED	7903057	Brassica rapa L.	SPECIES	220	Magnoliopsida	Plantae
152545391	3042925	https://www.gbif.org/species/3042925	Brassica carinata A.Braun	ACCEPTED	3042925	Brassica carinata A.Braun	SPECIES	220	Magnoliopsida	Plantae
152545392	3042845	https://www.gbif.org/species/3042845	Brassica oleracea L.	ACCEPTED	3042845	Brassica oleracea L.	SPECIES	220	Magnoliopsida	Plantae
152545393	3042889	https://www.gbif.org/species/3042889	Brassica elongata subsp. integrifolia (Boiss.) Breistr.	ACCEPTED	3042889	Brassica elongata subsp. integrifolia (Boiss.) Breistr.	SUBSPECIES	220	Magnoliopsida	Plantae
152545394	3042751	https://www.gbif.org/species/3042751	Brassica juncea (L.) Czern.	ACCEPTED	3042751	Brassica juncea (L.) Czern.	SPECIES	220	Magnoliopsida	Plantae
152545395	3042799	https://www.gbif.org/species/3042799	Brassica barrelieri (L.) Janka	ACCEPTED	3042799	Brassica barrelieri (L.) Janka	SPECIES	220	Magnoliopsida	Plantae
152545396	3042624	https://www.gbif.org/species/3042624	Brassica tournefortii Gouan	ACCEPTED	3042624	Brassica tournefortii Gouan	SPECIES	220	Magnoliopsida	Plantae
152545397	3042636	https://www.gbif.org/species/3042636	Brassica napus L.	ACCEPTED	3042636	Brassica napus L.	SPECIES	220	Magnoliopsida	Plantae
152545399	7678610	https://www.gbif.org/species/7678610	Raphanus sativus L.	ACCEPTED	7678610	Raphanus sativus L.	SPECIES	220	Magnoliopsida	Plantae
152545400	3040999	https://www.gbif.org/species/3040999	Raphanus raphanistrum subsp. landra (Moretti ex DC.) Bonnier & Layens	ACCEPTED	3040999	Raphanus raphanistrum subsp. landra (Moretti ex DC.) Bonnier & Layens	SUBSPECIES	220	Magnoliopsida	Plantae
152545402	3041022	https://www.gbif.org/species/3041022	Armoracia rusticana P.Gaertn., B.Mey. & Scherb.	ACCEPTED	3041022	Armoracia rusticana P.Gaertn., B.Mey. & Scherb.	SPECIES	220	Magnoliopsida	Plantae
152545404	3041109	https://www.gbif.org/species/3041109	Cordylocarpus muricatus Desf.	ACCEPTED	3041109	Cordylocarpus muricatus Desf.	SPECIES	220	Magnoliopsida	Plantae
152545406	3042086	https://www.gbif.org/species/3042086	Pseudoturritis turrita (L.) Al-Shehbaz	ACCEPTED	3042086	Pseudoturritis turrita (L.) Al-Shehbaz	SPECIES	220	Magnoliopsida	Plantae
152545408	3040928	https://www.gbif.org/species/3040928	Conringia planisiliqua Fisch. & C.A.Mey.	ACCEPTED	3040928	Conringia planisiliqua Fisch. & C.A.Mey.	SPECIES	220	Magnoliopsida	Plantae
152545409	3040913	https://www.gbif.org/species/3040913	Conringia orientalis (L.) Dumort.	ACCEPTED	3040913	Conringia orientalis (L.) Dumort.	SPECIES	220	Magnoliopsida	Plantae
152545410	3040923	https://www.gbif.org/species/3040923	Conringia austriaca (Jacq.) Sweet	ACCEPTED	3040923	Conringia austriaca (Jacq.) Sweet	SPECIES	220	Magnoliopsida	Plantae
152545412	3046875	https://www.gbif.org/species/3046875	Sisymbrium loeselii L.	ACCEPTED	3046875	Sisymbrium loeselii L.	SPECIES	220	Magnoliopsida	Plantae
152545413	3046851	https://www.gbif.org/species/3046851	Sisymbrium irio L.	ACCEPTED	3046851	Sisymbrium irio L.	SPECIES	220	Magnoliopsida	Plantae
152545414	3046850	https://www.gbif.org/species/3046850	Sisymbrium strictissimum L.	ACCEPTED	3046850	Sisymbrium strictissimum L.	SPECIES	220	Magnoliopsida	Plantae
152545415	3046839	https://www.gbif.org/species/3046839	Sisymbrium runcinatum Lag. ex DC.	ACCEPTED	3046839	Sisymbrium runcinatum Lag. ex DC.	SPECIES	220	Magnoliopsida	Plantae
152545416	3046812	https://www.gbif.org/species/3046812	Sisymbrium orientale L.	ACCEPTED	3046812	Sisymbrium orientale L.	SPECIES	220	Magnoliopsida	Plantae
152545417	3046778	https://www.gbif.org/species/3046778	Sisymbrium septulatum DC.	ACCEPTED	3046778	Sisymbrium septulatum DC.	SPECIES	220	Magnoliopsida	Plantae
152545418	3046765	https://www.gbif.org/species/3046765	Sisymbrium erysimoides Desf.	ACCEPTED	3046765	Sisymbrium erysimoides Desf.	SPECIES	220	Magnoliopsida	Plantae
152545419	3046744	https://www.gbif.org/species/3046744	Sisymbrium volgense M.Bieb. ex E.Fourn.	ACCEPTED	3046744	Sisymbrium volgense M.Bieb. ex E.Fourn.	SPECIES	220	Magnoliopsida	Plantae
152545420	3046736	https://www.gbif.org/species/3046736	Sisymbrium altissimum L.	ACCEPTED	3046736	Sisymbrium altissimum L.	SPECIES	220	Magnoliopsida	Plantae
152545423	3690997	https://www.gbif.org/species/3690997	Cardamine occulta Hornem.	ACCEPTED	3690997	Cardamine occulta Hornem.	SPECIES	220	Magnoliopsida	Plantae
152545424	3046092	https://www.gbif.org/species/3046092	Cardamine parviflora L.	ACCEPTED	3046092	Cardamine parviflora L.	SPECIES	220	Magnoliopsida	Plantae
152545425	3046015	https://www.gbif.org/species/3046015	Cardamine corymbosa Hook.f.	ACCEPTED	3046015	Cardamine corymbosa Hook.f.	SPECIES	220	Magnoliopsida	Plantae
152545427	3045193	https://www.gbif.org/species/3045193	Alyssum strigosum Banks & Sol.	ACCEPTED	3045193	Alyssum strigosum Banks & Sol.	SPECIES	220	Magnoliopsida	Plantae
152545429	3045042	https://www.gbif.org/species/3045042	Alyssum simplex Rudolphi	ACCEPTED	3045042	Alyssum simplex Rudolphi	SPECIES	220	Magnoliopsida	Plantae
152545430	3044912	https://www.gbif.org/species/3044912	Alyssum montanum L.	ACCEPTED	3044912	Alyssum montanum L.	SPECIES	220	Magnoliopsida	Plantae
152545431	3045006	https://www.gbif.org/species/3045006	Alyssum hirsutum M.Bieb.	ACCEPTED	3045006	Alyssum hirsutum M.Bieb.	SPECIES	220	Magnoliopsida	Plantae
152545434	3044349	https://www.gbif.org/species/3044349	Chorispora tenella (Pall.) DC.	ACCEPTED	3044349	Chorispora tenella (Pall.) DC.	SPECIES	220	Magnoliopsida	Plantae
152545436	3044133	https://www.gbif.org/species/3044133	Descurainia pinnata (Walter) Britton	ACCEPTED	3044133	Descurainia pinnata (Walter) Britton	SPECIES	220	Magnoliopsida	Plantae
152545437	3044201	https://www.gbif.org/species/3044201	Descurainia incisa (Engelm. ex A.Gray) Britton	ACCEPTED	3044201	Descurainia incisa (Engelm. ex A.Gray) Britton	SPECIES	220	Magnoliopsida	Plantae
152545439	3053950	https://www.gbif.org/species/3053950	Enarthrocarpus lyratus (Forssk.) DC.	ACCEPTED	3053950	Enarthrocarpus lyratus (Forssk.) DC.	SPECIES	220	Magnoliopsida	Plantae
152545441	3054117	https://www.gbif.org/species/3054117	Aubrieta deltoidea (L.) DC.	ACCEPTED	3054117	Aubrieta deltoidea (L.) DC.	SPECIES	220	Magnoliopsida	Plantae
152545442	3054110	https://www.gbif.org/species/3054110	Aubrieta columnae Guss.	ACCEPTED	3054110	Aubrieta columnae Guss.	SPECIES	220	Magnoliopsida	Plantae
152545444	3053406	https://www.gbif.org/species/3053406	Rorippa austriaca (Crantz) Besser	ACCEPTED	3053406	Rorippa austriaca (Crantz) Besser	SPECIES	220	Magnoliopsida	Plantae
152545446	3053522	https://www.gbif.org/species/3053522	Berteroa incana (L.) DC.	ACCEPTED	3053522	Berteroa incana (L.) DC.	SPECIES	220	Magnoliopsida	Plantae
152545448	7068732	https://www.gbif.org/species/7068732	Arabidopsis arenosa subsp. arenosa	ACCEPTED	7068732	Arabidopsis arenosa subsp. arenosa	SUBSPECIES	220	Magnoliopsida	Plantae
152545449	3052450	https://www.gbif.org/species/3052450	Arabidopsis halleri (L.) O'Kane & Al-Shehbaz	ACCEPTED	3052450	Arabidopsis halleri (L.) O'Kane & Al-Shehbaz	SPECIES	220	Magnoliopsida	Plantae
152545455	3050357	https://www.gbif.org/species/3050357	Bunias erucago L.	ACCEPTED	3050357	Bunias erucago L.	SPECIES	220	Magnoliopsida	Plantae
152545456	3050364	https://www.gbif.org/species/3050364	Bunias orientalis L.	ACCEPTED	3050364	Bunias orientalis L.	SPECIES	220	Magnoliopsida	Plantae
152545458	3047811	https://www.gbif.org/species/3047811	Myagrum perfoliatum L.	ACCEPTED	3047811	Myagrum perfoliatum L.	SPECIES	220	Magnoliopsida	Plantae
152545460	3048203	https://www.gbif.org/species/3048203	Erysimum cheiri (L.) Crantz	ACCEPTED	3048203	Erysimum cheiri (L.) Crantz	SPECIES	220	Magnoliopsida	Plantae
152545461	3048288	https://www.gbif.org/species/3048288	Erysimum diffusum Ehrh.	ACCEPTED	3048288	Erysimum diffusum Ehrh.	SPECIES	220	Magnoliopsida	Plantae
152545462	3048532	https://www.gbif.org/species/3048532	Erysimum marshallii Bois	ACCEPTED	3048532	Erysimum marshallii Bois	SPECIES	220	Magnoliopsida	Plantae
152545463	3048166	https://www.gbif.org/species/3048166	Erysimum repandum L.	ACCEPTED	3048166	Erysimum repandum L.	SPECIES	220	Magnoliopsida	Plantae
152545465	3047621	https://www.gbif.org/species/3047621	Sinapis alba L.	ACCEPTED	3047621	Sinapis alba L.	SPECIES	220	Magnoliopsida	Plantae
152545466	3047633	https://www.gbif.org/species/3047633	Sinapis alba subsp. dissecta (Lag.) Simonk.	ACCEPTED	3047633	Sinapis alba subsp. dissecta (Lag.) Simonk.	SUBSPECIES	220	Magnoliopsida	Plantae
152545469	3916499	https://www.gbif.org/species/3916499	Caylusea abyssinica (Fresen.) Fisch. & C.A.Mey.	ACCEPTED	3916499	Caylusea abyssinica (Fresen.) Fisch. & C.A.Mey.	SPECIES	220	Magnoliopsida	Plantae
152545471	7853188	https://www.gbif.org/species/7853188	Reseda lutea subsp. vivantii (P.Monts.) Rovira	ACCEPTED	7853188	Reseda lutea subsp. vivantii (P.Monts.) Rovira	SUBSPECIES	220	Magnoliopsida	Plantae
152545472	3040253	https://www.gbif.org/species/3040253	Reseda phyteuma L.	ACCEPTED	3040253	Reseda phyteuma L.	SPECIES	220	Magnoliopsida	Plantae
152545473	3040254	https://www.gbif.org/species/3040254	Reseda alba L.	ACCEPTED	3040254	Reseda alba L.	SPECIES	220	Magnoliopsida	Plantae
152545474	3040255	https://www.gbif.org/species/3040255	Reseda odorata L.	ACCEPTED	3040255	Reseda odorata L.	SPECIES	220	Magnoliopsida	Plantae
152545477	2889934	https://www.gbif.org/species/2889934	Tropaeolum majus L.	ACCEPTED	2889934	Tropaeolum majus L.	SPECIES	220	Magnoliopsida	Plantae
152545481	2928226	https://www.gbif.org/species/2928226	Phacelia tanacetifolia Benth.	ACCEPTED	2928226	Phacelia tanacetifolia Benth.	SPECIES	220	Magnoliopsida	Plantae
152545482	2928153	https://www.gbif.org/species/2928153	Phacelia purshii Buckley	ACCEPTED	2928153	Phacelia purshii Buckley	SPECIES	220	Magnoliopsida	Plantae
152545483	2928238	https://www.gbif.org/species/2928238	Phacelia campanularia A.Gray	ACCEPTED	2928238	Phacelia campanularia A.Gray	SPECIES	220	Magnoliopsida	Plantae
152545485	7536406	https://www.gbif.org/species/7536406	Nemophila menziesii var. integrifolia Brand	ACCEPTED	7536406	Nemophila menziesii var. integrifolia Brand	VARIETY	220	Magnoliopsida	Plantae
152545487	2928034	https://www.gbif.org/species/2928034	Nemophila maculata Benth. ex Lindl.	ACCEPTED	2928034	Nemophila maculata Benth. ex Lindl.	SPECIES	220	Magnoliopsida	Plantae
152545490	7806790	https://www.gbif.org/species/7806790	Arnebia decumbens (Vent.) Coss. & Kralik	ACCEPTED	7806790	Arnebia decumbens (Vent.) Coss. & Kralik	SPECIES	220	Magnoliopsida	Plantae
152545492	8227753	https://www.gbif.org/species/8227753	Anchusa procera Besser	DOUBTFUL	8227753	Anchusa procera Besser	SPECIES	220	Magnoliopsida	Plantae
152545493	7295374	https://www.gbif.org/species/7295374	Anchusa officinalis subsp. officinalis	ACCEPTED	7295374	Anchusa officinalis subsp. officinalis	SUBSPECIES	220	Magnoliopsida	Plantae
152545494	5662089	https://www.gbif.org/species/5662089	Anchusa ochroleuca M.Bieb.	ACCEPTED	5662089	Anchusa ochroleuca M.Bieb.	SPECIES	220	Magnoliopsida	Plantae
152545495	5341198	https://www.gbif.org/species/5341198	Anchusa azurea Mill.	ACCEPTED	5341198	Anchusa azurea Mill.	SPECIES	220	Magnoliopsida	Plantae
152545497	7958783	https://www.gbif.org/species/7958783	Pulmonaria mollis Wulfen ex Hornem.	ACCEPTED	7958783	Pulmonaria mollis Wulfen ex Hornem.	SPECIES	220	Magnoliopsida	Plantae
152545498	7294681	https://www.gbif.org/species/7294681	Pulmonaria longifolia (Bastard) Boreau	ACCEPTED	7294681	Pulmonaria longifolia (Bastard) Boreau	SPECIES	220	Magnoliopsida	Plantae
152545499	5660450	https://www.gbif.org/species/5660450	Pulmonaria rubra Schott	ACCEPTED	5660450	Pulmonaria rubra Schott	SPECIES	220	Magnoliopsida	Plantae
152545500	5341203	https://www.gbif.org/species/5341203	Pulmonaria saccharata Mill.	ACCEPTED	5341203	Pulmonaria saccharata Mill.	SPECIES	220	Magnoliopsida	Plantae
152545501	5341204	https://www.gbif.org/species/5341204	Pulmonaria officinalis L.	ACCEPTED	5341204	Pulmonaria officinalis L.	SPECIES	220	Magnoliopsida	Plantae
152545503	5341187	https://www.gbif.org/species/5341187	Myosotis alpestris F.W.Schmidt	ACCEPTED	5341187	Myosotis alpestris F.W.Schmidt	SPECIES	220	Magnoliopsida	Plantae
152545507	2926130	https://www.gbif.org/species/2926130	Pentaglottis sempervirens (L.) Tausch ex L.H.Bailey	ACCEPTED	2926130	Pentaglottis sempervirens (L.) Tausch ex L.H.Bailey	SPECIES	220	Magnoliopsida	Plantae
152545509	2926055	https://www.gbif.org/species/2926055	Asperugo procumbens L.	ACCEPTED	2926055	Asperugo procumbens L.	SPECIES	220	Magnoliopsida	Plantae
152545511	7989836	https://www.gbif.org/species/7989836	Symphytum caucasicum M.Bieb.	ACCEPTED	7989836	Symphytum caucasicum M.Bieb.	SPECIES	220	Magnoliopsida	Plantae
152545512	4067302	https://www.gbif.org/species/4067302	Symphytum grandiflorum DC.	ACCEPTED	4067302	Symphytum grandiflorum DC.	SPECIES	220	Magnoliopsida	Plantae
152545513	4067281	https://www.gbif.org/species/4067281	Symphytum ×hidcotense P.D.Sell	ACCEPTED	4067281	Symphytum ×hidcotense P.D.Sell	SPECIES	220	Magnoliopsida	Plantae
152545514	2926066	https://www.gbif.org/species/2926066	Symphytum asperum Lepech.	ACCEPTED	2926066	Symphytum asperum Lepech.	SPECIES	220	Magnoliopsida	Plantae
152545516	7294722	https://www.gbif.org/species/7294722	Cerinthe minor L.	ACCEPTED	7294722	Cerinthe minor L.	SPECIES	220	Magnoliopsida	Plantae
152545517	2926108	https://www.gbif.org/species/2926108	Cerinthe major L.	ACCEPTED	2926108	Cerinthe major L.	SPECIES	220	Magnoliopsida	Plantae
152545519	2926110	https://www.gbif.org/species/2926110	Borago officinalis L.	ACCEPTED	2926110	Borago officinalis L.	SPECIES	220	Magnoliopsida	Plantae
152545521	7294644	https://www.gbif.org/species/7294644	Nonea pulla (L.) DC.	ACCEPTED	7294644	Nonea pulla (L.) DC.	SPECIES	220	Magnoliopsida	Plantae
152545522	2926041	https://www.gbif.org/species/2926041	Nonea rosea (M.Bieb.) Link	ACCEPTED	2926041	Nonea rosea (M.Bieb.) Link	SPECIES	220	Magnoliopsida	Plantae
152545523	2926042	https://www.gbif.org/species/2926042	Nonea lutea (Desr.) DC.	ACCEPTED	2926042	Nonea lutea (Desr.) DC.	SPECIES	220	Magnoliopsida	Plantae
152545525	2926045	https://www.gbif.org/species/2926045	Brunnera macrophylla (Adams) I.M.Johnst.	ACCEPTED	2926045	Brunnera macrophylla (Adams) I.M.Johnst.	SPECIES	220	Magnoliopsida	Plantae
152545527	2926048	https://www.gbif.org/species/2926048	Omphalodes verna Moench	ACCEPTED	2926048	Omphalodes verna Moench	SPECIES	220	Magnoliopsida	Plantae
152545529	4064572	https://www.gbif.org/species/4064572	Cynoglossum clandestinum Desf.	ACCEPTED	4064572	Cynoglossum clandestinum Desf.	SPECIES	220	Magnoliopsida	Plantae
152545530	2925816	https://www.gbif.org/species/2925816	Cynoglossum amabile Stapf & J.R.Drumm.	ACCEPTED	2925816	Cynoglossum amabile Stapf & J.R.Drumm.	SPECIES	220	Magnoliopsida	Plantae
152545532	2925895	https://www.gbif.org/species/2925895	Echium plantagineum L.	ACCEPTED	2925895	Echium plantagineum L.	SPECIES	220	Magnoliopsida	Plantae
152545534	8386733	https://www.gbif.org/species/8386733	Amsinckia lycopsoides Lehm. ex Fisch. & C.A.Mey.	DOUBTFUL	8386733	Amsinckia lycopsoides Lehm. ex Fisch. & C.A.Mey.	SPECIES	220	Magnoliopsida	Plantae
152545535	2925879	https://www.gbif.org/species/2925879	Amsinckia eastwoodiae J.F.Macbr.	ACCEPTED	2925879	Amsinckia eastwoodiae J.F.Macbr.	SPECIES	220	Magnoliopsida	Plantae
152545536	2925877	https://www.gbif.org/species/2925877	Amsinckia tessellata A.Gray	ACCEPTED	2925877	Amsinckia tessellata A.Gray	SPECIES	220	Magnoliopsida	Plantae
152545538	2925756	https://www.gbif.org/species/2925756	Lappula squarrosa (Retz.) Dumort.	ACCEPTED	2925756	Lappula squarrosa (Retz.) Dumort.	SPECIES	220	Magnoliopsida	Plantae
152545539	2925754	https://www.gbif.org/species/2925754	Lappula marginata (M.Bieb.) Gürke	ACCEPTED	2925754	Lappula marginata (M.Bieb.) Gürke	SPECIES	220	Magnoliopsida	Plantae
152545542	7294771	https://www.gbif.org/species/7294771	Heliotropium suaveolens M.Bieb.	ACCEPTED	7294771	Heliotropium suaveolens M.Bieb.	SPECIES	220	Magnoliopsida	Plantae
152545543	2925790	https://www.gbif.org/species/2925790	Heliotropium amplexicaule Vahl	ACCEPTED	2925790	Heliotropium amplexicaule Vahl	SPECIES	220	Magnoliopsida	Plantae
152545544	2925767	https://www.gbif.org/species/2925767	Heliotropium europaeum L.	ACCEPTED	2925767	Heliotropium europaeum L.	SPECIES	220	Magnoliopsida	Plantae
152545548	7346090	https://www.gbif.org/species/7346090	Erythranthe moschata (Douglas ex Lindl.) G.L.Nesom	ACCEPTED	7346090	Erythranthe moschata (Douglas ex Lindl.) G.L.Nesom	SPECIES	220	Magnoliopsida	Plantae
152545551	5415455	https://www.gbif.org/species/5415455	Acanthus mollis L.	ACCEPTED	5415455	Acanthus mollis L.	SPECIES	220	Magnoliopsida	Plantae
152545552	5415453	https://www.gbif.org/species/5415453	Acanthus spinosus L.	ACCEPTED	5415453	Acanthus spinosus L.	SPECIES	220	Magnoliopsida	Plantae
152545555	7564934	https://www.gbif.org/species/7564934	Odontites jaubertianus (Boreau) D.Dietr. ex Walp.	ACCEPTED	7564934	Odontites jaubertianus (Boreau) D.Dietr. ex Walp.	SPECIES	220	Magnoliopsida	Plantae
152545556	7855120	https://www.gbif.org/species/7855120	Odontites luteus (L.) Clairv.	ACCEPTED	7855120	Odontites luteus (L.) Clairv.	SPECIES	220	Magnoliopsida	Plantae
152545558	8049400	https://www.gbif.org/species/8049400	Parentucellia latifolia (L.) Caruel	ACCEPTED	8049400	Parentucellia latifolia (L.) Caruel	SPECIES	220	Magnoliopsida	Plantae
152545560	7519710	https://www.gbif.org/species/7519710	Orobanche amethystea Thuill.	ACCEPTED	7519710	Orobanche amethystea Thuill.	SPECIES	220	Magnoliopsida	Plantae
152545563	7331666	https://www.gbif.org/species/7331666	Melampyrum nemorosum L.	ACCEPTED	7331666	Melampyrum nemorosum L.	SPECIES	220	Magnoliopsida	Plantae
152545565	3728894	https://www.gbif.org/species/3728894	Phelipanche ramosa (L.) Pomel	ACCEPTED	3728894	Phelipanche ramosa (L.) Pomel	SPECIES	220	Magnoliopsida	Plantae
152545568	3172127	https://www.gbif.org/species/3172127	Calceolaria chelidonioides Kunth	ACCEPTED	3172127	Calceolaria chelidonioides Kunth	SPECIES	220	Magnoliopsida	Plantae
152545571	7636833	https://www.gbif.org/species/7636833	Syringa josikaea J.Jacq. ex Rchb.	ACCEPTED	7636833	Syringa josikaea J.Jacq. ex Rchb.	SPECIES	220	Magnoliopsida	Plantae
152545572	5415039	https://www.gbif.org/species/5415039	Syringa vulgaris L.	ACCEPTED	5415039	Syringa vulgaris L.	SPECIES	220	Magnoliopsida	Plantae
152545574	5415054	https://www.gbif.org/species/5415054	Forsythia ×intermedia Zabel	ACCEPTED	5415054	Forsythia ×intermedia Zabel	SPECIES	220	Magnoliopsida	Plantae
152545575	5415053	https://www.gbif.org/species/5415053	Forsythia viridissima Lindl.	ACCEPTED	5415053	Forsythia viridissima Lindl.	SPECIES	220	Magnoliopsida	Plantae
152545576	5415056	https://www.gbif.org/species/5415056	Forsythia suspensa (Thunb.) Vahl	ACCEPTED	5415056	Forsythia suspensa (Thunb.) Vahl	SPECIES	220	Magnoliopsida	Plantae
152545578	3172266	https://www.gbif.org/species/3172266	Jasminum nudiflorum Lindl.	ACCEPTED	3172266	Jasminum nudiflorum Lindl.	SPECIES	220	Magnoliopsida	Plantae
152545580	6432925	https://www.gbif.org/species/6432925	Fraxinus angustifolia subsp. oxycarpa (M.Bieb. ex Willd.) Franco & Rocha Afonso	ACCEPTED	6432925	Fraxinus angustifolia subsp. oxycarpa (M.Bieb. ex Willd.) Franco & Rocha Afonso	SUBSPECIES	220	Magnoliopsida	Plantae
152545581	3172348	https://www.gbif.org/species/3172348	Fraxinus pennsylvanica Marshall	ACCEPTED	3172348	Fraxinus pennsylvanica Marshall	SPECIES	220	Magnoliopsida	Plantae
152545582	3172347	https://www.gbif.org/species/3172347	Fraxinus ornus L.	ACCEPTED	3172347	Fraxinus ornus L.	SPECIES	220	Magnoliopsida	Plantae
152545583	3172343	https://www.gbif.org/species/3172343	Fraxinus latifolia Benth.	ACCEPTED	3172343	Fraxinus latifolia Benth.	SPECIES	220	Magnoliopsida	Plantae
152545585	3685073	https://www.gbif.org/species/3685073	Ligustrum ×vicaryi Rehder	ACCEPTED	3685073	Ligustrum ×vicaryi Rehder	SPECIES	220	Magnoliopsida	Plantae
152545586	3172294	https://www.gbif.org/species/3172294	Ligustrum sinense Lour.	ACCEPTED	3172294	Ligustrum sinense Lour.	SPECIES	220	Magnoliopsida	Plantae
152545587	3172291	https://www.gbif.org/species/3172291	Ligustrum ovalifolium Hassk.	ACCEPTED	3172291	Ligustrum ovalifolium Hassk.	SPECIES	220	Magnoliopsida	Plantae
152545590	4926977	https://www.gbif.org/species/4926977	Catalpa ×erubescens Carrière	ACCEPTED	4926977	Catalpa ×erubescens Carrière	SPECIES	220	Magnoliopsida	Plantae
152545591	3172615	https://www.gbif.org/species/3172615	Catalpa bignonioides Walter	ACCEPTED	3172615	Catalpa bignonioides Walter	SPECIES	220	Magnoliopsida	Plantae
152545592	3172613	https://www.gbif.org/species/3172613	Catalpa ovata G.Don	ACCEPTED	3172613	Catalpa ovata G.Don	SPECIES	220	Magnoliopsida	Plantae
152545595	3172622	https://www.gbif.org/species/3172622	Sesamum indicum L.	ACCEPTED	3172622	Sesamum indicum L.	SPECIES	220	Magnoliopsida	Plantae
152545598	5415100	https://www.gbif.org/species/5415100	Proboscidea louisianica (Mill.) Thell.	ACCEPTED	5415100	Proboscidea louisianica (Mill.) Thell.	SPECIES	220	Magnoliopsida	Plantae
152545600	3172647	https://www.gbif.org/species/3172647	Ibicella lutea (Lindl.) Van Eselt.	ACCEPTED	3172647	Ibicella lutea (Lindl.) Van Eselt.	SPECIES	220	Magnoliopsida	Plantae
152545603	3170823	https://www.gbif.org/species/3170823	Paulownia tomentosa (Thunb.) Steud.	ACCEPTED	3170823	Paulownia tomentosa (Thunb.) Steud.	SPECIES	220	Magnoliopsida	Plantae
152545606	3171304	https://www.gbif.org/species/3171304	Mazus pumilus (Burm.fil.) Steenis	ACCEPTED	3171304	Mazus pumilus (Burm.fil.) Steenis	SPECIES	220	Magnoliopsida	Plantae
152545609	3725805	https://www.gbif.org/species/3725805	Hebenstretia integrifolia L.	ACCEPTED	3725805	Hebenstretia integrifolia L.	SPECIES	220	Magnoliopsida	Plantae
152545611	4055853	https://www.gbif.org/species/4055853	Buddleja albiflora Hemsl.	ACCEPTED	4055853	Buddleja albiflora Hemsl.	SPECIES	220	Magnoliopsida	Plantae
152545612	3173338	https://www.gbif.org/species/3173338	Buddleja davidii Franch.	ACCEPTED	3173338	Buddleja davidii Franch.	SPECIES	220	Magnoliopsida	Plantae
152545614	7477038	https://www.gbif.org/species/7477038	Scrophularia scorodonia L.	ACCEPTED	7477038	Scrophularia scorodonia L.	SPECIES	220	Magnoliopsida	Plantae
152545615	7810918	https://www.gbif.org/species/7810918	Scrophularia vernalis L.	ACCEPTED	7810918	Scrophularia vernalis L.	SPECIES	220	Magnoliopsida	Plantae
152545616	8186932	https://www.gbif.org/species/8186932	Scrophularia scopolii Hoppe ex Pers.	DOUBTFUL	8186932	Scrophularia scopolii Hoppe ex Pers.	SPECIES	220	Magnoliopsida	Plantae
152545617	3170878	https://www.gbif.org/species/3170878	Scrophularia lanceolata Pursh	ACCEPTED	3170878	Scrophularia lanceolata Pursh	SPECIES	220	Magnoliopsida	Plantae
152545619	8949622	https://www.gbif.org/species/8949622	Verbascum chaixii Vill.	ACCEPTED	8949622	Verbascum chaixii Vill.	SPECIES	220	Magnoliopsida	Plantae
152545620	7353862	https://www.gbif.org/species/7353862	Verbascum ×divaricatum Kitt.	ACCEPTED	7353862	Verbascum ×divaricatum Kitt.	SPECIES	220	Magnoliopsida	Plantae
152545621	3740974	https://www.gbif.org/species/3740974	Verbascum ×brockmuelleri Ruhmer	ACCEPTED	3740974	Verbascum ×brockmuelleri Ruhmer	SPECIES	220	Magnoliopsida	Plantae
152545622	3741432	https://www.gbif.org/species/3741432	Verbascum banaticum Schrad.	ACCEPTED	3741432	Verbascum banaticum Schrad.	SPECIES	220	Magnoliopsida	Plantae
152545623	3171948	https://www.gbif.org/species/3171948	Verbascum phlomoides L.	ACCEPTED	3171948	Verbascum phlomoides L.	SPECIES	220	Magnoliopsida	Plantae
152545624	3171946	https://www.gbif.org/species/3171946	Verbascum sinuatum L.	ACCEPTED	3171946	Verbascum sinuatum L.	SPECIES	220	Magnoliopsida	Plantae
152545625	3171952	https://www.gbif.org/species/3171952	Verbascum speciosum Schrad.	ACCEPTED	3171952	Verbascum speciosum Schrad.	SPECIES	220	Magnoliopsida	Plantae
152545626	3171951	https://www.gbif.org/species/3171951	Verbascum phoeniceum L.	ACCEPTED	3171951	Verbascum phoeniceum L.	SPECIES	220	Magnoliopsida	Plantae
152545627	3171954	https://www.gbif.org/species/3171954	Verbascum virgatum Stokes	ACCEPTED	3171954	Verbascum virgatum Stokes	SPECIES	220	Magnoliopsida	Plantae
152545630	3171888	https://www.gbif.org/species/3171888	Lindernia dubia (L.) Pennell	ACCEPTED	3171888	Lindernia dubia (L.) Pennell	SPECIES	220	Magnoliopsida	Plantae
152545635	8114833	https://www.gbif.org/species/8114833	Anarrhinum bellidifolium (L.) Willd.	ACCEPTED	8114833	Anarrhinum bellidifolium (L.) Willd.	SPECIES	220	Magnoliopsida	Plantae
152545637	7333320	https://www.gbif.org/species/7333320	Ellisiophyllum pinnatum (Wall. ex Benth.) Makino	ACCEPTED	7333320	Ellisiophyllum pinnatum (Wall. ex Benth.) Makino	SPECIES	220	Magnoliopsida	Plantae
152545641	7331861	https://www.gbif.org/species/7331861	Cymbalaria muralis subsp. muralis	ACCEPTED	7331861	Cymbalaria muralis subsp. muralis	SUBSPECIES	220	Magnoliopsida	Plantae
152545643	5559837	https://www.gbif.org/species/5559837	Cymbalaria pallida (Ten.) Wettst.	ACCEPTED	5559837	Cymbalaria pallida (Ten.) Wettst.	SPECIES	220	Magnoliopsida	Plantae
152545645	5414959	https://www.gbif.org/species/5414959	Collinsia heterophylla Buist ex Graham	ACCEPTED	5414959	Collinsia heterophylla Buist ex Graham	SPECIES	220	Magnoliopsida	Plantae
152545647	7683374	https://www.gbif.org/species/7683374	Linaria hirta (L.) Moench	ACCEPTED	7683374	Linaria hirta (L.) Moench	SPECIES	220	Magnoliopsida	Plantae
152545648	7848321	https://www.gbif.org/species/7848321	Linaria triornithophora (L.) Willd.	ACCEPTED	7848321	Linaria triornithophora (L.) Willd.	SPECIES	220	Magnoliopsida	Plantae
152545649	7963687	https://www.gbif.org/species/7963687	Linaria chalepensis (L.) Mill.	ACCEPTED	7963687	Linaria chalepensis (L.) Mill.	SPECIES	220	Magnoliopsida	Plantae
152545650	8287616	https://www.gbif.org/species/8287616	Linaria simplex (Willd.) DC.	ACCEPTED	8287616	Linaria simplex (Willd.) DC.	SPECIES	220	Magnoliopsida	Plantae
152545652	5415018	https://www.gbif.org/species/5415018	Linaria incarnata (Vent.) Spreng.	ACCEPTED	5415018	Linaria incarnata (Vent.) Spreng.	SPECIES	220	Magnoliopsida	Plantae
152545653	5415012	https://www.gbif.org/species/5415012	Linaria purpurea (L.) Mill.	ACCEPTED	5415012	Linaria purpurea (L.) Mill.	SPECIES	220	Magnoliopsida	Plantae
152545654	5415013	https://www.gbif.org/species/5415013	Linaria genistifolia (L.) Mill.	ACCEPTED	5415013	Linaria genistifolia (L.) Mill.	SPECIES	220	Magnoliopsida	Plantae
152545655	5415014	https://www.gbif.org/species/5415014	Linaria angustissima (Loisel.) Borbás	ACCEPTED	5415014	Linaria angustissima (Loisel.) Borbás	SPECIES	220	Magnoliopsida	Plantae
152545656	5415016	https://www.gbif.org/species/5415016	Linaria maroccana Hook.fil.	ACCEPTED	5415016	Linaria maroccana Hook.fil.	SPECIES	220	Magnoliopsida	Plantae
152545658	5414932	https://www.gbif.org/species/5414932	Chelone obliqua L.	ACCEPTED	5414932	Chelone obliqua L.	SPECIES	220	Magnoliopsida	Plantae
152545660	3738796	https://www.gbif.org/species/3738796	Misopates calycinum (Lange) Rothm.	ACCEPTED	3738796	Misopates calycinum (Lange) Rothm.	SPECIES	220	Magnoliopsida	Plantae
152545662	3741446	https://www.gbif.org/species/3741446	Erinus alpinus L.	ACCEPTED	3741446	Erinus alpinus L.	SPECIES	220	Magnoliopsida	Plantae
152545664	3729273	https://www.gbif.org/species/3729273	Asarina procumbens Mill.	ACCEPTED	3729273	Asarina procumbens Mill.	SPECIES	220	Magnoliopsida	Plantae
152545666	7727786	https://www.gbif.org/species/7727786	Plantago loeflingii L.	ACCEPTED	7727786	Plantago loeflingii L.	SPECIES	220	Magnoliopsida	Plantae
152545667	8022932	https://www.gbif.org/species/8022932	Plantago lagopus L.	ACCEPTED	8022932	Plantago lagopus L.	SPECIES	220	Magnoliopsida	Plantae
152545668	7303104	https://www.gbif.org/species/7303104	Plantago afra L.	ACCEPTED	7303104	Plantago afra L.	SPECIES	220	Magnoliopsida	Plantae
152545669	7303024	https://www.gbif.org/species/7303024	Plantago myosuros Lam.	ACCEPTED	7303024	Plantago myosuros Lam.	SPECIES	220	Magnoliopsida	Plantae
152545670	7303117	https://www.gbif.org/species/7303117	Plantago sempervirens Crantz	ACCEPTED	7303117	Plantago sempervirens Crantz	SPECIES	220	Magnoliopsida	Plantae
152545671	3189723	https://www.gbif.org/species/3189723	Plantago ovata Forssk.	ACCEPTED	3189723	Plantago ovata Forssk.	SPECIES	220	Magnoliopsida	Plantae
152545672	3189762	https://www.gbif.org/species/3189762	Plantago arenaria Waldst. & Kit.	ACCEPTED	3189762	Plantago arenaria Waldst. & Kit.	SPECIES	220	Magnoliopsida	Plantae
152545673	3189760	https://www.gbif.org/species/3189760	Plantago heterophylla Nutt.	ACCEPTED	3189760	Plantago heterophylla Nutt.	SPECIES	220	Magnoliopsida	Plantae
152545675	3172206	https://www.gbif.org/species/3172206	Veronicastrum virginicum (L.) Farw.	ACCEPTED	3172206	Veronicastrum virginicum (L.) Farw.	SPECIES	220	Magnoliopsida	Plantae
152545677	7784175	https://www.gbif.org/species/7784175	Veronica glauca Sibth. & Sm.	ACCEPTED	7784175	Veronica glauca Sibth. & Sm.	SPECIES	220	Magnoliopsida	Plantae
152545678	3732995	https://www.gbif.org/species/3732995	Veronica ceratocarpa C.A.Mey.	ACCEPTED	3732995	Veronica ceratocarpa C.A.Mey.	SPECIES	220	Magnoliopsida	Plantae
152545679	3172104	https://www.gbif.org/species/3172104	Veronica peregrina L.	ACCEPTED	3172104	Veronica peregrina L.	SPECIES	220	Magnoliopsida	Plantae
152545680	3172118	https://www.gbif.org/species/3172118	Veronica longifolia L.	ACCEPTED	3172118	Veronica longifolia L.	SPECIES	220	Magnoliopsida	Plantae
152545681	3172077	https://www.gbif.org/species/3172077	Veronica persica Poir.	ACCEPTED	3172077	Veronica persica Poir.	SPECIES	220	Magnoliopsida	Plantae
152545682	3172100	https://www.gbif.org/species/3172100	Veronica filiformis Sm.	ACCEPTED	3172100	Veronica filiformis Sm.	SPECIES	220	Magnoliopsida	Plantae
152545683	3172059	https://www.gbif.org/species/3172059	Veronica spicata L.	ACCEPTED	3172059	Veronica spicata L.	SPECIES	220	Magnoliopsida	Plantae
152545684	3172068	https://www.gbif.org/species/3172068	Veronica cymbalaria Bodard	ACCEPTED	3172068	Veronica cymbalaria Bodard	SPECIES	220	Magnoliopsida	Plantae
152545685	3172066	https://www.gbif.org/species/3172066	Veronica campylopoda Boiss.	ACCEPTED	3172066	Veronica campylopoda Boiss.	SPECIES	220	Magnoliopsida	Plantae
152545687	7333212	https://www.gbif.org/species/7333212	Antirrhinum graniticum Rothm.	ACCEPTED	7333212	Antirrhinum graniticum Rothm.	SPECIES	220	Magnoliopsida	Plantae
152545688	3172001	https://www.gbif.org/species/3172001	Antirrhinum majus L.	ACCEPTED	3172001	Antirrhinum majus L.	SPECIES	220	Magnoliopsida	Plantae
152545691	9508942	https://www.gbif.org/species/9508942	Origanum vulgare subsp. hirtum (Link) A.Terracc.	ACCEPTED	9508942	Origanum vulgare subsp. hirtum (Link) A.Terracc.	SUBSPECIES	220	Magnoliopsida	Plantae
152545693	6410563	https://www.gbif.org/species/6410563	Leonurus japonicus Houtt.	ACCEPTED	6410563	Leonurus japonicus Houtt.	SPECIES	220	Magnoliopsida	Plantae
152545694	7307492	https://www.gbif.org/species/7307492	Leonurus quinquelobatus Gilib.	ACCEPTED	7307492	Leonurus quinquelobatus Gilib.	SPECIES	220	Magnoliopsida	Plantae
152545696	6409536	https://www.gbif.org/species/6409536	Ballota nigra subsp. nigra	ACCEPTED	6409536	Ballota nigra subsp. nigra	SUBSPECIES	220	Magnoliopsida	Plantae
152545698	7307327	https://www.gbif.org/species/7307327	Agastache rugosa (Fisch. & C.A.Mey.) Kuntze	ACCEPTED	7307327	Agastache rugosa (Fisch. & C.A.Mey.) Kuntze	SPECIES	220	Magnoliopsida	Plantae
152545700	7309012	https://www.gbif.org/species/7309012	Callicarpa bodinieri H.Lév.	ACCEPTED	7309012	Callicarpa bodinieri H.Lév.	SPECIES	220	Magnoliopsida	Plantae
152545702	7308640	https://www.gbif.org/species/7308640	Caryopteris incana (Thunb. ex Houtt.) Miq.	ACCEPTED	7308640	Caryopteris incana (Thunb. ex Houtt.) Miq.	SPECIES	220	Magnoliopsida	Plantae
152545704	5605751	https://www.gbif.org/species/5605751	Lycopus exaltatus L.f.	ACCEPTED	5605751	Lycopus exaltatus L.f.	SPECIES	220	Magnoliopsida	Plantae
152545706	5608183	https://www.gbif.org/species/5608183	Lallemantia iberica (M.Bieb.) Fisch. & C.A.Mey.	ACCEPTED	5608183	Lallemantia iberica (M.Bieb.) Fisch. & C.A.Mey.	SPECIES	220	Magnoliopsida	Plantae
152545708	5341387	https://www.gbif.org/species/5341387	Hyssopus officinalis L.	ACCEPTED	5341387	Hyssopus officinalis L.	SPECIES	220	Magnoliopsida	Plantae
152545710	5341373	https://www.gbif.org/species/5341373	Scutellaria altissima L.	ACCEPTED	5341373	Scutellaria altissima L.	SPECIES	220	Magnoliopsida	Plantae
152545712	5341310	https://www.gbif.org/species/5341310	Galeopsis pubescens Besser	ACCEPTED	5341310	Galeopsis pubescens Besser	SPECIES	220	Magnoliopsida	Plantae
152545714	5341501	https://www.gbif.org/species/5341501	Melissa officinalis L.	ACCEPTED	5341501	Melissa officinalis L.	SPECIES	220	Magnoliopsida	Plantae
152545716	7350989	https://www.gbif.org/species/7350989	Nepeta ×faassenii Bergmans ex Stearn	ACCEPTED	7350989	Nepeta ×faassenii Bergmans ex Stearn	SPECIES	220	Magnoliopsida	Plantae
152545717	5341498	https://www.gbif.org/species/5341498	Nepeta grandiflora M.Bieb.	ACCEPTED	5341498	Nepeta grandiflora M.Bieb.	SPECIES	220	Magnoliopsida	Plantae
152545718	5341497	https://www.gbif.org/species/5341497	Nepeta racemosa Lam.	ACCEPTED	5341497	Nepeta racemosa Lam.	SPECIES	220	Magnoliopsida	Plantae
152545720	5607452	https://www.gbif.org/species/5607452	Thymus ×citriodorus (Pers.) Schreb.	ACCEPTED	5607452	Thymus ×citriodorus (Pers.) Schreb.	SPECIES	220	Magnoliopsida	Plantae
152545721	5341442	https://www.gbif.org/species/5341442	Thymus vulgaris L.	ACCEPTED	5341442	Thymus vulgaris L.	SPECIES	220	Magnoliopsida	Plantae
152545723	5341394	https://www.gbif.org/species/5341394	Perilla frutescens (L.) Britton	ACCEPTED	5341394	Perilla frutescens (L.) Britton	SPECIES	220	Magnoliopsida	Plantae
152545725	4930999	https://www.gbif.org/species/4930999	Amethystea caerulea L.	ACCEPTED	4930999	Amethystea caerulea L.	SPECIES	220	Magnoliopsida	Plantae
152545727	7096205	https://www.gbif.org/species/7096205	Clinopodium nepeta subsp. nepeta	ACCEPTED	7096205	Clinopodium nepeta subsp. nepeta	SUBSPECIES	220	Magnoliopsida	Plantae
152545733	3886505	https://www.gbif.org/species/3886505	Phlomis russeliana (Sims) Lag. ex Benth.	ACCEPTED	3886505	Phlomis russeliana (Sims) Lag. ex Benth.	SPECIES	220	Magnoliopsida	Plantae
152545735	8118326	https://www.gbif.org/species/8118326	Teucrium resupinatum Desf.	ACCEPTED	8118326	Teucrium resupinatum Desf.	SPECIES	220	Magnoliopsida	Plantae
152545736	3895710	https://www.gbif.org/species/3895710	Teucrium ×lucidrys Boom	ACCEPTED	3895710	Teucrium ×lucidrys Boom	SPECIES	220	Magnoliopsida	Plantae
152545737	3896282	https://www.gbif.org/species/3896282	Teucrium hircanicum L.	ACCEPTED	3896282	Teucrium hircanicum L.	SPECIES	220	Magnoliopsida	Plantae
152545739	6411098	https://www.gbif.org/species/6411098	Lamium galeobdolon subsp. argentatum (Smejkal) J.Duvign.	ACCEPTED	6411098	Lamium galeobdolon subsp. argentatum (Smejkal) J.Duvign.	SUBSPECIES	220	Magnoliopsida	Plantae
152545740	7308043	https://www.gbif.org/species/7308043	Lamium garganicum subsp. garganicum	ACCEPTED	7308043	Lamium garganicum subsp. garganicum	SUBSPECIES	220	Magnoliopsida	Plantae
152545741	3892732	https://www.gbif.org/species/3892732	Lamium orvala L.	ACCEPTED	3892732	Lamium orvala L.	SPECIES	220	Magnoliopsida	Plantae
152545743	3905970	https://www.gbif.org/species/3905970	Marrubium peregrinum L.	ACCEPTED	3905970	Marrubium peregrinum L.	SPECIES	220	Magnoliopsida	Plantae
152545745	2927096	https://www.gbif.org/species/2927096	Ocimum basilicum L.	ACCEPTED	2927096	Ocimum basilicum L.	SPECIES	220	Magnoliopsida	Plantae
152545747	3902360	https://www.gbif.org/species/3902360	Mentha cervina L.	ACCEPTED	3902360	Mentha cervina L.	SPECIES	220	Magnoliopsida	Plantae
152545748	2927174	https://www.gbif.org/species/2927174	Mentha requienii Benth.	ACCEPTED	2927174	Mentha requienii Benth.	SPECIES	220	Magnoliopsida	Plantae
152545750	2927075	https://www.gbif.org/species/2927075	Elsholtzia ciliata (Thunb.) Hyl.	ACCEPTED	2927075	Elsholtzia ciliata (Thunb.) Hyl.	SPECIES	220	Magnoliopsida	Plantae
152545752	3885185	https://www.gbif.org/species/3885185	Stachys atherocalyx K.Koch	ACCEPTED	3885185	Stachys atherocalyx K.Koch	SPECIES	220	Magnoliopsida	Plantae
152545753	2927296	https://www.gbif.org/species/2927296	Stachys cretica L.	ACCEPTED	2927296	Stachys cretica L.	SPECIES	220	Magnoliopsida	Plantae
152545754	2927230	https://www.gbif.org/species/2927230	Stachys byzantina K.Koch	ACCEPTED	2927230	Stachys byzantina K.Koch	SPECIES	220	Magnoliopsida	Plantae
152545756	2927224	https://www.gbif.org/species/2927224	Dracocephalum thymiflorum L.	ACCEPTED	2927224	Dracocephalum thymiflorum L.	SPECIES	220	Magnoliopsida	Plantae
152545757	2927222	https://www.gbif.org/species/2927222	Dracocephalum moldavica L.	ACCEPTED	2927222	Dracocephalum moldavica L.	SPECIES	220	Magnoliopsida	Plantae
152545758	2927220	https://www.gbif.org/species/2927220	Dracocephalum parviflorum Nutt.	ACCEPTED	2927220	Dracocephalum parviflorum Nutt.	SPECIES	220	Magnoliopsida	Plantae
152545760	7307829	https://www.gbif.org/species/7307829	Lavandula dentata L.	ACCEPTED	7307829	Lavandula dentata L.	SPECIES	220	Magnoliopsida	Plantae
152545761	2927303	https://www.gbif.org/species/2927303	Lavandula stoechas L.	ACCEPTED	2927303	Lavandula stoechas L.	SPECIES	220	Magnoliopsida	Plantae
152545762	2927305	https://www.gbif.org/species/2927305	Lavandula angustifolia Mill.	ACCEPTED	2927305	Lavandula angustifolia Mill.	SPECIES	220	Magnoliopsida	Plantae
152545764	6409706	https://www.gbif.org/species/6409706	Salvia verbenaca L.	ACCEPTED	6409706	Salvia verbenaca L.	SPECIES	220	Magnoliopsida	Plantae
152545765	3883959	https://www.gbif.org/species/3883959	Salvia viridis L.	ACCEPTED	3883959	Salvia viridis L.	SPECIES	220	Magnoliopsida	Plantae
152545766	2927028	https://www.gbif.org/species/2927028	Salvia nemorosa L.	ACCEPTED	2927028	Salvia nemorosa L.	SPECIES	220	Magnoliopsida	Plantae
152545767	2927026	https://www.gbif.org/species/2927026	Salvia glutinosa L.	ACCEPTED	2927026	Salvia glutinosa L.	SPECIES	220	Magnoliopsida	Plantae
152545768	2927030	https://www.gbif.org/species/2927030	Salvia aethiopis L.	ACCEPTED	2927030	Salvia aethiopis L.	SPECIES	220	Magnoliopsida	Plantae
152545769	2926992	https://www.gbif.org/species/2926992	Salvia hispanica L.	ACCEPTED	2926992	Salvia hispanica L.	SPECIES	220	Magnoliopsida	Plantae
152545770	2927000	https://www.gbif.org/species/2927000	Salvia sclarea L.	ACCEPTED	2927000	Salvia sclarea L.	SPECIES	220	Magnoliopsida	Plantae
152545771	2926995	https://www.gbif.org/species/2926995	Salvia verticillata L.	ACCEPTED	2926995	Salvia verticillata L.	SPECIES	220	Magnoliopsida	Plantae
152545772	2927004	https://www.gbif.org/species/2927004	Salvia officinalis L.	ACCEPTED	2927004	Salvia officinalis L.	SPECIES	220	Magnoliopsida	Plantae
152545773	2927001	https://www.gbif.org/species/2927001	Salvia reflexa Hornem.	ACCEPTED	2927001	Salvia reflexa Hornem.	SPECIES	220	Magnoliopsida	Plantae
152545775	2926572	https://www.gbif.org/species/2926572	Physostegia virginiana (L.) Benth.	ACCEPTED	2926572	Physostegia virginiana (L.) Benth.	SPECIES	220	Magnoliopsida	Plantae
152545777	2926686	https://www.gbif.org/species/2926686	Sideritis lanata L.	ACCEPTED	2926686	Sideritis lanata L.	SPECIES	220	Magnoliopsida	Plantae
152545778	2926688	https://www.gbif.org/species/2926688	Sideritis montana L.	ACCEPTED	2926688	Sideritis montana L.	SPECIES	220	Magnoliopsida	Plantae
152545780	2926885	https://www.gbif.org/species/2926885	Satureja hortensis L.	ACCEPTED	2926885	Satureja hortensis L.	SPECIES	220	Magnoliopsida	Plantae
152545781	2926884	https://www.gbif.org/species/2926884	Satureja montana L.	ACCEPTED	2926884	Satureja montana L.	SPECIES	220	Magnoliopsida	Plantae
152545783	2925366	https://www.gbif.org/species/2925366	Clerodendrum trichotomum Thunb.	ACCEPTED	2925366	Clerodendrum trichotomum Thunb.	SPECIES	220	Magnoliopsida	Plantae
152545784	2925351	https://www.gbif.org/species/2925351	Clerodendrum bungei Steud.	ACCEPTED	2925351	Clerodendrum bungei Steud.	SPECIES	220	Magnoliopsida	Plantae
152545787	7455425	https://www.gbif.org/species/7455425	Phyla nodiflora var. minor (Gillies & Hook.) N.O'Leary & Múlgura	ACCEPTED	7455425	Phyla nodiflora var. minor (Gillies & Hook.) N.O'Leary & Múlgura	VARIETY	220	Magnoliopsida	Plantae
152545792	2925532	https://www.gbif.org/species/2925532	Verbena bracteata Cav. ex Lag. & Rodr.	ACCEPTED	2925532	Verbena bracteata Cav. ex Lag. & Rodr.	SPECIES	220	Magnoliopsida	Plantae
152545793	2925496	https://www.gbif.org/species/2925496	Verbena rigida Spreng.	ACCEPTED	2925496	Verbena rigida Spreng.	SPECIES	220	Magnoliopsida	Plantae
152545794	2925514	https://www.gbif.org/species/2925514	Verbena bonariensis L.	ACCEPTED	2925514	Verbena bonariensis L.	SPECIES	220	Magnoliopsida	Plantae
152545795	2925492	https://www.gbif.org/species/2925492	Verbena supina L.	ACCEPTED	2925492	Verbena supina L.	SPECIES	220	Magnoliopsida	Plantae
152545796	2925527	https://www.gbif.org/species/2925527	Verbena hastata L.	ACCEPTED	2925527	Verbena hastata L.	SPECIES	220	Magnoliopsida	Plantae
152545797	2925530	https://www.gbif.org/species/2925530	Verbena urticifolia L.	ACCEPTED	2925530	Verbena urticifolia L.	SPECIES	220	Magnoliopsida	Plantae
152545798	2925515	https://www.gbif.org/species/2925515	Verbena halei Small	ACCEPTED	2925515	Verbena halei Small	SPECIES	220	Magnoliopsida	Plantae
152545799	2925518	https://www.gbif.org/species/2925518	Verbena brasiliensis Vell.	ACCEPTED	2925518	Verbena brasiliensis Vell.	SPECIES	220	Magnoliopsida	Plantae
152545803	7270761	https://www.gbif.org/species/7270761	Actinidia deliciosa (A.Chev.) C.F.Liang & A.R.Ferguson	SYNONYM	6550091	Actinidia chinensis var. deliciosa (A.Chev.) A.Chev.	VARIETY	220	Magnoliopsida	Plantae
152545806	5421385	https://www.gbif.org/species/5421385	Sarracenia rubra Walter	ACCEPTED	5421385	Sarracenia rubra Walter	SPECIES	220	Magnoliopsida	Plantae
152545807	5421389	https://www.gbif.org/species/5421389	Sarracenia purpurea L.	ACCEPTED	5421389	Sarracenia purpurea L.	SPECIES	220	Magnoliopsida	Plantae
152545810	3646556	https://www.gbif.org/species/3646556	Pterostyrax hispidus Siebold & Zucc.	ACCEPTED	3646556	Pterostyrax hispidus Siebold & Zucc.	SPECIES	220	Magnoliopsida	Plantae
152545813	7127354	https://www.gbif.org/species/7127354	Cyclamen coum Mill.	ACCEPTED	7127354	Cyclamen coum Mill.	SPECIES	220	Magnoliopsida	Plantae
152545814	7127810	https://www.gbif.org/species/7127810	Cyclamen hederifolium Aiton	ACCEPTED	7127810	Cyclamen hederifolium Aiton	SPECIES	220	Magnoliopsida	Plantae
152545816	5640518	https://www.gbif.org/species/5640518	Primula florindae Kingdon-Ward	ACCEPTED	5640518	Primula florindae Kingdon-Ward	SPECIES	220	Magnoliopsida	Plantae
152545817	5641274	https://www.gbif.org/species/5641274	Primula denticulata Sm.	ACCEPTED	5641274	Primula denticulata Sm.	SPECIES	220	Magnoliopsida	Plantae
152545820	4005004	https://www.gbif.org/species/4005004	Lysimachia fortunei Maxim.	ACCEPTED	4005004	Lysimachia fortunei Maxim.	SPECIES	220	Magnoliopsida	Plantae
152545821	4007682	https://www.gbif.org/species/4007682	Lysimachia linum-stellatum L.	ACCEPTED	4007682	Lysimachia linum-stellatum L.	SPECIES	220	Magnoliopsida	Plantae
152545822	3169391	https://www.gbif.org/species/3169391	Lysimachia ciliata L.	ACCEPTED	3169391	Lysimachia ciliata L.	SPECIES	220	Magnoliopsida	Plantae
152545823	3169340	https://www.gbif.org/species/3169340	Lysimachia punctata L.	ACCEPTED	3169340	Lysimachia punctata L.	SPECIES	220	Magnoliopsida	Plantae
152545825	3169329	https://www.gbif.org/species/3169329	Androsace maxima L.	ACCEPTED	3169329	Androsace maxima L.	SPECIES	220	Magnoliopsida	Plantae
152545828	7223680	https://www.gbif.org/species/7223680	Gilia capitata subsp. capitata	ACCEPTED	7223680	Gilia capitata subsp. capitata	SUBSPECIES	220	Magnoliopsida	Plantae
152545829	5659657	https://www.gbif.org/species/5659657	Gilia capitata subsp. mediomontana V.E.Grant	ACCEPTED	5659657	Gilia capitata subsp. mediomontana V.E.Grant	SUBSPECIES	220	Magnoliopsida	Plantae
152545830	5341558	https://www.gbif.org/species/5341558	Gilia tricolor Benth.	ACCEPTED	5341558	Gilia tricolor Benth.	SPECIES	220	Magnoliopsida	Plantae
152545831	5341540	https://www.gbif.org/species/5341540	Gilia achilleifolia Benth.	ACCEPTED	5341540	Gilia achilleifolia Benth.	SPECIES	220	Magnoliopsida	Plantae
152545833	2927850	https://www.gbif.org/species/2927850	Polemonium caeruleum L.	ACCEPTED	2927850	Polemonium caeruleum L.	SPECIES	220	Magnoliopsida	Plantae
152545835	2927727	https://www.gbif.org/species/2927727	Phlox subulata L.	ACCEPTED	2927727	Phlox subulata L.	SPECIES	220	Magnoliopsida	Plantae
152545836	2927744	https://www.gbif.org/species/2927744	Phlox paniculata L.	ACCEPTED	2927744	Phlox paniculata L.	SPECIES	220	Magnoliopsida	Plantae
152545837	2927783	https://www.gbif.org/species/2927783	Phlox maculata L.	ACCEPTED	2927783	Phlox maculata L.	SPECIES	220	Magnoliopsida	Plantae
152545839	2927684	https://www.gbif.org/species/2927684	Navarretia squarrosa (Eschsch.) Hook. & Arn.	ACCEPTED	2927684	Navarretia squarrosa (Eschsch.) Hook. & Arn.	SPECIES	220	Magnoliopsida	Plantae
152545842	2891782	https://www.gbif.org/species/2891782	Impatiens parviflora DC.	ACCEPTED	2891782	Impatiens parviflora DC.	SPECIES	220	Magnoliopsida	Plantae
152545843	2891774	https://www.gbif.org/species/2891774	Impatiens capensis Meerb.	ACCEPTED	2891774	Impatiens capensis Meerb.	SPECIES	220	Magnoliopsida	Plantae
152545844	2891783	https://www.gbif.org/species/2891783	Impatiens balfourii Hook.fil.	ACCEPTED	2891783	Impatiens balfourii Hook.fil.	SPECIES	220	Magnoliopsida	Plantae
152545845	2891770	https://www.gbif.org/species/2891770	Impatiens glandulifera Royle	ACCEPTED	2891770	Impatiens glandulifera Royle	SPECIES	220	Magnoliopsida	Plantae
152545850	7135755	https://www.gbif.org/species/7135755	Rhododendron luteum Sweet	ACCEPTED	7135755	Rhododendron luteum Sweet	SPECIES	220	Magnoliopsida	Plantae
152545851	7327990	https://www.gbif.org/species/7327990	Rhododendron ponticum L.	ACCEPTED	7327990	Rhododendron ponticum L.	SPECIES	220	Magnoliopsida	Plantae
152545853	5682465	https://www.gbif.org/species/5682465	Erica carnea L.	ACCEPTED	5682465	Erica carnea L.	SPECIES	220	Magnoliopsida	Plantae
152545854	5333408	https://www.gbif.org/species/5333408	Erica vagans L.	ACCEPTED	5333408	Erica vagans L.	SPECIES	220	Magnoliopsida	Plantae
152545856	5333354	https://www.gbif.org/species/5333354	Leucothoe fontanesiana (Steud.) Sleumer	ACCEPTED	5333354	Leucothoe fontanesiana (Steud.) Sleumer	SPECIES	220	Magnoliopsida	Plantae
152545858	2882753	https://www.gbif.org/species/2882753	Gaultheria procumbens L.	ACCEPTED	2882753	Gaultheria procumbens L.	SPECIES	220	Magnoliopsida	Plantae
152545861	2882849	https://www.gbif.org/species/2882849	Vaccinium corymbosum L.	ACCEPTED	2882849	Vaccinium corymbosum L.	SPECIES	220	Magnoliopsida	Plantae
152545865	2888298	https://www.gbif.org/species/2888298	Moneses uniflora (L.) A.Gray	ACCEPTED	2888298	Moneses uniflora (L.) A.Gray	SPECIES	220	Magnoliopsida	Plantae
152545867	2883007	https://www.gbif.org/species/2883007	Kalmia angustifolia L.	ACCEPTED	2883007	Kalmia angustifolia L.	SPECIES	220	Magnoliopsida	Plantae
152545869	2888310	https://www.gbif.org/species/2888310	Orthilia secunda (L.) House	ACCEPTED	2888310	Orthilia secunda (L.) House	SPECIES	220	Magnoliopsida	Plantae
152545872	2888323	https://www.gbif.org/species/2888323	Clethra alnifolia L.	ACCEPTED	2888323	Clethra alnifolia L.	SPECIES	220	Magnoliopsida	Plantae
152545876	7802465	https://www.gbif.org/species/7802465	Nymphaea ×marliacea Lat.-Marl.	ACCEPTED	7802465	Nymphaea ×marliacea Lat.-Marl.	SPECIES	220	Magnoliopsida	Plantae
152545879	2882443	https://www.gbif.org/species/2882443	Cabomba caroliniana A.Gray	ACCEPTED	2882443	Cabomba caroliniana A.Gray	SPECIES	220	Magnoliopsida	Plantae
152545883	5621983	https://www.gbif.org/species/5621983	Echinopsis silvestrii Speg.	SYNONYM	7282357	Echinopsis albispinosa K.Schum.	SPECIES	220	Magnoliopsida	Plantae
152545886	3190845	https://www.gbif.org/species/3190845	Drosera linearis Goldie	ACCEPTED	3190845	Drosera linearis Goldie	SPECIES	220	Magnoliopsida	Plantae
152545891	4090836	https://www.gbif.org/species/4090836	Armeria maritima subsp. elongata (Hoffm.) Bonnier	ACCEPTED	4090836	Armeria maritima subsp. elongata (Hoffm.) Bonnier	SUBSPECIES	220	Magnoliopsida	Plantae
152545893	3082297	https://www.gbif.org/species/3082297	Limonium sinuatum (L.) Mill.	ACCEPTED	3082297	Limonium sinuatum (L.) Mill.	SPECIES	220	Magnoliopsida	Plantae
152545896	7407436	https://www.gbif.org/species/7407436	Chenopodiastrum simplex (Torr.) S.Fuentes, Uotila & Borsch	ACCEPTED	7407436	Chenopodiastrum simplex (Torr.) S.Fuentes, Uotila & Borsch	SPECIES	220	Magnoliopsida	Plantae
152545899	7846821	https://www.gbif.org/species/7846821	Oxybasis macrosperma (Hook.fil.) S.Fuentes, Uotila & Borsch	ACCEPTED	7846821	Oxybasis macrosperma (Hook.fil.) S.Fuentes, Uotila & Borsch	SPECIES	220	Magnoliopsida	Plantae
152545901	7933495	https://www.gbif.org/species/7933495	Sclerolaena muricata (Moq.) Domin	ACCEPTED	7933495	Sclerolaena muricata (Moq.) Domin	SPECIES	220	Magnoliopsida	Plantae
152545903	8243150	https://www.gbif.org/species/8243150	Spirobassia hirsuta (L.) Freitag & G.Kadereit	ACCEPTED	8243150	Spirobassia hirsuta (L.) Freitag & G.Kadereit	SPECIES	220	Magnoliopsida	Plantae
152545905	6447806	https://www.gbif.org/species/6447806	Axyris amaranthoides L.	ACCEPTED	6447806	Axyris amaranthoides L.	SPECIES	220	Magnoliopsida	Plantae
152545907	7323632	https://www.gbif.org/species/7323632	Ptilotus spicatus F.Muell. ex Benth.	ACCEPTED	7323632	Ptilotus spicatus F.Muell. ex Benth.	SPECIES	220	Magnoliopsida	Plantae
152545909	7707087	https://www.gbif.org/species/7707087	Dysphania glomulifera (Nees) Paul G.Wilson	ACCEPTED	7707087	Dysphania glomulifera (Nees) Paul G.Wilson	SPECIES	220	Magnoliopsida	Plantae
152545910	7877091	https://www.gbif.org/species/7877091	Dysphania pseudomultiflora (Murr) Verloove & Lambinon	ACCEPTED	7877091	Dysphania pseudomultiflora (Murr) Verloove & Lambinon	SPECIES	220	Magnoliopsida	Plantae
152545911	5568446	https://www.gbif.org/species/5568446	Dysphania ambrosioides (L.) Mosyakin & Clemants	ACCEPTED	5568446	Dysphania ambrosioides (L.) Mosyakin & Clemants	SPECIES	220	Magnoliopsida	Plantae
152545912	5568322	https://www.gbif.org/species/5568322	Dysphania schraderiana (Schult.) Mosyakin & Clemants	ACCEPTED	5568322	Dysphania schraderiana (Schult.) Mosyakin & Clemants	SPECIES	220	Magnoliopsida	Plantae
152545913	5568339	https://www.gbif.org/species/5568339	Dysphania pumilio (R.Br.) Mosyakin & Clemants	ACCEPTED	5568339	Dysphania pumilio (R.Br.) Mosyakin & Clemants	SPECIES	220	Magnoliopsida	Plantae
152545914	5568361	https://www.gbif.org/species/5568361	Dysphania multifida (L.) Mosyakin & Clemants	ACCEPTED	5568361	Dysphania multifida (L.) Mosyakin & Clemants	SPECIES	220	Magnoliopsida	Plantae
152545915	5568415	https://www.gbif.org/species/5568415	Dysphania cristata (F.Muell.) Mosyakin & Clemants	ACCEPTED	5568415	Dysphania cristata (F.Muell.) Mosyakin & Clemants	SPECIES	220	Magnoliopsida	Plantae
152545916	5568424	https://www.gbif.org/species/5568424	Dysphania carinata (R.Br.) Mosyakin & Clemants	ACCEPTED	5568424	Dysphania carinata (R.Br.) Mosyakin & Clemants	SPECIES	220	Magnoliopsida	Plantae
152545917	5568428	https://www.gbif.org/species/5568428	Dysphania botrys (L.) Mosyakin & Clemants	ACCEPTED	5568428	Dysphania botrys (L.) Mosyakin & Clemants	SPECIES	220	Magnoliopsida	Plantae
152545918	5568442	https://www.gbif.org/species/5568442	Dysphania anthelmintica (L.) Mosyakin & Clemants	ACCEPTED	5568442	Dysphania anthelmintica (L.) Mosyakin & Clemants	SPECIES	220	Magnoliopsida	Plantae
152545920	5568188	https://www.gbif.org/species/5568188	Bassia laniflora (S.G.Gmel.) A.J.Scott	ACCEPTED	5568188	Bassia laniflora (S.G.Gmel.) A.J.Scott	SPECIES	220	Magnoliopsida	Plantae
152545921	5383909	https://www.gbif.org/species/5383909	Bassia hyssopifolia (Pall.) Kuntze	ACCEPTED	5383909	Bassia hyssopifolia (Pall.) Kuntze	SPECIES	220	Magnoliopsida	Plantae
152545923	7068845	https://www.gbif.org/species/7068845	Beta vulgaris subsp. vulgaris	ACCEPTED	7068845	Beta vulgaris subsp. vulgaris	SUBSPECIES	220	Magnoliopsida	Plantae
152545924	5567951	https://www.gbif.org/species/5567951	Beta macrocarpa Guss.	ACCEPTED	5567951	Beta macrocarpa Guss.	SPECIES	220	Magnoliopsida	Plantae
152545925	5383926	https://www.gbif.org/species/5383926	Beta trigyna Waldst. & Kit.	ACCEPTED	5383926	Beta trigyna Waldst. & Kit.	SPECIES	220	Magnoliopsida	Plantae
152545927	5568899	https://www.gbif.org/species/5568899	Blitum nuttallianum Roem. & Schult.	ACCEPTED	5568899	Blitum nuttallianum Roem. & Schult.	SPECIES	220	Magnoliopsida	Plantae
152545928	5383969	https://www.gbif.org/species/5383969	Blitum virgatum L.	ACCEPTED	5383969	Blitum virgatum L.	SPECIES	220	Magnoliopsida	Plantae
152545929	5383971	https://www.gbif.org/species/5383971	Blitum capitatum L.	ACCEPTED	5383971	Blitum capitatum L.	SPECIES	220	Magnoliopsida	Plantae
152545931	9080185	https://www.gbif.org/species/9080185	Amaranthus hypochondriacus L.	ACCEPTED	9080185	Amaranthus hypochondriacus L.	SPECIES	220	Magnoliopsida	Plantae
152545932	8911082	https://www.gbif.org/species/8911082	Amaranthus blitum L.	ACCEPTED	8911082	Amaranthus blitum L.	SPECIES	220	Magnoliopsida	Plantae
152545933	7576335	https://www.gbif.org/species/7576335	Amaranthus ozanonii Piszter	DOUBTFUL	7576335	Amaranthus ozanonii Piszter	SPECIES	220	Magnoliopsida	Plantae
152545934	7905507	https://www.gbif.org/species/7905507	Amaranthus albus L.	ACCEPTED	7905507	Amaranthus albus L.	SPECIES	220	Magnoliopsida	Plantae
152545935	6109534	https://www.gbif.org/species/6109534	Amaranthus retroflexus L.	ACCEPTED	6109534	Amaranthus retroflexus L.	SPECIES	220	Magnoliopsida	Plantae
152545936	6109611	https://www.gbif.org/species/6109611	Amaranthus caudatus L.	ACCEPTED	6109611	Amaranthus caudatus L.	SPECIES	220	Magnoliopsida	Plantae
152545937	7323834	https://www.gbif.org/species/7323834	Amaranthus macrocarpus var. macrocarpus	ACCEPTED	7323834	Amaranthus macrocarpus var. macrocarpus	VARIETY	220	Magnoliopsida	Plantae
152545938	7323810	https://www.gbif.org/species/7323810	Amaranthus mitchellii Benth.	ACCEPTED	7323810	Amaranthus mitchellii Benth.	SPECIES	220	Magnoliopsida	Plantae
152545939	7323711	https://www.gbif.org/species/7323711	Amaranthus quitensis Kunth	ACCEPTED	7323711	Amaranthus quitensis Kunth	SPECIES	220	Magnoliopsida	Plantae
152545940	7323341	https://www.gbif.org/species/7323341	Amaranthus capensis subsp. capensis	ACCEPTED	7323341	Amaranthus capensis subsp. capensis	SUBSPECIES	220	Magnoliopsida	Plantae
152545941	5384396	https://www.gbif.org/species/5384396	Amaranthus deflexus L.	ACCEPTED	5384396	Amaranthus deflexus L.	SPECIES	220	Magnoliopsida	Plantae
152545942	5384395	https://www.gbif.org/species/5384395	Amaranthus blitoides S.Watson	ACCEPTED	5384395	Amaranthus blitoides S.Watson	SPECIES	220	Magnoliopsida	Plantae
152545943	5384401	https://www.gbif.org/species/5384401	Amaranthus spinosus L.	ACCEPTED	5384401	Amaranthus spinosus L.	SPECIES	220	Magnoliopsida	Plantae
152545944	5548401	https://www.gbif.org/species/5548401	Amaranthus standleyanus Parodi ex Covas	ACCEPTED	5548401	Amaranthus standleyanus Parodi ex Covas	SPECIES	220	Magnoliopsida	Plantae
152545945	5548011	https://www.gbif.org/species/5548011	Amaranthus capensis subsp. uncinatus (Thell.) Brenan	ACCEPTED	5548011	Amaranthus capensis subsp. uncinatus (Thell.) Brenan	SUBSPECIES	220	Magnoliopsida	Plantae
152545946	5547989	https://www.gbif.org/species/5547989	Amaranthus clementii Domin	ACCEPTED	5547989	Amaranthus clementii Domin	SPECIES	220	Magnoliopsida	Plantae
152545947	5384361	https://www.gbif.org/species/5384361	Amaranthus bouchonii Thell.	ACCEPTED	5384361	Amaranthus bouchonii Thell.	SPECIES	220	Magnoliopsida	Plantae
152545949	5384370	https://www.gbif.org/species/5384370	Amaranthus scleropoides Uline & W.L.Bray	ACCEPTED	5384370	Amaranthus scleropoides Uline & W.L.Bray	SPECIES	220	Magnoliopsida	Plantae
152545950	5384364	https://www.gbif.org/species/5384364	Amaranthus hybridus L.	ACCEPTED	5384364	Amaranthus hybridus L.	SPECIES	220	Magnoliopsida	Plantae
152545951	5384383	https://www.gbif.org/species/5384383	Amaranthus thunbergii Moq.	ACCEPTED	5384383	Amaranthus thunbergii Moq.	SPECIES	220	Magnoliopsida	Plantae
152545952	5384373	https://www.gbif.org/species/5384373	Amaranthus graecizans L.	ACCEPTED	5384373	Amaranthus graecizans L.	SPECIES	220	Magnoliopsida	Plantae
152545953	5384393	https://www.gbif.org/species/5384393	Amaranthus palmeri S.Watson	ACCEPTED	5384393	Amaranthus palmeri S.Watson	SPECIES	220	Magnoliopsida	Plantae
152545954	5384390	https://www.gbif.org/species/5384390	Amaranthus cruentus L.	ACCEPTED	5384390	Amaranthus cruentus L.	SPECIES	220	Magnoliopsida	Plantae
152545955	5384334	https://www.gbif.org/species/5384334	Amaranthus viridis L.	ACCEPTED	5384334	Amaranthus viridis L.	SPECIES	220	Magnoliopsida	Plantae
152545956	5384332	https://www.gbif.org/species/5384332	Amaranthus muricatus (Gillies ex Moq.) Hieron.	ACCEPTED	5384332	Amaranthus muricatus (Gillies ex Moq.) Hieron.	SPECIES	220	Magnoliopsida	Plantae
152545957	5384342	https://www.gbif.org/species/5384342	Amaranthus polygonoides L.	ACCEPTED	5384342	Amaranthus polygonoides L.	SPECIES	220	Magnoliopsida	Plantae
152545958	5384341	https://www.gbif.org/species/5384341	Amaranthus crispus (Lesp. & Thévenau) N.Terracc.	ACCEPTED	5384341	Amaranthus crispus (Lesp. & Thévenau) N.Terracc.	SPECIES	220	Magnoliopsida	Plantae
152545960	3083603	https://www.gbif.org/species/3083603	Polycnemum arvense L.	ACCEPTED	3083603	Polycnemum arvense L.	SPECIES	220	Magnoliopsida	Plantae
152545962	6447496	https://www.gbif.org/species/6447496	Atriplex leptocarpa F.Muell.	ACCEPTED	6447496	Atriplex leptocarpa F.Muell.	SPECIES	220	Magnoliopsida	Plantae
152545963	3760099	https://www.gbif.org/species/3760099	Atriplex sagittata Borkh.	ACCEPTED	3760099	Atriplex sagittata Borkh.	SPECIES	220	Magnoliopsida	Plantae
152545964	3083657	https://www.gbif.org/species/3083657	Atriplex oblongifolia Waldst. & Kit.	ACCEPTED	3083657	Atriplex oblongifolia Waldst. & Kit.	SPECIES	220	Magnoliopsida	Plantae
152545965	3083702	https://www.gbif.org/species/3083702	Atriplex tatarica L.	ACCEPTED	3083702	Atriplex tatarica L.	SPECIES	220	Magnoliopsida	Plantae
152545966	3083718	https://www.gbif.org/species/3083718	Atriplex halimus L.	ACCEPTED	3083718	Atriplex halimus L.	SPECIES	220	Magnoliopsida	Plantae
152545967	3083667	https://www.gbif.org/species/3083667	Atriplex semibaccata R.Br.	ACCEPTED	3083667	Atriplex semibaccata R.Br.	SPECIES	220	Magnoliopsida	Plantae
152545968	3083680	https://www.gbif.org/species/3083680	Atriplex micrantha Ledeb.	ACCEPTED	3083680	Atriplex micrantha Ledeb.	SPECIES	220	Magnoliopsida	Plantae
152545969	3083761	https://www.gbif.org/species/3083761	Atriplex hortensis L.	ACCEPTED	3083761	Atriplex hortensis L.	SPECIES	220	Magnoliopsida	Plantae
152545970	3083763	https://www.gbif.org/species/3083763	Atriplex sibirica L.	ACCEPTED	3083763	Atriplex sibirica L.	SPECIES	220	Magnoliopsida	Plantae
152545971	3083745	https://www.gbif.org/species/3083745	Atriplex rosea L.	ACCEPTED	3083745	Atriplex rosea L.	SPECIES	220	Magnoliopsida	Plantae
152545972	3083746	https://www.gbif.org/species/3083746	Atriplex holocarpa F.Muell.	ACCEPTED	3083746	Atriplex holocarpa F.Muell.	SPECIES	220	Magnoliopsida	Plantae
152545973	3083771	https://www.gbif.org/species/3083771	Atriplex suberecta I.Verd.	ACCEPTED	3083771	Atriplex suberecta I.Verd.	SPECIES	220	Magnoliopsida	Plantae
152545974	3083773	https://www.gbif.org/species/3083773	Atriplex muelleri Benth.	ACCEPTED	3083773	Atriplex muelleri Benth.	SPECIES	220	Magnoliopsida	Plantae
152545976	3083647	https://www.gbif.org/species/3083647	Spinacia oleracea L.	ACCEPTED	3083647	Spinacia oleracea L.	SPECIES	220	Magnoliopsida	Plantae
152545979	7644304	https://www.gbif.org/species/7644304	Chenopodium borbasioides A.Ludw.	ACCEPTED	7644304	Chenopodium borbasioides A.Ludw.	SPECIES	220	Magnoliopsida	Plantae
152545980	6035549	https://www.gbif.org/species/6035549	Chenopodium striatiforme Murr	ACCEPTED	6035549	Chenopodium striatiforme Murr	SPECIES	220	Magnoliopsida	Plantae
152545981	3757189	https://www.gbif.org/species/3757189	Chenopodium auricomiforme Murr & Thell.	ACCEPTED	3757189	Chenopodium auricomiforme Murr & Thell.	SPECIES	220	Magnoliopsida	Plantae
152545982	3756650	https://www.gbif.org/species/3756650	Chenopodium ×reynieri Ludw. & Aellen	ACCEPTED	3756650	Chenopodium ×reynieri Ludw. & Aellen	SPECIES	220	Magnoliopsida	Plantae
152545983	3756077	https://www.gbif.org/species/3756077	Chenopodium giganteum D.Don	ACCEPTED	3756077	Chenopodium giganteum D.Don	SPECIES	220	Magnoliopsida	Plantae
152545984	3083903	https://www.gbif.org/species/3083903	Chenopodium opulifolium Schrad. ex W.D.J.Koch & Ziz	ACCEPTED	3083903	Chenopodium opulifolium Schrad. ex W.D.J.Koch & Ziz	SPECIES	220	Magnoliopsida	Plantae
152545985	3083921	https://www.gbif.org/species/3083921	Chenopodium pratericola Rydb.	ACCEPTED	3083921	Chenopodium pratericola Rydb.	SPECIES	220	Magnoliopsida	Plantae
152545986	3083934	https://www.gbif.org/species/3083934	Chenopodium hircinum Schrad.	ACCEPTED	3083934	Chenopodium hircinum Schrad.	SPECIES	220	Magnoliopsida	Plantae
152545987	3083905	https://www.gbif.org/species/3083905	Chenopodium suecicum Murr	ACCEPTED	3083905	Chenopodium suecicum Murr	SPECIES	220	Magnoliopsida	Plantae
152545988	3083920	https://www.gbif.org/species/3083920	Chenopodium berlandieri Moq.	ACCEPTED	3083920	Chenopodium berlandieri Moq.	SPECIES	220	Magnoliopsida	Plantae
152545989	3083935	https://www.gbif.org/species/3083935	Chenopodium quinoa Willd.	ACCEPTED	3083935	Chenopodium quinoa Willd.	SPECIES	220	Magnoliopsida	Plantae
152545991	3083975	https://www.gbif.org/species/3083975	Corispermum pallasii Steven	ACCEPTED	3083975	Corispermum pallasii Steven	SPECIES	220	Magnoliopsida	Plantae
152545993	7606014	https://www.gbif.org/species/7606014	Alternanthera angustifolia R.Br.	ACCEPTED	7606014	Alternanthera angustifolia R.Br.	SPECIES	220	Magnoliopsida	Plantae
152545994	3084922	https://www.gbif.org/species/3084922	Alternanthera paronychioides A.St.-Hil.	ACCEPTED	3084922	Alternanthera paronychioides A.St.-Hil.	SPECIES	220	Magnoliopsida	Plantae
152545995	3084939	https://www.gbif.org/species/3084939	Alternanthera sessilis (L.) R.Br. ex DC.	ACCEPTED	3084939	Alternanthera sessilis (L.) R.Br. ex DC.	SPECIES	220	Magnoliopsida	Plantae
152545996	3084949	https://www.gbif.org/species/3084949	Alternanthera pungens Kunth	ACCEPTED	3084949	Alternanthera pungens Kunth	SPECIES	220	Magnoliopsida	Plantae
152545997	3084958	https://www.gbif.org/species/3084958	Alternanthera caracasana Kunth	ACCEPTED	3084958	Alternanthera caracasana Kunth	SPECIES	220	Magnoliopsida	Plantae
152546000	3084611	https://www.gbif.org/species/3084611	Mollugo verticillata L.	ACCEPTED	3084611	Mollugo verticillata L.	SPECIES	220	Magnoliopsida	Plantae
152546002	3084616	https://www.gbif.org/species/3084616	Glinus lotoides L.	ACCEPTED	3084616	Glinus lotoides L.	SPECIES	220	Magnoliopsida	Plantae
152546005	3084015	https://www.gbif.org/species/3084015	Phytolacca americana L.	ACCEPTED	3084015	Phytolacca americana L.	SPECIES	220	Magnoliopsida	Plantae
152546006	3084022	https://www.gbif.org/species/3084022	Phytolacca acinosa Roxb.	ACCEPTED	3084022	Phytolacca acinosa Roxb.	SPECIES	220	Magnoliopsida	Plantae
152546009	4023424	https://www.gbif.org/species/4023424	Portulaca trituberculata Danin, Domina & Raimondo	ACCEPTED	4023424	Portulaca trituberculata Danin, Domina & Raimondo	SPECIES	220	Magnoliopsida	Plantae
152546010	4022617	https://www.gbif.org/species/4022617	Portulaca nitida (Danin & H.G.Baker) Ricceri & Arrigoni	ACCEPTED	4022617	Portulaca nitida (Danin & H.G.Baker) Ricceri & Arrigoni	SPECIES	220	Magnoliopsida	Plantae
152546011	4023278	https://www.gbif.org/species/4023278	Portulaca granulatostellulata (Poelln.) Ricceri & Arrigoni	ACCEPTED	4023278	Portulaca granulatostellulata (Poelln.) Ricceri & Arrigoni	SPECIES	220	Magnoliopsida	Plantae
152546012	4021919	https://www.gbif.org/species/4021919	Portulaca sativa Haw.	ACCEPTED	4021919	Portulaca sativa Haw.	SPECIES	220	Magnoliopsida	Plantae
152546013	4021920	https://www.gbif.org/species/4021920	Portulaca cypria Danin	ACCEPTED	4021920	Portulaca cypria Danin	SPECIES	220	Magnoliopsida	Plantae
152546014	3084719	https://www.gbif.org/species/3084719	Portulaca oleracea L.	ACCEPTED	3084719	Portulaca oleracea L.	SPECIES	220	Magnoliopsida	Plantae
152546015	3084700	https://www.gbif.org/species/3084700	Portulaca grandiflora Hook.	ACCEPTED	3084700	Portulaca grandiflora Hook.	SPECIES	220	Magnoliopsida	Plantae
152546018	9376410	https://www.gbif.org/species/9376410	Delosperma cooperi (Hook.fil.) L.Bolus	ACCEPTED	9376410	Delosperma cooperi (Hook.fil.) L.Bolus	SPECIES	220	Magnoliopsida	Plantae
152546020	5384307	https://www.gbif.org/species/5384307	Tetragonia tetragonioides (Pallas) Kuntze	ACCEPTED	5384307	Tetragonia tetragonioides (Pallas) Kuntze	SPECIES	220	Magnoliopsida	Plantae
152546022	8185812	https://www.gbif.org/species/8185812	Mesembryanthemum cordifolium L.fil.	ACCEPTED	8185812	Mesembryanthemum cordifolium L.fil.	SPECIES	220	Magnoliopsida	Plantae
152546023	3084837	https://www.gbif.org/species/3084837	Mesembryanthemum nodiflorum L.	ACCEPTED	3084837	Mesembryanthemum nodiflorum L.	SPECIES	220	Magnoliopsida	Plantae
152546024	3084839	https://www.gbif.org/species/3084839	Mesembryanthemum crystallinum L.	ACCEPTED	3084839	Mesembryanthemum crystallinum L.	SPECIES	220	Magnoliopsida	Plantae
152546026	3084842	https://www.gbif.org/species/3084842	Carpobrotus edulis (L.) N.E.Br.	ACCEPTED	3084842	Carpobrotus edulis (L.) N.E.Br.	SPECIES	220	Magnoliopsida	Plantae
152546028	3084883	https://www.gbif.org/species/3084883	Sesuvium portulacastrum (L.) L.	ACCEPTED	3084883	Sesuvium portulacastrum (L.) L.	SPECIES	220	Magnoliopsida	Plantae
152546033	3084742	https://www.gbif.org/species/3084742	Claytonia sibirica L.	ACCEPTED	3084742	Claytonia sibirica L.	SPECIES	220	Magnoliopsida	Plantae
152546037	5384459	https://www.gbif.org/species/5384459	Gypsophila pilosa Huds.	ACCEPTED	5384459	Gypsophila pilosa Huds.	SPECIES	220	Magnoliopsida	Plantae
152546038	5384458	https://www.gbif.org/species/5384458	Gypsophila paniculata L.	ACCEPTED	5384458	Gypsophila paniculata L.	SPECIES	220	Magnoliopsida	Plantae
152546039	5384466	https://www.gbif.org/species/5384466	Gypsophila elegans M.Bieb.	ACCEPTED	5384466	Gypsophila elegans M.Bieb.	SPECIES	220	Magnoliopsida	Plantae
152546040	5384465	https://www.gbif.org/species/5384465	Gypsophila scorzonerifolia Ser.	ACCEPTED	5384465	Gypsophila scorzonerifolia Ser.	SPECIES	220	Magnoliopsida	Plantae
152546041	5585762	https://www.gbif.org/species/5585762	Gypsophila viscosa Murray	ACCEPTED	5585762	Gypsophila viscosa Murray	SPECIES	220	Magnoliopsida	Plantae
152546043	8993502	https://www.gbif.org/species/8993502	Silene italica (L.) Pers.	ACCEPTED	8993502	Silene italica (L.) Pers.	SPECIES	220	Magnoliopsida	Plantae
152546044	7523432	https://www.gbif.org/species/7523432	Silene behen L.	ACCEPTED	7523432	Silene behen L.	SPECIES	220	Magnoliopsida	Plantae
152546045	7746901	https://www.gbif.org/species/7746901	Silene otites (L.) Wibel	ACCEPTED	7746901	Silene otites (L.) Wibel	SPECIES	220	Magnoliopsida	Plantae
152546046	8184157	https://www.gbif.org/species/8184157	Silene stricta L.	ACCEPTED	8184157	Silene stricta L.	SPECIES	220	Magnoliopsida	Plantae
152546047	8150863	https://www.gbif.org/species/8150863	Silene cretica L.	ACCEPTED	8150863	Silene cretica L.	SPECIES	220	Magnoliopsida	Plantae
152546048	8279669	https://www.gbif.org/species/8279669	Silene viscosa (L.) Pers.	ACCEPTED	8279669	Silene viscosa (L.) Pers.	SPECIES	220	Magnoliopsida	Plantae
152546050	7267492	https://www.gbif.org/species/7267492	Silene nocturna subsp. nocturna	ACCEPTED	7267492	Silene nocturna subsp. nocturna	SUBSPECIES	220	Magnoliopsida	Plantae
152546051	5384848	https://www.gbif.org/species/5384848	Silene gallica L.	ACCEPTED	5384848	Silene gallica L.	SPECIES	220	Magnoliopsida	Plantae
152546053	5384852	https://www.gbif.org/species/5384852	Silene conoidea L.	ACCEPTED	5384852	Silene conoidea L.	SPECIES	220	Magnoliopsida	Plantae
152546054	5384741	https://www.gbif.org/species/5384741	Silene coronaria (L.) Clairv.	ACCEPTED	5384741	Silene coronaria (L.) Clairv.	SPECIES	220	Magnoliopsida	Plantae
152546055	5384818	https://www.gbif.org/species/5384818	Silene dichotoma Ehrh.	ACCEPTED	5384818	Silene dichotoma Ehrh.	SPECIES	220	Magnoliopsida	Plantae
152546056	5384773	https://www.gbif.org/species/5384773	Silene pendula L.	ACCEPTED	5384773	Silene pendula L.	SPECIES	220	Magnoliopsida	Plantae
152546057	5585975	https://www.gbif.org/species/5585975	Silene muscipula L.	ACCEPTED	5585975	Silene muscipula L.	SPECIES	220	Magnoliopsida	Plantae
152546058	5584240	https://www.gbif.org/species/5584240	Silene schafta J.G.Gmel. ex Hohen.	ACCEPTED	5584240	Silene schafta J.G.Gmel. ex Hohen.	SPECIES	220	Magnoliopsida	Plantae
152546059	5584611	https://www.gbif.org/species/5584611	Silene chalcedonica (L.) E.H.L.Krause	ACCEPTED	5584611	Silene chalcedonica (L.) E.H.L.Krause	SPECIES	220	Magnoliopsida	Plantae
152546061	7314281	https://www.gbif.org/species/7314281	Paronychia brasiliana DC.	ACCEPTED	7314281	Paronychia brasiliana DC.	SPECIES	220	Magnoliopsida	Plantae
152546062	5528747	https://www.gbif.org/species/5528747	Paronychia argentea Lam.	ACCEPTED	5528747	Paronychia argentea Lam.	SPECIES	220	Magnoliopsida	Plantae
152546064	3593900	https://www.gbif.org/species/3593900	Herniaria cinerea DC.	ACCEPTED	3593900	Herniaria cinerea DC.	SPECIES	220	Magnoliopsida	Plantae
152546066	3085357	https://www.gbif.org/species/3085357	Saponaria ocymoides L.	ACCEPTED	3085357	Saponaria ocymoides L.	SPECIES	220	Magnoliopsida	Plantae
152546067	3085360	https://www.gbif.org/species/3085360	Saponaria officinalis L.	ACCEPTED	3085360	Saponaria officinalis L.	SPECIES	220	Magnoliopsida	Plantae
152546069	3085346	https://www.gbif.org/species/3085346	Lepyrodiclis holosteoides (C.A.Mey.) Fenzl ex Fisch. & C.A.Mey.	ACCEPTED	3085346	Lepyrodiclis holosteoides (C.A.Mey.) Fenzl ex Fisch. & C.A.Mey.	SPECIES	220	Magnoliopsida	Plantae
152546073	8012084	https://www.gbif.org/species/8012084	Dianthus subacaulis Vill.	ACCEPTED	8012084	Dianthus subacaulis Vill.	SPECIES	220	Magnoliopsida	Plantae
152546074	6363496	https://www.gbif.org/species/6363496	Dianthus superbus L.	ACCEPTED	6363496	Dianthus superbus L.	SPECIES	220	Magnoliopsida	Plantae
152546075	7267631	https://www.gbif.org/species/7267631	Dianthus giganteus subsp. giganteus	ACCEPTED	7267631	Dianthus giganteus subsp. giganteus	SUBSPECIES	220	Magnoliopsida	Plantae
152546076	3085420	https://www.gbif.org/species/3085420	Dianthus caryophyllus L.	ACCEPTED	3085420	Dianthus caryophyllus L.	SPECIES	220	Magnoliopsida	Plantae
152546077	3085412	https://www.gbif.org/species/3085412	Dianthus plumarius L.	ACCEPTED	3085412	Dianthus plumarius L.	SPECIES	220	Magnoliopsida	Plantae
152546078	3085421	https://www.gbif.org/species/3085421	Dianthus barbatus L.	ACCEPTED	3085421	Dianthus barbatus L.	SPECIES	220	Magnoliopsida	Plantae
152546080	3085389	https://www.gbif.org/species/3085389	Sagina japonica (Sw. ex Steud.) Ohwi	ACCEPTED	3085389	Sagina japonica (Sw. ex Steud.) Ohwi	SPECIES	220	Magnoliopsida	Plantae
152546082	3085381	https://www.gbif.org/species/3085381	Polycarpon tetraphyllum (L.) L.	ACCEPTED	3085381	Polycarpon tetraphyllum (L.) L.	SPECIES	220	Magnoliopsida	Plantae
152546084	3085623	https://www.gbif.org/species/3085623	Petrorhagia saxifraga (L.) Link	ACCEPTED	3085623	Petrorhagia saxifraga (L.) Link	SPECIES	220	Magnoliopsida	Plantae
152546085	3085622	https://www.gbif.org/species/3085622	Petrorhagia nanteuilii (Burnat) P.W.Ball & Heywood	ACCEPTED	3085622	Petrorhagia nanteuilii (Burnat) P.W.Ball & Heywood	SPECIES	220	Magnoliopsida	Plantae
152546087	3085435	https://www.gbif.org/species/3085435	Cerastium dichotomum L.	ACCEPTED	3085435	Cerastium dichotomum L.	SPECIES	220	Magnoliopsida	Plantae
152546088	3085438	https://www.gbif.org/species/3085438	Cerastium tomentosum L.	ACCEPTED	3085438	Cerastium tomentosum L.	SPECIES	220	Magnoliopsida	Plantae
152546093	3086240	https://www.gbif.org/species/3086240	Mirabilis jalapa L.	ACCEPTED	3086240	Mirabilis jalapa L.	SPECIES	220	Magnoliopsida	Plantae
152546096	8380575	https://www.gbif.org/species/8380575	Tamarix gallica L.	ACCEPTED	8380575	Tamarix gallica L.	SPECIES	220	Magnoliopsida	Plantae
152546097	2874706	https://www.gbif.org/species/2874706	Tamarix parviflora DC.	ACCEPTED	2874706	Tamarix parviflora DC.	SPECIES	220	Magnoliopsida	Plantae
152546098	2874701	https://www.gbif.org/species/2874701	Tamarix canariensis Willd.	ACCEPTED	2874701	Tamarix canariensis Willd.	SPECIES	220	Magnoliopsida	Plantae
152546101	2874692	https://www.gbif.org/species/2874692	Frankenia pulverulenta L.	ACCEPTED	2874692	Frankenia pulverulenta L.	SPECIES	220	Magnoliopsida	Plantae
152546104	9018536	https://www.gbif.org/species/9018536	Koenigia campanulata (Hook.fil.) T.M.Schust. & Reveal	ACCEPTED	9018536	Koenigia campanulata (Hook.fil.) T.M.Schust. & Reveal	SPECIES	220	Magnoliopsida	Plantae
152546105	8773480	https://www.gbif.org/species/8773480	Koenigia ×fennica (Reiersen) T.M.Schust. & Reveal	ACCEPTED	8773480	Koenigia ×fennica (Reiersen) T.M.Schust. & Reveal	SPECIES	220	Magnoliopsida	Plantae
152546106	8720751	https://www.gbif.org/species/8720751	Koenigia divaricata (L.) T.M.Schust. & Reveal	ACCEPTED	8720751	Koenigia divaricata (L.) T.M.Schust. & Reveal	SPECIES	220	Magnoliopsida	Plantae
152546108	7510471	https://www.gbif.org/species/7510471	Polygonum argyrocoleum Steud. ex Kunze	ACCEPTED	7510471	Polygonum argyrocoleum Steud. ex Kunze	SPECIES	220	Magnoliopsida	Plantae
152546110	5652131	https://www.gbif.org/species/5652131	Polygonum aviculare subsp. rurivagum (Boreau) Berher	ACCEPTED	5652131	Polygonum aviculare subsp. rurivagum (Boreau) Berher	SUBSPECIES	220	Magnoliopsida	Plantae
152546111	5334386	https://www.gbif.org/species/5334386	Polygonum achoreum S.F.Blake	ACCEPTED	5334386	Polygonum achoreum S.F.Blake	SPECIES	220	Magnoliopsida	Plantae
152546112	5334439	https://www.gbif.org/species/5334439	Polygonum patulum M.Bieb.	ACCEPTED	5334439	Polygonum patulum M.Bieb.	SPECIES	220	Magnoliopsida	Plantae
152546113	5334430	https://www.gbif.org/species/5334430	Polygonum bellardii All.	ACCEPTED	5334430	Polygonum bellardii All.	SPECIES	220	Magnoliopsida	Plantae
152546116	5334351	https://www.gbif.org/species/5334351	Fallopia baldschuanica (Regel) Holub	ACCEPTED	5334351	Fallopia baldschuanica (Regel) Holub	SPECIES	220	Magnoliopsida	Plantae
152546118	7291264	https://www.gbif.org/species/7291264	Bistorta amplexicaulis (D.Don) Greene	ACCEPTED	7291264	Bistorta amplexicaulis (D.Don) Greene	SPECIES	220	Magnoliopsida	Plantae
152546119	4033335	https://www.gbif.org/species/4033335	Bistorta affinis (D.Don) Greene	ACCEPTED	4033335	Bistorta affinis (D.Don) Greene	SPECIES	220	Magnoliopsida	Plantae
152546121	2889378	https://www.gbif.org/species/2889378	Fagopyrum tataricum (L.) Gaertn.	ACCEPTED	2889378	Fagopyrum tataricum (L.) Gaertn.	SPECIES	220	Magnoliopsida	Plantae
152546122	2889373	https://www.gbif.org/species/2889373	Fagopyrum esculentum Moench	ACCEPTED	2889373	Fagopyrum esculentum Moench	SPECIES	220	Magnoliopsida	Plantae
152546124	4034001	https://www.gbif.org/species/4034001	Persicaria nepalensis (Meisn.) H.Gross	ACCEPTED	4034001	Persicaria nepalensis (Meisn.) H.Gross	SPECIES	220	Magnoliopsida	Plantae
152546125	2889229	https://www.gbif.org/species/2889229	Persicaria orientalis (L.) Spach	ACCEPTED	2889229	Persicaria orientalis (L.) Spach	SPECIES	220	Magnoliopsida	Plantae
152546126	2889304	https://www.gbif.org/species/2889304	Persicaria capitata (Buch.-Ham. ex D.Don) H.Gross	ACCEPTED	2889304	Persicaria capitata (Buch.-Ham. ex D.Don) H.Gross	SPECIES	220	Magnoliopsida	Plantae
152546128	4038485	https://www.gbif.org/species/4038485	Reynoutria ×bohemica Chrtek & Chrtková	ACCEPTED	4038485	Reynoutria ×bohemica Chrtek & Chrtková	SPECIES	220	Magnoliopsida	Plantae
152546129	2889173	https://www.gbif.org/species/2889173	Reynoutria japonica Houtt.	ACCEPTED	2889173	Reynoutria japonica Houtt.	SPECIES	220	Magnoliopsida	Plantae
152546130	2889088	https://www.gbif.org/species/2889088	Reynoutria sachalinensis (F.Schmidt) Nakai	ACCEPTED	2889088	Reynoutria sachalinensis (F.Schmidt) Nakai	SPECIES	220	Magnoliopsida	Plantae
152546132	2888859	https://www.gbif.org/species/2888859	Muehlenbeckia complexa (A.Cunn.) Meisn.	ACCEPTED	2888859	Muehlenbeckia complexa (A.Cunn.) Meisn.	SPECIES	220	Magnoliopsida	Plantae
152546134	2888867	https://www.gbif.org/species/2888867	Rheum rhabarbarum L.	ACCEPTED	2888867	Rheum rhabarbarum L.	SPECIES	220	Magnoliopsida	Plantae
152546136	7415922	https://www.gbif.org/species/7415922	Rumex pulcher subsp. woodsii (De Not.) Arcang.	ACCEPTED	7415922	Rumex pulcher subsp. woodsii (De Not.) Arcang.	SUBSPECIES	220	Magnoliopsida	Plantae
152546137	7911993	https://www.gbif.org/species/7911993	Rumex pseudonatronatus (Borbás) Borbás ex Murb.	ACCEPTED	7911993	Rumex pseudonatronatus (Borbás) Borbás ex Murb.	SPECIES	220	Magnoliopsida	Plantae
152546138	7901010	https://www.gbif.org/species/7901010	Rumex obtusifolius subsp. sylvestris (Lam.) Celak.	ACCEPTED	7901010	Rumex obtusifolius subsp. sylvestris (Lam.) Celak.	SUBSPECIES	220	Magnoliopsida	Plantae
152546140	8242651	https://www.gbif.org/species/8242651	Rumex ×erubescens Simonk.	ACCEPTED	8242651	Rumex ×erubescens Simonk.	SPECIES	220	Magnoliopsida	Plantae
152546141	6391417	https://www.gbif.org/species/6391417	Rumex thyrsiflorus Fingerh.	ACCEPTED	6391417	Rumex thyrsiflorus Fingerh.	SPECIES	220	Magnoliopsida	Plantae
152546143	4036957	https://www.gbif.org/species/4036957	Rumex pulcher subsp. pulcher	ACCEPTED	4036957	Rumex pulcher subsp. pulcher	SUBSPECIES	220	Magnoliopsida	Plantae
152546144	2889037	https://www.gbif.org/species/2889037	Rumex rugosus Campd.	ACCEPTED	2889037	Rumex rugosus Campd.	SPECIES	220	Magnoliopsida	Plantae
152546145	2889038	https://www.gbif.org/species/2889038	Rumex dentatus L.	ACCEPTED	2889038	Rumex dentatus L.	SPECIES	220	Magnoliopsida	Plantae
152546146	2889024	https://www.gbif.org/species/2889024	Rumex ×confusus Simonk.	ACCEPTED	2889024	Rumex ×confusus Simonk.	SPECIES	220	Magnoliopsida	Plantae
152546147	2889030	https://www.gbif.org/species/2889030	Rumex altissimus Wood	ACCEPTED	2889030	Rumex altissimus Wood	SPECIES	220	Magnoliopsida	Plantae
152546148	2889019	https://www.gbif.org/species/2889019	Rumex patientia L.	ACCEPTED	2889019	Rumex patientia L.	SPECIES	220	Magnoliopsida	Plantae
152546149	2889023	https://www.gbif.org/species/2889023	Rumex stenophyllus Ledeb.	ACCEPTED	2889023	Rumex stenophyllus Ledeb.	SPECIES	220	Magnoliopsida	Plantae
152546150	2888943	https://www.gbif.org/species/2888943	Rumex confertus Willd.	ACCEPTED	2888943	Rumex confertus Willd.	SPECIES	220	Magnoliopsida	Plantae
152546151	2888946	https://www.gbif.org/species/2888946	Rumex longifolius DC.	ACCEPTED	2888946	Rumex longifolius DC.	SPECIES	220	Magnoliopsida	Plantae
152546152	2888948	https://www.gbif.org/species/2888948	Rumex alpinus L.	ACCEPTED	2888948	Rumex alpinus L.	SPECIES	220	Magnoliopsida	Plantae
152546154	2888987	https://www.gbif.org/species/2888987	Rumex obovatus Danser	ACCEPTED	2888987	Rumex obovatus Danser	SPECIES	220	Magnoliopsida	Plantae
152546156	2888993	https://www.gbif.org/species/2888993	Rumex bucephalophorus L.	ACCEPTED	2888993	Rumex bucephalophorus L.	SPECIES	220	Magnoliopsida	Plantae
152546157	2889005	https://www.gbif.org/species/2889005	Rumex kerneri Borbás	ACCEPTED	2889005	Rumex kerneri Borbás	SPECIES	220	Magnoliopsida	Plantae
152546158	2889010	https://www.gbif.org/species/2889010	Rumex cristatus DC.	ACCEPTED	2889010	Rumex cristatus DC.	SPECIES	220	Magnoliopsida	Plantae
152546162	3054368	https://www.gbif.org/species/3054368	Juglans regia L.	ACCEPTED	3054368	Juglans regia L.	SPECIES	220	Magnoliopsida	Plantae
152546163	3054357	https://www.gbif.org/species/3054357	Juglans nigra L.	ACCEPTED	3054357	Juglans nigra L.	SPECIES	220	Magnoliopsida	Plantae
152546164	3054352	https://www.gbif.org/species/3054352	Juglans cinerea L.	ACCEPTED	3054352	Juglans cinerea L.	SPECIES	220	Magnoliopsida	Plantae
152546167	5333294	https://www.gbif.org/species/5333294	Castanea sativa Mill.	ACCEPTED	5333294	Castanea sativa Mill.	SPECIES	220	Magnoliopsida	Plantae
152546169	8313153	https://www.gbif.org/species/8313153	Quercus palustris Münchh.	ACCEPTED	8313153	Quercus palustris Münchh.	SPECIES	220	Magnoliopsida	Plantae
152546170	2879098	https://www.gbif.org/species/2879098	Quercus ilex L.	ACCEPTED	2879098	Quercus ilex L.	SPECIES	220	Magnoliopsida	Plantae
152546172	2880539	https://www.gbif.org/species/2880539	Quercus rubra L.	ACCEPTED	2880539	Quercus rubra L.	SPECIES	220	Magnoliopsida	Plantae
152546173	2880580	https://www.gbif.org/species/2880580	Quercus cerris L.	ACCEPTED	2880580	Quercus cerris L.	SPECIES	220	Magnoliopsida	Plantae
152546176	5332004	https://www.gbif.org/species/5332004	Betula nana L.	ACCEPTED	5332004	Betula nana L.	SPECIES	220	Magnoliopsida	Plantae
152546177	5332120	https://www.gbif.org/species/5332120	Betula papyrifera Marshall	ACCEPTED	5332120	Betula papyrifera Marshall	SPECIES	220	Magnoliopsida	Plantae
152546179	2875968	https://www.gbif.org/species/2875968	Corylus colurna L.	ACCEPTED	2875968	Corylus colurna L.	SPECIES	220	Magnoliopsida	Plantae
152546180	2876049	https://www.gbif.org/species/2876049	Corylus maxima Mill.	ACCEPTED	2876049	Corylus maxima Mill.	SPECIES	220	Magnoliopsida	Plantae
152546182	9148577	https://www.gbif.org/species/9148577	Alnus incana (L.) Moench	ACCEPTED	9148577	Alnus incana (L.) Moench	SPECIES	220	Magnoliopsida	Plantae
152546183	4097656	https://www.gbif.org/species/4097656	Alnus ×spaethii Callier	ACCEPTED	4097656	Alnus ×spaethii Callier	SPECIES	220	Magnoliopsida	Plantae
152546184	2876571	https://www.gbif.org/species/2876571	Alnus ×pubescens Tausch	ACCEPTED	2876571	Alnus ×pubescens Tausch	SPECIES	220	Magnoliopsida	Plantae
152546185	2876607	https://www.gbif.org/species/2876607	Alnus cordata (Loisel.) Duby	ACCEPTED	2876607	Alnus cordata (Loisel.) Duby	SPECIES	220	Magnoliopsida	Plantae
152546189	5331404	https://www.gbif.org/species/5331404	Echinocystis lobata (Michx.) Torr. & A.Gray	ACCEPTED	5331404	Echinocystis lobata (Michx.) Torr. & A.Gray	SPECIES	220	Magnoliopsida	Plantae
152546191	2874680	https://www.gbif.org/species/2874680	Ecballium elaterium (L.) A.Rich.	ACCEPTED	2874680	Ecballium elaterium (L.) A.Rich.	SPECIES	220	Magnoliopsida	Plantae
152546193	2874538	https://www.gbif.org/species/2874538	Thladiantha dubia Bunge	ACCEPTED	2874538	Thladiantha dubia Bunge	SPECIES	220	Magnoliopsida	Plantae
152546196	2874508	https://www.gbif.org/species/2874508	Cucurbita pepo L.	ACCEPTED	2874508	Cucurbita pepo L.	SPECIES	220	Magnoliopsida	Plantae
152546198	2874655	https://www.gbif.org/species/2874655	Sicyos angulatus L.	ACCEPTED	2874655	Sicyos angulatus L.	SPECIES	220	Magnoliopsida	Plantae
152546200	2874621	https://www.gbif.org/species/2874621	Citrullus lanatus (Thunb.) Matsum. & Nakai	ACCEPTED	2874621	Citrullus lanatus (Thunb.) Matsum. & Nakai	SPECIES	220	Magnoliopsida	Plantae
152546202	2874569	https://www.gbif.org/species/2874569	Cucumis sativus L.	ACCEPTED	2874569	Cucumis sativus L.	SPECIES	220	Magnoliopsida	Plantae
152546203	2874570	https://www.gbif.org/species/2874570	Cucumis melo L.	ACCEPTED	2874570	Cucumis melo L.	SPECIES	220	Magnoliopsida	Plantae
152546207	5384931	https://www.gbif.org/species/5384931	Houttuynia cordata Thunb.	ACCEPTED	5384931	Houttuynia cordata Thunb.	SPECIES	220	Magnoliopsida	Plantae
152546209	5384932	https://www.gbif.org/species/5384932	Saururus cernuus L.	ACCEPTED	5384932	Saururus cernuus L.	SPECIES	220	Magnoliopsida	Plantae
152546212	7313595	https://www.gbif.org/species/7313595	Asarum europaeum L.	ACCEPTED	7313595	Asarum europaeum L.	SPECIES	220	Magnoliopsida	Plantae
152546214	2873991	https://www.gbif.org/species/2873991	Aristolochia clematitis L.	ACCEPTED	2873991	Aristolochia clematitis L.	SPECIES	220	Magnoliopsida	Plantae
152546215	2874019	https://www.gbif.org/species/2874019	Aristolochia rotunda L.	ACCEPTED	2874019	Aristolochia rotunda L.	SPECIES	220	Magnoliopsida	Plantae
152546220	8338793	https://www.gbif.org/species/8338793	Modiola caroliniana (L.) G.Don	ACCEPTED	8338793	Modiola caroliniana (L.) G.Don	SPECIES	220	Magnoliopsida	Plantae
152546222	7116158	https://www.gbif.org/species/7116158	Sphaeralcea bonariensis (Cav.) Griseb.	ACCEPTED	7116158	Sphaeralcea bonariensis (Cav.) Griseb.	SPECIES	220	Magnoliopsida	Plantae
152546224	5406789	https://www.gbif.org/species/5406789	Alcea rosea L.	ACCEPTED	5406789	Alcea rosea L.	SPECIES	220	Magnoliopsida	Plantae
152546225	5617467	https://www.gbif.org/species/5617467	Alcea rugosa Alef.	ACCEPTED	5617467	Alcea rugosa Alef.	SPECIES	220	Magnoliopsida	Plantae
152546227	5406741	https://www.gbif.org/species/5406741	Sida spinosa L.	ACCEPTED	5406741	Sida spinosa L.	SPECIES	220	Magnoliopsida	Plantae
152546228	5406735	https://www.gbif.org/species/5406735	Sida rhombifolia L.	ACCEPTED	5406735	Sida rhombifolia L.	SPECIES	220	Magnoliopsida	Plantae
152546230	4259350	https://www.gbif.org/species/4259350	Tilia tomentosa Moench	ACCEPTED	4259350	Tilia tomentosa Moench	SPECIES	220	Magnoliopsida	Plantae
152546232	4939668	https://www.gbif.org/species/4939668	Kitaibela vitifolia Willd.	ACCEPTED	4939668	Kitaibela vitifolia Willd.	SPECIES	220	Magnoliopsida	Plantae
152546234	3937506	https://www.gbif.org/species/3937506	Corynabutilon ×suntense (C.D.Brickell) Fryxell	ACCEPTED	3937506	Corynabutilon ×suntense (C.D.Brickell) Fryxell	SPECIES	220	Magnoliopsida	Plantae
152546236	7278926	https://www.gbif.org/species/7278926	Malope malacoides L.	ACCEPTED	7278926	Malope malacoides L.	SPECIES	220	Magnoliopsida	Plantae
152546237	3935421	https://www.gbif.org/species/3935421	Malope trifida Cav.	ACCEPTED	3935421	Malope trifida Cav.	SPECIES	220	Magnoliopsida	Plantae
152546239	3152493	https://www.gbif.org/species/3152493	Anoda cristata (L.) Schltdl.	ACCEPTED	3152493	Anoda cristata (L.) Schltdl.	SPECIES	220	Magnoliopsida	Plantae
152546241	3152560	https://www.gbif.org/species/3152560	Hibiscus trionum L.	ACCEPTED	3152560	Hibiscus trionum L.	SPECIES	220	Magnoliopsida	Plantae
152546242	3152583	https://www.gbif.org/species/3152583	Hibiscus syriacus L.	ACCEPTED	3152583	Hibiscus syriacus L.	SPECIES	220	Magnoliopsida	Plantae
152546244	3152264	https://www.gbif.org/species/3152264	Malvastrum americanum (L.) Torr.	ACCEPTED	3152264	Malvastrum americanum (L.) Torr.	SPECIES	220	Magnoliopsida	Plantae
152546245	3152268	https://www.gbif.org/species/3152268	Malvastrum coromandelianum (L.) Garcke	ACCEPTED	3152268	Malvastrum coromandelianum (L.) Garcke	SPECIES	220	Magnoliopsida	Plantae
152546247	7823743	https://www.gbif.org/species/7823743	Malva maroccana (Batt. & Trab.) Verloove & Lambinon	ACCEPTED	7823743	Malva maroccana (Batt. & Trab.) Verloove & Lambinon	SPECIES	220	Magnoliopsida	Plantae
152546248	8402586	https://www.gbif.org/species/8402586	Malva ×clementii (Cheek) Stace	ACCEPTED	8402586	Malva ×clementii (Cheek) Stace	SPECIES	220	Magnoliopsida	Plantae
152546249	3940960	https://www.gbif.org/species/3940960	Malva punctata (All.) Alef.	ACCEPTED	3940960	Malva punctata (All.) Alef.	SPECIES	220	Magnoliopsida	Plantae
152546250	3940423	https://www.gbif.org/species/3940423	Malva thuringiaca (L.) Vis.	ACCEPTED	3940423	Malva thuringiaca (L.) Vis.	SPECIES	220	Magnoliopsida	Plantae
152546251	3152372	https://www.gbif.org/species/3152372	Malva pusilla Sm.	ACCEPTED	3152372	Malva pusilla Sm.	SPECIES	220	Magnoliopsida	Plantae
152546252	3152377	https://www.gbif.org/species/3152377	Malva verticillata L.	ACCEPTED	3152377	Malva verticillata L.	SPECIES	220	Magnoliopsida	Plantae
152546253	3152378	https://www.gbif.org/species/3152378	Malva parviflora L.	ACCEPTED	3152378	Malva parviflora L.	SPECIES	220	Magnoliopsida	Plantae
152546254	3152367	https://www.gbif.org/species/3152367	Malva nicaeensis All.	ACCEPTED	3152367	Malva nicaeensis All.	SPECIES	220	Magnoliopsida	Plantae
152546256	3152723	https://www.gbif.org/species/3152723	Sidalcea candida A.Gray	ACCEPTED	3152723	Sidalcea candida A.Gray	SPECIES	220	Magnoliopsida	Plantae
152546258	3152614	https://www.gbif.org/species/3152614	Abutilon theophrasti Medik.	ACCEPTED	3152614	Abutilon theophrasti Medik.	SPECIES	220	Magnoliopsida	Plantae
152546263	2874024	https://www.gbif.org/species/2874024	Tuberaria guttata (L.) Fourr.	ACCEPTED	2874024	Tuberaria guttata (L.) Fourr.	SPECIES	220	Magnoliopsida	Plantae
152546267	6369819	https://www.gbif.org/species/6369819	Sambucus canadensis L.	ACCEPTED	6369819	Sambucus canadensis L.	SPECIES	220	Magnoliopsida	Plantae
152546270	2888585	https://www.gbif.org/species/2888585	Viburnum tinus L.	ACCEPTED	2888585	Viburnum tinus L.	SPECIES	220	Magnoliopsida	Plantae
152546271	2888625	https://www.gbif.org/species/2888625	Viburnum rhytidophyllum Hemsl. ex Forbes & Hemsl.	ACCEPTED	2888625	Viburnum rhytidophyllum Hemsl. ex Forbes & Hemsl.	SPECIES	220	Magnoliopsida	Plantae
152546272	2888588	https://www.gbif.org/species/2888588	Viburnum ×rhytidophylloides Suringar	ACCEPTED	2888588	Viburnum ×rhytidophylloides Suringar	SPECIES	220	Magnoliopsida	Plantae
152546278	7902463	https://www.gbif.org/species/7902463	Lonicera maackii (Rupr.) Maxim.	ACCEPTED	7902463	Lonicera maackii (Rupr.) Maxim.	SPECIES	220	Magnoliopsida	Plantae
152546280	8242349	https://www.gbif.org/species/8242349	Lonicera chrysantha Turcz.	ACCEPTED	8242349	Lonicera chrysantha Turcz.	SPECIES	220	Magnoliopsida	Plantae
152546281	5598839	https://www.gbif.org/species/5598839	Lonicera ×purpusii Rehder	ACCEPTED	5598839	Lonicera ×purpusii Rehder	SPECIES	220	Magnoliopsida	Plantae
152546282	5598598	https://www.gbif.org/species/5598598	Lonicera acuminata Wall.	ACCEPTED	5598598	Lonicera acuminata Wall.	SPECIES	220	Magnoliopsida	Plantae
152546283	5598915	https://www.gbif.org/species/5598915	Lonicera pileata Oliv.	ACCEPTED	5598915	Lonicera pileata Oliv.	SPECIES	220	Magnoliopsida	Plantae
152546284	5334253	https://www.gbif.org/species/5334253	Lonicera involucrata (Richards.) Banks ex Spreng.	ACCEPTED	5334253	Lonicera involucrata (Richards.) Banks ex Spreng.	SPECIES	220	Magnoliopsida	Plantae
152546285	5334275	https://www.gbif.org/species/5334275	Lonicera morrowii A.Gray	ACCEPTED	5334275	Lonicera morrowii A.Gray	SPECIES	220	Magnoliopsida	Plantae
152546286	5334227	https://www.gbif.org/species/5334227	Lonicera caprifolium L.	ACCEPTED	5334227	Lonicera caprifolium L.	SPECIES	220	Magnoliopsida	Plantae
152546287	5334239	https://www.gbif.org/species/5334239	Lonicera sempervirens L.	ACCEPTED	5334239	Lonicera sempervirens L.	SPECIES	220	Magnoliopsida	Plantae
152546288	5334240	https://www.gbif.org/species/5334240	Lonicera japonica Thunb.	ACCEPTED	5334240	Lonicera japonica Thunb.	SPECIES	220	Magnoliopsida	Plantae
152546289	5334242	https://www.gbif.org/species/5334242	Lonicera tatarica L.	ACCEPTED	5334242	Lonicera tatarica L.	SPECIES	220	Magnoliopsida	Plantae
152546291	7504215	https://www.gbif.org/species/7504215	Knautia integrifolia (L.) Bertol.	ACCEPTED	7504215	Knautia integrifolia (L.) Bertol.	SPECIES	220	Magnoliopsida	Plantae
152546292	4102952	https://www.gbif.org/species/4102952	Knautia macedonica Griseb.	ACCEPTED	4102952	Knautia macedonica Griseb.	SPECIES	220	Magnoliopsida	Plantae
152546294	4102909	https://www.gbif.org/species/4102909	Lomelosia stellata (L.) Raf.	ACCEPTED	4102909	Lomelosia stellata (L.) Raf.	SPECIES	220	Magnoliopsida	Plantae
152546296	8201823	https://www.gbif.org/species/8201823	Valeriana phu L.	ACCEPTED	8201823	Valeriana phu L.	SPECIES	220	Magnoliopsida	Plantae
152546297	4095186	https://www.gbif.org/species/4095186	Valeriana pyrenaica L.	ACCEPTED	4095186	Valeriana pyrenaica L.	SPECIES	220	Magnoliopsida	Plantae
152546299	2888636	https://www.gbif.org/species/2888636	Symphoricarpos orbiculatus Moench	ACCEPTED	2888636	Symphoricarpos orbiculatus Moench	SPECIES	220	Magnoliopsida	Plantae
152546301	2888706	https://www.gbif.org/species/2888706	Kolkwitzia amabilis Graebn.	ACCEPTED	2888706	Kolkwitzia amabilis Graebn.	SPECIES	220	Magnoliopsida	Plantae
152546304	7298858	https://www.gbif.org/species/7298858	Valerianella coronata (L.) DC.	ACCEPTED	7298858	Valerianella coronata (L.) DC.	SPECIES	220	Magnoliopsida	Plantae
152546305	4095244	https://www.gbif.org/species/4095244	Valerianella vesicaria (L.) Moench	ACCEPTED	4095244	Valerianella vesicaria (L.) Moench	SPECIES	220	Magnoliopsida	Plantae
152546306	2888773	https://www.gbif.org/species/2888773	Valerianella eriocarpa Desv.	ACCEPTED	2888773	Valerianella eriocarpa Desv.	SPECIES	220	Magnoliopsida	Plantae
152546310	2888797	https://www.gbif.org/species/2888797	Cephalaria gigantea (Ledeb.) Bobrov	ACCEPTED	2888797	Cephalaria gigantea (Ledeb.) Bobrov	SPECIES	220	Magnoliopsida	Plantae
152546312	2888806	https://www.gbif.org/species/2888806	Scabiosa ochroleuca L.	ACCEPTED	2888806	Scabiosa ochroleuca L.	SPECIES	220	Magnoliopsida	Plantae
152546314	7443846	https://www.gbif.org/species/7443846	Dipsacus strigosus Willd.	ACCEPTED	7443846	Dipsacus strigosus Willd.	SPECIES	220	Magnoliopsida	Plantae
152546315	2888816	https://www.gbif.org/species/2888816	Dipsacus sativus (L.) Honck.	ACCEPTED	2888816	Dipsacus sativus (L.) Honck.	SPECIES	220	Magnoliopsida	Plantae
152546316	2888814	https://www.gbif.org/species/2888814	Dipsacus laciniatus L.	ACCEPTED	2888814	Dipsacus laciniatus L.	SPECIES	220	Magnoliopsida	Plantae
152546318	2888579	https://www.gbif.org/species/2888579	Leycesteria formosa Wall.	ACCEPTED	2888579	Leycesteria formosa Wall.	SPECIES	220	Magnoliopsida	Plantae
152546322	3922770	https://www.gbif.org/species/3922770	Aconitum napellus var. giganteum (Dumort. ex Thielens) J.Duvign.	SYNONYM	7707872	Aconitum napellus subsp. lusitanicum Rouy	SUBSPECIES	220	Magnoliopsida	Plantae
152546324	8246651	https://www.gbif.org/species/8246651	Adonis flammea Jacq.	ACCEPTED	8246651	Adonis flammea Jacq.	SPECIES	220	Magnoliopsida	Plantae
152546325	5371709	https://www.gbif.org/species/5371709	Adonis annua L.	ACCEPTED	5371709	Adonis annua L.	SPECIES	220	Magnoliopsida	Plantae
152546327	5371702	https://www.gbif.org/species/5371702	Nigella damascena L.	ACCEPTED	5371702	Nigella damascena L.	SPECIES	220	Magnoliopsida	Plantae
152546328	5371700	https://www.gbif.org/species/5371700	Nigella sativa L.	ACCEPTED	5371700	Nigella sativa L.	SPECIES	220	Magnoliopsida	Plantae
152546330	7823272	https://www.gbif.org/species/7823272	Ranunculus pensylvanicus L.fil.	ACCEPTED	7823272	Ranunculus pensylvanicus L.fil.	SPECIES	220	Magnoliopsida	Plantae
152546331	7826351	https://www.gbif.org/species/7826351	Ranunculus lanuginosus L.	ACCEPTED	7826351	Ranunculus lanuginosus L.	SPECIES	220	Magnoliopsida	Plantae
152546332	3927790	https://www.gbif.org/species/3927790	Ranunculus gramineus L.	ACCEPTED	3927790	Ranunculus gramineus L.	SPECIES	220	Magnoliopsida	Plantae
152546333	3033318	https://www.gbif.org/species/3033318	Ranunculus muricatus L.	ACCEPTED	3033318	Ranunculus muricatus L.	SPECIES	220	Magnoliopsida	Plantae
152546334	3033460	https://www.gbif.org/species/3033460	Ranunculus trilobus Desf.	ACCEPTED	3033460	Ranunculus trilobus Desf.	SPECIES	220	Magnoliopsida	Plantae
152546335	3033396	https://www.gbif.org/species/3033396	Ranunculus marginatus d'Urv.	ACCEPTED	3033396	Ranunculus marginatus d'Urv.	SPECIES	220	Magnoliopsida	Plantae
152546336	3033434	https://www.gbif.org/species/3033434	Ranunculus parviflorus L.	DOUBTFUL	3033434	Ranunculus parviflorus L.	SPECIES	220	Magnoliopsida	Plantae
152546338	3033289	https://www.gbif.org/species/3033289	Trollius europaeus L.	ACCEPTED	3033289	Trollius europaeus L.	SPECIES	220	Magnoliopsida	Plantae
152546340	3927746	https://www.gbif.org/species/3927746	Anemone apennina L.	ACCEPTED	3927746	Anemone apennina L.	SPECIES	220	Magnoliopsida	Plantae
152546341	3922888	https://www.gbif.org/species/3922888	Anemone sylvestris L.	ACCEPTED	3922888	Anemone sylvestris L.	SPECIES	220	Magnoliopsida	Plantae
152546343	3033242	https://www.gbif.org/species/3033242	Anemone blanda Schott & Kotschy	ACCEPTED	3033242	Anemone blanda Schott & Kotschy	SPECIES	220	Magnoliopsida	Plantae
152546344	3033261	https://www.gbif.org/species/3033261	Anemone coronaria L.	ACCEPTED	3033261	Anemone coronaria L.	SPECIES	220	Magnoliopsida	Plantae
152546346	6376216	https://www.gbif.org/species/6376216	Clematis montana Buch.-Ham. ex DC.	ACCEPTED	6376216	Clematis montana Buch.-Ham. ex DC.	SPECIES	220	Magnoliopsida	Plantae
152546347	6374790	https://www.gbif.org/species/6374790	Clematis integrifolia L.	ACCEPTED	6374790	Clematis integrifolia L.	SPECIES	220	Magnoliopsida	Plantae
152546348	3921611	https://www.gbif.org/species/3921611	Clematis flammula L.	ACCEPTED	3921611	Clematis flammula L.	SPECIES	220	Magnoliopsida	Plantae
152546349	3033543	https://www.gbif.org/species/3033543	Clematis recta L.	ACCEPTED	3033543	Clematis recta L.	SPECIES	220	Magnoliopsida	Plantae
152546350	3033584	https://www.gbif.org/species/3033584	Clematis ×jackmanii T.Moore	ACCEPTED	3033584	Clematis ×jackmanii T.Moore	SPECIES	220	Magnoliopsida	Plantae
152546351	3033518	https://www.gbif.org/species/3033518	Clematis viticella L.	ACCEPTED	3033518	Clematis viticella L.	SPECIES	220	Magnoliopsida	Plantae
152546352	3033535	https://www.gbif.org/species/3033535	Clematis tangutica (Maxim.) Korsh.	ACCEPTED	3033535	Clematis tangutica (Maxim.) Korsh.	SPECIES	220	Magnoliopsida	Plantae
152546354	3033227	https://www.gbif.org/species/3033227	Eranthis hyemalis (L.) Salisb.	ACCEPTED	3033227	Eranthis hyemalis (L.) Salisb.	SPECIES	220	Magnoliopsida	Plantae
152546356	7277286	https://www.gbif.org/species/7277286	Thalictrum speciosissimum L.	ACCEPTED	7277286	Thalictrum speciosissimum L.	SPECIES	220	Magnoliopsida	Plantae
152546360	6374953	https://www.gbif.org/species/6374953	Helleborus orientalis Lam.	ACCEPTED	6374953	Helleborus orientalis Lam.	SPECIES	220	Magnoliopsida	Plantae
152546361	3033107	https://www.gbif.org/species/3033107	Helleborus niger L.	ACCEPTED	3033107	Helleborus niger L.	SPECIES	220	Magnoliopsida	Plantae
152546363	3033757	https://www.gbif.org/species/3033757	Delphinium elatum L.	ACCEPTED	3033757	Delphinium elatum L.	SPECIES	220	Magnoliopsida	Plantae
152546366	7695021	https://www.gbif.org/species/7695021	Epimedium alpinum L.	ACCEPTED	7695021	Epimedium alpinum L.	SPECIES	220	Magnoliopsida	Plantae
152546367	8044946	https://www.gbif.org/species/8044946	Epimedium pinnatum DC.	ACCEPTED	8044946	Epimedium pinnatum DC.	SPECIES	220	Magnoliopsida	Plantae
152546369	4938160	https://www.gbif.org/species/4938160	Berberis gagnepainii C.K.Schneid.	ACCEPTED	4938160	Berberis gagnepainii C.K.Schneid.	SPECIES	220	Magnoliopsida	Plantae
152546370	4938153	https://www.gbif.org/species/4938153	Berberis ×hybridogagnepainii Suringar	ACCEPTED	4938153	Berberis ×hybridogagnepainii Suringar	SPECIES	220	Magnoliopsida	Plantae
152546371	3981814	https://www.gbif.org/species/3981814	Berberis wilsoniae Hemsl.	ACCEPTED	3981814	Berberis wilsoniae Hemsl.	SPECIES	220	Magnoliopsida	Plantae
152546372	3981543	https://www.gbif.org/species/3981543	Berberis julianae C.K.Schneid.	ACCEPTED	3981543	Berberis julianae C.K.Schneid.	SPECIES	220	Magnoliopsida	Plantae
152546373	3981817	https://www.gbif.org/species/3981817	Berberis ×interposita Ahrendt	ACCEPTED	3981817	Berberis ×interposita Ahrendt	SPECIES	220	Magnoliopsida	Plantae
152546374	3033896	https://www.gbif.org/species/3033896	Berberis thunbergii DC.	ACCEPTED	3033896	Berberis thunbergii DC.	SPECIES	220	Magnoliopsida	Plantae
152546376	3033905	https://www.gbif.org/species/3033905	Berberis darwinii Hook.	ACCEPTED	3033905	Berberis darwinii Hook.	SPECIES	220	Magnoliopsida	Plantae
152546377	3033898	https://www.gbif.org/species/3033898	Berberis ×ottawensis C.K.Schneid.	ACCEPTED	3033898	Berberis ×ottawensis C.K.Schneid.	SPECIES	220	Magnoliopsida	Plantae
152546380	5686494	https://www.gbif.org/species/5686494	Decaisnea insignis (Griff.) Hook.fil. & Thomson	ACCEPTED	5686494	Decaisnea insignis (Griff.) Hook.fil. & Thomson	SPECIES	220	Magnoliopsida	Plantae
152546382	3033965	https://www.gbif.org/species/3033965	Akebia quinata (Houtt.) Decne.	ACCEPTED	3033965	Akebia quinata (Houtt.) Decne.	SPECIES	220	Magnoliopsida	Plantae
152546387	7315023	https://www.gbif.org/species/7315023	Roemeria hybrida (L.) DC.	ACCEPTED	7315023	Roemeria hybrida (L.) DC.	SPECIES	220	Magnoliopsida	Plantae
152546389	5530881	https://www.gbif.org/species/5530881	Corydalis cava (L.) Schweigg. & Körte	ACCEPTED	5530881	Corydalis cava (L.) Schweigg. & Körte	SPECIES	220	Magnoliopsida	Plantae
152546390	5530829	https://www.gbif.org/species/5530829	Corydalis cheilanthifolia Hemsl.	ACCEPTED	5530829	Corydalis cheilanthifolia Hemsl.	SPECIES	220	Magnoliopsida	Plantae
152546392	5334194	https://www.gbif.org/species/5334194	Macleaya cordata (Willd.) R.Br.	ACCEPTED	5334194	Macleaya cordata (Willd.) R.Br.	SPECIES	220	Magnoliopsida	Plantae
152546394	7315030	https://www.gbif.org/species/7315030	Glaucium grandiflorum Boiss. & A.Huet	ACCEPTED	7315030	Glaucium grandiflorum Boiss. & A.Huet	SPECIES	220	Magnoliopsida	Plantae
152546395	5334188	https://www.gbif.org/species/5334188	Glaucium corniculatum (L.) Rudolph	ACCEPTED	5334188	Glaucium corniculatum (L.) Rudolph	SPECIES	220	Magnoliopsida	Plantae
152546397	2888485	https://www.gbif.org/species/2888485	Argemone mexicana L.	ACCEPTED	2888485	Argemone mexicana L.	SPECIES	220	Magnoliopsida	Plantae
152546399	8144599	https://www.gbif.org/species/8144599	Papaver nudicaule L.	ACCEPTED	8144599	Papaver nudicaule L.	SPECIES	220	Magnoliopsida	Plantae
152546400	8342911	https://www.gbif.org/species/8342911	Papaver setiferum Goldblatt	ACCEPTED	8342911	Papaver setiferum Goldblatt	SPECIES	220	Magnoliopsida	Plantae
152546401	7315072	https://www.gbif.org/species/7315072	Papaver atlanticum (Ball) Coss.	ACCEPTED	7315072	Papaver atlanticum (Ball) Coss.	SPECIES	220	Magnoliopsida	Plantae
152546402	3602069	https://www.gbif.org/species/3602069	Papaver somniferum subsp. somniferum	ACCEPTED	3602069	Papaver somniferum subsp. somniferum	SUBSPECIES	220	Magnoliopsida	Plantae
152546405	2888553	https://www.gbif.org/species/2888553	Dicentra formosa (Andrews) Walp.	ACCEPTED	2888553	Dicentra formosa (Andrews) Walp.	SPECIES	220	Magnoliopsida	Plantae
152546407	7315063	https://www.gbif.org/species/7315063	Pseudofumaria alba (Mill.) Lidén	ACCEPTED	7315063	Pseudofumaria alba (Mill.) Lidén	SPECIES	220	Magnoliopsida	Plantae
152546408	2888513	https://www.gbif.org/species/2888513	Pseudofumaria lutea (L.) Borkh.	ACCEPTED	2888513	Pseudofumaria lutea (L.) Borkh.	SPECIES	220	Magnoliopsida	Plantae
152546410	2888559	https://www.gbif.org/species/2888559	Hypecoum pendulum L.	ACCEPTED	2888559	Hypecoum pendulum L.	SPECIES	220	Magnoliopsida	Plantae
152546412	2888380	https://www.gbif.org/species/2888380	Eschscholzia californica Cham.	ACCEPTED	2888380	Eschscholzia californica Cham.	SPECIES	220	Magnoliopsida	Plantae
152546416	7628663	https://www.gbif.org/species/7628663	Viola cornuta L.	ACCEPTED	7628663	Viola cornuta L.	SPECIES	220	Magnoliopsida	Plantae
152546417	7901652	https://www.gbif.org/species/7901652	Viola ×wittrockiana Gams ex Kappert	DOUBTFUL	7901652	Viola ×wittrockiana Gams ex Kappert	SPECIES	220	Magnoliopsida	Plantae
152546420	5646136	https://www.gbif.org/species/5646136	Elatine alsinastrum L.	ACCEPTED	5646136	Elatine alsinastrum L.	SPECIES	220	Magnoliopsida	Plantae
152546423	8021567	https://www.gbif.org/species/8021567	Hypericum olympicum L.	ACCEPTED	8021567	Hypericum olympicum L.	SPECIES	220	Magnoliopsida	Plantae
152546424	3711846	https://www.gbif.org/species/3711846	Hypericum ×hidcoteense Geerinck	ACCEPTED	3711846	Hypericum ×hidcoteense Geerinck	SPECIES	220	Magnoliopsida	Plantae
152546425	3711564	https://www.gbif.org/species/3711564	Hypericum ×inodorum Mill.	ACCEPTED	3711564	Hypericum ×inodorum Mill.	SPECIES	220	Magnoliopsida	Plantae
152546426	3189497	https://www.gbif.org/species/3189497	Hypericum calycinum L.	ACCEPTED	3189497	Hypericum calycinum L.	SPECIES	220	Magnoliopsida	Plantae
152546429	5380041	https://www.gbif.org/species/5380041	Ricinus communis L.	ACCEPTED	5380041	Ricinus communis L.	SPECIES	220	Magnoliopsida	Plantae
152546431	3056259	https://www.gbif.org/species/3056259	Acalypha indica L.	ACCEPTED	3056259	Acalypha indica L.	SPECIES	220	Magnoliopsida	Plantae
152546433	3060710	https://www.gbif.org/species/3060710	Manihot grahamii Hook.	ACCEPTED	3060710	Manihot grahamii Hook.	SPECIES	220	Magnoliopsida	Plantae
152546436	3064056	https://www.gbif.org/species/3064056	Euphorbia palustris L.	ACCEPTED	3064056	Euphorbia palustris L.	SPECIES	220	Magnoliopsida	Plantae
152546437	3064669	https://www.gbif.org/species/3064669	Euphorbia myrsinites L.	ACCEPTED	3064669	Euphorbia myrsinites L.	SPECIES	220	Magnoliopsida	Plantae
152546438	3064495	https://www.gbif.org/species/3064495	Euphorbia heterophylla L.	ACCEPTED	3064495	Euphorbia heterophylla L.	SPECIES	220	Magnoliopsida	Plantae
152546439	3065883	https://www.gbif.org/species/3065883	Euphorbia glyptosperma Engelm.	ACCEPTED	3065883	Euphorbia glyptosperma Engelm.	SPECIES	220	Magnoliopsida	Plantae
152546440	3065244	https://www.gbif.org/species/3065244	Euphorbia amygdaloides subsp. robbiae (Turrill) Stace	ACCEPTED	3065244	Euphorbia amygdaloides subsp. robbiae (Turrill) Stace	SUBSPECIES	220	Magnoliopsida	Plantae
152546441	3066179	https://www.gbif.org/species/3066179	Euphorbia seguieriana Neck.	ACCEPTED	3066179	Euphorbia seguieriana Neck.	SPECIES	220	Magnoliopsida	Plantae
152546442	3066112	https://www.gbif.org/species/3066112	Euphorbia epithymoides L.	ACCEPTED	3066112	Euphorbia epithymoides L.	SPECIES	220	Magnoliopsida	Plantae
152546443	3066482	https://www.gbif.org/species/3066482	Euphorbia peplis L.	ACCEPTED	3066482	Euphorbia peplis L.	SPECIES	220	Magnoliopsida	Plantae
152546444	3066965	https://www.gbif.org/species/3066965	Euphorbia lathyris L.	ACCEPTED	3066965	Euphorbia lathyris L.	SPECIES	220	Magnoliopsida	Plantae
152546445	3066993	https://www.gbif.org/species/3066993	Euphorbia dentata Michx.	ACCEPTED	3066993	Euphorbia dentata Michx.	SPECIES	220	Magnoliopsida	Plantae
152546446	3067054	https://www.gbif.org/species/3067054	Euphorbia humifusa Willd.	ACCEPTED	3067054	Euphorbia humifusa Willd.	SPECIES	220	Magnoliopsida	Plantae
152546447	3067119	https://www.gbif.org/species/3067119	Euphorbia maculata L.	ACCEPTED	3067119	Euphorbia maculata L.	SPECIES	220	Magnoliopsida	Plantae
152546448	3067353	https://www.gbif.org/species/3067353	Euphorbia characias L.	ACCEPTED	3067353	Euphorbia characias L.	SPECIES	220	Magnoliopsida	Plantae
152546449	3067869	https://www.gbif.org/species/3067869	Euphorbia chamaesyce L.	ACCEPTED	3067869	Euphorbia chamaesyce L.	SPECIES	220	Magnoliopsida	Plantae
152546450	3067891	https://www.gbif.org/species/3067891	Euphorbia prostrata Aiton	ACCEPTED	3067891	Euphorbia prostrata Aiton	SPECIES	220	Magnoliopsida	Plantae
152546451	3068528	https://www.gbif.org/species/3068528	Euphorbia ×pseudoesula Schur	ACCEPTED	3068528	Euphorbia ×pseudoesula Schur	SPECIES	220	Magnoliopsida	Plantae
152546452	3069300	https://www.gbif.org/species/3069300	Euphorbia vermiculata Raf.	ACCEPTED	3069300	Euphorbia vermiculata Raf.	SPECIES	220	Magnoliopsida	Plantae
152546453	3069460	https://www.gbif.org/species/3069460	Euphorbia oblongata Griseb.	ACCEPTED	3069460	Euphorbia oblongata Griseb.	SPECIES	220	Magnoliopsida	Plantae
152546454	3070346	https://www.gbif.org/species/3070346	Euphorbia nutans Lag.	ACCEPTED	3070346	Euphorbia nutans Lag.	SPECIES	220	Magnoliopsida	Plantae
152546457	5381097	https://www.gbif.org/species/5381097	Phyllanthus tenellus Roxb.	ACCEPTED	5381097	Phyllanthus tenellus Roxb.	SPECIES	220	Magnoliopsida	Plantae
152546459	3079631	https://www.gbif.org/species/3079631	Andrachne telephioides L.	ACCEPTED	3079631	Andrachne telephioides L.	SPECIES	220	Magnoliopsida	Plantae
152546462	9153437	https://www.gbif.org/species/9153437	Salix daphnoides Vill.	ACCEPTED	9153437	Salix daphnoides Vill.	SPECIES	220	Magnoliopsida	Plantae
152546463	7645931	https://www.gbif.org/species/7645931	Salix acutifolia Willd.	ACCEPTED	7645931	Salix acutifolia Willd.	SPECIES	220	Magnoliopsida	Plantae
152546464	5582033	https://www.gbif.org/species/5582033	Salix udensis (Wimm.) Trautv. & C.A.Mey.	ACCEPTED	5582033	Salix udensis (Wimm.) Trautv. & C.A.Mey.	SPECIES	220	Magnoliopsida	Plantae
152546465	5372827	https://www.gbif.org/species/5372827	Salix irrorata Andersson	ACCEPTED	5372827	Salix irrorata Andersson	SPECIES	220	Magnoliopsida	Plantae
152546466	5372854	https://www.gbif.org/species/5372854	Salix nigra Marshall	ACCEPTED	5372854	Salix nigra Marshall	SPECIES	220	Magnoliopsida	Plantae
152546467	5372875	https://www.gbif.org/species/5372875	Salix myrsinifolia Salisb.	ACCEPTED	5372875	Salix myrsinifolia Salisb.	SPECIES	220	Magnoliopsida	Plantae
152546468	5372614	https://www.gbif.org/species/5372614	Salix eriocephala Michx.	ACCEPTED	5372614	Salix eriocephala Michx.	SPECIES	220	Magnoliopsida	Plantae
152546469	5372647	https://www.gbif.org/species/5372647	Salix pentandra L.	ACCEPTED	5372647	Salix pentandra L.	SPECIES	220	Magnoliopsida	Plantae
152546471	8190077	https://www.gbif.org/species/8190077	Populus ×canadensis Moench	ACCEPTED	8190077	Populus ×canadensis Moench	SPECIES	220	Magnoliopsida	Plantae
152546472	3040184	https://www.gbif.org/species/3040184	Populus balsamifera L.	ACCEPTED	3040184	Populus balsamifera L.	SPECIES	220	Magnoliopsida	Plantae
152546473	3040185	https://www.gbif.org/species/3040185	Populus ×canescens (Aiton) Sm.	ACCEPTED	3040185	Populus ×canescens (Aiton) Sm.	SPECIES	220	Magnoliopsida	Plantae
152546474	3040232	https://www.gbif.org/species/3040232	Populus deltoides W.Bartram ex Marshall	ACCEPTED	3040232	Populus deltoides W.Bartram ex Marshall	SPECIES	220	Magnoliopsida	Plantae
152546475	3040233	https://www.gbif.org/species/3040233	Populus alba L.	ACCEPTED	3040233	Populus alba L.	SPECIES	220	Magnoliopsida	Plantae
152546478	7293222	https://www.gbif.org/species/7293222	Linum austriacum subsp. austriacum	ACCEPTED	7293222	Linum austriacum subsp. austriacum	SUBSPECIES	220	Magnoliopsida	Plantae
152546479	2873926	https://www.gbif.org/species/2873926	Linum grandiflorum Desf.	ACCEPTED	2873926	Linum grandiflorum Desf.	SPECIES	220	Magnoliopsida	Plantae
152546480	2873861	https://www.gbif.org/species/2873861	Linum usitatissimum L.	ACCEPTED	2873861	Linum usitatissimum L.	SPECIES	220	Magnoliopsida	Plantae
152546483	2874190	https://www.gbif.org/species/2874190	Passiflora edulis Sims	ACCEPTED	2874190	Passiflora edulis Sims	SPECIES	220	Magnoliopsida	Plantae
152546484	2874199	https://www.gbif.org/species/2874199	Passiflora caerulea L.	ACCEPTED	2874199	Passiflora caerulea L.	SPECIES	220	Magnoliopsida	Plantae
152546489	2653321	https://www.gbif.org/species/2653321	Ephedra distachya L.	ACCEPTED	2653321	Ephedra distachya L.	SPECIES	282	Gnetopsida	Plantae
152546494	5281901	https://www.gbif.org/species/5281901	Campylopus introflexus (Hedw.) Brid.	ACCEPTED	5281901	Campylopus introflexus (Hedw.) Brid.	SPECIES	327	Bryopsida	Plantae
152546498	2677047	https://www.gbif.org/species/2677047	Orthodontium lineare Schwägr.	ACCEPTED	2677047	Orthodontium lineare Schwägr.	SPECIES	327	Bryopsida	Plantae
152546503	5284950	https://www.gbif.org/species/5284950	Picea omorika (Pancic) Purk.	ACCEPTED	5284950	Picea omorika (Pancic) Purk.	SPECIES	194	Pinopsida	Plantae
152546504	5284884	https://www.gbif.org/species/5284884	Picea abies (L.) H.Karst.	ACCEPTED	5284884	Picea abies (L.) H.Karst.	SPECIES	194	Pinopsida	Plantae
152546505	5284827	https://www.gbif.org/species/5284827	Picea sitchensis (Bong.) Carrière	ACCEPTED	5284827	Picea sitchensis (Bong.) Carrière	SPECIES	194	Pinopsida	Plantae
152546507	5825913	https://www.gbif.org/species/5825913	Pinus nigra subsp. laricio (Poir.) Maire	ACCEPTED	5825913	Pinus nigra subsp. laricio (Poir.) Maire	SUBSPECIES	194	Pinopsida	Plantae
152546508	7230699	https://www.gbif.org/species/7230699	Pinus nigra subsp. nigra	ACCEPTED	7230699	Pinus nigra subsp. nigra	SUBSPECIES	194	Pinopsida	Plantae
152546509	5285565	https://www.gbif.org/species/5285565	Pinus pinaster Aiton	ACCEPTED	5285565	Pinus pinaster Aiton	SPECIES	194	Pinopsida	Plantae
152546510	5285637	https://www.gbif.org/species/5285637	Pinus sylvestris L.	ACCEPTED	5285637	Pinus sylvestris L.	SPECIES	194	Pinopsida	Plantae
152546511	5285074	https://www.gbif.org/species/5285074	Pinus wallichiana A.B.Jacks.	ACCEPTED	5285074	Pinus wallichiana A.B.Jacks.	SPECIES	194	Pinopsida	Plantae
152546512	5285053	https://www.gbif.org/species/5285053	Pinus ponderosa Douglas ex C.Lawson	ACCEPTED	5285053	Pinus ponderosa Douglas ex C.Lawson	SPECIES	194	Pinopsida	Plantae
152546513	5284982	https://www.gbif.org/species/5284982	Pinus strobus L.	ACCEPTED	5284982	Pinus strobus L.	SPECIES	194	Pinopsida	Plantae
152546515	2685552	https://www.gbif.org/species/2685552	Abies nordmanniana (Steven) Spach	ACCEPTED	2685552	Abies nordmanniana (Steven) Spach	SPECIES	194	Pinopsida	Plantae
152546516	2685484	https://www.gbif.org/species/2685484	Abies alba Mill.	ACCEPTED	2685484	Abies alba Mill.	SPECIES	194	Pinopsida	Plantae
152546517	2685361	https://www.gbif.org/species/2685361	Abies grandis (Douglas ex D.Don) Lindl.	ACCEPTED	2685361	Abies grandis (Douglas ex D.Don) Lindl.	SPECIES	194	Pinopsida	Plantae
152546519	2685796	https://www.gbif.org/species/2685796	Pseudotsuga menziesii (Mirb.) Franco	ACCEPTED	2685796	Pseudotsuga menziesii (Mirb.) Franco	SPECIES	194	Pinopsida	Plantae
152546521	2686157	https://www.gbif.org/species/2686157	Larix kaempferi (Lamb.) Carrière	ACCEPTED	2686157	Larix kaempferi (Lamb.) Carrière	SPECIES	194	Pinopsida	Plantae
152546522	2686212	https://www.gbif.org/species/2686212	Larix decidua Mill.	ACCEPTED	2686212	Larix decidua Mill.	SPECIES	194	Pinopsida	Plantae
152546524	2687182	https://www.gbif.org/species/2687182	Tsuga canadensis (L.) Carrière	ACCEPTED	2687182	Tsuga canadensis (L.) Carrière	SPECIES	194	Pinopsida	Plantae
152546525	2687210	https://www.gbif.org/species/2687210	Tsuga heterophylla (Raf.) Sarg.	ACCEPTED	2687210	Tsuga heterophylla (Raf.) Sarg.	SPECIES	194	Pinopsida	Plantae
152546528	2684984	https://www.gbif.org/species/2684984	Araucaria araucana (Molina) K.Koch	ACCEPTED	2684984	Araucaria araucana (Molina) K.Koch	SPECIES	194	Pinopsida	Plantae
152546531	5284237	https://www.gbif.org/species/5284237	Cryptomeria japonica (Thunb. ex L.f.) D.Don	ACCEPTED	5284237	Cryptomeria japonica (Thunb. ex L.f.) D.Don	SPECIES	194	Pinopsida	Plantae
152546533	2684178	https://www.gbif.org/species/2684178	Thuja occidentalis L.	ACCEPTED	2684178	Thuja occidentalis L.	SPECIES	194	Pinopsida	Plantae
152546534	2684171	https://www.gbif.org/species/2684171	Thuja plicata Donn ex D.Don	ACCEPTED	2684171	Thuja plicata Donn ex D.Don	SPECIES	194	Pinopsida	Plantae
152546536	2683894	https://www.gbif.org/species/2683894	Xanthocyparis nootkatensis (D.Don) Farjon & Harder	ACCEPTED	2683894	Xanthocyparis nootkatensis (D.Don) Farjon & Harder	SPECIES	194	Pinopsida	Plantae
152546538	2684191	https://www.gbif.org/species/2684191	Taxodium distichum (L.) Rich.	ACCEPTED	2684191	Taxodium distichum (L.) Rich.	SPECIES	194	Pinopsida	Plantae
152546540	2683866	https://www.gbif.org/species/2683866	Chamaecyparis lawsoniana (A.Murray bis) Parl.	ACCEPTED	2683866	Chamaecyparis lawsoniana (A.Murray bis) Parl.	SPECIES	194	Pinopsida	Plantae
152546545	2688189	https://www.gbif.org/species/2688189	Selaginella kraussiana (Kunze) A.Braun	ACCEPTED	2688189	Selaginella kraussiana (Kunze) A.Braun	SPECIES	245	Lycopodiopsida	Plantae
152546553	5303040	https://www.gbif.org/species/5303040	Thalia dealbata Fraser	ACCEPTED	5303040	Thalia dealbata Fraser	SPECIES	196	Liliopsida	Plantae
152546557	5328593	https://www.gbif.org/species/5328593	Aponogeton distachyos L.f.	ACCEPTED	5328593	Aponogeton distachyos L.f.	SPECIES	196	Liliopsida	Plantae
152546560	5328909	https://www.gbif.org/species/5328909	Sagittaria latifolia Willd.	ACCEPTED	5328909	Sagittaria latifolia Willd.	SPECIES	196	Liliopsida	Plantae
152546567	2865565	https://www.gbif.org/species/2865565	Lagarosiphon major (Ridl.) Moss	ACCEPTED	2865565	Lagarosiphon major (Ridl.) Moss	SPECIES	196	Liliopsida	Plantae
152546569	2865526	https://www.gbif.org/species/2865526	Vallisneria spiralis L.	ACCEPTED	2865526	Vallisneria spiralis L.	SPECIES	196	Liliopsida	Plantae
152546570	2865501	https://www.gbif.org/species/2865501	Vallisneria americana Michx.	ACCEPTED	2865501	Vallisneria americana Michx.	SPECIES	196	Liliopsida	Plantae
152546572	5329212	https://www.gbif.org/species/5329212	Elodea nuttallii (Planch.) H.St.John	ACCEPTED	5329212	Elodea nuttallii (Planch.) H.St.John	SPECIES	196	Liliopsida	Plantae
152546573	2865448	https://www.gbif.org/species/2865448	Elodea canadensis Michx.	ACCEPTED	2865448	Elodea canadensis Michx.	SPECIES	196	Liliopsida	Plantae
152546576	5330661	https://www.gbif.org/species/5330661	Arum italicum Mill.	ACCEPTED	5330661	Arum italicum Mill.	SPECIES	196	Liliopsida	Plantae
152546578	5330085	https://www.gbif.org/species/5330085	Wolffia columbiana H.Karst.	ACCEPTED	5330085	Wolffia columbiana H.Karst.	SPECIES	196	Liliopsida	Plantae
152546580	2869311	https://www.gbif.org/species/2869311	Lysichiton americanus Hultén & H.St.John	ACCEPTED	2869311	Lysichiton americanus Hultén & H.St.John	SPECIES	196	Liliopsida	Plantae
152546582	2868827	https://www.gbif.org/species/2868827	Zantedeschia aethiopica (L.) Spreng.	ACCEPTED	2868827	Zantedeschia aethiopica (L.) Spreng.	SPECIES	196	Liliopsida	Plantae
152546583	2868796	https://www.gbif.org/species/2868796	Zantedeschia albomaculata (Hook.) Baill.	ACCEPTED	2868796	Zantedeschia albomaculata (Hook.) Baill.	SPECIES	196	Liliopsida	Plantae
152546585	2867631	https://www.gbif.org/species/2867631	Lemna turionifera Landolt	ACCEPTED	2867631	Lemna turionifera Landolt	SPECIES	196	Liliopsida	Plantae
152546586	2867614	https://www.gbif.org/species/2867614	Lemna minuta Kunth	ACCEPTED	2867614	Lemna minuta Kunth	SPECIES	196	Liliopsida	Plantae
152546588	2870583	https://www.gbif.org/species/2870583	Pistia stratiotes L.	ACCEPTED	2870583	Pistia stratiotes L.	SPECIES	196	Liliopsida	Plantae
152546592	2873769	https://www.gbif.org/species/2873769	Acorus calamus L.	ACCEPTED	2873769	Acorus calamus L.	SPECIES	196	Liliopsida	Plantae
152546596	6109699	https://www.gbif.org/species/6109699	Phoenix dactylifera L.	ACCEPTED	6109699	Phoenix dactylifera L.	SPECIES	196	Liliopsida	Plantae
152546598	2739071	https://www.gbif.org/species/2739071	Trachycarpus fortunei (Hook.) H.Wendl.	ACCEPTED	2739071	Trachycarpus fortunei (Hook.) H.Wendl.	SPECIES	196	Liliopsida	Plantae
152546602	5295044	https://www.gbif.org/species/5295044	Smilax aspera L.	ACCEPTED	5295044	Smilax aspera L.	SPECIES	196	Liliopsida	Plantae
152546603	5295375	https://www.gbif.org/species/5295375	Smilax rotundifolia L.	ACCEPTED	5295375	Smilax rotundifolia L.	SPECIES	196	Liliopsida	Plantae
152546606	2742119	https://www.gbif.org/species/2742119	Veratrum album L.	ACCEPTED	2742119	Veratrum album L.	SPECIES	196	Liliopsida	Plantae
152546609	5299675	https://www.gbif.org/species/5299675	Tulipa gesneriana L.	ACCEPTED	5299675	Tulipa gesneriana L.	SPECIES	196	Liliopsida	Plantae
152546610	5299536	https://www.gbif.org/species/5299536	Tulipa sylvestris L.	ACCEPTED	5299536	Tulipa sylvestris L.	SPECIES	196	Liliopsida	Plantae
152546612	5300102	https://www.gbif.org/species/5300102	Gagea pratensis (Pers.) Dumort.	ACCEPTED	5300102	Gagea pratensis (Pers.) Dumort.	SPECIES	196	Liliopsida	Plantae
152546614	2752849	https://www.gbif.org/species/2752849	Erythronium dens-canis L.	ACCEPTED	2752849	Erythronium dens-canis L.	SPECIES	196	Liliopsida	Plantae
152546616	8418777	https://www.gbif.org/species/8418777	Lilium ×hollandicum Woodcock & Stearn	DOUBTFUL	8418777	Lilium ×hollandicum Woodcock & Stearn	SPECIES	196	Liliopsida	Plantae
152546617	2753146	https://www.gbif.org/species/2753146	Lilium martagon L.	ACCEPTED	2753146	Lilium martagon L.	SPECIES	196	Liliopsida	Plantae
152546618	2771094	https://www.gbif.org/species/2771094	Hosta	DOUBTFUL	2771094	Hosta	GENUS	196	Liliopsida	Plantae
152546622	5305162	https://www.gbif.org/species/5305162	Kniphofia ×praecox Baker	ACCEPTED	5305162	Kniphofia ×praecox Baker	SPECIES	196	Liliopsida	Plantae
152546624	2778358	https://www.gbif.org/species/2778358	Asphodelus tenuifolius Cav.	ACCEPTED	2778358	Asphodelus tenuifolius Cav.	SPECIES	196	Liliopsida	Plantae
152546626	2781074	https://www.gbif.org/species/2781074	Hemerocallis fulva (L.) L.	ACCEPTED	2781074	Hemerocallis fulva (L.) L.	SPECIES	196	Liliopsida	Plantae
152546627	2781103	https://www.gbif.org/species/2781103	Hemerocallis lilioasphodelus L.	ACCEPTED	2781103	Hemerocallis lilioasphodelus L.	SPECIES	196	Liliopsida	Plantae
152546630	5324959	https://www.gbif.org/species/5324959	Himantoglossum robertianum (Loisel.) P.Delforge	ACCEPTED	5324959	Himantoglossum robertianum (Loisel.) P.Delforge	SPECIES	196	Liliopsida	Plantae
152546632	5314814	https://www.gbif.org/species/5314814	Serapias lingua L.	ACCEPTED	5314814	Serapias lingua L.	SPECIES	196	Liliopsida	Plantae
152546634	2784401	https://www.gbif.org/species/2784401	Traunsteinera globosa (L.) Rchb.	ACCEPTED	2784401	Traunsteinera globosa (L.) Rchb.	SPECIES	196	Liliopsida	Plantae
152546636	2840931	https://www.gbif.org/species/2840931	Goodyera repens (L.) R.Br.	ACCEPTED	2840931	Goodyera repens (L.) R.Br.	SPECIES	196	Liliopsida	Plantae
152546639	9177060	https://www.gbif.org/species/9177060	Allium scorodoprasum L.	ACCEPTED	9177060	Allium scorodoprasum L.	SPECIES	196	Liliopsida	Plantae
152546641	2855705	https://www.gbif.org/species/2855705	Allium lusitanicum Lam.	ACCEPTED	2855705	Allium lusitanicum Lam.	SPECIES	196	Liliopsida	Plantae
152546642	2856456	https://www.gbif.org/species/2856456	Allium pendulinum Ten.	ACCEPTED	2856456	Allium pendulinum Ten.	SPECIES	196	Liliopsida	Plantae
152546643	2855968	https://www.gbif.org/species/2855968	Allium carinatum L.	ACCEPTED	2855968	Allium carinatum L.	SPECIES	196	Liliopsida	Plantae
152546644	2856504	https://www.gbif.org/species/2856504	Allium fistulosum L.	ACCEPTED	2856504	Allium fistulosum L.	SPECIES	196	Liliopsida	Plantae
152546645	2856457	https://www.gbif.org/species/2856457	Allium triquetrum L.	ACCEPTED	2856457	Allium triquetrum L.	SPECIES	196	Liliopsida	Plantae
152546646	2855825	https://www.gbif.org/species/2855825	Allium moly L.	ACCEPTED	2855825	Allium moly L.	SPECIES	196	Liliopsida	Plantae
152546647	2855823	https://www.gbif.org/species/2855823	Allium nigrum L.	ACCEPTED	2855823	Allium nigrum L.	SPECIES	196	Liliopsida	Plantae
152546648	2855893	https://www.gbif.org/species/2855893	Allium roseum L.	ACCEPTED	2855893	Allium roseum L.	SPECIES	196	Liliopsida	Plantae
152546649	2855860	https://www.gbif.org/species/2855860	Allium schoenoprasum L.	ACCEPTED	2855860	Allium schoenoprasum L.	SPECIES	196	Liliopsida	Plantae
152546650	2857679	https://www.gbif.org/species/2857679	Allium macleanii Baker	ACCEPTED	2857679	Allium macleanii Baker	SPECIES	196	Liliopsida	Plantae
152546651	2857697	https://www.gbif.org/species/2857697	Allium cepa L.	ACCEPTED	2857697	Allium cepa L.	SPECIES	196	Liliopsida	Plantae
152546652	2856920	https://www.gbif.org/species/2856920	Allium hollandicum R.M.Fritsch	ACCEPTED	2856920	Allium hollandicum R.M.Fritsch	SPECIES	196	Liliopsida	Plantae
152546653	2857449	https://www.gbif.org/species/2857449	Allium ramosum L.	ACCEPTED	2857449	Allium ramosum L.	SPECIES	196	Liliopsida	Plantae
152546655	2855439	https://www.gbif.org/species/2855439	Galanthus woronowii Losinsk.	ACCEPTED	2855439	Galanthus woronowii Losinsk.	SPECIES	196	Liliopsida	Plantae
152546656	2855374	https://www.gbif.org/species/2855374	Galanthus ikariae Baker	ACCEPTED	2855374	Galanthus ikariae Baker	SPECIES	196	Liliopsida	Plantae
152546657	2855356	https://www.gbif.org/species/2855356	Galanthus nivalis L.	ACCEPTED	2855356	Galanthus nivalis L.	SPECIES	196	Liliopsida	Plantae
152546659	4013762	https://www.gbif.org/species/4013762	Narcissus ×cyclazetta Chater & Stace	ACCEPTED	4013762	Narcissus ×cyclazetta Chater & Stace	SPECIES	196	Liliopsida	Plantae
152546660	2858581	https://www.gbif.org/species/2858581	Narcissus poeticus L.	ACCEPTED	2858581	Narcissus poeticus L.	SPECIES	196	Liliopsida	Plantae
152546663	5296015	https://www.gbif.org/species/5296015	Sisyrinchium angustifolium Mill.	ACCEPTED	5296015	Sisyrinchium angustifolium Mill.	SPECIES	196	Liliopsida	Plantae
152546664	5296178	https://www.gbif.org/species/5296178	Sisyrinchium montanum Greene	ACCEPTED	5296178	Sisyrinchium montanum Greene	SPECIES	196	Liliopsida	Plantae
152546665	5296218	https://www.gbif.org/species/5296218	Sisyrinchium californicum (Ker Gawl.) Dryand.	ACCEPTED	5296218	Sisyrinchium californicum (Ker Gawl.) Dryand.	SPECIES	196	Liliopsida	Plantae
152546666	5296432	https://www.gbif.org/species/5296432	Sisyrinchium striatum Sm.	ACCEPTED	5296432	Sisyrinchium striatum Sm.	SPECIES	196	Liliopsida	Plantae
152546668	5298126	https://www.gbif.org/species/5298126	Iris sibirica L.	ACCEPTED	5298126	Iris sibirica L.	SPECIES	196	Liliopsida	Plantae
152546669	5298069	https://www.gbif.org/species/5298069	Iris ×germanica L.	ACCEPTED	5298069	Iris ×germanica L.	SPECIES	196	Liliopsida	Plantae
152546670	5298765	https://www.gbif.org/species/5298765	Iris foetidissima L.	ACCEPTED	5298765	Iris foetidissima L.	SPECIES	196	Liliopsida	Plantae
152546671	5298675	https://www.gbif.org/species/5298675	Iris pumila L.	ACCEPTED	5298675	Iris pumila L.	SPECIES	196	Liliopsida	Plantae
152546672	5298908	https://www.gbif.org/species/5298908	Iris graminea L.	ACCEPTED	5298908	Iris graminea L.	SPECIES	196	Liliopsida	Plantae
152546674	2747564	https://www.gbif.org/species/2747564	Crocus tommasinianus Herb.	ACCEPTED	2747564	Crocus tommasinianus Herb.	SPECIES	196	Liliopsida	Plantae
152546675	2747489	https://www.gbif.org/species/2747489	Crocus chrysanthus (Herb.) Herb.	ACCEPTED	2747489	Crocus chrysanthus (Herb.) Herb.	SPECIES	196	Liliopsida	Plantae
152546676	2747567	https://www.gbif.org/species/2747567	Crocus vernus (L.) Hill	ACCEPTED	2747567	Crocus vernus (L.) Hill	SPECIES	196	Liliopsida	Plantae
152546678	2747939	https://www.gbif.org/species/2747939	Crocosmia ×crocosmiiflora (Lemoine) N.E.Br.	ACCEPTED	2747939	Crocosmia ×crocosmiiflora (Lemoine) N.E.Br.	SPECIES	196	Liliopsida	Plantae
152546680	3586046	https://www.gbif.org/species/3586046	Gladiolus ×hortulanus L.H.Bailey	DOUBTFUL	3586046	Gladiolus ×hortulanus L.H.Bailey	SPECIES	196	Liliopsida	Plantae
152546681	2749791	https://www.gbif.org/species/2749791	Gladiolus italicus Mill.	ACCEPTED	2749791	Gladiolus italicus Mill.	SPECIES	196	Liliopsida	Plantae
152546684	7881150	https://www.gbif.org/species/7881150	Polygonatum ×hybridum Brügger	ACCEPTED	7881150	Polygonatum ×hybridum Brügger	SPECIES	196	Liliopsida	Plantae
152546686	5303891	https://www.gbif.org/species/5303891	Danae racemosa (L.) Moench	ACCEPTED	5303891	Danae racemosa (L.) Moench	SPECIES	196	Liliopsida	Plantae
152546688	5304294	https://www.gbif.org/species/5304294	Hyacinthoides ×massartiana Geerinck	ACCEPTED	5304294	Hyacinthoides ×massartiana Geerinck	SPECIES	196	Liliopsida	Plantae
152546689	5304257	https://www.gbif.org/species/5304257	Hyacinthoides hispanica (Mill.) Rothm.	ACCEPTED	5304257	Hyacinthoides hispanica (Mill.) Rothm.	SPECIES	196	Liliopsida	Plantae
152546691	2775530	https://www.gbif.org/species/2775530	Yucca flaccida Haw.	ACCEPTED	2775530	Yucca flaccida Haw.	SPECIES	196	Liliopsida	Plantae
152546692	2775619	https://www.gbif.org/species/2775619	Yucca gloriosa L.	ACCEPTED	2775619	Yucca gloriosa L.	SPECIES	196	Liliopsida	Plantae
152546695	2767229	https://www.gbif.org/species/2767229	Scilla sardensis (Whittall ex Barr & Sugden) Speta	ACCEPTED	2767229	Scilla sardensis (Whittall ex Barr & Sugden) Speta	SPECIES	196	Liliopsida	Plantae
152546696	2767271	https://www.gbif.org/species/2767271	Scilla luciliae (Boiss.) Speta	ACCEPTED	2767271	Scilla luciliae (Boiss.) Speta	SPECIES	196	Liliopsida	Plantae
152546698	2767031	https://www.gbif.org/species/2767031	Agave americana L.	ACCEPTED	2767031	Agave americana L.	SPECIES	196	Liliopsida	Plantae
152546700	2769493	https://www.gbif.org/species/2769493	Maianthemum stellatum (L.) Link	ACCEPTED	2769493	Maianthemum stellatum (L.) Link	SPECIES	196	Liliopsida	Plantae
152546701	2769435	https://www.gbif.org/species/2769435	Maianthemum dilatatum (Alph.Wood) A.Nelson & J.F.Macbr.	ACCEPTED	2769435	Maianthemum dilatatum (Alph.Wood) A.Nelson & J.F.Macbr.	SPECIES	196	Liliopsida	Plantae
152546703	2769073	https://www.gbif.org/species/2769073	Camassia leichtlinii subsp. suksdorfii (Greenm.) Gould	ACCEPTED	2769073	Camassia leichtlinii subsp. suksdorfii (Greenm.) Gould	SUBSPECIES	196	Liliopsida	Plantae
152546705	2769766	https://www.gbif.org/species/2769766	Ruscus aculeatus L.	ACCEPTED	2769766	Ruscus aculeatus L.	SPECIES	196	Liliopsida	Plantae
152546707	2772174	https://www.gbif.org/species/2772174	Muscari armeniacum Leichtlin ex Baker	DOUBTFUL	2772174	Muscari armeniacum Leichtlin ex Baker	SPECIES	196	Liliopsida	Plantae
152546708	2772082	https://www.gbif.org/species/2772082	Muscari latifolium J.Kirk	ACCEPTED	2772082	Muscari latifolium J.Kirk	SPECIES	196	Liliopsida	Plantae
152546710	2772958	https://www.gbif.org/species/2772958	Ornithogalum narbonense L.	ACCEPTED	2772958	Ornithogalum narbonense L.	SPECIES	196	Liliopsida	Plantae
152546711	2773281	https://www.gbif.org/species/2773281	Ornithogalum nutans L.	ACCEPTED	2773281	Ornithogalum nutans L.	SPECIES	196	Liliopsida	Plantae
152546712	2773453	https://www.gbif.org/species/2773453	Ornithogalum divergens Boreau	ACCEPTED	2773453	Ornithogalum divergens Boreau	SPECIES	196	Liliopsida	Plantae
152546713	2772885	https://www.gbif.org/species/2772885	Ornithogalum pyramidale L.	ACCEPTED	2772885	Ornithogalum pyramidale L.	SPECIES	196	Liliopsida	Plantae
152546715	2772666	https://www.gbif.org/species/2772666	Hyacinthus orientalis L.	ACCEPTED	2772666	Hyacinthus orientalis L.	SPECIES	196	Liliopsida	Plantae
152546721	2764179	https://www.gbif.org/species/2764179	Commelina communis L.	ACCEPTED	2764179	Commelina communis L.	SPECIES	196	Liliopsida	Plantae
152546723	2764202	https://www.gbif.org/species/2764202	Commelina diffusa Burm.f.	ACCEPTED	2764202	Commelina diffusa Burm.f.	SPECIES	196	Liliopsida	Plantae
152546724	2764337	https://www.gbif.org/species/2764337	Commelina obliqua Vahl	ACCEPTED	2764337	Commelina obliqua Vahl	SPECIES	196	Liliopsida	Plantae
152546726	2765156	https://www.gbif.org/species/2765156	Tradescantia fluminensis Vell.	ACCEPTED	2765156	Tradescantia fluminensis Vell.	SPECIES	196	Liliopsida	Plantae
152546727	2765272	https://www.gbif.org/species/2765272	Tradescantia virginiana L.	ACCEPTED	2765272	Tradescantia virginiana L.	SPECIES	196	Liliopsida	Plantae
152546732	2766030	https://www.gbif.org/species/2766030	Pontederia cordata L.	ACCEPTED	2766030	Pontederia cordata L.	SPECIES	196	Liliopsida	Plantae
152546736	5289503	https://www.gbif.org/species/5289503	Typha laxmannii Lepech.	ACCEPTED	5289503	Typha laxmannii Lepech.	SPECIES	196	Liliopsida	Plantae
152546737	5289490	https://www.gbif.org/species/5289490	Typha ×provincialis A.Camus	ACCEPTED	5289490	Typha ×provincialis A.Camus	SPECIES	196	Liliopsida	Plantae
152546738	5289492	https://www.gbif.org/species/5289492	Typha minima Funck	ACCEPTED	5289492	Typha minima Funck	SPECIES	196	Liliopsida	Plantae
152546741	7961815	https://www.gbif.org/species/7961815	Schoenoplectiella bucharica (Roshev.) Hayas.	ACCEPTED	7961815	Schoenoplectiella bucharica (Roshev.) Hayas.	SPECIES	196	Liliopsida	Plantae
152546743	7421129	https://www.gbif.org/species/7421129	Cyperus longus subsp. badius (Desf.) Bonnier & Layens	ACCEPTED	7421129	Cyperus longus subsp. badius (Desf.) Bonnier & Layens	SUBSPECIES	196	Liliopsida	Plantae
152546744	7070211	https://www.gbif.org/species/7070211	Cyperus longus subsp. longus	ACCEPTED	7070211	Cyperus longus subsp. longus	SUBSPECIES	196	Liliopsida	Plantae
152546745	2714796	https://www.gbif.org/species/2714796	Cyperus difformis L.	ACCEPTED	2714796	Cyperus difformis L.	SPECIES	196	Liliopsida	Plantae
152546746	2714722	https://www.gbif.org/species/2714722	Cyperus reflexus Vahl	ACCEPTED	2714722	Cyperus reflexus Vahl	SPECIES	196	Liliopsida	Plantae
152546747	2714656	https://www.gbif.org/species/2714656	Cyperus congestus Vahl	ACCEPTED	2714656	Cyperus congestus Vahl	SPECIES	196	Liliopsida	Plantae
152546748	2714453	https://www.gbif.org/species/2714453	Cyperus cyperoides (L.) Kuntze	ACCEPTED	2714453	Cyperus cyperoides (L.) Kuntze	SPECIES	196	Liliopsida	Plantae
152546749	2714301	https://www.gbif.org/species/2714301	Cyperus conglomeratus Rottb.	ACCEPTED	2714301	Cyperus conglomeratus Rottb.	SPECIES	196	Liliopsida	Plantae
152546750	2714233	https://www.gbif.org/species/2714233	Cyperus imbricatus Retz.	ACCEPTED	2714233	Cyperus imbricatus Retz.	SPECIES	196	Liliopsida	Plantae
152546751	2713662	https://www.gbif.org/species/2713662	Cyperus aggregatus (Willd.) Endl.	ACCEPTED	2713662	Cyperus aggregatus (Willd.) Endl.	SPECIES	196	Liliopsida	Plantae
152546752	2713519	https://www.gbif.org/species/2713519	Cyperus rigens J.Presl & C.Presl	ACCEPTED	2713519	Cyperus rigens J.Presl & C.Presl	SPECIES	196	Liliopsida	Plantae
152546753	2716420	https://www.gbif.org/species/2716420	Cyperus virens Michx.	ACCEPTED	2716420	Cyperus virens Michx.	SPECIES	196	Liliopsida	Plantae
152546754	2715482	https://www.gbif.org/species/2715482	Cyperus eragrostis Lam.	ACCEPTED	2715482	Cyperus eragrostis Lam.	SPECIES	196	Liliopsida	Plantae
152546755	2716226	https://www.gbif.org/species/2716226	Cyperus esculentus L.	ACCEPTED	2716226	Cyperus esculentus L.	SPECIES	196	Liliopsida	Plantae
152546756	2714818	https://www.gbif.org/species/2714818	Cyperus rotundus L.	ACCEPTED	2714818	Cyperus rotundus L.	SPECIES	196	Liliopsida	Plantae
152546757	2715206	https://www.gbif.org/species/2715206	Cyperus exaltatus Retz.	ACCEPTED	2715206	Cyperus exaltatus Retz.	SPECIES	196	Liliopsida	Plantae
152546759	2708808	https://www.gbif.org/species/2708808	Fimbristylis dichotoma (L.) Vahl	ACCEPTED	2708808	Fimbristylis dichotoma (L.) Vahl	SPECIES	196	Liliopsida	Plantae
152546761	7795128	https://www.gbif.org/species/7795128	Carex crus-corvi Shuttlew.	DOUBTFUL	7795128	Carex crus-corvi Shuttlew.	SPECIES	196	Liliopsida	Plantae
152546762	7227181	https://www.gbif.org/species/7227181	Carex muricata subsp. muricata	ACCEPTED	7227181	Carex muricata subsp. muricata	SUBSPECIES	196	Liliopsida	Plantae
152546763	2726360	https://www.gbif.org/species/2726360	Carex grayi J.Carey	ACCEPTED	2726360	Carex grayi J.Carey	SPECIES	196	Liliopsida	Plantae
152546764	2726538	https://www.gbif.org/species/2726538	Carex muskingumensis Schwein.	ACCEPTED	2726538	Carex muskingumensis Schwein.	SPECIES	196	Liliopsida	Plantae
152546765	2726539	https://www.gbif.org/species/2726539	Carex scoparia Schkuhr ex Willd.	ACCEPTED	2726539	Carex scoparia Schkuhr ex Willd.	SPECIES	196	Liliopsida	Plantae
152546766	2727875	https://www.gbif.org/species/2727875	Carex secalina Willd. ex Wahlenb.	ACCEPTED	2727875	Carex secalina Willd. ex Wahlenb.	SPECIES	196	Liliopsida	Plantae
152546767	2728060	https://www.gbif.org/species/2728060	Carex vulpinoidea Michx.	ACCEPTED	2728060	Carex vulpinoidea Michx.	SPECIES	196	Liliopsida	Plantae
152546768	2722973	https://www.gbif.org/species/2722973	Carex loliacea L.	ACCEPTED	2722973	Carex loliacea L.	SPECIES	196	Liliopsida	Plantae
152546769	2723271	https://www.gbif.org/species/2723271	Carex melanostachya M.Bieb. ex Willd.	ACCEPTED	2723271	Carex melanostachya M.Bieb. ex Willd.	SPECIES	196	Liliopsida	Plantae
152546770	2722380	https://www.gbif.org/species/2722380	Carex crawfordii Fernald	ACCEPTED	2722380	Carex crawfordii Fernald	SPECIES	196	Liliopsida	Plantae
152546771	2722515	https://www.gbif.org/species/2722515	Carex morrowii Boott	ACCEPTED	2722515	Carex morrowii Boott	SPECIES	196	Liliopsida	Plantae
152546773	2718387	https://www.gbif.org/species/2718387	Bolboschoenus glaucus (Lam.) S.G.Sm.	ACCEPTED	2718387	Bolboschoenus glaucus (Lam.) S.G.Sm.	SPECIES	196	Liliopsida	Plantae
152546774	2718302	https://www.gbif.org/species/2718302	Bolboschoenus yagara (Ohwi) Y.C.Yang & M.Zhan	ACCEPTED	2718302	Bolboschoenus yagara (Ohwi) Y.C.Yang & M.Zhan	SPECIES	196	Liliopsida	Plantae
152546776	2716838	https://www.gbif.org/species/2716838	Eleocharis engelmannii Steud.	ACCEPTED	2716838	Eleocharis engelmannii Steud.	SPECIES	196	Liliopsida	Plantae
152546777	2717467	https://www.gbif.org/species/2717467	Eleocharis obtusa (Willd.) Schult.	ACCEPTED	2717467	Eleocharis obtusa (Willd.) Schult.	SPECIES	196	Liliopsida	Plantae
152546780	7549853	https://www.gbif.org/species/7549853	Disakisperma dubium (Kunth) P.M.Peterson & N.Snow	ACCEPTED	7549853	Disakisperma dubium (Kunth) P.M.Peterson & N.Snow	SPECIES	196	Liliopsida	Plantae
152546782	7810452	https://www.gbif.org/species/7810452	Dasypyrum villosum (L.) P.Candargy	DOUBTFUL	7810452	Dasypyrum villosum (L.) P.Candargy	SPECIES	196	Liliopsida	Plantae
152546784	7998563	https://www.gbif.org/species/7998563	Diplachne fusca subsp. fusca	ACCEPTED	7998563	Diplachne fusca subsp. fusca	SUBSPECIES	196	Liliopsida	Plantae
152546785	8257546	https://www.gbif.org/species/8257546	Diplachne fusca subsp. fascicularis (Lam.) P.M.Peterson & N.Snow	ACCEPTED	8257546	Diplachne fusca subsp. fascicularis (Lam.) P.M.Peterson & N.Snow	SUBSPECIES	196	Liliopsida	Plantae
152546786	8369366	https://www.gbif.org/species/8369366	Diplachne fusca subsp. uninervia (J.Presl) P.M.Peterson & N.Snow	ACCEPTED	8369366	Diplachne fusca subsp. uninervia (J.Presl) P.M.Peterson & N.Snow	SUBSPECIES	196	Liliopsida	Plantae
152546788	8362005	https://www.gbif.org/species/8362005	Sasa palmata (Burb.) E.G.Camus	ACCEPTED	8362005	Sasa palmata (Burb.) E.G.Camus	SPECIES	196	Liliopsida	Plantae
152546790	5679692	https://www.gbif.org/species/5679692	Enteropogon acicularis (Lindl.) Lazarides	ACCEPTED	5679692	Enteropogon acicularis (Lindl.) Lazarides	SPECIES	196	Liliopsida	Plantae
152546792	7361239	https://www.gbif.org/species/7361239	Triraphis mollis R.Br.	ACCEPTED	7361239	Triraphis mollis R.Br.	SPECIES	196	Liliopsida	Plantae
152546794	5676003	https://www.gbif.org/species/5676003	Fargesia spathacea Franch.	ACCEPTED	5676003	Fargesia spathacea Franch.	SPECIES	196	Liliopsida	Plantae
152546796	5674888	https://www.gbif.org/species/5674888	Schmidtia kalahariensis Stent	ACCEPTED	5674888	Schmidtia kalahariensis Stent	SPECIES	196	Liliopsida	Plantae
152546798	5677636	https://www.gbif.org/species/5677636	Cynodon convergens F.Muell.	ACCEPTED	5677636	Cynodon convergens F.Muell.	SPECIES	196	Liliopsida	Plantae
152546799	6109637	https://www.gbif.org/species/6109637	Cynodon dactylon (L.) Pers.	ACCEPTED	6109637	Cynodon dactylon (L.) Pers.	SPECIES	196	Liliopsida	Plantae
152546801	5674620	https://www.gbif.org/species/5674620	Echinaria capitata (L.) Desf.	ACCEPTED	5674620	Echinaria capitata (L.) Desf.	SPECIES	196	Liliopsida	Plantae
152546803	5289814	https://www.gbif.org/species/5289814	Eustachys neglecta (Nash) Nash	ACCEPTED	5289814	Eustachys neglecta (Nash) Nash	SPECIES	196	Liliopsida	Plantae
152546804	5289819	https://www.gbif.org/species/5289819	Eustachys retusa (Lag.) Kunth	ACCEPTED	5289819	Eustachys retusa (Lag.) Kunth	SPECIES	196	Liliopsida	Plantae
152546806	5289791	https://www.gbif.org/species/5289791	Aegilops ventricosa Tausch	ACCEPTED	5289791	Aegilops ventricosa Tausch	SPECIES	196	Liliopsida	Plantae
152546807	5289793	https://www.gbif.org/species/5289793	Aegilops triuncialis L.	ACCEPTED	5289793	Aegilops triuncialis L.	SPECIES	196	Liliopsida	Plantae
152546808	5289781	https://www.gbif.org/species/5289781	Aegilops geniculata Roth	ACCEPTED	5289781	Aegilops geniculata Roth	SPECIES	196	Liliopsida	Plantae
152546809	5289783	https://www.gbif.org/species/5289783	Aegilops cylindrica Host	ACCEPTED	5289783	Aegilops cylindrica Host	SPECIES	196	Liliopsida	Plantae
152546811	5289762	https://www.gbif.org/species/5289762	Lamarckia aurea (L.) Moench	ACCEPTED	5289762	Lamarckia aurea (L.) Moench	SPECIES	196	Liliopsida	Plantae
152546813	5289764	https://www.gbif.org/species/5289764	Gastridium ventricosum (Gouan) Schinz & Thell.	ACCEPTED	5289764	Gastridium ventricosum (Gouan) Schinz & Thell.	SPECIES	196	Liliopsida	Plantae
152546814	5289763	https://www.gbif.org/species/5289763	Gastridium phleoides (Nees & Meyen) C.E.Hubb.	ACCEPTED	5289763	Gastridium phleoides (Nees & Meyen) C.E.Hubb.	SPECIES	196	Liliopsida	Plantae
152546816	5828216	https://www.gbif.org/species/5828216	Cenchrus flaccidus (Griseb.) Morrone	ACCEPTED	5828216	Cenchrus flaccidus (Griseb.) Morrone	SPECIES	196	Liliopsida	Plantae
152546817	5671747	https://www.gbif.org/species/5671747	Cenchrus alopecuroides (L.) Thunb.	ACCEPTED	5671747	Cenchrus alopecuroides (L.) Thunb.	SPECIES	196	Liliopsida	Plantae
152546818	5289731	https://www.gbif.org/species/5289731	Cenchrus longispinus (Hack.) Fernald	ACCEPTED	5289731	Cenchrus longispinus (Hack.) Fernald	SPECIES	196	Liliopsida	Plantae
152546819	5289739	https://www.gbif.org/species/5289739	Cenchrus echinatus L.	ACCEPTED	5289739	Cenchrus echinatus L.	SPECIES	196	Liliopsida	Plantae
152546821	8420312	https://www.gbif.org/species/8420312	Phalaris platensis Henrard ex Heukels	DOUBTFUL	8420312	Phalaris platensis Henrard ex Heukels	SPECIES	196	Liliopsida	Plantae
152546822	5289752	https://www.gbif.org/species/5289752	Phalaris minor Retz.	ACCEPTED	5289752	Phalaris minor Retz.	SPECIES	196	Liliopsida	Plantae
152546823	5289753	https://www.gbif.org/species/5289753	Phalaris angusta Nees ex Trin.	ACCEPTED	5289753	Phalaris angusta Nees ex Trin.	SPECIES	196	Liliopsida	Plantae
152546824	5289756	https://www.gbif.org/species/5289756	Phalaris arundinacea L.	ACCEPTED	5289756	Phalaris arundinacea L.	SPECIES	196	Liliopsida	Plantae
152546825	5289758	https://www.gbif.org/species/5289758	Phalaris paradoxa L.	ACCEPTED	5289758	Phalaris paradoxa L.	SPECIES	196	Liliopsida	Plantae
152546826	5289745	https://www.gbif.org/species/5289745	Phalaris brachystachys Link	ACCEPTED	5289745	Phalaris brachystachys Link	SPECIES	196	Liliopsida	Plantae
152546827	5289744	https://www.gbif.org/species/5289744	Phalaris canariensis L.	ACCEPTED	5289744	Phalaris canariensis L.	SPECIES	196	Liliopsida	Plantae
152546828	5289751	https://www.gbif.org/species/5289751	Phalaris coerulescens Desf.	ACCEPTED	5289751	Phalaris coerulescens Desf.	SPECIES	196	Liliopsida	Plantae
152546829	5289746	https://www.gbif.org/species/5289746	Phalaris aquatica L.	ACCEPTED	5289746	Phalaris aquatica L.	SPECIES	196	Liliopsida	Plantae
152546831	7226776	https://www.gbif.org/species/7226776	Setaria verticillata var. verticillata	ACCEPTED	7226776	Setaria verticillata var. verticillata	VARIETY	196	Liliopsida	Plantae
152546832	5674218	https://www.gbif.org/species/5674218	Setaria dielsii R.A.W.Herrm.	ACCEPTED	5674218	Setaria dielsii R.A.W.Herrm.	SPECIES	196	Liliopsida	Plantae
152546833	5289686	https://www.gbif.org/species/5289686	Setaria verticillata (L.) P.Beauv.	ACCEPTED	5289686	Setaria verticillata (L.) P.Beauv.	SPECIES	196	Liliopsida	Plantae
152546834	5289684	https://www.gbif.org/species/5289684	Setaria viridis (L.) P.Beauv.	ACCEPTED	5289684	Setaria viridis (L.) P.Beauv.	SPECIES	196	Liliopsida	Plantae
152546835	5289709	https://www.gbif.org/species/5289709	Setaria sphacelata (Schumach.) Stapf & C.E.Hubb. ex Moss	ACCEPTED	5289709	Setaria sphacelata (Schumach.) Stapf & C.E.Hubb. ex Moss	SPECIES	196	Liliopsida	Plantae
152546836	5289698	https://www.gbif.org/species/5289698	Setaria italica (L.) P.Beauv.	ACCEPTED	5289698	Setaria italica (L.) P.Beauv.	SPECIES	196	Liliopsida	Plantae
152546837	5289679	https://www.gbif.org/species/5289679	Setaria parviflora (Poir.) Kerguélen	ACCEPTED	5289679	Setaria parviflora (Poir.) Kerguélen	SPECIES	196	Liliopsida	Plantae
152546838	5289666	https://www.gbif.org/species/5289666	Setaria faberi R.A.W.Herrm.	ACCEPTED	5289666	Setaria faberi R.A.W.Herrm.	SPECIES	196	Liliopsida	Plantae
152546840	5290170	https://www.gbif.org/species/5290170	Phyllostachys viridiglaucescens (Carrière) Rivière & C.Rivière	ACCEPTED	5290170	Phyllostachys viridiglaucescens (Carrière) Rivière & C.Rivière	SPECIES	196	Liliopsida	Plantae
152546842	5290143	https://www.gbif.org/species/5290143	Brachypodium distachyon (L.) P.Beauv.	ACCEPTED	5290143	Brachypodium distachyon (L.) P.Beauv.	SPECIES	196	Liliopsida	Plantae
152546843	5290144	https://www.gbif.org/species/5290144	Brachypodium phoenicoides (L.) Roem. & Schult.	ACCEPTED	5290144	Brachypodium phoenicoides (L.) Roem. & Schult.	SPECIES	196	Liliopsida	Plantae
152546845	5674919	https://www.gbif.org/species/5674919	Tragus koelerioides Asch.	ACCEPTED	5674919	Tragus koelerioides Asch.	SPECIES	196	Liliopsida	Plantae
152546846	5290130	https://www.gbif.org/species/5290130	Tragus australianus S.T.Blake	ACCEPTED	5290130	Tragus australianus S.T.Blake	SPECIES	196	Liliopsida	Plantae
152546847	5290126	https://www.gbif.org/species/5290126	Tragus racemosus (L.) All.	ACCEPTED	5290126	Tragus racemosus (L.) All.	SPECIES	196	Liliopsida	Plantae
152546848	5290129	https://www.gbif.org/species/5290129	Tragus berteronianus Schult.	ACCEPTED	5290129	Tragus berteronianus Schult.	SPECIES	196	Liliopsida	Plantae
152546850	5290069	https://www.gbif.org/species/5290069	Parapholis incurva (L.) C.E.Hubb.	ACCEPTED	5290069	Parapholis incurva (L.) C.E.Hubb.	SPECIES	196	Liliopsida	Plantae
152546852	5290059	https://www.gbif.org/species/5290059	Beckmannia syzigachne (Steud.) Fernald	ACCEPTED	5290059	Beckmannia syzigachne (Steud.) Fernald	SPECIES	196	Liliopsida	Plantae
152546854	5290052	https://www.gbif.org/species/5290052	Zea mays L.	ACCEPTED	5290052	Zea mays L.	SPECIES	196	Liliopsida	Plantae
152546856	5679952	https://www.gbif.org/species/5679952	Polypogon chilensis (Kunth) Pilg.	ACCEPTED	5679952	Polypogon chilensis (Kunth) Pilg.	SPECIES	196	Liliopsida	Plantae
152546857	5289919	https://www.gbif.org/species/5289919	Polypogon viridis (Gouan) Breistr.	ACCEPTED	5289919	Polypogon viridis (Gouan) Breistr.	SPECIES	196	Liliopsida	Plantae
152546858	5289917	https://www.gbif.org/species/5289917	Polypogon monspeliensis (L.) Desf.	ACCEPTED	5289917	Polypogon monspeliensis (L.) Desf.	SPECIES	196	Liliopsida	Plantae
152546859	5289913	https://www.gbif.org/species/5289913	Polypogon maritimus Willd.	ACCEPTED	5289913	Polypogon maritimus Willd.	SPECIES	196	Liliopsida	Plantae
152546860	5289912	https://www.gbif.org/species/5289912	Polypogon fugax Nees ex Steud.	ACCEPTED	5289912	Polypogon fugax Nees ex Steud.	SPECIES	196	Liliopsida	Plantae
152546861	5289911	https://www.gbif.org/species/5289911	Polypogon elongatus Kunth	ACCEPTED	5289911	Polypogon elongatus Kunth	SPECIES	196	Liliopsida	Plantae
152546863	5289906	https://www.gbif.org/species/5289906	Rostraria cristata (L.) Tzvelev	ACCEPTED	5289906	Rostraria cristata (L.) Tzvelev	SPECIES	196	Liliopsida	Plantae
152546865	5674047	https://www.gbif.org/species/5674047	Nassella hyalina (Nees) Barkworth	ACCEPTED	5674047	Nassella hyalina (Nees) Barkworth	SPECIES	196	Liliopsida	Plantae
152546866	5674110	https://www.gbif.org/species/5674110	Nassella filiculmis (Delile) Barkworth	ACCEPTED	5674110	Nassella filiculmis (Delile) Barkworth	SPECIES	196	Liliopsida	Plantae
152546867	5289836	https://www.gbif.org/species/5289836	Nassella formicarum (Delile) Barkworth	ACCEPTED	5289836	Nassella formicarum (Delile) Barkworth	SPECIES	196	Liliopsida	Plantae
152546868	5289833	https://www.gbif.org/species/5289833	Nassella tenuissima (Trin.) Barkworth	ACCEPTED	5289833	Nassella tenuissima (Trin.) Barkworth	SPECIES	196	Liliopsida	Plantae
152546869	5289831	https://www.gbif.org/species/5289831	Nassella neesiana (Trin. & Rupr.) Barkworth	ACCEPTED	5289831	Nassella neesiana (Trin. & Rupr.) Barkworth	SPECIES	196	Liliopsida	Plantae
152546871	5678495	https://www.gbif.org/species/5678495	Chloris pycnothrix Trin.	ACCEPTED	5678495	Chloris pycnothrix Trin.	SPECIES	196	Liliopsida	Plantae
152546872	5289620	https://www.gbif.org/species/5289620	Chloris truncata R.Br.	ACCEPTED	5289620	Chloris truncata R.Br.	SPECIES	196	Liliopsida	Plantae
152546873	5289623	https://www.gbif.org/species/5289623	Chloris pectinata Benth.	ACCEPTED	5289623	Chloris pectinata Benth.	SPECIES	196	Liliopsida	Plantae
152546874	5289631	https://www.gbif.org/species/5289631	Chloris divaricata R.Br.	ACCEPTED	5289631	Chloris divaricata R.Br.	SPECIES	196	Liliopsida	Plantae
152546875	5289624	https://www.gbif.org/species/5289624	Chloris virgata Sw.	ACCEPTED	5289624	Chloris virgata Sw.	SPECIES	196	Liliopsida	Plantae
152546876	5289629	https://www.gbif.org/species/5289629	Chloris ventricosa R.Br.	ACCEPTED	5289629	Chloris ventricosa R.Br.	SPECIES	196	Liliopsida	Plantae
152546878	5676903	https://www.gbif.org/species/5676903	Apera intermedia Hack.	ACCEPTED	5676903	Apera intermedia Hack.	SPECIES	196	Liliopsida	Plantae
152546879	5289643	https://www.gbif.org/species/5289643	Apera interrupta (L.) P.Beauv.	ACCEPTED	5289643	Apera interrupta (L.) P.Beauv.	SPECIES	196	Liliopsida	Plantae
152546886	5290177	https://www.gbif.org/species/5290177	Lagurus ovatus L.	ACCEPTED	5290177	Lagurus ovatus L.	SPECIES	196	Liliopsida	Plantae
152546888	5290242	https://www.gbif.org/species/5290242	Gaudinia fragilis (L.) P.Beauv.	ACCEPTED	5290242	Gaudinia fragilis (L.) P.Beauv.	SPECIES	196	Liliopsida	Plantae
152546890	5290282	https://www.gbif.org/species/5290282	Elymus canadensis L.	ACCEPTED	5290282	Elymus canadensis L.	SPECIES	196	Liliopsida	Plantae
152546894	4142326	https://www.gbif.org/species/4142326	Achnatherum calamagrostis (L.) P.Beauv.	ACCEPTED	4142326	Achnatherum calamagrostis (L.) P.Beauv.	SPECIES	196	Liliopsida	Plantae
152546896	4142153	https://www.gbif.org/species/4142153	Desmazeria sicula (Jacq.) Dumort.	ACCEPTED	4142153	Desmazeria sicula (Jacq.) Dumort.	SPECIES	196	Liliopsida	Plantae
152546898	4146512	https://www.gbif.org/species/4146512	Puccinellia stricta (Hook.f.) C.H.Blom	ACCEPTED	4146512	Puccinellia stricta (Hook.f.) C.H.Blom	SPECIES	196	Liliopsida	Plantae
152546900	4152037	https://www.gbif.org/species/4152037	Helictotrichon sempervirens (Vill.) Pilg.	ACCEPTED	4152037	Helictotrichon sempervirens (Vill.) Pilg.	SPECIES	196	Liliopsida	Plantae
152546902	4932431	https://www.gbif.org/species/4932431	Crithopsis delileana (Schult.) Roshev.	ACCEPTED	4932431	Crithopsis delileana (Schult.) Roshev.	SPECIES	196	Liliopsida	Plantae
152546904	9484350	https://www.gbif.org/species/9484350	Lachnagrostis eriantha (Hack.) A.J.Br.	ACCEPTED	9484350	Lachnagrostis eriantha (Hack.) A.J.Br.	SPECIES	196	Liliopsida	Plantae
152546905	4135892	https://www.gbif.org/species/4135892	Lachnagrostis lachnantha (Nees) Rúgolo & A.M.Molina	ACCEPTED	4135892	Lachnagrostis lachnantha (Nees) Rúgolo & A.M.Molina	SPECIES	196	Liliopsida	Plantae
152546906	4136060	https://www.gbif.org/species/4136060	Lachnagrostis billardierei (R.Br.) Trin.	ACCEPTED	4136060	Lachnagrostis billardierei (R.Br.) Trin.	SPECIES	196	Liliopsida	Plantae
152546907	4135963	https://www.gbif.org/species/4135963	Lachnagrostis filiformis (G.Forst.) Trin.	ACCEPTED	4135963	Lachnagrostis filiformis (G.Forst.) Trin.	SPECIES	196	Liliopsida	Plantae
152546909	4136390	https://www.gbif.org/species/4136390	Aeluropus littoralis (Gouan) Parl.	ACCEPTED	4136390	Aeluropus littoralis (Gouan) Parl.	SPECIES	196	Liliopsida	Plantae
152546911	4137839	https://www.gbif.org/species/4137839	Koeleria glauca (Spreng.) DC.	ACCEPTED	4137839	Koeleria glauca (Spreng.) DC.	SPECIES	196	Liliopsida	Plantae
152546913	4138669	https://www.gbif.org/species/4138669	Pholiurus pannonicus (Host) Trin.	ACCEPTED	4138669	Pholiurus pannonicus (Host) Trin.	SPECIES	196	Liliopsida	Plantae
152546917	4127352	https://www.gbif.org/species/4127352	Sasaella ramosa (Makino) Makino	ACCEPTED	4127352	Sasaella ramosa (Makino) Makino	SPECIES	196	Liliopsida	Plantae
152546919	4125930	https://www.gbif.org/species/4125930	×Agropogon lutosus (Poir.) P.Fourn.	ACCEPTED	4125930	×Agropogon lutosus (Poir.) P.Fourn.	SPECIES	196	Liliopsida	Plantae
152546921	4127831	https://www.gbif.org/species/4127831	Stipa pennata L.	ACCEPTED	4127831	Stipa pennata L.	SPECIES	196	Liliopsida	Plantae
152546923	4130246	https://www.gbif.org/species/4130246	Stipagrostis pungens (Desf.) De Winter	ACCEPTED	4130246	Stipagrostis pungens (Desf.) De Winter	SPECIES	196	Liliopsida	Plantae
152546925	5676646	https://www.gbif.org/species/5676646	Digitaria aequiglumis (Hack. & Arechav.) Parodi	ACCEPTED	5676646	Digitaria aequiglumis (Hack. & Arechav.) Parodi	SPECIES	196	Liliopsida	Plantae
152546926	5289995	https://www.gbif.org/species/5289995	Digitaria violascens Link	ACCEPTED	5289995	Digitaria violascens Link	SPECIES	196	Liliopsida	Plantae
152546927	5289972	https://www.gbif.org/species/5289972	Digitaria sanguinalis (L.) Scop.	ACCEPTED	5289972	Digitaria sanguinalis (L.) Scop.	SPECIES	196	Liliopsida	Plantae
152546928	5289957	https://www.gbif.org/species/5289957	Digitaria brownii (Roem. & Schult.) Hughes	ACCEPTED	5289957	Digitaria brownii (Roem. & Schult.) Hughes	SPECIES	196	Liliopsida	Plantae
152546929	5289929	https://www.gbif.org/species/5289929	Digitaria abyssinica (Hochst. ex A.Rich.) Stapf	ACCEPTED	5289929	Digitaria abyssinica (Hochst. ex A.Rich.) Stapf	SPECIES	196	Liliopsida	Plantae
152546930	4131963	https://www.gbif.org/species/4131963	Digitaria acuminatissima Stapf	ACCEPTED	4131963	Digitaria acuminatissima Stapf	SPECIES	196	Liliopsida	Plantae
152546932	4120602	https://www.gbif.org/species/4120602	Semiarundinaria fastuosa (Lat.-Marl. ex Mitford) Makino	ACCEPTED	4120602	Semiarundinaria fastuosa (Lat.-Marl. ex Mitford) Makino	SPECIES	196	Liliopsida	Plantae
152546934	7517279	https://www.gbif.org/species/7517279	Rytidosperma tenuius (Steud.) O.E.Erikss., A.Hansen & Sunding	ACCEPTED	7517279	Rytidosperma tenuius (Steud.) O.E.Erikss., A.Hansen & Sunding	SPECIES	196	Liliopsida	Plantae
152546935	4136338	https://www.gbif.org/species/4136338	Rytidosperma gracile (Hook.f.) Connor & Edgar	ACCEPTED	4136338	Rytidosperma gracile (Hook.f.) Connor & Edgar	SPECIES	196	Liliopsida	Plantae
152546936	4121201	https://www.gbif.org/species/4121201	Rytidosperma thomsonii (Buchanan) Connor & Edgar	ACCEPTED	4121201	Rytidosperma thomsonii (Buchanan) Connor & Edgar	SPECIES	196	Liliopsida	Plantae
152546938	4125110	https://www.gbif.org/species/4125110	Harpachne schimperi Hochst. ex A.Rich.	ACCEPTED	4125110	Harpachne schimperi Hochst. ex A.Rich.	SPECIES	196	Liliopsida	Plantae
152546940	4125808	https://www.gbif.org/species/4125808	Thinopyrum elongatum (Host) D.R.Dewey	ACCEPTED	4125808	Thinopyrum elongatum (Host) D.R.Dewey	SPECIES	196	Liliopsida	Plantae
152546942	6710856	https://www.gbif.org/species/6710856	Austrostipa scabra subsp. scabra	ACCEPTED	6710856	Austrostipa scabra subsp. scabra	SUBSPECIES	196	Liliopsida	Plantae
152546943	4104718	https://www.gbif.org/species/4104718	Austrostipa verticillata (Nees ex Spreng.) S.W.L.Jacobs & J.Everett	ACCEPTED	4104718	Austrostipa verticillata (Nees ex Spreng.) S.W.L.Jacobs & J.Everett	SPECIES	196	Liliopsida	Plantae
152546944	4104890	https://www.gbif.org/species/4104890	Austrostipa scabra subsp. falcata (Hughes) S.W.L.Jacobs & J.Everett	ACCEPTED	4104890	Austrostipa scabra subsp. falcata (Hughes) S.W.L.Jacobs & J.Everett	SUBSPECIES	196	Liliopsida	Plantae
152546945	4105208	https://www.gbif.org/species/4105208	Austrostipa nitida (Summerh. & C.E.Hubb.) S.W.L.Jacobs & J.Everett	ACCEPTED	4105208	Austrostipa nitida (Summerh. & C.E.Hubb.) S.W.L.Jacobs & J.Everett	SPECIES	196	Liliopsida	Plantae
152546948	4128347	https://www.gbif.org/species/4128347	Bromus intermedius Guss.	ACCEPTED	4128347	Bromus intermedius Guss.	SPECIES	196	Liliopsida	Plantae
152546949	4131042	https://www.gbif.org/species/4131042	Bromus hordeaceus subsp. longipedicellatus Spalton	ACCEPTED	4131042	Bromus hordeaceus subsp. longipedicellatus Spalton	SUBSPECIES	196	Liliopsida	Plantae
152546950	4122609	https://www.gbif.org/species/4122609	Bromus pectinatus Thunb.	ACCEPTED	4122609	Bromus pectinatus Thunb.	SPECIES	196	Liliopsida	Plantae
152546951	2703765	https://www.gbif.org/species/2703765	Bromus arenarius Labill.	ACCEPTED	2703765	Bromus arenarius Labill.	SPECIES	196	Liliopsida	Plantae
152546952	2703696	https://www.gbif.org/species/2703696	Bromus alopecuros Poir.	ACCEPTED	2703696	Bromus alopecuros Poir.	SPECIES	196	Liliopsida	Plantae
152546953	2703698	https://www.gbif.org/species/2703698	Bromus sitchensis Trin.	ACCEPTED	2703698	Bromus sitchensis Trin.	SPECIES	196	Liliopsida	Plantae
152546954	2703700	https://www.gbif.org/species/2703700	Bromus squarrosus L.	ACCEPTED	2703700	Bromus squarrosus L.	SPECIES	196	Liliopsida	Plantae
152546955	2703704	https://www.gbif.org/species/2703704	Bromus danthoniae Trin.	ACCEPTED	2703704	Bromus danthoniae Trin.	SPECIES	196	Liliopsida	Plantae
152546956	2703670	https://www.gbif.org/species/2703670	Bromus inermis Leyss.	ACCEPTED	2703670	Bromus inermis Leyss.	SPECIES	196	Liliopsida	Plantae
152546957	2703682	https://www.gbif.org/species/2703682	Bromus briziformis Fisch. & C.A.Mey.	ACCEPTED	2703682	Bromus briziformis Fisch. & C.A.Mey.	SPECIES	196	Liliopsida	Plantae
152546958	2703686	https://www.gbif.org/species/2703686	Bromus marginatus Nees ex Steud.	ACCEPTED	2703686	Bromus marginatus Nees ex Steud.	SPECIES	196	Liliopsida	Plantae
152546959	2703731	https://www.gbif.org/species/2703731	Bromus brevis Steud.	ACCEPTED	2703731	Bromus brevis Steud.	SPECIES	196	Liliopsida	Plantae
152546960	2703733	https://www.gbif.org/species/2703733	Bromus lanceolatus Roth	ACCEPTED	2703733	Bromus lanceolatus Roth	SPECIES	196	Liliopsida	Plantae
152546961	2703740	https://www.gbif.org/species/2703740	Bromus rubens L.	ACCEPTED	2703740	Bromus rubens L.	SPECIES	196	Liliopsida	Plantae
152546962	2703760	https://www.gbif.org/species/2703760	Bromus diandrus Roth	ACCEPTED	2703760	Bromus diandrus Roth	SPECIES	196	Liliopsida	Plantae
152546963	2703711	https://www.gbif.org/species/2703711	Bromus lepidus Holmb.	ACCEPTED	2703711	Bromus lepidus Holmb.	SPECIES	196	Liliopsida	Plantae
152546964	2703720	https://www.gbif.org/species/2703720	Bromus scoparius L.	ACCEPTED	2703720	Bromus scoparius L.	SPECIES	196	Liliopsida	Plantae
152546965	2703721	https://www.gbif.org/species/2703721	Bromus madritensis L.	ACCEPTED	2703721	Bromus madritensis L.	SPECIES	196	Liliopsida	Plantae
152546966	2703723	https://www.gbif.org/species/2703723	Bromus catharticus Vahl	ACCEPTED	2703723	Bromus catharticus Vahl	SPECIES	196	Liliopsida	Plantae
152546968	4110879	https://www.gbif.org/species/4110879	Poa sieberiana Spreng.	ACCEPTED	4110879	Poa sieberiana Spreng.	SPECIES	196	Liliopsida	Plantae
152546969	2704234	https://www.gbif.org/species/2704234	Poa alpina L.	ACCEPTED	2704234	Poa alpina L.	SPECIES	196	Liliopsida	Plantae
152546970	2704194	https://www.gbif.org/species/2704194	Poa infirma Kunth	ACCEPTED	2704194	Poa infirma Kunth	SPECIES	196	Liliopsida	Plantae
152546972	2704394	https://www.gbif.org/species/2704394	Cynosurus echinatus L.	ACCEPTED	2704394	Cynosurus echinatus L.	SPECIES	196	Liliopsida	Plantae
152546974	2704341	https://www.gbif.org/species/2704341	Schismus barbatus (L.) Thell.	ACCEPTED	2704341	Schismus barbatus (L.) Thell.	SPECIES	196	Liliopsida	Plantae
152546976	2704038	https://www.gbif.org/species/2704038	Muhlenbergia mexicana (L.) Trin.	ACCEPTED	2704038	Muhlenbergia mexicana (L.) Trin.	SPECIES	196	Liliopsida	Plantae
152546978	4152153	https://www.gbif.org/species/4152153	Enneapogon scaber Lehm.	ACCEPTED	4152153	Enneapogon scaber Lehm.	SPECIES	196	Liliopsida	Plantae
152546979	2703892	https://www.gbif.org/species/2703892	Enneapogon desvauxii P.Beauv.	ACCEPTED	2703892	Enneapogon desvauxii P.Beauv.	SPECIES	196	Liliopsida	Plantae
152546981	4136695	https://www.gbif.org/species/4136695	Bothriochloa macra (Steud.) S.T.Blake	ACCEPTED	4136695	Bothriochloa macra (Steud.) S.T.Blake	SPECIES	196	Liliopsida	Plantae
152546982	2704112	https://www.gbif.org/species/2704112	Bothriochloa decipiens (Hack.) C.E.Hubb.	ACCEPTED	2704112	Bothriochloa decipiens (Hack.) C.E.Hubb.	SPECIES	196	Liliopsida	Plantae
152546983	2704102	https://www.gbif.org/species/2704102	Bothriochloa ischaemum (L.) Keng	ACCEPTED	2704102	Bothriochloa ischaemum (L.) Keng	SPECIES	196	Liliopsida	Plantae
152546988	2702793	https://www.gbif.org/species/2702793	Briza minor L.	ACCEPTED	2702793	Briza minor L.	SPECIES	196	Liliopsida	Plantae
152546989	2702792	https://www.gbif.org/species/2702792	Briza maxima L.	ACCEPTED	2702792	Briza maxima L.	SPECIES	196	Liliopsida	Plantae
152546991	4270675	https://www.gbif.org/species/4270675	Echinochloa muricata var. muricata	ACCEPTED	4270675	Echinochloa muricata var. muricata	VARIETY	196	Liliopsida	Plantae
152546992	4118773	https://www.gbif.org/species/4118773	Echinochloa inundata Michael & Vickery	ACCEPTED	4118773	Echinochloa inundata Michael & Vickery	SPECIES	196	Liliopsida	Plantae
152546993	4118753	https://www.gbif.org/species/4118753	Echinochloa jubata Stapf	ACCEPTED	4118753	Echinochloa jubata Stapf	SPECIES	196	Liliopsida	Plantae
152546994	2702822	https://www.gbif.org/species/2702822	Echinochloa frumentacea Link	ACCEPTED	2702822	Echinochloa frumentacea Link	SPECIES	196	Liliopsida	Plantae
152546996	2702798	https://www.gbif.org/species/2702798	Echinochloa esculenta (A.Braun) H.Scholz	SYNONYM	6313089	Echinochloa crus-galli subsp. utilis (Ohwi & Yabuno) T.Koyama	SUBSPECIES	196	Liliopsida	Plantae
152546997	2702808	https://www.gbif.org/species/2702808	Echinochloa crus-galli (L.) P.Beauv.	ACCEPTED	2702808	Echinochloa crus-galli (L.) P.Beauv.	SPECIES	196	Liliopsida	Plantae
152546999	4134633	https://www.gbif.org/species/4134633	Eriochloa australiensis Stapf & Thell.	ACCEPTED	4134633	Eriochloa australiensis Stapf & Thell.	SPECIES	196	Liliopsida	Plantae
152547000	4134508	https://www.gbif.org/species/4134508	Eriochloa crebra S.T.Blake	ACCEPTED	4134508	Eriochloa crebra S.T.Blake	SPECIES	196	Liliopsida	Plantae
152547001	2702519	https://www.gbif.org/species/2702519	Eriochloa pseudoacrotricha (Stapf ex Thell.) J.M.Black	ACCEPTED	2702519	Eriochloa pseudoacrotricha (Stapf ex Thell.) J.M.Black	SPECIES	196	Liliopsida	Plantae
152547002	2702527	https://www.gbif.org/species/2702527	Eriochloa procera (Retz.) C.E.Hubb.	ACCEPTED	2702527	Eriochloa procera (Retz.) C.E.Hubb.	SPECIES	196	Liliopsida	Plantae
152547003	2702529	https://www.gbif.org/species/2702529	Eriochloa villosa (Thunb.) Kunth	ACCEPTED	2702529	Eriochloa villosa (Thunb.) Kunth	SPECIES	196	Liliopsida	Plantae
152547005	2703109	https://www.gbif.org/species/2703109	Melica altissima L.	ACCEPTED	2703109	Melica altissima L.	SPECIES	196	Liliopsida	Plantae
152547007	2703231	https://www.gbif.org/species/2703231	Zizania latifolia (Griseb.) Stapf	DOUBTFUL	2703231	Zizania latifolia (Griseb.) Stapf	SPECIES	196	Liliopsida	Plantae
152547009	2703240	https://www.gbif.org/species/2703240	Dinebra retroflexa (Vahl) Panz.	ACCEPTED	2703240	Dinebra retroflexa (Vahl) Panz.	SPECIES	196	Liliopsida	Plantae
152547011	2705972	https://www.gbif.org/species/2705972	Anthoxanthum aristatum Boiss.	ACCEPTED	2705972	Anthoxanthum aristatum Boiss.	SPECIES	196	Liliopsida	Plantae
152547012	2703346	https://www.gbif.org/species/2703346	Anthoxanthum nitens (Weber) Y.Schouten & Veldkamp	ACCEPTED	2703346	Anthoxanthum nitens (Weber) Y.Schouten & Veldkamp	SPECIES	196	Liliopsida	Plantae
152547014	2702862	https://www.gbif.org/species/2702862	Ehrharta longiflora Sm.	ACCEPTED	2702862	Ehrharta longiflora Sm.	SPECIES	196	Liliopsida	Plantae
152547016	2703041	https://www.gbif.org/species/2703041	Arundo donax L.	ACCEPTED	2703041	Arundo donax L.	SPECIES	196	Liliopsida	Plantae
152547018	2703077	https://www.gbif.org/species/2703077	Chasmanthium latifolium (Michx.) H.O.Yates	ACCEPTED	2703077	Chasmanthium latifolium (Michx.) H.O.Yates	SPECIES	196	Liliopsida	Plantae
152547020	2705737	https://www.gbif.org/species/2705737	Oplismenus hirtellus (L.) P.Beauv.	ACCEPTED	2705737	Oplismenus hirtellus (L.) P.Beauv.	SPECIES	196	Liliopsida	Plantae
152547022	2705666	https://www.gbif.org/species/2705666	Taeniatherum caput-medusae (L.) Nevski	ACCEPTED	2705666	Taeniatherum caput-medusae (L.) Nevski	SPECIES	196	Liliopsida	Plantae
152547026	2705955	https://www.gbif.org/species/2705955	Eleusine tristachya (Lam.) Lam.	ACCEPTED	2705955	Eleusine tristachya (Lam.) Lam.	SPECIES	196	Liliopsida	Plantae
152547027	2705957	https://www.gbif.org/species/2705957	Eleusine coracana (L.) Gaertn.	ACCEPTED	2705957	Eleusine coracana (L.) Gaertn.	SPECIES	196	Liliopsida	Plantae
152547028	2705953	https://www.gbif.org/species/2705953	Eleusine indica (L.) Gaertn.	ACCEPTED	2705953	Eleusine indica (L.) Gaertn.	SPECIES	196	Liliopsida	Plantae
152547030	2705869	https://www.gbif.org/species/2705869	Urochloa panicoides P.Beauv.	ACCEPTED	2705869	Urochloa panicoides P.Beauv.	SPECIES	196	Liliopsida	Plantae
152547032	2705932	https://www.gbif.org/species/2705932	Axonopus fissifolius (Raddi) Kuhlm.	ACCEPTED	2705932	Axonopus fissifolius (Raddi) Kuhlm.	SPECIES	196	Liliopsida	Plantae
152547034	2705587	https://www.gbif.org/species/2705587	Paspalum paniculatum L.	ACCEPTED	2705587	Paspalum paniculatum L.	SPECIES	196	Liliopsida	Plantae
152547035	2705565	https://www.gbif.org/species/2705565	Paspalum dilatatum Poir.	ACCEPTED	2705565	Paspalum dilatatum Poir.	SPECIES	196	Liliopsida	Plantae
152547036	2705622	https://www.gbif.org/species/2705622	Paspalum distichum L.	ACCEPTED	2705622	Paspalum distichum L.	SPECIES	196	Liliopsida	Plantae
152547038	2705512	https://www.gbif.org/species/2705512	Glyceria canadensis (Michx.) Trin.	ACCEPTED	2705512	Glyceria canadensis (Michx.) Trin.	SPECIES	196	Liliopsida	Plantae
152547040	8174035	https://www.gbif.org/species/8174035	Avena nuda L.	ACCEPTED	8174035	Avena nuda L.	SPECIES	196	Liliopsida	Plantae
152547041	8322034	https://www.gbif.org/species/8322034	Avena ×marquandii Druce	ACCEPTED	8322034	Avena ×marquandii Druce	SPECIES	196	Liliopsida	Plantae
152547042	7226804	https://www.gbif.org/species/7226804	Avena sterilis subsp. sterilis	ACCEPTED	7226804	Avena sterilis subsp. sterilis	SUBSPECIES	196	Liliopsida	Plantae
152547043	4154800	https://www.gbif.org/species/4154800	Avena brevis Roth	ACCEPTED	4154800	Avena brevis Roth	SPECIES	196	Liliopsida	Plantae
152547044	2705295	https://www.gbif.org/species/2705295	Avena strigosa Schreb.	ACCEPTED	2705295	Avena strigosa Schreb.	SPECIES	196	Liliopsida	Plantae
152547045	2705300	https://www.gbif.org/species/2705300	Avena barbata Pott ex Link	ACCEPTED	2705300	Avena barbata Pott ex Link	SPECIES	196	Liliopsida	Plantae
152547046	2705290	https://www.gbif.org/species/2705290	Avena sativa L.	ACCEPTED	2705290	Avena sativa L.	SPECIES	196	Liliopsida	Plantae
152547048	2705181	https://www.gbif.org/species/2705181	Sorghum bicolor (L.) Moench	ACCEPTED	2705181	Sorghum bicolor (L.) Moench	SPECIES	196	Liliopsida	Plantae
152547049	2705185	https://www.gbif.org/species/2705185	Sorghum halepense (L.) Pers.	ACCEPTED	2705185	Sorghum halepense (L.) Pers.	SPECIES	196	Liliopsida	Plantae
152547051	8018483	https://www.gbif.org/species/8018483	Eragrostis neomexicana Vasey	ACCEPTED	8018483	Eragrostis neomexicana Vasey	SPECIES	196	Liliopsida	Plantae
152547052	8192063	https://www.gbif.org/species/8192063	Eragrostis lacunaria F.Muell. ex Benth.	DOUBTFUL	8192063	Eragrostis lacunaria F.Muell. ex Benth.	SPECIES	196	Liliopsida	Plantae
152547053	4143386	https://www.gbif.org/species/4143386	Eragrostis papposa (Roem. & Schult.) Steud.	ACCEPTED	4143386	Eragrostis papposa (Roem. & Schult.) Steud.	SPECIES	196	Liliopsida	Plantae
152547054	4142741	https://www.gbif.org/species/4142741	Eragrostis planiculmis Nees	ACCEPTED	4142741	Eragrostis planiculmis Nees	SPECIES	196	Liliopsida	Plantae
152547055	4142399	https://www.gbif.org/species/4142399	Eragrostis procumbens Nees	ACCEPTED	4142399	Eragrostis procumbens Nees	SPECIES	196	Liliopsida	Plantae
152547056	4145354	https://www.gbif.org/species/4145354	Eragrostis leptocarpa Benth.	ACCEPTED	4145354	Eragrostis leptocarpa Benth.	SPECIES	196	Liliopsida	Plantae
152547057	4143912	https://www.gbif.org/species/4143912	Eragrostis neesii Trin.	ACCEPTED	4143912	Eragrostis neesii Trin.	SPECIES	196	Liliopsida	Plantae
152547058	4143852	https://www.gbif.org/species/4143852	Eragrostis nigra Nees ex Steud.	ACCEPTED	4143852	Eragrostis nigra Nees ex Steud.	SPECIES	196	Liliopsida	Plantae
152547059	4143702	https://www.gbif.org/species/4143702	Eragrostis obtusa Munro ex Ficalho & Hiern	ACCEPTED	4143702	Eragrostis obtusa Munro ex Ficalho & Hiern	SPECIES	196	Liliopsida	Plantae
152547060	4150636	https://www.gbif.org/species/4150636	Eragrostis alveiformis Lazarides	ACCEPTED	4150636	Eragrostis alveiformis Lazarides	SPECIES	196	Liliopsida	Plantae
152547061	4117648	https://www.gbif.org/species/4117648	Eragrostis bicolor Nees	ACCEPTED	4117648	Eragrostis bicolor Nees	SPECIES	196	Liliopsida	Plantae
152547062	4111606	https://www.gbif.org/species/4111606	Eragrostis rotifer Rendle	ACCEPTED	4111606	Eragrostis rotifer Rendle	SPECIES	196	Liliopsida	Plantae
152547063	4113766	https://www.gbif.org/species/4113766	Eragrostis dielsii Pilg.	ACCEPTED	4113766	Eragrostis dielsii Pilg.	SPECIES	196	Liliopsida	Plantae
152547064	2705325	https://www.gbif.org/species/2705325	Eragrostis tef (Zuccagni) Trotter	ACCEPTED	2705325	Eragrostis tef (Zuccagni) Trotter	SPECIES	196	Liliopsida	Plantae
152547065	2705339	https://www.gbif.org/species/2705339	Eragrostis mexicana (Hornem.) Link	ACCEPTED	2705339	Eragrostis mexicana (Hornem.) Link	SPECIES	196	Liliopsida	Plantae
152547066	2705341	https://www.gbif.org/species/2705341	Eragrostis atrovirens (Desf.) Trin. ex Steud.	ACCEPTED	2705341	Eragrostis atrovirens (Desf.) Trin. ex Steud.	SPECIES	196	Liliopsida	Plantae
152547067	2705350	https://www.gbif.org/species/2705350	Eragrostis plana Nees	ACCEPTED	2705350	Eragrostis plana Nees	SPECIES	196	Liliopsida	Plantae
152547068	2705362	https://www.gbif.org/species/2705362	Eragrostis elongata (Willd.) J.Jacq.	ACCEPTED	2705362	Eragrostis elongata (Willd.) J.Jacq.	SPECIES	196	Liliopsida	Plantae
152547069	2705452	https://www.gbif.org/species/2705452	Eragrostis bahiensis Schult.	ACCEPTED	2705452	Eragrostis bahiensis Schult.	SPECIES	196	Liliopsida	Plantae
152547070	2705449	https://www.gbif.org/species/2705449	Eragrostis minor Host	ACCEPTED	2705449	Eragrostis minor Host	SPECIES	196	Liliopsida	Plantae
152547071	2705431	https://www.gbif.org/species/2705431	Eragrostis barrelieri Daveau	ACCEPTED	2705431	Eragrostis barrelieri Daveau	SPECIES	196	Liliopsida	Plantae
152547072	2705393	https://www.gbif.org/species/2705393	Eragrostis parviflora (R.Br.) Trin.	ACCEPTED	2705393	Eragrostis parviflora (R.Br.) Trin.	SPECIES	196	Liliopsida	Plantae
152547073	2705378	https://www.gbif.org/species/2705378	Eragrostis curvula (Schrad.) Nees	ACCEPTED	2705378	Eragrostis curvula (Schrad.) Nees	SPECIES	196	Liliopsida	Plantae
152547074	2705373	https://www.gbif.org/species/2705373	Eragrostis ciliaris (L.) R.Br.	ACCEPTED	2705373	Eragrostis ciliaris (L.) R.Br.	SPECIES	196	Liliopsida	Plantae
152547076	2705422	https://www.gbif.org/species/2705422	Eragrostis leptostachya (R.Br.) Steud.	ACCEPTED	2705422	Eragrostis leptostachya (R.Br.) Steud.	SPECIES	196	Liliopsida	Plantae
152547077	2705420	https://www.gbif.org/species/2705420	Eragrostis pectinacea (Michx.) Nees	ACCEPTED	2705420	Eragrostis pectinacea (Michx.) Nees	SPECIES	196	Liliopsida	Plantae
152547078	2705401	https://www.gbif.org/species/2705401	Eragrostis multicaulis Steud.	ACCEPTED	2705401	Eragrostis multicaulis Steud.	SPECIES	196	Liliopsida	Plantae
152547079	2705400	https://www.gbif.org/species/2705400	Eragrostis pilosa (L.) P.Beauv.	ACCEPTED	2705400	Eragrostis pilosa (L.) P.Beauv.	SPECIES	196	Liliopsida	Plantae
152547081	9393876	https://www.gbif.org/species/9393876	Sporobolus ×townsendii (H.Groves & J.Groves) P.M.Peterson & Saarela	ACCEPTED	9393876	Sporobolus ×townsendii (H.Groves & J.Groves) P.M.Peterson & Saarela	SPECIES	196	Liliopsida	Plantae
152547082	8047362	https://www.gbif.org/species/8047362	Sporobolus creber De Nardi	ACCEPTED	8047362	Sporobolus creber De Nardi	SPECIES	196	Liliopsida	Plantae
152547083	4152259	https://www.gbif.org/species/4152259	Sporobolus africanus (Poir.) Robyns & Tournay	ACCEPTED	4152259	Sporobolus africanus (Poir.) Robyns & Tournay	SPECIES	196	Liliopsida	Plantae
152547084	4151306	https://www.gbif.org/species/4151306	Sporobolus caroli Mez	ACCEPTED	4151306	Sporobolus caroli Mez	SPECIES	196	Liliopsida	Plantae
152547085	2704778	https://www.gbif.org/species/2704778	Sporobolus elongatus R.Br.	ACCEPTED	2704778	Sporobolus elongatus R.Br.	SPECIES	196	Liliopsida	Plantae
152547086	2704757	https://www.gbif.org/species/2704757	Sporobolus indicus (L.) R.Br.	ACCEPTED	2704757	Sporobolus indicus (L.) R.Br.	SPECIES	196	Liliopsida	Plantae
152547088	2704664	https://www.gbif.org/species/2704664	Eremopyrum bonaepartis (Spreng.) Nevski	ACCEPTED	2704664	Eremopyrum bonaepartis (Spreng.) Nevski	SPECIES	196	Liliopsida	Plantae
152547090	2704523	https://www.gbif.org/species/2704523	Cortaderia selloana (Schult. & Schult.f.) Asch. & Graebn.	ACCEPTED	2704523	Cortaderia selloana (Schult. & Schult.f.) Asch. & Graebn.	SPECIES	196	Liliopsida	Plantae
152547092	6449041	https://www.gbif.org/species/6449041	Panicum miliaceum subsp. miliaceum	ACCEPTED	6449041	Panicum miliaceum subsp. miliaceum	SUBSPECIES	196	Liliopsida	Plantae
152547093	4116709	https://www.gbif.org/species/4116709	Panicum laevinode Lindl.	ACCEPTED	4116709	Panicum laevinode Lindl.	SPECIES	196	Liliopsida	Plantae
152547094	4125308	https://www.gbif.org/species/4125308	Panicum schinzii Hack.	ACCEPTED	4125308	Panicum schinzii Hack.	SPECIES	196	Liliopsida	Plantae
152547095	4113402	https://www.gbif.org/species/4113402	Panicum decompositum R.Br.	ACCEPTED	4113402	Panicum decompositum R.Br.	SPECIES	196	Liliopsida	Plantae
152547096	2705081	https://www.gbif.org/species/2705081	Panicum virgatum L.	ACCEPTED	2705081	Panicum virgatum L.	SPECIES	196	Liliopsida	Plantae
152547097	2705066	https://www.gbif.org/species/2705066	Panicum hirticaule J.Presl	ACCEPTED	2705066	Panicum hirticaule J.Presl	SPECIES	196	Liliopsida	Plantae
152547098	2705092	https://www.gbif.org/species/2705092	Panicum coloratum L.	ACCEPTED	2705092	Panicum coloratum L.	SPECIES	196	Liliopsida	Plantae
152547099	2705090	https://www.gbif.org/species/2705090	Panicum miliaceum L.	ACCEPTED	2705090	Panicum miliaceum L.	SPECIES	196	Liliopsida	Plantae
152547100	2705141	https://www.gbif.org/species/2705141	Panicum antidotale Retz.	ACCEPTED	2705141	Panicum antidotale Retz.	SPECIES	196	Liliopsida	Plantae
152547101	2705144	https://www.gbif.org/species/2705144	Panicum dichotomiflorum Michx.	ACCEPTED	2705144	Panicum dichotomiflorum Michx.	SPECIES	196	Liliopsida	Plantae
152547102	2705162	https://www.gbif.org/species/2705162	Panicum capillare L.	ACCEPTED	2705162	Panicum capillare L.	SPECIES	196	Liliopsida	Plantae
152547104	4123970	https://www.gbif.org/species/4123970	Festuca gautieri (Hack.) K.Richt.	ACCEPTED	4123970	Festuca gautieri (Hack.) K.Richt.	SPECIES	196	Liliopsida	Plantae
152547105	2704966	https://www.gbif.org/species/2704966	Festuca valesiaca Schleich. ex Gaudin	ACCEPTED	2704966	Festuca valesiaca Schleich. ex Gaudin	SPECIES	196	Liliopsida	Plantae
152547106	2705031	https://www.gbif.org/species/2705031	Festuca glauca Vill.	ACCEPTED	2705031	Festuca glauca Vill.	SPECIES	196	Liliopsida	Plantae
152547108	2706209	https://www.gbif.org/species/2706209	Pseudosasa japonica (Siebold & Zucc. ex Steud.) Makino	DOUBTFUL	2706209	Pseudosasa japonica (Siebold & Zucc. ex Steud.) Makino	SPECIES	196	Liliopsida	Plantae
152547110	2706195	https://www.gbif.org/species/2706195	Milium vernale M.Bieb.	ACCEPTED	2706195	Milium vernale M.Bieb.	SPECIES	196	Liliopsida	Plantae
152547112	6431764	https://www.gbif.org/species/6431764	Aristida longespica Poir.	ACCEPTED	6431764	Aristida longespica Poir.	SPECIES	196	Liliopsida	Plantae
152547113	4126800	https://www.gbif.org/species/4126800	Aristida hordeacea Kunth	ACCEPTED	4126800	Aristida hordeacea Kunth	SPECIES	196	Liliopsida	Plantae
152547114	4128792	https://www.gbif.org/species/4128792	Aristida congesta Roem. & Schult.	ACCEPTED	4128792	Aristida congesta Roem. & Schult.	SPECIES	196	Liliopsida	Plantae
152547115	2706277	https://www.gbif.org/species/2706277	Aristida adscensionis L.	ACCEPTED	2706277	Aristida adscensionis L.	SPECIES	196	Liliopsida	Plantae
152547117	4129708	https://www.gbif.org/species/4129708	Lolium multiflorum Lam.	ACCEPTED	4129708	Lolium multiflorum Lam.	SPECIES	196	Liliopsida	Plantae
152547118	4133390	https://www.gbif.org/species/4133390	Lolium ×boucheanum Kunth	ACCEPTED	4133390	Lolium ×boucheanum Kunth	SPECIES	196	Liliopsida	Plantae
152547119	2706218	https://www.gbif.org/species/2706218	Lolium rigidum Gaudin	ACCEPTED	2706218	Lolium rigidum Gaudin	SPECIES	196	Liliopsida	Plantae
152547120	2706225	https://www.gbif.org/species/2706225	Lolium persicum Boiss. & Hohen.	ACCEPTED	2706225	Lolium persicum Boiss. & Hohen.	SPECIES	196	Liliopsida	Plantae
152547122	7795888	https://www.gbif.org/species/7795888	Triticum aestivum L.	ACCEPTED	7795888	Triticum aestivum L.	SPECIES	196	Liliopsida	Plantae
152547123	7883427	https://www.gbif.org/species/7883427	Triticum monococcum L.	ACCEPTED	7883427	Triticum monococcum L.	SPECIES	196	Liliopsida	Plantae
152547124	2706403	https://www.gbif.org/species/2706403	Triticum aestivum subsp. spelta (L.) Thell.	ACCEPTED	2706403	Triticum aestivum subsp. spelta (L.) Thell.	SUBSPECIES	196	Liliopsida	Plantae
152547125	2706406	https://www.gbif.org/species/2706406	Triticum turgidum L.	ACCEPTED	2706406	Triticum turgidum L.	SPECIES	196	Liliopsida	Plantae
152547128	2706301	https://www.gbif.org/species/2706301	Coix lacryma-jobi L.	ACCEPTED	2706301	Coix lacryma-jobi L.	SPECIES	196	Liliopsida	Plantae
152547131	2706526	https://www.gbif.org/species/2706526	Agrostis exarata Trin.	ACCEPTED	2706526	Agrostis exarata Trin.	SPECIES	196	Liliopsida	Plantae
152547132	2706501	https://www.gbif.org/species/2706501	Agrostis castellana Boiss. & Reut.	ACCEPTED	2706501	Agrostis castellana Boiss. & Reut.	SPECIES	196	Liliopsida	Plantae
152547133	2706457	https://www.gbif.org/species/2706457	Agrostis nebulosa Boiss. & Reut.	ACCEPTED	2706457	Agrostis nebulosa Boiss. & Reut.	SPECIES	196	Liliopsida	Plantae
152547134	2706444	https://www.gbif.org/species/2706444	Agrostis scabra Willd.	ACCEPTED	2706444	Agrostis scabra Willd.	SPECIES	196	Liliopsida	Plantae
152547136	4139846	https://www.gbif.org/species/4139846	Phleum exaratum Griseb.	ACCEPTED	4139846	Phleum exaratum Griseb.	SPECIES	196	Liliopsida	Plantae
152547137	4139625	https://www.gbif.org/species/4139625	Phleum hirsutum Honck.	ACCEPTED	4139625	Phleum hirsutum Honck.	SPECIES	196	Liliopsida	Plantae
152547138	4139894	https://www.gbif.org/species/4139894	Phleum echinatum Host	ACCEPTED	4139894	Phleum echinatum Host	SPECIES	196	Liliopsida	Plantae
152547139	2706003	https://www.gbif.org/species/2706003	Phleum subulatum (Savi) Asch. & Graebn.	ACCEPTED	2706003	Phleum subulatum (Savi) Asch. & Graebn.	SPECIES	196	Liliopsida	Plantae
152547140	2706002	https://www.gbif.org/species/2706002	Phleum paniculatum Huds.	ACCEPTED	2706002	Phleum paniculatum Huds.	SPECIES	196	Liliopsida	Plantae
152547142	2705966	https://www.gbif.org/species/2705966	Secale cereale L.	ACCEPTED	2705966	Secale cereale L.	SPECIES	196	Liliopsida	Plantae
152547144	2706026	https://www.gbif.org/species/2706026	Miscanthus sinensis Andersson	ACCEPTED	2706026	Miscanthus sinensis Andersson	SPECIES	196	Liliopsida	Plantae
152547146	8332019	https://www.gbif.org/species/8332019	Hordeum distichon L.	ACCEPTED	8332019	Hordeum distichon L.	SPECIES	196	Liliopsida	Plantae
152547147	4148661	https://www.gbif.org/species/4148661	Hordeum flexuosum Nees ex Steud.	ACCEPTED	4148661	Hordeum flexuosum Nees ex Steud.	SPECIES	196	Liliopsida	Plantae
152547148	4148721	https://www.gbif.org/species/4148721	Hordeum euclaston Steud.	ACCEPTED	4148721	Hordeum euclaston Steud.	SPECIES	196	Liliopsida	Plantae
152547149	4149167	https://www.gbif.org/species/4149167	Hordeum comosum J.Presl	ACCEPTED	4149167	Hordeum comosum J.Presl	SPECIES	196	Liliopsida	Plantae
152547150	2706070	https://www.gbif.org/species/2706070	Hordeum pusillum Nutt.	ACCEPTED	2706070	Hordeum pusillum Nutt.	SPECIES	196	Liliopsida	Plantae
152547151	2706052	https://www.gbif.org/species/2706052	Hordeum jubatum L.	ACCEPTED	2706052	Hordeum jubatum L.	SPECIES	196	Liliopsida	Plantae
152547152	2706067	https://www.gbif.org/species/2706067	Hordeum bulbosum L.	ACCEPTED	2706067	Hordeum bulbosum L.	SPECIES	196	Liliopsida	Plantae
152547153	2706056	https://www.gbif.org/species/2706056	Hordeum vulgare L.	ACCEPTED	2706056	Hordeum vulgare L.	SPECIES	196	Liliopsida	Plantae
152547155	2706190	https://www.gbif.org/species/2706190	Dactyloctenium radulans (R.Br.) P.Beauv.	ACCEPTED	2706190	Dactyloctenium radulans (R.Br.) P.Beauv.	SPECIES	196	Liliopsida	Plantae
152547156	2706188	https://www.gbif.org/species/2706188	Dactyloctenium aegyptium (L.) Willd.	ACCEPTED	2706188	Dactyloctenium aegyptium (L.) Willd.	SPECIES	196	Liliopsida	Plantae
152547158	4108297	https://www.gbif.org/species/4108297	Oxychloris scariosa (F.Muell.) Lazarides	ACCEPTED	4108297	Oxychloris scariosa (F.Muell.) Lazarides	SPECIES	196	Liliopsida	Plantae
152547160	4107552	https://www.gbif.org/species/4107552	Alopecurus magellanicus Lam.	ACCEPTED	4107552	Alopecurus magellanicus Lam.	SPECIES	196	Liliopsida	Plantae
152547162	4105652	https://www.gbif.org/species/4105652	Amphibromus recurvatus Swallen	ACCEPTED	4105652	Amphibromus recurvatus Swallen	SPECIES	196	Liliopsida	Plantae
152547165	2701986	https://www.gbif.org/species/2701986	Juncus canadensis J.Gay ex Laharpe	DOUBTFUL	2701986	Juncus canadensis J.Gay ex Laharpe	SPECIES	196	Liliopsida	Plantae
152547166	2701618	https://www.gbif.org/species/2701618	Juncus imbricatus Laharpe	ACCEPTED	2701618	Juncus imbricatus Laharpe	SPECIES	196	Liliopsida	Plantae
152547167	2701649	https://www.gbif.org/species/2701649	Juncus xiphioides E.Mey.	ACCEPTED	2701649	Juncus xiphioides E.Mey.	SPECIES	196	Liliopsida	Plantae
152547168	2701578	https://www.gbif.org/species/2701578	Juncus foliosus Desf.	ACCEPTED	2701578	Juncus foliosus Desf.	SPECIES	196	Liliopsida	Plantae
152547169	2701612	https://www.gbif.org/species/2701612	Juncus ensifolius Wikstr.	ACCEPTED	2701612	Juncus ensifolius Wikstr.	SPECIES	196	Liliopsida	Plantae
152547170	2700646	https://www.gbif.org/species/2700646	Juncus pallescens Lam.	ACCEPTED	2700646	Juncus pallescens Lam.	SPECIES	196	Liliopsida	Plantae
152547171	2701304	https://www.gbif.org/species/2701304	Juncus radula Buchenau	ACCEPTED	2701304	Juncus radula Buchenau	SPECIES	196	Liliopsida	Plantae
152547172	2701118	https://www.gbif.org/species/2701118	Juncus subsecundus N.A.Wakef.	ACCEPTED	2701118	Juncus subsecundus N.A.Wakef.	SPECIES	196	Liliopsida	Plantae
152547174	2700768	https://www.gbif.org/species/2700768	Luzula nivea (Nathh.) DC.	ACCEPTED	2700768	Luzula nivea (Nathh.) DC.	SPECIES	196	Liliopsida	Plantae
152547179	2687885	https://www.gbif.org/species/2687885	Ginkgo biloba L.	ACCEPTED	2687885	Ginkgo biloba L.	SPECIES	244	Ginkgoopsida	Plantae
152547185	2687948	https://www.gbif.org/species/2687948	Equisetum scirpoides Michx.	ACCEPTED	2687948	Equisetum scirpoides Michx.	SPECIES	7228684	Polypodiopsida	Plantae
152547190	2650180	https://www.gbif.org/species/2650180	Botrychium simplex E.Hitchc.	ACCEPTED	2650180	Botrychium simplex E.Hitchc.	SPECIES	7228684	Polypodiopsida	Plantae
152547195	8241853	https://www.gbif.org/species/8241853	Anisocampium niponicum (Mett.) Yea C.Liu, W.L.Chiou & M.Kato	ACCEPTED	8241853	Anisocampium niponicum (Mett.) Yea C.Liu, W.L.Chiou & M.Kato	SPECIES	7228684	Polypodiopsida	Plantae
152547198	5274964	https://www.gbif.org/species/5274964	Polypodium hesperium Maxon	ACCEPTED	5274964	Polypodium hesperium Maxon	SPECIES	7228684	Polypodiopsida	Plantae
152547203	5275398	https://www.gbif.org/species/5275398	Pteris vittata L.	ACCEPTED	5275398	Pteris vittata L.	SPECIES	7228684	Polypodiopsida	Plantae
152547204	5275415	https://www.gbif.org/species/5275415	Pteris multifida Poir.	ACCEPTED	5275415	Pteris multifida Poir.	SPECIES	7228684	Polypodiopsida	Plantae
152547205	5275404	https://www.gbif.org/species/5275404	Pteris cretica L.	ACCEPTED	5275404	Pteris cretica L.	SPECIES	7228684	Polypodiopsida	Plantae
152547207	2651816	https://www.gbif.org/species/2651816	Adiantum capillus-veneris L.	ACCEPTED	2651816	Adiantum capillus-veneris L.	SPECIES	7228684	Polypodiopsida	Plantae
152547208	2651843	https://www.gbif.org/species/2651843	Adiantum aleuticum (Rupr.) C.A.Paris	ACCEPTED	2651843	Adiantum aleuticum (Rupr.) C.A.Paris	SPECIES	7228684	Polypodiopsida	Plantae
152547211	2650903	https://www.gbif.org/species/2650903	Onoclea sensibilis L.	ACCEPTED	2650903	Onoclea sensibilis L.	SPECIES	7228684	Polypodiopsida	Plantae
152547214	7157952	https://www.gbif.org/species/7157952	Dryopteris erythrosora (D.C.Eaton) Kuntze	ACCEPTED	7157952	Dryopteris erythrosora (D.C.Eaton) Kuntze	SPECIES	7228684	Polypodiopsida	Plantae
152547215	7319302	https://www.gbif.org/species/7319302	Dryopteris cycadina (Franch. & Sav.) C.Chr.	ACCEPTED	7319302	Dryopteris cycadina (Franch. & Sav.) C.Chr.	SPECIES	7228684	Polypodiopsida	Plantae
152547217	7158449	https://www.gbif.org/species/7158449	Polystichum polyblepharon (Roem. ex Kunze) C.Presl	ACCEPTED	7158449	Polystichum polyblepharon (Roem. ex Kunze) C.Presl	SPECIES	7228684	Polypodiopsida	Plantae
152547218	4046493	https://www.gbif.org/species/4046493	Polystichum luctuosum (Kunze) T.Moore	ACCEPTED	4046493	Polystichum luctuosum (Kunze) T.Moore	SPECIES	7228684	Polypodiopsida	Plantae
152547220	2650944	https://www.gbif.org/species/2650944	Rumohra adiantiformis (G.Forst.) Ching	ACCEPTED	2650944	Rumohra adiantiformis (G.Forst.) Ching	SPECIES	7228684	Polypodiopsida	Plantae
152547222	2650829	https://www.gbif.org/species/2650829	Cyrtomium falcatum (L.fil.) C.Presl	ACCEPTED	2650829	Cyrtomium falcatum (L.fil.) C.Presl	SPECIES	7228684	Polypodiopsida	Plantae
152547223	2650827	https://www.gbif.org/species/2650827	Cyrtomium fortunei J.Sm.	ACCEPTED	2650827	Cyrtomium fortunei J.Sm.	SPECIES	7228684	Polypodiopsida	Plantae
152547227	5274858	https://www.gbif.org/species/5274858	Salvinia natans (L.) All.	ACCEPTED	5274858	Salvinia natans (L.) All.	SPECIES	7228684	Polypodiopsida	Plantae
152547228	5274861	https://www.gbif.org/species/5274861	Salvinia auriculata Aubl.	ACCEPTED	5274861	Salvinia auriculata Aubl.	SPECIES	7228684	Polypodiopsida	Plantae
152547230	2650107	https://www.gbif.org/species/2650107	Azolla filiculoides Lam.	ACCEPTED	2650107	Azolla filiculoides Lam.	SPECIES	7228684	Polypodiopsida	Plantae
154367077	5892120	https://www.gbif.org/species/5892120	Girardia tigrina (Girard, 1850)	ACCEPTED	5892120	Girardia tigrina (Girard, 1850)	SPECIES			Animalia
154367400	5211250	https://www.gbif.org/species/5211250	Micropterus dolomieu Lacepède, 1802	ACCEPTED	5211250	Micropterus dolomieu Lacepède, 1802	SPECIES			Animalia
154367468	5851603	https://www.gbif.org/species/5851603	Leuciscus aspius (Linnaeus, 1758)	ACCEPTED	5851603	Leuciscus aspius (Linnaeus, 1758)	SPECIES			Animalia
154367717	2287073	https://www.gbif.org/species/2287073	Dreissena bugensis (Andrusov, 1897)	ACCEPTED	2287073	Dreissena bugensis (Andrusov, 1897)	SPECIES	137	Bivalvia	Animalia
154367787	8946295	https://www.gbif.org/species/8946295	Pontastacus leptodactylus (Eschscholtz, 1823)	ACCEPTED	8946295	Pontastacus leptodactylus (Eschscholtz, 1823)	SPECIES	229	Malacostraca	Animalia
154368238	1152186	https://www.gbif.org/species/1152186	Callidiellum rufipennis (Motschulsky, 1861)	ACCEPTED	1152186	Callidiellum rufipennis (Motschulsky, 1861)	SPECIES	216	Insecta	Animalia
156872745	9491873	https://www.gbif.org/species/9491873	Dichotomyctere fluviatilis (Hamilton, 1822)	ACCEPTED	9491873	Dichotomyctere fluviatilis (Hamilton, 1822)	SPECIES			Animalia
156872873	2292567	https://www.gbif.org/species/9738098	Cipangopaludina chinensis (J.E.Gray, 1833)	DOUBTFUL	2292567	Cipangopaludina chinensis (Griffith & Pidgeon, 1865)	SPECIES	225	Gastropoda	Animalia
156872882	9520065	https://www.gbif.org/species/9520065	Ferrissia californica (Rowell, 1863)	ACCEPTED	9520065	Ferrissia californica (Rowell, 1863)	SPECIES	225	Gastropoda	Animalia
156872903	8014163	https://www.gbif.org/species/8014163	Ambigolimax valentianus (A.Férussac, 1821)	ACCEPTED	8014163	Ambigolimax valentianus (A.Férussac, 1821)	SPECIES	225	Gastropoda	Animalia
156872991	7820753	https://www.gbif.org/species/7820753	Magallana gigas (Thunberg, 1793)	ACCEPTED	7820753	Magallana gigas (Thunberg, 1793)	SPECIES	137	Bivalvia	Animalia
156873354	4467502	https://www.gbif.org/species/4467502	Otiorhynchus indefinitus Reitter, 1912	ACCEPTED	4467502	Otiorhynchus indefinitus Reitter, 1912	SPECIES	216	Insecta	Animalia
157092273	4568269	https://www.gbif.org/species/4568269	Paralaoma servilis (Shuttleworth, 1852)	ACCEPTED	4568269	Paralaoma servilis (Shuttleworth, 1852)	SPECIES	225	Gastropoda	Animalia
157092276	4598225	https://www.gbif.org/species/4598225	Tandonia budapestensis (Hazay, 1880)	ACCEPTED	4598225	Tandonia budapestensis (Hazay, 1880)	SPECIES	225	Gastropoda	Animalia
157092288	7520678	https://www.gbif.org/species/7520678	Striosubulina striatella (Rang, 1831)	ACCEPTED	7520678	Striosubulina striatella (Rang, 1831)	SPECIES	225	Gastropoda	Animalia
157092291	2294131	https://www.gbif.org/species/2294131	Allopeas clavulinum (Potiez & Michaud, 1838)	ACCEPTED	2294131	Allopeas clavulinum (Potiez & Michaud, 1838)	SPECIES	225	Gastropoda	Animalia
157092295	4562917	https://www.gbif.org/species/4562917	Cochlicella acuta (O.F.Müller, 1774)	ACCEPTED	4562917	Cochlicella acuta (O.F.Müller, 1774)	SPECIES	225	Gastropoda	Animalia
157092306	2295309	https://www.gbif.org/species/2295309	Hawaiia minuscula (A.Binney, 1841)	ACCEPTED	2295309	Hawaiia minuscula (A.Binney, 1841)	SPECIES	225	Gastropoda	Animalia
157092310	2295425	https://www.gbif.org/species/2295425	Zonitoides arboreus (Say, 1817)	ACCEPTED	2295425	Zonitoides arboreus (Say, 1817)	SPECIES	225	Gastropoda	Animalia
159746847	5421557	https://www.gbif.org/species/5421557	Coscinodiscus wailesii Gran & Angst, 1931	ACCEPTED	5421557	Coscinodiscus wailesii Gran & Angst, 1931	SPECIES	7947184	Bacillariophyceae	Chromista
159746857	5188774	https://www.gbif.org/species/5188774	Barentsia ramosa (Robertson, 1900)	ACCEPTED	5188774	Barentsia ramosa (Robertson, 1900)	SPECIES			Animalia
159746880	7425750	https://www.gbif.org/species/7425750	Stropholoma aurantiacum (Cooke) Ryman, 2008	HOMOTYPIC_SYNONYM	7732986	Stropharia aurantiaca (Cooke) P.D.Orton	SPECIES	186	Agaricomycetes	Fungi
159746903	2501248	https://www.gbif.org/species/2501248	Mnemiopsis leidyi A.Agassiz, 1865	ACCEPTED	2501248	Mnemiopsis leidyi A.Agassiz, 1865	SPECIES	365	Tentaculata	Animalia
159746912	7461690	https://www.gbif.org/species/7461690	Phragmidium mexicanum (Mains) H.Y.Yun, Minnis & Aime	ACCEPTED	7461690	Phragmidium mexicanum (Mains) H.Y.Yun, Minnis & Aime	SPECIES	270	Pucciniomycetes	Fungi
159746940	2495134	https://www.gbif.org/species/2495134	Dromaius novaehollandiae (Latham, 1790)	ACCEPTED	2495134	Dromaius novaehollandiae (Latham, 1790)	SPECIES	212	Aves	Animalia
159746945	2495165	https://www.gbif.org/species/2495165	Rhea americana (Linnaeus, 1758)	ACCEPTED	2495165	Rhea americana (Linnaeus, 1758)	SPECIES	212	Aves	Animalia
159746950	2495190	https://www.gbif.org/species/2495190	Ocyphaps lophotes (Temminck, 1822)	ACCEPTED	2495190	Ocyphaps lophotes (Temminck, 1822)	SPECIES	212	Aves	Animalia
159746953	2495342	https://www.gbif.org/species/2495342	Oena capensis (Linnaeus, 1766)	ACCEPTED	2495342	Oena capensis (Linnaeus, 1766)	SPECIES	212	Aves	Animalia
159746956	2495494	https://www.gbif.org/species/2495494	Geopelia cuneata (Latham, 1801)	ACCEPTED	2495494	Geopelia cuneata (Latham, 1801)	SPECIES	212	Aves	Animalia
159746959	2495414	https://www.gbif.org/species/2495414	Columba livia J.F.Gmelin, 1789	ACCEPTED	2495414	Columba livia J.F.Gmelin, 1789	SPECIES	212	Aves	Animalia
159746963	2495688	https://www.gbif.org/species/2495688	Streptopelia roseogrisea (Sundevall, 1857)	ACCEPTED	2495688	Streptopelia roseogrisea (Sundevall, 1857)	SPECIES	212	Aves	Animalia
159746965	2495699	https://www.gbif.org/species/2495699	Streptopelia lugens (Rüppell, 1837)	ACCEPTED	2495699	Streptopelia lugens (Rüppell, 1837)	SPECIES	212	Aves	Animalia
159746966	2495691	https://www.gbif.org/species/2495691	Streptopelia tranquebarica (Hermann, 1804)	ACCEPTED	2495691	Streptopelia tranquebarica (Hermann, 1804)	SPECIES	212	Aves	Animalia
159746974	5959118	https://www.gbif.org/species/5959118	Bubo virginianus (J.F.Gmelin, 1788)	ACCEPTED	5959118	Bubo virginianus (J.F.Gmelin, 1788)	SPECIES	212	Aves	Animalia
159746977	2497798	https://www.gbif.org/species/2497798	Ninox connivens (Latham, 1801)	ACCEPTED	2497798	Ninox connivens (Latham, 1801)	SPECIES	212	Aves	Animalia
159746983	5232465	https://www.gbif.org/species/5232465	Plectropterus gambensis (Linnaeus, 1766)	ACCEPTED	5232465	Plectropterus gambensis (Linnaeus, 1766)	SPECIES	212	Aves	Animalia
159746987	5232423	https://www.gbif.org/species/5232423	Chloephaga poliocephala P.L.Sclater, 1857	ACCEPTED	5232423	Chloephaga poliocephala P.L.Sclater, 1857	SPECIES	212	Aves	Animalia
159746989	5232422	https://www.gbif.org/species/5232422	Chloephaga melanoptera (Eyton, 1838)	ACCEPTED	5232422	Chloephaga melanoptera (Eyton, 1838)	SPECIES	212	Aves	Animalia
159746992	5232432	https://www.gbif.org/species/5232432	Cereopsis novaehollandiae Latham, 1801	ACCEPTED	5232432	Cereopsis novaehollandiae Latham, 1801	SPECIES	212	Aves	Animalia
159746996	5232435	https://www.gbif.org/species/5232435	Malacorhynchus membranaceus (Latham, 1801)	ACCEPTED	5232435	Malacorhynchus membranaceus (Latham, 1801)	SPECIES	212	Aves	Animalia
159746999	5232445	https://www.gbif.org/species/5232445	Branta sandvicensis (Vigors, 1834)	ACCEPTED	5232445	Branta sandvicensis (Vigors, 1834)	SPECIES	212	Aves	Animalia
159747001	5232452	https://www.gbif.org/species/5232452	Branta hutchinsii (Richardson, 1832)	ACCEPTED	5232452	Branta hutchinsii (Richardson, 1832)	SPECIES	212	Aves	Animalia
159747005	9450106	https://www.gbif.org/species/9450106	Anas poecilorhyncha J.R.Forster, 1781	ACCEPTED	9450106	Anas poecilorhyncha J.R.Forster, 1781	SPECIES	212	Aves	Animalia
159747008	2498084	https://www.gbif.org/species/2498084	Anas superciliosa J.F.Gmelin, 1789	ACCEPTED	2498084	Anas superciliosa J.F.Gmelin, 1789	SPECIES	212	Aves	Animalia
159747010	2498090	https://www.gbif.org/species/2498090	Anas bahamensis Linnaeus, 1758	ACCEPTED	2498090	Anas bahamensis Linnaeus, 1758	SPECIES	212	Aves	Animalia
159747012	2498094	https://www.gbif.org/species/2498094	Anas capensis J.F.Gmelin, 1789	ACCEPTED	2498094	Anas capensis J.F.Gmelin, 1789	SPECIES	212	Aves	Animalia
159747013	2498064	https://www.gbif.org/species/2498064	Anas erythrorhyncha J.F.Gmelin, 1789	ACCEPTED	2498064	Anas erythrorhyncha J.F.Gmelin, 1789	SPECIES	212	Aves	Animalia
159747014	2498065	https://www.gbif.org/species/2498065	Anas flavirostris Vieillot, 1816	ACCEPTED	2498065	Anas flavirostris Vieillot, 1816	SPECIES	212	Aves	Animalia
159747016	2498108	https://www.gbif.org/species/2498108	Anas luzonica Fraser, 1839	ACCEPTED	2498108	Anas luzonica Fraser, 1839	SPECIES	212	Aves	Animalia
159747018	2498109	https://www.gbif.org/species/2498109	Anas laysanensis Rothschild, 1892	ACCEPTED	2498109	Anas laysanensis Rothschild, 1892	SPECIES	212	Aves	Animalia
159747023	2498097	https://www.gbif.org/species/2498097	Anas castanea (Eyton, 1838)	ACCEPTED	2498097	Anas castanea (Eyton, 1838)	SPECIES	212	Aves	Animalia
159747024	2498104	https://www.gbif.org/species/2498104	Anas gibberifrons S.Müller, 1842	ACCEPTED	2498104	Anas gibberifrons S.Müller, 1842	SPECIES	212	Aves	Animalia
159747028	2498156	https://www.gbif.org/species/2498156	Anas undulata C.F.Dubois, 1838	ACCEPTED	2498156	Anas undulata C.F.Dubois, 1838	SPECIES	212	Aves	Animalia
159747040	2498283	https://www.gbif.org/species/2498283	Cairina moschata (Established Feral)	DOUBTFUL	2498283	Cairina moschata (Established Feral)	SPECIES	212	Aves	Animalia
159747043	2498288	https://www.gbif.org/species/2498288	Coscoroba coscoroba (Molina, 1782)	ACCEPTED	2498288	Coscoroba coscoroba (Molina, 1782)	SPECIES	212	Aves	Animalia
159747047	2498181	https://www.gbif.org/species/2498181	Netta peposaca (Vieillot, 1816)	ACCEPTED	2498181	Netta peposaca (Vieillot, 1816)	SPECIES	212	Aves	Animalia
159747051	2498329	https://www.gbif.org/species/2498329	Bucephala albeola (Linnaeus, 1758)	ACCEPTED	2498329	Bucephala albeola (Linnaeus, 1758)	SPECIES	212	Aves	Animalia
159747054	2498310	https://www.gbif.org/species/2498310	Nettapus coromandelianus (J.F.Gmelin, 1789)	ACCEPTED	2498310	Nettapus coromandelianus (J.F.Gmelin, 1789)	SPECIES	212	Aves	Animalia
159747056	2498313	https://www.gbif.org/species/2498313	Nettapus auritus (Boddaert, 1783)	ACCEPTED	2498313	Nettapus auritus (Boddaert, 1783)	SPECIES	212	Aves	Animalia
159747060	5232469	https://www.gbif.org/species/5232469	Oxyura vittata (Philippi, 1860)	ACCEPTED	5232469	Oxyura vittata (Philippi, 1860)	SPECIES	212	Aves	Animalia
159747065	2498384	https://www.gbif.org/species/2498384	Callonetta leucophrys (Vieillot, 1816)	ACCEPTED	2498384	Callonetta leucophrys (Vieillot, 1816)	SPECIES	212	Aves	Animalia
159747067	8050384	https://www.gbif.org/species/8050384	Bonamia ostreae Pichot, Comps, Tigé, Grizel & Rabouin, 1980	ACCEPTED	8050384	Bonamia ostreae Pichot, Comps, Tigé, Grizel & Rabouin, 1980	SPECIES	232	Haplosporea	Protozoa
159747069	2869597	https://www.gbif.org/species/2869597	Sauromatum venosum (Dryand. ex Aiton) Kunth	ACCEPTED	2869597	Sauromatum venosum (Dryand. ex Aiton) Kunth	SPECIES	196	Liliopsida	Plantae
159747070	2498380	https://www.gbif.org/species/2498380	Cyanochen cyanoptera (Rüppell, 1845)	ACCEPTED	2498380	Cyanochen cyanoptera (Rüppell, 1845)	SPECIES	212	Aves	Animalia
159747073	2498345	https://www.gbif.org/species/2498345	Cygnus buccinator Richardson, 1831	ACCEPTED	2498345	Cygnus buccinator Richardson, 1831	SPECIES	212	Aves	Animalia
159747074	2498335	https://www.gbif.org/species/2498335	Cygnus melancoryphus (Molina, 1782)	ACCEPTED	2498335	Cygnus melancoryphus (Molina, 1782)	SPECIES	212	Aves	Animalia
159747077	2498396	https://www.gbif.org/species/2498396	Dendrocygna viduata (Linnaeus, 1766)	ACCEPTED	2498396	Dendrocygna viduata (Linnaeus, 1766)	SPECIES	212	Aves	Animalia
159747078	2498393	https://www.gbif.org/species/2498393	Dendrocygna autumnalis (Linnaeus, 1758)	ACCEPTED	2498393	Dendrocygna autumnalis (Linnaeus, 1758)	SPECIES	212	Aves	Animalia
159747080	2498405	https://www.gbif.org/species/2498405	Dendrocygna eytoni (Eyton, 1838)	ACCEPTED	2498405	Dendrocygna eytoni (Eyton, 1838)	SPECIES	212	Aves	Animalia
159747082	2498402	https://www.gbif.org/species/2498402	Dendrocygna bicolor (Vieillot, 1816)	ACCEPTED	2498402	Dendrocygna bicolor (Vieillot, 1816)	SPECIES	212	Aves	Animalia
159747084	2498398	https://www.gbif.org/species/2498398	Dendrocygna arcuata (Horsfield, 1824)	ACCEPTED	2498398	Dendrocygna arcuata (Horsfield, 1824)	SPECIES	212	Aves	Animalia
159747092	2498411	https://www.gbif.org/species/2498411	Amazonetta brasiliensis (J.F.Gmelin, 1789)	ACCEPTED	2498411	Amazonetta brasiliensis (J.F.Gmelin, 1789)	SPECIES	212	Aves	Animalia
159747094	2498408	https://www.gbif.org/species/2498408	Lophodytes cucullatus (Linnaeus, 1758)	ACCEPTED	2498408	Lophodytes cucullatus (Linnaeus, 1758)	SPECIES	212	Aves	Animalia
159747097	2498011	https://www.gbif.org/species/2498011	Tadorna variegata (J.F.Gmelin, 1789)	ACCEPTED	2498011	Tadorna variegata (J.F.Gmelin, 1789)	SPECIES	212	Aves	Animalia
159747098	2498010	https://www.gbif.org/species/2498010	Tadorna cana (J.F.Gmelin, 1789)	ACCEPTED	2498010	Tadorna cana (J.F.Gmelin, 1789)	SPECIES	212	Aves	Animalia
159747099	2498007	https://www.gbif.org/species/2498007	Tadorna tadornoides (Jardine & Selby, 1828)	ACCEPTED	2498007	Tadorna tadornoides (Jardine & Selby, 1828)	SPECIES	212	Aves	Animalia
159747103	2498001	https://www.gbif.org/species/2498001	Sarkidiornis melanotos (Pennant, 1769)	ACCEPTED	2498001	Sarkidiornis melanotos (Pennant, 1769)	SPECIES	212	Aves	Animalia
159747106	2498034	https://www.gbif.org/species/2498034	Anser cygnoides (Linnaeus, 1758)	ACCEPTED	2498034	Anser cygnoides (Linnaeus, 1758)	SPECIES	212	Aves	Animalia
159747111	2498054	https://www.gbif.org/species/2498054	Pteronetta hartlaubii (Cassin, 1860)	ACCEPTED	2498054	Pteronetta hartlaubii (Cassin, 1860)	SPECIES	212	Aves	Animalia
159747114	2498046	https://www.gbif.org/species/2498046	Chenonetta jubata (Latham, 1801)	ACCEPTED	2498046	Chenonetta jubata (Latham, 1801)	SPECIES	212	Aves	Animalia
159747121	5788513	https://www.gbif.org/species/5788513	Spizaetus melanoleucus (Vieillot, 1816)	ACCEPTED	5788513	Spizaetus melanoleucus (Vieillot, 1816)	SPECIES	212	Aves	Animalia
159747123	2480514	https://www.gbif.org/species/2480514	Aquila rapax (Temminck, 1828)	ACCEPTED	2480514	Aquila rapax (Temminck, 1828)	SPECIES	212	Aves	Animalia
159747126	2480568	https://www.gbif.org/species/2480568	Buteo auguralis Salvadori, 1865	ACCEPTED	2480568	Buteo auguralis Salvadori, 1865	SPECIES	212	Aves	Animalia
159747128	2480542	https://www.gbif.org/species/2480542	Buteo jamaicensis (Gmelin, 1788)	ACCEPTED	2480542	Buteo jamaicensis (Gmelin, 1788)	SPECIES	212	Aves	Animalia
159747130	2480410	https://www.gbif.org/species/2480410	Parabuteo unicinctus (Temminck, 1824)	ACCEPTED	2480410	Parabuteo unicinctus (Temminck, 1824)	SPECIES	212	Aves	Animalia
159747133	2480446	https://www.gbif.org/species/2480446	Haliaeetus leucocephalus (Linnaeus, 1766)	ACCEPTED	2480446	Haliaeetus leucocephalus (Linnaeus, 1766)	SPECIES	212	Aves	Animalia
159747134	2480445	https://www.gbif.org/species/2480445	Haliaeetus pelagicus (Pallas, 1811)	ACCEPTED	2480445	Haliaeetus pelagicus (Pallas, 1811)	SPECIES	212	Aves	Animalia
159747135	2480454	https://www.gbif.org/species/2480454	Haliaeetus vocifer (Daudin, 1800)	ACCEPTED	2480454	Haliaeetus vocifer (Daudin, 1800)	SPECIES	212	Aves	Animalia
159747140	5229136	https://www.gbif.org/species/5229136	Vanellus armatus (Burchell, 1822)	ACCEPTED	5229136	Vanellus armatus (Burchell, 1822)	SPECIES	212	Aves	Animalia
159747142	5229142	https://www.gbif.org/species/5229142	Vanellus spinosus (Linnaeus, 1758)	ACCEPTED	5229142	Vanellus spinosus (Linnaeus, 1758)	SPECIES	212	Aves	Animalia
159747143	5229134	https://www.gbif.org/species/5229134	Vanellus miles (Boddaert, 1783)	ACCEPTED	5229134	Vanellus miles (Boddaert, 1783)	SPECIES	212	Aves	Animalia
159747148	5229128	https://www.gbif.org/species/5229128	Himantopus mexicanus (P.L.S.Müller, 1776)	ACCEPTED	5229128	Himantopus mexicanus (P.L.S.Müller, 1776)	SPECIES	212	Aves	Animalia
159747153	2480762	https://www.gbif.org/species/2480762	Pluvianus aegyptius (Linnaeus, 1758)	ACCEPTED	2480762	Pluvianus aegyptius (Linnaeus, 1758)	SPECIES	212	Aves	Animalia
159747158	9691034	https://www.gbif.org/species/9691034	Phoenicopterus ruber Linnaeus, 1758	ACCEPTED	9691034	Phoenicopterus ruber Linnaeus, 1758	SPECIES	212	Aves	Animalia
159747159	4352332	https://www.gbif.org/species/4352332	Phoenicopterus roseus Pallas, 1811	ACCEPTED	4352332	Phoenicopterus roseus Pallas, 1811	SPECIES	212	Aves	Animalia
159747160	2481110	https://www.gbif.org/species/2481110	Phoenicopterus chilensis Molina, 1782	ACCEPTED	2481110	Phoenicopterus chilensis Molina, 1782	SPECIES	212	Aves	Animalia
159747162	2481104	https://www.gbif.org/species/2481104	Phoeniconaias minor (É.Geoffroy Saint-Hilaire, 1798)	ACCEPTED	2481104	Phoeniconaias minor (É.Geoffroy Saint-Hilaire, 1798)	SPECIES	212	Aves	Animalia
159747166	2481092	https://www.gbif.org/species/2481092	Phalcoboenus megalopterus (Meyen, 1834)	ACCEPTED	2481092	Phalcoboenus megalopterus (Meyen, 1834)	SPECIES	212	Aves	Animalia
159747168	9685907	https://www.gbif.org/species/9685907	Falco sparverius Linnaeus, 1758	ACCEPTED	9685907	Falco sparverius Linnaeus, 1758	SPECIES	212	Aves	Animalia
159747169	8014966	https://www.gbif.org/species/8014966	Falco biarmicus Temminck, 1825	ACCEPTED	8014966	Falco biarmicus Temminck, 1825	SPECIES	212	Aves	Animalia
159747170	2481034	https://www.gbif.org/species/2481034	Falco cherrug J.E.Gray, 1834	ACCEPTED	2481034	Falco cherrug J.E.Gray, 1834	SPECIES	212	Aves	Animalia
159747172	2856037	https://www.gbif.org/species/2856037	Allium ampeloprasum L.	ACCEPTED	2856037	Allium ampeloprasum L.	SPECIES	196	Liliopsida	Plantae
159747178	5739357	https://www.gbif.org/species/5739357	Iduna rama (Sykes, 1832)	ACCEPTED	5739357	Iduna rama (Sykes, 1832)	SPECIES	212	Aves	Animalia
159747181	2859597	https://www.gbif.org/species/2859597	Ipheion uniflorum (Graham) Raf.	ACCEPTED	2859597	Ipheion uniflorum (Graham) Raf.	SPECIES	196	Liliopsida	Plantae
159747184	2494066	https://www.gbif.org/species/2494066	Ploceus jacksoni Shelley, 1888	ACCEPTED	2494066	Ploceus jacksoni Shelley, 1888	SPECIES	212	Aves	Animalia
159747185	2494070	https://www.gbif.org/species/2494070	Ploceus melanocephalus (Linnaeus, 1758)	ACCEPTED	2494070	Ploceus melanocephalus (Linnaeus, 1758)	SPECIES	212	Aves	Animalia
159747187	7340811	https://www.gbif.org/species/7340811	Euplectes macroura (Gmelin, 1789)	ACCEPTED	7340811	Euplectes macroura (Gmelin, 1789)	SPECIES	212	Aves	Animalia
159747189	2494086	https://www.gbif.org/species/2494086	Euplectes franciscanus (Isert, 1789)	ACCEPTED	2494086	Euplectes franciscanus (Isert, 1789)	SPECIES	212	Aves	Animalia
159747191	2494088	https://www.gbif.org/species/2494088	Euplectes orix (Linnaeus, 1758)	ACCEPTED	2494088	Euplectes orix (Linnaeus, 1758)	SPECIES	212	Aves	Animalia
159747192	2494097	https://www.gbif.org/species/2494097	Euplectes afer (Gmelin, 1789)	ACCEPTED	2494097	Euplectes afer (Gmelin, 1789)	SPECIES	212	Aves	Animalia
159747197	8323485	https://www.gbif.org/species/8323485	Haemorhous mexicanus (P.L.Statius Müller, 1776)	ACCEPTED	8323485	Haemorhous mexicanus (P.L.Statius Müller, 1776)	SPECIES	212	Aves	Animalia
159747200	6100996	https://www.gbif.org/species/6100996	Crithagra mozambica (P.L.Statius Müller, 1776)	ACCEPTED	6100996	Crithagra mozambica (P.L.Statius Müller, 1776)	SPECIES	212	Aves	Animalia
159747203	6101013	https://www.gbif.org/species/6101013	Chloris spinoides (Vigors, 1831)	ACCEPTED	6101013	Chloris spinoides (Vigors, 1831)	SPECIES	212	Aves	Animalia
159747206	2494303	https://www.gbif.org/species/2494303	Serinus canaria (Linnaeus, 1758)	ACCEPTED	2494303	Serinus canaria (Linnaeus, 1758)	SPECIES	212	Aves	Animalia
159747209	2494408	https://www.gbif.org/species/2494408	Mycerobas icterioides (Vigors, 1830)	ACCEPTED	2494408	Mycerobas icterioides (Vigors, 1830)	SPECIES	212	Aves	Animalia
159747211	7690055	https://www.gbif.org/species/7690055	Carpodacus sibiricus (Pallas, 1773)	ACCEPTED	7690055	Carpodacus sibiricus (Pallas, 1773)	SPECIES	212	Aves	Animalia
159747213	2494514	https://www.gbif.org/species/2494514	Carpodacus roseus (Pallas, 1776)	ACCEPTED	2494514	Carpodacus roseus (Pallas, 1776)	SPECIES	212	Aves	Animalia
159747216	2494536	https://www.gbif.org/species/2494536	Pyrrhula erythaca Blyth, 1862	ACCEPTED	2494536	Pyrrhula erythaca Blyth, 1862	SPECIES	212	Aves	Animalia
159747219	2494787	https://www.gbif.org/species/2494787	Rhodospiza obsoleta (M.H.K.Lichtenstein, 1823)	ACCEPTED	2494787	Rhodospiza obsoleta (M.H.K.Lichtenstein, 1823)	SPECIES	212	Aves	Animalia
159747223	2484628	https://www.gbif.org/species/2484628	Vidua macroura (Pallas, 1764)	ACCEPTED	2484628	Vidua macroura (Pallas, 1764)	SPECIES	212	Aves	Animalia
159747228	2486131	https://www.gbif.org/species/2486131	Pycnonotus cafer (Linnaeus, 1766)	ACCEPTED	2486131	Pycnonotus cafer (Linnaeus, 1766)	SPECIES	212	Aves	Animalia
159747229	2486147	https://www.gbif.org/species/2486147	Pycnonotus barbatus (Desfontaines, 1789)	ACCEPTED	2486147	Pycnonotus barbatus (Desfontaines, 1789)	SPECIES	212	Aves	Animalia
159747230	2486132	https://www.gbif.org/species/2486132	Pycnonotus leucotis (Gould, 1836)	ACCEPTED	2486132	Pycnonotus leucotis (Gould, 1836)	SPECIES	212	Aves	Animalia
159747232	2486151	https://www.gbif.org/species/2486151	Pycnonotus jocosus (Linnaeus, 1758)	ACCEPTED	2486151	Pycnonotus jocosus (Linnaeus, 1758)	SPECIES	212	Aves	Animalia
159747235	2484608	https://www.gbif.org/species/2484608	Bombycilla japonica (Siebold, 1824)	ACCEPTED	2484608	Bombycilla japonica (Siebold, 1824)	SPECIES	212	Aves	Animalia
159747239	2489362	https://www.gbif.org/species/2489362	Zosterops palpebrosus (Temminck, 1824)	ACCEPTED	2489362	Zosterops palpebrosus (Temminck, 1824)	SPECIES	212	Aves	Animalia
159747243	5845390	https://www.gbif.org/species/5845390	Gracupica nigricollis (Paykull, 1807)	ACCEPTED	5845390	Gracupica nigricollis (Paykull, 1807)	SPECIES	212	Aves	Animalia
159747246	6091856	https://www.gbif.org/species/6091856	Sturnia sinensis (Gmelin, 1788)	ACCEPTED	6091856	Sturnia sinensis (Gmelin, 1788)	SPECIES	212	Aves	Animalia
159747249	5230734	https://www.gbif.org/species/5230734	Onychognathus tristramii (P.L.Sclater, 1858)	ACCEPTED	5230734	Onychognathus tristramii (P.L.Sclater, 1858)	SPECIES	212	Aves	Animalia
159747252	2774846	https://www.gbif.org/species/2774846	Chlorophytum comosum (Thunb.) Jacques	ACCEPTED	2774846	Chlorophytum comosum (Thunb.) Jacques	SPECIES	196	Liliopsida	Plantae
159747253	2489075	https://www.gbif.org/species/2489075	Lamprotornis superbus Rüppell, 1845	ACCEPTED	2489075	Lamprotornis superbus Rüppell, 1845	SPECIES	212	Aves	Animalia
159747255	2489080	https://www.gbif.org/species/2489080	Lamprotornis purpureus (Statius Muller, 1776)	ACCEPTED	2489080	Lamprotornis purpureus (Statius Muller, 1776)	SPECIES	212	Aves	Animalia
159747256	2489089	https://www.gbif.org/species/2489089	Lamprotornis splendidus (Vieillot, 1822)	ACCEPTED	2489089	Lamprotornis splendidus (Vieillot, 1822)	SPECIES	212	Aves	Animalia
159747257	2489071	https://www.gbif.org/species/2489071	Lamprotornis chalybaeus Hemprich & Ehrenberg, 1828	ACCEPTED	2489071	Lamprotornis chalybaeus Hemprich & Ehrenberg, 1828	SPECIES	212	Aves	Animalia
159747259	2489073	https://www.gbif.org/species/2489073	Lamprotornis nitens (Linnaeus, 1766)	ACCEPTED	2489073	Lamprotornis nitens (Linnaeus, 1766)	SPECIES	212	Aves	Animalia
159747261	2489010	https://www.gbif.org/species/2489010	Acridotheres cristatellus (Linnaeus, 1758)	ACCEPTED	2489010	Acridotheres cristatellus (Linnaeus, 1758)	SPECIES	212	Aves	Animalia
159747262	2489004	https://www.gbif.org/species/2489004	Acridotheres ginginianus (Latham, 1790)	ACCEPTED	2489004	Acridotheres ginginianus (Latham, 1790)	SPECIES	212	Aves	Animalia
159747264	2489005	https://www.gbif.org/species/2489005	Acridotheres tristis (Linnaeus, 1766)	ACCEPTED	2489005	Acridotheres tristis (Linnaeus, 1766)	SPECIES	212	Aves	Animalia
159747269	2488960	https://www.gbif.org/species/2488960	Oriolus auratus Vieillot, 1817	ACCEPTED	2488960	Oriolus auratus Vieillot, 1817	SPECIES	212	Aves	Animalia
159747275	5231103	https://www.gbif.org/species/5231103	Zonotrichia capensis (P.L.S.Müller, 1776)	ACCEPTED	5231103	Zonotrichia capensis (P.L.S.Müller, 1776)	SPECIES	212	Aves	Animalia
159747277	2492196	https://www.gbif.org/species/2492196	Melospiza melodia (A.Wilson, 1810)	ACCEPTED	2492196	Melospiza melodia (A.Wilson, 1810)	SPECIES	212	Aves	Animalia
159747281	2492081	https://www.gbif.org/species/2492081	Paroaria coronata (J.F.Miller, 1776)	ACCEPTED	2492081	Paroaria coronata (J.F.Miller, 1776)	SPECIES	212	Aves	Animalia
159747285	2490789	https://www.gbif.org/species/2490789	Turdus dissimilis Blyth, 1847	ACCEPTED	2490789	Turdus dissimilis Blyth, 1847	SPECIES	212	Aves	Animalia
159747289	2747750	https://www.gbif.org/species/2747750	Crocus ×luteus Lam.	ACCEPTED	2747750	Crocus ×luteus Lam.	SPECIES	196	Liliopsida	Plantae
159747290	5230862	https://www.gbif.org/species/5230862	Passerina caerulea (Linnaeus, 1758)	ACCEPTED	5230862	Passerina caerulea (Linnaeus, 1758)	SPECIES	212	Aves	Animalia
159747292	2490384	https://www.gbif.org/species/2490384	Cardinalis cardinalis (Linnaeus, 1758)	ACCEPTED	2490384	Cardinalis cardinalis (Linnaeus, 1758)	SPECIES	212	Aves	Animalia
159747296	2489450	https://www.gbif.org/species/2489450	Gymnorhina tibicen (Latham, 1802)	ACCEPTED	2489450	Gymnorhina tibicen (Latham, 1802)	SPECIES	212	Aves	Animalia
159747303	5789082	https://www.gbif.org/species/5789082	Euodice malabarica (Linnaeus, 1758)	ACCEPTED	5789082	Euodice malabarica (Linnaeus, 1758)	SPECIES	212	Aves	Animalia
159747307	2493739	https://www.gbif.org/species/2493739	Neochmia ruficauda (Gould, 1837)	ACCEPTED	2493739	Neochmia ruficauda (Gould, 1837)	SPECIES	212	Aves	Animalia
159747309	2493697	https://www.gbif.org/species/2493697	Amandava subflava (Vieillot, 1819)	ACCEPTED	2493697	Amandava subflava (Vieillot, 1819)	SPECIES	212	Aves	Animalia
159747311	2493698	https://www.gbif.org/species/2493698	Amandava amandava (Linnaeus, 1758)	ACCEPTED	2493698	Amandava amandava (Linnaeus, 1758)	SPECIES	212	Aves	Animalia
159747313	2493660	https://www.gbif.org/species/2493660	Estrilda astrild (Linnaeus, 1758)	ACCEPTED	2493660	Estrilda astrild (Linnaeus, 1758)	SPECIES	212	Aves	Animalia
159747315	2493633	https://www.gbif.org/species/2493633	Taeniopygia guttata (Vieillot, 1817)	ACCEPTED	2493633	Taeniopygia guttata (Vieillot, 1817)	SPECIES	212	Aves	Animalia
159747317	4845776	https://www.gbif.org/species/4845776	Lonchura oryzivora (Linnaeus, 1758)	ACCEPTED	4845776	Lonchura oryzivora (Linnaeus, 1758)	SPECIES	212	Aves	Animalia
159747318	2493598	https://www.gbif.org/species/2493598	Lonchura punctulata (Linnaeus, 1758)	ACCEPTED	2493598	Lonchura punctulata (Linnaeus, 1758)	SPECIES	212	Aves	Animalia
159747321	5231398	https://www.gbif.org/species/5231398	Leiothrix lutea (Scopoli, 1786)	ACCEPTED	5231398	Leiothrix lutea (Scopoli, 1786)	SPECIES	212	Aves	Animalia
159747323	2493447	https://www.gbif.org/species/2493447	Garrulax leucolophus (Hardwicke, 1816)	ACCEPTED	2493447	Garrulax leucolophus (Hardwicke, 1816)	SPECIES	212	Aves	Animalia
159747326	5844936	https://www.gbif.org/species/5844936	Cyanopica cooki Bonaparte, 1850	ACCEPTED	5844936	Cyanopica cooki Bonaparte, 1850	SPECIES	212	Aves	Animalia
159747329	6100962	https://www.gbif.org/species/6100962	Urocissa erythroryncha (Boddaert, 1783)	ACCEPTED	6100962	Urocissa erythroryncha (Boddaert, 1783)	SPECIES	212	Aves	Animalia
159747332	2717402	https://www.gbif.org/species/2717402	Eleocharis mamillata subsp. austriaca (Hayek) Strandh.	ACCEPTED	2717402	Eleocharis mamillata subsp. austriaca (Hayek) Strandh.	SUBSPECIES	196	Liliopsida	Plantae
159747333	2482519	https://www.gbif.org/species/2482519	Corvus albus Statius Muller, 1776	ACCEPTED	2482519	Corvus albus Statius Muller, 1776	SPECIES	212	Aves	Animalia
159747334	2482478	https://www.gbif.org/species/2482478	Corvus albicollis Latham, 1790	ACCEPTED	2482478	Corvus albicollis Latham, 1790	SPECIES	212	Aves	Animalia
159747335	2482499	https://www.gbif.org/species/2482499	Corvus splendens Vieillot, 1817	ACCEPTED	2482499	Corvus splendens Vieillot, 1817	SPECIES	212	Aves	Animalia
159747339	2484103	https://www.gbif.org/species/2484103	Chrysomus icterocephalus (Linnaeus, 1766)	ACCEPTED	2484103	Chrysomus icterocephalus (Linnaeus, 1766)	SPECIES	212	Aves	Animalia
159747342	2484155	https://www.gbif.org/species/2484155	Quiscalus quiscula (Linnaeus, 1758)	ACCEPTED	2484155	Quiscalus quiscula (Linnaeus, 1758)	SPECIES	212	Aves	Animalia
159747343	2484133	https://www.gbif.org/species/2484133	Quiscalus major Vieillot, 1819	ACCEPTED	2484133	Quiscalus major Vieillot, 1819	SPECIES	212	Aves	Animalia
159747348	2481875	https://www.gbif.org/species/2481875	Phalacrocorax auritus (Lesson, 1831)	ACCEPTED	2481875	Phalacrocorax auritus (Lesson, 1831)	SPECIES	212	Aves	Animalia
159747354	5229411	https://www.gbif.org/species/5229411	Anastomus lamelligerus Temminck, 1823	ACCEPTED	5229411	Anastomus lamelligerus Temminck, 1823	SPECIES	212	Aves	Animalia
159747357	2481936	https://www.gbif.org/species/2481936	Mycteria ibis (Linnaeus, 1766)	ACCEPTED	2481936	Mycteria ibis (Linnaeus, 1766)	SPECIES	212	Aves	Animalia
159747363	5959227	https://www.gbif.org/species/5959227	Ara macao (Linnaeus, 1758)	ACCEPTED	5959227	Ara macao (Linnaeus, 1758)	SPECIES	212	Aves	Animalia
159747364	5959231	https://www.gbif.org/species/5959231	Ara ararauna (Linnaeus, 1758)	ACCEPTED	5959231	Ara ararauna (Linnaeus, 1758)	SPECIES	212	Aves	Animalia
159747367	5229110	https://www.gbif.org/species/5229110	Cyanoramphus novaezelandiae (Sparrman, 1787)	ACCEPTED	5229110	Cyanoramphus novaezelandiae (Sparrman, 1787)	SPECIES	212	Aves	Animalia
159747368	6559940	https://www.gbif.org/species/6559940	Helictochloa bromoides (Gouan) Romero Zarco	ACCEPTED	6559940	Helictochloa bromoides (Gouan) Romero Zarco	SPECIES	196	Liliopsida	Plantae
159747373	5229045	https://www.gbif.org/species/5229045	Psittacula alexandri (Linnaeus, 1758)	ACCEPTED	5229045	Psittacula alexandri (Linnaeus, 1758)	SPECIES	212	Aves	Animalia
159747374	5229044	https://www.gbif.org/species/5229044	Psittacula cyanocephala (Linnaeus, 1766)	ACCEPTED	5229044	Psittacula cyanocephala (Linnaeus, 1766)	SPECIES	212	Aves	Animalia
159747376	5229072	https://www.gbif.org/species/5229072	Psittacula derbiana (Fraser, 1852)	ACCEPTED	5229072	Psittacula derbiana (Fraser, 1852)	SPECIES	212	Aves	Animalia
159747377	5229055	https://www.gbif.org/species/5229055	Psittacula eupatria (Linnaeus, 1766)	ACCEPTED	5229055	Psittacula eupatria (Linnaeus, 1766)	SPECIES	212	Aves	Animalia
159747378	2479226	https://www.gbif.org/species/2479226	Psittacula krameri (Scopoli, 1769)	ACCEPTED	2479226	Psittacula krameri (Scopoli, 1769)	SPECIES	212	Aves	Animalia
159747381	2479407	https://www.gbif.org/species/2479407	Myiopsitta monachus (Boddaert, 1783)	ACCEPTED	2479407	Myiopsitta monachus (Boddaert, 1783)	SPECIES	212	Aves	Animalia
159747384	2479329	https://www.gbif.org/species/2479329	Platycercus eximius (Shaw, 1792)	ACCEPTED	2479329	Platycercus eximius (Shaw, 1792)	SPECIES	212	Aves	Animalia
159747385	2479320	https://www.gbif.org/species/2479320	Platycercus icterotis (Temminck & Kuhl, 1820)	ACCEPTED	2479320	Platycercus icterotis (Temminck & Kuhl, 1820)	SPECIES	212	Aves	Animalia
159747387	2479311	https://www.gbif.org/species/2479311	Platycercus elegans (Gmelin, 1788)	ACCEPTED	2479311	Platycercus elegans (Gmelin, 1788)	SPECIES	212	Aves	Animalia
159747388	2479308	https://www.gbif.org/species/2479308	Platycercus adscitus (Latham, 1790)	ACCEPTED	2479308	Platycercus adscitus (Latham, 1790)	SPECIES	212	Aves	Animalia
159747391	2479977	https://www.gbif.org/species/2479977	Nymphicus hollandicus (Kerr, 1792)	ACCEPTED	2479977	Nymphicus hollandicus (Kerr, 1792)	SPECIES	212	Aves	Animalia
159747394	2480075	https://www.gbif.org/species/2480075	Eclectus roratus (Statius Muller, 1776)	ACCEPTED	2480075	Eclectus roratus (Statius Muller, 1776)	SPECIES	212	Aves	Animalia
159747397	2479964	https://www.gbif.org/species/2479964	Poicephalus senegalus (Linnaeus, 1766)	ACCEPTED	2479964	Poicephalus senegalus (Linnaeus, 1766)	SPECIES	212	Aves	Animalia
159747399	2479955	https://www.gbif.org/species/2479955	Poicephalus cryptoxanthus (W.Peters, 1854)	ACCEPTED	2479955	Poicephalus cryptoxanthus (W.Peters, 1854)	SPECIES	212	Aves	Animalia
159747401	2480181	https://www.gbif.org/species/2480181	Psittacus erithacus Linnaeus, 1758	ACCEPTED	2480181	Psittacus erithacus Linnaeus, 1758	SPECIES	212	Aves	Animalia
159747404	2480089	https://www.gbif.org/species/2480089	Psephotus haematonotus (Gould, 1838)	ACCEPTED	2480089	Psephotus haematonotus (Gould, 1838)	SPECIES	212	Aves	Animalia
159747407	2480102	https://www.gbif.org/species/2480102	Nandayus nenday (Vieillot, 1823)	ACCEPTED	2480102	Nandayus nenday (Vieillot, 1823)	SPECIES	212	Aves	Animalia
159747409	2479498	https://www.gbif.org/species/2479498	Polytelis anthopeplus (Lear, 1831)	ACCEPTED	2479498	Polytelis anthopeplus (Lear, 1831)	SPECIES	212	Aves	Animalia
159747410	2479501	https://www.gbif.org/species/2479501	Polytelis swainsonii (Desmarest, 1826)	ACCEPTED	2479501	Polytelis swainsonii (Desmarest, 1826)	SPECIES	212	Aves	Animalia
159747412	2479544	https://www.gbif.org/species/2479544	Agapornis fischeri Reichenow, 1887	ACCEPTED	2479544	Agapornis fischeri Reichenow, 1887	SPECIES	212	Aves	Animalia
159747414	2479550	https://www.gbif.org/species/2479550	Agapornis roseicollis (Stanley, 1814)	DOUBTFUL	2479550	Agapornis roseicollis (Stanley, 1814)	SPECIES	212	Aves	Animalia
159747415	2479553	https://www.gbif.org/species/2479553	Agapornis personatus Reichenow, 1887	ACCEPTED	2479553	Agapornis personatus Reichenow, 1887	SPECIES	212	Aves	Animalia
159747416	2479555	https://www.gbif.org/species/2479555	Agapornis canus (Gmelin, 1788)	ACCEPTED	2479555	Agapornis canus (Gmelin, 1788)	SPECIES	212	Aves	Animalia
159747419	2479798	https://www.gbif.org/species/2479798	Melopsittacus undulatus (Shaw, 1805)	ACCEPTED	2479798	Melopsittacus undulatus (Shaw, 1805)	SPECIES	212	Aves	Animalia
159747422	2479851	https://www.gbif.org/species/2479851	Pyrrhura perlata (Spix, 1824)	ACCEPTED	2479851	Pyrrhura perlata (Spix, 1824)	SPECIES	212	Aves	Animalia
159747425	2479612	https://www.gbif.org/species/2479612	Amazona ochrocephala (Gmelin, 1788)	ACCEPTED	2479612	Amazona ochrocephala (Gmelin, 1788)	SPECIES	212	Aves	Animalia
159747426	2479666	https://www.gbif.org/species/2479666	Amazona amazonica (Linnaeus, 1766)	ACCEPTED	2479666	Amazona amazonica (Linnaeus, 1766)	SPECIES	212	Aves	Animalia
159747428	2479686	https://www.gbif.org/species/2479686	Trichoglossus haematodus (Linnaeus, 1771)	ACCEPTED	2479686	Trichoglossus haematodus (Linnaeus, 1771)	SPECIES	212	Aves	Animalia
159747433	2476041	https://www.gbif.org/species/2476041	Bucorvus leadbeateri (Vigors, 1825)	ACCEPTED	2476041	Bucorvus leadbeateri (Vigors, 1825)	SPECIES	212	Aves	Animalia
159747438	2475212	https://www.gbif.org/species/2475212	Crinifer zonurus (Ruppell, 1835)	ACCEPTED	2475212	Crinifer zonurus (Ruppell, 1835)	SPECIES	212	Aves	Animalia
159747442	2475679	https://www.gbif.org/species/2475679	Ceryle rudis (Linnaeus, 1758)	ACCEPTED	2475679	Ceryle rudis (Linnaeus, 1758)	SPECIES	212	Aves	Animalia
159747445	2475648	https://www.gbif.org/species/2475648	Dacelo novaeguineae (Hermann, 1783)	ACCEPTED	2475648	Dacelo novaeguineae (Hermann, 1783)	SPECIES	212	Aves	Animalia
159747449	2475373	https://www.gbif.org/species/2475373	Coracias abyssinicus Hermann, 1783	ACCEPTED	2475373	Coracias abyssinicus Hermann, 1783	SPECIES	212	Aves	Animalia
159747453	5229154	https://www.gbif.org/species/5229154	Scopus umbretta Gmelin, 1789	ACCEPTED	5229154	Scopus umbretta Gmelin, 1789	SPECIES	212	Aves	Animalia
159747457	5229205	https://www.gbif.org/species/5229205	Eudocimus albus (Linnaeus, 1758)	ACCEPTED	5229205	Eudocimus albus (Linnaeus, 1758)	SPECIES	212	Aves	Animalia
159747458	5229204	https://www.gbif.org/species/5229204	Eudocimus ruber (Linnaeus, 1758)	ACCEPTED	5229204	Eudocimus ruber (Linnaeus, 1758)	SPECIES	212	Aves	Animalia
159747461	5229203	https://www.gbif.org/species/5229203	Bostrychia hagedash (Latham, 1790)	ACCEPTED	5229203	Bostrychia hagedash (Latham, 1790)	SPECIES	212	Aves	Animalia
159747464	2480770	https://www.gbif.org/species/2480770	Geronticus eremita (Linnaeus, 1758)	ACCEPTED	2480770	Geronticus eremita (Linnaeus, 1758)	SPECIES	212	Aves	Animalia
159747466	2480772	https://www.gbif.org/species/2480772	Plegadis ridgwayi (Allen, 1876)	ACCEPTED	2480772	Plegadis ridgwayi (Allen, 1876)	SPECIES	212	Aves	Animalia
159747468	2480786	https://www.gbif.org/species/2480786	Theristicus melanopis (Gmelin, 1789)	ACCEPTED	2480786	Theristicus melanopis (Gmelin, 1789)	SPECIES	212	Aves	Animalia
159747470	2480800	https://www.gbif.org/species/2480800	Platalea alba Scopoli, 1786	ACCEPTED	2480800	Platalea alba Scopoli, 1786	SPECIES	212	Aves	Animalia
159747473	2480764	https://www.gbif.org/species/2480764	Threskiornis aethiopicus (Latham, 1790)	ACCEPTED	2480764	Threskiornis aethiopicus (Latham, 1790)	SPECIES	212	Aves	Animalia
159747474	2480766	https://www.gbif.org/species/2480766	Threskiornis spinicollis (Jameson, 1835)	ACCEPTED	2480766	Threskiornis spinicollis (Jameson, 1835)	SPECIES	212	Aves	Animalia
159747477	2480897	https://www.gbif.org/species/2480897	Egretta novaehollandiae (Latham, 1790)	ACCEPTED	2480897	Egretta novaehollandiae (Latham, 1790)	SPECIES	212	Aves	Animalia
159747481	5229156	https://www.gbif.org/species/5229156	Pelecanus conspicillatus Temminck, 1824	ACCEPTED	5229156	Pelecanus conspicillatus Temminck, 1824	SPECIES	212	Aves	Animalia
159747482	2480350	https://www.gbif.org/species/2480350	Pelecanus onocrotalus Linnaeus, 1758	ACCEPTED	2480350	Pelecanus onocrotalus Linnaeus, 1758	SPECIES	212	Aves	Animalia
159747483	2480352	https://www.gbif.org/species/2480352	Pelecanus rufescens Gmelin, 1789	ACCEPTED	2480352	Pelecanus rufescens Gmelin, 1789	SPECIES	212	Aves	Animalia
159747487	2474416	https://www.gbif.org/species/2474416	Porphyrio porphyrio (Linnaeus, 1758)	ACCEPTED	2474416	Porphyrio porphyrio (Linnaeus, 1758)	SPECIES	212	Aves	Animalia
159747491	5228229	https://www.gbif.org/species/5228229	Balearica regulorum (E.T.Bennett, 1834)	ACCEPTED	5228229	Balearica regulorum (E.T.Bennett, 1834)	SPECIES	212	Aves	Animalia
159747494	2474942	https://www.gbif.org/species/2474942	Grus vipio Pallas, 1811	ACCEPTED	2474942	Grus vipio Pallas, 1811	SPECIES	212	Aves	Animalia
159747495	2474944	https://www.gbif.org/species/2474944	Grus japonensis (Statius Muller, 1776)	ACCEPTED	2474944	Grus japonensis (Statius Muller, 1776)	SPECIES	212	Aves	Animalia
159747497	2474937	https://www.gbif.org/species/2474937	Anthropoides paradiseus (A.A.H.Lichtenstein, 1793)	ACCEPTED	2474937	Anthropoides paradiseus (A.A.H.Lichtenstein, 1793)	SPECIES	212	Aves	Animalia
159747498	2474936	https://www.gbif.org/species/2474936	Anthropoides virgo (Linnaeus, 1758)	ACCEPTED	2474936	Anthropoides virgo (Linnaeus, 1758)	SPECIES	212	Aves	Animalia
159747504	9791464	https://www.gbif.org/species/9791464	Colinus virginianus (Linnaeus, 1758)	ACCEPTED	9791464	Colinus virginianus (Linnaeus, 1758)	SPECIES	212	Aves	Animalia
159747507	5228080	https://www.gbif.org/species/5228080	Callipepla californica (Shaw, 1798)	ACCEPTED	5228080	Callipepla californica (Shaw, 1798)	SPECIES	212	Aves	Animalia
159747511	2473341	https://www.gbif.org/species/2473341	Numida meleagris (Linnaeus, 1758)	ACCEPTED	2473341	Numida meleagris (Linnaeus, 1758)	SPECIES	212	Aves	Animalia
159747515	9606290	https://www.gbif.org/species/9606290	Meleagris gallopavo Linnaeus, 1758	ACCEPTED	9606290	Meleagris gallopavo Linnaeus, 1758	SPECIES	212	Aves	Animalia
159747518	9451184	https://www.gbif.org/species/9451184	Pavo cristatus Linnaeus, 1758	ACCEPTED	9451184	Pavo cristatus Linnaeus, 1758	SPECIES	212	Aves	Animalia
159747521	9326020	https://www.gbif.org/species/9326020	Gallus gallus (Linnaeus, 1758)	ACCEPTED	9326020	Gallus gallus (Linnaeus, 1758)	SPECIES	212	Aves	Animalia
159747523	5228034	https://www.gbif.org/species/5228034	Chrysolophus pictus (Linnaeus, 1758)	ACCEPTED	5228034	Chrysolophus pictus (Linnaeus, 1758)	SPECIES	212	Aves	Animalia
159747524	5228033	https://www.gbif.org/species/5228033	Chrysolophus amherstiae (Leadbeater, 1829)	ACCEPTED	5228033	Chrysolophus amherstiae (Leadbeater, 1829)	SPECIES	212	Aves	Animalia
159747527	4134265	https://www.gbif.org/species/4134265	Anthosachne scabra (R.Br.) Nevski	ACCEPTED	4134265	Anthosachne scabra (R.Br.) Nevski	SPECIES	196	Liliopsida	Plantae
159747528	9752149	https://www.gbif.org/species/9752149	Phasianus colchicus Linnaeus, 1758	ACCEPTED	9752149	Phasianus colchicus Linnaeus, 1758	SPECIES	212	Aves	Animalia
159747530	5227775	https://www.gbif.org/species/5227775	Phasianus versicolor Vieillot, 1825	ACCEPTED	5227775	Phasianus versicolor Vieillot, 1825	SPECIES	212	Aves	Animalia
159747533	5227966	https://www.gbif.org/species/5227966	Lophura nycthemera (Linnaeus, 1758)	ACCEPTED	5227966	Lophura nycthemera (Linnaeus, 1758)	SPECIES	212	Aves	Animalia
159747534	5227993	https://www.gbif.org/species/5227993	Lophura leucomelanos (Latham, 1790)	ACCEPTED	5227993	Lophura leucomelanos (Latham, 1790)	SPECIES	212	Aves	Animalia
159747537	2473477	https://www.gbif.org/species/2473477	Syrmaticus reevesii (J.E.Gray, 1829)	ACCEPTED	2473477	Syrmaticus reevesii (J.E.Gray, 1829)	SPECIES	212	Aves	Animalia
159747541	2474051	https://www.gbif.org/species/2474051	Alectoris rufa (Linnaeus, 1758)	ACCEPTED	2474051	Alectoris rufa (Linnaeus, 1758)	SPECIES	212	Aves	Animalia
159747542	2474029	https://www.gbif.org/species/2474029	Alectoris chukar (J.E.Gray, 1830)	ACCEPTED	2474029	Alectoris chukar (J.E.Gray, 1830)	SPECIES	212	Aves	Animalia
159747544	2474055	https://www.gbif.org/species/2474055	Alectoris graeca (Meisner, 1804)	ACCEPTED	2474055	Alectoris graeca (Meisner, 1804)	SPECIES	212	Aves	Animalia
159747547	2474162	https://www.gbif.org/species/2474162	Coturnix japonica Temminck & Schlegel, 1848	ACCEPTED	2474162	Coturnix japonica Temminck & Schlegel, 1848	SPECIES	212	Aves	Animalia
159747550	2473421	https://www.gbif.org/species/2473421	Lagopus lagopus (Linnaeus, 1758)	ACCEPTED	2473421	Lagopus lagopus (Linnaeus, 1758)	SPECIES	212	Aves	Animalia
159747653	4154259	https://www.gbif.org/species/4154259	Paspalum saurae (Parodi) Parodi	ACCEPTED	4154259	Paspalum saurae (Parodi) Parodi	SPECIES	196	Liliopsida	Plantae
159747656	2399874	https://www.gbif.org/species/2399874	Micropogonias undulatus (Linnaeus, 1766)	ACCEPTED	2399874	Micropogonias undulatus (Linnaeus, 1766)	SPECIES			Animalia
159747683	2702820	https://www.gbif.org/species/2702820	Echinochloa oryzoides (Ard.) Fritsch	ACCEPTED	2702820	Echinochloa oryzoides (Ard.) Fritsch	SPECIES	196	Liliopsida	Plantae
159747684	2702816	https://www.gbif.org/species/2702816	Echinochloa muricata (P.Beauv.) Fernald	ACCEPTED	2702816	Echinochloa muricata (P.Beauv.) Fernald	SPECIES	196	Liliopsida	Plantae
159747702	2351271	https://www.gbif.org/species/2351271	Salvelinus fontinalis (Mitchill, 1814)	ACCEPTED	2351271	Salvelinus fontinalis (Mitchill, 1814)	SPECIES			Animalia
159747716	2331498	https://www.gbif.org/species/2331498	Molgula manhattensis (De Kay, 1843)	ACCEPTED	2331498	Molgula manhattensis (De Kay, 1843)	SPECIES	356	Ascidiacea	Animalia
159747720	4354941	https://www.gbif.org/species/4354941	Botrylloides violaceus Oka, 1927	ACCEPTED	4354941	Botrylloides violaceus Oka, 1927	SPECIES	356	Ascidiacea	Animalia
159747723	2331942	https://www.gbif.org/species/2331942	Styela clava Herdman, 1881	ACCEPTED	2331942	Styela clava Herdman, 1881	SPECIES	356	Ascidiacea	Animalia
159747729	5200414	https://www.gbif.org/species/5200414	Diplosoma listerianum (Milne Edwards, 1841)	ACCEPTED	5200414	Diplosoma listerianum (Milne Edwards, 1841)	SPECIES	356	Ascidiacea	Animalia
159747732	2330928	https://www.gbif.org/species/2330928	Aplidium glabrum (Verrill, 1871)	ACCEPTED	2330928	Aplidium glabrum (Verrill, 1871)	SPECIES	356	Ascidiacea	Animalia
159747740	4124350	https://www.gbif.org/species/4124350	Eleusine africana Kenn.-O'Byrne	ACCEPTED	4124350	Eleusine africana Kenn.-O'Byrne	SPECIES	196	Liliopsida	Plantae
159747756	2320998	https://www.gbif.org/species/2320998	Boccardiella hamata (Webster, 1879)	ACCEPTED	2320998	Boccardiella hamata (Webster, 1879)	SPECIES	256	Polychaeta	Animalia
159747758	2320810	https://www.gbif.org/species/2320810	Boccardia proboscidea Hartman, 1940	ACCEPTED	2320810	Boccardia proboscidea Hartman, 1940	SPECIES	256	Polychaeta	Animalia
159747879	4565061	https://www.gbif.org/species/4565061	Cernuella neglecta (Draparnaud, 1805)	ACCEPTED	4565061	Cernuella neglecta (Draparnaud, 1805)	SPECIES	225	Gastropoda	Animalia
159747884	2296807	https://www.gbif.org/species/2296807	Cochlicella barbara (Linnaeus, 1758)	ACCEPTED	2296807	Cochlicella barbara (Linnaeus, 1758)	SPECIES	225	Gastropoda	Animalia
159747921	8485639	https://www.gbif.org/species/8485639	Ensis leei M.Huber, 2015	ACCEPTED	8485639	Ensis leei M.Huber, 2015	SPECIES	137	Bivalvia	Animalia
159747938	4372686	https://www.gbif.org/species/4372686	Ruditapes philippinarum (A.Adams & Reeve, 1850)	ACCEPTED	4372686	Ruditapes philippinarum (A.Adams & Reeve, 1850)	SPECIES	137	Bivalvia	Animalia
159747952	4283395	https://www.gbif.org/species/4283395	Diadumene lineata (Verrill, 1869)	ACCEPTED	4283395	Diadumene lineata (Verrill, 1869)	SPECIES	206	Anthozoa	Animalia
159747961	2266009	https://www.gbif.org/species/2266009	Cordylophora caspia (Pallas, 1771)	ACCEPTED	2266009	Cordylophora caspia (Pallas, 1771)	SPECIES	205	Hydrozoa	Animalia
159747966	2266561	https://www.gbif.org/species/2266561	Nemopsis bachei L.Agassiz, 1849	ACCEPTED	2266561	Nemopsis bachei L.Agassiz, 1849	SPECIES	205	Hydrozoa	Animalia
159747976	2266754	https://www.gbif.org/species/2266754	Gonionemus vertens A.Agassiz, 1862	ACCEPTED	2266754	Gonionemus vertens A.Agassiz, 1862	SPECIES	205	Hydrozoa	Animalia
159747985	5166760	https://www.gbif.org/species/5166760	Ammothea hilgendorfi (Böhm, 1879)	ACCEPTED	5166760	Ammothea hilgendorfi (Böhm, 1879)	SPECIES	354	Pycnogonida	Animalia
159747996	2228667	https://www.gbif.org/species/2228667	Sinelobus stanfordi (Richardson, 1901)	ACCEPTED	2228667	Sinelobus stanfordi (Richardson, 1901)	SPECIES	229	Malacostraca	Animalia
159748065	3188829	https://www.gbif.org/species/3188829	Oenothera elata Kunth	ACCEPTED	3188829	Oenothera elata Kunth	SPECIES	220	Magnoliopsida	Plantae
159748086	4805565	https://www.gbif.org/species/4805565	Amphibalanus variegatus (Darwin, 1854)	ACCEPTED	4805565	Amphibalanus variegatus (Darwin, 1854)	SPECIES	203	Maxillopoda	Animalia
159748091	2115724	https://www.gbif.org/species/2115724	Balanus trigonus Darwin, 1854	ACCEPTED	2115724	Balanus trigonus Darwin, 1854	SPECIES	203	Maxillopoda	Animalia
159748095	2115706	https://www.gbif.org/species/2115706	Balanus glandula Darwin, 1854	ACCEPTED	2115706	Balanus glandula Darwin, 1854	SPECIES	203	Maxillopoda	Animalia
159748101	2110811	https://www.gbif.org/species/2110811	Mytilicola intestinalis Steuer, 1902	ACCEPTED	2110811	Mytilicola intestinalis Steuer, 1902	SPECIES	11545536	Copepoda	Animalia
159748106	2114326	https://www.gbif.org/species/2114326	Eurytemora americana Williams, 1906	ACCEPTED	2114326	Eurytemora americana Williams, 1906	SPECIES	11545536	Copepoda	Animalia
159748110	8244019	https://www.gbif.org/species/8244019	Trachyspermum ammi (L.) Sprague ex Turrill	DOUBTFUL	8244019	Trachyspermum ammi (L.) Sprague ex Turrill	SPECIES	220	Magnoliopsida	Plantae
159748111	2114446	https://www.gbif.org/species/2114446	Acartia tonsa Dana, 1849	ACCEPTED	2114446	Acartia tonsa Dana, 1849	SPECIES	11545536	Copepoda	Animalia
159748136	5371753	https://www.gbif.org/species/5371753	Visnaga daucoides Gaertn.	ACCEPTED	5371753	Visnaga daucoides Gaertn.	SPECIES	220	Magnoliopsida	Plantae
159748235	10329298	https://www.gbif.org/species/10329298	Haplodrassus securifer Bosmans & Abrous, 2018	ACCEPTED	10329298	Haplodrassus securifer Bosmans & Abrous, 2018	SPECIES	367	Arachnida	Animalia
159748251	2053954	https://www.gbif.org/species/2053954	Prokelisia marginata (Van Duzee, 1897)	ACCEPTED	2053954	Prokelisia marginata (Van Duzee, 1897)	SPECIES	216	Insecta	Animalia
159748278	1728965	https://www.gbif.org/species/1728965	Tachycines asynamorus Adelung, 1902	ACCEPTED	1728965	Tachycines asynamorus Adelung, 1902	SPECIES	216	Insecta	Animalia
159748299	1450317	https://www.gbif.org/species/1450317	Telmatogeton japonicus Tokunaga, 1933	ACCEPTED	1450317	Telmatogeton japonicus Tokunaga, 1933	SPECIES	216	Insecta	Animalia
159748319	3005039	https://www.gbif.org/species/3005039	Rosa chinensis Jacq.	ACCEPTED	3005039	Rosa chinensis Jacq.	SPECIES	220	Magnoliopsida	Plantae
159748397	10269496	https://www.gbif.org/species/10269496	Epuraea imperialis (Reitter, 1877)	ACCEPTED	10269496	Epuraea imperialis (Reitter, 1877)	SPECIES	216	Insecta	Animalia
159748459	8428595	https://www.gbif.org/species/8428595	Bugulina stolonifera (Ryland, 1960)	ACCEPTED	8428595	Bugulina stolonifera (Ryland, 1960)	SPECIES	252	Gymnolaemata	Animalia
159748461	7668385	https://www.gbif.org/species/7668385	Bugulina simplex (Hincks, 1886)	ACCEPTED	7668385	Bugulina simplex (Hincks, 1886)	SPECIES	252	Gymnolaemata	Animalia
159748463	4984851	https://www.gbif.org/species/4984851	Bugula neritina (Linnaeus, 1758)	ACCEPTED	4984851	Bugula neritina (Linnaeus, 1758)	SPECIES	252	Gymnolaemata	Animalia
159748466	1008955	https://www.gbif.org/species/1008955	Fenestrulina delicia Winston, Hayward & Craig, 2000	ACCEPTED	1008955	Fenestrulina delicia Winston, Hayward & Craig, 2000	SPECIES	252	Gymnolaemata	Animalia
159748469	1007534	https://www.gbif.org/species/1007534	Phaeostachys spinifera (Johnston, 1847)	ACCEPTED	1007534	Phaeostachys spinifera (Johnston, 1847)	SPECIES	252	Gymnolaemata	Animalia
159748473	1008610	https://www.gbif.org/species/1008610	Haplopoma graniferum (Johnston, 1847)	ACCEPTED	1008610	Haplopoma graniferum (Johnston, 1847)	SPECIES	252	Gymnolaemata	Animalia
159748474	1008612	https://www.gbif.org/species/1008612	Haplopoma impressum (Audouin, 1826)	ACCEPTED	1008612	Haplopoma impressum (Audouin, 1826)	SPECIES	252	Gymnolaemata	Animalia
159748482	1002621	https://www.gbif.org/species/1002621	Keratella tropica (Apstein, 1907)	ACCEPTED	1002621	Keratella tropica (Apstein, 1907)	SPECIES	307	Eurotatoria	Animalia
159748507	2940408	https://www.gbif.org/species/2940408	Cytisophyllum sessilifolium (L.) O.Lang	ACCEPTED	2940408	Cytisophyllum sessilifolium (L.) O.Lang	SPECIES	220	Magnoliopsida	Plantae
159748558	2925870	https://www.gbif.org/species/2925870	Amsinckia menziesii (Lehm.) A.Nelson & J.F.Macbr.	ACCEPTED	2925870	Amsinckia menziesii (Lehm.) A.Nelson & J.F.Macbr.	SPECIES	220	Magnoliopsida	Plantae
159748639	2888740	https://www.gbif.org/species/2888740	Centranthus ruber (L.) DC.	ACCEPTED	2888740	Centranthus ruber (L.) DC.	SPECIES	220	Magnoliopsida	Plantae
159748656	5371699	https://www.gbif.org/species/5371699	Hepatica nobilis Schreb.	ACCEPTED	5371699	Hepatica nobilis Schreb.	SPECIES	220	Magnoliopsida	Plantae
159748679	3602227	https://www.gbif.org/species/3602227	Papaver setigerum DC.	ACCEPTED	3602227	Papaver setigerum DC.	SPECIES	220	Magnoliopsida	Plantae
159748707	5374922	https://www.gbif.org/species/5374922	Arabis caucasica Willd.	ACCEPTED	5374922	Arabis caucasica Willd.	SPECIES	220	Magnoliopsida	Plantae
159748747	2874515	https://www.gbif.org/species/2874515	Cucurbita maxima Duchesne	ACCEPTED	2874515	Cucurbita maxima Duchesne	SPECIES	220	Magnoliopsida	Plantae
159748815	3111758	https://www.gbif.org/species/3111758	Zinnia violacea Cav.	SYNONYM	3111754	Zinnia elegans Jacq.	SPECIES	220	Magnoliopsida	Plantae
159748820	8078031	https://www.gbif.org/species/8078031	Artemisia afra Jacq.	ACCEPTED	8078031	Artemisia afra Jacq.	SPECIES	220	Magnoliopsida	Plantae
159748835	5384950	https://www.gbif.org/species/5384950	Eclipta prostrata (L.) L.	ACCEPTED	5384950	Eclipta prostrata (L.) L.	SPECIES	220	Magnoliopsida	Plantae
159748857	5402340	https://www.gbif.org/species/5402340	Dimorphotheca jucunda E.Phillips	ACCEPTED	5402340	Dimorphotheca jucunda E.Phillips	SPECIES	220	Magnoliopsida	Plantae
159748874	3137686	https://www.gbif.org/species/3137686	Rhodanthe stricta (Lindl.) Paul G.Wilson	ACCEPTED	3137686	Rhodanthe stricta (Lindl.) Paul G.Wilson	SPECIES	220	Magnoliopsida	Plantae
159748883	3147815	https://www.gbif.org/species/3147815	Verbesina alternifolia (L.) Britton ex Kearney	ACCEPTED	3147815	Verbesina alternifolia (L.) Britton ex Kearney	SPECIES	220	Magnoliopsida	Plantae
159748887	3145375	https://www.gbif.org/species/3145375	Deinandra fasciculata (DC.) Greene	ACCEPTED	3145375	Deinandra fasciculata (DC.) Greene	SPECIES	220	Magnoliopsida	Plantae
159748902	10411852	https://www.gbif.org/species/10411852	Centaurea jacea x nigrescens	ACCEPTED	10411852	Centaurea jacea x nigrescens	SPECIES	220	Magnoliopsida	Plantae
159748939	6300805	https://www.gbif.org/species/6300805	Pilosella bauhini (Schult.) Arv.-Touv.	ACCEPTED	6300805	Pilosella bauhini (Schult.) Arv.-Touv.	SPECIES	220	Magnoliopsida	Plantae
159748955	9419993	https://www.gbif.org/species/9419993	Erodium moschatum (L.) L'Hér.	ACCEPTED	9419993	Erodium moschatum (L.) L'Hér.	SPECIES	220	Magnoliopsida	Plantae
159748962	7346102	https://www.gbif.org/species/7346102	Erythranthe guttata (DC.) G.L.Nesom	ACCEPTED	7346102	Erythranthe guttata (DC.) G.L.Nesom	SPECIES	220	Magnoliopsida	Plantae
159748985	5415009	https://www.gbif.org/species/5415009	Linaria supina (L.) Chaz.	ACCEPTED	5415009	Linaria supina (L.) Chaz.	SPECIES	220	Magnoliopsida	Plantae
159748992	3172099	https://www.gbif.org/species/3172099	Veronica austriaca L.	ACCEPTED	3172099	Veronica austriaca L.	SPECIES	220	Magnoliopsida	Plantae
159749036	3905825	https://www.gbif.org/species/3905825	Betonica macrantha K.Koch	ACCEPTED	3905825	Betonica macrantha K.Koch	SPECIES	220	Magnoliopsida	Plantae
159749052	7331548	https://www.gbif.org/species/7331548	Alonsoa linearis (Jacq.) Ruiz & Pav.	ACCEPTED	7331548	Alonsoa linearis (Jacq.) Ruiz & Pav.	SPECIES	220	Magnoliopsida	Plantae
159749078	3084693	https://www.gbif.org/species/3084693	Calandrinia ciliata (Ruiz & Pav.) DC.	ACCEPTED	3084693	Calandrinia ciliata (Ruiz & Pav.) DC.	SPECIES	220	Magnoliopsida	Plantae
159749099	3757457	https://www.gbif.org/species/3757457	Chenopodium polygonoides (Murr) Aellen	ACCEPTED	3757457	Chenopodium polygonoides (Murr) Aellen	SPECIES	220	Magnoliopsida	Plantae
159749116	2888870	https://www.gbif.org/species/2888870	Rumex spinosus L.	ACCEPTED	2888870	Rumex spinosus L.	SPECIES	220	Magnoliopsida	Plantae
159749125	7938233	https://www.gbif.org/species/7938233	Stellaria cupaniana (Jord. & Fourr.) Bég.	ACCEPTED	7938233	Stellaria cupaniana (Jord. & Fourr.) Bég.	SPECIES	220	Magnoliopsida	Plantae
162644337	2725229	https://www.gbif.org/species/2725229	Carex agastachys L.f.	ACCEPTED	2725229	Carex agastachys L.f.	SPECIES	196	Liliopsida	Plantae
162644711	9890104	https://www.gbif.org/species/9890104	Xeroplexa intersecta (Poiret, 1801)	ACCEPTED	9890104	Xeroplexa intersecta (Poiret, 1801)	SPECIES	225	Gastropoda	Animalia
162644821	7563173	https://www.gbif.org/species/7563173	Cryptorchestia cavimana (Heller, 1865)	ACCEPTED	7563173	Cryptorchestia cavimana (Heller, 1865)	SPECIES	229	Malacostraca	Animalia
164250535	2855338	https://www.gbif.org/species/2855338	Galanthus plicatus M.Bieb.	ACCEPTED	2855338	Galanthus plicatus M.Bieb.	SPECIES	196	Liliopsida	Plantae
164250541	2858963	https://www.gbif.org/species/2858963	Narcissus tazetta L.	ACCEPTED	2858963	Narcissus tazetta L.	SPECIES	196	Liliopsida	Plantae
164250635	2720171	https://www.gbif.org/species/2720171	Scirpus cyperinus (L.) Kunth	ACCEPTED	2720171	Scirpus cyperinus (L.) Kunth	SPECIES	196	Liliopsida	Plantae
164250924	2703459	https://www.gbif.org/species/2703459	Oryza sativa L.	ACCEPTED	2703459	Oryza sativa L.	SPECIES	196	Liliopsida	Plantae
164251122	3189836	https://www.gbif.org/species/3189836	Acer pensylvanicum L.	ACCEPTED	3189836	Acer pensylvanicum L.	SPECIES	220	Magnoliopsida	Plantae
164251179	3667007	https://www.gbif.org/species/3667007	Oenothera ×drawertii Renner ex Rostanski	ACCEPTED	3667007	Oenothera ×drawertii Renner ex Rostanski	SPECIES	220	Magnoliopsida	Plantae
164251181	3666776	https://www.gbif.org/species/3666776	Oenothera ×ersteinensis H.P.Linder & R.Jean	ACCEPTED	3666776	Oenothera ×ersteinensis H.P.Linder & R.Jean	SPECIES	220	Magnoliopsida	Plantae
164251733	2888622	https://www.gbif.org/species/2888622	Viburnum plicatum Thunb.	ACCEPTED	2888622	Viburnum plicatum Thunb.	SPECIES	220	Magnoliopsida	Plantae
164251831	2874574	https://www.gbif.org/species/2874574	Cucumis dipsaceus Ehrenb. ex Spach	ACCEPTED	2874574	Cucumis dipsaceus Ehrenb. ex Spach	SPECIES	220	Magnoliopsida	Plantae
164251865	5331238	https://www.gbif.org/species/5331238	Viola sororia Willd.	ACCEPTED	5331238	Viola sororia Willd.	SPECIES	220	Magnoliopsida	Plantae
164251911	5395559	https://www.gbif.org/species/5395559	Ligularia przewalskii (Maxim.) Diels	ACCEPTED	5395559	Ligularia przewalskii (Maxim.) Diels	SPECIES	220	Magnoliopsida	Plantae
164252030	8116963	https://www.gbif.org/species/8116963	Acanthus hungaricus (Borbás) Baen.	ACCEPTED	8116963	Acanthus hungaricus (Borbás) Baen.	SPECIES	220	Magnoliopsida	Plantae
164252088	5341407	https://www.gbif.org/species/5341407	Monarda didyma L.	ACCEPTED	5341407	Monarda didyma L.	SPECIES	220	Magnoliopsida	Plantae
164252115	4086523	https://www.gbif.org/species/4086523	Verbena incompta P.W.Michael	ACCEPTED	4086523	Verbena incompta P.W.Michael	SPECIES	220	Magnoliopsida	Plantae
182132844	8701771	https://www.gbif.org/species/8701771	Obama nungara Carbayo, Alvarez-Presas, Jones & Riutort, 2016	ACCEPTED	8701771	Obama nungara Carbayo, Alvarez-Presas, Jones & Riutort, 2016	SPECIES			Animalia
182132848	4416161	https://www.gbif.org/species/4416161	Dolichoplana striata Moseley, 1877	ACCEPTED	4416161	Dolichoplana striata Moseley, 1877	SPECIES			Animalia
182132854	2502810	https://www.gbif.org/species/2502810	Caenoplana coerulea Moseley, 1877	ACCEPTED	2502810	Caenoplana coerulea Moseley, 1877	SPECIES			Animalia
182132858	2502805	https://www.gbif.org/species/2502805	Kontikia ventrolineata (Dendy, 1892)	ACCEPTED	2502805	Kontikia ventrolineata (Dendy, 1892)	SPECIES			Animalia
182132859	5241445	https://www.gbif.org/species/5241445	Volvariella volvacea (Bull.) Singer	ACCEPTED	5241445	Volvariella volvacea (Bull.) Singer	SPECIES	186	Agaricomycetes	Fungi
182132869	2527401	https://www.gbif.org/species/2527401	Favolaschia calocera R.Heim	ACCEPTED	2527401	Favolaschia calocera R.Heim	SPECIES	186	Agaricomycetes	Fungi
182132928	2598552	https://www.gbif.org/species/2598552	Seifertia azaleae (Peck) Partr. & Morgan-Jones	ACCEPTED	2598552	Seifertia azaleae (Peck) Partr. & Morgan-Jones	SPECIES	183	Dothideomycetes	Fungi
182132946	5270720	https://www.gbif.org/species/5270720	Chara braunii C.C.Gmel.	ACCEPTED	5270720	Chara braunii C.C.Gmel.	SPECIES	328	Charophyceae	Plantae
182132993	2685663	https://www.gbif.org/species/2685663	Abies homolepis Siebold & Zucc.	ACCEPTED	2685663	Abies homolepis Siebold & Zucc.	SPECIES	194	Pinopsida	Plantae
182132997	4938682	https://www.gbif.org/species/4938682	Larix ×marschlinsii Coaz	ACCEPTED	4938682	Larix ×marschlinsii Coaz	SPECIES	194	Pinopsida	Plantae
182133040	2286388	https://www.gbif.org/species/2286388	Mulinia lateralis (Say, 1822)	ACCEPTED	2286388	Mulinia lateralis (Say, 1822)	SPECIES	137	Bivalvia	Animalia
182133056	2288926	https://www.gbif.org/species/2288926	Potamocorbula amurensis (Schrenck, 1862)	ACCEPTED	2288926	Potamocorbula amurensis (Schrenck, 1862)	SPECIES	137	Bivalvia	Animalia
182133060	2651826	https://www.gbif.org/species/2651826	Adiantum raddianum C.Presl	ACCEPTED	2651826	Adiantum raddianum C.Presl	SPECIES	7228684	Polypodiopsida	Plantae
182133073	2651098	https://www.gbif.org/species/2651098	Polystichum acrostichoides (Michx.) Schott	ACCEPTED	2651098	Polystichum acrostichoides (Michx.) Schott	SPECIES	7228684	Polypodiopsida	Plantae
182133075	2651122	https://www.gbif.org/species/2651122	Polystichum munitum (Kaulf.) C.Presl	ACCEPTED	2651122	Polystichum munitum (Kaulf.) C.Presl	SPECIES	7228684	Polypodiopsida	Plantae
182133082	7581174	https://www.gbif.org/species/7581174	Eucheilota menoni Kramp, 1959	ACCEPTED	7581174	Eucheilota menoni Kramp, 1959	SPECIES	205	Hydrozoa	Animalia
182133085	5185859	https://www.gbif.org/species/5185859	Lovenella assimilis (Browne, 1905)	ACCEPTED	5185859	Lovenella assimilis (Browne, 1905)	SPECIES	205	Hydrozoa	Animalia
182133113	5303524	https://www.gbif.org/species/5303524	Tinantia erecta (Jacq.) Fenzl	ACCEPTED	5303524	Tinantia erecta (Jacq.) Fenzl	SPECIES	196	Liliopsida	Plantae
182133135	2762737	https://www.gbif.org/species/2762737	Musa basjoo Siebold & Zucc. ex Iinuma	ACCEPTED	2762737	Musa basjoo Siebold & Zucc. ex Iinuma	SPECIES	196	Liliopsida	Plantae
182133173	8408816	https://www.gbif.org/species/8408816	Colchicum ×byzantinum Ker Gawl.	ACCEPTED	8408816	Colchicum ×byzantinum Ker Gawl.	SPECIES	196	Liliopsida	Plantae
182133180	5300716	https://www.gbif.org/species/5300716	Fritillaria imperialis L.	ACCEPTED	5300716	Fritillaria imperialis L.	SPECIES	196	Liliopsida	Plantae
182133214	5549949	https://www.gbif.org/species/5549949	Liriope muscari (Decne.) L.H.Bailey	ACCEPTED	5549949	Liriope muscari (Decne.) L.H.Bailey	SPECIES	196	Liliopsida	Plantae
182133220	6101215	https://www.gbif.org/species/6101215	Leptoptilos crumenifer (Linnaeus, 1758)	DOUBTFUL	6101215	Leptoptilos crumenifer (Linnaeus, 1758)	SPECIES	212	Aves	Animalia
182133221	5304187	https://www.gbif.org/species/5304187	Triteleia laxa Benth.	ACCEPTED	5304187	Triteleia laxa Benth.	SPECIES	196	Liliopsida	Plantae
182133241	2774214	https://www.gbif.org/species/2774214	Ophiopogon jaburan (Siebold) G.Lodd.	ACCEPTED	2774214	Ophiopogon jaburan (Siebold) G.Lodd.	SPECIES	196	Liliopsida	Plantae
182133250	2767428	https://www.gbif.org/species/2767428	Puschkinia scilloides Adams	ACCEPTED	2767428	Puschkinia scilloides Adams	SPECIES	196	Liliopsida	Plantae
182133263	2855398	https://www.gbif.org/species/2855398	Galanthus elwesii Hook.f.	ACCEPTED	2855398	Galanthus elwesii Hook.f.	SPECIES	196	Liliopsida	Plantae
182133271	2856891	https://www.gbif.org/species/2856891	Allium karataviense Regel	ACCEPTED	2856891	Allium karataviense Regel	SPECIES	196	Liliopsida	Plantae
182133273	2857341	https://www.gbif.org/species/2857341	Allium zebdanense Boiss. & Noë	ACCEPTED	2857341	Allium zebdanense Boiss. & Noë	SPECIES	196	Liliopsida	Plantae
182133276	2856780	https://www.gbif.org/species/2856780	Allium cristophii Trautv.	ACCEPTED	2856780	Allium cristophii Trautv.	SPECIES	196	Liliopsida	Plantae
182133353	2701879	https://www.gbif.org/species/2701879	Juncus striatus Schousb. ex E.Mey.	ACCEPTED	2701879	Juncus striatus Schousb. ex E.Mey.	SPECIES	196	Liliopsida	Plantae
182133392	6085036	https://www.gbif.org/species/6085036	Vulpia ciliata subsp. ciliata	DOUBTFUL	6085036	Vulpia ciliata subsp. ciliata	SUBSPECIES	196	Liliopsida	Plantae
182133493	9529916	https://www.gbif.org/species/9529916	Bufotes viridis (Laurenti, 1768)	ACCEPTED	9529916	Bufotes viridis (Laurenti, 1768)	SPECIES	131	Amphibia	Animalia
182133501	2423441	https://www.gbif.org/species/2423441	Bombina orientalis (Boulenger, 1890)	ACCEPTED	2423441	Bombina orientalis (Boulenger, 1890)	SPECIES	131	Amphibia	Animalia
182133502	10966302	https://www.gbif.org/species/10966302	Digitaria sanguinalis subsp. sanguinalis	SYNONYM	5289972	Digitaria sanguinalis (L.) Scop.	SPECIES	196	Liliopsida	Plantae
182133511	2427555	https://www.gbif.org/species/2427555	Hyla meridionalis Boettger, 1874	ACCEPTED	2427555	Hyla meridionalis Boettger, 1874	SPECIES	131	Amphibia	Animalia
182133517	2431781	https://www.gbif.org/species/2431781	Salamandra atra Laurenti, 1768	ACCEPTED	2431781	Salamandra atra Laurenti, 1768	SPECIES	131	Amphibia	Animalia
182133522	2431965	https://www.gbif.org/species/2431965	Ambystoma macrodactylum Baird, 1850	ACCEPTED	2431965	Ambystoma macrodactylum Baird, 1850	SPECIES	131	Amphibia	Animalia
182133525	2432063	https://www.gbif.org/species/2432063	Siren intermedia Barnes, 1826	ACCEPTED	2432063	Siren intermedia Barnes, 1826	SPECIES	131	Amphibia	Animalia
182133530	2703776	https://www.gbif.org/species/2703776	Bromus polyanthus Scribn. ex Shear	ACCEPTED	2703776	Bromus polyanthus Scribn. ex Shear	SPECIES	196	Liliopsida	Plantae
182133584	5218823	https://www.gbif.org/species/5218823	Mustela vison Schreber, 1777	ACCEPTED	5218823	Mustela vison Schreber, 1777	SPECIES	359	Mammalia	Animalia
182133615	2367919	https://www.gbif.org/species/2367919	Misgurnus anguillicaudatus (Cantor, 1842)	ACCEPTED	2367919	Misgurnus anguillicaudatus (Cantor, 1842)	SPECIES			Animalia
182133671	2374521	https://www.gbif.org/species/2374521	Terapon jarbua (Forsskål, 1775)	ACCEPTED	2374521	Terapon jarbua (Forsskål, 1775)	SPECIES			Animalia
182133699	8953936	https://www.gbif.org/species/8953936	Caiman crocodilus (Linnaeus, 1758)	ACCEPTED	8953936	Caiman crocodilus (Linnaeus, 1758)	SPECIES	11493978	Crocodylia	Animalia
182133704	5221810	https://www.gbif.org/species/5221810	Basiliscus plumifrons Cope, 1875	ACCEPTED	5221810	Basiliscus plumifrons Cope, 1875	SPECIES	11592253	Squamata	Animalia
182133709	5223725	https://www.gbif.org/species/5223725	Heterodon nasicus Baird & Girard, 1852	ACCEPTED	5223725	Heterodon nasicus Baird & Girard, 1852	SPECIES	11592253	Squamata	Animalia
182133715	5225137	https://www.gbif.org/species/5225137	Chalcides ocellatus (Forskal, 1775)	ACCEPTED	5225137	Chalcides ocellatus (Forskal, 1775)	SPECIES	11592253	Squamata	Animalia
182133718	5225433	https://www.gbif.org/species/5225433	Trachylepis striata (Peters, 1844)	ACCEPTED	5225433	Trachylepis striata (Peters, 1844)	SPECIES	11592253	Squamata	Animalia
182133721	5221283	https://www.gbif.org/species/5221283	Eublepharis macularius (Blyth, 1854)	ACCEPTED	5221283	Eublepharis macularius (Blyth, 1854)	SPECIES	11592253	Squamata	Animalia
182133725	8782549	https://www.gbif.org/species/8782549	Anolis Daudin, 1802	ACCEPTED	8782549	Anolis Daudin, 1802	GENUS	11592253	Squamata	Animalia
182133728	4287413	https://www.gbif.org/species/4287413	Anolis sagrei Duméril & Bibron, 1837	ACCEPTED	4287413	Anolis sagrei Duméril & Bibron, 1837	SPECIES	11592253	Squamata	Animalia
182133732	7582319	https://www.gbif.org/species/7582319	Trioceros hoehnelii (Steindachner, 1891)	ACCEPTED	7582319	Trioceros hoehnelii (Steindachner, 1891)	SPECIES	11592253	Squamata	Animalia
182133734	5221988	https://www.gbif.org/species/5221988	Furcifer pardalis (Cuvier, 1829)	ACCEPTED	5221988	Furcifer pardalis (Cuvier, 1829)	SPECIES	11592253	Squamata	Animalia
182133737	2449133	https://www.gbif.org/species/2449133	Chamaeleo calyptratus Duméril & Duméril, 1851	ACCEPTED	2449133	Chamaeleo calyptratus Duméril & Duméril, 1851	SPECIES	11592253	Squamata	Animalia
182133741	9022569	https://www.gbif.org/species/9022569	Chrysopelea ornata (Shaw, 1802)	ACCEPTED	9022569	Chrysopelea ornata (Shaw, 1802)	SPECIES	11592253	Squamata	Animalia
182133743	9195230	https://www.gbif.org/species/9195230	Spilotes pullatus (Linnaeus, 1758)	ACCEPTED	9195230	Spilotes pullatus (Linnaeus, 1758)	SPECIES	11592253	Squamata	Animalia
182133745	5222820	https://www.gbif.org/species/5222820	Lycodon capucinus (Boie, 1827)	ACCEPTED	5222820	Lycodon capucinus (Boie, 1827)	SPECIES	11592253	Squamata	Animalia
182133747	5224503	https://www.gbif.org/species/5224503	Lampropeltis triangulum (Lacépède, 1789)	ACCEPTED	5224503	Lampropeltis triangulum (Lacépède, 1789)	SPECIES	11592253	Squamata	Animalia
182133749	9187223	https://www.gbif.org/species/9187223	Pituophis melanoleucus (Daudin, 1803)	ACCEPTED	9187223	Pituophis melanoleucus (Daudin, 1803)	SPECIES	11592253	Squamata	Animalia
182133751	2453826	https://www.gbif.org/species/2453826	Pituophis catenifer (Blainville, 1835)	ACCEPTED	2453826	Pituophis catenifer (Blainville, 1835)	SPECIES	11592253	Squamata	Animalia
182133754	2458386	https://www.gbif.org/species/2458386	Elaphe sauromates (Pallas, 1811)	ACCEPTED	2458386	Elaphe sauromates (Pallas, 1811)	SPECIES	11592253	Squamata	Animalia
182133755	2458438	https://www.gbif.org/species/2458438	Elaphe schrenckii Strauch, 1873	ACCEPTED	2458438	Elaphe schrenckii Strauch, 1873	SPECIES	11592253	Squamata	Animalia
182133757	2458538	https://www.gbif.org/species/2458538	Zamenis longissimus (Laurenti, 1768)	ACCEPTED	2458538	Zamenis longissimus (Laurenti, 1768)	SPECIES	11592253	Squamata	Animalia
182133760	2455615	https://www.gbif.org/species/2455615	Pantherophis guttatus (Linnaeus, 1766)	ACCEPTED	2455615	Pantherophis guttatus (Linnaeus, 1766)	SPECIES	11592253	Squamata	Animalia
182133761	2455676	https://www.gbif.org/species/2455676	Pantherophis obsoletus (Say, 1823)	ACCEPTED	2455676	Pantherophis obsoletus (Say, 1823)	SPECIES	11592253	Squamata	Animalia
182133763	2458916	https://www.gbif.org/species/2458916	Hierophis viridiflavus (Lacépède, 1789)	ACCEPTED	2458916	Hierophis viridiflavus (Lacépède, 1789)	SPECIES	11592253	Squamata	Animalia
182133765	2457378	https://www.gbif.org/species/2457378	Rhamphiophis Peters, 1854	ACCEPTED	2457378	Rhamphiophis Peters, 1854	GENUS	11592253	Squamata	Animalia
182133766	2453882	https://www.gbif.org/species/2453882	Boaedon A.M.C.Duméril, Bibron & A.H.A.Duméril, 1854	ACCEPTED	2453882	Boaedon A.M.C.Duméril, Bibron & A.H.A.Duméril, 1854	GENUS	11592253	Squamata	Animalia
182133769	2445034	https://www.gbif.org/species/2445034	Tarentola mauritanica (Linnaeus, 1758)	ACCEPTED	2445034	Tarentola mauritanica (Linnaeus, 1758)	SPECIES	11592253	Squamata	Animalia
182133773	6161340	https://www.gbif.org/species/6161340	Natrix maura (Linnaeus, 1758)	ACCEPTED	6161340	Natrix maura (Linnaeus, 1758)	SPECIES	11592253	Squamata	Animalia
182133774	6161327	https://www.gbif.org/species/6161327	Natrix tessellata (Laurenti, 1768)	ACCEPTED	6161327	Natrix tessellata (Laurenti, 1768)	SPECIES	11592253	Squamata	Animalia
182133776	2457825	https://www.gbif.org/species/2457825	Thamnophis Fitzinger, 1843	ACCEPTED	2457825	Thamnophis Fitzinger, 1843	GENUS	11592253	Squamata	Animalia
182133781	5225659	https://www.gbif.org/species/5225659	Morelia spilota (Lacépède, 1804)	ACCEPTED	5225659	Morelia spilota (Lacépède, 1804)	SPECIES	11592253	Squamata	Animalia
182133783	2454645	https://www.gbif.org/species/2454645	Python Daudin, 1803	ACCEPTED	2454645	Python Daudin, 1803	GENUS	11592253	Squamata	Animalia
182133785	2465380	https://www.gbif.org/species/2465380	Python regius (Shaw, 1802)	ACCEPTED	2465380	Python regius (Shaw, 1802)	SPECIES	11592253	Squamata	Animalia
182133787	2465369	https://www.gbif.org/species/2465369	Python molurus (Linnaeus, 1758)	ACCEPTED	2465369	Python molurus (Linnaeus, 1758)	SPECIES	11592253	Squamata	Animalia
182133789	2465003	https://www.gbif.org/species/2465003	Antaresia childreni (Gray, 1842)	ACCEPTED	2465003	Antaresia childreni (Gray, 1842)	SPECIES	11592253	Squamata	Animalia
182133792	3169169	https://www.gbif.org/species/3169169	Celastrus orbiculatus Thunb.	ACCEPTED	3169169	Celastrus orbiculatus Thunb.	SPECIES	220	Magnoliopsida	Plantae
182133795	5226308	https://www.gbif.org/species/5226308	Agama agama (Linnaeus, 1758)	ACCEPTED	5226308	Agama agama (Linnaeus, 1758)	SPECIES	11592253	Squamata	Animalia
182133797	2465626	https://www.gbif.org/species/2465626	Pogona Storr, 1982	ACCEPTED	2465626	Pogona Storr, 1982	GENUS	11592253	Squamata	Animalia
182133799	2465641	https://www.gbif.org/species/2465641	Pogona vitticeps (Ahl, 1926)	ACCEPTED	2465641	Pogona vitticeps (Ahl, 1926)	SPECIES	11592253	Squamata	Animalia
182133800	2465649	https://www.gbif.org/species/2465649	Pogona henrylawsoni Wells & Wellington, 1985	ACCEPTED	2465649	Pogona henrylawsoni Wells & Wellington, 1985	SPECIES	11592253	Squamata	Animalia
182133805	2465402	https://www.gbif.org/species/2465402	Physignathus cocincinus Cuvier, 1829	ACCEPTED	2465402	Physignathus cocincinus Cuvier, 1829	SPECIES	11592253	Squamata	Animalia
182133806	2466496	https://www.gbif.org/species/2466496	Calotes Cuvier, 1817	ACCEPTED	2466496	Calotes Cuvier, 1817	GENUS	11592253	Squamata	Animalia
182133812	2459658	https://www.gbif.org/species/2459658	Iguana iguana (Linnaeus, 1758)	ACCEPTED	2459658	Iguana iguana (Linnaeus, 1758)	SPECIES	11592253	Squamata	Animalia
182133813	2459675	https://www.gbif.org/species/2459675	Iguana Laurenti, 1768	ACCEPTED	2459675	Iguana Laurenti, 1768	GENUS	11592253	Squamata	Animalia
182133818	2470656	https://www.gbif.org/species/2470656	Varanus niloticus (Linnaeus, 1766)	ACCEPTED	2470656	Varanus niloticus (Linnaeus, 1766)	SPECIES	11592253	Squamata	Animalia
182133821	8566446	https://www.gbif.org/species/8566446	Aesculus indica (Colebr. ex Cambess.) Hook.	ACCEPTED	8566446	Aesculus indica (Colebr. ex Cambess.) Hook.	SPECIES	220	Magnoliopsida	Plantae
182133823	6159223	https://www.gbif.org/species/6159223	Lacerta agilis Linnaeus, 1758	ACCEPTED	6159223	Lacerta agilis Linnaeus, 1758	SPECIES	11592253	Squamata	Animalia
182133830	3767816	https://www.gbif.org/species/3767816	Acer japonicum Thunb.	ACCEPTED	3767816	Acer japonicum Thunb.	SPECIES	220	Magnoliopsida	Plantae
182133832	2444141	https://www.gbif.org/species/2444141	Boa Linnaeus, 1758	ACCEPTED	2444141	Boa Linnaeus, 1758	GENUS	11592253	Squamata	Animalia
182133833	2464899	https://www.gbif.org/species/2464899	Boa constrictor Linnaeus, 1758	ACCEPTED	2464899	Boa constrictor Linnaeus, 1758	SPECIES	11592253	Squamata	Animalia
182133834	3189882	https://www.gbif.org/species/3189882	Acer palmatum Thunb.	ACCEPTED	3189882	Acer palmatum Thunb.	SPECIES	220	Magnoliopsida	Plantae
182133838	2444356	https://www.gbif.org/species/2444356	Crotalus atrox Baird & Girard, 1853	ACCEPTED	2444356	Crotalus atrox Baird & Girard, 1853	SPECIES	11592253	Squamata	Animalia
182133841	2444339	https://www.gbif.org/species/2444339	Vipera aspis (Linnaeus, 1758)	ACCEPTED	2444339	Vipera aspis (Linnaeus, 1758)	SPECIES	11592253	Squamata	Animalia
182133843	2444221	https://www.gbif.org/species/2444221	Sistrurus Garman, 1884	ACCEPTED	2444221	Sistrurus Garman, 1884	GENUS	11592253	Squamata	Animalia
182133846	2443876	https://www.gbif.org/species/2443876	Echis carinatus (Schneider, 1801)	ACCEPTED	2443876	Echis carinatus (Schneider, 1801)	SPECIES	11592253	Squamata	Animalia
182133849	2447418	https://www.gbif.org/species/2447418	Phelsuma Gray, 1825	ACCEPTED	2447418	Phelsuma Gray, 1825	GENUS	11592253	Squamata	Animalia
182133852	2447367	https://www.gbif.org/species/2447367	Gekko gecko (Linnaeus, 1758)	ACCEPTED	2447367	Gekko gecko (Linnaeus, 1758)	SPECIES	11592253	Squamata	Animalia
182133860	5220394	https://www.gbif.org/species/5220394	Sternotherus carinatus (Gray, 1856)	ACCEPTED	5220394	Sternotherus carinatus (Gray, 1856)	SPECIES	11418114	Testudines	Animalia
182133865	2441454	https://www.gbif.org/species/2441454	Testudo hermanni Gmelin, 1789	ACCEPTED	2441454	Testudo hermanni Gmelin, 1789	SPECIES	11418114	Testudines	Animalia
182133866	2441461	https://www.gbif.org/species/2441461	Testudo graeca Linnaeus, 1758	ACCEPTED	2441461	Testudo graeca Linnaeus, 1758	SPECIES	11418114	Testudines	Animalia
182133869	2441533	https://www.gbif.org/species/2441533	Centrochelys sulcata (Miller, 1779)	ACCEPTED	2441533	Centrochelys sulcata (Miller, 1779)	SPECIES	11418114	Testudines	Animalia
182133871	2441658	https://www.gbif.org/species/2441658	Testudo Linnaeus, 1758	ACCEPTED	2441658	Testudo Linnaeus, 1758	GENUS	11418114	Testudines	Animalia
182133875	2443597	https://www.gbif.org/species/2443597	Mauremys reevesii (Gray, 1831)	ACCEPTED	2443597	Mauremys reevesii (Gray, 1831)	SPECIES	11418114	Testudines	Animalia
182133879	2441905	https://www.gbif.org/species/2441905	Chelydra serpentina (Linnaeus, 1758)	ACCEPTED	2441905	Chelydra serpentina (Linnaeus, 1758)	SPECIES	11418114	Testudines	Animalia
182133882	2442664	https://www.gbif.org/species/2442664	Apalone Rafinesque, 1832	ACCEPTED	2442664	Apalone Rafinesque, 1832	GENUS	11418114	Testudines	Animalia
182133884	2442665	https://www.gbif.org/species/2442665	Apalone ferox (Schneider, 1783)	ACCEPTED	2442665	Apalone ferox (Schneider, 1783)	SPECIES	11418114	Testudines	Animalia
182133889	8909809	https://www.gbif.org/species/8909809	Emys orbicularis (Linnaeus, 1758)	ACCEPTED	8909809	Emys orbicularis (Linnaeus, 1758)	SPECIES	11418114	Testudines	Animalia
182133892	2443173	https://www.gbif.org/species/2443173	Terrapene carolina (Linnaeus, 1758)	ACCEPTED	2443173	Terrapene carolina (Linnaeus, 1758)	SPECIES	11418114	Testudines	Animalia
182133895	2443133	https://www.gbif.org/species/2443133	Chrysemys picta (Schneider, 1783)	ACCEPTED	2443133	Chrysemys picta (Schneider, 1783)	SPECIES	11418114	Testudines	Animalia
182133900	2443002	https://www.gbif.org/species/2443002	Trachemys scripta (Thunberg In Schoepff, 1792)	ACCEPTED	2443002	Trachemys scripta (Thunberg In Schoepff, 1792)	SPECIES	11418114	Testudines	Animalia
182133904	9228211	https://www.gbif.org/species/9228211	Graptemys pseudogeographica (Gray, 1831)	ACCEPTED	9228211	Graptemys pseudogeographica (Gray, 1831)	SPECIES	11418114	Testudines	Animalia
182133906	2443079	https://www.gbif.org/species/2443079	Graptemys ouachitensis Cagle, 1953	ACCEPTED	2443079	Graptemys ouachitensis Cagle, 1953	SPECIES	11418114	Testudines	Animalia
182133907	2443074	https://www.gbif.org/species/2443074	Graptemys geographica (Lesueur, 1817)	ACCEPTED	2443074	Graptemys geographica (Lesueur, 1817)	SPECIES	11418114	Testudines	Animalia
182133908	5362054	https://www.gbif.org/species/5362054	Crassula helmsii (Kirk) Cockayne	ACCEPTED	5362054	Crassula helmsii (Kirk) Cockayne	SPECIES	220	Magnoliopsida	Plantae
182133911	9601519	https://www.gbif.org/species/9601519	Pseudemys rubriventris (Le Conte, 1830)	ACCEPTED	9601519	Pseudemys rubriventris (Le Conte, 1830)	SPECIES	11418114	Testudines	Animalia
182133912	7334489	https://www.gbif.org/species/7334489	Sedum palmeri S.Watson	ACCEPTED	7334489	Sedum palmeri S.Watson	SPECIES	220	Magnoliopsida	Plantae
182133913	8898408	https://www.gbif.org/species/8898408	Pseudemys concinna (Le Conte, 1830)	ACCEPTED	8898408	Pseudemys concinna (Le Conte, 1830)	SPECIES	11418114	Testudines	Animalia
182133914	2442843	https://www.gbif.org/species/2442843	Pseudemys nelsoni Carr, 1938	ACCEPTED	2442843	Pseudemys nelsoni Carr, 1938	SPECIES	11418114	Testudines	Animalia
182133916	5362046	https://www.gbif.org/species/5362046	Sedum spathulifolium Hook.	ACCEPTED	5362046	Sedum spathulifolium Hook.	SPECIES	220	Magnoliopsida	Plantae
182133918	9803191	https://www.gbif.org/species/9803191	Pelusios castaneus (Schweigger, 1812)	ACCEPTED	9803191	Pelusios castaneus (Schweigger, 1812)	SPECIES	11418114	Testudines	Animalia
182133937	4194699	https://www.gbif.org/species/4194699	Ribes ×nidigrolaria Rud.Bauer & A.Bauer	ACCEPTED	4194699	Ribes ×nidigrolaria Rud.Bauer & A.Bauer	SPECIES	220	Magnoliopsida	Plantae
182133941	2308609	https://www.gbif.org/species/2308609	Potamothrix moldaviensis Vejdovský & Mrázek, 1903	ACCEPTED	2308609	Potamothrix moldaviensis Vejdovský & Mrázek, 1903	SPECIES	255	Clitellata	Animalia
182133944	2308549	https://www.gbif.org/species/2308549	Limnodrilus maumeensis Brinkhurst & Cook, 1966	ACCEPTED	2308549	Limnodrilus maumeensis Brinkhurst & Cook, 1966	SPECIES	255	Clitellata	Animalia
182133960	2321001	https://www.gbif.org/species/2321001	Boccardiella ligerica (Ferronnière, 1898)	ACCEPTED	2321001	Boccardiella ligerica (Ferronnière, 1898)	SPECIES	256	Polychaeta	Animalia
182133971	10578411	https://www.gbif.org/species/10578411	Laonome xeprovala Bick & Bastrop, 2018	ACCEPTED	10578411	Laonome xeprovala Bick & Bastrop, 2018	SPECIES	256	Polychaeta	Animalia
182133994	3266899	https://www.gbif.org/species/3266899	Lampropeltis Öpik, 1967	DOUBTFUL	3266899	Lampropeltis Öpik, 1967	GENUS	9273948	Trilobita	Animalia
182134001	4309705	https://www.gbif.org/species/4309705	Atyaephyra desmarestii (Millet, 1831)	ACCEPTED	4309705	Atyaephyra desmarestii (Millet, 1831)	SPECIES	229	Malacostraca	Animalia
182134007	2223840	https://www.gbif.org/species/2223840	Penaeus aztecus Ives, 1891	ACCEPTED	2223840	Penaeus aztecus Ives, 1891	SPECIES	229	Malacostraca	Animalia
182134023	3036157	https://www.gbif.org/species/3036157	Hedera hibernica (G.Kirchn.) Carrière	DOUBTFUL	3036157	Hedera hibernica (G.Kirchn.) Carrière	SPECIES	220	Magnoliopsida	Plantae
182134042	6027176	https://www.gbif.org/species/6027176	Opopanax chironium (L.) W.D.J.Koch	ACCEPTED	6027176	Opopanax chironium (L.) W.D.J.Koch	SPECIES	220	Magnoliopsida	Plantae
182134043	8307577	https://www.gbif.org/species/8307577	Cryptorchestia garbinii Ruffo, Tarocco & Latella, 2014	ACCEPTED	8307577	Cryptorchestia garbinii Ruffo, Tarocco & Latella, 2014	SPECIES	229	Malacostraca	Animalia
182134074	2219149	https://www.gbif.org/species/2219149	Grandidierella japonica Stephensen, 1938	ACCEPTED	2219149	Grandidierella japonica Stephensen, 1938	SPECIES	229	Malacostraca	Animalia
182134080	2220417	https://www.gbif.org/species/2220417	Neomysis americana (S.I.Smith, 1873)	ACCEPTED	2220417	Neomysis americana (S.I.Smith, 1873)	SPECIES	229	Malacostraca	Animalia
182134097	8418338	https://www.gbif.org/species/8418338	Hydrocotyle sibthorpioides Lam.	ACCEPTED	8418338	Hydrocotyle sibthorpioides Lam.	SPECIES	220	Magnoliopsida	Plantae
182134118	5166487	https://www.gbif.org/species/5166487	Megabalanus tintinnabulum (Linnaeus, 1758)	ACCEPTED	5166487	Megabalanus tintinnabulum (Linnaeus, 1758)	SPECIES	203	Maxillopoda	Animalia
182134126	2114769	https://www.gbif.org/species/2114769	Pseudodiaptomus marinus Sato, 1913	ACCEPTED	2114769	Pseudodiaptomus marinus Sato, 1913	SPECIES	11545536	Copepoda	Animalia
182134142	5341797	https://www.gbif.org/species/5341797	Physalis grisea (Waterf.) M.Martínez	ACCEPTED	5341797	Physalis grisea (Waterf.) M.Martínez	SPECIES	220	Magnoliopsida	Plantae
182134151	2928759	https://www.gbif.org/species/2928759	Nicotiana langsdorffii Weinm.	DOUBTFUL	2928759	Nicotiana langsdorffii Weinm.	SPECIES	220	Magnoliopsida	Plantae
182134170	2928805	https://www.gbif.org/species/2928805	Jaltomata procumbens (Cav.) J.L.Gentry	ACCEPTED	2928805	Jaltomata procumbens (Cav.) J.L.Gentry	SPECIES	220	Magnoliopsida	Plantae
182134180	7645889	https://www.gbif.org/species/7645889	Sesbania cannabina (Retz.) Poir.	ACCEPTED	7645889	Sesbania cannabina (Retz.) Poir.	SPECIES	220	Magnoliopsida	Plantae
182134182	7484581	https://www.gbif.org/species/7484581	Desmanthus illinoensis (Michx.) MacMill. ex B.L.Rob. & Fernald	ACCEPTED	7484581	Desmanthus illinoensis (Michx.) MacMill. ex B.L.Rob. & Fernald	SPECIES	220	Magnoliopsida	Plantae
182134198	5632022	https://www.gbif.org/species/5632022	Lotus dorycnium L.	ACCEPTED	5632022	Lotus dorycnium L.	SPECIES	220	Magnoliopsida	Plantae
182134200	5354799	https://www.gbif.org/species/5354799	Lotus hirsutus L.	ACCEPTED	5354799	Lotus hirsutus L.	SPECIES	220	Magnoliopsida	Plantae
182134211	5354530	https://www.gbif.org/species/5354530	Chamaecytisus hirsutus (L.) Link	ACCEPTED	5354530	Chamaecytisus hirsutus (L.) Link	SPECIES	220	Magnoliopsida	Plantae
182134239	4485843	https://www.gbif.org/species/4485843	Halyomorpha halys (Stål, 1855)	ACCEPTED	4485843	Halyomorpha halys (Stål, 1855)	SPECIES	216	Insecta	Animalia
182134244	4487799	https://www.gbif.org/species/4487799	Tupiocoris rhododendri (Dolling, 1972)	ACCEPTED	4487799	Tupiocoris rhododendri (Dolling, 1972)	SPECIES	216	Insecta	Animalia
182134253	5156102	https://www.gbif.org/species/5156102	Leptoglossus occidentalis Heidemann, 1910	ACCEPTED	5156102	Leptoglossus occidentalis Heidemann, 1910	SPECIES	216	Insecta	Animalia
182134256	2020688	https://www.gbif.org/species/2020688	Stephanitis rhododendri Horváth, 1905	ACCEPTED	2020688	Stephanitis rhododendri Horváth, 1905	SPECIES	216	Insecta	Animalia
182134261	2041682	https://www.gbif.org/species/2041682	Graphocephala fennahi Young, 1977	ACCEPTED	2041682	Graphocephala fennahi Young, 1977	SPECIES	216	Insecta	Animalia
182134272	4528099	https://www.gbif.org/species/4528099	Tuta absoluta (Meyrick, 1917)	SYNONYM	4528100	Phthorimaea absoluta Meyrick, 1917	SPECIES	216	Insecta	Animalia
182134288	3967193	https://www.gbif.org/species/3967193	Caragana halodendron (Pall.) Dum.Cours.	ACCEPTED	3967193	Caragana halodendron (Pall.) Dum.Cours.	SPECIES	220	Magnoliopsida	Plantae
182134291	7426824	https://www.gbif.org/species/7426824	Vicia melanops Sm.	ACCEPTED	7426824	Vicia melanops Sm.	SPECIES	220	Magnoliopsida	Plantae
182134295	3973636	https://www.gbif.org/species/3973636	Vicia dalmatica A.Kern.	ACCEPTED	3973636	Vicia dalmatica A.Kern.	SPECIES	220	Magnoliopsida	Plantae
182134304	1690276	https://www.gbif.org/species/1690276	Eupholidoptera chabrieri (Charpentier, 1825)	ACCEPTED	1690276	Eupholidoptera chabrieri (Charpentier, 1825)	SPECIES	216	Insecta	Animalia
182134308	2972703	https://www.gbif.org/species/2972703	Onobrychis caput-galli (L.) Lam.	ACCEPTED	2972703	Onobrychis caput-galli (L.) Lam.	SPECIES	220	Magnoliopsida	Plantae
182134318	5073820	https://www.gbif.org/species/5073820	Drosophila suzukii (Matsumura, 1931)	ACCEPTED	5073820	Drosophila suzukii (Matsumura, 1931)	SPECIES	216	Insecta	Animalia
182134322	1551754	https://www.gbif.org/species/1551754	Phytomyza jucunda Frost & Sasakawa, 1954	ACCEPTED	1551754	Phytomyza jucunda Frost & Sasakawa, 1954	SPECIES	216	Insecta	Animalia
182134330	1548900	https://www.gbif.org/species/1548900	Dohrniphora cornuta (Bigot, 1857)	ACCEPTED	1548900	Dohrniphora cornuta (Bigot, 1857)	SPECIES	216	Insecta	Animalia
182134332	2965331	https://www.gbif.org/species/2965331	Medicago ×varia Martyn	ACCEPTED	2965331	Medicago ×varia Martyn	SPECIES	220	Magnoliopsida	Plantae
182134340	2963569	https://www.gbif.org/species/2963569	Styphnolobium japonicum (L.) Schott	ACCEPTED	2963569	Styphnolobium japonicum (L.) Schott	SPECIES	220	Magnoliopsida	Plantae
182134345	1421091	https://www.gbif.org/species/1421091	Lepisma saccharinum Linnaeus, 1758	ACCEPTED	1421091	Lepisma saccharinum Linnaeus, 1758	SPECIES	216	Insecta	Animalia
182134346	8193111	https://www.gbif.org/species/8193111	Melilotus officinalis (L.) Lam.	ACCEPTED	8193111	Melilotus officinalis (L.) Lam.	SPECIES	220	Magnoliopsida	Plantae
182134356	2938473	https://www.gbif.org/species/2938473	Biserrula pelecinus L.	ACCEPTED	2938473	Biserrula pelecinus L.	SPECIES	220	Magnoliopsida	Plantae
182134368	3966627	https://www.gbif.org/species/3966627	Cullen cinereum (Lindl.) J.W.Grimes	ACCEPTED	3966627	Cullen cinereum (Lindl.) J.W.Grimes	SPECIES	220	Magnoliopsida	Plantae
182134387	1342324	https://www.gbif.org/species/1342324	Xylocopa virginica (Linnaeus, 1771)	ACCEPTED	1342324	Xylocopa virginica (Linnaeus, 1771)	SPECIES	216	Insecta	Animalia
182134433	5376179	https://www.gbif.org/species/5376179	Hornungia petraea (L.) Rchb.	ACCEPTED	5376179	Hornungia petraea (L.) Rchb.	SPECIES	220	Magnoliopsida	Plantae
182134448	3050595	https://www.gbif.org/species/3050595	Hirschfeldia incana (L.) Lagr.-Foss.	ACCEPTED	3050595	Hirschfeldia incana (L.) Lagr.-Foss.	SPECIES	220	Magnoliopsida	Plantae
182134454	1195013	https://www.gbif.org/species/1195013	Otiorhynchus aurifer Boheman, 1842	ACCEPTED	1195013	Otiorhynchus aurifer Boheman, 1842	SPECIES	216	Insecta	Animalia
182134455	1194989	https://www.gbif.org/species/1194989	Otiorhynchus cribricollis Gyllenhal, 1834	ACCEPTED	1194989	Otiorhynchus cribricollis Gyllenhal, 1834	SPECIES	216	Insecta	Animalia
182134456	1194885	https://www.gbif.org/species/1194885	Otiorhynchus meridionalis Gyllenhal, 1834	ACCEPTED	1194885	Otiorhynchus meridionalis Gyllenhal, 1834	SPECIES	216	Insecta	Animalia
182134464	3045803	https://www.gbif.org/species/3045803	Cardamine graeca L.	ACCEPTED	3045803	Cardamine graeca L.	SPECIES	220	Magnoliopsida	Plantae
182134475	4460066	https://www.gbif.org/species/4460066	Chrysolina americana (Linnaeus, 1758)	ACCEPTED	4460066	Chrysolina americana (Linnaeus, 1758)	SPECIES	216	Insecta	Animalia
182134477	1047536	https://www.gbif.org/species/1047536	Leptinotarsa decemlineata (Say, 1824)	ACCEPTED	1047536	Leptinotarsa decemlineata (Say, 1824)	SPECIES	216	Insecta	Animalia
182134537	2889980	https://www.gbif.org/species/2889980	Geranium ×magnificum Hyl.	ACCEPTED	2889980	Geranium ×magnificum Hyl.	SPECIES	220	Magnoliopsida	Plantae
182134538	2890995	https://www.gbif.org/species/2890995	Geranium ×cantabrigiense P.F.Yeo	ACCEPTED	2890995	Geranium ×cantabrigiense P.F.Yeo	SPECIES	220	Magnoliopsida	Plantae
182134539	2890972	https://www.gbif.org/species/2890972	Geranium wallichianum D.Don ex Sweet	ACCEPTED	2890972	Geranium wallichianum D.Don ex Sweet	SPECIES	220	Magnoliopsida	Plantae
182134562	6070732	https://www.gbif.org/species/6070732	Mimulus ringens L.	ACCEPTED	6070732	Mimulus ringens L.	SPECIES	220	Magnoliopsida	Plantae
182134565	5415463	https://www.gbif.org/species/5415463	Thunbergia alata Bojer ex Sims	ACCEPTED	5415463	Thunbergia alata Bojer ex Sims	SPECIES	220	Magnoliopsida	Plantae
182134574	8251158	https://www.gbif.org/species/8251158	Penstemon digitalis Nutt.	ACCEPTED	8251158	Penstemon digitalis Nutt.	SPECIES	220	Magnoliopsida	Plantae
182134582	7331874	https://www.gbif.org/species/7331874	Veronica repens Clarion ex DC.	ACCEPTED	7331874	Veronica repens Clarion ex DC.	SPECIES	220	Magnoliopsida	Plantae
182134595	5561475	https://www.gbif.org/species/5561475	Chaenostoma cordatum Benth.	ACCEPTED	5561475	Chaenostoma cordatum Benth.	SPECIES	220	Magnoliopsida	Plantae
182134599	3170873	https://www.gbif.org/species/3170873	Scrophularia canina L.	ACCEPTED	3170873	Scrophularia canina L.	SPECIES	220	Magnoliopsida	Plantae
182134600	3170862	https://www.gbif.org/species/3170862	Scrophularia peregrina L.	ACCEPTED	3170862	Scrophularia peregrina L.	SPECIES	220	Magnoliopsida	Plantae
182134656	2926613	https://www.gbif.org/species/2926613	Origanum onites L.	ACCEPTED	2926613	Origanum onites L.	SPECIES	220	Magnoliopsida	Plantae
182134658	2926681	https://www.gbif.org/species/2926681	Lamium confertum Fr.	ACCEPTED	2926681	Lamium confertum Fr.	SPECIES	220	Magnoliopsida	Plantae
182134689	4067112	https://www.gbif.org/species/4067112	Symphytum orientale L.	ACCEPTED	4067112	Symphytum orientale L.	SPECIES	220	Magnoliopsida	Plantae
182134695	7393329	https://www.gbif.org/species/7393329	Cucurbita moschata (Duchesne) Duchesne ex Poir.	ACCEPTED	7393329	Cucurbita moschata (Duchesne) Duchesne ex Poir.	SPECIES	220	Magnoliopsida	Plantae
182134719	3596131	https://www.gbif.org/species/3596131	Halimium lasianthum subsp. alyssoides (Lam.) Greuter	ACCEPTED	3596131	Halimium lasianthum subsp. alyssoides (Lam.) Greuter	SUBSPECIES	220	Magnoliopsida	Plantae
182134726	7296375	https://www.gbif.org/species/7296375	Viola hederacea Labill.	ACCEPTED	7296375	Viola hederacea Labill.	SPECIES	220	Magnoliopsida	Plantae
182134731	5373039	https://www.gbif.org/species/5373039	Salix ×sepulcralis var. chrysocoma (Dode) Meikle	ACCEPTED	5373039	Salix ×sepulcralis var. chrysocoma (Dode) Meikle	VARIETY	220	Magnoliopsida	Plantae
182134733	3040241	https://www.gbif.org/species/3040241	Populus ×jackii Sarg.	ACCEPTED	3040241	Populus ×jackii Sarg.	SPECIES	220	Magnoliopsida	Plantae
182134756	4205640	https://www.gbif.org/species/4205640	Juglans mandshurica Maxim.	ACCEPTED	4205640	Juglans mandshurica Maxim.	SPECIES	220	Magnoliopsida	Plantae
182134768	3033865	https://www.gbif.org/species/3033865	Mahonia aquifolium (Pursh) Nutt.	ACCEPTED	3033865	Mahonia aquifolium (Pursh) Nutt.	SPECIES	220	Magnoliopsida	Plantae
182134779	3033833	https://www.gbif.org/species/3033833	Delphinium ajacis L.	ACCEPTED	3033833	Delphinium ajacis L.	SPECIES	220	Magnoliopsida	Plantae
182134783	7278040	https://www.gbif.org/species/7278040	Thalictrum delavayi Franch.	ACCEPTED	7278040	Thalictrum delavayi Franch.	SPECIES	220	Magnoliopsida	Plantae
182134793	5530855	https://www.gbif.org/species/5530855	Corydalis linstowiana Fedde	ACCEPTED	5530855	Corydalis linstowiana Fedde	SPECIES	220	Magnoliopsida	Plantae
182134799	7153734	https://www.gbif.org/species/7153734	Papaver commutatum Fisch. & C.A.Mey.	ACCEPTED	7153734	Papaver commutatum Fisch. & C.A.Mey.	SPECIES	220	Magnoliopsida	Plantae
182134802	2888564	https://www.gbif.org/species/2888564	Lamprocapnos spectabilis (L.) Fukuhara	ACCEPTED	2888564	Lamprocapnos spectabilis (L.) Fukuhara	SPECIES	220	Magnoliopsida	Plantae
182134828	8400045	https://www.gbif.org/species/8400045	Daboecia cantabrica (Huds.) K.Koch	ACCEPTED	8400045	Daboecia cantabrica (Huds.) K.Koch	SPECIES	220	Magnoliopsida	Plantae
182134831	7327719	https://www.gbif.org/species/7327719	Erica ×darleyensis Bean	ACCEPTED	7327719	Erica ×darleyensis Bean	SPECIES	220	Magnoliopsida	Plantae
182134838	2882631	https://www.gbif.org/species/2882631	Pieris japonica (Thunb.) D.Don ex G.Don	ACCEPTED	2882631	Pieris japonica (Thunb.) D.Don ex G.Don	SPECIES	220	Magnoliopsida	Plantae
182134854	7475424	https://www.gbif.org/species/7475424	Scabiosa lucida Vill.	ACCEPTED	7475424	Scabiosa lucida Vill.	SPECIES	220	Magnoliopsida	Plantae
182134890	8210972	https://www.gbif.org/species/8210972	Jacobaea ×albescens (Burb. & Colgan) Verloove & Lambinon	ACCEPTED	8210972	Jacobaea ×albescens (Burb. & Colgan) Verloove & Lambinon	SPECIES	220	Magnoliopsida	Plantae
182134906	8199647	https://www.gbif.org/species/8199647	Cichorium calvum Sch.Bip.	DOUBTFUL	8199647	Cichorium calvum Sch.Bip.	SPECIES	220	Magnoliopsida	Plantae
182134908	5396125	https://www.gbif.org/species/5396125	Eurybia divaricata (L.) G.L.Nesom	ACCEPTED	5396125	Eurybia divaricata (L.) G.L.Nesom	SPECIES	220	Magnoliopsida	Plantae
182134916	6076957	https://www.gbif.org/species/6076957	Pulicaria arabica subsp. hispanica (Boiss.) Murb.	ACCEPTED	6076957	Pulicaria arabica subsp. hispanica (Boiss.) Murb.	SUBSPECIES	220	Magnoliopsida	Plantae
182134919	4211590	https://www.gbif.org/species/4211590	Lactuca macrophylla subsp. uralensis (Rouy) N.Kilian & Greuter	ACCEPTED	4211590	Lactuca macrophylla subsp. uralensis (Rouy) N.Kilian & Greuter	SUBSPECIES	220	Magnoliopsida	Plantae
182134921	4219118	https://www.gbif.org/species/4219118	Hieracium glaucinum subsp. recensitum (Jord. ex Boreau) Gottschl.	ACCEPTED	4219118	Hieracium glaucinum subsp. recensitum (Jord. ex Boreau) Gottschl.	SUBSPECIES	220	Magnoliopsida	Plantae
182134934	3105508	https://www.gbif.org/species/3105508	Andryala integrifolia L.	ACCEPTED	3105508	Andryala integrifolia L.	SPECIES	220	Magnoliopsida	Plantae
182134946	7344766	https://www.gbif.org/species/7344766	Rudbeckia fulgida Aiton	ACCEPTED	7344766	Rudbeckia fulgida Aiton	SPECIES	220	Magnoliopsida	Plantae
182134955	3089140	https://www.gbif.org/species/3089140	Xanthium ambrosioides Hook. & Arn.	ACCEPTED	3089140	Xanthium ambrosioides Hook. & Arn.	SPECIES	220	Magnoliopsida	Plantae
182134960	3095939	https://www.gbif.org/species/3095939	Erigeron ×huelsenii Vatke	ACCEPTED	3095939	Erigeron ×huelsenii Vatke	SPECIES	220	Magnoliopsida	Plantae
182134971	3119206	https://www.gbif.org/species/3119206	Helianthus maximiliani Schrad.	ACCEPTED	3119206	Helianthus maximiliani Schrad.	SPECIES	220	Magnoliopsida	Plantae
182134977	3115828	https://www.gbif.org/species/3115828	Filago congesta Guss. ex DC.	ACCEPTED	3115828	Filago congesta Guss. ex DC.	SPECIES	220	Magnoliopsida	Plantae
182135021	5384889	https://www.gbif.org/species/5384889	Abronia fragrans Nutt. ex Hook.	ACCEPTED	5384889	Abronia fragrans Nutt. ex Hook.	SPECIES	220	Magnoliopsida	Plantae
182135028	3084872	https://www.gbif.org/species/3084872	Drosanthemum floribundum (Haw.) Schwantes	ACCEPTED	3084872	Drosanthemum floribundum (Haw.) Schwantes	SPECIES	220	Magnoliopsida	Plantae
182135052	7975549	https://www.gbif.org/species/7975549	Amaranthus ×ralletii Contré	ACCEPTED	7975549	Amaranthus ×ralletii Contré	SPECIES	220	Magnoliopsida	Plantae
182135058	3085196	https://www.gbif.org/species/3085196	Celosia cristata L.	SYNONYM	6429520	Celosia argentea f. cristata (L.) Schinz	FORM	220	Magnoliopsida	Plantae
182135060	7655198	https://www.gbif.org/species/7655198	Alternanthera denticulata R.Br.	ACCEPTED	7655198	Alternanthera denticulata R.Br.	SPECIES	220	Magnoliopsida	Plantae
182135072	4038524	https://www.gbif.org/species/4038524	×Reyllopia conollyana (J.P.Bailey) Galasso	ACCEPTED	4038524	×Reyllopia conollyana (J.P.Bailey) Galasso	SPECIES	220	Magnoliopsida	Plantae
182135076	8012649	https://www.gbif.org/species/8012649	Rumex ×hybridus Kindb.	ACCEPTED	8012649	Rumex ×hybridus Kindb.	SPECIES	220	Magnoliopsida	Plantae
182135086	8096233	https://www.gbif.org/species/8096233	Spergularia bocconei (Scheele) Graebn.	ACCEPTED	8096233	Spergularia bocconei (Scheele) Graebn.	SPECIES	220	Magnoliopsida	Plantae
182135113	3039270	https://www.gbif.org/species/3039270	Elaeagnus pungens Thunb.	ACCEPTED	3039270	Elaeagnus pungens Thunb.	SPECIES	220	Magnoliopsida	Plantae
182135114	3039267	https://www.gbif.org/species/3039267	Elaeagnus umbellata Thunb.	ACCEPTED	3039267	Elaeagnus umbellata Thunb.	SPECIES	220	Magnoliopsida	Plantae
182135127	5365717	https://www.gbif.org/species/5365717	Potentilla indica (Andrews) Th.Wolf	ACCEPTED	5365717	Potentilla indica (Andrews) Th.Wolf	SPECIES	220	Magnoliopsida	Plantae
182135133	5370829	https://www.gbif.org/species/5370829	Acaena caesiiglauca (Bitter) Bergmans	ACCEPTED	5370829	Acaena caesiiglauca (Bitter) Bergmans	SPECIES	220	Magnoliopsida	Plantae
182135135	8381801	https://www.gbif.org/species/8381801	Dasiphora davurica var. mandshurica (Maxim.) Verloove & Lambinon	ACCEPTED	8381801	Dasiphora davurica var. mandshurica (Maxim.) Verloove & Lambinon	VARIETY	220	Magnoliopsida	Plantae
182135146	9382645	https://www.gbif.org/species/9382645	Rosa virginiana Herrm.	ACCEPTED	9382645	Rosa virginiana Herrm.	SPECIES	220	Magnoliopsida	Plantae
182135153	3020838	https://www.gbif.org/species/3020838	Prunus tomentosa Thunb.	ACCEPTED	3020838	Prunus tomentosa Thunb.	SPECIES	220	Magnoliopsida	Plantae
182135158	10071055	https://www.gbif.org/species/10071055	Scandosorbus ×intermedia (Ehrh.) Sennikov	ACCEPTED	10071055	Scandosorbus ×intermedia (Ehrh.) Sennikov	SPECIES	220	Magnoliopsida	Plantae
213212204	5422556	https://www.gbif.org/species/5422556	Undaria pinnatifida (Harv.) Suringar	ACCEPTED	5422556	Undaria pinnatifida (Harv.) Suringar	SPECIES	7073593	Phaeophyceae	Chromista
213212211	7261816	https://www.gbif.org/species/7261816	Eptesicus nilssonii (Keyserling & Blasius, 1839)	ACCEPTED	7261816	Eptesicus nilssonii (Keyserling & Blasius, 1839)	SPECIES	359	Mammalia	Animalia
213212212	3197314	https://www.gbif.org/species/3197314	Sargassum muticum (Yendo) Fensholt	ACCEPTED	3197314	Sargassum muticum (Yendo) Fensholt	SPECIES	7073593	Phaeophyceae	Chromista
213212213	2432352	https://www.gbif.org/species/2432352	Eptesicus fuscus (Palisot de Beauvois, 1796)	ACCEPTED	2432352	Eptesicus fuscus (Palisot de Beauvois, 1796)	SPECIES	359	Mammalia	Animalia
213212227	8699607	https://www.gbif.org/species/8699607	Mycosarcoma maydis (DC.) Bref.	ACCEPTED	8699607	Mycosarcoma maydis (DC.) Bref.	SPECIES	148	Ustilaginomycetes	Fungi
213212253	2440196	https://www.gbif.org/species/2440196	Macropus rufogriseus (Desmarest, 1817)	ACCEPTED	2440196	Macropus rufogriseus (Desmarest, 1817)	SPECIES	359	Mammalia	Animalia
213212262	5219702	https://www.gbif.org/species/5219702	Cavia porcellus (Linnaeus, 1758)	ACCEPTED	5219702	Cavia porcellus (Linnaeus, 1758)	SPECIES	359	Mammalia	Animalia
213212272	2439270	https://www.gbif.org/species/2439270	Rattus rattus (Linnaeus, 1758)	ACCEPTED	2439270	Rattus rattus (Linnaeus, 1758)	SPECIES	359	Mammalia	Animalia
213212281	10797854	https://www.gbif.org/species/10797854	Puccinia grisea (F.Strauss) Bonord.	ACCEPTED	10797854	Puccinia grisea (F.Strauss) Bonord.	SPECIES	270	Pucciniomycetes	Fungi
213212296	2437399	https://www.gbif.org/species/2437399	Callosciurus finlaysonii (Horsfield, 1823)	ACCEPTED	2437399	Callosciurus finlaysonii (Horsfield, 1823)	SPECIES	359	Mammalia	Animalia
213212302	2513637	https://www.gbif.org/species/2513637	Entyloma eschscholziae Harkn.	ACCEPTED	2513637	Entyloma eschscholziae Harkn.	SPECIES	151	Exobasidiomycetes	Fungi
213212313	3340858	https://www.gbif.org/species/3340858	Lepiota elaiophylla Vellinga & Huijser	ACCEPTED	3340858	Lepiota elaiophylla Vellinga & Huijser	SPECIES	186	Agaricomycetes	Fungi
213212318	5218899	https://www.gbif.org/species/5218899	Amblonyx cinereus (Illiger, 1815)	ACCEPTED	5218899	Amblonyx cinereus (Illiger, 1815)	SPECIES	359	Mammalia	Animalia
213212319	5240299	https://www.gbif.org/species/5240299	Amanita inopinata D.A.Reid & Bas	ACCEPTED	5240299	Amanita inopinata D.A.Reid & Bas	SPECIES	186	Agaricomycetes	Fungi
213212327	2434126	https://www.gbif.org/species/2434126	Suricata suricatta (Schreber, 1776)	ACCEPTED	2434126	Suricata suricatta (Schreber, 1776)	SPECIES	359	Mammalia	Animalia
213212335	6164210	https://www.gbif.org/species/6164210	Canis lupus familiaris Linnaeus, 1758	ACCEPTED	6164210	Canis lupus familiaris Linnaeus, 1758	SUBSPECIES	359	Mammalia	Animalia
213212357	7699567	https://www.gbif.org/species/7699567	Hymenoscyphus pseudoalbidus V.Queloz, C.R.Grünig, R.Berndt, T.Kowalski, T.N.Sieber & O.Holdenrieder	ACCEPTED	7699567	Hymenoscyphus pseudoalbidus V.Queloz, C.R.Grünig, R.Berndt, T.Kowalski, T.N.Sieber & O.Holdenrieder	SPECIES	179	Leotiomycetes	Fungi
213212366	4354937	https://www.gbif.org/species/4354937	Botrylloides diegensis Ritter & Forsyth, 1917	ACCEPTED	4354937	Botrylloides diegensis Ritter & Forsyth, 1917	SPECIES	356	Ascidiacea	Animalia
213212408	5299590	https://www.gbif.org/species/5299590	Tulipa urumiensis Stapf	ACCEPTED	5299590	Tulipa urumiensis Stapf	SPECIES	196	Liliopsida	Plantae
213212412	2473221	https://www.gbif.org/species/2473221	Blanus Wagler, 1830	ACCEPTED	2473221	Blanus Wagler, 1830	GENUS	11592253	Squamata	Animalia
213212416	2739769	https://www.gbif.org/species/2739769	Colchicum lusitanum Brot.	ACCEPTED	2739769	Colchicum lusitanum Brot.	SPECIES	196	Liliopsida	Plantae
213212438	5298406	https://www.gbif.org/species/5298406	Iris reticulata M.Bieb.	ACCEPTED	5298406	Iris reticulata M.Bieb.	SPECIES	196	Liliopsida	Plantae
213212440	5297966	https://www.gbif.org/species/5297966	Iris xiphium L.	ACCEPTED	5297966	Iris xiphium L.	SPECIES	196	Liliopsida	Plantae
213212442	9340142	https://www.gbif.org/species/9340142	Iris ×hollandica H.R.Wehrh.	ACCEPTED	9340142	Iris ×hollandica H.R.Wehrh.	SPECIES	196	Liliopsida	Plantae
213212443	9416124	https://www.gbif.org/species/9416124	Zamenis scalaris (Schinz, 1822)	ACCEPTED	9416124	Zamenis scalaris (Schinz, 1822)	SPECIES	11592253	Squamata	Animalia
213212445	2458374	https://www.gbif.org/species/2458374	Zamenis situla (Linnaeus, 1758)	ACCEPTED	2458374	Zamenis situla (Linnaeus, 1758)	SPECIES	11592253	Squamata	Animalia
213212449	2747718	https://www.gbif.org/species/2747718	Crocus speciosus M.Bieb.	ACCEPTED	2747718	Crocus speciosus M.Bieb.	SPECIES	196	Liliopsida	Plantae
213212453	9342283	https://www.gbif.org/species/9342283	Thamnophis marcianus (Baird & Girard, 1853)	ACCEPTED	9342283	Thamnophis marcianus (Baird & Girard, 1853)	SPECIES	11592253	Squamata	Animalia
213212456	2457522	https://www.gbif.org/species/2457522	Thamnophis sirtalis (Linnaeus, 1758)	ACCEPTED	2457522	Thamnophis sirtalis (Linnaeus, 1758)	SPECIES	11592253	Squamata	Animalia
213212457	2457577	https://www.gbif.org/species/2457577	Thamnophis saurita (Linnaeus, 1766)	ACCEPTED	2457577	Thamnophis saurita (Linnaeus, 1766)	SPECIES	11592253	Squamata	Animalia
213212464	5224480	https://www.gbif.org/species/5224480	Lampropeltis getula (Blainville, 1835)	DOUBTFUL	5224480	Lampropeltis getula (Blainville, 1835)	SPECIES	11592253	Squamata	Animalia
213212466	5224543	https://www.gbif.org/species/5224543	Lampropeltis triangulum hondurensis Williams, 1978	SYNONYM	9366139	Lampropeltis abnorma (Bocourt, 1886)	SPECIES	11592253	Squamata	Animalia
213212468	5224481	https://www.gbif.org/species/5224481	Lampropeltis getula californiae (Blainville, 1835)	SYNONYM	8170369	Lampropeltis californiae (Blainville, 1835)	SPECIES	11592253	Squamata	Animalia
213212473	7576179	https://www.gbif.org/species/7576179	Pantherophis spiloides (Duméril, Bibron & Duméril, 1854)	ACCEPTED	7576179	Pantherophis spiloides (Duméril, Bibron & Duméril, 1854)	SPECIES	11592253	Squamata	Animalia
213212475	2457224	https://www.gbif.org/species/2457224	Dolichophis caspius (Gmelin, 1789)	ACCEPTED	2457224	Dolichophis caspius (Gmelin, 1789)	SPECIES	11592253	Squamata	Animalia
213212482	8889878	https://www.gbif.org/species/8889878	Elaphe taeniura (Cope, 1861)	ACCEPTED	8889878	Elaphe taeniura (Cope, 1861)	SPECIES	11592253	Squamata	Animalia
213212483	9099408	https://www.gbif.org/species/9099408	Elaphe quatuorlineata Lacepede, 1789	ACCEPTED	9099408	Elaphe quatuorlineata Lacepede, 1789	SPECIES	11592253	Squamata	Animalia
213212485	8080743	https://www.gbif.org/species/8080743	Scilla siberica Andrews	ACCEPTED	8080743	Scilla siberica Andrews	SPECIES	196	Liliopsida	Plantae
213212488	2767275	https://www.gbif.org/species/2767275	Scilla forbesii (Baker) Speta	ACCEPTED	2767275	Scilla forbesii (Baker) Speta	SPECIES	196	Liliopsida	Plantae
213212490	11205618	https://www.gbif.org/species/11205618	Leptodeira ashmeadii (Hallowell, 1845)	ACCEPTED	11205618	Leptodeira ashmeadii (Hallowell, 1845)	SPECIES	11592253	Squamata	Animalia
213212495	6159238	https://www.gbif.org/species/6159238	Lacerta strigata Eichwald, 1831	ACCEPTED	6159238	Lacerta strigata Eichwald, 1831	SPECIES	11592253	Squamata	Animalia
213212499	7444957	https://www.gbif.org/species/7444957	Podarcis liolepis (Boulenger, 1905)	ACCEPTED	7444957	Podarcis liolepis (Boulenger, 1905)	SPECIES	11592253	Squamata	Animalia
213212500	2772094	https://www.gbif.org/species/2772094	Muscari botryoides (L.) Mill.	ACCEPTED	2772094	Muscari botryoides (L.) Mill.	SPECIES	196	Liliopsida	Plantae
213212501	2769622	https://www.gbif.org/species/2769622	Muscari azureum Fenzl	ACCEPTED	2769622	Muscari azureum Fenzl	SPECIES	196	Liliopsida	Plantae
213212503	2772206	https://www.gbif.org/species/2772206	Muscari aucheri (Boiss.) Baker	ACCEPTED	2772206	Muscari aucheri (Boiss.) Baker	SPECIES	196	Liliopsida	Plantae
213212513	2445496	https://www.gbif.org/species/2445496	Pachydactylus Wiegmann, 1834	ACCEPTED	2445496	Pachydactylus Wiegmann, 1834	GENUS	11592253	Squamata	Animalia
213212517	2768763	https://www.gbif.org/species/2768763	Asparagus aethiopicus L.	ACCEPTED	2768763	Asparagus aethiopicus L.	SPECIES	196	Liliopsida	Plantae
213212518	5221394	https://www.gbif.org/species/5221394	Hemidactylus Oken, 1817	ACCEPTED	5221394	Hemidactylus Oken, 1817	GENUS	11592253	Squamata	Animalia
213212520	5221528	https://www.gbif.org/species/5221528	Hemidactylus turcicus (Linnaeus, 1758)	ACCEPTED	5221528	Hemidactylus turcicus (Linnaeus, 1758)	SPECIES	11592253	Squamata	Animalia
213212521	2769069	https://www.gbif.org/species/2769069	Camassia leichtlinii (Baker) S.Watson	ACCEPTED	2769069	Camassia leichtlinii (Baker) S.Watson	SPECIES	196	Liliopsida	Plantae
213212531	2858501	https://www.gbif.org/species/2858501	Narcissus triandrus L.	ACCEPTED	2858501	Narcissus triandrus L.	SPECIES	196	Liliopsida	Plantae
213212533	2858909	https://www.gbif.org/species/2858909	Narcissus jonquilla L.	ACCEPTED	2858909	Narcissus jonquilla L.	SPECIES	196	Liliopsida	Plantae
213212535	2858846	https://www.gbif.org/species/2858846	Narcissus bulbocodium L.	ACCEPTED	2858846	Narcissus bulbocodium L.	SPECIES	196	Liliopsida	Plantae
213212537	10755213	https://www.gbif.org/species/10755213	Narcissus hispanicus subsp. hispanicus	ACCEPTED	10755213	Narcissus hispanicus subsp. hispanicus	SUBSPECIES	196	Liliopsida	Plantae
213212540	2459603	https://www.gbif.org/species/2459603	Ctenosaura similis (Gray, 1831)	ACCEPTED	2459603	Ctenosaura similis (Gray, 1831)	SPECIES	11592253	Squamata	Animalia
213212543	5666	https://www.gbif.org/species/5666	Gekkonidae	ACCEPTED	5666	Gekkonidae	FAMILY	11592253	Squamata	Animalia
213212546	2856681	https://www.gbif.org/species/2856681	Allium sativum L.	ACCEPTED	2856681	Allium sativum L.	SPECIES	196	Liliopsida	Plantae
213212549	8228334	https://www.gbif.org/species/8228334	Daboia palaestinae (Werner, 1938)	ACCEPTED	8228334	Daboia palaestinae (Werner, 1938)	SPECIES	11592253	Squamata	Animalia
213212550	2857017	https://www.gbif.org/species/2857017	Allium paradoxum (M.Bieb.) G.Don	ACCEPTED	2857017	Allium paradoxum (M.Bieb.) G.Don	SPECIES	196	Liliopsida	Plantae
213212551	2856204	https://www.gbif.org/species/2856204	Allium siculum Ucria	ACCEPTED	2856204	Allium siculum Ucria	SPECIES	196	Liliopsida	Plantae
213212556	8219807	https://www.gbif.org/species/8219807	Trimeresurus albolabris Gray, 1842	ACCEPTED	8219807	Trimeresurus albolabris Gray, 1842	SPECIES	11592253	Squamata	Animalia
213212557	2805420	https://www.gbif.org/species/2805420	Spiranthes cernua (L.) Rich.	ACCEPTED	2805420	Spiranthes cernua (L.) Rich.	SPECIES	196	Liliopsida	Plantae
213212570	2481915	https://www.gbif.org/species/2481915	Ciconia abdimii Lichtenstein, 1823	ACCEPTED	2481915	Ciconia abdimii Lichtenstein, 1823	SPECIES	212	Aves	Animalia
213212573	5303515	https://www.gbif.org/species/5303515	Tinantia pringlei (S.Watson) Rohweder	ACCEPTED	5303515	Tinantia pringlei (S.Watson) Rohweder	SPECIES	196	Liliopsida	Plantae
213212576	2765221	https://www.gbif.org/species/2765221	Tradescantia pallida (Rose) D.R.Hunt	ACCEPTED	2765221	Tradescantia pallida (Rose) D.R.Hunt	SPECIES	196	Liliopsida	Plantae
213212580	8991514	https://www.gbif.org/species/8991514	Caracara plancus cheriway (Jacquin, 1784)	ACCEPTED	8991514	Caracara plancus cheriway (Jacquin, 1784)	SUBSPECIES	212	Aves	Animalia
213212581	2763962	https://www.gbif.org/species/2763962	Commelina tuberosa L.	ACCEPTED	2763962	Commelina tuberosa L.	SPECIES	196	Liliopsida	Plantae
213212582	2480989	https://www.gbif.org/species/2480989	Caracara plancus (J.F.Miller, 1777)	ACCEPTED	2480989	Caracara plancus (J.F.Miller, 1777)	SPECIES	212	Aves	Animalia
213212584	2481066	https://www.gbif.org/species/2481066	Milvago chimachima (Vieillot, 1816)	ACCEPTED	2481066	Milvago chimachima (Vieillot, 1816)	SPECIES	212	Aves	Animalia
213212588	2765942	https://www.gbif.org/species/2765942	Pontederia crassipes Mart.	ACCEPTED	2765942	Pontederia crassipes Mart.	SPECIES	196	Liliopsida	Plantae
213212594	5329038	https://www.gbif.org/species/5329038	Sagittaria graminea Michx.	ACCEPTED	5329038	Sagittaria graminea Michx.	SPECIES	196	Liliopsida	Plantae
213212605	2870049	https://www.gbif.org/species/2870049	Pinellia tripartita (Blume) Schott	ACCEPTED	2870049	Pinellia tripartita (Blume) Schott	SPECIES	196	Liliopsida	Plantae
213212609	2871376	https://www.gbif.org/species/2871376	Spirodela punctata (G.Mey.) C.H.Thomps.	ACCEPTED	2871376	Spirodela punctata (G.Mey.) C.H.Thomps.	SPECIES	196	Liliopsida	Plantae
213212615	5330001	https://www.gbif.org/species/5330001	Dracunculus vulgaris Schott	ACCEPTED	5330001	Dracunculus vulgaris Schott	SPECIES	196	Liliopsida	Plantae
213212620	2866850	https://www.gbif.org/species/2866850	Arisaema dracontium (L.) Schott	ACCEPTED	2866850	Arisaema dracontium (L.) Schott	SPECIES	196	Liliopsida	Plantae
213212627	10236166	https://www.gbif.org/species/9817629	Lysichiton americanus × camtschatcensis	ACCEPTED	10236166	Lysichiton americanus × camtschatcensis	SPECIES	196	Liliopsida	Plantae
213212629	2869301	https://www.gbif.org/species/2869301	Lysichiton camtschatcensis (L.) Schott	ACCEPTED	2869301	Lysichiton camtschatcensis (L.) Schott	SPECIES	196	Liliopsida	Plantae
213212630	2474045	https://www.gbif.org/species/2474045	Alectoris barbara (Bonnaterre, 1790)	ACCEPTED	2474045	Alectoris barbara (Bonnaterre, 1790)	SPECIES	212	Aves	Animalia
213212638	11055820	https://www.gbif.org/species/11055820	Hydrocharis laevigata (Humb. & Bonpl. ex Willd.) Byng & Christenh.	ACCEPTED	11055820	Hydrocharis laevigata (Humb. & Bonpl. ex Willd.) Byng & Christenh.	SPECIES	196	Liliopsida	Plantae
213212639	5227747	https://www.gbif.org/species/5227747	Lophophorus impejanus (Latham, 1790)	ACCEPTED	5227747	Lophophorus impejanus (Latham, 1790)	SPECIES	212	Aves	Animalia
213212644	5329263	https://www.gbif.org/species/5329263	Elodea densa (Planch.) Casp.	ACCEPTED	5329263	Elodea densa (Planch.) Casp.	SPECIES	196	Liliopsida	Plantae
213212649	2865524	https://www.gbif.org/species/2865524	Vallisneria australis S.W.L.Jacobs & Les	ACCEPTED	2865524	Vallisneria australis S.W.L.Jacobs & Les	SPECIES	196	Liliopsida	Plantae
213212662	2498161	https://www.gbif.org/species/2498161	Anser rossii Cassin, 1861	ACCEPTED	2498161	Anser rossii Cassin, 1861	SPECIES	212	Aves	Animalia
213212663	2498163	https://www.gbif.org/species/2498163	Anser canagicus (Sevastianov, 1802)	ACCEPTED	2498163	Anser canagicus (Sevastianov, 1802)	SPECIES	212	Aves	Animalia
213212665	2498167	https://www.gbif.org/species/2498167	Anser caerulescens (Linnaeus, 1758)	ACCEPTED	2498167	Anser caerulescens (Linnaeus, 1758)	SPECIES	212	Aves	Animalia
213212668	7529533	https://www.gbif.org/species/7529533	Canna ×hybrida Rodigas	ACCEPTED	7529533	Canna ×hybrida Rodigas	SPECIES	196	Liliopsida	Plantae
213212669	9235549	https://www.gbif.org/species/9235549	Sibirionetta formosa (Georgi, 1775)	ACCEPTED	9235549	Sibirionetta formosa (Georgi, 1775)	SPECIES	212	Aves	Animalia
213212670	7826520	https://www.gbif.org/species/7826520	Canna indica Ruiz & Pav., 1798	DOUBTFUL	7826520	Canna indica Ruiz & Pav., 1798	SPECIES	196	Liliopsida	Plantae
213212678	2702084	https://www.gbif.org/species/2702084	Juncus tenuis Willd.	ACCEPTED	2702084	Juncus tenuis Willd.	SPECIES	196	Liliopsida	Plantae
213212679	2701120	https://www.gbif.org/species/2701120	Juncus dichotomus Elliott	ACCEPTED	2701120	Juncus dichotomus Elliott	SPECIES	196	Liliopsida	Plantae
213212682	2702058	https://www.gbif.org/species/2702058	Juncus anthelatus (Wiegand) R.E.Brooks	ACCEPTED	2702058	Juncus anthelatus (Wiegand) R.E.Brooks	SPECIES	196	Liliopsida	Plantae
213212683	2498177	https://www.gbif.org/species/2498177	Netta erythrophthalma (Wied-Neuwied, 1833)	ACCEPTED	2498177	Netta erythrophthalma (Wied-Neuwied, 1833)	SPECIES	212	Aves	Animalia
213212685	2701831	https://www.gbif.org/species/2701831	Juncus dudleyi Wiegand	ACCEPTED	2701831	Juncus dudleyi Wiegand	SPECIES	196	Liliopsida	Plantae
213212686	2701564	https://www.gbif.org/species/2701564	Juncus pallidus R.Br.	ACCEPTED	2701564	Juncus pallidus R.Br.	SPECIES	196	Liliopsida	Plantae
213212687	2498061	https://www.gbif.org/species/2498061	Anas zonorhyncha Swinhoe, 1866	ACCEPTED	2498061	Anas zonorhyncha Swinhoe, 1866	SPECIES	212	Aves	Animalia
213212692	6431411	https://www.gbif.org/species/6431411	Echinochloa colonum (L.) Link	ACCEPTED	6431411	Echinochloa colonum (L.) Link	SPECIES	196	Liliopsida	Plantae
213212695	4104665	https://www.gbif.org/species/4104665	Avellinia festucoides (Link) Valdés & H.Scholz	ACCEPTED	4104665	Avellinia festucoides (Link) Valdés & H.Scholz	SPECIES	196	Liliopsida	Plantae
213212700	4135683	https://www.gbif.org/species/4135683	Rytidosperma setaceum (R.Br.) Connor & Edgar	ACCEPTED	4135683	Rytidosperma setaceum (R.Br.) Connor & Edgar	SPECIES	196	Liliopsida	Plantae
213212701	4105744	https://www.gbif.org/species/4105744	Austrodanthonia racemosa (R.Br.) H.P.Linder	SYNONYM	4135762	Rytidosperma racemosum (R.Br.) Connor & Edgar	SPECIES	196	Liliopsida	Plantae
213212712	2498155	https://www.gbif.org/species/2498155	Mareca americana (J.F.Gmelin, 1789)	ACCEPTED	2498155	Mareca americana (J.F.Gmelin, 1789)	SPECIES	212	Aves	Animalia
213212713	9480191	https://www.gbif.org/species/9480191	Mareca falcata (Georgi, 1775)	ACCEPTED	9480191	Mareca falcata (Georgi, 1775)	SPECIES	212	Aves	Animalia
213212714	9508460	https://www.gbif.org/species/9508460	Mareca sibilatrix (Poeppig, 1829)	ACCEPTED	9508460	Mareca sibilatrix (Poeppig, 1829)	SPECIES	212	Aves	Animalia
213212717	9382716	https://www.gbif.org/species/9382716	Sporobolus schoenoides (L.) P.M.Peterson	ACCEPTED	9382716	Sporobolus schoenoides (L.) P.M.Peterson	SPECIES	196	Liliopsida	Plantae
213212719	9288935	https://www.gbif.org/species/9288935	Spatula rhynchotis (Latham, 1801)	ACCEPTED	9288935	Spatula rhynchotis (Latham, 1801)	SPECIES	212	Aves	Animalia
213212720	9583342	https://www.gbif.org/species/9583342	Spatula puna (Tschudi, 1844)	ACCEPTED	9583342	Spatula puna (Tschudi, 1844)	SPECIES	212	Aves	Animalia
213212721	9267300	https://www.gbif.org/species/9267300	Sporobolus advenus (Stapf) P.M.Peterson	ACCEPTED	9267300	Sporobolus advenus (Stapf) P.M.Peterson	SPECIES	196	Liliopsida	Plantae
213212722	9496048	https://www.gbif.org/species/9496048	Spatula hottentota (Eyton, 1838)	ACCEPTED	9496048	Spatula hottentota (Eyton, 1838)	SPECIES	212	Aves	Animalia
213212723	9632508	https://www.gbif.org/species/9632508	Sporobolus alopecuroides (Piller & Mitterp.) P.M.Peterson	ACCEPTED	9632508	Sporobolus alopecuroides (Piller & Mitterp.) P.M.Peterson	SPECIES	196	Liliopsida	Plantae
213212724	9345027	https://www.gbif.org/species/9345027	Spatula cyanoptera (Vieillot, 1816)	ACCEPTED	9345027	Spatula cyanoptera (Vieillot, 1816)	SPECIES	212	Aves	Animalia
213212725	9462721	https://www.gbif.org/species/9462721	Spatula versicolor versicolor	ACCEPTED	9462721	Spatula versicolor versicolor	SUBSPECIES	212	Aves	Animalia
213212726	9405036	https://www.gbif.org/species/9405036	Spatula cyanoptera cyanoptera	ACCEPTED	9405036	Spatula cyanoptera cyanoptera	SUBSPECIES	212	Aves	Animalia
213212727	9305555	https://www.gbif.org/species/9305555	Spatula versicolor (Vieillot, 1816)	ACCEPTED	9305555	Spatula versicolor (Vieillot, 1816)	SPECIES	212	Aves	Animalia
213212728	9398259	https://www.gbif.org/species/9398259	Sporobolus anglicus (C.E.Hubb.) P.M.Peterson & Saarela	ACCEPTED	9398259	Sporobolus anglicus (C.E.Hubb.) P.M.Peterson & Saarela	SPECIES	196	Liliopsida	Plantae
213212730	9592414	https://www.gbif.org/species/9592414	Sporobolus michauxianus (Hitchc.) P.M.Peterson & Saarela	ACCEPTED	9592414	Sporobolus michauxianus (Hitchc.) P.M.Peterson & Saarela	SPECIES	196	Liliopsida	Plantae
213212731	9379326	https://www.gbif.org/species/9379326	Sporobolus aculeatus (L.) P.M.Peterson	ACCEPTED	9379326	Sporobolus aculeatus (L.) P.M.Peterson	SPECIES	196	Liliopsida	Plantae
213212733	2498325	https://www.gbif.org/species/2498325	Bucephala islandica (J.F.Gmelin, 1789)	ACCEPTED	2498325	Bucephala islandica (J.F.Gmelin, 1789)	SPECIES	212	Aves	Animalia
213212737	4114502	https://www.gbif.org/species/4114502	Trisetaria panicea (Lam.) Paunero	ACCEPTED	4114502	Trisetaria panicea (Lam.) Paunero	SPECIES	196	Liliopsida	Plantae
213212744	4154206	https://www.gbif.org/species/4154206	Polypogon imberbis (Phil.) Johow	ACCEPTED	4154206	Polypogon imberbis (Phil.) Johow	SPECIES	196	Liliopsida	Plantae
213212759	4845821	https://www.gbif.org/species/4845821	Aidemosyne modesta (Gould, 1837)	HOMOTYPIC_SYNONYM	2493740	Neochmia modesta (Gould, 1837)	SPECIES	212	Aves	Animalia
213212760	10920460	https://www.gbif.org/species/10920460	Bathilda ruficauda (Gould, 1837)	HOMOTYPIC_SYNONYM	2493739	Neochmia ruficauda (Gould, 1837)	SPECIES	212	Aves	Animalia
213212764	12246414	https://www.gbif.org/species/12246414	Parapholis cylindrica (Willd.) Romero Zarco	ACCEPTED	12246414	Parapholis cylindrica (Willd.) Romero Zarco	SPECIES	196	Liliopsida	Plantae
213212766	2493618	https://www.gbif.org/species/2493618	Lonchura striata (Linnaeus, 1766)	ACCEPTED	2493618	Lonchura striata (Linnaeus, 1766)	SPECIES	212	Aves	Animalia
213212768	4123394	https://www.gbif.org/species/4123394	Festuca guestfalica subsp. hirtula (Hack. ex Travis) Dengler	ACCEPTED	4123394	Festuca guestfalica subsp. hirtula (Hack. ex Travis) Dengler	SUBSPECIES	196	Liliopsida	Plantae
213212770	2702727	https://www.gbif.org/species/2702727	Festuca myuros L.	ACCEPTED	2702727	Festuca myuros L.	SPECIES	196	Liliopsida	Plantae
213212772	4129181	https://www.gbif.org/species/4129181	Festuca ambigua Le Gall	ACCEPTED	4129181	Festuca ambigua Le Gall	SPECIES	196	Liliopsida	Plantae
213212773	6431611	https://www.gbif.org/species/6431611	Festuca geniculata (L.) Lag. & Rodr.	ACCEPTED	6431611	Festuca geniculata (L.) Lag. & Rodr.	SPECIES	196	Liliopsida	Plantae
213212775	4129351	https://www.gbif.org/species/4129351	Festuca alopecuros Schousb.	ACCEPTED	4129351	Festuca alopecuros Schousb.	SPECIES	196	Liliopsida	Plantae
213212776	4121365	https://www.gbif.org/species/4121365	Festuca ligustica (All.) Bertol.	ACCEPTED	4121365	Festuca ligustica (All.) Bertol.	SPECIES	196	Liliopsida	Plantae
213212779	2704949	https://www.gbif.org/species/2704949	Festuca trachyphylla (Hack.) Hack.	ACCEPTED	2704949	Festuca trachyphylla (Hack.) Hack.	SPECIES	196	Liliopsida	Plantae
213212780	4128881	https://www.gbif.org/species/4128881	Festuca antucensis (Trin.) Steud.	ACCEPTED	4128881	Festuca antucensis (Trin.) Steud.	SPECIES	196	Liliopsida	Plantae
213212782	4113111	https://www.gbif.org/species/4113111	Festuca octoflora Walter	ACCEPTED	4113111	Festuca octoflora Walter	SPECIES	196	Liliopsida	Plantae
213212788	5230852	https://www.gbif.org/species/5230852	Passerina ciris (Linnaeus, 1758)	ACCEPTED	5230852	Passerina ciris (Linnaeus, 1758)	SPECIES	212	Aves	Animalia
213212789	5674825	https://www.gbif.org/species/5674825	Cynodon incompletus Nees	ACCEPTED	5674825	Cynodon incompletus Nees	SPECIES	196	Liliopsida	Plantae
213212796	7341745	https://www.gbif.org/species/7341745	Spinus magellanicus (Vieillot, 1805)	ACCEPTED	7341745	Spinus magellanicus (Vieillot, 1805)	SPECIES	212	Aves	Animalia
213212810	4138275	https://www.gbif.org/species/4138275	Zuloagaea bulbosa (Kunth) Bess	ACCEPTED	4138275	Zuloagaea bulbosa (Kunth) Bess	SPECIES	196	Liliopsida	Plantae
213212821	2705286	https://www.gbif.org/species/2705286	Avena sterilis L.	ACCEPTED	2705286	Avena sterilis L.	SPECIES	196	Liliopsida	Plantae
213212822	10937982	https://www.gbif.org/species/10937982	Phonipara canora (J.F.Gmelin, 1789)	ACCEPTED	10937982	Phonipara canora (J.F.Gmelin, 1789)	SPECIES	212	Aves	Animalia
213212823	2705287	https://www.gbif.org/species/2705287	Avena sterilis subsp. ludoviciana (Durieu) Nyman	ACCEPTED	2705287	Avena sterilis subsp. ludoviciana (Durieu) Nyman	SUBSPECIES	196	Liliopsida	Plantae
213212827	2704854	https://www.gbif.org/species/2704854	Dasypyrum villosum (L.) Borbás	ACCEPTED	2704854	Dasypyrum villosum (L.) Borbás	SPECIES	196	Liliopsida	Plantae
213212831	2703867	https://www.gbif.org/species/2703867	Leptochloa decipiens (R.Br.) Stapf ex Maiden	ACCEPTED	2703867	Leptochloa decipiens (R.Br.) Stapf ex Maiden	SPECIES	196	Liliopsida	Plantae
213212832	6100941	https://www.gbif.org/species/6100941	Sturnia pagodarum (Gmelin, 1789)	ACCEPTED	6100941	Sturnia pagodarum (Gmelin, 1789)	SPECIES	212	Aves	Animalia
213212833	4132902	https://www.gbif.org/species/4132902	Leptochloa decipiens subsp. peacockii (Maiden & Betche) N.Snow	ACCEPTED	4132902	Leptochloa decipiens subsp. peacockii (Maiden & Betche) N.Snow	SUBSPECIES	196	Liliopsida	Plantae
213212834	4132112	https://www.gbif.org/species/4132112	Leptochloa panicea subsp. brachiata (Steud.) N.Snow	ACCEPTED	4132112	Leptochloa panicea subsp. brachiata (Steud.) N.Snow	SUBSPECIES	196	Liliopsida	Plantae
213212838	8010581	https://www.gbif.org/species/8010581	Diplachne fusca (L.) P.Beauv. ex Roem. & Schult.	ACCEPTED	8010581	Diplachne fusca (L.) P.Beauv. ex Roem. & Schult.	SPECIES	196	Liliopsida	Plantae
213212844	4142335	https://www.gbif.org/species/4142335	Achnatherum bromoides (L.) P.Beauv.	ACCEPTED	4142335	Achnatherum bromoides (L.) P.Beauv.	SPECIES	196	Liliopsida	Plantae
213212852	8112114	https://www.gbif.org/species/8112114	Elymus hystrix L.	ACCEPTED	8112114	Elymus hystrix L.	SPECIES	196	Liliopsida	Plantae
213212856	5289726	https://www.gbif.org/species/5289726	Cenchrus spinifex Cav.	ACCEPTED	5289726	Cenchrus spinifex Cav.	SPECIES	196	Liliopsida	Plantae
213212858	6068804	https://www.gbif.org/species/6068804	Cenchrus petiolaris (Hochst.) Morrone	ACCEPTED	6068804	Cenchrus petiolaris (Hochst.) Morrone	SPECIES	196	Liliopsida	Plantae
213212860	5290192	https://www.gbif.org/species/5290192	Cenchrus longisetus M.C.Johnst.	ACCEPTED	5290192	Cenchrus longisetus M.C.Johnst.	SPECIES	196	Liliopsida	Plantae
213212866	4114858	https://www.gbif.org/species/4114858	Poa persica Trin.	ACCEPTED	4114858	Poa persica Trin.	SPECIES	196	Liliopsida	Plantae
213212881	2705098	https://www.gbif.org/species/2705098	Panicum hillmanii Chase	ACCEPTED	2705098	Panicum hillmanii Chase	SPECIES	196	Liliopsida	Plantae
213212885	2475235	https://www.gbif.org/species/2475235	Tauraco leucotis (Ruppell, 1835)	ACCEPTED	2475235	Tauraco leucotis (Ruppell, 1835)	SPECIES	212	Aves	Animalia
213212893	2479509	https://www.gbif.org/species/2479509	Neophema pulchella (Shaw, 1792)	ACCEPTED	2479509	Neophema pulchella (Shaw, 1792)	SPECIES	212	Aves	Animalia
213212895	8338571	https://www.gbif.org/species/8338571	Hordeum marinum subsp. gussoneanum (Parl.) Thell.	ACCEPTED	8338571	Hordeum marinum subsp. gussoneanum (Parl.) Thell.	SUBSPECIES	196	Liliopsida	Plantae
213212897	2479925	https://www.gbif.org/species/2479925	Alisterus scapularis (Lichtenstein, 1816)	ACCEPTED	2479925	Alisterus scapularis (Lichtenstein, 1816)	SPECIES	212	Aves	Animalia
213212899	5959228	https://www.gbif.org/species/5959228	Ara severus (Linnaeus, 1758)	ACCEPTED	5959228	Ara severus (Linnaeus, 1758)	SPECIES	212	Aves	Animalia
213212900	4270548	https://www.gbif.org/species/4270548	Hordeum murinum subsp. leporinum (Link) Arcang.	ACCEPTED	4270548	Hordeum murinum subsp. leporinum (Link) Arcang.	SUBSPECIES	196	Liliopsida	Plantae
213212901	4115425	https://www.gbif.org/species/4115425	Hordeum murinum subsp. glaucum (Steud.) Tzvelev	ACCEPTED	4115425	Hordeum murinum subsp. glaucum (Steud.) Tzvelev	SUBSPECIES	196	Liliopsida	Plantae
213212904	2479694	https://www.gbif.org/species/2479694	Trichoglossus moluccanus (Gmelin, 1788)	SYNONYM	6170530	Trichoglossus haematodus moluccanus (Gmelin, 1788)	SUBSPECIES	212	Aves	Animalia
213212907	7738766	https://www.gbif.org/species/7738766	Miscanthus sacchariflorus (Maxim.) Benth. & Hook.f. ex Franch.	ACCEPTED	7738766	Miscanthus sacchariflorus (Maxim.) Benth. & Hook.f. ex Franch.	SPECIES	196	Liliopsida	Plantae
213212917	4121791	https://www.gbif.org/species/4121791	Molinia arundinacea Schrank	ACCEPTED	4121791	Molinia arundinacea Schrank	SPECIES	196	Liliopsida	Plantae
213212922	2479598	https://www.gbif.org/species/2479598	Eolophus roseicapilla (Vieillot, 1817)	ACCEPTED	2479598	Eolophus roseicapilla (Vieillot, 1817)	SPECIES	212	Aves	Animalia
213212924	5289998	https://www.gbif.org/species/5289998	Digitaria ciliaris (Retz.) Koeler	ACCEPTED	5289998	Digitaria ciliaris (Retz.) Koeler	SPECIES	196	Liliopsida	Plantae
213212931	2705621	https://www.gbif.org/species/2705621	Paspalum notatum Flüggé	ACCEPTED	2705621	Paspalum notatum Flüggé	SPECIES	196	Liliopsida	Plantae
213212934	2479804	https://www.gbif.org/species/2479804	Pyrrhura molinae (Massena & Souance, 1854)	ACCEPTED	2479804	Pyrrhura molinae (Massena & Souance, 1854)	SPECIES	212	Aves	Animalia
213212937	2479720	https://www.gbif.org/species/2479720	Barnardius zonarius (Shaw, 1805)	ACCEPTED	2479720	Barnardius zonarius (Shaw, 1805)	SPECIES	212	Aves	Animalia
213212944	2702543	https://www.gbif.org/species/2702543	Dichanthelium clandestinum (L.) Gould	ACCEPTED	2702543	Dichanthelium clandestinum (L.) Gould	SPECIES	196	Liliopsida	Plantae
213212947	4932232	https://www.gbif.org/species/4932232	Dactylis glomerata subsp. lobata (Drejer) H.Lindb.	ACCEPTED	4932232	Dactylis glomerata subsp. lobata (Drejer) H.Lindb.	SUBSPECIES	196	Liliopsida	Plantae
213212952	7528816	https://www.gbif.org/species/7528816	Avena nuda Thuill.	DOUBTFUL	7528816	Avena nuda Thuill.	SPECIES	196	Liliopsida	Plantae
213212957	8389446	https://www.gbif.org/species/8389446	Triticum turgidum subsp. dicoccum (Schrank ex Schübl.) Thell.	ACCEPTED	8389446	Triticum turgidum subsp. dicoccum (Schrank ex Schübl.) Thell.	SUBSPECIES	196	Liliopsida	Plantae
213212959	6313049	https://www.gbif.org/species/6313049	Triticum turgidum subsp. polonicum (L.) Thell.	ACCEPTED	6313049	Triticum turgidum subsp. polonicum (L.) Thell.	SUBSPECIES	196	Liliopsida	Plantae
213212960	6313051	https://www.gbif.org/species/6313051	Triticum turgidum subsp. durum (Desf.) Husn.	ACCEPTED	6313051	Triticum turgidum subsp. durum (Desf.) Husn.	SUBSPECIES	196	Liliopsida	Plantae
213212963	12205713	https://www.gbif.org/species/12205713	Triticum aestivum subsp. compactum (Host) H.Messik.	ACCEPTED	12205713	Triticum aestivum subsp. compactum (Host) H.Messik.	SUBSPECIES	196	Liliopsida	Plantae
213212966	2481125	https://www.gbif.org/species/2481125	Larosterna inca (R.Lesson & Garnot, 1827)	ACCEPTED	2481125	Larosterna inca (R.Lesson & Garnot, 1827)	SPECIES	212	Aves	Animalia
213212972	4114348	https://www.gbif.org/species/4114348	Phyllostachys sulphurea (Carrière) Rivière & C.Rivière	ACCEPTED	4114348	Phyllostachys sulphurea (Carrière) Rivière & C.Rivière	SPECIES	196	Liliopsida	Plantae
213212983	2705828	https://www.gbif.org/species/2705828	Urochloa plantaginea (Link) R.D.Webster	ACCEPTED	2705828	Urochloa plantaginea (Link) R.D.Webster	SPECIES	196	Liliopsida	Plantae
213212985	2705854	https://www.gbif.org/species/2705854	Urochloa platyphylla (Munro ex C.Wright) R.D.Webster	ACCEPTED	2705854	Urochloa platyphylla (Munro ex C.Wright) R.D.Webster	SPECIES	196	Liliopsida	Plantae
213212987	2705848	https://www.gbif.org/species/2705848	Urochloa mutica (Forssk.) T.Q.Nguyen	ACCEPTED	2705848	Urochloa mutica (Forssk.) T.Q.Nguyen	SPECIES	196	Liliopsida	Plantae
213212988	2705875	https://www.gbif.org/species/2705875	Urochloa ramosa (L.) T.Q.Nguyen	ACCEPTED	2705875	Urochloa ramosa (L.) T.Q.Nguyen	SPECIES	196	Liliopsida	Plantae
213212993	4123912	https://www.gbif.org/species/4123912	Agrostis ×dimorpholemma Ohwi	ACCEPTED	4123912	Agrostis ×dimorpholemma Ohwi	SPECIES	196	Liliopsida	Plantae
213212997	4155246	https://www.gbif.org/species/4155246	Moorochloa eruciformis (Sm.) Veldkamp	ACCEPTED	4155246	Moorochloa eruciformis (Sm.) Veldkamp	SPECIES	196	Liliopsida	Plantae
213213001	2497828	https://www.gbif.org/species/2497828	Ninox boobook (Latham, 1801)	ACCEPTED	2497828	Ninox boobook (Latham, 1801)	SPECIES	212	Aves	Animalia
213213003	2703712	https://www.gbif.org/species/2703712	Bromus carinatus Hook. & Arn.	ACCEPTED	2703712	Bromus carinatus Hook. & Arn.	SPECIES	196	Liliopsida	Plantae
213213005	4124881	https://www.gbif.org/species/4124881	Bromus ×ferronii Mabille	ACCEPTED	4124881	Bromus ×ferronii Mabille	SPECIES	196	Liliopsida	Plantae
213213006	2497341	https://www.gbif.org/species/2497341	Megascops kennicottii (D.G.Elliot, 1867)	ACCEPTED	2497341	Megascops kennicottii (D.G.Elliot, 1867)	SPECIES	212	Aves	Animalia
213213008	2703663	https://www.gbif.org/species/2703663	Bromus rigidus Roth	ACCEPTED	2703663	Bromus rigidus Roth	SPECIES	196	Liliopsida	Plantae
213213009	2497509	https://www.gbif.org/species/2497509	Strix uralensis Pallas, 1771	ACCEPTED	2497509	Strix uralensis Pallas, 1771	SPECIES	212	Aves	Animalia
213213012	8918909	https://www.gbif.org/species/8918909	Bromus hordeaceus subsp. divaricatus (Bonnier & Layens) Kerguélen	ACCEPTED	8918909	Bromus hordeaceus subsp. divaricatus (Bonnier & Layens) Kerguélen	SUBSPECIES	196	Liliopsida	Plantae
213213014	5739284	https://www.gbif.org/species/5739284	Porphyrio poliocephalus (Latham, 1801)	HOMOTYPIC_SYNONYM	6176735	Porphyrio porphyrio poliocephalus (Latham, 1802)	SUBSPECIES	212	Aves	Animalia
213213019	7226794	https://www.gbif.org/species/7226794	Bromus japonicus subsp. japonicus	ACCEPTED	7226794	Bromus japonicus subsp. japonicus	SUBSPECIES	196	Liliopsida	Plantae
213213020	9473367	https://www.gbif.org/species/9473367	Antigone vipio (Pallas, 1811)	HOMOTYPIC_SYNONYM	2474942	Grus vipio Pallas, 1811	SPECIES	212	Aves	Animalia
213213025	2475364	https://www.gbif.org/species/2475364	Coracias cyanogaster Cuvier, 1816	ACCEPTED	2475364	Coracias cyanogaster Cuvier, 1816	SPECIES	212	Aves	Animalia
213213038	2480668	https://www.gbif.org/species/2480668	Geranoaetus melanoleucus (Vieillot, 1819)	ACCEPTED	2480668	Geranoaetus melanoleucus (Vieillot, 1819)	SPECIES	212	Aves	Animalia
213213042	10986555	https://www.gbif.org/species/10986555	Thinopyrum obtusiflorum (DC.) Banfi	ACCEPTED	10986555	Thinopyrum obtusiflorum (DC.) Banfi	SPECIES	196	Liliopsida	Plantae
213213046	4132010	https://www.gbif.org/species/4132010	Pleioblastus distichus (Mitford) Nakai	ACCEPTED	4132010	Pleioblastus distichus (Mitford) Nakai	SPECIES	196	Liliopsida	Plantae
213213048	4132188	https://www.gbif.org/species/4132188	Pleioblastus argenteostriatus (Regel) Nakai	ACCEPTED	4132188	Pleioblastus argenteostriatus (Regel) Nakai	SPECIES	196	Liliopsida	Plantae
213213050	2705196	https://www.gbif.org/species/2705196	Agropyron cristatum (L.) Gaertn.	ACCEPTED	2705196	Agropyron cristatum (L.) Gaertn.	SPECIES	196	Liliopsida	Plantae
213213055	2495840	https://www.gbif.org/species/2495840	Chalcophaps indica (Linnaeus, 1758)	ACCEPTED	2495840	Chalcophaps indica (Linnaeus, 1758)	SPECIES	212	Aves	Animalia
213213058	6101223	https://www.gbif.org/species/6101223	Spilopelia senegalensis (Linnaeus, 1766)	ACCEPTED	6101223	Spilopelia senegalensis (Linnaeus, 1766)	SPECIES	212	Aves	Animalia
213213059	6101224	https://www.gbif.org/species/6101224	Spilopelia chinensis (Scopoli, 1786)	ACCEPTED	6101224	Spilopelia chinensis (Scopoli, 1786)	SPECIES	212	Aves	Animalia
213213060	4121049	https://www.gbif.org/species/4121049	Secale strictum (C.Presl) C.Presl	ACCEPTED	4121049	Secale strictum (C.Presl) C.Presl	SPECIES	196	Liliopsida	Plantae
213213062	4121360	https://www.gbif.org/species/4121360	Secale ×derzhavinii Tzvelev	DOUBTFUL	4121360	Secale ×derzhavinii Tzvelev	SPECIES	196	Liliopsida	Plantae
213213067	6084799	https://www.gbif.org/species/6084799	Aira caryophyllea subsp. plesiantha (Jord. ex Boreau) K.Richt.	SYNONYM	7747216	Aira caryophyllea L.	SPECIES	196	Liliopsida	Plantae
213213068	2495869	https://www.gbif.org/species/2495869	Columbina passerina (Linnaeus, 1758)	ACCEPTED	2495869	Columbina passerina (Linnaeus, 1758)	SPECIES	212	Aves	Animalia
213213069	7948459	https://www.gbif.org/species/7948459	Aira elegans Willd. ex Roem. & Schult.	ACCEPTED	7948459	Aira elegans Willd. ex Roem. & Schult.	SPECIES	196	Liliopsida	Plantae
213213072	9231612	https://www.gbif.org/species/9231612	Lolium subulatum Vis.	ACCEPTED	9231612	Lolium subulatum Vis.	SPECIES	196	Liliopsida	Plantae
213213074	10800064	https://www.gbif.org/species/10800064	Lolium ×elongatum (Ehrh.) Banfi, Galasso, Foggi, Kopecký & Ardenghi	ACCEPTED	10800064	Lolium ×elongatum (Ehrh.) Banfi, Galasso, Foggi, Kopecký & Ardenghi	SPECIES	196	Liliopsida	Plantae
213213080	12262171	https://www.gbif.org/species/12262171	Colpodium pisidicum (Boiss.) Röser & Tkach	ACCEPTED	12262171	Colpodium pisidicum (Boiss.) Röser & Tkach	SPECIES	196	Liliopsida	Plantae
213213093	7738621	https://www.gbif.org/species/7738621	Dinebra divaricatissima (S.T.Blake) P.M.Peterson & N.Snow	ACCEPTED	7738621	Dinebra divaricatissima (S.T.Blake) P.M.Peterson & N.Snow	SPECIES	196	Liliopsida	Plantae
213213104	4146851	https://www.gbif.org/species/4146851	Pentameris airoides (Nees) Steud.	ACCEPTED	4146851	Pentameris airoides (Nees) Steud.	SPECIES	196	Liliopsida	Plantae
213213107	9317568	https://www.gbif.org/species/9317568	Oloptum thomasii (Duby) Banfi & Galasso	ACCEPTED	9317568	Oloptum thomasii (Duby) Banfi & Galasso	SPECIES	196	Liliopsida	Plantae
213213109	8335191	https://www.gbif.org/species/8335191	Oloptum miliaceum (L.) Röser & Hamasha	ACCEPTED	8335191	Oloptum miliaceum (L.) Röser & Hamasha	SPECIES	196	Liliopsida	Plantae
213213114	2367913	https://www.gbif.org/species/2367913	Misgurnus bipartitus (Sauvage & Dabry de Thiersant, 1874)	SYNONYM	2367911	Misgurnus mohoity (Dybowski, 1869)	SPECIES			Animalia
213213119	2350050	https://www.gbif.org/species/2350050	Poecilia reticulata Peters, 1859	ACCEPTED	2350050	Poecilia reticulata Peters, 1859	SPECIES			Animalia
213213124	8134874	https://www.gbif.org/species/8134874	Glyceria striata subsp. difformis Portal	SYNONYM	2705503	Glyceria striata (Lam.) Hitchc.	SPECIES	196	Liliopsida	Plantae
213213129	2443339	https://www.gbif.org/species/2443339	Mauremys Gray, 1869	DOUBTFUL	2443339	Mauremys Gray, 1869	GENUS	11418114	Testudines	Animalia
213213132	5289670	https://www.gbif.org/species/5289670	Setaria adhaerens (Forssk.) Chiov.	ACCEPTED	5289670	Setaria adhaerens (Forssk.) Chiov.	SPECIES	196	Liliopsida	Plantae
213213133	5289693	https://www.gbif.org/species/5289693	Setaria pumila (Poir.) Roem. & Schult.	ACCEPTED	5289693	Setaria pumila (Poir.) Roem. & Schult.	SPECIES	196	Liliopsida	Plantae
213213141	6156934	https://www.gbif.org/species/6156934	Chrysemys picta bellii (Gray, 1831)	ACCEPTED	6156934	Chrysemys picta bellii (Gray, 1831)	SUBSPECIES	11418114	Testudines	Animalia
213213143	4149175	https://www.gbif.org/species/4149175	Eragrostis brownii (Kunth) Nees	ACCEPTED	4149175	Eragrostis brownii (Kunth) Nees	SPECIES	196	Liliopsida	Plantae
213213148	2705391	https://www.gbif.org/species/2705391	Eragrostis cylindriflora Hochst.	ACCEPTED	2705391	Eragrostis cylindriflora Hochst.	SPECIES	196	Liliopsida	Plantae
213213149	2705369	https://www.gbif.org/species/2705369	Eragrostis cilianensis (All.) Vignolo ex Janch.	ACCEPTED	2705369	Eragrostis cilianensis (All.) Vignolo ex Janch.	SPECIES	196	Liliopsida	Plantae
213213150	4139037	https://www.gbif.org/species/4139037	Eragrostis virescens J.Presl	ACCEPTED	4139037	Eragrostis virescens J.Presl	SPECIES	196	Liliopsida	Plantae
213213157	5220435	https://www.gbif.org/species/5220435	Pelodiscus sinensis Wiegmann, 1835	ACCEPTED	5220435	Pelodiscus sinensis Wiegmann, 1835	SPECIES	11418114	Testudines	Animalia
213213177	7594735	https://www.gbif.org/species/7594735	Carex curvata Knaf	ACCEPTED	7594735	Carex curvata Knaf	SPECIES	196	Liliopsida	Plantae
213213183	2718377	https://www.gbif.org/species/2718377	Bolboschoenus planiculmis (F.Schmidt) T.V.Egorova	ACCEPTED	2718377	Bolboschoenus planiculmis (F.Schmidt) T.V.Egorova	SPECIES	196	Liliopsida	Plantae
213213188	7540482	https://www.gbif.org/species/7540482	Cyperus longus A.Rich., 1850	DOUBTFUL	7540482	Cyperus longus A.Rich., 1850	SPECIES	196	Liliopsida	Plantae
213213191	2714166	https://www.gbif.org/species/2714166	Cyperus involucratus Rottb.	HETEROTYPIC_SYNONYM	2714158	Cyperus alternifolius subsp. flabelliformis Kük.	SUBSPECIES	196	Liliopsida	Plantae
213213199	2720120	https://www.gbif.org/species/2720120	Scirpus atrovirens Willd.	ACCEPTED	2720120	Scirpus atrovirens Willd.	SPECIES	196	Liliopsida	Plantae
213213201	2720269	https://www.gbif.org/species/2720269	Scirpus georgianus R.M.Harper	ACCEPTED	2720269	Scirpus georgianus R.M.Harper	SPECIES	196	Liliopsida	Plantae
213213205	2426658	https://www.gbif.org/species/2426658	Pelophylax perezi (López-Seoane, 1885)	ACCEPTED	2426658	Pelophylax perezi (López-Seoane, 1885)	SPECIES	131	Amphibia	Animalia
213213226	3746867	https://www.gbif.org/species/3746867	Cheilanthes viridis var. macrophylla (Kunze) Schelpe & N.C.Anthony	ACCEPTED	3746867	Cheilanthes viridis var. macrophylla (Kunze) Schelpe & N.C.Anthony	VARIETY	7228684	Polypodiopsida	Plantae
213213227	10857535	https://www.gbif.org/species/10857535	Dryophytes japonicus (Günther, 1859)	ACCEPTED	10857535	Dryophytes japonicus (Günther, 1859)	SPECIES	131	Amphibia	Animalia
213213238	9662775	https://www.gbif.org/species/9662775	Gastoniella chaerophylla (Desv.) Li Bing Zhang & Liang Zhang	ACCEPTED	9662775	Gastoniella chaerophylla (Desv.) Li Bing Zhang & Liang Zhang	SPECIES	7228684	Polypodiopsida	Plantae
213213239	10701161	https://www.gbif.org/species/10701161	Paramesotriton labiatus (Unterstein, 1930)	ACCEPTED	10701161	Paramesotriton labiatus (Unterstein, 1930)	SPECIES	131	Amphibia	Animalia
213213243	2650479	https://www.gbif.org/species/2650479	Phlebodium aureum (L.) J.Sm.	ACCEPTED	2650479	Phlebodium aureum (L.) J.Sm.	SPECIES	7228684	Polypodiopsida	Plantae
213213247	2431993	https://www.gbif.org/species/2431993	Ambystoma tigrinum (Green, 1825)	ACCEPTED	2431993	Ambystoma tigrinum (Green, 1825)	SPECIES	131	Amphibia	Animalia
213213266	7536754	https://www.gbif.org/species/7536754	Dryopteris lacunosa S.Jess., Zenner, Chr.Stark & Bujnoch	ACCEPTED	7536754	Dryopteris lacunosa S.Jess., Zenner, Chr.Stark & Bujnoch	SPECIES	7228684	Polypodiopsida	Plantae
213213267	7577557	https://www.gbif.org/species/7577557	Bispira polyomma Giangrande & Faasse, 2012	ACCEPTED	7577557	Bispira polyomma Giangrande & Faasse, 2012	SPECIES	256	Polychaeta	Animalia
213213278	6387003	https://www.gbif.org/species/6387003	Equisetum praealtum Raf.	ACCEPTED	6387003	Equisetum praealtum Raf.	SPECIES	7228684	Polypodiopsida	Plantae
213213295	2684120	https://www.gbif.org/species/2684120	Sequoiadendron giganteum (Lindl.) J.T.Buchholz	ACCEPTED	2684120	Sequoiadendron giganteum (Lindl.) J.T.Buchholz	SPECIES	194	Pinopsida	Plantae
213213300	5284231	https://www.gbif.org/species/5284231	Metasequoia glyptostroboides H.H.Hu & W.C.Cheng	ACCEPTED	5284231	Metasequoia glyptostroboides H.H.Hu & W.C.Cheng	SPECIES	194	Pinopsida	Plantae
213213312	2307726	https://www.gbif.org/species/2307726	Microscolex phosphoreus (Dugès, 1837)	ACCEPTED	2307726	Microscolex phosphoreus (Dugès, 1837)	SPECIES	255	Clitellata	Animalia
213213317	2307447	https://www.gbif.org/species/2307447	Barbronia weberi (Blanchard, 1897)	ACCEPTED	2307447	Barbronia weberi (Blanchard, 1897)	SPECIES	255	Clitellata	Animalia
213213321	5284702	https://www.gbif.org/species/5284702	Cedrus atlantica (Endl.) Manetti ex Carriere	ACCEPTED	5284702	Cedrus atlantica (Endl.) Manetti ex Carriere	SPECIES	194	Pinopsida	Plantae
213213323	5284698	https://www.gbif.org/species/5284698	Cedrus deodara (Lamb.) G.Don	ACCEPTED	5284698	Cedrus deodara (Lamb.) G.Don	SPECIES	194	Pinopsida	Plantae
213213324	2307929	https://www.gbif.org/species/2307929	Placobdella ornata (Verrill, 1872)	ACCEPTED	2307929	Placobdella ornata (Verrill, 1872)	SPECIES	255	Clitellata	Animalia
213213328	5285750	https://www.gbif.org/species/5285750	Pinus contorta Douglas ex Loudon	ACCEPTED	5285750	Pinus contorta Douglas ex Loudon	SPECIES	194	Pinopsida	Plantae
213213332	5284809	https://www.gbif.org/species/5284809	Pinus nigra J.F.Arnold	ACCEPTED	5284809	Pinus nigra J.F.Arnold	SPECIES	194	Pinopsida	Plantae
213213333	5285385	https://www.gbif.org/species/5285385	Pinus mugo Turra	ACCEPTED	5285385	Pinus mugo Turra	SPECIES	194	Pinopsida	Plantae
213213335	5285635	https://www.gbif.org/species/5285635	Pinus rigida Mill.	ACCEPTED	5285635	Pinus rigida Mill.	SPECIES	194	Pinopsida	Plantae
213213341	6476704	https://www.gbif.org/species/6476704	Parakontikia ventrolineata (Dendy, 1892)	ACCEPTED	6476704	Parakontikia ventrolineata (Dendy, 1892)	SPECIES			Animalia
213213344	6476579	https://www.gbif.org/species/6476579	Dolichoplana signata Graff, 1899	SYNONYM	9085904	Anisorhynchodemus signata (Graff, 1899)	SPECIES			Animalia
213213351	2653256	https://www.gbif.org/species/2653256	Ephedra intermedia Schrenk & C.A.Mey.	ACCEPTED	2653256	Ephedra intermedia Schrenk & C.A.Mey.	SPECIES	282	Gnetopsida	Plantae
213213352	6476679	https://www.gbif.org/species/6476679	Caenoplana variegata (Fletcher & Hamilton, 1888)	ACCEPTED	6476679	Caenoplana variegata (Fletcher & Hamilton, 1888)	SPECIES			Animalia
213213353	2653389	https://www.gbif.org/species/2653389	Ephedra gerardiana Wall. ex Stapf	DOUBTFUL	2653389	Ephedra gerardiana Wall. ex Stapf	SPECIES	282	Gnetopsida	Plantae
213213355	2653392	https://www.gbif.org/species/2653392	Ephedra gerardiana var. sikkimensis Stapf	ACCEPTED	2653392	Ephedra gerardiana var. sikkimensis Stapf	VARIETY	282	Gnetopsida	Plantae
213213359	8740315	https://www.gbif.org/species/8740315	Marionfyfea adventor Jones & Sluys, 2016	ACCEPTED	8740315	Marionfyfea adventor Jones & Sluys, 2016	SPECIES			Animalia
213213379	3697259	https://www.gbif.org/species/3697259	Nymphaea ×marliacea Wildsmith	DOUBTFUL	3697259	Nymphaea ×marliacea Wildsmith	SPECIES	220	Magnoliopsida	Plantae
213213397	2873995	https://www.gbif.org/species/2873995	Isotrema macrophyllum (Lam.) C.F.Reed	ACCEPTED	2873995	Isotrema macrophyllum (Lam.) C.F.Reed	SPECIES	220	Magnoliopsida	Plantae
213213417	3666422	https://www.gbif.org/species/3666422	Chamaenerion dodonaei (Vill.) Schur ex Fuss.	ACCEPTED	3666422	Chamaenerion dodonaei (Vill.) Schur ex Fuss.	SPECIES	220	Magnoliopsida	Plantae
213213418	4561827	https://www.gbif.org/species/4561827	Cochlostoma septemspirale (Razoumowsky, 1789)	ACCEPTED	4561827	Cochlostoma septemspirale (Razoumowsky, 1789)	SPECIES	225	Gastropoda	Animalia
213213423	5420957	https://www.gbif.org/species/5420957	Clarkia unguiculata Lindl.	ACCEPTED	5420957	Clarkia unguiculata Lindl.	SPECIES	220	Magnoliopsida	Plantae
213213425	4362883	https://www.gbif.org/species/4362883	Cerithium vulgatum Bruguière, 1792	ACCEPTED	4362883	Cerithium vulgatum Bruguière, 1792	SPECIES	225	Gastropoda	Animalia
213213429	5421040	https://www.gbif.org/species/5421040	Ludwigia hexapetala (Hook. & Arn.) Zardini, H.Y.Gu & P.H.Raven	ACCEPTED	5421040	Ludwigia hexapetala (Hook. & Arn.) Zardini, H.Y.Gu & P.H.Raven	SPECIES	220	Magnoliopsida	Plantae
213213431	4368880	https://www.gbif.org/species/4368880	Columbella rustica (Linnaeus, 1758)	ACCEPTED	4368880	Columbella rustica (Linnaeus, 1758)	SPECIES	225	Gastropoda	Animalia
213213435	4366527	https://www.gbif.org/species/4366527	Hexaplex cichoreum (Gmelin, 1791)	ACCEPTED	4366527	Hexaplex cichoreum (Gmelin, 1791)	SPECIES	225	Gastropoda	Animalia
213213436	4366460	https://www.gbif.org/species/4366460	Hexaplex trunculus (Linnaeus, 1758)	ACCEPTED	4366460	Hexaplex trunculus (Linnaeus, 1758)	SPECIES	225	Gastropoda	Animalia
213213437	3188847	https://www.gbif.org/species/3188847	Oenothera affinis Cambess.	ACCEPTED	3188847	Oenothera affinis Cambess.	SPECIES	220	Magnoliopsida	Plantae
213213443	7440977	https://www.gbif.org/species/7440977	Oenothera glazioviana var. azorica Rostaski	SYNONYM	3188894	Oenothera glazioviana Micheli	SPECIES	220	Magnoliopsida	Plantae
213213446	3188896	https://www.gbif.org/species/3188896	Oenothera villosa Thunb.	ACCEPTED	3188896	Oenothera villosa Thunb.	SPECIES	220	Magnoliopsida	Plantae
213213452	3666059	https://www.gbif.org/species/3666059	Oenothera glazioviana f. rubricalyx (R.R.Gates) Lambinon	ACCEPTED	3666059	Oenothera glazioviana f. rubricalyx (R.R.Gates) Lambinon	FORM	220	Magnoliopsida	Plantae
213213455	4567449	https://www.gbif.org/species/4567449	Gittenbergia sororcula (Benoit, 1859)	ACCEPTED	4567449	Gittenbergia sororcula (Benoit, 1859)	SPECIES	225	Gastropoda	Animalia
213213458	6427785	https://www.gbif.org/species/6427785	Oenothera tetragona Roth	ACCEPTED	6427785	Oenothera tetragona Roth	SPECIES	220	Magnoliopsida	Plantae
213213459	2295442	https://www.gbif.org/species/2295442	Limacus flavus (Linnaeus, 1758)	ACCEPTED	2295442	Limacus flavus (Linnaeus, 1758)	SPECIES	225	Gastropoda	Animalia
213213461	6427623	https://www.gbif.org/species/6427623	Oenothera villosa subsp. villosa	ACCEPTED	6427623	Oenothera villosa subsp. villosa	SUBSPECIES	220	Magnoliopsida	Plantae
213213472	8305409	https://www.gbif.org/species/8305409	Achatina achatina (Linnaeus, 1758)	ACCEPTED	8305409	Achatina achatina (Linnaeus, 1758)	SPECIES	225	Gastropoda	Animalia
213213476	8790531	https://www.gbif.org/species/8790531	Lissachatina fulica (Bowdich, 1822)	ACCEPTED	8790531	Lissachatina fulica (Bowdich, 1822)	SPECIES	225	Gastropoda	Animalia
213213482	4562529	https://www.gbif.org/species/4562529	Morlina glabra (Rossmässler, 1835)	ACCEPTED	4562529	Morlina glabra (Rossmässler, 1835)	SPECIES	225	Gastropoda	Animalia
213213485	3797084	https://www.gbif.org/species/3797084	Alkekengi officinarum Moench	ACCEPTED	3797084	Alkekengi officinarum Moench	SPECIES	220	Magnoliopsida	Plantae
213213487	9537212	https://www.gbif.org/species/9537212	Alkekengi officinarum var. franchetii (Mast.) R.J.Wang	ACCEPTED	9537212	Alkekengi officinarum var. franchetii (Mast.) R.J.Wang	VARIETY	220	Magnoliopsida	Plantae
213213490	2928859	https://www.gbif.org/species/2928859	Petunia ×atkinsiana D.Don ex Loudon	ACCEPTED	2928859	Petunia ×atkinsiana D.Don ex Loudon	SPECIES	220	Magnoliopsida	Plantae
213213493	5190912	https://www.gbif.org/species/5190912	Testacella haliotidea Draparnaud, 1801	ACCEPTED	5190912	Testacella haliotidea Draparnaud, 1801	SPECIES	225	Gastropoda	Animalia
213213497	5795017	https://www.gbif.org/species/5795017	Ferussacia folliculum (Schröter, 1784)	ACCEPTED	5795017	Ferussacia folliculum (Schröter, 1784)	SPECIES	225	Gastropoda	Animalia
213213501	3799170	https://www.gbif.org/species/3799170	Nicotiana ×sanderae W.Watson	ACCEPTED	3799170	Nicotiana ×sanderae W.Watson	SPECIES	220	Magnoliopsida	Plantae
213213509	7505521	https://www.gbif.org/species/7505521	Zebrina detrita (O.F.Müller, 1774)	ACCEPTED	7505521	Zebrina detrita (O.F.Müller, 1774)	SPECIES	225	Gastropoda	Animalia
213213511	8791507	https://www.gbif.org/species/8791507	Physalis philadelphica Lambert	DOUBTFUL	8791507	Physalis philadelphica Lambert	SPECIES	220	Magnoliopsida	Plantae
213213513	2294275	https://www.gbif.org/species/2294275	Eobania vermiculata (O.F.Müller, 1774)	ACCEPTED	2294275	Eobania vermiculata (O.F.Müller, 1774)	SPECIES	225	Gastropoda	Animalia
213213515	6402873	https://www.gbif.org/species/6402873	Physalis ixocarpa Brot. ex Hornem.	HETEROTYPIC_SYNONYM	5581168	Physalis philadelphica subsp. ixocarpa (Brot. ex Hornem.) Sobr.-Vesp. & Sanz-Elorza	SUBSPECIES	220	Magnoliopsida	Plantae
213213517	5341792	https://www.gbif.org/species/5341792	Physalis angulata L.	ACCEPTED	5341792	Physalis angulata L.	SPECIES	220	Magnoliopsida	Plantae
213213518	7753992	https://www.gbif.org/species/7753992	Helix lucorum Linnaeus, 1758	ACCEPTED	7753992	Helix lucorum Linnaeus, 1758	SPECIES	225	Gastropoda	Animalia
213213519	5581279	https://www.gbif.org/species/5581279	Physalis longifolia var. subglabrata (Mack. & Bush) Cronquist	ACCEPTED	5581279	Physalis longifolia var. subglabrata (Mack. & Bush) Cronquist	VARIETY	220	Magnoliopsida	Plantae
213213522	2294284	https://www.gbif.org/species/2294284	Otala lactea (O.F.Müller, 1774)	ACCEPTED	2294284	Otala lactea (O.F.Müller, 1774)	SPECIES	225	Gastropoda	Animalia
213213526	2928905	https://www.gbif.org/species/2928905	Calibrachoa parviflora (Juss.) D' Arcy	ACCEPTED	2928905	Calibrachoa parviflora (Juss.) D' Arcy	SPECIES	220	Magnoliopsida	Plantae
213213531	2930222	https://www.gbif.org/species/2930222	Solanum americanum Mill.	ACCEPTED	2930222	Solanum americanum Mill.	SPECIES	220	Magnoliopsida	Plantae
213213533	8624880	https://www.gbif.org/species/8624880	Cernuella virgata (Muller, 1774)	DOUBTFUL	8624880	Cernuella virgata (Muller, 1774)	SPECIES	225	Gastropoda	Animalia
213213534	2929800	https://www.gbif.org/species/2929800	Solanum angustifolium Houst. ex Mill.	ACCEPTED	2929800	Solanum angustifolium Houst. ex Mill.	SPECIES	220	Magnoliopsida	Plantae
213213536	2932147	https://www.gbif.org/species/2932147	Solanum nitidibaccatum Bitter	ACCEPTED	2932147	Solanum nitidibaccatum Bitter	SPECIES	220	Magnoliopsida	Plantae
213213539	2931738	https://www.gbif.org/species/2931738	Solanum pimpinellifolium L.	ACCEPTED	2931738	Solanum pimpinellifolium L.	SPECIES	220	Magnoliopsida	Plantae
213213540	7384449	https://www.gbif.org/species/7384449	Radix rubiginosa (Michelin, 1831)	ACCEPTED	7384449	Radix rubiginosa (Michelin, 1831)	SPECIES	225	Gastropoda	Animalia
213213541	2932872	https://www.gbif.org/species/2932872	Solanum decipiens Opiz	ACCEPTED	2932872	Solanum decipiens Opiz	SPECIES	220	Magnoliopsida	Plantae
213213543	2931237	https://www.gbif.org/species/2931237	Solanum triflorum Nutt.	ACCEPTED	2931237	Solanum triflorum Nutt.	SPECIES	220	Magnoliopsida	Plantae
213213545	2929505	https://www.gbif.org/species/2929505	Solanum villosum Mill.	ACCEPTED	2929505	Solanum villosum Mill.	SPECIES	220	Magnoliopsida	Plantae
213213546	4362965	https://www.gbif.org/species/4362965	Melanoides tuberculata (O.F.Müller, 1774)	ACCEPTED	4362965	Melanoides tuberculata (O.F.Müller, 1774)	SPECIES	225	Gastropoda	Animalia
213213547	2929847	https://www.gbif.org/species/2929847	Solanum aethiopicum L.	ACCEPTED	2929847	Solanum aethiopicum L.	SPECIES	220	Magnoliopsida	Plantae
213213559	3610757	https://www.gbif.org/species/3610757	Cuscuta campestris Yunck.	ACCEPTED	3610757	Cuscuta campestris Yunck.	SPECIES	220	Magnoliopsida	Plantae
213213560	2927492	https://www.gbif.org/species/2927492	Cuscuta gronovii Willd. ex Schult.	ACCEPTED	2927492	Cuscuta gronovii Willd. ex Schult.	SPECIES	220	Magnoliopsida	Plantae
213213564	5724924	https://www.gbif.org/species/5724924	Charonia lampas (Linnaeus, 1758)	ACCEPTED	5724924	Charonia lampas (Linnaeus, 1758)	SPECIES	225	Gastropoda	Animalia
213213565	2928534	https://www.gbif.org/species/2928534	Ipomoea nil (L.) Roth	ACCEPTED	2928534	Ipomoea nil (L.) Roth	SPECIES	220	Magnoliopsida	Plantae
213213568	2928584	https://www.gbif.org/species/2928584	Ipomoea lacunosa L.	ACCEPTED	2928584	Ipomoea lacunosa L.	SPECIES	220	Magnoliopsida	Plantae
213213569	8059430	https://www.gbif.org/species/8059430	Heleobia charruana (d'Orbigny, 1841)	ACCEPTED	8059430	Heleobia charruana (d'Orbigny, 1841)	SPECIES	225	Gastropoda	Animalia
213213570	9060332	https://www.gbif.org/species/9060332	Ipomoea heptaphylla Sweet	ACCEPTED	9060332	Ipomoea heptaphylla Sweet	SPECIES	220	Magnoliopsida	Plantae
213213572	2928560	https://www.gbif.org/species/2928560	Ipomoea coccinea L.	ACCEPTED	2928560	Ipomoea coccinea L.	SPECIES	220	Magnoliopsida	Plantae
213213574	7324507	https://www.gbif.org/species/7324507	Ipomoea lacunosa f. lacunosa	SYNONYM	2928584	Ipomoea lacunosa L.	SPECIES	220	Magnoliopsida	Plantae
213213578	7162908	https://www.gbif.org/species/7162908	Convolvulus tricolor L.	ACCEPTED	7162908	Convolvulus tricolor L.	SPECIES	220	Magnoliopsida	Plantae
213213583	7225712	https://www.gbif.org/species/7225712	Calystegia silvatica subsp. silvatica	ACCEPTED	7225712	Calystegia silvatica subsp. silvatica	SUBSPECIES	220	Magnoliopsida	Plantae
213213596	7293727	https://www.gbif.org/species/7293727	Ampelopsis glandulosa (Wall.) Momiy.	ACCEPTED	7293727	Ampelopsis glandulosa (Wall.) Momiy.	SPECIES	220	Magnoliopsida	Plantae
213213599	3039203	https://www.gbif.org/species/3039203	Parthenocissus inserta (A.Kern.) Fritsch	ACCEPTED	3039203	Parthenocissus inserta (A.Kern.) Fritsch	SPECIES	220	Magnoliopsida	Plantae
213213603	5855746	https://www.gbif.org/species/5855746	Meretrix lyrata (G.B.Sowerby II, 1851)	ACCEPTED	5855746	Meretrix lyrata (G.B.Sowerby II, 1851)	SPECIES	137	Bivalvia	Animalia
213213615	5729018	https://www.gbif.org/species/5729018	Donax serra Röding, 1798	ACCEPTED	5729018	Donax serra Röding, 1798	SPECIES	137	Bivalvia	Animalia
213213618	8864505	https://www.gbif.org/species/8864505	Macomopsis melo (G.B.Sowerby II, 1866)	ACCEPTED	8864505	Macomopsis melo (G.B.Sowerby II, 1866)	SPECIES	137	Bivalvia	Animalia
213213619	4194303	https://www.gbif.org/species/4194303	Ribes aureum var. villosum DC.	ACCEPTED	4194303	Ribes aureum var. villosum DC.	VARIETY	220	Magnoliopsida	Plantae
213213621	2986111	https://www.gbif.org/species/2986111	Ribes aureum Pursh	ACCEPTED	2986111	Ribes aureum Pursh	SPECIES	220	Magnoliopsida	Plantae
213213627	3152839	https://www.gbif.org/species/3152839	Cercidiphyllum japonicum, 1852	DOUBTFUL	3152839	Cercidiphyllum japonicum, 1852	SPECIES	220	Magnoliopsida	Plantae
213213638	4201709	https://www.gbif.org/species/4201709	Sempervivum arachnoideum L.	ACCEPTED	4201709	Sempervivum arachnoideum L.	SPECIES	220	Magnoliopsida	Plantae
213213642	4202184	https://www.gbif.org/species/4202184	Hylotelephium anacampseros (L.) H.Ohba	ACCEPTED	4202184	Hylotelephium anacampseros (L.) H.Ohba	SPECIES	220	Magnoliopsida	Plantae
213213646	11162940	https://www.gbif.org/species/11162940	Phedimus spurius subsp. spurius	ACCEPTED	11162940	Phedimus spurius subsp. spurius	SUBSPECIES	220	Magnoliopsida	Plantae
213213648	7768495	https://www.gbif.org/species/7768495	Phedimus stolonifer (S.G.Gmel.) 't Hart	ACCEPTED	7768495	Phedimus stolonifer (S.G.Gmel.) 't Hart	SPECIES	220	Magnoliopsida	Plantae
213213650	4201695	https://www.gbif.org/species/4201695	Phedimus hybridus (L.) 't Hart	ACCEPTED	4201695	Phedimus hybridus (L.) 't Hart	SPECIES	220	Magnoliopsida	Plantae
213213653	4201688	https://www.gbif.org/species/4201688	Phedimus kamtschaticus (Fisch.) 't Hart	ACCEPTED	4201688	Phedimus kamtschaticus (Fisch.) 't Hart	SPECIES	220	Magnoliopsida	Plantae
213213654	7172831	https://www.gbif.org/species/7172831	Phedimus aizoon (L.) 't Hart	ACCEPTED	7172831	Phedimus aizoon (L.) 't Hart	SPECIES	220	Magnoliopsida	Plantae
213213655	2285504	https://www.gbif.org/species/2285504	Yoldia limatula (Say, 1831)	ACCEPTED	2285504	Yoldia limatula (Say, 1831)	SPECIES	137	Bivalvia	Animalia
213213660	5361977	https://www.gbif.org/species/5361977	Sedum mexicanum Britton	ACCEPTED	5361977	Sedum mexicanum Britton	SPECIES	220	Magnoliopsida	Plantae
213213662	5690814	https://www.gbif.org/species/5690814	Sedum lydium Boiss.	ACCEPTED	5690814	Sedum lydium Boiss.	SPECIES	220	Magnoliopsida	Plantae
213213666	7863397	https://www.gbif.org/species/7863397	Petrosedum ochroleucum (Chaix) Niederle	ACCEPTED	7863397	Petrosedum ochroleucum (Chaix) Niederle	SPECIES	220	Magnoliopsida	Plantae
213213669	5688347	https://www.gbif.org/species/5688347	Sedum sediforme (Jacq.) Pau	SYNONYM	11206887	Petrosedum sediforme subsp. sediforme	SUBSPECIES	220	Magnoliopsida	Plantae
213213671	10933479	https://www.gbif.org/species/10933479	Haliclona xena de Weerdt, 1986	ACCEPTED	10933479	Haliclona xena de Weerdt, 1986	SPECIES	199	Demospongiae	Animalia
213213675	10730110	https://www.gbif.org/species/10730110	Crassula peduncularis (Sm.) Cambess.	ACCEPTED	10730110	Crassula peduncularis (Sm.) Cambess.	SPECIES	220	Magnoliopsida	Plantae
213213677	2242011	https://www.gbif.org/species/2242011	Mycale micracanthoxea Buizer & van Soest, 1977	ACCEPTED	2242011	Mycale micracanthoxea Buizer & van Soest, 1977	SPECIES	199	Demospongiae	Animalia
213213689	3032762	https://www.gbif.org/species/3032762	Saxifraga stolonifera Curtis	ACCEPTED	3032762	Saxifraga stolonifera Curtis	SPECIES	220	Magnoliopsida	Plantae
213213694	4346612	https://www.gbif.org/species/4346612	Anguillicola crassus Kuwahara, Niimi & Itagaki, 1974	ACCEPTED	4346612	Anguillicola crassus Kuwahara, Niimi & Itagaki, 1974	SPECIES	11133537	Chromadorea	Animalia
213213723	3169137	https://www.gbif.org/species/3169137	Euonymus fortunei (Turcz.) Hand.-Mazz.	ACCEPTED	3169137	Euonymus fortunei (Turcz.) Hand.-Mazz.	SPECIES	220	Magnoliopsida	Plantae
213213724	3790832	https://www.gbif.org/species/3790832	Euonymus oxyphyllus Miq.	ACCEPTED	3790832	Euonymus oxyphyllus Miq.	SPECIES	220	Magnoliopsida	Plantae
213213740	10773250	https://www.gbif.org/species/10773250	Melilotus siculus (Turra) Steud.	ACCEPTED	10773250	Melilotus siculus (Turra) Steud.	SPECIES	220	Magnoliopsida	Plantae
213213743	2971024	https://www.gbif.org/species/2971024	Melilotus officinalis (L.) Pallas	DOUBTFUL	2971024	Melilotus officinalis (L.) Pallas	SPECIES	220	Magnoliopsida	Plantae
213213744	6098843	https://www.gbif.org/species/6098843	Ctenolepisma longicaudatum Escherich, 1905	ACCEPTED	6098843	Ctenolepisma longicaudatum Escherich, 1905	SPECIES	216	Insecta	Animalia
213213747	3973495	https://www.gbif.org/species/3973495	Vicia eriocarpa (Hausskn.) Halácsy	ACCEPTED	3973495	Vicia eriocarpa (Hausskn.) Halácsy	SPECIES	220	Magnoliopsida	Plantae
213213749	3973001	https://www.gbif.org/species/3973001	Vicia lens (L.) Coss. & Germ.	ACCEPTED	3973001	Vicia lens (L.) Coss. & Germ.	SPECIES	220	Magnoliopsida	Plantae
213213754	7769230	https://www.gbif.org/species/7769230	Vicia lentoides (Ten.) Coss. & Germ.	ACCEPTED	7769230	Vicia lentoides (Ten.) Coss. & Germ.	SPECIES	220	Magnoliopsida	Plantae
213213755	1707320	https://www.gbif.org/species/1707320	Schistocerca gregaria (Forskål, 1775)	ACCEPTED	1707320	Schistocerca gregaria (Forskål, 1775)	SPECIES	216	Insecta	Animalia
213213757	2974811	https://www.gbif.org/species/2974811	Vicia pannonica Crantz	ACCEPTED	2974811	Vicia pannonica Crantz	SPECIES	220	Magnoliopsida	Plantae
213213758	7225456	https://www.gbif.org/species/7225456	Vicia narbonensis var. narbonensis	SYNONYM	2975132	Vicia narbonensis L.	SPECIES	220	Magnoliopsida	Plantae
213213759	1714140	https://www.gbif.org/species/1714140	Oedaleus decorus (Germar, 1825)	ACCEPTED	1714140	Oedaleus decorus (Germar, 1825)	SPECIES	216	Insecta	Animalia
213213764	7302355	https://www.gbif.org/species/7302355	Vicia benghalensis subsp. benghalensis	ACCEPTED	7302355	Vicia benghalensis subsp. benghalensis	SUBSPECIES	220	Magnoliopsida	Plantae
213213771	2975132	https://www.gbif.org/species/2975132	Vicia narbonensis L.	ACCEPTED	2975132	Vicia narbonensis L.	SPECIES	220	Magnoliopsida	Plantae
213213773	1683815	https://www.gbif.org/species/1683815	Rhacocleis annulata Fieber, 1853	ACCEPTED	1683815	Rhacocleis annulata Fieber, 1853	SPECIES	216	Insecta	Animalia
213213776	9603492	https://www.gbif.org/species/9603492	Vicia pannonica var. pannonica	SYNONYM	2974811	Vicia pannonica Crantz	SPECIES	220	Magnoliopsida	Plantae
213213777	1720196	https://www.gbif.org/species/1720196	Homoeogryllus reticulatus (Fabricius, 1781)	ACCEPTED	1720196	Homoeogryllus reticulatus (Fabricius, 1781)	SPECIES	216	Insecta	Animalia
213213779	2975135	https://www.gbif.org/species/2975135	Vicia serratifolia Jacq.	ACCEPTED	2975135	Vicia serratifolia Jacq.	SPECIES	220	Magnoliopsida	Plantae
213213785	1411953	https://www.gbif.org/species/1411953	Carausius morosus Brunner von Wattenwyl, 1907	ACCEPTED	1411953	Carausius morosus Brunner von Wattenwyl, 1907	SPECIES	216	Insecta	Animalia
213213797	2945513	https://www.gbif.org/species/2945513	Cladrastis kentukea (Dum.Cours.) Rudd	ACCEPTED	2945513	Cladrastis kentukea (Dum.Cours.) Rudd	SPECIES	220	Magnoliopsida	Plantae
213213804	5347846	https://www.gbif.org/species/5347846	Lathyrus oleraceus Lam.	ACCEPTED	5347846	Lathyrus oleraceus Lam.	SPECIES	220	Magnoliopsida	Plantae
213213812	5359068	https://www.gbif.org/species/5359068	Trifolium sylvaticum Gérard	ACCEPTED	5359068	Trifolium sylvaticum Gérard	SPECIES	220	Magnoliopsida	Plantae
213213824	6109535	https://www.gbif.org/species/6109535	Trifolium hybridum L.	ACCEPTED	6109535	Trifolium hybridum L.	SPECIES	220	Magnoliopsida	Plantae
213213825	5041422	https://www.gbif.org/species/5041422	Sceliphron curvatum (F.Smith, 1870)	ACCEPTED	5041422	Sceliphron curvatum (F.Smith, 1870)	SPECIES	216	Insecta	Animalia
213213826	5041471	https://www.gbif.org/species/5041471	Sceliphron destillatorium (Illiger, 1807)	ACCEPTED	5041471	Sceliphron destillatorium (Illiger, 1807)	SPECIES	216	Insecta	Animalia
213213830	1346919	https://www.gbif.org/species/1346919	Isodontia mexicana (de Saussure, 1867)	ACCEPTED	1346919	Isodontia mexicana (de Saussure, 1867)	SPECIES	216	Insecta	Animalia
213213836	5356892	https://www.gbif.org/species/5356892	Lotus parviflorus Desf.	ACCEPTED	5356892	Lotus parviflorus Desf.	SPECIES	220	Magnoliopsida	Plantae
213213837	7753114	https://www.gbif.org/species/7753114	Lotus corniculatus var. sativus Hyl.	SYNONYM	7111792	Lotus corniculatus subsp. corniculatus	SUBSPECIES	220	Magnoliopsida	Plantae
213213840	9551728	https://www.gbif.org/species/9551728	Tapinoma magnum Mayr, 1861	ACCEPTED	9551728	Tapinoma magnum Mayr, 1861	SPECIES	216	Insecta	Animalia
213213843	5360221	https://www.gbif.org/species/5360221	Thermopsis montana Torr. & A.Gray	DOUBTFUL	5360221	Thermopsis montana Torr. & A.Gray	SPECIES	220	Magnoliopsida	Plantae
213213847	2976091	https://www.gbif.org/species/2976091	Baptisia australis (L.) R.Br.	ACCEPTED	2976091	Baptisia australis (L.) R.Br.	SPECIES	220	Magnoliopsida	Plantae
213213853	8261015	https://www.gbif.org/species/8261015	Trigonella foenum-graecum (Habl.)	DOUBTFUL	8261015	Trigonella foenum-graecum (Habl.)	SPECIES	220	Magnoliopsida	Plantae
213213860	5349991	https://www.gbif.org/species/5349991	Coronilla securidaca L.	ACCEPTED	5349991	Coronilla securidaca L.	SPECIES	220	Magnoliopsida	Plantae
213213861	5350005	https://www.gbif.org/species/5350005	Coronilla varia L.	ACCEPTED	5350005	Coronilla varia L.	SPECIES	220	Magnoliopsida	Plantae
213213865	1276876	https://www.gbif.org/species/1276876	Ctenochares bicolorus (Linnaeus, 1767)	ACCEPTED	1276876	Ctenochares bicolorus (Linnaeus, 1767)	SPECIES	216	Insecta	Animalia
213213869	5869933	https://www.gbif.org/species/5869933	Laelius pedatus (Say, 1836)	ACCEPTED	5869933	Laelius pedatus (Say, 1836)	SPECIES	216	Insecta	Animalia
213213871	2956442	https://www.gbif.org/species/2956442	Colutea orientalis Mill.	ACCEPTED	2956442	Colutea orientalis Mill.	SPECIES	220	Magnoliopsida	Plantae
213213877	5354675	https://www.gbif.org/species/5354675	Chamaecytisus elongatus (Waldst. & Kit.) Link	ACCEPTED	5354675	Chamaecytisus elongatus (Waldst. & Kit.) Link	SPECIES	220	Magnoliopsida	Plantae
213213878	1371011	https://www.gbif.org/species/1371011	Megastigmus spermotrophus Wachtl, 1893	ACCEPTED	1371011	Megastigmus spermotrophus Wachtl, 1893	SPECIES	216	Insecta	Animalia
213213882	4496869	https://www.gbif.org/species/4496869	Neuroterus saliens (Kollar, 1857)	ACCEPTED	4496869	Neuroterus saliens (Kollar, 1857)	SPECIES	216	Insecta	Animalia
213213885	5928735	https://www.gbif.org/species/5928735	Sulla coronaria (L.) B.H.Choi & H.Ohashi	ACCEPTED	5928735	Sulla coronaria (L.) B.H.Choi & H.Ohashi	SPECIES	220	Magnoliopsida	Plantae
213213886	1309635	https://www.gbif.org/species/1309635	Aphelonyx cerricola (Giraud, 1859)	DOUBTFUL	1309635	Aphelonyx cerricola (Giraud, 1859)	SPECIES	216	Insecta	Animalia
213213889	2943190	https://www.gbif.org/species/2943190	Caragana arborescens Lam.	ACCEPTED	2943190	Caragana arborescens Lam.	SPECIES	220	Magnoliopsida	Plantae
213213890	4496973	https://www.gbif.org/species/4496973	Andricus gemmeus (Giraud, 1859)	ACCEPTED	4496973	Andricus gemmeus (Giraud, 1859)	SPECIES	216	Insecta	Animalia
213213891	1309606	https://www.gbif.org/species/1309606	Andricus grossulariae Giraud, 1859	ACCEPTED	1309606	Andricus grossulariae Giraud, 1859	SPECIES	216	Insecta	Animalia
213213893	4497054	https://www.gbif.org/species/4497054	Andricus lignicolus (Hartig, 1840)	ACCEPTED	4497054	Andricus lignicolus (Hartig, 1840)	SPECIES	216	Insecta	Animalia
213213894	4497120	https://www.gbif.org/species/4497120	Andricus corruptrix (Schlechtendal, 1870)	ACCEPTED	4497120	Andricus corruptrix (Schlechtendal, 1870)	SPECIES	216	Insecta	Animalia
213213895	4497124	https://www.gbif.org/species/4497124	Andricus quercuscalicis (Burgsdorff, 1783)	ACCEPTED	4497124	Andricus quercuscalicis (Burgsdorff, 1783)	SPECIES	216	Insecta	Animalia
213213896	4497180	https://www.gbif.org/species/4497180	Andricus aries (Giraud, 1859)	ACCEPTED	4497180	Andricus aries (Giraud, 1859)	SPECIES	216	Insecta	Animalia
213213897	1309600	https://www.gbif.org/species/1309600	Andricus kollari (Hartig, 1843)	ACCEPTED	1309600	Andricus kollari (Hartig, 1843)	SPECIES	216	Insecta	Animalia
213213900	1309652	https://www.gbif.org/species/1309652	Dryocosmus kuriphilus Yasumatsu, 1951	ACCEPTED	1309652	Dryocosmus kuriphilus Yasumatsu, 1951	SPECIES	216	Insecta	Animalia
213213908	1795068	https://www.gbif.org/species/1795068	Thysanoplusia orichalcea (Fabricius, 1775)	ACCEPTED	1795068	Thysanoplusia orichalcea (Fabricius, 1775)	SPECIES	216	Insecta	Animalia
213213914	1873903	https://www.gbif.org/species/1873903	Cadra figulilella (Gregson, 1871)	ACCEPTED	1873903	Cadra figulilella (Gregson, 1871)	SPECIES	216	Insecta	Animalia
213213915	1873890	https://www.gbif.org/species/1873890	Cadra cautella (Walker, 1863)	ACCEPTED	1873890	Cadra cautella (Walker, 1863)	SPECIES	216	Insecta	Animalia
213213918	8766638	https://www.gbif.org/species/8766638	Hypsopygia nostralis (Guenée, 1854)	ACCEPTED	8766638	Hypsopygia nostralis (Guenée, 1854)	SPECIES	216	Insecta	Animalia
213213920	1873051	https://www.gbif.org/species/1873051	Cryptoblabes gnidiella Millière, 1867	ACCEPTED	1873051	Cryptoblabes gnidiella Millière, 1867	SPECIES	216	Insecta	Animalia
213213924	2970585	https://www.gbif.org/species/2970585	Sesbania herbacea (Mill.) McVaugh	ACCEPTED	2970585	Sesbania herbacea (Mill.) McVaugh	SPECIES	220	Magnoliopsida	Plantae
213213926	1886729	https://www.gbif.org/species/1886729	Maruca vitrata (Fabricius, 1787)	ACCEPTED	1886729	Maruca vitrata (Fabricius, 1787)	SPECIES	216	Insecta	Animalia
213213928	1891245	https://www.gbif.org/species/1891245	Sufetula diminutalis Walker, 1865	ACCEPTED	1891245	Sufetula diminutalis Walker, 1865	SPECIES	216	Insecta	Animalia
213213929	2965250	https://www.gbif.org/species/2965250	Medicago tornata (L.) Mill.	ACCEPTED	2965250	Medicago tornata (L.) Mill.	SPECIES	220	Magnoliopsida	Plantae
213213931	2965354	https://www.gbif.org/species/2965354	Medicago falcata L.	ACCEPTED	2965354	Medicago falcata L.	SPECIES	220	Magnoliopsida	Plantae
213213932	1885213	https://www.gbif.org/species/1885213	Crocidophora butleri South, 1901	ACCEPTED	1885213	Crocidophora butleri South, 1901	SPECIES	216	Insecta	Animalia
213213933	7373959	https://www.gbif.org/species/7373959	Medicago ciliaris (L.) All.	ACCEPTED	7373959	Medicago ciliaris (L.) All.	SPECIES	220	Magnoliopsida	Plantae
213213935	2965405	https://www.gbif.org/species/2965405	Medicago intertexta (L.) Mill.	ACCEPTED	2965405	Medicago intertexta (L.) Mill.	SPECIES	220	Magnoliopsida	Plantae
213213938	9776414	https://www.gbif.org/species/9776414	Acharia stimulea (Clemens, 1860)	ACCEPTED	9776414	Acharia stimulea (Clemens, 1860)	SPECIES	216	Insecta	Animalia
213213942	8741260	https://www.gbif.org/species/8741260	Macrosaccus robiniella (Clemens, 1859)	ACCEPTED	8741260	Macrosaccus robiniella (Clemens, 1859)	SPECIES	216	Insecta	Animalia
213213945	1749580	https://www.gbif.org/species/1749580	Phyllocnistis citrella Stainton, 1856	ACCEPTED	1749580	Phyllocnistis citrella Stainton, 1856	SPECIES	216	Insecta	Animalia
213213949	1829659	https://www.gbif.org/species/1829659	Lepidotarphius perornatella Walker, 1864	ACCEPTED	1829659	Lepidotarphius perornatella Walker, 1864	SPECIES	216	Insecta	Animalia
213213953	4530608	https://www.gbif.org/species/4530608	Clepsis peritana (Clemens, 1860)	ACCEPTED	4530608	Clepsis peritana (Clemens, 1860)	SPECIES	216	Insecta	Animalia
213213954	5358302	https://www.gbif.org/species/5358302	Scorpiurus muricatus L.	ACCEPTED	5358302	Scorpiurus muricatus L.	SPECIES	220	Magnoliopsida	Plantae
213213957	11141765	https://www.gbif.org/species/11141765	Tetramoera langmaidi Plant, 2014	ACCEPTED	11141765	Tetramoera langmaidi Plant, 2014	SPECIES	216	Insecta	Animalia
213213962	8149049	https://www.gbif.org/species/8149049	Wisteria sinensis (Sims) DC.	ACCEPTED	8149049	Wisteria sinensis (Sims) DC.	SPECIES	220	Magnoliopsida	Plantae
213213963	1737131	https://www.gbif.org/species/1737131	Epiphyas postvittana (Walker, 1863)	ACCEPTED	1737131	Epiphyas postvittana (Walker, 1863)	SPECIES	216	Insecta	Animalia
213213967	1866356	https://www.gbif.org/species/1866356	Samia cynthia Drury, 1773	ACCEPTED	1866356	Samia cynthia Drury, 1773	SPECIES	216	Insecta	Animalia
213213970	1865660	https://www.gbif.org/species/1865660	Actias selene Hübner, 1806	ACCEPTED	1865660	Actias selene Hübner, 1806	SPECIES	216	Insecta	Animalia
213213973	5124716	https://www.gbif.org/species/5124716	Attacus atlas (Linnaeus, 1758)	ACCEPTED	5124716	Attacus atlas (Linnaeus, 1758)	SPECIES	216	Insecta	Animalia
213213977	1910629	https://www.gbif.org/species/1910629	Hypolimnas bolina (Linnaeus, 1758)	ACCEPTED	1910629	Hypolimnas bolina (Linnaeus, 1758)	SPECIES	216	Insecta	Animalia
213213979	5128034	https://www.gbif.org/species/5128034	Dryas iulia (Fabricius, 1775)	ACCEPTED	5128034	Dryas iulia (Fabricius, 1775)	SPECIES	216	Insecta	Animalia
213213981	5130444	https://www.gbif.org/species/5130444	Junonia iphita (Cramer, 1782)	ACCEPTED	5130444	Junonia iphita (Cramer, 1782)	SPECIES	216	Insecta	Animalia
213213984	5133523	https://www.gbif.org/species/5133523	Morpho menelaus (Linnaeus, 1758)	ACCEPTED	5133523	Morpho menelaus (Linnaeus, 1758)	SPECIES	216	Insecta	Animalia
213213988	2984306	https://www.gbif.org/species/2984306	Gunnera tinctoria (Molina) Mirb.	ACCEPTED	2984306	Gunnera tinctoria (Molina) Mirb.	SPECIES	220	Magnoliopsida	Plantae
213213995	7926816	https://www.gbif.org/species/7926816	Monsonia angustifolia E.Mey. ex A.Rich.	DOUBTFUL	7926816	Monsonia angustifolia E.Mey. ex A.Rich.	SPECIES	220	Magnoliopsida	Plantae
213213998	3826854	https://www.gbif.org/species/3826854	Erodium manescavi Coss.	ACCEPTED	3826854	Erodium manescavi Coss.	SPECIES	220	Magnoliopsida	Plantae
213214000	1830823	https://www.gbif.org/species/1830823	Prays citri Millière, 1873	ACCEPTED	1830823	Prays citri Millière, 1873	SPECIES	216	Insecta	Animalia
213214001	8391331	https://www.gbif.org/species/8391331	Erodium moschatum (L.) Aiton	DOUBTFUL	8391331	Erodium moschatum (L.) Aiton	SPECIES	220	Magnoliopsida	Plantae
213214004	3826756	https://www.gbif.org/species/3826756	Erodium meynieri Maire	ACCEPTED	3826756	Erodium meynieri Maire	SPECIES	220	Magnoliopsida	Plantae
213214005	5123474	https://www.gbif.org/species/5123474	Anthophila nemorana (Hübner, 1799)	ACCEPTED	5123474	Anthophila nemorana (Hübner, 1799)	SPECIES	216	Insecta	Animalia
213214007	2891624	https://www.gbif.org/species/2891624	Erodium cygnorum Nees	ACCEPTED	2891624	Erodium cygnorum Nees	SPECIES	220	Magnoliopsida	Plantae
213214009	2891621	https://www.gbif.org/species/2891621	Erodium malacoides (L.) Willd., 1794	DOUBTFUL	2891621	Erodium malacoides (L.) Willd., 1794	SPECIES	220	Magnoliopsida	Plantae
213214010	1835422	https://www.gbif.org/species/1835422	Schiffermuelleria bruandella (Ragonot, 1889)	ACCEPTED	1835422	Schiffermuelleria bruandella (Ragonot, 1889)	SPECIES	216	Insecta	Animalia
213214015	1852787	https://www.gbif.org/species/1852787	Blastobasis lacticolella Rebel, 1939	ACCEPTED	1852787	Blastobasis lacticolella Rebel, 1939	SPECIES	216	Insecta	Animalia
213214016	3828342	https://www.gbif.org/species/3828342	Erodium carolinianum Aldasoro, Aedo, C.Navarro & L.Sáez	ACCEPTED	3828342	Erodium carolinianum Aldasoro, Aedo, C.Navarro & L.Sáez	SPECIES	220	Magnoliopsida	Plantae
213214017	1852831	https://www.gbif.org/species/1852831	Blastobasis adustella Walsingham, 1894	ACCEPTED	1852831	Blastobasis adustella Walsingham, 1894	SPECIES	216	Insecta	Animalia
213214021	1830284	https://www.gbif.org/species/1830284	Argyresthia thuiella Packard, 1871	ACCEPTED	1830284	Argyresthia thuiella Packard, 1871	SPECIES	216	Insecta	Animalia
213214022	2890739	https://www.gbif.org/species/2890739	Geranium versicolor L.	ACCEPTED	2890739	Geranium versicolor L.	SPECIES	220	Magnoliopsida	Plantae
213214025	1971998	https://www.gbif.org/species/1971998	Nepytia phantasmaria (Strecker, 1899)	ACCEPTED	1971998	Nepytia phantasmaria (Strecker, 1899)	SPECIES	216	Insecta	Animalia
213214028	4535888	https://www.gbif.org/species/4535888	Bucculatrix chrysanthemella Rebel, 1896	ACCEPTED	4535888	Bucculatrix chrysanthemella Rebel, 1896	SPECIES	216	Insecta	Animalia
213214029	1751299	https://www.gbif.org/species/1751299	Bucculatrix ainsliella Murtfeldt, 1905	ACCEPTED	1751299	Bucculatrix ainsliella Murtfeldt, 1905	SPECIES	216	Insecta	Animalia
213214033	2890957	https://www.gbif.org/species/2890957	Geranium renardii Trautv.	ACCEPTED	2890957	Geranium renardii Trautv.	SPECIES	220	Magnoliopsida	Plantae
213214034	2049732	https://www.gbif.org/species/2049732	Adelges cooleyi (Gillette, 1907)	ACCEPTED	2049732	Adelges cooleyi (Gillette, 1907)	SPECIES	216	Insecta	Animalia
213214035	2049722	https://www.gbif.org/species/2049722	Adelges laricis Vallot, 1836	ACCEPTED	2049722	Adelges laricis Vallot, 1836	SPECIES	216	Insecta	Animalia
213214036	2049661	https://www.gbif.org/species/2049661	Adelges abietis (Linnaeus, 1758)	ACCEPTED	2049661	Adelges abietis (Linnaeus, 1758)	SPECIES	216	Insecta	Animalia
213214039	5152543	https://www.gbif.org/species/5152543	Raglius alboacuminatus (Goeze, 1778)	ACCEPTED	5152543	Raglius alboacuminatus (Goeze, 1778)	SPECIES	216	Insecta	Animalia
213214042	9711656	https://www.gbif.org/species/9711656	Pelargonium capitatum (L.) L'Hér.	ACCEPTED	9711656	Pelargonium capitatum (L.) L'Hér.	SPECIES	220	Magnoliopsida	Plantae
213214043	4486432	https://www.gbif.org/species/4486432	Dieuches armatipes (Walker, 1872)	ACCEPTED	4486432	Dieuches armatipes (Walker, 1872)	SPECIES	216	Insecta	Animalia
213214047	5152536	https://www.gbif.org/species/5152536	Gastrodes abietum Bergroth, 1914	ACCEPTED	5152536	Gastrodes abietum Bergroth, 1914	SPECIES	216	Insecta	Animalia
213214050	3034002	https://www.gbif.org/species/3034002	Sassafras albidum (Nutt.) Nees	ACCEPTED	3034002	Sassafras albidum (Nutt.) Nees	SPECIES	220	Magnoliopsida	Plantae
213214053	4483961	https://www.gbif.org/species/4483961	Viridicerus ustulatus (Mulsant & Rey, 1855)	ACCEPTED	4483961	Viridicerus ustulatus (Mulsant & Rey, 1855)	SPECIES	216	Insecta	Animalia
213214056	2037925	https://www.gbif.org/species/2037925	Orientus ishidae (Matsumura, 1902)	ACCEPTED	2037925	Orientus ishidae (Matsumura, 1902)	SPECIES	216	Insecta	Animalia
213214059	2049296	https://www.gbif.org/species/2049296	Pithyotettix abietinus (Fallén, 1806)	ACCEPTED	2049296	Pithyotettix abietinus (Fallén, 1806)	SPECIES	216	Insecta	Animalia
213214064	2928026	https://www.gbif.org/species/2928026	Nemophila menziesii Hook. & Arn.	ACCEPTED	2928026	Nemophila menziesii Hook. & Arn.	SPECIES	220	Magnoliopsida	Plantae
213214065	4484009	https://www.gbif.org/species/4484009	Tremulicerus distinguendus (Kirschbaum, 1868)	ACCEPTED	4484009	Tremulicerus distinguendus (Kirschbaum, 1868)	SPECIES	216	Insecta	Animalia
213214066	6420901	https://www.gbif.org/species/6420901	Nemophila menziesii var. menziesii	ACCEPTED	6420901	Nemophila menziesii var. menziesii	VARIETY	220	Magnoliopsida	Plantae
213214069	2037991	https://www.gbif.org/species/2037991	Liguropia juniperi (Lethierry, 1876)	ACCEPTED	2037991	Liguropia juniperi (Lethierry, 1876)	SPECIES	216	Insecta	Animalia
213214071	2047706	https://www.gbif.org/species/2047706	Stragania apicalis (Osborn & Ball, 1898)	ACCEPTED	2047706	Stragania apicalis (Osborn & Ball, 1898)	SPECIES	216	Insecta	Animalia
213214074	2029899	https://www.gbif.org/species/2029899	Japananus hyalinus (Osborn, 1900)	ACCEPTED	2029899	Japananus hyalinus (Osborn, 1900)	SPECIES	216	Insecta	Animalia
213214077	9405645	https://www.gbif.org/species/9405645	Lycopsis arvensis subsp. orientalis (L.) Kusn.	ACCEPTED	9405645	Lycopsis arvensis subsp. orientalis (L.) Kusn.	SUBSPECIES	220	Magnoliopsida	Plantae
213214078	4483971	https://www.gbif.org/species/4483971	Populicerus albicans (Kirschbaum, 1868)	ACCEPTED	4483971	Populicerus albicans (Kirschbaum, 1868)	SPECIES	216	Insecta	Animalia
213214081	2029273	https://www.gbif.org/species/2029273	Zygina nivea (Mulsant & Rey, 1855)	ACCEPTED	2029273	Zygina nivea (Mulsant & Rey, 1855)	SPECIES	216	Insecta	Animalia
213214082	2925874	https://www.gbif.org/species/2925874	Amsinckia lycopsoides Lehm.	ACCEPTED	2925874	Amsinckia lycopsoides Lehm.	SPECIES	220	Magnoliopsida	Plantae
213214084	2038171	https://www.gbif.org/species/2038171	Opsius stactogalus Fieber, 1866	ACCEPTED	2038171	Opsius stactogalus Fieber, 1866	SPECIES	216	Insecta	Animalia
213214087	4273336	https://www.gbif.org/species/4273336	Amsinckia menziesii var. intermedia (Fisch. & C.A.Mey.) Ganders	ACCEPTED	4273336	Amsinckia menziesii var. intermedia (Fisch. & C.A.Mey.) Ganders	VARIETY	220	Magnoliopsida	Plantae
213214088	2088481	https://www.gbif.org/species/2088481	Unaspis euonymi (Comstock, 1881)	ACCEPTED	2088481	Unaspis euonymi (Comstock, 1881)	SPECIES	216	Insecta	Animalia
213214091	4068166	https://www.gbif.org/species/4068166	Echium pininana Webb & Berthel.	ACCEPTED	4068166	Echium pininana Webb & Berthel.	SPECIES	220	Magnoliopsida	Plantae
213214092	9139578	https://www.gbif.org/species/9139578	Aulacaspis rosae (Bouché, 1833)	ACCEPTED	9139578	Aulacaspis rosae (Bouché, 1833)	SPECIES	216	Insecta	Animalia
213214096	4063383	https://www.gbif.org/species/4063383	Trachystemon orientale (L.) D.Don	ACCEPTED	4063383	Trachystemon orientale (L.) D.Don	SPECIES	220	Magnoliopsida	Plantae
213214097	4486243	https://www.gbif.org/species/4486243	Oxycarenus lavaterae (Fabricius, 1787)	ACCEPTED	4486243	Oxycarenus lavaterae (Fabricius, 1787)	SPECIES	216	Insecta	Animalia
213214101	2049512	https://www.gbif.org/species/2049512	Daktulosphaira vitifoliae (Fitch, 1855)	ACCEPTED	2049512	Daktulosphaira vitifoliae (Fitch, 1855)	SPECIES	216	Insecta	Animalia
213214104	7600329	https://www.gbif.org/species/7600329	Pulmonaria mollis Wulfen	DOUBTFUL	7600329	Pulmonaria mollis Wulfen	SPECIES	220	Magnoliopsida	Plantae
213214110	9629001	https://www.gbif.org/species/9629001	Iberodes linifolia (L.) Serrano, R.Carbajal & S.Ortiz	ACCEPTED	9629001	Iberodes linifolia (L.) Serrano, R.Carbajal & S.Ortiz	SPECIES	220	Magnoliopsida	Plantae
213214111	5152721	https://www.gbif.org/species/5152721	Tuponia mixticolor (A.Costa, 1862)	ACCEPTED	5152721	Tuponia mixticolor (A.Costa, 1862)	SPECIES	216	Insecta	Animalia
213214119	2010226	https://www.gbif.org/species/2010226	Sthenarus rotermundi (Scholtz, 1847)	ACCEPTED	2010226	Sthenarus rotermundi (Scholtz, 1847)	SPECIES	216	Insecta	Animalia
213214121	4487598	https://www.gbif.org/species/4487598	Closterotomus trivialis (A.Costa, 1853)	ACCEPTED	4487598	Closterotomus trivialis (A.Costa, 1853)	SPECIES	216	Insecta	Animalia
213214126	8052025	https://www.gbif.org/species/8052025	Dicyphus escalerae Lindberg, 1934	ACCEPTED	8052025	Dicyphus escalerae Lindberg, 1934	SPECIES	216	Insecta	Animalia
213214130	4488821	https://www.gbif.org/species/4488821	Deraeocoris flavilinea (A.Costa, 1862)	ACCEPTED	4488821	Deraeocoris flavilinea (A.Costa, 1862)	SPECIES	216	Insecta	Animalia
213214137	2008616	https://www.gbif.org/species/2008616	Empicoris rubromaculatus (Blackburn, 1888)	ACCEPTED	2008616	Empicoris rubromaculatus (Blackburn, 1888)	SPECIES	216	Insecta	Animalia
213214139	4059971	https://www.gbif.org/species/4059971	Glandora diffusa (Lag.) D.C.Thomas	ACCEPTED	4059971	Glandora diffusa (Lag.) D.C.Thomas	SPECIES	220	Magnoliopsida	Plantae
213214143	10972541	https://www.gbif.org/species/10972541	Cicada barbara (Stål, 1866)	DOUBTFUL	10972541	Cicada barbara (Stål, 1866)	SPECIES	216	Insecta	Animalia
213214144	11104870	https://www.gbif.org/species/11104870	Cicada orni Linnaeus, 1758	DOUBTFUL	11104870	Cicada orni Linnaeus, 1758	SPECIES	216	Insecta	Animalia
213214145	5661914	https://www.gbif.org/species/5661914	Anchusa thessala Boiss. & Spruner	ACCEPTED	5661914	Anchusa thessala Boiss. & Spruner	SPECIES	220	Magnoliopsida	Plantae
213214148	5341201	https://www.gbif.org/species/5341201	Anchusa officinalis L.	ACCEPTED	5341201	Anchusa officinalis L.	SPECIES	220	Magnoliopsida	Plantae
213214149	9078997	https://www.gbif.org/species/9078997	Saissetia oleae (Olivier, 1791)	ACCEPTED	9078997	Saissetia oleae (Olivier, 1791)	SPECIES	216	Insecta	Animalia
213214151	2091932	https://www.gbif.org/species/2091932	Pulvinaria hydrangeae Steinweden, 1946	ACCEPTED	2091932	Pulvinaria hydrangeae Steinweden, 1946	SPECIES	216	Insecta	Animalia
213214153	2092040	https://www.gbif.org/species/2092040	Pulvinaria regalis Canard, 1968	ACCEPTED	2092040	Pulvinaria regalis Canard, 1968	SPECIES	216	Insecta	Animalia
213214154	8255921	https://www.gbif.org/species/8255921	Pulvinaria floccifera (Westwood, 1870)	ACCEPTED	8255921	Pulvinaria floccifera (Westwood, 1870)	SPECIES	216	Insecta	Animalia
213214157	5712981	https://www.gbif.org/species/5712981	Coccus hesperidum Linnaeus, 1758	ACCEPTED	5712981	Coccus hesperidum Linnaeus, 1758	SPECIES	216	Insecta	Animalia
213214161	4488933	https://www.gbif.org/species/4488933	Stephanitis oberti (Kolenati, 1856)	ACCEPTED	4488933	Stephanitis oberti (Kolenati, 1856)	SPECIES	216	Insecta	Animalia
213214162	2020686	https://www.gbif.org/species/2020686	Stephanitis takeyai Drake & Maa, 1955	ACCEPTED	2020686	Stephanitis takeyai Drake & Maa, 1955	SPECIES	216	Insecta	Animalia
213214165	2020655	https://www.gbif.org/species/2020655	Corythucha ciliata (Say, 1832)	ACCEPTED	2020655	Corythucha ciliata (Say, 1832)	SPECIES	216	Insecta	Animalia
213214169	5153082	https://www.gbif.org/species/5153082	Homotoma ficus (Linnaeus, 1758)	ACCEPTED	5153082	Homotoma ficus (Linnaeus, 1758)	SPECIES	216	Insecta	Animalia
213214175	4484176	https://www.gbif.org/species/4484176	Cacopsylla fulguralis (Kuwayama, 1908)	ACCEPTED	4484176	Cacopsylla fulguralis (Kuwayama, 1908)	SPECIES	216	Insecta	Animalia
213214183	2078852	https://www.gbif.org/species/2078852	Nezara viridula (Linnaeus, 1758)	ACCEPTED	2078852	Nezara viridula (Linnaeus, 1758)	SPECIES	216	Insecta	Animalia
213214184	7318199	https://www.gbif.org/species/7318199	Oxalis tetraphylla Link & Otto, 1828	DOUBTFUL	7318199	Oxalis tetraphylla Link & Otto, 1828	SPECIES	220	Magnoliopsida	Plantae
213214186	9823072	https://www.gbif.org/species/9823072	Oxalis stricta L.	ACCEPTED	9823072	Oxalis stricta L.	SPECIES	220	Magnoliopsida	Plantae
213214189	7318131	https://www.gbif.org/species/7318131	Oxalis valdiviensis Barnéoud	ACCEPTED	7318131	Oxalis valdiviensis Barnéoud	SPECIES	220	Magnoliopsida	Plantae
213214190	7763534	https://www.gbif.org/species/7763534	Lauritrioza alacris (Flor, 1861)	ACCEPTED	7763534	Lauritrioza alacris (Flor, 1861)	SPECIES	216	Insecta	Animalia
213214193	2080592	https://www.gbif.org/species/2080592	Icerya purchasi Maskell, 1879	ACCEPTED	2080592	Icerya purchasi Maskell, 1879	SPECIES	216	Insecta	Animalia
213214197	2077985	https://www.gbif.org/species/2077985	Impatientinum asiaticum Nevsky, 1929	ACCEPTED	2077985	Impatientinum asiaticum Nevsky, 1929	SPECIES	216	Insecta	Animalia
213214201	5159101	https://www.gbif.org/species/5159101	Myzocallis walshii (Monell, 1879)	ACCEPTED	5159101	Myzocallis walshii (Monell, 1879)	SPECIES	216	Insecta	Animalia
213214202	3988179	https://www.gbif.org/species/3988179	Sarcococca coriacea (Hook.) Sweet	ACCEPTED	3988179	Sarcococca coriacea (Hook.) Sweet	SPECIES	220	Magnoliopsida	Plantae
213214206	2095283	https://www.gbif.org/species/2095283	Pseudococcus longispinus (Targioni Tozzetti, 1867)	ACCEPTED	2095283	Pseudococcus longispinus (Targioni Tozzetti, 1867)	SPECIES	216	Insecta	Animalia
213214212	2012520	https://www.gbif.org/species/9767566	Agonoscena succincta (Heeger, 1856)	SYNONYM	9767566	Agonoscena succincta (Heeger, 1856)	SPECIES	216	Insecta	Animalia
213214214	3189824	https://www.gbif.org/species/3189824	Aesculus flava Sol.	ACCEPTED	3189824	Aesculus flava Sol.	SPECIES	220	Magnoliopsida	Plantae
213214217	2012132	https://www.gbif.org/species/2012132	Trialeurodes vaporariorum (Westwood, 1856)	ACCEPTED	2012132	Trialeurodes vaporariorum (Westwood, 1856)	SPECIES	216	Insecta	Animalia
213214218	3189807	https://www.gbif.org/species/3189807	Aesculus pavia L.	ACCEPTED	3189807	Aesculus pavia L.	SPECIES	220	Magnoliopsida	Plantae
213214221	3189843	https://www.gbif.org/species/3189843	Acer tataricum L.	ACCEPTED	3189843	Acer tataricum L.	SPECIES	220	Magnoliopsida	Plantae
213214222	7427542	https://www.gbif.org/species/7427542	Aleurotuba jelinekii (Frauenfeld, 1867)	ACCEPTED	7427542	Aleurotuba jelinekii (Frauenfeld, 1867)	SPECIES	216	Insecta	Animalia
213214225	2007665	https://www.gbif.org/species/2007665	Belonochilus numenius (Say, 1831)	ACCEPTED	2007665	Belonochilus numenius (Say, 1831)	SPECIES	216	Insecta	Animalia
213214226	7262943	https://www.gbif.org/species/7262943	Acer davidii Franch.	ACCEPTED	7262943	Acer davidii Franch.	SPECIES	220	Magnoliopsida	Plantae
213214228	4486297	https://www.gbif.org/species/4486297	Arocatus longiceps Stal, 1872	ACCEPTED	4486297	Arocatus longiceps Stal, 1872	SPECIES	216	Insecta	Animalia
213214229	3189835	https://www.gbif.org/species/3189835	Acer macrophyllum Pursh	ACCEPTED	3189835	Acer macrophyllum Pursh	SPECIES	220	Magnoliopsida	Plantae
213214231	11107889	https://www.gbif.org/species/11107889	Graptostethus servus (Fabricius, 1787)	ACCEPTED	11107889	Graptostethus servus (Fabricius, 1787)	SPECIES	216	Insecta	Animalia
213214232	3768287	https://www.gbif.org/species/3768287	Acer cissifolium (Siebold & Zucc.) K.Koch	ACCEPTED	3768287	Acer cissifolium (Siebold & Zucc.) K.Koch	SPECIES	220	Magnoliopsida	Plantae
213214235	4486382	https://www.gbif.org/species/4486382	Orsillus depressus Dallas, 1852	ACCEPTED	4486382	Orsillus depressus Dallas, 1852	SPECIES	216	Insecta	Animalia
213214236	7100404	https://www.gbif.org/species/7100404	Acer buergerianum Miq.	ACCEPTED	7100404	Acer buergerianum Miq.	SPECIES	220	Magnoliopsida	Plantae
213214240	2020832	https://www.gbif.org/species/2020832	Xylocoris galactinus (Fieber, 1836)	ACCEPTED	2020832	Xylocoris galactinus (Fieber, 1836)	SPECIES	216	Insecta	Animalia
213214243	2020779	https://www.gbif.org/species/2020779	Buchananiella continua (White, 1880)	ACCEPTED	2020779	Buchananiella continua (White, 1880)	SPECIES	216	Insecta	Animalia
213214246	4487243	https://www.gbif.org/species/4487243	Amphiareus obscuriceps (Poppius, 1909)	ACCEPTED	4487243	Amphiareus obscuriceps (Poppius, 1909)	SPECIES	216	Insecta	Animalia
213214249	2020879	https://www.gbif.org/species/2020879	Lyctocoris campestris (Fabricius, 1794)	ACCEPTED	2020879	Lyctocoris campestris (Fabricius, 1794)	SPECIES	216	Insecta	Animalia
213214250	3190544	https://www.gbif.org/species/3190544	Rhus glabra L.	ACCEPTED	3190544	Rhus glabra L.	SPECIES	220	Magnoliopsida	Plantae
213214253	2064632	https://www.gbif.org/species/2064632	Acanalonia conica (Say, 1830)	ACCEPTED	2064632	Acanalonia conica (Say, 1830)	SPECIES	216	Insecta	Animalia
213214262	5154481	https://www.gbif.org/species/5154481	Stictocephala bisonia Kopp & Yonke, 1977	ACCEPTED	5154481	Stictocephala bisonia Kopp & Yonke, 1977	SPECIES	216	Insecta	Animalia
213214266	3837891	https://www.gbif.org/species/3837891	Skimmia reevesiana (Fortune) Fortune	ACCEPTED	3837891	Skimmia reevesiana (Fortune) Fortune	SPECIES	220	Magnoliopsida	Plantae
213214273	3833284	https://www.gbif.org/species/3833284	Choisya ternata Kunth	ACCEPTED	3833284	Choisya ternata Kunth	SPECIES	220	Magnoliopsida	Plantae
213214287	4293134	https://www.gbif.org/species/4293134	Neoclytus acuminatus (Fabricius, 1775)	ACCEPTED	4293134	Neoclytus acuminatus (Fabricius, 1775)	SPECIES	216	Insecta	Animalia
213214293	1111797	https://www.gbif.org/species/1111797	Chlorophorus annularis (Fabricius, 1787)	ACCEPTED	1111797	Chlorophorus annularis (Fabricius, 1787)	SPECIES	216	Insecta	Animalia
213214294	9228111	https://www.gbif.org/species/9228111	Fumaria bastardii Boreau	ACCEPTED	9228111	Fumaria bastardii Boreau	SPECIES	220	Magnoliopsida	Plantae
213214296	7315286	https://www.gbif.org/species/7315286	Fumaria muralis Koch	ACCEPTED	7315286	Fumaria muralis Koch	SPECIES	220	Magnoliopsida	Plantae
213214299	1119292	https://www.gbif.org/species/1119292	Morimus asper (Sulzer, 1776)	ACCEPTED	1119292	Morimus asper (Sulzer, 1776)	SPECIES	216	Insecta	Animalia
213214302	8265082	https://www.gbif.org/species/8265082	Monochamus sartor (Fabricius, 1787)	ACCEPTED	8265082	Monochamus sartor (Fabricius, 1787)	SPECIES	216	Insecta	Animalia
213214304	8062758	https://www.gbif.org/species/8062758	Monochamus galloprovincialis (Olivier, 1795)	ACCEPTED	8062758	Monochamus galloprovincialis (Olivier, 1795)	SPECIES	216	Insecta	Animalia
213214305	9587676	https://www.gbif.org/species/9587676	Roemeria hispida Stace	ACCEPTED	9587676	Roemeria hispida Stace	SPECIES	220	Magnoliopsida	Plantae
213214307	5997154	https://www.gbif.org/species/5997154	Merionoeda hirsuta (Mitono & Nishimura, 1936)	ACCEPTED	5997154	Merionoeda hirsuta (Mitono & Nishimura, 1936)	SPECIES	216	Insecta	Animalia
213214310	7569075	https://www.gbif.org/species/7569075	Rosalia alpina (Linnaeus, 1758)	ACCEPTED	7569075	Rosalia alpina (Linnaeus, 1758)	SPECIES	216	Insecta	Animalia
213214313	1133603	https://www.gbif.org/species/1133603	Batocera lineolata Chevrolat, 1852	ACCEPTED	1133603	Batocera lineolata Chevrolat, 1852	SPECIES	216	Insecta	Animalia
213214316	4427283	https://www.gbif.org/species/4427283	Anthrenocerus australis (Hope, 1843)	ACCEPTED	4427283	Anthrenocerus australis (Hope, 1843)	SPECIES	216	Insecta	Animalia
213214319	4427319	https://www.gbif.org/species/4427319	Anthrenus angustefasciatus Ganglbauer, 1904	ACCEPTED	4427319	Anthrenus angustefasciatus Ganglbauer, 1904	SPECIES	216	Insecta	Animalia
213214322	1095946	https://www.gbif.org/species/1095946	Reesa vespulae (Milliron, 1939)	ACCEPTED	1095946	Reesa vespulae (Milliron, 1939)	SPECIES	216	Insecta	Animalia
213214323	3602683	https://www.gbif.org/species/3602683	Papaver cambricum L.	ACCEPTED	3602683	Papaver cambricum L.	SPECIES	220	Magnoliopsida	Plantae
213214325	2888435	https://www.gbif.org/species/2888435	Papaver bracteatum Lindl.	ACCEPTED	2888435	Papaver bracteatum Lindl.	SPECIES	220	Magnoliopsida	Plantae
213214327	5806954	https://www.gbif.org/species/5806954	Tarsostenus carus (Newman, 1840)	ACCEPTED	5806954	Tarsostenus carus (Newman, 1840)	SPECIES	216	Insecta	Animalia
213214330	2888439	https://www.gbif.org/species/2888439	Papaver somniferum L.	ACCEPTED	2888439	Papaver somniferum L.	SPECIES	220	Magnoliopsida	Plantae
213214331	2888437	https://www.gbif.org/species/2888437	Papaver orientale L.	ACCEPTED	2888437	Papaver orientale L.	SPECIES	220	Magnoliopsida	Plantae
213214336	1045323	https://www.gbif.org/species/1045323	Pycnomerus sulcicollis LeConte, 1863	ACCEPTED	1045323	Pycnomerus sulcicollis LeConte, 1863	SPECIES	216	Insecta	Animalia
213214344	7300414	https://www.gbif.org/species/7300414	Epimedium pinnatum Fisch.	DOUBTFUL	7300414	Epimedium pinnatum Fisch.	SPECIES	220	Magnoliopsida	Plantae
213214346	3982013	https://www.gbif.org/species/3982013	Epimedium pubigerum (DC.) C.Mooren & Decne.	ACCEPTED	3982013	Epimedium pubigerum (DC.) C.Mooren & Decne.	SPECIES	220	Magnoliopsida	Plantae
213214349	1247584	https://www.gbif.org/species/1247584	Stenopelmus rufinasus Gyllenhal, 1835	ACCEPTED	1247584	Stenopelmus rufinasus Gyllenhal, 1835	SPECIES	216	Insecta	Animalia
213214350	3033839	https://www.gbif.org/species/3033839	Podophyllum peltatum L.	ACCEPTED	3033839	Podophyllum peltatum L.	SPECIES	220	Magnoliopsida	Plantae
213214354	6132234	https://www.gbif.org/species/6132234	Rhynchophorus ferrugineus (A.G.Olivier, 1791)	ACCEPTED	6132234	Rhynchophorus ferrugineus (A.G.Olivier, 1791)	SPECIES	216	Insecta	Animalia
213214357	7882289	https://www.gbif.org/species/7882289	Zophobas atratus (Fabricius, 1775)	ACCEPTED	7882289	Zophobas atratus (Fabricius, 1775)	SPECIES	216	Insecta	Animalia
213214361	7380533	https://www.gbif.org/species/7380533	Ceratomegilla notata (Laicharting, 1781)	ACCEPTED	7380533	Ceratomegilla notata (Laicharting, 1781)	SPECIES	216	Insecta	Animalia
213214363	3033888	https://www.gbif.org/species/3033888	Mahonia bealei (Fortune) Carrière	ACCEPTED	3033888	Mahonia bealei (Fortune) Carrière	SPECIES	220	Magnoliopsida	Plantae
213214364	3033868	https://www.gbif.org/species/3033868	Berberis aquifolium Pursh	SYNONYM	3033865	Mahonia aquifolium (Pursh) Nutt.	SPECIES	220	Magnoliopsida	Plantae
213214366	3982284	https://www.gbif.org/species/3982284	Mahonia ×wagneri (Jouin) Rehder	ACCEPTED	3982284	Mahonia ×wagneri (Jouin) Rehder	SPECIES	220	Magnoliopsida	Plantae
213214372	4990175	https://www.gbif.org/species/4990175	Rhyzobius lophanthae (Blaisdell, 1892)	ACCEPTED	4990175	Rhyzobius lophanthae (Blaisdell, 1892)	SPECIES	216	Insecta	Animalia
213214375	4470640	https://www.gbif.org/species/4470640	Carabus rutilans Dejean, 1826	ACCEPTED	4470640	Carabus rutilans Dejean, 1826	SPECIES	216	Insecta	Animalia
213214380	2000152	https://www.gbif.org/species/2000152	Periplaneta americana (Linnaeus, 1758)	ACCEPTED	2000152	Periplaneta americana (Linnaeus, 1758)	SPECIES	216	Insecta	Animalia
213214381	2000204	https://www.gbif.org/species/2000204	Periplaneta australasiae (Fabricius, 1775)	ACCEPTED	2000204	Periplaneta australasiae (Fabricius, 1775)	SPECIES	216	Insecta	Animalia
213214383	5151589	https://www.gbif.org/species/5151589	Blatta orientalis Linnaeus, 1758	ACCEPTED	5151589	Blatta orientalis Linnaeus, 1758	SPECIES	216	Insecta	Animalia
213214387	7967494	https://www.gbif.org/species/7967494	Aconitum ×cammarum L.	ACCEPTED	7967494	Aconitum ×cammarum L.	SPECIES	220	Magnoliopsida	Plantae
213214388	1995681	https://www.gbif.org/species/1995681	Blaptica dubia (Serville, 1838)	ACCEPTED	1995681	Blaptica dubia (Serville, 1838)	SPECIES	216	Insecta	Animalia
213214391	1995489	https://www.gbif.org/species/1995489	Panchlora nivea (Linnaeus, 1758)	ACCEPTED	1995489	Panchlora nivea (Linnaeus, 1758)	SPECIES	216	Insecta	Animalia
213214395	1998599	https://www.gbif.org/species/1998599	Cariblatta lutea (Saussure & Zehntner, 1893)	ACCEPTED	1998599	Cariblatta lutea (Saussure & Zehntner, 1893)	SPECIES	216	Insecta	Animalia
213214398	7277946	https://www.gbif.org/species/7277946	Adonis aestivalis subsp. aestivalis	ACCEPTED	7277946	Adonis aestivalis subsp. aestivalis	SUBSPECIES	220	Magnoliopsida	Plantae
213214399	1998083	https://www.gbif.org/species/1998083	Ectobius vittiventris (Costa, 1847)	ACCEPTED	1998083	Ectobius vittiventris (Costa, 1847)	SPECIES	216	Insecta	Animalia
213214401	1997215	https://www.gbif.org/species/1997215	Blattella germanica (Linnaeus, 1767)	ACCEPTED	1997215	Blattella germanica (Linnaeus, 1767)	SPECIES	216	Insecta	Animalia
213214404	9419395	https://www.gbif.org/species/9419395	Anemonastrum canadense (L.) Mosyakin	ACCEPTED	9419395	Anemonastrum canadense (L.) Mosyakin	SPECIES	220	Magnoliopsida	Plantae
213214410	6376340	https://www.gbif.org/species/6376340	Thalictrum aquilegiifolium L.	ACCEPTED	6376340	Thalictrum aquilegiifolium L.	SPECIES	220	Magnoliopsida	Plantae
213214411	1623077	https://www.gbif.org/species/1623077	Tephritis carmen Hering, 1937	ACCEPTED	1623077	Tephritis carmen Hering, 1937	SPECIES	216	Insecta	Animalia
213214414	1623354	https://www.gbif.org/species/1623354	Capitites ramulosa (Loew, 1844)	ACCEPTED	1623354	Capitites ramulosa (Loew, 1844)	SPECIES	216	Insecta	Animalia
213214417	7277106	https://www.gbif.org/species/7277106	Helleborus lividus Aiton	DOUBTFUL	7277106	Helleborus lividus Aiton	SPECIES	220	Magnoliopsida	Plantae
213214418	1622599	https://www.gbif.org/species/1622599	Rhagoletis cingulata (Loew, 1862)	ACCEPTED	1622599	Rhagoletis cingulata (Loew, 1862)	SPECIES	216	Insecta	Animalia
213214419	3924221	https://www.gbif.org/species/3924221	Helleborus argutifolius Viv.	ACCEPTED	3924221	Helleborus argutifolius Viv.	SPECIES	220	Magnoliopsida	Plantae
213214420	1622658	https://www.gbif.org/species/1622658	Rhagoletis completa Cresson, 1929	ACCEPTED	1622658	Rhagoletis completa Cresson, 1929	SPECIES	216	Insecta	Animalia
213214423	1626096	https://www.gbif.org/species/1626096	Ceratitis capitata (Wiedemann, 1824)	ACCEPTED	1626096	Ceratitis capitata (Wiedemann, 1824)	SPECIES	216	Insecta	Animalia
213214427	1579447	https://www.gbif.org/species/1579447	Exaireta spinigera (Wiedemann, 1830)	ACCEPTED	1579447	Exaireta spinigera (Wiedemann, 1830)	SPECIES	216	Insecta	Animalia
213214428	9673106	https://www.gbif.org/species/9673106	Eriocapitella ×hybrida (L.H.Bailey) Christenh. & Byng	ACCEPTED	9673106	Eriocapitella ×hybrida (L.H.Bailey) Christenh. & Byng	SPECIES	220	Magnoliopsida	Plantae
213214430	1577153	https://www.gbif.org/species/1577153	Hermetia illucens (Linnaeus, 1758)	ACCEPTED	1577153	Hermetia illucens (Linnaeus, 1758)	SPECIES	216	Insecta	Animalia
213214431	9675867	https://www.gbif.org/species/9675867	Eriocapitella tomentosa (Maxim.) Christenh. & Byng	ACCEPTED	9675867	Eriocapitella tomentosa (Maxim.) Christenh. & Byng	SPECIES	220	Magnoliopsida	Plantae
213214435	1523628	https://www.gbif.org/species/1523628	Callopistromyia annulipes (Macquart, 1855)	ACCEPTED	1523628	Callopistromyia annulipes (Macquart, 1855)	SPECIES	216	Insecta	Animalia
213214442	8429167	https://www.gbif.org/species/8429167	Delphinium hispanicum Costa	ACCEPTED	8429167	Delphinium hispanicum Costa	SPECIES	220	Magnoliopsida	Plantae
213214455	1521740	https://www.gbif.org/species/1521740	Atypophthalmus umbratus (de Meijere, 1911)	ACCEPTED	1521740	Atypophthalmus umbratus (de Meijere, 1911)	SPECIES	216	Insecta	Animalia
213214464	2211487	https://www.gbif.org/species/2211487	Porcellionides cingendus (Kinahan, 1857)	ACCEPTED	2211487	Porcellionides cingendus (Kinahan, 1857)	SPECIES	229	Malacostraca	Animalia
213214465	12187916	https://www.gbif.org/species/12187916	Tarenaya houtteana (Schltdl.) Soares Neto & Roalson	ACCEPTED	12187916	Tarenaya houtteana (Schltdl.) Soares Neto & Roalson	SPECIES	220	Magnoliopsida	Plantae
213214472	5375020	https://www.gbif.org/species/5375020	Arabis alpina L.	ACCEPTED	5375020	Arabis alpina L.	SPECIES	220	Magnoliopsida	Plantae
213214480	2204981	https://www.gbif.org/species/2204981	Trichorhina tomentosa (Budde-Lund, 1893)	ACCEPTED	2204981	Trichorhina tomentosa (Budde-Lund, 1893)	SPECIES	229	Malacostraca	Animalia
213214484	2211599	https://www.gbif.org/species/2211599	Ianiropsis serricaudis Gurjanova, 1936	ACCEPTED	2211599	Ianiropsis serricaudis Gurjanova, 1936	SPECIES	229	Malacostraca	Animalia
213214486	5928306	https://www.gbif.org/species/5928306	Lepidium draba subsp. chalepense (L.) Thell.	ACCEPTED	5928306	Lepidium draba subsp. chalepense (L.) Thell.	SUBSPECIES	220	Magnoliopsida	Plantae
213214489	5376961	https://www.gbif.org/species/5376961	Lepidium draba L.	ACCEPTED	5376961	Lepidium draba L.	SPECIES	220	Magnoliopsida	Plantae
213214495	5178052	https://www.gbif.org/species/5178052	Caprella equilibra Say, 1818	ACCEPTED	5178052	Caprella equilibra Say, 1818	SPECIES	229	Malacostraca	Animalia
213214497	10944522	https://www.gbif.org/species/10944522	Mummenhoffia alliacea (L.) Esmailbegi & Al-Shehbaz	ACCEPTED	10944522	Mummenhoffia alliacea (L.) Esmailbegi & Al-Shehbaz	SPECIES	220	Magnoliopsida	Plantae
213214511	4417132	https://www.gbif.org/species/4417132	Chaetogammarus trichiatus Martynov, 1932	ACCEPTED	4417132	Chaetogammarus trichiatus Martynov, 1932	SPECIES	229	Malacostraca	Animalia
213214517	3045473	https://www.gbif.org/species/3045473	Noccaea brachypetala (Jord.) F.K.Mey.	ACCEPTED	3045473	Noccaea brachypetala (Jord.) F.K.Mey.	SPECIES	220	Magnoliopsida	Plantae
213214535	5375920	https://www.gbif.org/species/5375920	Eruca vesicaria (L.) Cav.	ACCEPTED	5375920	Eruca vesicaria (L.) Cav.	SPECIES	220	Magnoliopsida	Plantae
213214551	5373440	https://www.gbif.org/species/5373440	Strigosella africana (L.) Botsch.	ACCEPTED	5373440	Strigosella africana (L.) Botsch.	SPECIES	220	Magnoliopsida	Plantae
213214557	3693541	https://www.gbif.org/species/3693541	Odontarrhena muralis (Waldst. & Kit.) Endl.	ACCEPTED	3693541	Odontarrhena muralis (Waldst. & Kit.) Endl.	SPECIES	220	Magnoliopsida	Plantae
213214560	5373483	https://www.gbif.org/species/5373483	Crambe hispanica subsp. abyssinica (Hochst. ex R.E.Fr.) Prina	ACCEPTED	5373483	Crambe hispanica subsp. abyssinica (Hochst. ex R.E.Fr.) Prina	SUBSPECIES	220	Magnoliopsida	Plantae
213214562	5373475	https://www.gbif.org/species/5373475	Crambe hispanica L.	ACCEPTED	5373475	Crambe hispanica L.	SPECIES	220	Magnoliopsida	Plantae
213214564	3693336	https://www.gbif.org/species/3693336	Rorippa anceps (Wahlenb.) Rchb.	ACCEPTED	3693336	Rorippa anceps (Wahlenb.) Rchb.	SPECIES	220	Magnoliopsida	Plantae
213214566	3053399	https://www.gbif.org/species/3053399	Rorippa pyrenaica (L.) Rchb.	ACCEPTED	3053399	Rorippa pyrenaica (L.) Rchb.	SPECIES	220	Magnoliopsida	Plantae
213214569	2227289	https://www.gbif.org/species/2227289	Procambarus acutus (Girard, 1852)	ACCEPTED	2227289	Procambarus acutus (Girard, 1852)	SPECIES	229	Malacostraca	Animalia
213214571	3046929	https://www.gbif.org/species/3046929	Sisymbrium chrysanthum Jord.	ACCEPTED	3046929	Sisymbrium chrysanthum Jord.	SPECIES	220	Magnoliopsida	Plantae
213214572	8909595	https://www.gbif.org/species/8909595	Faxonius limosus (Rafinesque, 1817)	ACCEPTED	8909595	Faxonius limosus (Rafinesque, 1817)	SPECIES	229	Malacostraca	Animalia
213214577	3049314	https://www.gbif.org/species/3049314	Euclidium syriacum (L.) W.T.Aiton	ACCEPTED	3049314	Euclidium syriacum (L.) W.T.Aiton	SPECIES	220	Magnoliopsida	Plantae
213214583	5972004	https://www.gbif.org/species/5972004	Homarus americanus H.Milne Edwards, 1837	ACCEPTED	5972004	Homarus americanus H.Milne Edwards, 1837	SPECIES	229	Malacostraca	Animalia
213214584	5376158	https://www.gbif.org/species/5376158	Hornungia procumbens (L.) Hayek	ACCEPTED	5376158	Hornungia procumbens (L.) Hayek	SPECIES	220	Magnoliopsida	Plantae
213214589	5373124	https://www.gbif.org/species/5373124	Malcolmia maritima (L.) W.T.Aiton	ACCEPTED	5373124	Malcolmia maritima (L.) W.T.Aiton	SPECIES	220	Magnoliopsida	Plantae
213214591	5373160	https://www.gbif.org/species/5373160	Malcolmia flexuosa (Sm.) Sm.	ACCEPTED	5373160	Malcolmia flexuosa (Sm.) Sm.	SPECIES	220	Magnoliopsida	Plantae
213214594	5377163	https://www.gbif.org/species/5377163	Iberis amara L.	ACCEPTED	5377163	Iberis amara L.	SPECIES	220	Magnoliopsida	Plantae
213214601	1014565	https://www.gbif.org/species/1014565	Amphitomeus attemsi (Schubart, 1934)	ACCEPTED	1014565	Amphitomeus attemsi (Schubart, 1934)	SPECIES	361	Diplopoda	Animalia
213214605	1016841	https://www.gbif.org/species/1016841	Orthomorpha coarctata (Saussure, 1860)	ACCEPTED	1016841	Orthomorpha coarctata (Saussure, 1860)	SPECIES	361	Diplopoda	Animalia
213214608	1017419	https://www.gbif.org/species/1017419	Oxidus gracilis (C.L.Koch, 1847)	ACCEPTED	1017419	Oxidus gracilis (C.L.Koch, 1847)	SPECIES	361	Diplopoda	Animalia
213214614	3045082	https://www.gbif.org/species/3045082	Alyssum turkestanicum Regel & Schmalh.	ACCEPTED	3045082	Alyssum turkestanicum Regel & Schmalh.	SPECIES	220	Magnoliopsida	Plantae
213214617	5377378	https://www.gbif.org/species/5377378	Matthiola incana (L.) W.T.Aiton	ACCEPTED	5377378	Matthiola incana (L.) W.T.Aiton	SPECIES	220	Magnoliopsida	Plantae
213214619	5377395	https://www.gbif.org/species/5377395	Matthiola longipetala (Vent.) DC.	ACCEPTED	5377395	Matthiola longipetala (Vent.) DC.	SPECIES	220	Magnoliopsida	Plantae
213214621	7740944	https://www.gbif.org/species/7740944	Matthiola longipetala subsp. bicornis (Sm.) P.W.Ball	ACCEPTED	7740944	Matthiola longipetala subsp. bicornis (Sm.) P.W.Ball	SUBSPECIES	220	Magnoliopsida	Plantae
213214625	3048397	https://www.gbif.org/species/3048397	Erysimum bicolor (Hornem.) DC.	ACCEPTED	3048397	Erysimum bicolor (Hornem.) DC.	SPECIES	220	Magnoliopsida	Plantae
213214628	3048073	https://www.gbif.org/species/3048073	Erysimum collisparsum Jord.	ACCEPTED	3048073	Erysimum collisparsum Jord.	SPECIES	220	Magnoliopsida	Plantae
213214644	9040863	https://www.gbif.org/species/9040863	Neslia paniculata (L.) Desv.	ACCEPTED	9040863	Neslia paniculata (L.) Desv.	SPECIES	220	Magnoliopsida	Plantae
213214646	2234836	https://www.gbif.org/species/2234836	Daphnia ambigua Scourfield, 1947	ACCEPTED	2234836	Daphnia ambigua Scourfield, 1947	SPECIES	281	Branchiopoda	Animalia
213214647	3047147	https://www.gbif.org/species/3047147	Neslia paniculata subsp. thracica (Velen.) Bornm.	ACCEPTED	3047147	Neslia paniculata subsp. thracica (Velen.) Bornm.	SUBSPECIES	220	Magnoliopsida	Plantae
213214651	7711892	https://www.gbif.org/species/7711892	Isatis quadrialata Al-Shehbaz, Moazzeni & Mummenhoff	ACCEPTED	7711892	Isatis quadrialata Al-Shehbaz, Moazzeni & Mummenhoff	SPECIES	220	Magnoliopsida	Plantae
213214657	2152793	https://www.gbif.org/species/2152793	Cupiennius getazi Simon, 1891	ACCEPTED	2152793	Cupiennius getazi Simon, 1891	SPECIES	367	Arachnida	Animalia
213214664	3082270	https://www.gbif.org/species/3082270	Cornus canadensis L.	ACCEPTED	3082270	Cornus canadensis L.	SPECIES	220	Magnoliopsida	Plantae
213214669	7322122	https://www.gbif.org/species/7322122	Davidia involucrata Baill.	ACCEPTED	7322122	Davidia involucrata Baill.	SPECIES	220	Magnoliopsida	Plantae
213214673	9067615	https://www.gbif.org/species/9067615	Mentzelia albicaulis (Douglas ex Hook.) Douglas ex Torr. & A.Gray	ACCEPTED	9067615	Mentzelia albicaulis (Douglas ex Hook.) Douglas ex Torr. & A.Gray	SPECIES	220	Magnoliopsida	Plantae
213214674	2138688	https://www.gbif.org/species/2138688	Mermessus trilobatus (Emerton, 1882)	ACCEPTED	2138688	Mermessus trilobatus (Emerton, 1882)	SPECIES	367	Arachnida	Animalia
213214681	2141622	https://www.gbif.org/species/2141622	Amaurobius erberi (Keyserling, 1863)	ACCEPTED	2141622	Amaurobius erberi (Keyserling, 1863)	SPECIES	367	Arachnida	Animalia
213214682	2986010	https://www.gbif.org/species/2986010	Philadelphus microphyllus A.Gray	ACCEPTED	2986010	Philadelphus microphyllus A.Gray	SPECIES	220	Magnoliopsida	Plantae
213214687	2985986	https://www.gbif.org/species/2985986	Hydrangea arborescens L.	ACCEPTED	2985986	Hydrangea arborescens L.	SPECIES	220	Magnoliopsida	Plantae
213214690	2985963	https://www.gbif.org/species/2985963	Deutzia crenata Siebold & Zucc.	ACCEPTED	2985963	Deutzia crenata Siebold & Zucc.	SPECIES	220	Magnoliopsida	Plantae
213214692	11528335	https://www.gbif.org/species/11528335	Tliltocatl albopilosus (Valerio, 1980)	ACCEPTED	11528335	Tliltocatl albopilosus (Valerio, 1980)	SPECIES	367	Arachnida	Animalia
213214693	2985964	https://www.gbif.org/species/2985964	Deutzia gracilis Siebold & Zucc.	ACCEPTED	2985964	Deutzia gracilis Siebold & Zucc.	SPECIES	220	Magnoliopsida	Plantae
213214700	8264893	https://www.gbif.org/species/8264893	Nephilingis cruentata (Fabricius, 1775)	ACCEPTED	8264893	Nephilingis cruentata (Fabricius, 1775)	SPECIES	367	Arachnida	Animalia
213214715	3064221	https://www.gbif.org/species/3064221	Euphorbia serpens Kunth	ACCEPTED	3064221	Euphorbia serpens Kunth	SPECIES	220	Magnoliopsida	Plantae
213214718	3069053	https://www.gbif.org/species/3069053	Euphorbia verrucosa L.	ACCEPTED	3069053	Euphorbia verrucosa L.	SPECIES	220	Magnoliopsida	Plantae
213214720	3066321	https://www.gbif.org/species/3066321	Euphorbia hypericifolia L.	ACCEPTED	3066321	Euphorbia hypericifolia L.	SPECIES	220	Magnoliopsida	Plantae
213214723	8427207	https://www.gbif.org/species/8427207	Eratigena fuesslini (Pavesi, 1873)	ACCEPTED	8427207	Eratigena fuesslini (Pavesi, 1873)	SPECIES	367	Arachnida	Animalia
213214727	3064282	https://www.gbif.org/species/3064282	Euphorbia tommasiniana Bertol.	ACCEPTED	3064282	Euphorbia tommasiniana Bertol.	SPECIES	220	Magnoliopsida	Plantae
213214730	3056384	https://www.gbif.org/species/3056384	Acalypha rhomboidea Raf.	ACCEPTED	3056384	Acalypha rhomboidea Raf.	SPECIES	220	Magnoliopsida	Plantae
213214732	2173887	https://www.gbif.org/species/2173887	Icius subinermis Simon, 1937	ACCEPTED	2173887	Icius subinermis Simon, 1937	SPECIES	367	Arachnida	Animalia
213214736	2873877	https://www.gbif.org/species/2873877	Linum austriacum L.	ACCEPTED	2873877	Linum austriacum L.	SPECIES	220	Magnoliopsida	Plantae
213214743	7358677	https://www.gbif.org/species/7358677	Populus nigra var. italica (Moench) Koehne	ACCEPTED	7358677	Populus nigra var. italica (Moench) Koehne	VARIETY	220	Magnoliopsida	Plantae
213214744	6362904	https://www.gbif.org/species/6362904	Populus trichocarpa Torr. & A.Gray ex Hook.	ACCEPTED	6362904	Populus trichocarpa Torr. & A.Gray ex Hook.	SPECIES	220	Magnoliopsida	Plantae
213214746	8345607	https://www.gbif.org/species/8345607	Populus ×berolinensis K.Koch	ACCEPTED	8345607	Populus ×berolinensis K.Koch	SPECIES	220	Magnoliopsida	Plantae
213214751	5372655	https://www.gbif.org/species/5372655	Salix eleagnos Scop.	ACCEPTED	5372655	Salix eleagnos Scop.	SPECIES	220	Magnoliopsida	Plantae
213214752	8257857	https://www.gbif.org/species/8257857	Salix elaeagnos subsp. angustifolia (Cariot) Rech.f.	ACCEPTED	8257857	Salix elaeagnos subsp. angustifolia (Cariot) Rech.f.	SUBSPECIES	220	Magnoliopsida	Plantae
213214754	5372559	https://www.gbif.org/species/5372559	Salix exigua Nutt.	ACCEPTED	5372559	Salix exigua Nutt.	SPECIES	220	Magnoliopsida	Plantae
213214756	7104074	https://www.gbif.org/species/7104074	Salix lapponum L.	ACCEPTED	7104074	Salix lapponum L.	SPECIES	220	Magnoliopsida	Plantae
213214759	7266656	https://www.gbif.org/species/7266656	Salix rorida Laksch.	ACCEPTED	7266656	Salix rorida Laksch.	SPECIES	220	Magnoliopsida	Plantae
213214761	7266343	https://www.gbif.org/species/7266343	Salix purpurea subsp. purpurea	ACCEPTED	7266343	Salix purpurea subsp. purpurea	SUBSPECIES	220	Magnoliopsida	Plantae
213214763	5583195	https://www.gbif.org/species/5583195	Salix dolichostachya Flod.	ACCEPTED	5583195	Salix dolichostachya Flod.	SPECIES	220	Magnoliopsida	Plantae
213214764	7266329	https://www.gbif.org/species/7266329	Salix alba subsp. alba	ACCEPTED	7266329	Salix alba subsp. alba	SUBSPECIES	220	Magnoliopsida	Plantae
213214765	5372917	https://www.gbif.org/species/5372917	Salix interior Rowlee	ACCEPTED	5372917	Salix interior Rowlee	SPECIES	220	Magnoliopsida	Plantae
213214766	5372639	https://www.gbif.org/species/5372639	Salix babylonica L.	ACCEPTED	5372639	Salix babylonica L.	SPECIES	220	Magnoliopsida	Plantae
213214768	8183217	https://www.gbif.org/species/8183217	Salix gmelinii Pall.	ACCEPTED	8183217	Salix gmelinii Pall.	SPECIES	220	Magnoliopsida	Plantae
213214773	7427741	https://www.gbif.org/species/7427741	Cratoxylum sumatranum subsp. blancoi (Blume) Gogelein	ACCEPTED	7427741	Cratoxylum sumatranum subsp. blancoi (Blume) Gogelein	SUBSPECIES	220	Magnoliopsida	Plantae
213214776	6436603	https://www.gbif.org/species/6436603	Hypericum hircinum L.	ACCEPTED	6436603	Hypericum hircinum L.	SPECIES	220	Magnoliopsida	Plantae
213214777	2164198	https://www.gbif.org/species/2164198	Cheiracanthium mildei L.Koch, 1864	ACCEPTED	2164198	Cheiracanthium mildei L.Koch, 1864	SPECIES	367	Arachnida	Animalia
213214780	3189457	https://www.gbif.org/species/3189457	Hypericum densiflorum Pursh	ACCEPTED	3189457	Hypericum densiflorum Pursh	SPECIES	220	Magnoliopsida	Plantae
213214781	3189474	https://www.gbif.org/species/3189474	Hypericum ×moserianum André	ACCEPTED	3189474	Hypericum ×moserianum André	SPECIES	220	Magnoliopsida	Plantae
213214793	4553535	https://www.gbif.org/species/4553535	Megabunus diadema (Fabricius, 1779)	ACCEPTED	4553535	Megabunus diadema (Fabricius, 1779)	SPECIES	367	Arachnida	Animalia
213214794	8332078	https://www.gbif.org/species/8332078	Viola gracilis Sibth. & Sm.	ACCEPTED	8332078	Viola gracilis Sibth. & Sm.	SPECIES	220	Magnoliopsida	Plantae
213214796	4553469	https://www.gbif.org/species/4553469	Leiobunum Koch, 1839	ACCEPTED	4553469	Leiobunum Koch, 1839	GENUS	367	Arachnida	Animalia
213214803	6913500	https://www.gbif.org/species/6913500	Eriophyes alniincanae Nalepa, 1919	ACCEPTED	6913500	Eriophyes alniincanae Nalepa, 1919	SPECIES	367	Arachnida	Animalia
213214805	5774728	https://www.gbif.org/species/5774728	Eriophyes pyri (H.A.Pagenstecher, 1857)	ACCEPTED	5774728	Eriophyes pyri (H.A.Pagenstecher, 1857)	SPECIES	367	Arachnida	Animalia
213214809	4544661	https://www.gbif.org/species/4544661	Aceria ilicis (Canestrini, 1890)	ACCEPTED	4544661	Aceria ilicis (Canestrini, 1890)	SPECIES	367	Arachnida	Animalia
213214810	4544517	https://www.gbif.org/species/4544517	Aceria tristriata (Nalepa, 1890)	ACCEPTED	4544517	Aceria tristriata (Nalepa, 1890)	SPECIES	367	Arachnida	Animalia
213214812	2128502	https://www.gbif.org/species/2128502	Aceria erinea (Nalepa, 1891)	ACCEPTED	2128502	Aceria erinea (Nalepa, 1891)	SPECIES	367	Arachnida	Animalia
213214813	6913023	https://www.gbif.org/species/6913023	Aceria brachytarsus (Keifer, 1939)	ACCEPTED	6913023	Aceria brachytarsus (Keifer, 1939)	SPECIES	367	Arachnida	Animalia
213214815	4544759	https://www.gbif.org/species/4544759	Aceria heteronyx (Nalepa, 1891)	ACCEPTED	4544759	Aceria heteronyx (Nalepa, 1891)	SPECIES	367	Arachnida	Animalia
213214818	2128482	https://www.gbif.org/species/2128482	Colomerus vitis (Pagenstecher, 1857)	ACCEPTED	2128482	Colomerus vitis (Pagenstecher, 1857)	SPECIES	367	Arachnida	Animalia
213214823	4553805	https://www.gbif.org/species/4553805	Euscorpius carpathicus (Linnaeus, 1767)	ACCEPTED	4553805	Euscorpius carpathicus (Linnaeus, 1767)	SPECIES	367	Arachnida	Animalia
213214825	4553820	https://www.gbif.org/species/4553820	Euscorpius flavicaudis (DeGeer, 1778)	ACCEPTED	4553820	Euscorpius flavicaudis (DeGeer, 1778)	SPECIES	367	Arachnida	Animalia
213214826	3707631	https://www.gbif.org/species/3707631	Delosperma aberdeenense (L.Bolus) L.Bolus	ACCEPTED	3707631	Delosperma aberdeenense (L.Bolus) L.Bolus	SPECIES	220	Magnoliopsida	Plantae
213214828	3707394	https://www.gbif.org/species/3707394	Delosperma cooperi L.Bol.Forma Cooperi	DOUBTFUL	3707394	Delosperma cooperi L.Bol.Forma Cooperi	SPECIES	220	Magnoliopsida	Plantae
213214832	4549071	https://www.gbif.org/species/4549071	Varroa jacobsoni Oudemans, 1904	ACCEPTED	4549071	Varroa jacobsoni Oudemans, 1904	SPECIES	367	Arachnida	Animalia
213214834	2188249	https://www.gbif.org/species/2188249	Varroa destructor Anderson & Trueman, 2000	ACCEPTED	2188249	Varroa destructor Anderson & Trueman, 2000	SPECIES	367	Arachnida	Animalia
213214842	4022910	https://www.gbif.org/species/4022910	Portulaca macrantha (Maire) Ricceri & Arrigoni	ACCEPTED	4022910	Portulaca macrantha (Maire) Ricceri & Arrigoni	SPECIES	220	Magnoliopsida	Plantae
213214847	9554442	https://www.gbif.org/species/9554442	Tamarix gallica (Habl.)	DOUBTFUL	9554442	Tamarix gallica (Habl.)	SPECIES	220	Magnoliopsida	Plantae
213214848	2874702	https://www.gbif.org/species/2874702	Tamarix africana Poir.	ACCEPTED	2874702	Tamarix africana Poir.	SPECIES	220	Magnoliopsida	Plantae
213214852	3084748	https://www.gbif.org/species/3084748	Claytonia perfoliata Donn ex Willd.	SYNONYM	7095665	Claytonia perfoliata subsp. perfoliata	SUBSPECIES	220	Magnoliopsida	Plantae
213214856	7288892	https://www.gbif.org/species/7288892	Calandrinia pilosiuscula DC.	ACCEPTED	7288892	Calandrinia pilosiuscula DC.	SPECIES	220	Magnoliopsida	Plantae
213214862	7624620	https://www.gbif.org/species/7624620	Rumex crispus var. robustus Rech.	ACCEPTED	7624620	Rumex crispus var. robustus Rech.	VARIETY	220	Magnoliopsida	Plantae
213214869	2888978	https://www.gbif.org/species/2888978	Rumex pulcher L.	ACCEPTED	2888978	Rumex pulcher L.	SPECIES	220	Magnoliopsida	Plantae
213214873	4036350	https://www.gbif.org/species/4036350	Rumex salicifolius var. triangulivalvis (Danser) J.C.Hickman	SYNONYM	6391377	Rumex triangulivalvis (Danser) Rech.fil.	SPECIES	220	Magnoliopsida	Plantae
213214875	2888945	https://www.gbif.org/species/2888945	Rumex brownii Campd.	ACCEPTED	2888945	Rumex brownii Campd.	SPECIES	220	Magnoliopsida	Plantae
213214878	2888982	https://www.gbif.org/species/2888982	Rumex fueginus Phil.	ACCEPTED	2888982	Rumex fueginus Phil.	SPECIES	220	Magnoliopsida	Plantae
213214880	2888955	https://www.gbif.org/species/2888955	Rumex pseudonatronatus Borbás	DOUBTFUL	2888955	Rumex pseudonatronatus Borbás	SPECIES	220	Magnoliopsida	Plantae
213214887	8909872	https://www.gbif.org/species/8909872	Rumex hypogaeus T.M.Schust. & Reveal	ACCEPTED	8909872	Rumex hypogaeus T.M.Schust. & Reveal	SPECIES	220	Magnoliopsida	Plantae
213214891	6709291	https://www.gbif.org/species/6709291	Reynoutria compacta (Hook.fil.) Nakai	ACCEPTED	6709291	Reynoutria compacta (Hook.fil.) Nakai	SPECIES	220	Magnoliopsida	Plantae
213214894	1003567	https://www.gbif.org/species/1003567	Pectinatella magnifica (Leidy, 1851)	ACCEPTED	1003567	Pectinatella magnifica (Leidy, 1851)	SPECIES	139	Phylactolaemata	Animalia
213214903	2889358	https://www.gbif.org/species/2889358	Oxyria digyna (L.) Hill	ACCEPTED	2889358	Oxyria digyna (L.) Hill	SPECIES	220	Magnoliopsida	Plantae
213214906	5334315	https://www.gbif.org/species/5334315	Polygonum arenarium Waldst. & Kit.	ACCEPTED	5334315	Polygonum arenarium Waldst. & Kit.	SPECIES	220	Magnoliopsida	Plantae
213214907	8336551	https://www.gbif.org/species/8336551	Polygonum arenarium subsp. pulchellum (Loisel.) Thell.	ACCEPTED	8336551	Polygonum arenarium subsp. pulchellum (Loisel.) Thell.	SUBSPECIES	220	Magnoliopsida	Plantae
213214908	5334440	https://www.gbif.org/species/5334440	Polygonum plebeium R.Br.	ACCEPTED	5334440	Polygonum plebeium R.Br.	SPECIES	220	Magnoliopsida	Plantae
213214913	8848208	https://www.gbif.org/species/8848208	Koenigia polystachya (Wall. ex Meisn.) T.M.Schust. & Reveal	ACCEPTED	8848208	Koenigia polystachya (Wall. ex Meisn.) T.M.Schust. & Reveal	SPECIES	220	Magnoliopsida	Plantae
213214915	2889198	https://www.gbif.org/species/2889198	Persicaria pensylvanica (L.) M.Gómez	ACCEPTED	2889198	Persicaria pensylvanica (L.) M.Gómez	SPECIES	220	Magnoliopsida	Plantae
213214916	6391450	https://www.gbif.org/species/6391450	Persicaria glabra (Willd.) M.Gómez	ACCEPTED	6391450	Persicaria glabra (Willd.) M.Gómez	SPECIES	220	Magnoliopsida	Plantae
213214917	7291643	https://www.gbif.org/species/7291643	Persicaria filiformis (Thunb.) Nakai	ACCEPTED	7291643	Persicaria filiformis (Thunb.) Nakai	SPECIES	220	Magnoliopsida	Plantae
213214920	3082279	https://www.gbif.org/species/3082279	Ceratostigma plumbaginoides Bunge	ACCEPTED	3082279	Ceratostigma plumbaginoides Bunge	SPECIES	220	Magnoliopsida	Plantae
213214922	4088624	https://www.gbif.org/species/4088624	Limonium platyphyllum Lincz.	ACCEPTED	4088624	Limonium platyphyllum Lincz.	SPECIES	220	Magnoliopsida	Plantae
213214925	8129694	https://www.gbif.org/species/8129694	Armeria arenaria (Pers.) Schult.	HETEROTYPIC_SYNONYM	7297998	Armeria arenaria subsp. arenaria	SUBSPECIES	220	Magnoliopsida	Plantae
213214932	3755928	https://www.gbif.org/species/3755928	Chenopodium album var. missouriense (Aellen) Bassett & Crompton	ACCEPTED	3755928	Chenopodium album var. missouriense (Aellen) Bassett & Crompton	VARIETY	220	Magnoliopsida	Plantae
213214933	6035638	https://www.gbif.org/species/6035638	Chenopodium probstii Aellen	ACCEPTED	6035638	Chenopodium probstii Aellen	SPECIES	220	Magnoliopsida	Plantae
213214934	3757050	https://www.gbif.org/species/3757050	Chenopodium berlandieri var. bushianum (Aellen) Cronquist	ACCEPTED	3757050	Chenopodium berlandieri var. bushianum (Aellen) Cronquist	VARIETY	220	Magnoliopsida	Plantae
213214935	3757660	https://www.gbif.org/species/3757660	Chenopodium ×pelgrimsianum Aellen	DOUBTFUL	3757660	Chenopodium ×pelgrimsianum Aellen	SPECIES	220	Magnoliopsida	Plantae
213214939	9454901	https://www.gbif.org/species/9454901	Amaranthus macrocarpus subsp. pallidus (Benth.) N.Bayón	ACCEPTED	9454901	Amaranthus macrocarpus subsp. pallidus (Benth.) N.Bayón	SUBSPECIES	220	Magnoliopsida	Plantae
213214940	5384359	https://www.gbif.org/species/5384359	Amaranthus powellii S.Watson	ACCEPTED	5384359	Amaranthus powellii S.Watson	SPECIES	220	Magnoliopsida	Plantae
213214941	7323251	https://www.gbif.org/species/7323251	Amaranthus emarginatus subsp. emarginatus	ACCEPTED	7323251	Amaranthus emarginatus subsp. emarginatus	SUBSPECIES	220	Magnoliopsida	Plantae
213214942	8577467	https://www.gbif.org/species/8577467	Amaranthus tuberculatus (Moq.) J.D.Sauer	ACCEPTED	8577467	Amaranthus tuberculatus (Moq.) J.D.Sauer	SPECIES	220	Magnoliopsida	Plantae
213214947	3083888	https://www.gbif.org/species/3083888	Teloxys aristata (L.) Moq.	ACCEPTED	3083888	Teloxys aristata (L.) Moq.	SPECIES	220	Magnoliopsida	Plantae
213214949	3759032	https://www.gbif.org/species/3759032	Corispermum tylocarpum Hance	ACCEPTED	3759032	Corispermum tylocarpum Hance	SPECIES	220	Magnoliopsida	Plantae
213214952	5383936	https://www.gbif.org/species/5383936	Bassia scoparia (L.) A.J.Scott	ACCEPTED	5383936	Bassia scoparia (L.) A.J.Scott	SPECIES	220	Magnoliopsida	Plantae
213214956	7685459	https://www.gbif.org/species/7685459	Atriplex pseudocampanulata Aellen ex Blom	ACCEPTED	7685459	Atriplex pseudocampanulata Aellen ex Blom	SPECIES	220	Magnoliopsida	Plantae
213214957	3083659	https://www.gbif.org/species/3083659	Atriplex eardleyae Aellen	ACCEPTED	3083659	Atriplex eardleyae Aellen	SPECIES	220	Magnoliopsida	Plantae
213214959	8160803	https://www.gbif.org/species/8160803	Alternanthera ficoidea (L.) R.Br.	ACCEPTED	8160803	Alternanthera ficoidea (L.) R.Br.	SPECIES	220	Magnoliopsida	Plantae
213214961	9567226	https://www.gbif.org/species/9567226	Oxybasis glauca var. salina (Standl.) Verloove	SYNONYM	10714947	Oxybasis salina (Standl.) Uotila	SPECIES	220	Magnoliopsida	Plantae
213214974	7282357	https://www.gbif.org/species/7282357	Echinopsis albispinosa K.Schum.	ACCEPTED	7282357	Echinopsis albispinosa K.Schum.	SPECIES	220	Magnoliopsida	Plantae
213214980	8091998	https://www.gbif.org/species/8091998	Gypsophila vaccaria (L.) Sm.	ACCEPTED	8091998	Gypsophila vaccaria (L.) Sm.	SPECIES	220	Magnoliopsida	Plantae
213214981	5384464	https://www.gbif.org/species/5384464	Gypsophila repens L.	ACCEPTED	5384464	Gypsophila repens L.	SPECIES	220	Magnoliopsida	Plantae
213214983	7925372	https://www.gbif.org/species/7925372	Cerastium ×maureri M.Schulze	ACCEPTED	7925372	Cerastium ×maureri M.Schulze	SPECIES	220	Magnoliopsida	Plantae
213214985	9440906	https://www.gbif.org/species/9440906	Sagina alexandrae Iamonico	ACCEPTED	9440906	Sagina alexandrae Iamonico	SPECIES	220	Magnoliopsida	Plantae
213214988	6363863	https://www.gbif.org/species/6363863	Arenaria montana L.	ACCEPTED	6363863	Arenaria montana L.	SPECIES	220	Magnoliopsida	Plantae
213214990	5587011	https://www.gbif.org/species/5587011	Sabulina mediterranea (Ledeb. ex Link) Rchb.	ACCEPTED	5587011	Sabulina mediterranea (Ledeb. ex Link) Rchb.	SPECIES	220	Magnoliopsida	Plantae
213214996	3085366	https://www.gbif.org/species/3085366	Agrostemma brachyloba (Fenzl) K.Hammer	ACCEPTED	3085366	Agrostemma brachyloba (Fenzl) K.Hammer	SPECIES	220	Magnoliopsida	Plantae
213214999	5586656	https://www.gbif.org/species/5586656	Silene linicola C.C.Gmel.	ACCEPTED	5586656	Silene linicola C.C.Gmel.	SPECIES	220	Magnoliopsida	Plantae
213215000	5384782	https://www.gbif.org/species/5384782	Silene csereii Baumg.	ACCEPTED	5384782	Silene csereii Baumg.	SPECIES	220	Magnoliopsida	Plantae
213215001	5587240	https://www.gbif.org/species/5587240	Silene vulgaris subsp. vulgaris	ACCEPTED	5587240	Silene vulgaris subsp. vulgaris	SUBSPECIES	220	Magnoliopsida	Plantae
213215002	8406661	https://www.gbif.org/species/8406661	Silene uniflora Roth	ACCEPTED	8406661	Silene uniflora Roth	SPECIES	220	Magnoliopsida	Plantae
213215003	10953644	https://www.gbif.org/species/10953644	Silene baccifera (L.) Durande	ACCEPTED	10953644	Silene baccifera (L.) Durande	SPECIES	220	Magnoliopsida	Plantae
213215004	8419625	https://www.gbif.org/species/8419625	Silene scabriflora Brot.	ACCEPTED	8419625	Silene scabriflora Brot.	SPECIES	220	Magnoliopsida	Plantae
213215005	7757300	https://www.gbif.org/species/7757300	Silene badaroi Breistr.	ACCEPTED	7757300	Silene badaroi Breistr.	SPECIES	220	Magnoliopsida	Plantae
213215010	3814157	https://www.gbif.org/species/3814157	Eudianthe coeli-rosa (L.) Fenzl ex Endl.	ACCEPTED	3814157	Eudianthe coeli-rosa (L.) Fenzl ex Endl.	SPECIES	220	Magnoliopsida	Plantae
213215013	7267630	https://www.gbif.org/species/7267630	Dianthus giganteus d'Urv.	ACCEPTED	7267630	Dianthus giganteus d'Urv.	SPECIES	220	Magnoliopsida	Plantae
213215021	9254355	https://www.gbif.org/species/9254355	Lithotoma axillaris (Lindl.) E.B.Knox	ACCEPTED	9254355	Lithotoma axillaris (Lindl.) E.B.Knox	SPECIES	220	Magnoliopsida	Plantae
213215025	5411353	https://www.gbif.org/species/5411353	Campanula garganica Ten.	ACCEPTED	5411353	Campanula garganica Ten.	SPECIES	220	Magnoliopsida	Plantae
213215026	5410661	https://www.gbif.org/species/5410661	Campanula pyramidalis L.	ACCEPTED	5410661	Campanula pyramidalis L.	SPECIES	220	Magnoliopsida	Plantae
213215030	4211074	https://www.gbif.org/species/4211074	Carduus ×theriotii Rouy	ACCEPTED	4211074	Carduus ×theriotii Rouy	SPECIES	220	Magnoliopsida	Plantae
213215033	3099650	https://www.gbif.org/species/3099650	Shinnersia rivularis (A.Gray) R.M.King & H.Rob.	ACCEPTED	3099650	Shinnersia rivularis (A.Gray) R.M.King & H.Rob.	SPECIES	220	Magnoliopsida	Plantae
213215037	3088623	https://www.gbif.org/species/3088623	Guizotia scabra (Vis.) Chiov.	ACCEPTED	3088623	Guizotia scabra (Vis.) Chiov.	SPECIES	220	Magnoliopsida	Plantae
213215039	3117449	https://www.gbif.org/species/3117449	Erigeron annuus (L.) Pers.	ACCEPTED	3117449	Erigeron annuus (L.) Pers.	SPECIES	220	Magnoliopsida	Plantae
213215042	10852031	https://www.gbif.org/species/10852031	Oncosiphon pilulifer (L.fil.) Källersjö	ACCEPTED	10852031	Oncosiphon pilulifer (L.fil.) Källersjö	SPECIES	220	Magnoliopsida	Plantae
213215046	3086845	https://www.gbif.org/species/3086845	Flaveria trinervia (Spreng.) C.Mohr	ACCEPTED	3086845	Flaveria trinervia (Spreng.) C.Mohr	SPECIES	220	Magnoliopsida	Plantae
213215050	5391928	https://www.gbif.org/species/5391928	Bidens triplinervia Kunth	ACCEPTED	5391928	Bidens triplinervia Kunth	SPECIES	220	Magnoliopsida	Plantae
213215055	3133446	https://www.gbif.org/species/3133446	Ammobium alatum R.Br.	ACCEPTED	3133446	Ammobium alatum R.Br.	SPECIES	220	Magnoliopsida	Plantae
213215057	5392271	https://www.gbif.org/species/5392271	Cichorium calvum Sch.Bip. ex Asch.	ACCEPTED	5392271	Cichorium calvum Sch.Bip. ex Asch.	SPECIES	220	Magnoliopsida	Plantae
213215060	3108121	https://www.gbif.org/species/3108121	Senecio glossanthus (Sond.) Belcher	ACCEPTED	3108121	Senecio glossanthus (Sond.) Belcher	SPECIES	220	Magnoliopsida	Plantae
213215061	3107362	https://www.gbif.org/species/3107362	Senecio saracenicus W.D.J.Koch	DOUBTFUL	3107362	Senecio saracenicus W.D.J.Koch	SPECIES	220	Magnoliopsida	Plantae
213215062	3107661	https://www.gbif.org/species/3107661	Senecio quadridentatus Labill.	ACCEPTED	3107661	Senecio quadridentatus Labill.	SPECIES	220	Magnoliopsida	Plantae
213215070	5403605	https://www.gbif.org/species/5403605	Crepis sancta (L.) Bornm.	ACCEPTED	5403605	Crepis sancta (L.) Bornm.	SPECIES	220	Magnoliopsida	Plantae
213215071	7223177	https://www.gbif.org/species/7223177	Crepis sancta subsp. sancta	ACCEPTED	7223177	Crepis sancta subsp. sancta	SUBSPECIES	220	Magnoliopsida	Plantae
213215073	7222255	https://www.gbif.org/species/7222255	Lactuca macrophylla subsp. macrophylla	ACCEPTED	7222255	Lactuca macrophylla subsp. macrophylla	SUBSPECIES	220	Magnoliopsida	Plantae
213215074	3140436	https://www.gbif.org/species/3140436	Lactuca macrophylla (Willd.) A.Gray	ACCEPTED	3140436	Lactuca macrophylla (Willd.) A.Gray	SPECIES	220	Magnoliopsida	Plantae
213215078	3144603	https://www.gbif.org/species/3144603	Brachyscome iberidifolia Benth.	ACCEPTED	3144603	Brachyscome iberidifolia Benth.	SPECIES	220	Magnoliopsida	Plantae
213215080	5406261	https://www.gbif.org/species/5406261	Calocephalus brownii (Cass.) F.Muell.	ACCEPTED	5406261	Calocephalus brownii (Cass.) F.Muell.	SPECIES	220	Magnoliopsida	Plantae
213215082	10629881	https://www.gbif.org/species/10629881	Pentanema hirtum (L.) D.Gut.Larr., Santos-Vicente, Anderb., E.Rico & M.M.Mart.Ort.	ACCEPTED	10629881	Pentanema hirtum (L.) D.Gut.Larr., Santos-Vicente, Anderb., E.Rico & M.M.Mart.Ort.	SPECIES	220	Magnoliopsida	Plantae
213215083	10108775	https://www.gbif.org/species/10108775	Pentanema spiraeifolium (L.) D.Gut.Larr., Santos-Vicente, Anderb., E.Rico & M.M.Mart.Ort.	ACCEPTED	10108775	Pentanema spiraeifolium (L.) D.Gut.Larr., Santos-Vicente, Anderb., E.Rico & M.M.Mart.Ort.	SPECIES	220	Magnoliopsida	Plantae
213215085	3121474	https://www.gbif.org/species/3121474	Artemisia rubripes Nakai	ACCEPTED	3121474	Artemisia rubripes Nakai	SPECIES	220	Magnoliopsida	Plantae
213215086	3121547	https://www.gbif.org/species/3121547	Artemisia mongolica Fisch. ex Besser, 1834	DOUBTFUL	3121547	Artemisia mongolica Fisch. ex Besser, 1834	SPECIES	220	Magnoliopsida	Plantae
213215087	3121228	https://www.gbif.org/species/3121228	Artemisia tournefortiana Rchb.	ACCEPTED	3121228	Artemisia tournefortiana Rchb.	SPECIES	220	Magnoliopsida	Plantae
213215088	3121593	https://www.gbif.org/species/3121593	Artemisia gmelinii Weber ex Stechm.	ACCEPTED	3121593	Artemisia gmelinii Weber ex Stechm.	SPECIES	220	Magnoliopsida	Plantae
213215089	3121088	https://www.gbif.org/species/3121088	Artemisia alba Turra	ACCEPTED	3121088	Artemisia alba Turra	SPECIES	220	Magnoliopsida	Plantae
213215090	3120692	https://www.gbif.org/species/3120692	Artemisia crithmifolia L.	ACCEPTED	3120692	Artemisia crithmifolia L.	SPECIES	220	Magnoliopsida	Plantae
213215091	3120790	https://www.gbif.org/species/3120790	Artemisia verlotiorum Lamotte	ACCEPTED	3120790	Artemisia verlotiorum Lamotte	SPECIES	220	Magnoliopsida	Plantae
213215099	8370958	https://www.gbif.org/species/8370958	Matricaria chamomilla L.	ACCEPTED	8370958	Matricaria chamomilla L.	SPECIES	220	Magnoliopsida	Plantae
213215103	3092083	https://www.gbif.org/species/3092083	Coleostephus myconis (L.) Rchb.fil.	ACCEPTED	3092083	Coleostephus myconis (L.) Rchb.fil.	SPECIES	220	Magnoliopsida	Plantae
213215120	3137579	https://www.gbif.org/species/3137579	Galactites tomentosa Moench	ACCEPTED	3137579	Galactites tomentosa Moench	SPECIES	220	Magnoliopsida	Plantae
213215122	4233822	https://www.gbif.org/species/4233822	Vittadinia dentata (Gaudich.) DC.	ACCEPTED	4233822	Vittadinia dentata (Gaudich.) DC.	SPECIES	220	Magnoliopsida	Plantae
213215124	3111754	https://www.gbif.org/species/3111754	Zinnia elegans Jacq.	ACCEPTED	3111754	Zinnia elegans Jacq.	SPECIES	220	Magnoliopsida	Plantae
213215126	3104106	https://www.gbif.org/species/3104106	Sanvitalia procumbens Lam.	ACCEPTED	3104106	Sanvitalia procumbens Lam.	SPECIES	220	Magnoliopsida	Plantae
213215131	11136683	https://www.gbif.org/species/11136683	Pulicaria arabica subsp. arabica	ACCEPTED	11136683	Pulicaria arabica subsp. arabica	SUBSPECIES	220	Magnoliopsida	Plantae
213215134	4250676	https://www.gbif.org/species/4250676	Sonchus asper subsp. glaucescens (Jord.) Ball	ACCEPTED	4250676	Sonchus asper subsp. glaucescens (Jord.) Ball	SUBSPECIES	220	Magnoliopsida	Plantae
213215142	3123262	https://www.gbif.org/species/3123262	Pilosella flagellaris (Willd.) Arv.-Touv.	ACCEPTED	3123262	Pilosella flagellaris (Willd.) Arv.-Touv.	SPECIES	220	Magnoliopsida	Plantae
213215143	9541940	https://www.gbif.org/species/9541940	Pilosella visianii F.W.Schultz & Sch.Bip.	ACCEPTED	9541940	Pilosella visianii F.W.Schultz & Sch.Bip.	SPECIES	220	Magnoliopsida	Plantae
213215151	3125893	https://www.gbif.org/species/3125893	Sigesbeckia jorullensis Kunth	ACCEPTED	3125893	Sigesbeckia jorullensis Kunth	SPECIES	220	Magnoliopsida	Plantae
213215159	5387537	https://www.gbif.org/species/5387537	Aster indamellus Grierson	ACCEPTED	5387537	Aster indamellus Grierson	SPECIES	220	Magnoliopsida	Plantae
213215160	5387396	https://www.gbif.org/species/5387396	Aster alpinus L.	ACCEPTED	5387396	Aster alpinus L.	SPECIES	220	Magnoliopsida	Plantae
213215166	3103158	https://www.gbif.org/species/3103158	Gamochaeta americana (Mill.) Wedd.	ACCEPTED	3103158	Gamochaeta americana (Mill.) Wedd.	SPECIES	220	Magnoliopsida	Plantae
213215173	10948891	https://www.gbif.org/species/10948891	Podolepis aristata subsp. auriculata (DC.) Jeanes	ACCEPTED	10948891	Podolepis aristata subsp. auriculata (DC.) Jeanes	SUBSPECIES	220	Magnoliopsida	Plantae
213215176	3092691	https://www.gbif.org/species/3092691	Soliva sessilis Ruiz & Pav.	ACCEPTED	3092691	Soliva sessilis Ruiz & Pav.	SPECIES	220	Magnoliopsida	Plantae
213215178	3136320	https://www.gbif.org/species/3136320	Hieracium amplexicaule L.	ACCEPTED	3136320	Hieracium amplexicaule L.	SPECIES	220	Magnoliopsida	Plantae
213215179	4248063	https://www.gbif.org/species/4248063	Hieracium pulmonarioides subsp. spelaeum (Arv.-Touv.) Greuter	ACCEPTED	4248063	Hieracium pulmonarioides subsp. spelaeum (Arv.-Touv.) Greuter	SUBSPECIES	220	Magnoliopsida	Plantae
213215181	4207403	https://www.gbif.org/species/4207403	Centaurea adami Willd.	ACCEPTED	4207403	Centaurea adami Willd.	SPECIES	220	Magnoliopsida	Plantae
213215184	6076279	https://www.gbif.org/species/6076279	Centaurea diluta subsp. algeriensis (Coss. & Durieu) Maire	ACCEPTED	6076279	Centaurea diluta subsp. algeriensis (Coss. & Durieu) Maire	SUBSPECIES	220	Magnoliopsida	Plantae
213215185	3128601	https://www.gbif.org/species/3128601	Centaurea napifolia L.	ACCEPTED	3128601	Centaurea napifolia L.	SPECIES	220	Magnoliopsida	Plantae
213215186	3128225	https://www.gbif.org/species/3128225	Centaurea nigra L.	ACCEPTED	3128225	Centaurea nigra L.	SPECIES	220	Magnoliopsida	Plantae
213215187	3128888	https://www.gbif.org/species/3128888	Centaurea solstitialis L.	ACCEPTED	3128888	Centaurea solstitialis L.	SPECIES	220	Magnoliopsida	Plantae
213215190	6302047	https://www.gbif.org/species/6302047	Kalimeris incisa subsp. incisa	ACCEPTED	6302047	Kalimeris incisa subsp. incisa	SUBSPECIES	220	Magnoliopsida	Plantae
213215195	8421156	https://www.gbif.org/species/8421156	Symphyotrichum laeve (L.) Á.Löve & D.Löve	ACCEPTED	8421156	Symphyotrichum laeve (L.) Á.Löve & D.Löve	SPECIES	220	Magnoliopsida	Plantae
213215196	3151434	https://www.gbif.org/species/3151434	Symphyotrichum dumosum (L.) G.L.Nesom	ACCEPTED	3151434	Symphyotrichum dumosum (L.) G.L.Nesom	SPECIES	220	Magnoliopsida	Plantae
213215199	6300531	https://www.gbif.org/species/6300531	Petasites japonicus subsp. japonicus	ACCEPTED	6300531	Petasites japonicus subsp. japonicus	SUBSPECIES	220	Magnoliopsida	Plantae
213215208	10676000	https://www.gbif.org/species/10676000	Leuzea repens (L.) D.J.N.Hind	ACCEPTED	10676000	Leuzea repens (L.) D.J.N.Hind	SPECIES	220	Magnoliopsida	Plantae
213215210	3097496	https://www.gbif.org/species/3097496	Leptinella dispersa (D.G.Lloyd) D.G.Lloyd & C.J.Webb	ACCEPTED	3097496	Leptinella dispersa (D.G.Lloyd) D.G.Lloyd & C.J.Webb	SPECIES	220	Magnoliopsida	Plantae
213215211	3097504	https://www.gbif.org/species/3097504	Leptinella squalida Hook.fil.	ACCEPTED	3097504	Leptinella squalida Hook.fil.	SPECIES	220	Magnoliopsida	Plantae
213215214	3132567	https://www.gbif.org/species/3132567	Galinsoga quadriradiata Cav.	DOUBTFUL	3132567	Galinsoga quadriradiata Cav.	SPECIES	220	Magnoliopsida	Plantae
213215216	3110905	https://www.gbif.org/species/3110905	Scorzonera hispanica L.	SYNONYM	10769750	Pseudopodospermum hispanicum subsp. hispanicum	SUBSPECIES	220	Magnoliopsida	Plantae
213215218	3150935	https://www.gbif.org/species/3150935	Echinacea purpurea (L.) Moench	ACCEPTED	3150935	Echinacea purpurea (L.) Moench	SPECIES	220	Magnoliopsida	Plantae
213215222	3142967	https://www.gbif.org/species/3142967	Doronicum orientale Hoffm.	ACCEPTED	3142967	Doronicum orientale Hoffm.	SPECIES	220	Magnoliopsida	Plantae
213215223	4230874	https://www.gbif.org/species/4230874	Doronicum ×willdenowii (Rouy) A.W.Hill	ACCEPTED	4230874	Doronicum ×willdenowii (Rouy) A.W.Hill	SPECIES	220	Magnoliopsida	Plantae
213215227	3089142	https://www.gbif.org/species/3089142	Xanthium albinum (Holuby) Holub	ACCEPTED	3089142	Xanthium albinum (Holuby) Holub	SPECIES	220	Magnoliopsida	Plantae
213215228	11794300	https://www.gbif.org/species/11794300	Xanthium orientale var. saccharatum (Wallr.) M.Hassl.	ACCEPTED	11794300	Xanthium orientale var. saccharatum (Wallr.) M.Hassl.	VARIETY	220	Magnoliopsida	Plantae
213215231	3138949	https://www.gbif.org/species/3138949	Melampodium divaricatum (Rich.) DC.	ACCEPTED	3138949	Melampodium divaricatum (Rich.) DC.	SPECIES	220	Magnoliopsida	Plantae
213215246	3169713	https://www.gbif.org/species/3169713	Trachelospermum jasminoides (Lindl.) Lem.	ACCEPTED	3169713	Trachelospermum jasminoides (Lindl.) Lem.	SPECIES	220	Magnoliopsida	Plantae
213215248	3169756	https://www.gbif.org/species/3169756	Nerium oleander L.	ACCEPTED	3169756	Nerium oleander L.	SPECIES	220	Magnoliopsida	Plantae
213215253	3170260	https://www.gbif.org/species/3170260	Asclepias speciosa Torr.	ACCEPTED	3170260	Asclepias speciosa Torr.	SPECIES	220	Magnoliopsida	Plantae
213215257	7671397	https://www.gbif.org/species/7671397	Phuopsis stylosa (Trin.) G.Nicholson	ACCEPTED	7671397	Phuopsis stylosa (Trin.) G.Nicholson	SPECIES	220	Magnoliopsida	Plantae
213215259	8925248	https://www.gbif.org/species/8925248	Galium parisiense var. parisiense	ACCEPTED	8925248	Galium parisiense var. parisiense	VARIETY	220	Magnoliopsida	Plantae
213215260	2913219	https://www.gbif.org/species/2913219	Galium anglicum Huds.	ACCEPTED	2913219	Galium anglicum Huds.	SPECIES	220	Magnoliopsida	Plantae
213215261	2913169	https://www.gbif.org/species/2913169	Galium parisiense L.	ACCEPTED	2913169	Galium parisiense L.	SPECIES	220	Magnoliopsida	Plantae
213215263	12254070	https://www.gbif.org/species/12254070	Cynanchica aristata (L.f.) P.Caputo & Del Guacchio	ACCEPTED	12254070	Cynanchica aristata (L.f.) P.Caputo & Del Guacchio	SPECIES	220	Magnoliopsida	Plantae
213215270	7480365	https://www.gbif.org/species/7480365	Hydrocotyle moschata G.Forst.	ACCEPTED	7480365	Hydrocotyle moschata G.Forst.	SPECIES	220	Magnoliopsida	Plantae
213215272	3035420	https://www.gbif.org/species/3035420	Eleutherococcus simonii (Simon-Louis ex C.K.Schneid.) Hesse	ACCEPTED	3035420	Eleutherococcus simonii (Simon-Louis ex C.K.Schneid.) Hesse	SPECIES	220	Magnoliopsida	Plantae
213215274	8168344	https://www.gbif.org/species/8168344	Hedera hibernica Poit.	ACCEPTED	8168344	Hedera hibernica Poit.	SPECIES	220	Magnoliopsida	Plantae
213215275	12218002	https://www.gbif.org/species/12218002	Hedera maroccana Mc All.	ACCEPTED	12218002	Hedera maroccana Mc All.	SPECIES	220	Magnoliopsida	Plantae
213215279	7224069	https://www.gbif.org/species/7224069	Petroselinum crispum subsp. crispum	ACCEPTED	7224069	Petroselinum crispum subsp. crispum	SUBSPECIES	220	Magnoliopsida	Plantae
213215280	7828157	https://www.gbif.org/species/7828157	Petroselinum crispum (Mill.) Fuss	ACCEPTED	7828157	Petroselinum crispum (Mill.) Fuss	SPECIES	220	Magnoliopsida	Plantae
213215283	3639337	https://www.gbif.org/species/3639337	Sanicula epipactis (Scop.) E.H.L.Krause	ACCEPTED	3639337	Sanicula epipactis (Scop.) E.H.L.Krause	SPECIES	220	Magnoliopsida	Plantae
213215287	6026420	https://www.gbif.org/species/6026420	Seseli montanum L.	ACCEPTED	6026420	Seseli montanum L.	SPECIES	220	Magnoliopsida	Plantae
213215292	11921804	https://www.gbif.org/species/11921804	Anethum ridolfia Spalik & Reduron	ACCEPTED	11921804	Anethum ridolfia Spalik & Reduron	SPECIES	220	Magnoliopsida	Plantae
213215299	6550056	https://www.gbif.org/species/6550056	Daucus carota var. sativus Hoffm.	ACCEPTED	6550056	Daucus carota var. sativus Hoffm.	VARIETY	220	Magnoliopsida	Plantae
213215300	6027290	https://www.gbif.org/species/6027290	Daucus littoralis Sm.	ACCEPTED	6027290	Daucus littoralis Sm.	SPECIES	220	Magnoliopsida	Plantae
213215302	3638303	https://www.gbif.org/species/3638303	Orlaya daucoides (L.) Greuter	ACCEPTED	3638303	Orlaya daucoides (L.) Greuter	SPECIES	220	Magnoliopsida	Plantae
213215304	5371869	https://www.gbif.org/species/5371869	Bifora testiculata (L.) Spreng.	HETEROTYPIC_SYNONYM	7412216	Bifora testiculata (L.) Roth	SPECIES	220	Magnoliopsida	Plantae
213215309	5539680	https://www.gbif.org/species/5539680	Pimpinella aromatica M.Bieb.	ACCEPTED	5539680	Pimpinella aromatica M.Bieb.	SPECIES	220	Magnoliopsida	Plantae
213215312	3034782	https://www.gbif.org/species/3034782	Smyrnium olusatrum L.	ACCEPTED	3034782	Smyrnium olusatrum L.	SPECIES	220	Magnoliopsida	Plantae
213215316	8350395	https://www.gbif.org/species/8350395	Cyclospermum leptophyllum (Pers.) Sprague	ACCEPTED	8350395	Cyclospermum leptophyllum (Pers.) Sprague	SPECIES	220	Magnoliopsida	Plantae
213215324	7400250	https://www.gbif.org/species/7400250	Platanus ×hispanica Mill. ex Münchh.	ACCEPTED	7400250	Platanus ×hispanica Mill. ex Münchh.	SPECIES	220	Magnoliopsida	Plantae
213215328	8428499	https://www.gbif.org/species/8428499	Sidalcea oregana (Nutt. ex Torr. & A.Gray) A.Gray	ACCEPTED	8428499	Sidalcea oregana (Nutt. ex Torr. & A.Gray) A.Gray	SPECIES	220	Magnoliopsida	Plantae
213215332	3152519	https://www.gbif.org/species/3152519	Althaea cannabina L.	ACCEPTED	3152519	Althaea cannabina L.	SPECIES	220	Magnoliopsida	Plantae
213215333	3152521	https://www.gbif.org/species/3152521	Althaea hirsuta L.	ACCEPTED	3152521	Althaea hirsuta L.	SPECIES	220	Magnoliopsida	Plantae
213215335	3941038	https://www.gbif.org/species/3941038	Malva preissiana Miq.	ACCEPTED	3941038	Malva preissiana Miq.	SPECIES	220	Magnoliopsida	Plantae
213215336	3940326	https://www.gbif.org/species/3940326	Malva trimestris (L.) Salisb.	ACCEPTED	3940326	Malva trimestris (L.) Salisb.	SPECIES	220	Magnoliopsida	Plantae
213215337	3935079	https://www.gbif.org/species/3935079	Malva arborea (L.) Webb & Berthel.	ACCEPTED	3935079	Malva arborea (L.) Webb & Berthel.	SPECIES	220	Magnoliopsida	Plantae
213215338	3933415	https://www.gbif.org/species/3933415	Malva multiflora (Cav.) Soldano, Banfi & Galasso	ACCEPTED	3933415	Malva multiflora (Cav.) Soldano, Banfi & Galasso	SPECIES	220	Magnoliopsida	Plantae
213215339	12132283	https://www.gbif.org/species/12132283	Malva alcea var. ribifolia (Viv.) Paol.	ACCEPTED	12132283	Malva alcea var. ribifolia (Viv.) Paol.	VARIETY	220	Magnoliopsida	Plantae
213215352	8237223	https://www.gbif.org/species/8237223	Halimium lasianthum (Lam.) Spach	ACCEPTED	8237223	Halimium lasianthum (Lam.) Spach	SPECIES	220	Magnoliopsida	Plantae
213215358	5332305	https://www.gbif.org/species/5332305	Ostrya carpinifolia Scop.	ACCEPTED	5332305	Ostrya carpinifolia Scop.	SPECIES	220	Magnoliopsida	Plantae
213215363	8326061	https://www.gbif.org/species/8326061	Quercus coccinea Münchh.	ACCEPTED	8326061	Quercus coccinea Münchh.	SPECIES	220	Magnoliopsida	Plantae
213215364	2879411	https://www.gbif.org/species/2879411	Quercus suber L.	ACCEPTED	2879411	Quercus suber L.	SPECIES	220	Magnoliopsida	Plantae
213215365	2878826	https://www.gbif.org/species/2878826	Quercus pyrenaica Willd.	ACCEPTED	2878826	Quercus pyrenaica Willd.	SPECIES	220	Magnoliopsida	Plantae
213215366	2879520	https://www.gbif.org/species/2879520	Quercus conferta Kit.	ACCEPTED	2879520	Quercus conferta Kit.	SPECIES	220	Magnoliopsida	Plantae
213215368	2882360	https://www.gbif.org/species/2882360	Fagus orientalis Lipsky	ACCEPTED	2882360	Fagus orientalis Lipsky	SPECIES	220	Magnoliopsida	Plantae
213215374	4205304	https://www.gbif.org/species/4205304	Pterocarya ×rehderiana C.K.Schneid.	ACCEPTED	4205304	Pterocarya ×rehderiana C.K.Schneid.	SPECIES	220	Magnoliopsida	Plantae
213215375	8288647	https://www.gbif.org/species/8288647	Pterocarya fraxinifolia (Poir.) Spach	ACCEPTED	8288647	Pterocarya fraxinifolia (Poir.) Spach	SPECIES	220	Magnoliopsida	Plantae
213215379	3856436	https://www.gbif.org/species/3856436	Viburnum davidi Franch.	ACCEPTED	3856436	Viburnum davidi Franch.	SPECIES	220	Magnoliopsida	Plantae
213215383	4103685	https://www.gbif.org/species/4103685	Scabiosa nitens Roem. & Schult.	ACCEPTED	4103685	Scabiosa nitens Roem. & Schult.	SPECIES	220	Magnoliopsida	Plantae
213215386	8012439	https://www.gbif.org/species/8012439	Symphoricarpos albus (L.) K.Koch	ACCEPTED	8012439	Symphoricarpos albus (L.) K.Koch	SPECIES	220	Magnoliopsida	Plantae
213215387	8212772	https://www.gbif.org/species/8212772	Symphoricarpos ×doorenbosii Krüssm.	DOUBTFUL	8212772	Symphoricarpos ×doorenbosii Krüssm.	SPECIES	220	Magnoliopsida	Plantae
213215392	2888805	https://www.gbif.org/species/2888805	Scabiosa atropurpurea L.	SYNONYM	7301011	Sixalix atropurpurea subsp. atropurpurea	SUBSPECIES	220	Magnoliopsida	Plantae
213215395	7298987	https://www.gbif.org/species/7298987	Centranthus calcitrapae (L.) Dufr.	ACCEPTED	7298987	Centranthus calcitrapae (L.) Dufr.	SPECIES	220	Magnoliopsida	Plantae
213215398	5599249	https://www.gbif.org/species/5599249	Lonicera nitida E.H.Wilson	SYNONYM	7764700	Lonicera pileata var. yunnanensis (Franch.) Bernd Schulz	VARIETY	220	Magnoliopsida	Plantae
213215399	5334247	https://www.gbif.org/species/5334247	Lonicera etrusca Santi	ACCEPTED	5334247	Lonicera etrusca Santi	SPECIES	220	Magnoliopsida	Plantae
213215401	2888799	https://www.gbif.org/species/2888799	Cephalaria alpina (L.) Roem. & Schult.	ACCEPTED	2888799	Cephalaria alpina (L.) Roem. & Schult.	SPECIES	220	Magnoliopsida	Plantae
213215403	9771172	https://www.gbif.org/species/9771172	Valerianella locusta subsp. locusta	ACCEPTED	9771172	Valerianella locusta subsp. locusta	SUBSPECIES	220	Magnoliopsida	Plantae
213215405	4103351	https://www.gbif.org/species/4103351	Lomelosia caucasica (M.Bieb.) Greuter & Burdet	ACCEPTED	4103351	Lomelosia caucasica (M.Bieb.) Greuter & Burdet	SPECIES	220	Magnoliopsida	Plantae
213215407	8011733	https://www.gbif.org/species/8011733	Weigela floribunda (Siebold & Zucc.) C.A.Mey.	ACCEPTED	8011733	Weigela floribunda (Siebold & Zucc.) C.A.Mey.	SPECIES	220	Magnoliopsida	Plantae
213215410	2888796	https://www.gbif.org/species/2888796	Cephalaria syriaca (L.) Roem. & Schult.	DOUBTFUL	2888796	Cephalaria syriaca (L.) Roem. & Schult.	SPECIES	220	Magnoliopsida	Plantae
213215417	3172276	https://www.gbif.org/species/3172276	Osmanthus heterophyllus (G.Don) P.S.Green	ACCEPTED	3172276	Osmanthus heterophyllus (G.Don) P.S.Green	SPECIES	220	Magnoliopsida	Plantae
213215419	3172327	https://www.gbif.org/species/3172327	Fraxinus americana L.	ACCEPTED	3172327	Fraxinus americana L.	SPECIES	220	Magnoliopsida	Plantae
213215420	7325877	https://www.gbif.org/species/7325877	Fraxinus angustifolia Vahl	ACCEPTED	7325877	Fraxinus angustifolia Vahl	SPECIES	220	Magnoliopsida	Plantae
213215422	5549698	https://www.gbif.org/species/5549698	Syringa josikaea J.Jacquin	DOUBTFUL	5549698	Syringa josikaea J.Jacquin	SPECIES	220	Magnoliopsida	Plantae
213215427	5414976	https://www.gbif.org/species/5414976	Bellardia trixago (L.) All.	ACCEPTED	5414976	Bellardia trixago (L.) All.	SPECIES	220	Magnoliopsida	Plantae
213215428	7733140	https://www.gbif.org/species/7733140	Bellardia viscosa (L.) Fisch. & C.A.Mey.	ACCEPTED	7733140	Bellardia viscosa (L.) Fisch. & C.A.Mey.	SPECIES	220	Magnoliopsida	Plantae
213215431	7332517	https://www.gbif.org/species/7332517	Orobanche flava subsp. flava	ACCEPTED	7332517	Orobanche flava subsp. flava	SUBSPECIES	220	Magnoliopsida	Plantae
213215433	7359335	https://www.gbif.org/species/7359335	Odontites luteus Steven	DOUBTFUL	7359335	Odontites luteus Steven	SPECIES	220	Magnoliopsida	Plantae
213215444	7757431	https://www.gbif.org/species/7757431	Clinopodium nepeta subsp. spruneri (Boiss.) Bartolucci & F.Conti	ACCEPTED	7757431	Clinopodium nepeta subsp. spruneri (Boiss.) Bartolucci & F.Conti	SUBSPECIES	220	Magnoliopsida	Plantae
213215445	11007246	https://www.gbif.org/species/11007246	Clinopodium menthifolium (Host) Merino	ACCEPTED	11007246	Clinopodium menthifolium (Host) Merino	SPECIES	220	Magnoliopsida	Plantae
213215446	7437438	https://www.gbif.org/species/7437438	Clinopodium grandiflorum (L.) Kuntze	ACCEPTED	7437438	Clinopodium grandiflorum (L.) Kuntze	SPECIES	220	Magnoliopsida	Plantae
213215448	7308335	https://www.gbif.org/species/7308335	Mentha spicata subsp. spicata	ACCEPTED	7308335	Mentha spicata subsp. spicata	SUBSPECIES	220	Magnoliopsida	Plantae
213215449	3893979	https://www.gbif.org/species/3893979	Mentha ×wirtgeniana F.W.Schultz	ACCEPTED	3893979	Mentha ×wirtgeniana F.W.Schultz	SPECIES	220	Magnoliopsida	Plantae
213215451	10646747	https://www.gbif.org/species/10646747	Caryopteris incana x mongholica	ACCEPTED	10646747	Caryopteris incana x mongholica	SPECIES	220	Magnoliopsida	Plantae
213215453	3890974	https://www.gbif.org/species/3890974	Pycnanthemum verticillatum var. pilosum (Nutt.) Cooperr.	ACCEPTED	3890974	Pycnanthemum verticillatum var. pilosum (Nutt.) Cooperr.	VARIETY	220	Magnoliopsida	Plantae
213215454	2927363	https://www.gbif.org/species/2927363	Pycnanthemum verticillatum (Michx.) Pers.	ACCEPTED	2927363	Pycnanthemum verticillatum (Michx.) Pers.	SPECIES	220	Magnoliopsida	Plantae
213215467	11064584	https://www.gbif.org/species/11064584	Salvia abrotanoides (Kar.) Sytsma	ACCEPTED	11064584	Salvia abrotanoides (Kar.) Sytsma	SPECIES	220	Magnoliopsida	Plantae
213215468	10801424	https://www.gbif.org/species/10801424	Salvia yangii B.T.Drew	ACCEPTED	10801424	Salvia yangii B.T.Drew	SPECIES	220	Magnoliopsida	Plantae
213215469	3898065	https://www.gbif.org/species/3898065	Salvia lavandulifolia subsp. gallica W.Lippert	SYNONYM	6411218	Salvia officinalis subsp. gallica (W.Lippert) Reales, D.Rivera & Obón	SUBSPECIES	220	Magnoliopsida	Plantae
213215470	10902460	https://www.gbif.org/species/10902460	Salvia rosmarinus Spenn.	ACCEPTED	10902460	Salvia rosmarinus Spenn.	SPECIES	220	Magnoliopsida	Plantae
213215471	2927029	https://www.gbif.org/species/2927029	Salvia splendens Sellow ex Schult.	DOUBTFUL	2927029	Salvia splendens Sellow ex Schult.	SPECIES	220	Magnoliopsida	Plantae
213215472	3882686	https://www.gbif.org/species/3882686	Salvia uliginosa Benth.	ACCEPTED	3882686	Salvia uliginosa Benth.	SPECIES	220	Magnoliopsida	Plantae
213215475	5609603	https://www.gbif.org/species/5609603	Nepeta subsessilis Maxim.	ACCEPTED	5609603	Nepeta subsessilis Maxim.	SPECIES	220	Magnoliopsida	Plantae
213215477	3896203	https://www.gbif.org/species/3896203	Teucrium hyrcanicum Steud.	ACCEPTED	3896203	Teucrium hyrcanicum Steud.	SPECIES	220	Magnoliopsida	Plantae
213215480	7420038	https://www.gbif.org/species/7420038	Prunella grandiflora (L.) Scholler	DOUBTFUL	7420038	Prunella grandiflora (L.) Scholler	SPECIES	220	Magnoliopsida	Plantae
213215482	5341447	https://www.gbif.org/species/5341447	Thymus pannonicus All.	ACCEPTED	5341447	Thymus pannonicus All.	SPECIES	220	Magnoliopsida	Plantae
213215486	5609719	https://www.gbif.org/species/5609719	Scutellaria columnae All.	ACCEPTED	5609719	Scutellaria columnae All.	SPECIES	220	Magnoliopsida	Plantae
213215497	3736228	https://www.gbif.org/species/3736228	Scrophularia pyrenaica Benth.	ACCEPTED	3736228	Scrophularia pyrenaica Benth.	SPECIES	220	Magnoliopsida	Plantae
213215500	5563116	https://www.gbif.org/species/5563116	Nemesia caerulea Hiern	ACCEPTED	5563116	Nemesia caerulea Hiern	SPECIES	220	Magnoliopsida	Plantae
213215503	9629891	https://www.gbif.org/species/9629891	Verbascum ×angulosum Teyber	ACCEPTED	9629891	Verbascum ×angulosum Teyber	SPECIES	220	Magnoliopsida	Plantae
213215510	8602699	https://www.gbif.org/species/8602699	Lindernia procumbens (Krock.) Borbás	ACCEPTED	8602699	Lindernia procumbens (Krock.) Borbás	SPECIES	220	Magnoliopsida	Plantae
213215517	7878507	https://www.gbif.org/species/7878507	Erythranthe cuprea (Dombrain) G.L.Nesom	ACCEPTED	7878507	Erythranthe cuprea (Dombrain) G.L.Nesom	SPECIES	220	Magnoliopsida	Plantae
213215518	7730307	https://www.gbif.org/species/7730307	Erythranthe lutea (L.) G.L.Nesom	ACCEPTED	7730307	Erythranthe lutea (L.) G.L.Nesom	SPECIES	220	Magnoliopsida	Plantae
213215523	2925303	https://www.gbif.org/species/2925303	Lantana camara L.	ACCEPTED	2925303	Lantana camara L.	SPECIES	220	Magnoliopsida	Plantae
213215525	5341112	https://www.gbif.org/species/5341112	Phyla nodiflora (L.) Greene	ACCEPTED	5341112	Phyla nodiflora (L.) Greene	SPECIES	220	Magnoliopsida	Plantae
213215527	4083707	https://www.gbif.org/species/4083707	Verbena aristigera S.Moore	ACCEPTED	4083707	Verbena aristigera S.Moore	SPECIES	220	Magnoliopsida	Plantae
213215528	2925616	https://www.gbif.org/species/2925616	Verbena ×hybrida Groenland & Rümpler	ACCEPTED	2925616	Verbena ×hybrida Groenland & Rümpler	SPECIES	220	Magnoliopsida	Plantae
213215536	3727713	https://www.gbif.org/species/3727713	Veronica pinguifolia Hook.fil.	ACCEPTED	3727713	Veronica pinguifolia Hook.fil.	SPECIES	220	Magnoliopsida	Plantae
213215537	8983123	https://www.gbif.org/species/8983123	Veronica teucrium var. teucrium	SYNONYM	3725062	Veronica teucrium L.	SPECIES	220	Magnoliopsida	Plantae
213215541	5414991	https://www.gbif.org/species/5414991	Digitalis ferruginea L.	ACCEPTED	5414991	Digitalis ferruginea L.	SPECIES	220	Magnoliopsida	Plantae
213215544	5415006	https://www.gbif.org/species/5415006	Linaria bipartita (Vent.) Willd.	ACCEPTED	5415006	Linaria bipartita (Vent.) Willd.	SPECIES	220	Magnoliopsida	Plantae
213215546	8006893	https://www.gbif.org/species/8006893	Kickxia elatine subsp. sieberi (Rchb.) Hayek	ACCEPTED	8006893	Kickxia elatine subsp. sieberi (Rchb.) Hayek	SUBSPECIES	220	Magnoliopsida	Plantae
213215549	3189696	https://www.gbif.org/species/3189696	Plantago aristata Michx.	ACCEPTED	3189696	Plantago aristata Michx.	SPECIES	220	Magnoliopsida	Plantae
213215552	7332416	https://www.gbif.org/species/7332416	Chaenorhinum origanifolium subsp. origanifolium	ACCEPTED	7332416	Chaenorhinum origanifolium subsp. origanifolium	SUBSPECIES	220	Magnoliopsida	Plantae
213215553	7332415	https://www.gbif.org/species/7332415	Chaenorhinum origanifolium (L.) Fourr.	ACCEPTED	7332415	Chaenorhinum origanifolium (L.) Fourr.	SPECIES	220	Magnoliopsida	Plantae
213215556	5559825	https://www.gbif.org/species/5559825	Cymbalaria pubescens (C.Presl) Cufod.	ACCEPTED	5559825	Cymbalaria pubescens (C.Presl) Cufod.	SPECIES	220	Magnoliopsida	Plantae
213215557	8200663	https://www.gbif.org/species/8200663	Cymbalaria muralis G.Gaertn., B.Mey. & Scherb.	ACCEPTED	8200663	Cymbalaria muralis G.Gaertn., B.Mey. & Scherb.	SPECIES	220	Magnoliopsida	Plantae
213215560	3171302	https://www.gbif.org/species/3171302	Mazus miquelii Makino	ACCEPTED	3171302	Mazus miquelii Makino	SPECIES	220	Magnoliopsida	Plantae
213215563	4091345	https://www.gbif.org/species/4091345	Incarvillea delavayi Bureau & Franch.	ACCEPTED	4091345	Incarvillea delavayi Bureau & Franch.	SPECIES	220	Magnoliopsida	Plantae
213215566	3172549	https://www.gbif.org/species/3172549	Campsis radicans (L.) Bureau	ACCEPTED	3172549	Campsis radicans (L.) Bureau	SPECIES	220	Magnoliopsida	Plantae
213215567	4094511	https://www.gbif.org/species/4094511	Campsis grandiflora (Thunb.) K.Schum.	ACCEPTED	4094511	Campsis grandiflora (Thunb.) K.Schum.	SPECIES	220	Magnoliopsida	Plantae
213215574	5341548	https://www.gbif.org/species/5341548	Gilia capitata Sims	ACCEPTED	5341548	Gilia capitata Sims	SPECIES	220	Magnoliopsida	Plantae
213215584	5371655	https://www.gbif.org/species/5371655	Halesia carolina L.	ACCEPTED	5371655	Halesia carolina L.	SPECIES	220	Magnoliopsida	Plantae
213215589	2882841	https://www.gbif.org/species/2882841	Vaccinium macrocarpon Aiton	ACCEPTED	2882841	Vaccinium macrocarpon Aiton	SPECIES	220	Magnoliopsida	Plantae
213215596	7327959	https://www.gbif.org/species/7327959	Daboecia cantabrica subsp. cantabrica	ACCEPTED	7327959	Daboecia cantabrica subsp. cantabrica	SUBSPECIES	220	Magnoliopsida	Plantae
213215599	6400569	https://www.gbif.org/species/6400569	Rhododendron tomentosum (Stokes) Harmaja	ACCEPTED	6400569	Rhododendron tomentosum (Stokes) Harmaja	SPECIES	220	Magnoliopsida	Plantae
213215608	3169331	https://www.gbif.org/species/3169331	Lysimachia clethroides Duby	ACCEPTED	3169331	Lysimachia clethroides Duby	SPECIES	220	Magnoliopsida	Plantae
213215609	8076173	https://www.gbif.org/species/8076173	Lysimachia monelli (L.) U.Manns & Anderb.	ACCEPTED	8076173	Lysimachia monelli (L.) U.Manns & Anderb.	SPECIES	220	Magnoliopsida	Plantae
213215616	2874718	https://www.gbif.org/species/2874718	Begonia semperflorens Link & Otto	ACCEPTED	2874718	Begonia semperflorens Link & Otto	SPECIES	220	Magnoliopsida	Plantae
213215622	7885624	https://www.gbif.org/species/7885624	Cucumis myriocarpus Naudin	ACCEPTED	7885624	Cucumis myriocarpus Naudin	SPECIES	220	Magnoliopsida	Plantae
213215624	2874512	https://www.gbif.org/species/2874512	Cucurbita ficifolia Bouché	ACCEPTED	2874512	Cucurbita ficifolia Bouché	SPECIES	220	Magnoliopsida	Plantae
213215639	6371424	https://www.gbif.org/species/6371424	Rhamnus alaternus L.	ACCEPTED	6371424	Rhamnus alaternus L.	SPECIES	220	Magnoliopsida	Plantae
213215647	5671095	https://www.gbif.org/species/5671095	Urtica membranacea Barbieri ex Blume, 1856	DOUBTFUL	5671095	Urtica membranacea Barbieri ex Blume, 1856	SPECIES	220	Magnoliopsida	Plantae
213215651	2984537	https://www.gbif.org/species/2984537	Humulus scandens (Lour.) Merr.	ACCEPTED	2984537	Humulus scandens (Lour.) Merr.	SPECIES	220	Magnoliopsida	Plantae
213215654	2984492	https://www.gbif.org/species/2984492	Celtis australis L.	ACCEPTED	2984492	Celtis australis L.	SPECIES	220	Magnoliopsida	Plantae
213215657	3025889	https://www.gbif.org/species/3025889	Cotoneaster beimashanensis J.Fryer & B.Hylmö	ACCEPTED	3025889	Cotoneaster beimashanensis J.Fryer & B.Hylmö	SPECIES	220	Magnoliopsida	Plantae
213215658	3026035	https://www.gbif.org/species/3026035	Cotoneaster coriaceus Franch.	ACCEPTED	3026035	Cotoneaster coriaceus Franch.	SPECIES	220	Magnoliopsida	Plantae
213215659	3025764	https://www.gbif.org/species/3025764	Cotoneaster adpressus Bois	ACCEPTED	3025764	Cotoneaster adpressus Bois	SPECIES	220	Magnoliopsida	Plantae
213215660	3025770	https://www.gbif.org/species/3025770	Cotoneaster acutifolius Turcz.	ACCEPTED	3025770	Cotoneaster acutifolius Turcz.	SPECIES	220	Magnoliopsida	Plantae
213215661	3025986	https://www.gbif.org/species/3025986	Cotoneaster fruticosus J.Fryer & B.Hylmö	ACCEPTED	3025986	Cotoneaster fruticosus J.Fryer & B.Hylmö	SPECIES	220	Magnoliopsida	Plantae
213215664	11844792	https://www.gbif.org/species/11844792	Geum ternatum subsp. ternatum	ACCEPTED	11844792	Geum ternatum subsp. ternatum	SUBSPECIES	220	Magnoliopsida	Plantae
213215666	5363613	https://www.gbif.org/species/5363613	Aronia ×prunifolia (Marshall) Rehder	ACCEPTED	5363613	Aronia ×prunifolia (Marshall) Rehder	SPECIES	220	Magnoliopsida	Plantae
213215668	8356787	https://www.gbif.org/species/8356787	Pourthiaea villosa (Thunb.) Decne.	ACCEPTED	8356787	Pourthiaea villosa (Thunb.) Decne.	SPECIES	220	Magnoliopsida	Plantae
213215669	3000384	https://www.gbif.org/species/3000384	Pourthiaea beauverdiana (C.K.Schneid.) Hatus.	ACCEPTED	3000384	Pourthiaea beauverdiana (C.K.Schneid.) Hatus.	SPECIES	220	Magnoliopsida	Plantae
213215673	10786206	https://www.gbif.org/species/10786206	Rhaphiolepis bibas (Lour.) Galasso & Banfi	ACCEPTED	10786206	Rhaphiolepis bibas (Lour.) Galasso & Banfi	SPECIES	220	Magnoliopsida	Plantae
213215675	2988188	https://www.gbif.org/species/2988188	Pyracantha coccinea M.Roem.	ACCEPTED	2988188	Pyracantha coccinea M.Roem.	SPECIES	220	Magnoliopsida	Plantae
213215676	2988224	https://www.gbif.org/species/2988224	Pyracantha fortuneana (Maxim.) H.L.Li	ACCEPTED	2988224	Pyracantha fortuneana (Maxim.) H.L.Li	SPECIES	220	Magnoliopsida	Plantae
213215679	7790614	https://www.gbif.org/species/7790614	Crataegus coccinea L.	ACCEPTED	7790614	Crataegus coccinea L.	SPECIES	220	Magnoliopsida	Plantae
213215681	3000679	https://www.gbif.org/species/3000679	Chaenomeles speciosa (Sweet) Nakai	ACCEPTED	3000679	Chaenomeles speciosa (Sweet) Nakai	SPECIES	220	Magnoliopsida	Plantae
213215683	5362573	https://www.gbif.org/species/5362573	Pyrus communis L.	ACCEPTED	5362573	Pyrus communis L.	SPECIES	220	Magnoliopsida	Plantae
213215684	5363119	https://www.gbif.org/species/5363119	Pyrus calleryana Decne.	ACCEPTED	5363119	Pyrus calleryana Decne.	SPECIES	220	Magnoliopsida	Plantae
213215686	5370832	https://www.gbif.org/species/5370832	Acaena magellanica (Lam.) Vahl	ACCEPTED	5370832	Acaena magellanica (Lam.) Vahl	SPECIES	220	Magnoliopsida	Plantae
213215687	5370688	https://www.gbif.org/species/5370688	Acaena microphylla Hook.fil.	ACCEPTED	5370688	Acaena microphylla Hook.fil.	SPECIES	220	Magnoliopsida	Plantae
213215693	2987780	https://www.gbif.org/species/2987780	Holodiscus discolor (Pursh) Maxim.	ACCEPTED	2987780	Holodiscus discolor (Pursh) Maxim.	SPECIES	220	Magnoliopsida	Plantae
213215695	7848132	https://www.gbif.org/species/7848132	Malus toringo (Siebold) de Vriese	ACCEPTED	7848132	Malus toringo (Siebold) de Vriese	SPECIES	220	Magnoliopsida	Plantae
213215696	3001362	https://www.gbif.org/species/3001362	Malus baccata (L.) Borkh.	ACCEPTED	3001362	Malus baccata (L.) Borkh.	SPECIES	220	Magnoliopsida	Plantae
213215697	3001244	https://www.gbif.org/species/3001244	Malus domestica (Suckow) Borkh.	ACCEPTED	3001244	Malus domestica (Suckow) Borkh.	SPECIES	220	Magnoliopsida	Plantae
213215699	3023903	https://www.gbif.org/species/3023903	Amelanchier humilis Wiegand	ACCEPTED	3023903	Amelanchier humilis Wiegand	SPECIES	220	Magnoliopsida	Plantae
213215701	3013215	https://www.gbif.org/species/3013215	Cormus domestica (L.) Spach	ACCEPTED	3013215	Cormus domestica (L.) Spach	SPECIES	220	Magnoliopsida	Plantae
213215704	2988040	https://www.gbif.org/species/2988040	Filipendula digitata (Willd.) Bergmans	ACCEPTED	2988040	Filipendula digitata (Willd.) Bergmans	SPECIES	220	Magnoliopsida	Plantae
213215706	2996897	https://www.gbif.org/species/2996897	Rubus setchuenensis Bureau & Franch.	ACCEPTED	2996897	Rubus setchuenensis Bureau & Franch.	SPECIES	220	Magnoliopsida	Plantae
213215707	2994229	https://www.gbif.org/species/2994229	Rubus nutkanus Moc. ex Ser.	ACCEPTED	2994229	Rubus nutkanus Moc. ex Ser.	SPECIES	220	Magnoliopsida	Plantae
213215709	4926534	https://www.gbif.org/species/4926534	Sibbaldia tridentata (Aiton) Paule & Soják	ACCEPTED	4926534	Sibbaldia tridentata (Aiton) Paule & Soják	SPECIES	220	Magnoliopsida	Plantae
213215712	7925720	https://www.gbif.org/species/7925720	Poterium sanguisorba subsp. polygamum (Waldst. & Kit.) Asch. & Graebn.	ACCEPTED	7925720	Poterium sanguisorba subsp. polygamum (Waldst. & Kit.) Asch. & Graebn.	SUBSPECIES	220	Magnoliopsida	Plantae
213215714	7409013	https://www.gbif.org/species/7409013	Prunus domestica subsp. insititia (L.) Bonnier & Layens	ACCEPTED	7409013	Prunus domestica subsp. insititia (L.) Bonnier & Layens	SUBSPECIES	220	Magnoliopsida	Plantae
213215715	7882872	https://www.gbif.org/species/7882872	Prunus domestica A.Sav.	DOUBTFUL	7882872	Prunus domestica A.Sav.	SPECIES	220	Magnoliopsida	Plantae
213215716	3023671	https://www.gbif.org/species/3023671	Prunus domestica subsp. syriaca (Borkh.) Janch.	ACCEPTED	3023671	Prunus domestica subsp. syriaca (Borkh.) Janch.	SUBSPECIES	220	Magnoliopsida	Plantae
213215717	7499940	https://www.gbif.org/species/7499940	Prunus armeniaca Thunb.	DOUBTFUL	7499940	Prunus armeniaca Thunb.	SPECIES	220	Magnoliopsida	Plantae
213215718	8149923	https://www.gbif.org/species/8149923	Prunus persica (L.) Stokes	ACCEPTED	8149923	Prunus persica (L.) Stokes	SPECIES	220	Magnoliopsida	Plantae
213215719	3022609	https://www.gbif.org/species/3022609	Prunus serrulata Lindl.	ACCEPTED	3022609	Prunus serrulata Lindl.	SPECIES	220	Magnoliopsida	Plantae
213215720	3021955	https://www.gbif.org/species/3021955	Prunus incisa Thunb.	ACCEPTED	3021955	Prunus incisa Thunb.	SPECIES	220	Magnoliopsida	Plantae
213215722	7272185	https://www.gbif.org/species/7272185	Rosa carolina subsp. carolina	ACCEPTED	7272185	Rosa carolina subsp. carolina	SUBSPECIES	220	Magnoliopsida	Plantae
213215723	3003244	https://www.gbif.org/species/3003244	Rosa multiflora Thunb.	ACCEPTED	3003244	Rosa multiflora Thunb.	SPECIES	220	Magnoliopsida	Plantae
213215724	3002530	https://www.gbif.org/species/3002530	Rosa gallica L.	ACCEPTED	3002530	Rosa gallica L.	SPECIES	220	Magnoliopsida	Plantae
213215726	3026454	https://www.gbif.org/species/3026454	Spiraea salicifolia L.	ACCEPTED	3026454	Spiraea salicifolia L.	SPECIES	220	Magnoliopsida	Plantae
213215727	3026622	https://www.gbif.org/species/3026622	Spiraea ×vanhouttei (Briot) Zabel	ACCEPTED	3026622	Spiraea ×vanhouttei (Briot) Zabel	SPECIES	220	Magnoliopsida	Plantae
213215728	3026402	https://www.gbif.org/species/3026402	Spiraea thunbergii Siebold ex Blume	ACCEPTED	3026402	Spiraea thunbergii Siebold ex Blume	SPECIES	220	Magnoliopsida	Plantae
213215729	3026906	https://www.gbif.org/species/3026906	Spiraea cantoniensis Lour.	ACCEPTED	3026906	Spiraea cantoniensis Lour.	SPECIES	220	Magnoliopsida	Plantae
213215730	3026426	https://www.gbif.org/species/3026426	Spiraea ×brachybotrys Lange	ACCEPTED	3026426	Spiraea ×brachybotrys Lange	SPECIES	220	Magnoliopsida	Plantae
213215731	3026406	https://www.gbif.org/species/3026406	Spiraea chamaedryfolia L.	ACCEPTED	3026406	Spiraea chamaedryfolia L.	SPECIES	220	Magnoliopsida	Plantae
213215733	8031875	https://www.gbif.org/species/8031875	Dasiphora davurica (Nestl.) Kom. & Aliss.	ACCEPTED	8031875	Dasiphora davurica (Nestl.) Kom. & Aliss.	SPECIES	220	Magnoliopsida	Plantae
213215736	9245228	https://www.gbif.org/species/9245228	Hedlundia hybrida (L.) Sennikov & Kurtto	ACCEPTED	9245228	Hedlundia hybrida (L.) Sennikov & Kurtto	SPECIES	220	Magnoliopsida	Plantae
213215738	9306058	https://www.gbif.org/species/9306058	Karpatiosorbus latifolia (Lam.) Sennikov & Kurtto	ACCEPTED	9306058	Karpatiosorbus latifolia (Lam.) Sennikov & Kurtto	SPECIES	220	Magnoliopsida	Plantae
213215741	3012426	https://www.gbif.org/species/3012426	Sorbus latifolia K.Koch	DOUBTFUL	3012426	Sorbus latifolia K.Koch	SPECIES	220	Magnoliopsida	Plantae
213215743	5367294	https://www.gbif.org/species/5367294	Potentilla recta L.	ACCEPTED	5367294	Potentilla recta L.	SPECIES	220	Magnoliopsida	Plantae
213215744	5365494	https://www.gbif.org/species/5365494	Potentilla argyrophylla var. atrosanguinea (G.Lodd. ex D.Don) Hook.fil.	ACCEPTED	5365494	Potentilla argyrophylla var. atrosanguinea (G.Lodd. ex D.Don) Hook.fil.	VARIETY	220	Magnoliopsida	Plantae
310015165	5855054	https://www.gbif.org/species/5855054	Cephalothrix simula (Iwata, 1952)	ACCEPTED	5855054	Cephalothrix simula (Iwata, 1952)	SPECIES	7194193	Palaeonemertea	Animalia
310015173	2327326	https://www.gbif.org/species/2327326	Neodexiospira brasiliensis (Grube, 1872)	ACCEPTED	2327326	Neodexiospira brasiliensis (Grube, 1872)	SPECIES	256	Polychaeta	Animalia
310015179	2328383	https://www.gbif.org/species/2328383	Hydroides ezoensis Okuda, 1934	ACCEPTED	2328383	Hydroides ezoensis Okuda, 1934	SPECIES	256	Polychaeta	Animalia
310015191	11403089	https://www.gbif.org/species/11403089	Gongolaria baccata (S.G.Gmelin) Molinari & Guiry	DOUBTFUL	11403089	Gongolaria baccata (S.G.Gmelin) Molinari & Guiry	SPECIES	7073593	Phaeophyceae	Chromista
310015194	5422716	https://www.gbif.org/species/5422716	Halidrys siliquosa (L.) Lyngb.	ACCEPTED	5422716	Halidrys siliquosa (L.) Lyngb.	SPECIES	7073593	Phaeophyceae	Chromista
310015208	3195749	https://www.gbif.org/species/3195749	Chorda filum (L.) Stackh.	ACCEPTED	3195749	Chorda filum (L.) Stackh.	SPECIES	7073593	Phaeophyceae	Chromista
310015214	5422479	https://www.gbif.org/species/5422479	Laminaria digitata (Huds.) J.V.Lamour.	ACCEPTED	5422479	Laminaria digitata (Huds.) J.V.Lamour.	SPECIES	7073593	Phaeophyceae	Chromista
310015215	8845441	https://www.gbif.org/species/8845441	Hirudo verbana Carena, 1820	ACCEPTED	8845441	Hirudo verbana Carena, 1820	SPECIES	255	Clitellata	Animalia
310015219	4377207	https://www.gbif.org/species/4377207	Saccharina latissima (L.) C.E.Lane, C.Mayes, Druehl & G.W.Saunders	ACCEPTED	4377207	Saccharina latissima (L.) C.E.Lane, C.Mayes, Druehl & G.W.Saunders	SPECIES	7073593	Phaeophyceae	Chromista
310015325	5166341	https://www.gbif.org/species/5166341	Lepas anserifera Linnaeus, 1767	ACCEPTED	5166341	Lepas anserifera Linnaeus, 1767	SPECIES	203	Maxillopoda	Animalia
310015327	5166345	https://www.gbif.org/species/5166345	Lepas pectinata Spengler, 1793	ACCEPTED	5166345	Lepas pectinata Spengler, 1793	SPECIES	203	Maxillopoda	Animalia
310015329	5166339	https://www.gbif.org/species/5166339	Lepas anatifera Linnaeus, 1758	ACCEPTED	5166339	Lepas anatifera Linnaeus, 1758	SPECIES	203	Maxillopoda	Animalia
310015332	2113862	https://www.gbif.org/species/2113862	Dosima fascicularis (Ellis & Solander, 1786)	ACCEPTED	2113862	Dosima fascicularis (Ellis & Solander, 1786)	SPECIES	203	Maxillopoda	Animalia
310015336	2113864	https://www.gbif.org/species/2113864	Conchoderma virgatum Spengler, 1789	ACCEPTED	2113864	Conchoderma virgatum Spengler, 1789	SPECIES	203	Maxillopoda	Animalia
310015345	5895429	https://www.gbif.org/species/5895429	Natantiella ligneola (Berk. & Broome) Réblová	ACCEPTED	5895429	Natantiella ligneola (Berk. & Broome) Réblová	SPECIES	320	Sordariomycetes	Fungi
310015372	5281739	https://www.gbif.org/species/5281739	Grimmia elatior Bruch ex Bals.-Criv. & De Not.	ACCEPTED	5281739	Grimmia elatior Bruch ex Bals.-Criv. & De Not.	SPECIES	327	Bryopsida	Plantae
310015389	4544445	https://www.gbif.org/species/4544445	Aceria cerrea Nalepa	ACCEPTED	4544445	Aceria cerrea Nalepa	SPECIES	367	Arachnida	Animalia
310015394	4544238	https://www.gbif.org/species/4544238	Acalitus phyllereus (Nalepa, 1919)	ACCEPTED	4544238	Acalitus phyllereus (Nalepa, 1919)	SPECIES	367	Arachnida	Animalia
310015406	2653394	https://www.gbif.org/species/2653394	Ephedra saxatilis (Stapf) Royle ex Florin	ACCEPTED	2653394	Ephedra saxatilis (Stapf) Royle ex Florin	SPECIES	282	Gnetopsida	Plantae
310015410	2150501	https://www.gbif.org/species/2150501	Spermophorides mediterranea (Senglet, 1973)	ACCEPTED	2150501	Spermophorides mediterranea (Senglet, 1973)	SPECIES	367	Arachnida	Animalia
310015439	2168363	https://www.gbif.org/species/2168363	Salticus mutabilis Lucas, 1846	ACCEPTED	2168363	Salticus mutabilis Lucas, 1846	SPECIES	367	Arachnida	Animalia
310015447	2169069	https://www.gbif.org/species/2169069	Menemerus semilimbatus (Hahn, 1829)	ACCEPTED	2169069	Menemerus semilimbatus (Hahn, 1829)	SPECIES	367	Arachnida	Animalia
310015499	2687940	https://www.gbif.org/species/2687940	Equisetum ramosissimum Desf.	ACCEPTED	2687940	Equisetum ramosissimum Desf.	SPECIES	7228684	Polypodiopsida	Plantae
310015525	4505917	https://www.gbif.org/species/4505917	Megascolia maculata (Drury, 1773)	ACCEPTED	4505917	Megascolia maculata (Drury, 1773)	SPECIES	216	Insecta	Animalia
310015547	1309561	https://www.gbif.org/species/1309561	Plagiotrochus quercusilicis (Fabricius, 1798)	ACCEPTED	1309561	Plagiotrochus quercusilicis (Fabricius, 1798)	SPECIES	216	Insecta	Animalia
310015562	5330496	https://www.gbif.org/species/5330496	Arum concinnatum Schott	ACCEPTED	5330496	Arum concinnatum Schott	SPECIES	196	Liliopsida	Plantae
310015564	4504757	https://www.gbif.org/species/4504757	Tapinoma nigerrimum (Nylander, 1856)	ACCEPTED	4504757	Tapinoma nigerrimum (Nylander, 1856)	SPECIES	216	Insecta	Animalia
310015565	2871650	https://www.gbif.org/species/2871650	Amorphophallus albus P.Y.Liu & J.F.Chen	ACCEPTED	2871650	Amorphophallus albus P.Y.Liu & J.F.Chen	SPECIES	196	Liliopsida	Plantae
310015573	1325120	https://www.gbif.org/species/1325120	Crematogaster scutellaris (Olivier, 1792)	ACCEPTED	1325120	Crematogaster scutellaris (Olivier, 1792)	SPECIES	216	Insecta	Animalia
310015603	2772020	https://www.gbif.org/species/2772020	Muscari neglectum Guss. ex Ten.	ACCEPTED	2772020	Muscari neglectum Guss. ex Ten.	SPECIES	196	Liliopsida	Plantae
310015606	1523193	https://www.gbif.org/species/1523193	Euxesta pechumani Curran, 1938	ACCEPTED	1523193	Euxesta pechumani Curran, 1938	SPECIES	216	Insecta	Animalia
310015625	5048690	https://www.gbif.org/species/5048690	Ameles decolor Charpentier, 1825	ACCEPTED	5048690	Ameles decolor Charpentier, 1825	SPECIES	216	Insecta	Animalia
310015637	4423350	https://www.gbif.org/species/4423350	Cyrtaspis scutata (Charpentier, 1825)	ACCEPTED	4423350	Cyrtaspis scutata (Charpentier, 1825)	SPECIES	216	Insecta	Animalia
310015655	1713418	https://www.gbif.org/species/1713418	Locusta migratoria (Linnaeus, 1758)	ACCEPTED	1713418	Locusta migratoria (Linnaeus, 1758)	SPECIES	216	Insecta	Animalia
310015660	1700335	https://www.gbif.org/species/1700335	Oedipoda germanica (Latreille, 1804)	ACCEPTED	1700335	Oedipoda germanica (Latreille, 1804)	SPECIES	216	Insecta	Animalia
310015673	2107724	https://www.gbif.org/species/2107724	Mantispa styriaca (Poda, 1761)	ACCEPTED	2107724	Mantispa styriaca (Poda, 1761)	SPECIES	216	Insecta	Animalia
310015677	5791733	https://www.gbif.org/species/5791733	Anax ephippiger (Burmeister, 1839)	ACCEPTED	5791733	Anax ephippiger (Burmeister, 1839)	SPECIES	216	Insecta	Animalia
310015680	5051955	https://www.gbif.org/species/5051955	Gomphus simillimus Selys, 1840	ACCEPTED	5051955	Gomphus simillimus Selys, 1840	SPECIES	216	Insecta	Animalia
310015688	1428861	https://www.gbif.org/species/1428861	Trithemis kirbyi Selys, 1891	ACCEPTED	1428861	Trithemis kirbyi Selys, 1891	SPECIES	216	Insecta	Animalia
310015690	1429199	https://www.gbif.org/species/1429199	Leucorrhinia albifrons (Burmeister, 1839)	ACCEPTED	1429199	Leucorrhinia albifrons (Burmeister, 1839)	SPECIES	216	Insecta	Animalia
310015696	1080709	https://www.gbif.org/species/1080709	Protaetia morio (Fabricius, 1781)	ACCEPTED	1080709	Protaetia morio (Fabricius, 1781)	SPECIES	216	Insecta	Animalia
310015699	1112380	https://www.gbif.org/species/1112380	Mallodon downesii Hope, 1843	ACCEPTED	1112380	Mallodon downesii Hope, 1843	SPECIES	216	Insecta	Animalia
310015704	2857829	https://www.gbif.org/species/2857829	Allium unifolium Kellogg	ACCEPTED	2857829	Allium unifolium Kellogg	SPECIES	196	Liliopsida	Plantae
310015706	1146023	https://www.gbif.org/species/1146023	Aegosoma scabricorne (Scopoli, 1763)	ACCEPTED	1146023	Aegosoma scabricorne (Scopoli, 1763)	SPECIES	216	Insecta	Animalia
310015712	1102800	https://www.gbif.org/species/1102800	Penichroa fasciata (Stephens, 1831)	ACCEPTED	1102800	Penichroa fasciata (Stephens, 1831)	SPECIES	216	Insecta	Animalia
310015732	1047525	https://www.gbif.org/species/1047525	Acanthoscelides obtectus (Say, 1831)	ACCEPTED	1047525	Acanthoscelides obtectus (Say, 1831)	SPECIES	216	Insecta	Animalia
310015734	4461680	https://www.gbif.org/species/4461680	Bruchidius imbricornis (Panzer, 1795)	ACCEPTED	4461680	Bruchidius imbricornis (Panzer, 1795)	SPECIES	216	Insecta	Animalia
310015736	6950919	https://www.gbif.org/species/6950919	Bruchidius siliquastri Delobel, 2007	ACCEPTED	6950919	Bruchidius siliquastri Delobel, 2007	SPECIES	216	Insecta	Animalia
310015740	6950681	https://www.gbif.org/species/6950681	Megabruchidius dorsalis (Fåhraeus, 1839)	ACCEPTED	6950681	Megabruchidius dorsalis (Fåhraeus, 1839)	SPECIES	216	Insecta	Animalia
310015743	8498959	https://www.gbif.org/species/8498959	Luperomorpha xanthodera (Fairmaire, 1888)	ACCEPTED	8498959	Luperomorpha xanthodera (Fairmaire, 1888)	SPECIES	216	Insecta	Animalia
310015745	1047343	https://www.gbif.org/species/1047343	Callosobruchus maculatus (Fabricius, 1775)	ACCEPTED	1047343	Callosobruchus maculatus (Fabricius, 1775)	SPECIES	216	Insecta	Animalia
310015748	5752143	https://www.gbif.org/species/5752143	Bruchus rufimanus Boheman, 1833	ACCEPTED	5752143	Bruchus rufimanus Boheman, 1833	SPECIES	216	Insecta	Animalia
310015749	5752145	https://www.gbif.org/species/5752145	Bruchus brachialis Fåhraeus, 1839	ACCEPTED	5752145	Bruchus brachialis Fåhraeus, 1839	SPECIES	216	Insecta	Animalia
310015750	5752155	https://www.gbif.org/species/5752155	Bruchus pisorum Linnaeus, 1758	ACCEPTED	5752155	Bruchus pisorum Linnaeus, 1758	SPECIES	216	Insecta	Animalia
310015756	1176471	https://www.gbif.org/species/1176471	Polydrusus picus (Fabricius, 1792)	ACCEPTED	1176471	Polydrusus picus (Fabricius, 1792)	SPECIES	216	Insecta	Animalia
310015758	1224025	https://www.gbif.org/species/1224025	Lixus ochraceus Boheman, 1843	ACCEPTED	1224025	Lixus ochraceus Boheman, 1843	SPECIES	216	Insecta	Animalia
310015790	2008840	https://www.gbif.org/species/2008840	Zelus renardii Kolenati, 1857	ACCEPTED	2008840	Zelus renardii Kolenati, 1857	SPECIES	216	Insecta	Animalia
310015804	4486330	https://www.gbif.org/species/4486330	Spilostethus pandurus (Scopoli, 1763)	ACCEPTED	4486330	Spilostethus pandurus (Scopoli, 1763)	SPECIES	216	Insecta	Animalia
310015805	2715830	https://www.gbif.org/species/2715830	Cyperus vaginatus R.Br.	ACCEPTED	2715830	Cyperus vaginatus R.Br.	SPECIES	196	Liliopsida	Plantae
310015812	2077209	https://www.gbif.org/species/2077209	Idiopterus nephrelepidis Davis, 1909	ACCEPTED	2077209	Idiopterus nephrelepidis Davis, 1909	SPECIES	216	Insecta	Animalia
310015814	2078259	https://www.gbif.org/species/2078259	Neotoxoptera formosana (Takahashi, 1921)	ACCEPTED	2078259	Neotoxoptera formosana (Takahashi, 1921)	SPECIES	216	Insecta	Animalia
310015816	2072196	https://www.gbif.org/species/2072196	Aphis nerii Boyer de Fonscolombe, 1841	ACCEPTED	2072196	Aphis nerii Boyer de Fonscolombe, 1841	SPECIES	216	Insecta	Animalia
310015817	4485136	https://www.gbif.org/species/4485136	Aphis aurantii Boyer de Fonscolombe, 1841	ACCEPTED	4485136	Aphis aurantii Boyer de Fonscolombe, 1841	SPECIES	216	Insecta	Animalia
310015828	5867595	https://www.gbif.org/species/5867595	Platypleura kaempferi (Fabricius, 1794)	ACCEPTED	5867595	Platypleura kaempferi (Fabricius, 1794)	SPECIES	216	Insecta	Animalia
310015832	2013904	https://www.gbif.org/species/2013904	Ctenarytaina eucalypti (Maskell, 1890)	ACCEPTED	2013904	Ctenarytaina eucalypti (Maskell, 1890)	SPECIES	216	Insecta	Animalia
310015836	2014352	https://www.gbif.org/species/2014352	Livilla variegata (Löw, 1881)	ACCEPTED	2014352	Livilla variegata (Löw, 1881)	SPECIES	216	Insecta	Animalia
310015847	2051533	https://www.gbif.org/species/2051533	Agalmatium bilobum (Fieber, 1877)	ACCEPTED	2051533	Agalmatium bilobum (Fieber, 1877)	SPECIES	216	Insecta	Animalia
310015861	2701281	https://www.gbif.org/species/2701281	Juncus australis Hook.fil.	ACCEPTED	2701281	Juncus australis Hook.fil.	SPECIES	196	Liliopsida	Plantae
310015864	2702056	https://www.gbif.org/species/2702056	Juncus vaginatus R.Br.	ACCEPTED	2702056	Juncus vaginatus R.Br.	SPECIES	196	Liliopsida	Plantae
310015866	2701838	https://www.gbif.org/species/2701838	Juncus edgariae L.A.S.Johnson & K.L.Wilson	ACCEPTED	2701838	Juncus edgariae L.A.S.Johnson & K.L.Wilson	SPECIES	196	Liliopsida	Plantae
310015871	2049688	https://www.gbif.org/species/2049688	Adelges tardus (Dreyfus, 1888)	ACCEPTED	2049688	Adelges tardus (Dreyfus, 1888)	SPECIES	216	Insecta	Animalia
310015872	2702004	https://www.gbif.org/species/2702004	Juncus usitatus L.A.S.Johnson	ACCEPTED	2702004	Juncus usitatus L.A.S.Johnson	SPECIES	196	Liliopsida	Plantae
310015875	2702012	https://www.gbif.org/species/2702012	Juncus firmus L.A.S.Johnson	ACCEPTED	2702012	Juncus firmus L.A.S.Johnson	SPECIES	196	Liliopsida	Plantae
310015881	2701176	https://www.gbif.org/species/2701176	Juncus subglaucus L.A.S.Johnson	ACCEPTED	2701176	Juncus subglaucus L.A.S.Johnson	SPECIES	196	Liliopsida	Plantae
310015883	2701410	https://www.gbif.org/species/2701410	Juncus aridicola L.A.S.Johnson	ACCEPTED	2701410	Juncus aridicola L.A.S.Johnson	SPECIES	196	Liliopsida	Plantae
310015884	8636371	https://www.gbif.org/species/8636371	Hauptidia maroccana (Melichar, 1907)	ACCEPTED	8636371	Hauptidia maroccana (Melichar, 1907)	SPECIES	216	Insecta	Animalia
310015886	2039881	https://www.gbif.org/species/2039881	Macropsis vicina (Horváth, 1897)	ACCEPTED	2039881	Macropsis vicina (Horváth, 1897)	SPECIES	216	Insecta	Animalia
310015887	7548011	https://www.gbif.org/species/7548011	Juncus microcephalus Kunth	ACCEPTED	7548011	Juncus microcephalus Kunth	SPECIES	196	Liliopsida	Plantae
310015890	2026623	https://www.gbif.org/species/2026623	Pediopsoides sharmai (Viraktamath, 1981)	ACCEPTED	2026623	Pediopsoides sharmai (Viraktamath, 1981)	SPECIES	216	Insecta	Animalia
310015894	2036052	https://www.gbif.org/species/2036052	Hishimonus hamatus Kuoh, 1976	ACCEPTED	2036052	Hishimonus hamatus Kuoh, 1976	SPECIES	216	Insecta	Animalia
310015907	4485837	https://www.gbif.org/species/4485837	Dryadocoris apicalis (Herrich-Schäffer, 1842)	ACCEPTED	4485837	Dryadocoris apicalis (Herrich-Schäffer, 1842)	SPECIES	216	Insecta	Animalia
310015911	4485921	https://www.gbif.org/species/4485921	Mecidea lindbergi Wagner, 1954	ACCEPTED	4485921	Mecidea lindbergi Wagner, 1954	SPECIES	216	Insecta	Animalia
310015976	1994767	https://www.gbif.org/species/1994767	Pycnoscelus surinamensis (Linnaeus, 1758)	ACCEPTED	1994767	Pycnoscelus surinamensis (Linnaeus, 1758)	SPECIES	216	Insecta	Animalia
310015986	2000167	https://www.gbif.org/species/2000167	Periplaneta fuliginosa Serville, 1838	ACCEPTED	2000167	Periplaneta fuliginosa Serville, 1838	SPECIES	216	Insecta	Animalia
310015989	2000335	https://www.gbif.org/species/2000335	Neostylopyga rhombifolia (Stoll, 1813)	ACCEPTED	2000335	Neostylopyga rhombifolia (Stoll, 1813)	SPECIES	216	Insecta	Animalia
310016017	1920491	https://www.gbif.org/species/1920491	Pieris mannii (Mayer, 1851)	ACCEPTED	1920491	Pieris mannii (Mayer, 1851)	SPECIES	216	Insecta	Animalia
310016021	1737850	https://www.gbif.org/species/1737850	Cydia interscindana (Möschler, 1866)	ACCEPTED	1737850	Cydia interscindana (Möschler, 1866)	SPECIES	216	Insecta	Animalia
310016033	1857143	https://www.gbif.org/species/1857143	Opogona omoscopa (Meyrick, 1893)	ACCEPTED	1857143	Opogona omoscopa (Meyrick, 1893)	SPECIES	216	Insecta	Animalia
310016038	1882905	https://www.gbif.org/species/1882905	Diplopseustis perieresalis (Walker, 1859)	ACCEPTED	1882905	Diplopseustis perieresalis (Walker, 1859)	SPECIES	216	Insecta	Animalia
310016040	1879408	https://www.gbif.org/species/1879408	Hellula undalis (Fabricius, 1781)	ACCEPTED	1879408	Hellula undalis (Fabricius, 1781)	SPECIES	216	Insecta	Animalia
310016045	1879691	https://www.gbif.org/species/1879691	Eudonia angustea Curtis, 1827	ACCEPTED	1879691	Eudonia angustea Curtis, 1827	SPECIES	216	Insecta	Animalia
310016049	1889905	https://www.gbif.org/species/1889905	Pseudobissetia terrestrellus Christoph, 1885	ACCEPTED	1889905	Pseudobissetia terrestrellus Christoph, 1885	SPECIES	216	Insecta	Animalia
310016051	1890776	https://www.gbif.org/species/1890776	Pyrausta virginalis Duponchel	ACCEPTED	1890776	Pyrausta virginalis Duponchel	SPECIES	216	Insecta	Animalia
310016055	1803163	https://www.gbif.org/species/1803163	Utetheisa pulchella Linnaeus, 1758	ACCEPTED	1803163	Utetheisa pulchella Linnaeus, 1758	SPECIES	216	Insecta	Animalia
310016057	1814653	https://www.gbif.org/species/1814653	Dysauxes punctata Fabricius, 1781	ACCEPTED	1814653	Dysauxes punctata Fabricius, 1781	SPECIES	216	Insecta	Animalia
310016059	1797333	https://www.gbif.org/species/1797333	Catocala nymphagoga Esper, 1787	ACCEPTED	1797333	Catocala nymphagoga Esper, 1787	SPECIES	216	Insecta	Animalia
310016061	1798504	https://www.gbif.org/species/1798504	Dysgonia algira Linnaeus, 1767	ACCEPTED	1798504	Dysgonia algira Linnaeus, 1767	SPECIES	216	Insecta	Animalia
310016068	4533345	https://www.gbif.org/species/4533345	Mniotype solieri (Boisduval, 1829)	ACCEPTED	4533345	Mniotype solieri (Boisduval, 1829)	SPECIES	216	Insecta	Animalia
310016071	1792768	https://www.gbif.org/species/1792768	Dryobota labecula Esper	ACCEPTED	1792768	Dryobota labecula Esper	SPECIES	216	Insecta	Animalia
310016073	5109931	https://www.gbif.org/species/5109931	Spodoptera littoralis (Boisduval, 1833)	ACCEPTED	5109931	Spodoptera littoralis (Boisduval, 1833)	SPECIES	216	Insecta	Animalia
310016075	1770416	https://www.gbif.org/species/1770416	Ochropleura leucogaster Freyer	ACCEPTED	1770416	Ochropleura leucogaster Freyer	SPECIES	216	Insecta	Animalia
310016077	5113853	https://www.gbif.org/species/5113853	Aedia leucomelas (Linnaeus, 1758)	ACCEPTED	5113853	Aedia leucomelas (Linnaeus, 1758)	SPECIES	216	Insecta	Animalia
310016078	5113847	https://www.gbif.org/species/5113847	Aedia funesta Esper	ACCEPTED	5113847	Aedia funesta Esper	SPECIES	216	Insecta	Animalia
310016081	1786515	https://www.gbif.org/species/1786515	Paradiarsia punicea Hübner	ACCEPTED	1786515	Paradiarsia punicea Hübner	SPECIES	216	Insecta	Animalia
310016104	5133088	https://www.gbif.org/species/5133088	Danaus plexippus (Linnaeus, 1758)	ACCEPTED	5133088	Danaus plexippus (Linnaeus, 1758)	SPECIES	216	Insecta	Animalia
310016116	1876624	https://www.gbif.org/species/1876624	Elegia atrifasciella Ragonot, 1887	ACCEPTED	1876624	Elegia atrifasciella Ragonot, 1887	SPECIES	216	Insecta	Animalia
310016122	1890065	https://www.gbif.org/species/1890065	Musotima nitidalis (Walker)	ACCEPTED	1890065	Musotima nitidalis (Walker)	SPECIES	216	Insecta	Animalia
310016130	1830822	https://www.gbif.org/species/1830822	Prays oleae Bernard, 1788	ACCEPTED	1830822	Prays oleae Bernard, 1788	SPECIES	216	Insecta	Animalia
310016141	5716906	https://www.gbif.org/species/5716906	Zeuxo holdichi Bamber, 1990	ACCEPTED	5716906	Zeuxo holdichi Bamber, 1990	SPECIES	229	Malacostraca	Animalia
310016165	6461590	https://www.gbif.org/species/6461590	Ptilohyale littoralis (Stimpson, 1853)	ACCEPTED	6461590	Ptilohyale littoralis (Stimpson, 1853)	SPECIES	229	Malacostraca	Animalia
310016195	2203614	https://www.gbif.org/species/2203614	Armadillidium maculatum (Risso, 1816)	ACCEPTED	2203614	Armadillidium maculatum (Risso, 1816)	SPECIES	229	Malacostraca	Animalia
310016217	9442269	https://www.gbif.org/species/9442269	Procambarus virginalis Lyko, 2017	ACCEPTED	9442269	Procambarus virginalis Lyko, 2017	SPECIES	229	Malacostraca	Animalia
310016254	5290161	https://www.gbif.org/species/5290161	Phyllostachys aureosulcata McClure	ACCEPTED	5290161	Phyllostachys aureosulcata McClure	SPECIES	196	Liliopsida	Plantae
310016257	5290167	https://www.gbif.org/species/5290167	Phyllostachys aurea (André) Rivière & C.Rivière	ACCEPTED	5290167	Phyllostachys aurea (André) Rivière & C.Rivière	SPECIES	196	Liliopsida	Plantae
310016267	5185431	https://www.gbif.org/species/5185431	Aurelia coerulea von Lendenfeld, 1884	ACCEPTED	5185431	Aurelia coerulea von Lendenfeld, 1884	SPECIES	352	Scyphozoa	Animalia
310016289	2290489	https://www.gbif.org/species/2290489	Todarodes sagittatus (Lamarck, 1798)	ACCEPTED	2290489	Todarodes sagittatus (Lamarck, 1798)	SPECIES	136	Cephalopoda	Animalia
310016295	5189038	https://www.gbif.org/species/5189038	Theora lubrica Gould, 1861	ACCEPTED	5189038	Theora lubrica Gould, 1861	SPECIES	137	Bivalvia	Animalia
310016305	5729351	https://www.gbif.org/species/5729351	Bucardium ringens (Bruguière, 1789)	ACCEPTED	5729351	Bucardium ringens (Bruguière, 1789)	SPECIES	137	Bivalvia	Animalia
310016319	4372673	https://www.gbif.org/species/4372673	Venus casina Linnaeus, 1758	ACCEPTED	4372673	Venus casina Linnaeus, 1758	SPECIES	137	Bivalvia	Animalia
310016321	2287689	https://www.gbif.org/species/2287689	Clausinella fasciata (da Costa, 1778)	ACCEPTED	2287689	Clausinella fasciata (da Costa, 1778)	SPECIES	137	Bivalvia	Animalia
310016325	4372803	https://www.gbif.org/species/4372803	Gafrarium pectinatum (Linnaeus, 1758)	ACCEPTED	4372803	Gafrarium pectinatum (Linnaeus, 1758)	SPECIES	137	Bivalvia	Animalia
310016335	2285746	https://www.gbif.org/species/2285746	Ischadium recurvum (Rafinesque, 1820)	ACCEPTED	2285746	Ischadium recurvum (Rafinesque, 1820)	SPECIES	137	Bivalvia	Animalia
310016339	5189500	https://www.gbif.org/species/5189500	Limaria loscombi (G.B.Sowerby I, 1823)	ACCEPTED	5189500	Limaria loscombi (G.B.Sowerby I, 1823)	SPECIES	137	Bivalvia	Animalia
310016353	4373699	https://www.gbif.org/species/4373699	Talochlamys pusio (Linnaeus, 1758)	ACCEPTED	4373699	Talochlamys pusio (Linnaeus, 1758)	SPECIES	137	Bivalvia	Animalia
310016377	6126571	https://www.gbif.org/species/6126571	Haloa japonica (Pilsbry, 1895)	ACCEPTED	6126571	Haloa japonica (Pilsbry, 1895)	SPECIES	225	Gastropoda	Animalia
310016383	5828232	https://www.gbif.org/species/5828232	Cenchrus setaceus (Forssk.) Morrone	ACCEPTED	5828232	Cenchrus setaceus (Forssk.) Morrone	SPECIES	196	Liliopsida	Plantae
310016418	2294129	https://www.gbif.org/species/2294129	Rumina decollata (Linnaeus, 1758)	ACCEPTED	2294129	Rumina decollata (Linnaeus, 1758)	SPECIES	225	Gastropoda	Animalia
310016437	5191102	https://www.gbif.org/species/5191102	Monacha cantiana (Montagu, 1803)	ACCEPTED	5191102	Monacha cantiana (Montagu, 1803)	SPECIES	225	Gastropoda	Animalia
310016451	4564216	https://www.gbif.org/species/4564216	Otala punctata (O.F.Müller, 1774)	ACCEPTED	4564216	Otala punctata (O.F.Müller, 1774)	SPECIES	225	Gastropoda	Animalia
310016460	2293404	https://www.gbif.org/species/2293404	Tricolia pullus (Linnaeus, 1758)	ACCEPTED	2293404	Tricolia pullus (Linnaeus, 1758)	SPECIES	225	Gastropoda	Animalia
310016465	10800497	https://www.gbif.org/species/10800497	Steromphala tumida (Montagu, 1803)	ACCEPTED	10800497	Steromphala tumida (Montagu, 1803)	SPECIES	225	Gastropoda	Animalia
310016467	7992320	https://www.gbif.org/species/7992320	Phorcus lineatus (da Costa, 1778)	ACCEPTED	7992320	Phorcus lineatus (da Costa, 1778)	SPECIES	225	Gastropoda	Animalia
310016500	2292567	https://www.gbif.org/species/2292567	Cipangopaludina chinensis (Griffith & Pidgeon, 1865)	DOUBTFUL	2292567	Cipangopaludina chinensis (Griffith & Pidgeon, 1865)	SPECIES	225	Gastropoda	Animalia
310016511	2300980	https://www.gbif.org/species/2300980	Graphis albida (Kanmacher, 1798)	ACCEPTED	2300980	Graphis albida (Kanmacher, 1798)	SPECIES	225	Gastropoda	Animalia
310016516	2765359	https://www.gbif.org/species/2765359	Tradescantia zebrina Bosse	ACCEPTED	2765359	Tradescantia zebrina Bosse	SPECIES	196	Liliopsida	Plantae
310016554	2685265	https://www.gbif.org/species/2685265	Cephalotaxus fortunei Hook.	ACCEPTED	2685265	Cephalotaxus fortunei Hook.	SPECIES	194	Pinopsida	Plantae
310016560	5284682	https://www.gbif.org/species/5284682	Cedrus libani A.Rich.	ACCEPTED	5284682	Cedrus libani A.Rich.	SPECIES	194	Pinopsida	Plantae
310016599	2684102	https://www.gbif.org/species/2684102	Thujopsis dolabrata (Thunb. ex L.f.) Siebold & Zucc.	ACCEPTED	2684102	Thujopsis dolabrata (Thunb. ex L.f.) Siebold & Zucc.	SPECIES	194	Pinopsida	Plantae
310016603	9990542	https://www.gbif.org/species/9990542	Naja subfulva Laurent, 1955	ACCEPTED	9990542	Naja subfulva Laurent, 1955	SPECIES	11592253	Squamata	Animalia
310016608	6159243	https://www.gbif.org/species/6159243	Lacerta bilineata Daudin, 1802	ACCEPTED	6159243	Lacerta bilineata Daudin, 1802	SPECIES	11592253	Squamata	Animalia
310016639	5788062	https://www.gbif.org/species/5788062	Babka gymnotrachelus (Kessler, 1857)	ACCEPTED	5788062	Babka gymnotrachelus (Kessler, 1857)	SPECIES			Animalia
310016647	2376461	https://www.gbif.org/species/2376461	Tridentiger bifasciatus Steindachner, 1881	ACCEPTED	2376461	Tridentiger bifasciatus Steindachner, 1881	SPECIES			Animalia
310016656	2393382	https://www.gbif.org/species/2393382	Eleutheronema tetradactylum (Shaw, 1804)	ACCEPTED	2393382	Eleutheronema tetradactylum (Shaw, 1804)	SPECIES			Animalia
310016668	5211975	https://www.gbif.org/species/5211975	Istiophorus albicans (Latreille, 1804)	ACCEPTED	5211975	Istiophorus albicans (Latreille, 1804)	SPECIES			Animalia
310016695	2498259	https://www.gbif.org/species/2498259	Aythya nyroca (Güldenstädt, 1770)	ACCEPTED	2498259	Aythya nyroca (Güldenstädt, 1770)	SPECIES	212	Aves	Animalia
310016697	2498257	https://www.gbif.org/species/2498257	Aythya affinis (Eyton, 1838)	ACCEPTED	2498257	Aythya affinis (Eyton, 1838)	SPECIES	212	Aves	Animalia
310016698	2498264	https://www.gbif.org/species/2498264	Aythya collaris (Donovan, 1809)	ACCEPTED	2498264	Aythya collaris (Donovan, 1809)	SPECIES	212	Aves	Animalia
310016706	2498350	https://www.gbif.org/species/2498350	Somateria spectabilis (Linnaeus, 1758)	ACCEPTED	2498350	Somateria spectabilis (Linnaeus, 1758)	SPECIES	212	Aves	Animalia
310016708	5232451	https://www.gbif.org/species/5232451	Branta ruficollis (Pallas, 1769)	ACCEPTED	5232451	Branta ruficollis (Pallas, 1769)	SPECIES	212	Aves	Animalia
310016714	9422220	https://www.gbif.org/species/9422220	Spatula discors (Linnaeus, 1766)	ACCEPTED	9422220	Spatula discors (Linnaeus, 1766)	SPECIES	212	Aves	Animalia
310016722	2498246	https://www.gbif.org/species/2498246	Melanitta perspicillata (Linnaeus, 1758)	ACCEPTED	2498246	Melanitta perspicillata (Linnaeus, 1758)	SPECIES	212	Aves	Animalia
310016728	2498125	https://www.gbif.org/species/2498125	Anas carolinensis J.F.Gmelin, 1789	ACCEPTED	2498125	Anas carolinensis J.F.Gmelin, 1789	SPECIES	212	Aves	Animalia
310016732	2498302	https://www.gbif.org/species/2498302	Oxyura leucocephala (Scopoli, 1769)	ACCEPTED	2498302	Oxyura leucocephala (Scopoli, 1769)	SPECIES	212	Aves	Animalia
310016749	2498294	https://www.gbif.org/species/2498294	Lophonetta specularioides (P.P.King, 1828)	ACCEPTED	2498294	Lophonetta specularioides (P.P.King, 1828)	SPECIES	212	Aves	Animalia
310016765	2498026	https://www.gbif.org/species/2498026	Anser erythropus (Linnaeus, 1758)	ACCEPTED	2498026	Anser erythropus (Linnaeus, 1758)	SPECIES	212	Aves	Animalia
310016766	2917001	https://www.gbif.org/species/2917001	Asperula orientalis Boiss. & Hohen.	ACCEPTED	2917001	Asperula orientalis Boiss. & Hohen.	SPECIES	220	Magnoliopsida	Plantae
310016787	8069880	https://www.gbif.org/species/8069880	Falco rusticolus Linnaeus, 1758	ACCEPTED	8069880	Falco rusticolus Linnaeus, 1758	SPECIES	212	Aves	Animalia
310016789	9584698	https://www.gbif.org/species/9584698	Falco naumanni J.G.Fleischer, 1818	ACCEPTED	9584698	Falco naumanni J.G.Fleischer, 1818	SPECIES	212	Aves	Animalia
310016790	2481062	https://www.gbif.org/species/2481062	Falco vespertinus Linnaeus, 1766	ACCEPTED	2481062	Falco vespertinus Linnaeus, 1766	SPECIES	212	Aves	Animalia
310016798	2496287	https://www.gbif.org/species/2496287	Coccyzus americanus (Linnaeus, 1758)	ACCEPTED	2496287	Coccyzus americanus (Linnaeus, 1758)	SPECIES	212	Aves	Animalia
310016801	2496464	https://www.gbif.org/species/2496464	Clamator glandarius (Linnaeus, 1758)	ACCEPTED	2496464	Clamator glandarius (Linnaeus, 1758)	SPECIES	212	Aves	Animalia
310016820	2474863	https://www.gbif.org/species/2474863	Chlamydotis macqueenii (J.E.Gray, 1832)	ACCEPTED	2474863	Chlamydotis macqueenii (J.E.Gray, 1832)	SPECIES	212	Aves	Animalia
310016824	5228228	https://www.gbif.org/species/5228228	Tetrax tetrax (Linnaeus, 1758)	ACCEPTED	5228228	Tetrax tetrax (Linnaeus, 1758)	SPECIES	212	Aves	Animalia
310016826	2474921	https://www.gbif.org/species/2474921	Otis tarda Linnaeus, 1758	ACCEPTED	2474921	Otis tarda Linnaeus, 1758	SPECIES	212	Aves	Animalia
310016830	2475419	https://www.gbif.org/species/2475419	Merops persicus Pallas, 1773	ACCEPTED	2475419	Merops persicus Pallas, 1773	SPECIES	212	Aves	Animalia
310016840	3189912	https://www.gbif.org/species/3189912	Peganum harmala L.	ACCEPTED	3189912	Peganum harmala L.	SPECIES	220	Magnoliopsida	Plantae
310016841	2475365	https://www.gbif.org/species/2475365	Coracias garrulus Linnaeus, 1758	ACCEPTED	2475365	Coracias garrulus Linnaeus, 1758	SPECIES	212	Aves	Animalia
310016848	2480353	https://www.gbif.org/species/2480353	Pelecanus crispus Bruch, 1832	ACCEPTED	2480353	Pelecanus crispus Bruch, 1832	SPECIES	212	Aves	Animalia
310016861	2480773	https://www.gbif.org/species/2480773	Plegadis falcinellus (Linnaeus, 1766)	ACCEPTED	2480773	Plegadis falcinellus (Linnaeus, 1766)	SPECIES	212	Aves	Animalia
310016870	2480906	https://www.gbif.org/species/2480906	Ardeola ralloides (Scopoli, 1769)	ACCEPTED	2480906	Ardeola ralloides (Scopoli, 1769)	SPECIES	212	Aves	Animalia
310016878	2481962	https://www.gbif.org/species/2481962	Gavia immer (Brunnich, 1764)	ACCEPTED	2481962	Gavia immer (Brunnich, 1764)	SPECIES	212	Aves	Animalia
310016879	2481957	https://www.gbif.org/species/2481957	Gavia adamsii (G.R.Gray, 1859)	ACCEPTED	2481957	Gavia adamsii (G.R.Gray, 1859)	SPECIES	212	Aves	Animalia
310016880	2481959	https://www.gbif.org/species/2481959	Gavia arctica (Linnaeus, 1758)	ACCEPTED	2481959	Gavia arctica (Linnaeus, 1758)	SPECIES	212	Aves	Animalia
310016884	3768452	https://www.gbif.org/species/3768452	Acer griseum (Franch.) Pax	ACCEPTED	3768452	Acer griseum (Franch.) Pax	SPECIES	220	Magnoliopsida	Plantae
310016886	2495681	https://www.gbif.org/species/2495681	Streptopelia orientalis (Latham, 1790)	ACCEPTED	2495681	Streptopelia orientalis (Latham, 1790)	SPECIES	212	Aves	Animalia
310016889	3189884	https://www.gbif.org/species/3189884	Acer circinatum Pursh	ACCEPTED	3189884	Acer circinatum Pursh	SPECIES	220	Magnoliopsida	Plantae
310016919	2891607	https://www.gbif.org/species/2891607	Pelargonium panduriforme Eckl. & Zeyh.	ACCEPTED	2891607	Pelargonium panduriforme Eckl. & Zeyh.	SPECIES	220	Magnoliopsida	Plantae
310016920	2891614	https://www.gbif.org/species/2891614	Pelargonium grossularioides (L.) L'Hér.	ACCEPTED	2891614	Pelargonium grossularioides (L.) L'Hér.	SPECIES	220	Magnoliopsida	Plantae
310016928	7841302	https://www.gbif.org/species/7841302	Erodium geoides A.St.-Hil.	ACCEPTED	7841302	Erodium geoides A.St.-Hil.	SPECIES	220	Magnoliopsida	Plantae
310016933	2482077	https://www.gbif.org/species/2482077	Podilymbus podiceps (Linnaeus, 1758)	ACCEPTED	2482077	Podilymbus podiceps (Linnaeus, 1758)	SPECIES	212	Aves	Animalia
310016975	5414248	https://www.gbif.org/species/5414248	Ilex opaca Aiton	ACCEPTED	5414248	Ilex opaca Aiton	SPECIES	220	Magnoliopsida	Plantae
310016977	5414267	https://www.gbif.org/species/5414267	Ilex verticillata (L.) A.Gray	ACCEPTED	5414267	Ilex verticillata (L.) A.Gray	SPECIES	220	Magnoliopsida	Plantae
310016980	5228695	https://www.gbif.org/species/5228695	Apus pallidus (Shelley, 1870)	ACCEPTED	5228695	Apus pallidus (Shelley, 1870)	SPECIES	212	Aves	Animalia
310016982	5228662	https://www.gbif.org/species/5228662	Apus affinis (J.E.Gray, 1830)	ACCEPTED	5228662	Apus affinis (J.E.Gray, 1830)	SPECIES	212	Aves	Animalia
310016985	2477411	https://www.gbif.org/species/2477411	Tachymarptis melba (Linnaeus, 1758)	ACCEPTED	2477411	Tachymarptis melba (Linnaeus, 1758)	SPECIES	212	Aves	Animalia
310016992	5959111	https://www.gbif.org/species/5959111	Bubo africanus (Temminck, 1821)	ACCEPTED	5959111	Bubo africanus (Temminck, 1821)	SPECIES	212	Aves	Animalia
310016993	5959143	https://www.gbif.org/species/5959143	Bubo scandiacus (Linnaeus, 1758)	ACCEPTED	5959143	Bubo scandiacus (Linnaeus, 1758)	SPECIES	212	Aves	Animalia
310016994	2888490	https://www.gbif.org/species/2888490	Argemone ochroleuca Sweet	ACCEPTED	2888490	Argemone ochroleuca Sweet	SPECIES	220	Magnoliopsida	Plantae
310016998	2497701	https://www.gbif.org/species/2497701	Otus scops (Linnaeus, 1758)	ACCEPTED	2497701	Otus scops (Linnaeus, 1758)	SPECIES	212	Aves	Animalia
310017005	10095118	https://www.gbif.org/species/10095118	Microcarbo pygmaeus (Pallas, 1773)	ACCEPTED	10095118	Microcarbo pygmaeus (Pallas, 1773)	SPECIES	212	Aves	Animalia
310017010	2481930	https://www.gbif.org/species/2481930	Cathartes aura (Linnaeus, 1758)	ACCEPTED	2481930	Cathartes aura (Linnaeus, 1758)	SPECIES	212	Aves	Animalia
310017013	2480491	https://www.gbif.org/species/2480491	Circus macrourus (S.G.Gmelin, 1770)	ACCEPTED	2480491	Circus macrourus (S.G.Gmelin, 1770)	SPECIES	212	Aves	Animalia
310017015	2480696	https://www.gbif.org/species/2480696	Neophron percnopterus (Linnaeus, 1758)	ACCEPTED	2480696	Neophron percnopterus (Linnaeus, 1758)	SPECIES	212	Aves	Animalia
310017020	2480649	https://www.gbif.org/species/2480649	Gypaetus barbatus (Linnaeus, 1758)	ACCEPTED	2480649	Gypaetus barbatus (Linnaeus, 1758)	SPECIES	212	Aves	Animalia
310017022	2480524	https://www.gbif.org/species/2480524	Buteo lagopus (Pontoppidan, 1763)	ACCEPTED	2480524	Buteo lagopus (Pontoppidan, 1763)	SPECIES	212	Aves	Animalia
310017024	2480564	https://www.gbif.org/species/2480564	Buteo rufinus (Cretzschmar, 1829)	ACCEPTED	2480564	Buteo rufinus (Cretzschmar, 1829)	SPECIES	212	Aves	Animalia
310017029	2480666	https://www.gbif.org/species/2480666	Circaetus gallicus (Gmelin, 1788)	ACCEPTED	2480666	Circaetus gallicus (Gmelin, 1788)	SPECIES	212	Aves	Animalia
310017032	5229165	https://www.gbif.org/species/5229165	Aegypius monachus (Linnaeus, 1766)	ACCEPTED	5229165	Aegypius monachus (Linnaeus, 1766)	SPECIES	212	Aves	Animalia
310017036	2480685	https://www.gbif.org/species/2480685	Hieraaetus pennatus (Gmelin, 1788)	ACCEPTED	2480685	Hieraaetus pennatus (Gmelin, 1788)	SPECIES	212	Aves	Animalia
310017039	2480513	https://www.gbif.org/species/2480513	Aquila nipalensis Hodgson, 1833	ACCEPTED	2480513	Aquila nipalensis Hodgson, 1833	SPECIES	212	Aves	Animalia
310017040	2480506	https://www.gbif.org/species/2480506	Aquila chrysaetos (Linnaeus, 1758)	ACCEPTED	2480506	Aquila chrysaetos (Linnaeus, 1758)	SPECIES	212	Aves	Animalia
310017041	2480500	https://www.gbif.org/species/2480500	Aquila heliaca Savigny, 1809	ACCEPTED	2480500	Aquila heliaca Savigny, 1809	SPECIES	212	Aves	Animalia
310017043	5844449	https://www.gbif.org/species/5844449	Aquila fasciata Vieillot, 1822	ACCEPTED	5844449	Aquila fasciata Vieillot, 1822	SPECIES	212	Aves	Animalia
310017046	2480372	https://www.gbif.org/species/2480372	Elanus caeruleus (Desfontaines, 1789)	ACCEPTED	2480372	Elanus caeruleus (Desfontaines, 1789)	SPECIES	212	Aves	Animalia
310017048	2480659	https://www.gbif.org/species/2480659	Polyboroides typus A.Smith, 1829	ACCEPTED	2480659	Polyboroides typus A.Smith, 1829	SPECIES	212	Aves	Animalia
310017050	2480389	https://www.gbif.org/species/2480389	Gyps fulvus (Hablizl, 1783)	ACCEPTED	2480389	Gyps fulvus (Hablizl, 1783)	SPECIES	212	Aves	Animalia
310017051	2480384	https://www.gbif.org/species/2480384	Gyps rueppellii (A.E.Brehm, 1852)	ACCEPTED	2480384	Gyps rueppellii (A.E.Brehm, 1852)	SPECIES	212	Aves	Animalia
310017055	2490681	https://www.gbif.org/species/2490681	Calandrella brachydactyla (Leisler, 1814)	ACCEPTED	2490681	Calandrella brachydactyla (Leisler, 1814)	SPECIES	212	Aves	Animalia
310017065	2493060	https://www.gbif.org/species/2493060	Phylloscopus coronatus (Temminck & Schlegel, 1847)	ACCEPTED	2493060	Phylloscopus coronatus (Temminck & Schlegel, 1847)	SPECIES	212	Aves	Animalia
310017066	7341522	https://www.gbif.org/species/7341522	Phylloscopus humei (W.E.Brooks, 1878)	ACCEPTED	7341522	Phylloscopus humei (W.E.Brooks, 1878)	SPECIES	212	Aves	Animalia
310017070	5846290	https://www.gbif.org/species/5846290	Saxicola maurus (Pallas, 1773)	ACCEPTED	5846290	Saxicola maurus (Pallas, 1773)	SPECIES	212	Aves	Animalia
310017082	2482515	https://www.gbif.org/species/2482515	Corvus cornix Linnaeus, 1758	ACCEPTED	2482515	Corvus cornix Linnaeus, 1758	SPECIES	212	Aves	Animalia
310017087	7277720	https://www.gbif.org/species/7277720	Thalictrum lucidum L.	ACCEPTED	7277720	Thalictrum lucidum L.	SPECIES	220	Magnoliopsida	Plantae
310017094	11081628	https://www.gbif.org/species/11081628	Stilpnia vitriolina (Cabanis, 1851)	ACCEPTED	11081628	Stilpnia vitriolina (Cabanis, 1851)	SPECIES	212	Aves	Animalia
310017112	2487430	https://www.gbif.org/species/2487430	Vireo olivaceus (Linnaeus, 1766)	ACCEPTED	2487430	Vireo olivaceus (Linnaeus, 1766)	SPECIES	212	Aves	Animalia
310017124	5231640	https://www.gbif.org/species/5231640	Spinus tristis (Linnaeus, 1758)	ACCEPTED	5231640	Spinus tristis (Linnaeus, 1758)	SPECIES	212	Aves	Animalia
310017137	6100888	https://www.gbif.org/species/6100888	Geokichla sibirica (Pallas, 1776)	ACCEPTED	6100888	Geokichla sibirica (Pallas, 1776)	SPECIES	212	Aves	Animalia
310017143	2487877	https://www.gbif.org/species/2487877	Cyanistes cyanus (Pallas, 1770)	ACCEPTED	2487877	Cyanistes cyanus (Pallas, 1770)	SPECIES	212	Aves	Animalia
310017148	2492854	https://www.gbif.org/species/2492854	Lanius minor Gmelin, 1788	ACCEPTED	2492854	Lanius minor Gmelin, 1788	SPECIES	212	Aves	Animalia
310017150	4408670	https://www.gbif.org/species/4408670	Lanius phoenicuroides (Schalow, 1875)	ACCEPTED	4408670	Lanius phoenicuroides (Schalow, 1875)	SPECIES	212	Aves	Animalia
310017151	9273219	https://www.gbif.org/species/9273219	Lanius schach Linnaeus, 1758	ACCEPTED	9273219	Lanius schach Linnaeus, 1758	SPECIES	212	Aves	Animalia
310017152	2492867	https://www.gbif.org/species/2492867	Lanius senator Linnaeus, 1758	ACCEPTED	2492867	Lanius senator Linnaeus, 1758	SPECIES	212	Aves	Animalia
310017153	2492865	https://www.gbif.org/species/2492865	Lanius isabellinus Hemprich & Ehrenberg, 1833	ACCEPTED	2492865	Lanius isabellinus Hemprich & Ehrenberg, 1833	SPECIES	212	Aves	Animalia
310017155	2492846	https://www.gbif.org/species/2492846	Lanius cristatus Linnaeus, 1758	ACCEPTED	2492846	Lanius cristatus Linnaeus, 1758	SPECIES	212	Aves	Animalia
310017158	2484605	https://www.gbif.org/species/2484605	Bombycilla garrulus (Linnaeus, 1758)	ACCEPTED	2484605	Bombycilla garrulus (Linnaeus, 1758)	SPECIES	212	Aves	Animalia
310017169	2493987	https://www.gbif.org/species/2493987	Quelea quelea (Linnaeus, 1758)	ACCEPTED	2493987	Quelea quelea (Linnaeus, 1758)	SPECIES	212	Aves	Animalia
310017177	7340335	https://www.gbif.org/species/7340335	Euodice cantans (Gmelin, 1789)	ACCEPTED	7340335	Euodice cantans (Gmelin, 1789)	SPECIES	212	Aves	Animalia
310017186	4408455	https://www.gbif.org/species/4408455	Hydrobates pelagicus (Linnaeus, 1758)	ACCEPTED	4408455	Hydrobates pelagicus (Linnaeus, 1758)	SPECIES	212	Aves	Animalia
310017190	2481410	https://www.gbif.org/species/2481410	Thalassarche melanophris (Temminck, 1828)	ACCEPTED	2481410	Thalassarche melanophris (Temminck, 1828)	SPECIES	212	Aves	Animalia
310017194	5229360	https://www.gbif.org/species/5229360	Puffinus mauretanicus Lowe, 1921	ACCEPTED	5229360	Puffinus mauretanicus Lowe, 1921	SPECIES	212	Aves	Animalia
310017211	2481312	https://www.gbif.org/species/2481312	Cepphus grylle (Linnaeus, 1758)	ACCEPTED	2481312	Cepphus grylle (Linnaeus, 1758)	SPECIES	212	Aves	Animalia
310017214	2481339	https://www.gbif.org/species/2481339	Uria lomvia (Linnaeus, 1758)	ACCEPTED	2481339	Uria lomvia (Linnaeus, 1758)	SPECIES	212	Aves	Animalia
310017217	7406504	https://www.gbif.org/species/7406504	Ichthyaetus audouinii (Payraudeau, 1826)	ACCEPTED	7406504	Ichthyaetus audouinii (Payraudeau, 1826)	SPECIES	212	Aves	Animalia
310017218	8028588	https://www.gbif.org/species/8028588	Ichthyaetus ichthyaetus (Pallas, 1773)	ACCEPTED	8028588	Ichthyaetus ichthyaetus (Pallas, 1773)	SPECIES	212	Aves	Animalia
310017221	2481263	https://www.gbif.org/species/2481263	Gelochelidon nilotica (J.F.Gmelin, 1789)	ACCEPTED	2481263	Gelochelidon nilotica (J.F.Gmelin, 1789)	SPECIES	212	Aves	Animalia
310017223	6065818	https://www.gbif.org/species/6065818	Chroicocephalus philadelphia (Ord, 1815)	ACCEPTED	6065818	Chroicocephalus philadelphia (Ord, 1815)	SPECIES	212	Aves	Animalia
310017225	6065810	https://www.gbif.org/species/6065810	Chroicocephalus genei (Brème, 1839)	ACCEPTED	6065810	Chroicocephalus genei (Brème, 1839)	SPECIES	212	Aves	Animalia
310017228	2481285	https://www.gbif.org/species/2481285	Thalasseus elegans (Gambel, 1849)	ACCEPTED	2481285	Thalasseus elegans (Gambel, 1849)	SPECIES	212	Aves	Animalia
310017230	5229249	https://www.gbif.org/species/5229249	Sterna dougallii Montagu, 1813	ACCEPTED	5229249	Sterna dougallii Montagu, 1813	SPECIES	212	Aves	Animalia
310017231	5229247	https://www.gbif.org/species/5229247	Sterna forsteri Nuttall, 1834	ACCEPTED	5229247	Sterna forsteri Nuttall, 1834	SPECIES	212	Aves	Animalia
310017234	2481218	https://www.gbif.org/species/2481218	Rhodostethia rosea (W.MacGillivray, 1824)	ACCEPTED	2481218	Rhodostethia rosea (W.MacGillivray, 1824)	SPECIES	212	Aves	Animalia
310017236	5846430	https://www.gbif.org/species/5846430	Leucophaeus pipixcan (Wagler, 1831)	ACCEPTED	5846430	Leucophaeus pipixcan (Wagler, 1831)	SPECIES	212	Aves	Animalia
310017237	6065844	https://www.gbif.org/species/6065844	Leucophaeus atricilla (Linnaeus, 1758)	ACCEPTED	6065844	Leucophaeus atricilla (Linnaeus, 1758)	SPECIES	212	Aves	Animalia
310017240	2481156	https://www.gbif.org/species/2481156	Larus glaucoides B.Meyer, 1822	ACCEPTED	2481156	Larus glaucoides B.Meyer, 1822	SPECIES	212	Aves	Animalia
310017241	2481134	https://www.gbif.org/species/2481134	Larus delawarensis Ord, 1815	ACCEPTED	2481134	Larus delawarensis Ord, 1815	SPECIES	212	Aves	Animalia
310017242	2481127	https://www.gbif.org/species/2481127	Larus hyperboreus Gunnerus, 1767	ACCEPTED	2481127	Larus hyperboreus Gunnerus, 1767	SPECIES	212	Aves	Animalia
310017245	5789286	https://www.gbif.org/species/5789286	Onychoprion anaethetus (Scopoli, 1786)	ACCEPTED	5789286	Onychoprion anaethetus (Scopoli, 1786)	SPECIES	212	Aves	Animalia
310017249	2481831	https://www.gbif.org/species/2481831	Gallinago media (Latham, 1787)	ACCEPTED	2481831	Gallinago media (Latham, 1787)	SPECIES	212	Aves	Animalia
310017252	2481782	https://www.gbif.org/species/2481782	Numenius minutus Gould, 1841	ACCEPTED	2481782	Numenius minutus Gould, 1841	SPECIES	212	Aves	Animalia
310017253	2481789	https://www.gbif.org/species/2481789	Numenius tenuirostris Vieillot, 1817	ACCEPTED	2481789	Numenius tenuirostris Vieillot, 1817	SPECIES	212	Aves	Animalia
310017255	2481670	https://www.gbif.org/species/2481670	Limnodromus scolopaceus (Say, 1822)	ACCEPTED	2481670	Limnodromus scolopaceus (Say, 1822)	SPECIES	212	Aves	Animalia
310017257	5229389	https://www.gbif.org/species/5229389	Phalaropus tricolor (Vieillot, 1819)	ACCEPTED	5229389	Phalaropus tricolor (Vieillot, 1819)	SPECIES	212	Aves	Animalia
310017259	7537888	https://www.gbif.org/species/7537888	Calidris falcinellus (Pontoppidan, 1763)	ACCEPTED	7537888	Calidris falcinellus (Pontoppidan, 1763)	SPECIES	212	Aves	Animalia
310017260	2481770	https://www.gbif.org/species/2481770	Calidris bairdii (Coues, 1861)	ACCEPTED	2481770	Calidris bairdii (Coues, 1861)	SPECIES	212	Aves	Animalia
310017261	2481745	https://www.gbif.org/species/2481745	Calidris minutilla (Vieillot, 1819)	ACCEPTED	2481745	Calidris minutilla (Vieillot, 1819)	SPECIES	212	Aves	Animalia
310017262	2481744	https://www.gbif.org/species/2481744	Calidris melanotos (Vieillot, 1819)	ACCEPTED	2481744	Calidris melanotos (Vieillot, 1819)	SPECIES	212	Aves	Animalia
310017263	2481756	https://www.gbif.org/species/2481756	Calidris fuscicollis (Vieillot, 1819)	ACCEPTED	2481756	Calidris fuscicollis (Vieillot, 1819)	SPECIES	212	Aves	Animalia
310017264	8292425	https://www.gbif.org/species/8292425	Calidris subruficollis (Vieillot, 1819)	ACCEPTED	8292425	Calidris subruficollis (Vieillot, 1819)	SPECIES	212	Aves	Animalia
310017266	2481769	https://www.gbif.org/species/2481769	Calidris acuminata (Horsfield, 1821)	ACCEPTED	2481769	Calidris acuminata (Horsfield, 1821)	SPECIES	212	Aves	Animalia
310017267	2481746	https://www.gbif.org/species/2481746	Calidris ruficollis (Pallas, 1776)	ACCEPTED	2481746	Calidris ruficollis (Pallas, 1776)	SPECIES	212	Aves	Animalia
310017269	2481703	https://www.gbif.org/species/2481703	Xenus cinereus (Güldenstädt, 1775)	ACCEPTED	2481703	Xenus cinereus (Güldenstädt, 1775)	SPECIES	212	Aves	Animalia
310017272	2481719	https://www.gbif.org/species/2481719	Tringa stagnatilis (Bechstein, 1803)	ACCEPTED	2481719	Tringa stagnatilis (Bechstein, 1803)	SPECIES	212	Aves	Animalia
310017273	2481720	https://www.gbif.org/species/2481720	Tringa melanoleuca (J.F.Gmelin, 1789)	ACCEPTED	2481720	Tringa melanoleuca (J.F.Gmelin, 1789)	SPECIES	212	Aves	Animalia
310017275	2481721	https://www.gbif.org/species/2481721	Tringa flavipes (J.F.Gmelin, 1789)	ACCEPTED	2481721	Tringa flavipes (J.F.Gmelin, 1789)	SPECIES	212	Aves	Animalia
310017277	2481798	https://www.gbif.org/species/2481798	Actitis macularius (Linnaeus, 1766)	ACCEPTED	2481798	Actitis macularius (Linnaeus, 1766)	SPECIES	212	Aves	Animalia
310017281	2480757	https://www.gbif.org/species/2480757	Glareola pratincola (Linnaeus, 1766)	ACCEPTED	2480757	Glareola pratincola (Linnaeus, 1766)	SPECIES	212	Aves	Animalia
310017282	2480758	https://www.gbif.org/species/2480758	Glareola nordmanni Fischer von Waldheim, 1842	ACCEPTED	2480758	Glareola nordmanni Fischer von Waldheim, 1842	SPECIES	212	Aves	Animalia
310017289	2480328	https://www.gbif.org/species/2480328	Pluvialis dominica (P.L.S.Müller, 1776)	ACCEPTED	2480328	Pluvialis dominica (P.L.S.Müller, 1776)	SPECIES	212	Aves	Animalia
310017290	2480331	https://www.gbif.org/species/2480331	Pluvialis fulva (J.F.Gmelin, 1789)	ACCEPTED	2480331	Pluvialis fulva (J.F.Gmelin, 1789)	SPECIES	212	Aves	Animalia
310017293	5229147	https://www.gbif.org/species/5229147	Vanellus leucurus (M.H.K.Lichtenstein, 1823)	ACCEPTED	5229147	Vanellus leucurus (M.H.K.Lichtenstein, 1823)	SPECIES	212	Aves	Animalia
310017294	5229131	https://www.gbif.org/species/5229131	Vanellus indicus (Boddaert, 1783)	ACCEPTED	5229131	Vanellus indicus (Boddaert, 1783)	SPECIES	212	Aves	Animalia
310017296	5229138	https://www.gbif.org/species/5229138	Vanellus gregarius (Pallas, 1771)	ACCEPTED	5229138	Vanellus gregarius (Pallas, 1771)	SPECIES	212	Aves	Animalia
310017318	3042809	https://www.gbif.org/species/3042809	Brassica fruticulosa Cirillo	ACCEPTED	3042809	Brassica fruticulosa Cirillo	SPECIES	220	Magnoliopsida	Plantae
310017340	2442165	https://www.gbif.org/species/2442165	Lepidochelys kempii Garman, 1880	ACCEPTED	2442165	Lepidochelys kempii Garman, 1880	SPECIES	11418114	Testudines	Animalia
310017343	8894817	https://www.gbif.org/species/8894817	Caretta caretta (Linnaeus, 1758)	ACCEPTED	8894817	Caretta caretta (Linnaeus, 1758)	SPECIES	11418114	Testudines	Animalia
310017388	2422538	https://www.gbif.org/species/2422538	Duttaphrynus melanostictus (Schneider, 1799)	ACCEPTED	2422538	Duttaphrynus melanostictus (Schneider, 1799)	SPECIES	131	Amphibia	Animalia
310017423	5220003	https://www.gbif.org/species/5220003	Delphinapterus leucas (Pallas, 1776)	ACCEPTED	5220003	Delphinapterus leucas (Pallas, 1776)	SPECIES	359	Mammalia	Animalia
310017425	5220008	https://www.gbif.org/species/5220008	Monodon monoceros Linnaeus, 1758	ACCEPTED	5220008	Monodon monoceros Linnaeus, 1758	SPECIES	359	Mammalia	Animalia
310017429	2440483	https://www.gbif.org/species/2440483	Orcinus orca (Linnaeus, 1758)	ACCEPTED	2440483	Orcinus orca (Linnaeus, 1758)	SPECIES	359	Mammalia	Animalia
310017433	5220086	https://www.gbif.org/species/5220086	Megaptera novaeangliae (Borowski, 1781)	ACCEPTED	5220086	Megaptera novaeangliae (Borowski, 1781)	SPECIES	359	Mammalia	Animalia
310017440	5218525	https://www.gbif.org/species/5218525	Nyctalus lasiopterus (Schreber, 1780)	ACCEPTED	5218525	Nyctalus lasiopterus (Schreber, 1780)	SPECIES	359	Mammalia	Animalia
310017448	2441055	https://www.gbif.org/species/2441055	Capra ibex Linnaeus, 1758	ACCEPTED	2441055	Capra ibex Linnaeus, 1758	SPECIES	359	Mammalia	Animalia
310017462	5334269	https://www.gbif.org/species/5334269	Lonicera caerulea L.	ACCEPTED	5334269	Lonicera caerulea L.	SPECIES	220	Magnoliopsida	Plantae
310017465	5334268	https://www.gbif.org/species/5334268	Lonicera fragrantissima Lindl. & Paxton	ACCEPTED	5334268	Lonicera fragrantissima Lindl. & Paxton	SPECIES	220	Magnoliopsida	Plantae
310017474	5219369	https://www.gbif.org/species/5219369	Pusa hispida (Schreber, 1775)	ACCEPTED	5219369	Pusa hispida (Schreber, 1775)	SPECIES	359	Mammalia	Animalia
310017479	3856322	https://www.gbif.org/species/3856322	Weigela japonica Thunb.	ACCEPTED	3856322	Weigela japonica Thunb.	SPECIES	220	Magnoliopsida	Plantae
310017555	6479063	https://www.gbif.org/species/6479063	Prosthiostomum wagurensis Kato, 1944	ACCEPTED	6479063	Prosthiostomum wagurensis Kato, 1944	SPECIES	341	Turbellaria	Animalia
310017560	2503215	https://www.gbif.org/species/2503215	Euplana gracilis Girard, 1853	ACCEPTED	2503215	Euplana gracilis Girard, 1853	SPECIES	341	Turbellaria	Animalia
310017562	5382780	https://www.gbif.org/species/5382780	Phyllanthus urinaria L.	ACCEPTED	5382780	Phyllanthus urinaria L.	SPECIES	220	Magnoliopsida	Plantae
310017592	8155634	https://www.gbif.org/species/8155634	Watersipora subatra (Ortmann, 1890)	ACCEPTED	8155634	Watersipora subatra (Ortmann, 1890)	SPECIES	252	Gymnolaemata	Animalia
310017601	3066495	https://www.gbif.org/species/3066495	Euphorbia segetalis L.	ACCEPTED	3066495	Euphorbia segetalis L.	SPECIES	220	Magnoliopsida	Plantae
310017604	1007512	https://www.gbif.org/species/1007512	Pacificincola perforata (Okada & Mawatari, 1937)	ACCEPTED	1007512	Pacificincola perforata (Okada & Mawatari, 1937)	SPECIES	252	Gymnolaemata	Animalia
310017624	2874529	https://www.gbif.org/species/2874529	Cyclanthera pedata (L.) Schrad.	ACCEPTED	2874529	Cyclanthera pedata (L.) Schrad.	SPECIES	220	Magnoliopsida	Plantae
310017641	3082274	https://www.gbif.org/species/3082274	Cornus kousa Bürger ex Hance	ACCEPTED	3082274	Cornus kousa Bürger ex Hance	SPECIES	220	Magnoliopsida	Plantae
310017651	3966592	https://www.gbif.org/species/3966592	Cullen leucanthum (F.Muell.) J.W.Grimes	ACCEPTED	3966592	Cullen leucanthum (F.Muell.) J.W.Grimes	SPECIES	220	Magnoliopsida	Plantae
310017652	3966547	https://www.gbif.org/species/3966547	Cullen tenax (Lindl.) J.W.Grimes	ACCEPTED	3966547	Cullen tenax (Lindl.) J.W.Grimes	SPECIES	220	Magnoliopsida	Plantae
310017658	2972983	https://www.gbif.org/species/2972983	Albizia julibrissin Durazz.	ACCEPTED	2972983	Albizia julibrissin Durazz.	SPECIES	220	Magnoliopsida	Plantae
310017668	2971499	https://www.gbif.org/species/2971499	Indigofera linnaei Ali	ACCEPTED	2971499	Indigofera linnaei Ali	SPECIES	220	Magnoliopsida	Plantae
310017680	5358823	https://www.gbif.org/species/5358823	Trifolium leucanthum M.Bieb.	ACCEPTED	5358823	Trifolium leucanthum M.Bieb.	SPECIES	220	Magnoliopsida	Plantae
310017681	5359414	https://www.gbif.org/species/5359414	Trifolium cernuum Brot.	ACCEPTED	5359414	Trifolium cernuum Brot.	SPECIES	220	Magnoliopsida	Plantae
310017684	2952882	https://www.gbif.org/species/2952882	Bituminaria bituminosa (L.) C.H.Stirt.	ACCEPTED	2952882	Bituminaria bituminosa (L.) C.H.Stirt.	SPECIES	220	Magnoliopsida	Plantae
310017692	2965747	https://www.gbif.org/species/2965747	Glycyrrhiza acanthocarpa (Lindl.) J.M.Black	ACCEPTED	2965747	Glycyrrhiza acanthocarpa (Lindl.) J.M.Black	SPECIES	220	Magnoliopsida	Plantae
310017696	2942291	https://www.gbif.org/species/2942291	Crotalaria medicaginea Lam.	ACCEPTED	2942291	Crotalaria medicaginea Lam.	SPECIES	220	Magnoliopsida	Plantae
310017703	5356354	https://www.gbif.org/species/5356354	Ceratonia siliqua L.	ACCEPTED	5356354	Ceratonia siliqua L.	SPECIES	220	Magnoliopsida	Plantae
310017709	2956964	https://www.gbif.org/species/2956964	Senna barclayana (Sweet) Randell	ACCEPTED	2956964	Senna barclayana (Sweet) Randell	SPECIES	220	Magnoliopsida	Plantae
310017710	2956979	https://www.gbif.org/species/2956979	Senna planitiicola (Domin) Randell	ACCEPTED	2956979	Senna planitiicola (Domin) Randell	SPECIES	220	Magnoliopsida	Plantae
310017721	4090162	https://www.gbif.org/species/4090162	Armeria pseudarmeria (Murray) Mansf.	ACCEPTED	4090162	Armeria pseudarmeria (Murray) Mansf.	SPECIES	220	Magnoliopsida	Plantae
310017752	5554574	https://www.gbif.org/species/5554574	Tetragonia tetragonoides (Pall.) Kuntze	ACCEPTED	5554574	Tetragonia tetragonoides (Pall.) Kuntze	SPECIES	220	Magnoliopsida	Plantae
310017790	6391377	https://www.gbif.org/species/6391377	Rumex triangulivalvis (Danser) Rech.fil.	ACCEPTED	6391377	Rumex triangulivalvis (Danser) Rech.fil.	SPECIES	220	Magnoliopsida	Plantae
310017792	2889320	https://www.gbif.org/species/2889320	Persicaria virginiana (L.) Gaertn.	ACCEPTED	2889320	Persicaria virginiana (L.) Gaertn.	SPECIES	220	Magnoliopsida	Plantae
310017799	3084740	https://www.gbif.org/species/3084740	Claytonia rubra (Howell) Tidestr.	ACCEPTED	3084740	Claytonia rubra (Howell) Tidestr.	SPECIES	220	Magnoliopsida	Plantae
310017806	7912535	https://www.gbif.org/species/7912535	Falkia repens L.fil.	ACCEPTED	7912535	Falkia repens L.fil.	SPECIES	220	Magnoliopsida	Plantae
310017808	3680974	https://www.gbif.org/species/3680974	Ipomoea lonchophylla J.M.Black	ACCEPTED	3680974	Ipomoea lonchophylla J.M.Black	SPECIES	220	Magnoliopsida	Plantae
310017812	3678785	https://www.gbif.org/species/3678785	Convolvulus graminetinus R.W.Johnson	ACCEPTED	3678785	Convolvulus graminetinus R.W.Johnson	SPECIES	220	Magnoliopsida	Plantae
310017813	3679569	https://www.gbif.org/species/3679569	Convolvulus farinosus L.	ACCEPTED	3679569	Convolvulus farinosus L.	SPECIES	220	Magnoliopsida	Plantae
310017814	7324396	https://www.gbif.org/species/7324396	Convolvulus clementii Domin	ACCEPTED	7324396	Convolvulus clementii Domin	SPECIES	220	Magnoliopsida	Plantae
310017862	3145311	https://www.gbif.org/species/3145311	Smallanthus sonchifolius (Poepp. & Endl.) H.Rob.	ACCEPTED	3145311	Smallanthus sonchifolius (Poepp. & Endl.) H.Rob.	SPECIES	220	Magnoliopsida	Plantae
310017871	3128725	https://www.gbif.org/species/3128725	Centaurea varnensis Velen.	ACCEPTED	3128725	Centaurea varnensis Velen.	SPECIES	220	Magnoliopsida	Plantae
310017898	3121525	https://www.gbif.org/species/3121525	Artemisia gilvescens Miq.	ACCEPTED	3121525	Artemisia gilvescens Miq.	SPECIES	220	Magnoliopsida	Plantae
310018006	5414975	https://www.gbif.org/species/5414975	Scoparia montevidensis (Spreng.) R.E.Fr.	ACCEPTED	5414975	Scoparia montevidensis (Spreng.) R.E.Fr.	SPECIES	220	Magnoliopsida	Plantae
310018045	2925562	https://www.gbif.org/species/2925562	Vitex agnus-castus L.	ACCEPTED	2925562	Vitex agnus-castus L.	SPECIES	220	Magnoliopsida	Plantae
310018060	2927045	https://www.gbif.org/species/2927045	Salvia microphylla Kunth	ACCEPTED	2927045	Salvia microphylla Kunth	SPECIES	220	Magnoliopsida	Plantae
310018137	2891661	https://www.gbif.org/species/2891661	Oxalis pes-caprae L.	ACCEPTED	2891661	Oxalis pes-caprae L.	SPECIES	220	Magnoliopsida	Plantae
310018148	2882758	https://www.gbif.org/species/2882758	Gaultheria shallon Pursh	ACCEPTED	2882758	Gaultheria shallon Pursh	SPECIES	220	Magnoliopsida	Plantae
310018162	3032980	https://www.gbif.org/species/3032980	Diospyros lotus L.	ACCEPTED	3032980	Diospyros lotus L.	SPECIES	220	Magnoliopsida	Plantae
310018177	3189636	https://www.gbif.org/species/3189636	Camellia japonica L.	ACCEPTED	3189636	Camellia japonica L.	SPECIES	220	Magnoliopsida	Plantae
310018192	5362063	https://www.gbif.org/species/5362063	Crassula ovata (Mill.) Druce	ACCEPTED	5362063	Crassula ovata (Mill.) Druce	SPECIES	220	Magnoliopsida	Plantae
310018195	3702764	https://www.gbif.org/species/3702764	Corylopsis spicata Siebold & Zucc.	ACCEPTED	3702764	Corylopsis spicata Siebold & Zucc.	SPECIES	220	Magnoliopsida	Plantae
310018211	11742641	https://www.gbif.org/species/11742641	Myriophyllum rubricaule Valk. & Duist.	ACCEPTED	11742641	Myriophyllum rubricaule Valk. & Duist.	SPECIES	220	Magnoliopsida	Plantae
310018218	3940858	https://www.gbif.org/species/3940858	Abelmoschus ficulneus (L.) Wight & Arn. ex Wight	ACCEPTED	3940858	Abelmoschus ficulneus (L.) Wight & Arn. ex Wight	SPECIES	220	Magnoliopsida	Plantae
310018222	3937556	https://www.gbif.org/species/3937556	Abutilon malvifolium (Benth.) J.M.Black	ACCEPTED	3937556	Abutilon malvifolium (Benth.) J.M.Black	SPECIES	220	Magnoliopsida	Plantae
310018223	3937065	https://www.gbif.org/species/3937065	Abutilon nobile Domin	ACCEPTED	3937065	Abutilon nobile Domin	SPECIES	220	Magnoliopsida	Plantae
310018224	7279347	https://www.gbif.org/species/7279347	Abutilon guineense (Schum.) Baker fil. & Exell	ACCEPTED	7279347	Abutilon guineense (Schum.) Baker fil. & Exell	SPECIES	220	Magnoliopsida	Plantae
310018225	3937851	https://www.gbif.org/species/3937851	Abutilon lepidum (F.Muell.) A.S.Mitch.	ACCEPTED	3937851	Abutilon lepidum (F.Muell.) A.S.Mitch.	SPECIES	220	Magnoliopsida	Plantae
310018226	3935859	https://www.gbif.org/species/3935859	Abutilon sonneratianum (Cav.) Sweet	ACCEPTED	3935859	Abutilon sonneratianum (Cav.) Sweet	SPECIES	220	Magnoliopsida	Plantae
310018227	7279119	https://www.gbif.org/species/7279119	Abutilon oxycarpum (F.Muell.) Benth.	ACCEPTED	7279119	Abutilon oxycarpum (F.Muell.) Benth.	SPECIES	220	Magnoliopsida	Plantae
310018229	5619178	https://www.gbif.org/species/5619178	Pavonia columella Cav.	ACCEPTED	5619178	Pavonia columella Cav.	SPECIES	220	Magnoliopsida	Plantae
310018230	5617982	https://www.gbif.org/species/5617982	Pavonia urens Cav.	ACCEPTED	5617982	Pavonia urens Cav.	SPECIES	220	Magnoliopsida	Plantae
310018232	3935695	https://www.gbif.org/species/3935695	Fuertesimalva echinata (J.Presl) Fryxell	ACCEPTED	3935695	Fuertesimalva echinata (J.Presl) Fryxell	SPECIES	220	Magnoliopsida	Plantae
310018234	3937996	https://www.gbif.org/species/3937996	Sphaeralcea purpurata (Lindl.) Krapov.	ACCEPTED	3937996	Sphaeralcea purpurata (Lindl.) Krapov.	SPECIES	220	Magnoliopsida	Plantae
310018237	3152514	https://www.gbif.org/species/3152514	Herissantia crispa (L.) Brizicky	ACCEPTED	3152514	Herissantia crispa (L.) Brizicky	SPECIES	220	Magnoliopsida	Plantae
310018239	3152084	https://www.gbif.org/species/3152084	Corchorus olitorius L.	ACCEPTED	3152084	Corchorus olitorius L.	SPECIES	220	Magnoliopsida	Plantae
310018240	3152090	https://www.gbif.org/species/3152090	Corchorus tridens L.	ACCEPTED	3152090	Corchorus tridens L.	SPECIES	220	Magnoliopsida	Plantae
310018241	3152081	https://www.gbif.org/species/3152081	Corchorus trilocularis L.	ACCEPTED	3152081	Corchorus trilocularis L.	SPECIES	220	Magnoliopsida	Plantae
310018245	3152253	https://www.gbif.org/species/3152253	Urena lobata L.	ACCEPTED	3152253	Urena lobata L.	SPECIES	220	Magnoliopsida	Plantae
310018251	4261116	https://www.gbif.org/species/4261116	Triumfetta annua L.	ACCEPTED	4261116	Triumfetta annua L.	SPECIES	220	Magnoliopsida	Plantae
310018253	5618579	https://www.gbif.org/species/5618579	Sida hackettiana W.Fitzg.	ACCEPTED	5618579	Sida hackettiana W.Fitzg.	SPECIES	220	Magnoliopsida	Plantae
310018254	5617809	https://www.gbif.org/species/5617809	Sida platycalyx F.Muell. ex Benth.	ACCEPTED	5617809	Sida platycalyx F.Muell. ex Benth.	SPECIES	220	Magnoliopsida	Plantae
310018255	7278666	https://www.gbif.org/species/7278666	Sida atherophora Domin	ACCEPTED	7278666	Sida atherophora Domin	SPECIES	220	Magnoliopsida	Plantae
310018256	5619128	https://www.gbif.org/species/5619128	Sida cerradoensis Krapov.	ACCEPTED	5619128	Sida cerradoensis Krapov.	SPECIES	220	Magnoliopsida	Plantae
310018257	5619253	https://www.gbif.org/species/5619253	Sida brachypoda A.E.Holland & S.T.Reynolds	ACCEPTED	5619253	Sida brachypoda A.E.Holland & S.T.Reynolds	SPECIES	220	Magnoliopsida	Plantae
310018258	7278839	https://www.gbif.org/species/7278839	Sida rohlenae Domin	ACCEPTED	7278839	Sida rohlenae Domin	SPECIES	220	Magnoliopsida	Plantae
310018259	5406755	https://www.gbif.org/species/5406755	Sida cordifolia L.	ACCEPTED	5406755	Sida cordifolia L.	SPECIES	220	Magnoliopsida	Plantae
310018260	5617151	https://www.gbif.org/species/5617151	Sida variegata (Griseb.) Krapov.	ACCEPTED	5617151	Sida variegata (Griseb.) Krapov.	SPECIES	220	Magnoliopsida	Plantae
310018261	3933670	https://www.gbif.org/species/3933670	Sida acuta Burm.fil.	ACCEPTED	3933670	Sida acuta Burm.fil.	SPECIES	220	Magnoliopsida	Plantae
310018263	5618470	https://www.gbif.org/species/5618470	Lawrencia glomerata Hook.	ACCEPTED	5618470	Lawrencia glomerata Hook.	SPECIES	220	Magnoliopsida	Plantae
310018265	7579470	https://www.gbif.org/species/7579470	Hibiscus verdcourtii Craven	ACCEPTED	7579470	Hibiscus verdcourtii Craven	SPECIES	220	Magnoliopsida	Plantae
310018266	3152547	https://www.gbif.org/species/3152547	Hibiscus cannabinus L.	ACCEPTED	3152547	Hibiscus cannabinus L.	SPECIES	220	Magnoliopsida	Plantae
310018267	3940696	https://www.gbif.org/species/3940696	Hibiscus tridactylites Lindl.	ACCEPTED	3940696	Hibiscus tridactylites Lindl.	SPECIES	220	Magnoliopsida	Plantae
310018269	3152125	https://www.gbif.org/species/3152125	Melochia corchorifolia L.	ACCEPTED	3152125	Melochia corchorifolia L.	SPECIES	220	Magnoliopsida	Plantae
310018271	7931233	https://www.gbif.org/species/7931233	Waltheria rotundifolia Schrank	ACCEPTED	7931233	Waltheria rotundifolia Schrank	SPECIES	220	Magnoliopsida	Plantae
310018273	8248445	https://www.gbif.org/species/8248445	Malva weinmanniana (Besser ex Rchb.) Conran	ACCEPTED	8248445	Malva weinmanniana (Besser ex Rchb.) Conran	SPECIES	220	Magnoliopsida	Plantae
310018275	4261619	https://www.gbif.org/species/4261619	Tilia henryana Szyszyl.	ACCEPTED	4261619	Tilia henryana Szyszyl.	SPECIES	220	Magnoliopsida	Plantae
310018301	7141655	https://www.gbif.org/species/7141655	Celtis caucasica Willd.	ACCEPTED	7141655	Celtis caucasica Willd.	SPECIES	220	Magnoliopsida	Plantae
310018302	2984481	https://www.gbif.org/species/2984481	Celtis occidentalis L.	ACCEPTED	2984481	Celtis occidentalis L.	SPECIES	220	Magnoliopsida	Plantae
310018309	3025684	https://www.gbif.org/species/3025684	Cotoneaster gamblei G.Klotz	ACCEPTED	3025684	Cotoneaster gamblei G.Klotz	SPECIES	220	Magnoliopsida	Plantae
310018320	3021357	https://www.gbif.org/species/3021357	Prunus nipponica Matsum.	ACCEPTED	3021357	Prunus nipponica Matsum.	SPECIES	220	Magnoliopsida	Plantae
310018337	3013404	https://www.gbif.org/species/3013404	Crataegus crus-galli L.	ACCEPTED	3013404	Crataegus crus-galli L.	SPECIES	220	Magnoliopsida	Plantae
