taxonKey	taxonName	class	classKey	kingdom	year	obs	ncells	cobs	c_ncells	fit	ucl	lcl	em1	em2	em	em_status	growth	method
1047536	Leptinotarsa decemlineata	Insecta	216	Animalia	2017	2	2	1516	66									correct_baseline
1047536	Leptinotarsa decemlineata	Insecta	216	Animalia	2018	1	1	1485	67									correct_baseline
1047536	Leptinotarsa decemlineata	Insecta	216	Animalia	2019	3	2	658	44									correct_baseline
1047536	Leptinotarsa decemlineata	Insecta	216	Animalia	2020	5	4	438	52									correct_baseline
1047536	Leptinotarsa decemlineata	Insecta	216	Animalia	2021	4	4	807	52									correct_baseline
1047536	Leptinotarsa decemlineata	Insecta	216	Animalia	2022	1	1	1672	60									correct_baseline
1047536	Leptinotarsa decemlineata	Insecta	216	Animalia	2023	8	7	1990	54									correct_baseline
1047536	Leptinotarsa decemlineata	Insecta	216	Animalia	2024	9	8	2777	60									correct_baseline
1311477	Vespa velutina	Insecta	216	Animalia	2018	6	2	1480	66									correct_baseline
1311477	Vespa velutina	Insecta	216	Animalia	2019	12	6	649	40									correct_baseline
1311477	Vespa velutina	Insecta	216	Animalia	2020	31	12	412	44									correct_baseline
1311477	Vespa velutina	Insecta	216	Animalia	2021	31	17	780	39									correct_baseline
1311477	Vespa velutina	Insecta	216	Animalia	2022	229	48	1444	13									correct_baseline
1311477	Vespa velutina	Insecta	216	Animalia	2023	546	50	1452	11									correct_baseline
1311477	Vespa velutina	Insecta	216	Animalia	2024	581	53	2205	15									correct_baseline
1421091	Lepisma saccharinum	Insecta	216	Animalia	2020	2	2	441	54									correct_baseline
1421091	Lepisma saccharinum	Insecta	216	Animalia	2021	1	1	810	55									correct_baseline
1421091	Lepisma saccharinum	Insecta	216	Animalia	2022	3	1	1670	60									correct_baseline
1421091	Lepisma saccharinum	Insecta	216	Animalia	2023	4	4	1994	57									correct_baseline
1421091	Lepisma saccharinum	Insecta	216	Animalia	2024	1	1	2785	67									correct_baseline
1690429	Meconema meridionale	Insecta	216	Animalia	2001	1	1	38	14	0.847775094820178	4.7527233168650715	0.15122332260474108	-1	0	-3	0	0.6366062848468861	correct_baseline
1690429	Meconema meridionale	Insecta	216	Animalia	2002	0	0	0	0	0.6643416982350099	3.2546150475280053	0.1356074022791106	-1	0	-3	0	0.6566811288263741	correct_baseline
1690429	Meconema meridionale	Insecta	216	Animalia	2003	0	0	0	0	0.528880621661076	2.381301063173486	0.11746297698109578	-1	0	-3	0	0.6773389199671028	correct_baseline
1690429	Meconema meridionale	Insecta	216	Animalia	2004	2	2	255	51	0.42773922863430897	1.8538840911088066	0.09869055384322592	-1	0	-3	0	0.6985796356955571	correct_baseline
1690429	Meconema meridionale	Insecta	216	Animalia	2005	9	6	675	57	0.35144372760975884	1.5233642229133197	0.08107889880729484	-1	0	-3	0	0.7203950157912415	correct_baseline
1690429	Meconema meridionale	Insecta	216	Animalia	2006	14	8	1113	58	0.29335115592018535	1.3077003991895222	0.06580628157110255	-1	0	-3	0	0.7427634619163692	correct_baseline
1690429	Meconema meridionale	Insecta	216	Animalia	2007	0	0	0	0	0.24875688607318003	1.1606089902824266	0.05331682667197587	-1	0	-3	0	0.7656411033411304	correct_baseline
1690429	Meconema meridionale	Insecta	216	Animalia	2008	0	0	0	0	0.21429780963186404	1.0554353578335187	0.043511476920084835	-1	0	-3	0	0.7889454894512166	correct_baseline
1690429	Meconema meridionale	Insecta	216	Animalia	2009	0	0	0	0	0.187549400683169	0.9765330928190192	0.03602005703163079	-1	0	-3	0	0.8125246141447304	correct_baseline
1690429	Meconema meridionale	Insecta	216	Animalia	2010	0	0	0	0	0.16675120344048705	0.9145625671723483	0.030403566521229265	-1	0	-3	0	0.8360964241876863	correct_baseline
1690429	Meconema meridionale	Insecta	216	Animalia	2011	0	0	0	0	0.15061826591649974	0.8638935985378465	0.026260018671384534	-1	0	-3	0	0.8591327342673177	correct_baseline
1690429	Meconema meridionale	Insecta	216	Animalia	2012	2	2	761	66	0.13821071212639086	0.8211523512776564	0.02326267581985533	-1	0	-3	0	0.8806718660438831	correct_baseline
1690429	Meconema meridionale	Insecta	216	Animalia	2013	0	0	0	0	0.12884310661834786	0.7843977809967799	0.021163428205994754	-1	0	-3	0	0.899214402762124	correct_baseline
1690429	Meconema meridionale	Insecta	216	Animalia	2014	3	3	969	65	0.12202143268089022	0.7526522181788541	0.019782350564944286	0	0	0	1	0.913300843390571	correct_baseline
1690429	Meconema meridionale	Insecta	216	Animalia	2015	0	0	0	0	0.11739957571009162	0.7256403543395941	0.01899378982230549	0	0	0	1	0.9227827780699084	correct_baseline
1690429	Meconema meridionale	Insecta	216	Animalia	2016	0	0	0	0	0.1147499316414808	0.703662359377057	0.01871287647584499	0	0	0	1	0.9288429645906683	correct_baseline
1690429	Meconema meridionale	Insecta	216	Animalia	2017	1	1	1517	67	0.11394463117720728	0.6875686666695722	0.018883028857318875	0	0	0	1	0.9327862887864989	correct_baseline
1690429	Meconema meridionale	Insecta	216	Animalia	2018	1	1	1485	67	0.11494520029633194	0.6788324233989357	0.01946341779758981	0	0	0	1	0.9354781171071863	correct_baseline
1690429	Meconema meridionale	Insecta	216	Animalia	2019	1	1	660	45	0.11779948033651959	0.6797411177732678	0.020414709666250818	0	0	0	1	0.9374124381728755	correct_baseline
1690429	Meconema meridionale	Insecta	216	Animalia	2020	3	3	440	53	0.12264546063372296	0.6937602044929854	0.021681712091069033	0	0	0	1	0.9388673294855532	correct_baseline
1690429	Meconema meridionale	Insecta	216	Animalia	2021	0	0	0	0	0.1297224558669822	0.7261696794918958	0.023173530968596357	0	0	0	1	0.9400044920932533	correct_baseline
1690429	Meconema meridionale	Insecta	216	Animalia	2022	0	0	0	0	0.13939090239799598	0.7851588992917825	0.024746358589138377	0	0	0	1	0.94092219874048455	correct_baseline
1690429	Meconema meridionale	Insecta	216	Animalia	2023	0	0	0	0	0.15216307781704524	0.8837255338424695	0.026199992377818365	0	0	0	1	0.9416828405072398	correct_baseline
1690429	Meconema meridionale	Insecta	216	Animalia	2024	3	3	2783	65	0.1687484244040136	1.0430461173638321	0.027300835758639966	0	0	0	1	0.9423276178518506	correct_baseline
1749449	Cameraria ohridella	Insecta	216	Animalia	2015	1	1	1118	66									correct_baseline
1749449	Cameraria ohridella	Insecta	216	Animalia	2016	0	0	0	0									correct_baseline
1749449	Cameraria ohridella	Insecta	216	Animalia	2017	0	0	0	0									correct_baseline
1749449	Cameraria ohridella	Insecta	216	Animalia	2018	0	0	0	0									correct_baseline
1749449	Cameraria ohridella	Insecta	216	Animalia	2019	1	1	660	45									correct_baseline
1749449	Cameraria ohridella	Insecta	216	Animalia	2020	0	0	0	0									correct_baseline
1749449	Cameraria ohridella	Insecta	216	Animalia	2021	0	0	0	0									correct_baseline
1749449	Cameraria ohridella	Insecta	216	Animalia	2022	1	1	1672	60									correct_baseline
1749449	Cameraria ohridella	Insecta	216	Animalia	2023	1	1	1997	60									correct_baseline
1749449	Cameraria ohridella	Insecta	216	Animalia	2024	3	2	2783	66									correct_baseline
2008616	Empicoris rubromaculatus	Insecta	216	Animalia	2020	2	1	441	55									correct_baseline
2008616	Empicoris rubromaculatus	Insecta	216	Animalia	2021	0	0	0	0									correct_baseline
2008616	Empicoris rubromaculatus	Insecta	216	Animalia	2022	0	0	0	0									correct_baseline
2008616	Empicoris rubromaculatus	Insecta	216	Animalia	2023	0	0	0	0									correct_baseline
2008616	Empicoris rubromaculatus	Insecta	216	Animalia	2024	1	1	2785	67									correct_baseline
2020655	Corythucha ciliata	Insecta	216	Animalia	2021	1	1	810	55									correct_baseline
2020655	Corythucha ciliata	Insecta	216	Animalia	2022	11	5	1662	56									correct_baseline
2020655	Corythucha ciliata	Insecta	216	Animalia	2023	1	1	1997	60									correct_baseline
2020655	Corythucha ciliata	Insecta	216	Animalia	2024	2	1	2784	67									correct_baseline
2037925	Orientus ishidae	Insecta	216	Animalia	2013	1	1	769	67									correct_baseline
2037925	Orientus ishidae	Insecta	216	Animalia	2014	0	0	0	0									correct_baseline
2037925	Orientus ishidae	Insecta	216	Animalia	2015	0	0	0	0									correct_baseline
2037925	Orientus ishidae	Insecta	216	Animalia	2016	0	0	0	0									correct_baseline
2037925	Orientus ishidae	Insecta	216	Animalia	2017	1	1	1517	67									correct_baseline
2037925	Orientus ishidae	Insecta	216	Animalia	2018	0	0	0	0									correct_baseline
2037925	Orientus ishidae	Insecta	216	Animalia	2019	1	1	660	45									correct_baseline
2037925	Orientus ishidae	Insecta	216	Animalia	2020	9	2	434	54									correct_baseline
2037925	Orientus ishidae	Insecta	216	Animalia	2021	4	3	807	53									correct_baseline
2037925	Orientus ishidae	Insecta	216	Animalia	2022	4	2	1669	59									correct_baseline
2037925	Orientus ishidae	Insecta	216	Animalia	2023	3	3	1995	58									correct_baseline
2037925	Orientus ishidae	Insecta	216	Animalia	2024	2	2	2784	66									correct_baseline
2041682	Graphocephala fennahi	Insecta	216	Animalia	2014	1	1	971	67									correct_baseline
2041682	Graphocephala fennahi	Insecta	216	Animalia	2015	2	1	1117	66									correct_baseline
2041682	Graphocephala fennahi	Insecta	216	Animalia	2016	0	0	0	0									correct_baseline
2041682	Graphocephala fennahi	Insecta	216	Animalia	2017	0	0	0	0									correct_baseline
2041682	Graphocephala fennahi	Insecta	216	Animalia	2018	0	0	0	0									correct_baseline
2041682	Graphocephala fennahi	Insecta	216	Animalia	2019	1	1	660	45									correct_baseline
2041682	Graphocephala fennahi	Insecta	216	Animalia	2020	4	4	439	52									correct_baseline
2041682	Graphocephala fennahi	Insecta	216	Animalia	2021	8	6	803	50									correct_baseline
2041682	Graphocephala fennahi	Insecta	216	Animalia	2022	9	4	1664	57									correct_baseline
2041682	Graphocephala fennahi	Insecta	216	Animalia	2023	4	2	1994	59									correct_baseline
2041682	Graphocephala fennahi	Insecta	216	Animalia	2024	6	5	2780	63									correct_baseline
2078852	Nezara viridula	Insecta	216	Animalia	2017	1	1	1517	67									correct_baseline
2078852	Nezara viridula	Insecta	216	Animalia	2018	7	6	1479	62									correct_baseline
2078852	Nezara viridula	Insecta	216	Animalia	2019	1	1	660	45									correct_baseline
2078852	Nezara viridula	Insecta	216	Animalia	2020	15	5	428	51									correct_baseline
2078852	Nezara viridula	Insecta	216	Animalia	2021	11	6	800	50									correct_baseline
2078852	Nezara viridula	Insecta	216	Animalia	2022	64	18	1609	43									correct_baseline
2078852	Nezara viridula	Insecta	216	Animalia	2023	63	25	1935	36									correct_baseline
2078852	Nezara viridula	Insecta	216	Animalia	2024	41	18	2745	50									correct_baseline
2153287	Zoropsis spinimana	Arachnida	367	Animalia	2018	1	1	2	2									correct_baseline
2153287	Zoropsis spinimana	Arachnida	367	Animalia	2019	1	1	29	6									correct_baseline
2153287	Zoropsis spinimana	Arachnida	367	Animalia	2020	2	2	753	10									correct_baseline
2153287	Zoropsis spinimana	Arachnida	367	Animalia	2021	6	4	43	21									correct_baseline
2153287	Zoropsis spinimana	Arachnida	367	Animalia	2022	7	3	36	15									correct_baseline
2153287	Zoropsis spinimana	Arachnida	367	Animalia	2023	6	5	71	25									correct_baseline
2153287	Zoropsis spinimana	Arachnida	367	Animalia	2024	29	13	122	28									correct_baseline
2426661	Pelophylax ridibundus	Amphibia	131	Animalia	2006	11	2	0	0									correct_baseline
2426661	Pelophylax ridibundus	Amphibia	131	Animalia	2007	1	1	0	0									correct_baseline
2426661	Pelophylax ridibundus	Amphibia	131	Animalia	2008	0	0	0	0									correct_baseline
2426661	Pelophylax ridibundus	Amphibia	131	Animalia	2009	0	0	0	0									correct_baseline
2426661	Pelophylax ridibundus	Amphibia	131	Animalia	2010	0	0	0	0									correct_baseline
2426661	Pelophylax ridibundus	Amphibia	131	Animalia	2011	1	1	0	0									correct_baseline
2426661	Pelophylax ridibundus	Amphibia	131	Animalia	2012	0	0	0	0									correct_baseline
2426661	Pelophylax ridibundus	Amphibia	131	Animalia	2013	1	1	0	0									correct_baseline
2426661	Pelophylax ridibundus	Amphibia	131	Animalia	2014	4	2	0	0									correct_baseline
2426661	Pelophylax ridibundus	Amphibia	131	Animalia	2015	0	0	0	0									correct_baseline
2426661	Pelophylax ridibundus	Amphibia	131	Animalia	2016	1	1	4	4									correct_baseline
2426661	Pelophylax ridibundus	Amphibia	131	Animalia	2017	16	9	2	2									correct_baseline
2426661	Pelophylax ridibundus	Amphibia	131	Animalia	2018	1	1	0	0									correct_baseline
2426661	Pelophylax ridibundus	Amphibia	131	Animalia	2019	13	6	151	11									correct_baseline
2426661	Pelophylax ridibundus	Amphibia	131	Animalia	2020	2	2	308	18									correct_baseline
2426661	Pelophylax ridibundus	Amphibia	131	Animalia	2021	0	0	0	0									correct_baseline
2426661	Pelophylax ridibundus	Amphibia	131	Animalia	2022	1	1	108	11									correct_baseline
2426661	Pelophylax ridibundus	Amphibia	131	Animalia	2023	0	0	0	0									correct_baseline
2426661	Pelophylax ridibundus	Amphibia	131	Animalia	2024	1	1	51	15									correct_baseline
2435035	Felis catus	Mammalia	359	Animalia	2008	2	1	20	18									correct_baseline
2435035	Felis catus	Mammalia	359	Animalia	2009	0	0	0	0									correct_baseline
2435035	Felis catus	Mammalia	359	Animalia	2010	0	0	0	0									correct_baseline
2435035	Felis catus	Mammalia	359	Animalia	2011	0	0	0	0									correct_baseline
2435035	Felis catus	Mammalia	359	Animalia	2012	0	0	0	0									correct_baseline
2435035	Felis catus	Mammalia	359	Animalia	2013	0	0	0	0									correct_baseline
2435035	Felis catus	Mammalia	359	Animalia	2014	0	0	0	0									correct_baseline
2435035	Felis catus	Mammalia	359	Animalia	2015	2	2	202	42									correct_baseline
2435035	Felis catus	Mammalia	359	Animalia	2016	5	2	171	39									correct_baseline
2435035	Felis catus	Mammalia	359	Animalia	2017	10	9	329	32									correct_baseline
2435035	Felis catus	Mammalia	359	Animalia	2018	6	3	175	30									correct_baseline
2435035	Felis catus	Mammalia	359	Animalia	2019	5	3	190	32									correct_baseline
2435035	Felis catus	Mammalia	359	Animalia	2020	6	5	149	25									correct_baseline
2435035	Felis catus	Mammalia	359	Animalia	2021	0	0	0	0									correct_baseline
2435035	Felis catus	Mammalia	359	Animalia	2022	1	1	186	40									correct_baseline
2435035	Felis catus	Mammalia	359	Animalia	2023	5	3	273	35									correct_baseline
2435035	Felis catus	Mammalia	359	Animalia	2024	2	2	325	40									correct_baseline
2436940	Oryctolagus cuniculus	Mammalia	359	Animalia	1999	2	2	6	5	11.349867271151656	53.272575301722625	2.4181201367337315	-1	0	-3	0	0.4959804369441268	correct_baseline
2436940	Oryctolagus cuniculus	Mammalia	359	Animalia	2000	7	7	8	3	7.600574956761234	27.669756681978335	2.087793555155169	-1	0	-3	0	0.5428574846682459	correct_baseline
2436940	Oryctolagus cuniculus	Mammalia	359	Animalia	2001	0	0	0	0	5.359320237882003	16.28498472105238	1.7637298348239103	-1	0	-3	0	0.5925055850530301	correct_baseline
2436940	Oryctolagus cuniculus	Mammalia	359	Animalia	2002	0	0	0	0	3.977908514610843	10.696067266615358	1.479399461146123	-1	0	-3	0	0.6435270438853296	correct_baseline
2436940	Oryctolagus cuniculus	Mammalia	359	Animalia	2003	0	0	0	0	3.1055773075452304	7.678547889269395	1.2560461368767413	-1	0	-3	0	0.6935698172400421	correct_baseline
2436940	Oryctolagus cuniculus	Mammalia	359	Animalia	2004	0	0	0	0	2.546356246523354	5.907307329664078	1.0976117835699633	-1	1	-2	0	0.7399059992810793	correct_baseline
2436940	Oryctolagus cuniculus	Mammalia	359	Animalia	2005	0	0	0	0	2.187519708591652	4.806439724637405	0.9955898231591578	-1	1	-2	0	0.7807921989516238	correct_baseline
2436940	Oryctolagus cuniculus	Mammalia	359	Animalia	2006	0	0	0	0	1.9624753641839907	4.113341365248439	0.9362970911111032	0	1	1	2	0.8164508024646825	correct_baseline
2436940	Oryctolagus cuniculus	Mammalia	359	Animalia	2007	0	0	0	0	1.8308605944442764	3.7023240450358994	0.9053909046084988	0	1	1	2	0.8483762955802109	correct_baseline
2436940	Oryctolagus cuniculus	Mammalia	359	Animalia	2008	0	0	0	0	1.7674864668668506	3.5086973868800855	0.890361312502733	0	1	1	2	0.8779079516307834	correct_baseline
2436940	Oryctolagus cuniculus	Mammalia	359	Animalia	2009	10	8	36	19	1.75594907353106	3.4929390169496064	0.8827400460965654	0	0	0	1	0.9054750706584366	correct_baseline
2436940	Oryctolagus cuniculus	Mammalia	359	Animalia	2010	4	3	93	28	1.7847693082831302	3.6228005600184185	0.879264930822813	0	0	0	1	0.9305430448996375	correct_baseline
2436940	Oryctolagus cuniculus	Mammalia	359	Animalia	2011	2	2	70	19	1.844959558993713	3.865953148314236	0.8804751748754506	0	0	0	1	0.9518711734638493	correct_baseline
2436940	Oryctolagus cuniculus	Mammalia	359	Animalia	2012	16	7	135	26	1.9284655244033224	4.188858619275321	0.8878264025668096	0	0	0	1	0.9679661214448511	correct_baseline
2436940	Oryctolagus cuniculus	Mammalia	359	Animalia	2013	31	8	53	15	2.0272286770858243	4.5581960285166785	0.9015970536345055	0	0	0	1	0.9777640476890015	correct_baseline
2436940	Oryctolagus cuniculus	Mammalia	359	Animalia	2014	32	11	107	19	2.132764132515061	4.942624556582427	0.9202970593598765	0	0	0	1	0.9813513097165615	correct_baseline
2436940	Oryctolagus cuniculus	Mammalia	359	Animalia	2015	45	13	159	31	2.236196824157411	5.313426451328705	0.9411208157630973	0	0	0	1	0.9801092793881757	correct_baseline
2436940	Oryctolagus cuniculus	Mammalia	359	Animalia	2016	48	12	128	29	2.328676404503138	5.643355889130889	0.9609058693841823	0	0	0	1	0.9758949361879153	correct_baseline
2436940	Oryctolagus cuniculus	Mammalia	359	Animalia	2017	115	12	224	29	2.402033522649221	5.905015160832007	0.9770957206344709	0	0	0	1	0.9697105871761947	correct_baseline
2436940	Oryctolagus cuniculus	Mammalia	359	Animalia	2018	50	7	131	26	2.44949016525834	6.072113437692797	0.9881241731177426	0	0	0	1	0.9604833124092668	correct_baseline
2436940	Oryctolagus cuniculus	Mammalia	359	Animalia	2019	28	7	167	28	2.4662323708477056	6.126661644526611	0.9927595907717305	0	0	0	1	0.9449707066346539	correct_baseline
2436940	Oryctolagus cuniculus	Mammalia	359	Animalia	2020	21	5	134	25	2.449708941252167	6.071630636923067	0.9883792766241112	0	0	0	1	0.9208903396444146	correct_baseline
2436940	Oryctolagus cuniculus	Mammalia	359	Animalia	2021	30	7	209	26	2.3996167172973504	5.94383163654711	0.9687623644195181	0	0	0	1	0.8898749235303776	correct_baseline
2436940	Oryctolagus cuniculus	Mammalia	359	Animalia	2022	26	9	161	32	2.317631108624189	5.819267352469956	0.923039556411293	0	0	0	1	0.855209088151065	correct_baseline
2436940	Oryctolagus cuniculus	Mammalia	359	Animalia	2023	37	10	241	28	2.206999474141128	5.805253628625434	0.8390411496995234	0	0	0	1	0.8194184048468718	correct_baseline
2436940	Oryctolagus cuniculus	Mammalia	359	Animalia	2024	51	11	276	31	2.0721147942651896	6.021729236526241	0.7130276955277975	0	0	0	1	0.7839360821990302	correct_baseline
2437450	Tamias sibiricus	Mammalia	359	Animalia	1983	3	3	1	1	9.624875053786933	48.06648495681318	1.927293412119561	-1	1	-2	0	0.4968900414600935	correct_baseline
2437450	Tamias sibiricus	Mammalia	359	Animalia	1984	0	0	0	0	6.003703489001292	24.206264352722123	1.4890548602883815	-1	1	-2	0	0.52315297147344	correct_baseline
2437450	Tamias sibiricus	Mammalia	359	Animalia	1985	0	0	0	0	3.87395124267856	13.187052964447727	1.138047922542736	-1	1	-2	0	0.5505397325304888	correct_baseline
2437450	Tamias sibiricus	Mammalia	359	Animalia	1986	0	0	0	0	2.5857926946990433	7.775161866749898	0.8599594419445697	-1	1	-2	0	0.5789671803479729	correct_baseline
2437450	Tamias sibiricus	Mammalia	359	Animalia	1987	0	0	0	0	1.7853345461260417	4.9491336972319715	0.6440358326496188	-1	1	-2	0	0.6082757711569381	correct_baseline
2437450	Tamias sibiricus	Mammalia	359	Animalia	1988	0	0	0	0	1.274947771599156	3.3799555755253565	0.48092106064234236	-1	1	-2	0	0.6382178733648133	correct_baseline
2437450	Tamias sibiricus	Mammalia	359	Animalia	1989	0	0	0	0	0.9415456091480732	2.454341524605891	0.36119998998442904	-1	1	-2	0	0.6684600633695468	correct_baseline
2437450	Tamias sibiricus	Mammalia	359	Animalia	1990	0	0	0	0	0.7188765729754741	1.8767014453814437	0.2753680018975659	-1	1	-2	0	0.6986078450033207	correct_baseline
2437450	Tamias sibiricus	Mammalia	359	Animalia	1991	0	0	0	0	0.5672412847827879	1.4985300594466944	0.21471886608723284	-1	1	-2	0	0.728260109755613	correct_baseline
2437450	Tamias sibiricus	Mammalia	359	Animalia	1992	0	0	0	0	0.462336622501245	1.241925940391029	0.17211586098165918	-1	1	-2	0	0.757088777257123	correct_baseline
2437450	Tamias sibiricus	Mammalia	359	Animalia	1993	3	3	6	5	0.38898659053989937	1.0641111898266606	0.14219432054323491	-1	1	-2	0	0.7849154284958427	correct_baseline
2437450	Tamias sibiricus	Mammalia	359	Animalia	1994	0	0	0	0	0.3375456352888451	0.9405065251321467	0.12114435451316109	-1	1	-2	0	0.8117412200634841	correct_baseline
2437450	Tamias sibiricus	Mammalia	359	Animalia	1995	0	0	0	0	0.3017939250810447	0.8564211027237155	0.10634905296723617	-1	1	-2	0	0.837707135482779	correct_baseline
2437450	Tamias sibiricus	Mammalia	359	Animalia	1996	0	0	0	0	0.27768240345390743	0.8028324821590859	0.09604434162973903	0	1	1	2	0.8630075645121629	correct_baseline
2437450	Tamias sibiricus	Mammalia	359	Animalia	1997	0	0	0	0	0.26257129454964345	0.774159648112084	0.08905615901010364	0	1	1	2	0.8878030885669658	correct_baseline
2437450	Tamias sibiricus	Mammalia	359	Animalia	1998	0	0	0	0	0.2547604610532661	0.7670372059788008	0.08461505127805558	0	1	1	2	0.9121619820009772	correct_baseline
2437450	Tamias sibiricus	Mammalia	359	Animalia	1999	0	0	0	0	0.25319526699645756	0.7796089344247339	0.08223077032424214	0	1	1	2	0.9360335186293015	correct_baseline
2437450	Tamias sibiricus	Mammalia	359	Animalia	2000	6	4	9	6	0.2572793450226198	0.8110988565088275	0.08160862371348666	0	1	1	2	0.9592435099916926	correct_baseline
2437450	Tamias sibiricus	Mammalia	359	Animalia	2001	0	0	0	0	0.26675278525644847	0.86153402700805	0.08259342778275201	0	1	1	2	0.9815029403408866	correct_baseline
2437450	Tamias sibiricus	Mammalia	359	Animalia	2002	0	0	0	0	0.28160982983030897	0.9315515184202342	0.08513119745813194	0	0	0	1	1.0024257295447283	correct_baseline
2437450	Tamias sibiricus	Mammalia	359	Animalia	2003	0	0	0	0	0.30203916447894413	1.022252728106242	0.08924178373007724	1	0	3	3	1.0215569900211916	correct_baseline
2437450	Tamias sibiricus	Mammalia	359	Animalia	2004	1	1	15	14	0.3283751703800542	1.135084527852629	0.09499755293654175	1	0	3	3	1.0384173135123012	correct_baseline
2437450	Tamias sibiricus	Mammalia	359	Animalia	2005	0	0	0	0	0.36105170442365353	1.2717344616692607	0.10250436486255061	1	0	3	3	1.0525693722066929	correct_baseline
2437450	Tamias sibiricus	Mammalia	359	Animalia	2006	0	0	0	0	0.40055216441557884	1.434028212720018	0.11188206410087548	1	0	3	3	1.0637047465191902	correct_baseline
2437450	Tamias sibiricus	Mammalia	359	Animalia	2007	6	3	8	6	0.4473514739640391	1.623813045997508	0.12324284605982005	1	0	3	3	1.0717277073161666	correct_baseline
2437450	Tamias sibiricus	Mammalia	359	Animalia	2008	4	4	18	15	0.5018476742551992	1.8428029282504126	0.13666740175763886	1	0	3	3	1.0767932272996377	correct_baseline
2437450	Tamias sibiricus	Mammalia	359	Animalia	2009	28	11	18	16	0.5642833227804465	2.0923536988350966	0.15218061293624366	1	0	3	3	1.0792699880545553	correct_baseline
2437450	Tamias sibiricus	Mammalia	359	Animalia	2010	80	20	17	11	0.634659927486061	2.373136628286461	0.16973031335640024	1	0	3	3	1.0796457237139858	correct_baseline
2437450	Tamias sibiricus	Mammalia	359	Animalia	2011	60	13	12	8	0.7126519635592772	2.6846938101192106	0.18917346151378867	1	0	3	3	1.0784225715558253	correct_baseline
2437450	Tamias sibiricus	Mammalia	359	Animalia	2012	120	18	31	15	0.7975301056774899	3.0248950169768496	0.210273171760399	1	0	3	3	1.0760358066701452	correct_baseline
2437450	Tamias sibiricus	Mammalia	359	Animalia	2013	39	6	45	17	0.888105401057385	3.3893721499171567	0.23270717067955393	1	0	3	3	1.0727970952995485	correct_baseline
2437450	Tamias sibiricus	Mammalia	359	Animalia	2014	88	15	51	15	0.9827063824570972	3.7710721469411266	0.2560841576327951	1	0	3	3	1.0688412236302247	correct_baseline
2437450	Tamias sibiricus	Mammalia	359	Animalia	2015	126	16	78	28	1.079198951302966	4.160117606850076	0.2799609257622112	1	0	3	3	1.0640428885749775	correct_baseline
2437450	Tamias sibiricus	Mammalia	359	Animalia	2016	83	9	93	32	1.175054120507537	4.544165002296893	0.30385168351585523	1	0	3	3	1.0578723227789397	correct_baseline
2437450	Tamias sibiricus	Mammalia	359	Animalia	2017	155	17	184	24	1.267461966467001	4.909378576235837	0.3272226436593359	1	0	3	3	1.0492867910003658	correct_baseline
2437450	Tamias sibiricus	Mammalia	359	Animalia	2018	100	14	81	19	1.35348267387917	5.241993456052279	0.3494692169781369	1	0	3	3	1.0371917204279486	correct_baseline
2437450	Tamias sibiricus	Mammalia	359	Animalia	2019	100	13	95	22	1.430219078131228	5.5302594326456695	0.369878960718478	1	0	3	3	1.021577310071602	correct_baseline
2437450	Tamias sibiricus	Mammalia	359	Animalia	2020	98	13	57	17	1.494991292788096	5.7664023783471805	0.3875898383200997	0	0	0	1	1.0035309568750117	correct_baseline
2437450	Tamias sibiricus	Mammalia	359	Animalia	2021	171	17	68	16	1.5454939548956972	5.948182051368495	0.40155992940222973	0	0	0	1	0.9841926316612647	correct_baseline
2437450	Tamias sibiricus	Mammalia	359	Animalia	2022	122	18	65	23	1.5799204638350195	6.079699189976718	0.4105710815692877	0	0	0	1	0.9643236359873842	correct_baseline
2437450	Tamias sibiricus	Mammalia	359	Animalia	2023	206	23	72	15	1.597045412508697	6.17129151451012	0.41329339954499594	0	0	0	1	0.9443663213709271	correct_baseline
2437450	Tamias sibiricus	Mammalia	359	Animalia	2024	229	20	98	22	1.5962644937261006	6.238588673470911	0.408435379746394	0	0	0	1	0.9245574092825092	correct_baseline
2439261	Rattus norvegicus	Mammalia	359	Animalia	2008	2	2	20	17	0.9417842629453334	3.212162707497121	0.2761247417079291	0	0	0	1	0.9800177432254591	correct_baseline
2439261	Rattus norvegicus	Mammalia	359	Animalia	2009	1	1	45	26	1.1917092457463943	3.025658653385785	0.46937579188195416	1	0	3	3	1.0148808640691798	correct_baseline
2439261	Rattus norvegicus	Mammalia	359	Animalia	2010	2	1	95	30	1.4928048595766283	3.0599660309315464	0.7282650611965075	1	0	3	3	1.047314310535467	correct_baseline
2439261	Rattus norvegicus	Mammalia	359	Animalia	2011	0	0	0	0	1.8504661346197964	3.294246114812586	1.0394563114084567	1	0	3	3	1.0738490634300637	correct_baseline
2439261	Rattus norvegicus	Mammalia	359	Animalia	2012	4	4	147	29	2.2676562044209403	3.712209111380483	1.3852303324411859	1	0	3	3	1.09082833658084	correct_baseline
2439261	Rattus norvegicus	Mammalia	359	Animalia	2013	2	2	82	21	2.7423805343157137	4.287361356617867	1.7541444187775415	1	0	3	3	1.0964066794775036	correct_baseline
2439261	Rattus norvegicus	Mammalia	359	Animalia	2014	5	2	134	28	3.26455131757268	4.981050042019711	2.139568005774183	1	0	3	3	1.0913407922046825	correct_baseline
2439261	Rattus norvegicus	Mammalia	359	Animalia	2015	6	3	198	41	3.8129773838850247	5.743111969665868	2.531518905918971	1	0	3	3	1.0775337565309804	correct_baseline
2439261	Rattus norvegicus	Mammalia	359	Animalia	2016	10	6	166	35	4.3537169254521455	6.509620307946896	2.9118212999041644	1	0	3	3	1.0564720759209847	correct_baseline
2439261	Rattus norvegicus	Mammalia	359	Animalia	2017	34	7	305	34	4.841277595693447	7.204201951668104	3.253374754872933	1	0	3	3	1.0294289387176272	correct_baseline
2439261	Rattus norvegicus	Mammalia	359	Animalia	2018	3	3	178	30	5.223750310102224	7.744822753426035	3.523330122722567	0	0	0	1	0.997721234062728	correct_baseline
2439261	Rattus norvegicus	Mammalia	359	Animalia	2019	11	10	184	25	5.451708257796525	8.055404201798336	3.6895880310378093	0	0	0	1	0.9612987222684487	correct_baseline
2439261	Rattus norvegicus	Mammalia	359	Animalia	2020	3	3	152	27	5.488911043977745	8.095599320769189	3.721545898573237	0	0	0	1	0.9177940095464464	correct_baseline
2439261	Rattus norvegicus	Mammalia	359	Animalia	2021	22	8	217	25	5.321447120753585	7.92136134132578	3.574865258480575	0	0	0	1	0.8656449788500381	correct_baseline
2439261	Rattus norvegicus	Mammalia	359	Animalia	2022	9	6	178	35	4.961954377162723	7.729416506037657	3.1853622096586696	0	0	0	1	0.8074312289785395	correct_baseline
2439261	Rattus norvegicus	Mammalia	359	Animalia	2023	5	3	273	35	4.4472820790166745	7.7705717241929495	2.54528477341827	0	0	0	1	0.7476933723515702	correct_baseline
2439261	Rattus norvegicus	Mammalia	359	Animalia	2024	4	4	323	38	3.8305504053028345	8.19082822149978	1.791408147109083	0	0	0	1	0.6898598156765072	correct_baseline
2443002	Trachemys scripta	Testudines	11418114	Animalia	2006	1	1	0	0									correct_baseline
2443002	Trachemys scripta	Testudines	11418114	Animalia	2007	0	0	0	0									correct_baseline
2443002	Trachemys scripta	Testudines	11418114	Animalia	2008	0	0	0	0									correct_baseline
2443002	Trachemys scripta	Testudines	11418114	Animalia	2009	3	3	0	0									correct_baseline
2443002	Trachemys scripta	Testudines	11418114	Animalia	2010	4	3	0	0									correct_baseline
2443002	Trachemys scripta	Testudines	11418114	Animalia	2011	1	1	0	0									correct_baseline
2443002	Trachemys scripta	Testudines	11418114	Animalia	2012	2	2	0	0									correct_baseline
2443002	Trachemys scripta	Testudines	11418114	Animalia	2013	6	4	0	0									correct_baseline
2443002	Trachemys scripta	Testudines	11418114	Animalia	2014	13	8	0	0									correct_baseline
2443002	Trachemys scripta	Testudines	11418114	Animalia	2015	6	6	0	0									correct_baseline
2443002	Trachemys scripta	Testudines	11418114	Animalia	2016	5	4	1	0									correct_baseline
2443002	Trachemys scripta	Testudines	11418114	Animalia	2017	31	9	2	2									correct_baseline
2443002	Trachemys scripta	Testudines	11418114	Animalia	2018	23	9	0	0									correct_baseline
2443002	Trachemys scripta	Testudines	11418114	Animalia	2019	37	12	0	1									correct_baseline
2443002	Trachemys scripta	Testudines	11418114	Animalia	2020	19	9	1	1									correct_baseline
2443002	Trachemys scripta	Testudines	11418114	Animalia	2021	21	14	0	1									correct_baseline
2443002	Trachemys scripta	Testudines	11418114	Animalia	2022	1	1	0	0									correct_baseline
2443002	Trachemys scripta	Testudines	11418114	Animalia	2023	0	0	0	0									correct_baseline
2443002	Trachemys scripta	Testudines	11418114	Animalia	2024	6	5	1	0									correct_baseline
2479226	Psittacula krameri	Aves	212	Animalia	1982	1	1	77	43	0.5914619453332683	2.1529858266563386	0.16248468914479938	0	0	0	1	0.8054719454191218	correct_baseline
2479226	Psittacula krameri	Aves	212	Animalia	1983	0	0	0	0	0.5787226169688519	1.7216146299017272	0.1945382326417581	0	0	0	1	0.8252155975303427	correct_baseline
2479226	Psittacula krameri	Aves	212	Animalia	1984	0	0	0	0	0.568671981284245	1.454396572734209	0.2223518869339689	0	0	0	1	0.8452994221877421	correct_baseline
2479226	Psittacula krameri	Aves	212	Animalia	1985	2	2	83	42	0.561203165594355	1.2986971538627103	0.2425114986479899	0	0	0	1	0.8656629971890546	correct_baseline
2479226	Psittacula krameri	Aves	212	Animalia	1986	1	1	37	24	0.5562867126582423	1.21943390749902	0.25376931441474004	0	0	0	1	0.8862054814871482	correct_baseline
2479226	Psittacula krameri	Aves	212	Animalia	1987	0	0	0	0	0.5539926503281561	1.1904265237398515	0.2578133555470782	0	0	0	1	0.9067593476599208	correct_baseline
2479226	Psittacula krameri	Aves	212	Animalia	1988	1	1	69	28	0.5545117012614864	1.191382984147677	0.25808932218037633	0	0	0	1	0.9270457590373072	correct_baseline
2479226	Psittacula krameri	Aves	212	Animalia	1989	0	0	0	0	0.5581754113319085	1.2075077429881125	0.2580188753444809	0	0	0	1	0.9466013131143035	correct_baseline
2479226	Psittacula krameri	Aves	212	Animalia	1990	0	0	0	0	0.565476830813849	1.2292266786790342	0.26013432000264025	0	0	0	1	0.9646849318544524	correct_baseline
2479226	Psittacula krameri	Aves	212	Animalia	1991	1	1	36	10	0.5770948270634407	1.2514559112459864	0.26612079293452673	0	0	0	1	0.9802942672812972	correct_baseline
2479226	Psittacula krameri	Aves	212	Animalia	1992	1	1	18	4	0.5939262844737029	1.2727087885522703	0.27716350712875615	0	0	0	1	0.992673115910198	correct_baseline
2479226	Psittacula krameri	Aves	212	Animalia	1993	0	0	0	0	0.6171314598737123	1.29426844334383	0.2942598505932081	0	0	0	1	1.002274306768841	correct_baseline
2479226	Psittacula krameri	Aves	212	Animalia	1994	0	0	0	0	0.6481987361054264	1.319513347654655	0.31842163797394	1	0	3	3	1.0107523030343348	correct_baseline
2479226	Psittacula krameri	Aves	212	Animalia	1995	0	0	0	0	0.6890361128058203	1.3534486310140428	0.3507859506975474	1	0	3	3	1.019805774233016	correct_baseline
2479226	Psittacula krameri	Aves	212	Animalia	1996	0	0	0	0	0.7420981451859769	1.4024876245596178	0.39266632193021356	1	0	3	3	1.0305159277783913	correct_baseline
2479226	Psittacula krameri	Aves	212	Animalia	1997	0	0	0	0	0.810558764711721	1.4745004653465876	0.44557836805874385	1	0	3	3	1.0433834706768288	correct_baseline
2479226	Psittacula krameri	Aves	212	Animalia	1998	6	5	38	23	0.898542389385459	1.5790967423716078	0.5112912995501133	1	1	4	3	1.058508966006104	correct_baseline
2479226	Psittacula krameri	Aves	212	Animalia	1999	1	1	116	45	1.0114275457088706	1.7280534908250835	0.5919872768118021	1	1	4	3	1.075714700648099	correct_baseline
2479226	Psittacula krameri	Aves	212	Animalia	2000	5	4	181	42	1.156237973171928	1.9357762373483054	0.6906202405067445	1	1	4	3	1.0946077803018628	correct_baseline
2479226	Psittacula krameri	Aves	212	Animalia	2001	0	0	0	0	1.3421342049094105	2.2197356074674106	0.8115039547628926	1	0	3	3	1.1146106816820753	correct_baseline
2479226	Psittacula krameri	Aves	212	Animalia	2002	6	5	153	41	1.5810111833068592	2.6009346751007234	0.9610377321931611	1	0	3	3	1.134977194269372	correct_baseline
2479226	Psittacula krameri	Aves	212	Animalia	2003	1	1	54	29	1.8881904857528986	3.1045047487744903	1.1484161239873	1	0	3	3	1.1548054234076375	correct_baseline
2479226	Psittacula krameri	Aves	212	Animalia	2004	1	1	151	39	2.283163725018876	3.760415985359688	1.3862393457364945	1	0	3	3	1.1730608909144606	correct_baseline
2479226	Psittacula krameri	Aves	212	Animalia	2005	2	2	213	39	2.7902904652440976	4.604125621218379	1.6910313751108743	1	0	3	3	1.1886347916604956	correct_baseline
2479226	Psittacula krameri	Aves	212	Animalia	2006	2	2	60	27	3.4392747455500237	5.6769010329400755	2.083638715338344	1	0	3	3	1.2004792793717909	correct_baseline
2479226	Psittacula krameri	Aves	212	Animalia	2007	3	3	54	29	4.265139862765718	7.025528389583616	2.5893309428404887	1	0	3	3	1.2078353676917177	correct_baseline
2479226	Psittacula krameri	Aves	212	Animalia	2008	26	15	1187	50	5.307304768121625	8.701053530391693	3.237249811570637	1	0	3	3	1.2104388748193167	correct_baseline
2479226	Psittacula krameri	Aves	212	Animalia	2009	64	26	3054	42	6.607271505990547	10.756046614008506	4.058743729970235	1	0	3	3	1.208505884871027	correct_baseline
2479226	Psittacula krameri	Aves	212	Animalia	2010	81	28	5017	40	8.204422710804108	13.239660336567267	5.0841600393360835	1	0	3	3	1.2025038579472858	correct_baseline
2479226	Psittacula krameri	Aves	212	Animalia	2011	99	25	5980	43	10.129585383281686	16.18959760922295	6.337927755458207	1	0	3	3	1.192921779700979	correct_baseline
2479226	Psittacula krameri	Aves	212	Animalia	2012	140	32	9423	36	12.396425269639735	19.62033203855586	7.832250706246124	1	0	3	3	1.180152936181119	correct_baseline
2479226	Psittacula krameri	Aves	212	Animalia	2013	189	31	10542	37	14.991428182831834	23.508016176703958	9.560267326331049	1	0	3	3	1.1644556547734282	correct_baseline
2479226	Psittacula krameri	Aves	212	Animalia	2014	472	38	21997	30	17.864117084422823	27.774831924734215	11.48977895062532	1	-1	2	2	1.1459418189203878	correct_baseline
2479226	Psittacula krameri	Aves	212	Animalia	2015	632	37	25775	31	20.919996981055952	32.278710511429	13.55835678542461	1	-1	2	2	1.1245894422622442	correct_baseline
2479226	Psittacula krameri	Aves	212	Animalia	2016	583	36	24686	32	24.019117313738775	36.81673322532471	15.669994211607774	1	-1	2	2	1.1003203793107588	correct_baseline
2479226	Psittacula krameri	Aves	212	Animalia	2017	840	33	28670	35	26.98268247950756	41.14951974909912	17.69316284197615	1	-1	2	2	1.073174681740034	correct_baseline
2479226	Psittacula krameri	Aves	212	Animalia	2018	916	36	32884	32	29.60862811923116	45.04738367168074	19.46108270110367	1	-1	2	2	1.0434933912962219	correct_baseline
2479226	Psittacula krameri	Aves	212	Animalia	2019	482	39	2162	17	31.694748712483698	48.34715296151141	20.777999001248386	1	-1	2	2	1.0119321744081766	correct_baseline
2479226	Psittacula krameri	Aves	212	Animalia	2020	488	39	1989	18	33.06552373486581	50.99548322751042	21.439719572480854	0	-1	-1	0	0.979288227875805	correct_baseline
2479226	Psittacula krameri	Aves	212	Animalia	2021	466	40	3397	21	33.597201303794805	53.050278312373436	21.27739893844132	0	-1	-1	0	0.9463045394134247	correct_baseline
2479226	Psittacula krameri	Aves	212	Animalia	2022	667	44	3828	17	33.23570821507614	54.63024004799407	20.21979584177643	0	-1	-1	0	0.9135606648947359	correct_baseline
2479226	Psittacula krameri	Aves	212	Animalia	2023	714	43	4582	18	32.00368246064051	55.84136080345395	18.34188272464443	0	-1	-1	0	0.8814450608296194	correct_baseline
2479226	Psittacula krameri	Aves	212	Animalia	2024	908	45	5718	21	29.995743894879766	56.72947622531722	15.860267213355284	0	-1	-1	0	0.8501742941478861	correct_baseline
2479407	Myiopsitta monachus	Aves	212	Animalia	1990	1	1	47	14	1.1818236612237683	14.761858724618378	0.09461594181897034	0	0	0	1	0.6719176216908548	correct_baseline
2479407	Myiopsitta monachus	Aves	212	Animalia	1991	0	0	0	0	0.9721655784769555	9.486409146722535	0.09962736135010145	0	0	0	1	0.683771201513877	correct_baseline
2479407	Myiopsitta monachus	Aves	212	Animalia	1992	0	0	0	0	0.8077310215246178	6.289978622358778	0.10372521789088973	0	0	0	1	0.6958209087457605	correct_baseline
2479407	Myiopsitta monachus	Aves	212	Animalia	1993	0	0	0	0	0.6778478904172945	4.313938723559014	0.10651003456166526	0	0	0	1	0.7080680508119925	correct_baseline
2479407	Myiopsitta monachus	Aves	212	Animalia	1994	0	0	0	0	0.5745617339763891	3.069657696980625	0.10754332200449211	0	0	0	1	0.7205135556981291	correct_baseline
2479407	Myiopsitta monachus	Aves	212	Animalia	1995	0	0	0	0	0.4919037252982403	2.2738449430728735	0.10641414917029893	0	0	0	1	0.7331578724720202	correct_baseline
2479407	Myiopsitta monachus	Aves	212	Animalia	1996	0	0	0	0	0.4253657207566353	1.7591269040813087	0.1028555677109062	0	0	0	1	0.7460008442118202	correct_baseline
2479407	Myiopsitta monachus	Aves	212	Animalia	1997	0	0	0	0	0.37152139455011485	1.424604445545766	0.09688875184969925	0	0	0	1	0.7590415443685677	correct_baseline
2479407	Myiopsitta monachus	Aves	212	Animalia	1998	0	0	0	0	0.3277510802031838	1.2080785874140376	0.08891869427492644	0	0	0	1	0.7722780641904282	correct_baseline
2479407	Myiopsitta monachus	Aves	212	Animalia	1999	0	0	0	0	0.29204071199163223	1.070296285860131	0.07968613792959113	0	0	0	1	0.7857072342879271	correct_baseline
2479407	Myiopsitta monachus	Aves	212	Animalia	2000	0	0	0	0	0.26283405099020507	0.985982439746333	0.07006386277801722	0	0	0	1	0.7993242565525895	correct_baseline
2479407	Myiopsitta monachus	Aves	212	Animalia	2001	0	0	0	0	0.23892347475480025	0.9386725231030292	0.06081399570555241	0	0	0	1	0.813122213226849	correct_baseline
2479407	Myiopsitta monachus	Aves	212	Animalia	2002	0	0	0	0	0.2193688602694101	0.9176154309032748	0.05244320794445374	0	0	0	1	0.8270914063379055	correct_baseline
2479407	Myiopsitta monachus	Aves	212	Animalia	2003	0	0	0	0	0.20343707295942967	0.915812437172425	0.045191177772254044	0	0	0	1	0.8412184615529038	correct_baseline
2479407	Myiopsitta monachus	Aves	212	Animalia	2004	0	0	0	0	0.1905566816073412	0.9287317873002598	0.0390983160065587	0	0	0	1	0.8554851041442996	correct_baseline
2479407	Myiopsitta monachus	Aves	212	Animalia	2005	0	0	0	0	0.18028401725412374	0.953464178541913	0.03408867119369858	0	0	0	1	0.8698664798235107	correct_baseline
2479407	Myiopsitta monachus	Aves	212	Animalia	2006	0	0	0	0	0.17227776744771015	0.9881763847074865	0.030034748468061066	0	0	0	1	0.8843288513636779	correct_baseline
2479407	Myiopsitta monachus	Aves	212	Animalia	2007	1	1	56	31	0.16628007275875778	1.0317643959660354	0.026797845229743662	0	0	0	1	0.8988264633038061	correct_baseline
2479407	Myiopsitta monachus	Aves	212	Animalia	2008	0	0	0	0	0.16210265910864438	1.0836374646887021	0.024249135846961575	0	0	0	1	0.9132973646456792	correct_baseline
2479407	Myiopsitta monachus	Aves	212	Animalia	2009	3	3	3115	65	0.15961695970410972	1.1435873814232973	0.02227864196391732	0	0	0	1	0.927658098319854	correct_baseline
2479407	Myiopsitta monachus	Aves	212	Animalia	2010	3	3	5095	65	0.15874749893150922	1.211714008053321	0.020797620766550198	0	0	0	1	0.9417975950594741	correct_baseline
2479407	Myiopsitta monachus	Aves	212	Animalia	2011	5	2	6074	66	0.15946806000820687	1.288389550020499	0.019737867450396858	0	0	0	1	0.9555716828125961	correct_baseline
2479407	Myiopsitta monachus	Aves	212	Animalia	2012	8	4	9555	64	0.16180036304934928	1.3742516924243284	0.019049900121802295	0	0	0	1	0.9688016957737741	correct_baseline
2479407	Myiopsitta monachus	Aves	212	Animalia	2013	12	3	10719	65	0.16581515991834114	1.470220919861999	0.018701044779940827	0	0	0	1	0.9812833785706331	correct_baseline
2479407	Myiopsitta monachus	Aves	212	Animalia	2014	15	4	22454	64	0.17163582338404695	1.5775411568109134	0.018673906377360362	0	0	0	1	0.9928128930748832	correct_baseline
2479407	Myiopsitta monachus	Aves	212	Animalia	2015	16	4	26391	64	0.17944468634368455	1.6978461039554982	0.018965438258488544	0	0	0	1	1.0032297136156285	correct_baseline
2479407	Myiopsitta monachus	Aves	212	Animalia	2016	16	4	25253	64	0.189492588617379	1.8332569468791828	0.01958669307215321	1	0	3	3	1.0124603002122505	correct_baseline
2479407	Myiopsitta monachus	Aves	212	Animalia	2017	14	6	29496	62	0.202112333158735	1.9865210855300877	0.020563282973644927	1	0	3	3	1.0205362770092987	correct_baseline
2479407	Myiopsitta monachus	Aves	212	Animalia	2018	21	4	33779	64	0.21773706439793333	2.1612068853889594	0.021936552920104796	1	0	3	3	1.0275750473120868	correct_baseline
2479407	Myiopsitta monachus	Aves	212	Animalia	2019	9	3	2635	53	0.23692499051389942	2.361977154188159	0.02376545049577548	1	0	3	3	1.0337381143414524	correct_baseline
2479407	Myiopsitta monachus	Aves	212	Animalia	2020	10	4	2467	53	0.260392422060597	2.5949755544851505	0.026129037458326496	1	0	3	3	1.0391921098916315	correct_baseline
2479407	Myiopsitta monachus	Aves	212	Animalia	2021	41	5	3822	56	0.28905785213293045	2.8683777555246572	0.029129511173614592	1	0	3	3	1.044085593219542	correct_baseline
2479407	Myiopsitta monachus	Aves	212	Animalia	2022	30	4	4465	57	0.32410084403845685	3.1931864908556893	0.03289546583240488	1	0	3	3	1.0485407062704597	correct_baseline
2479407	Myiopsitta monachus	Aves	212	Animalia	2023	38	8	5258	53	0.3670409442410038	3.584392870140571	0.03758490199877122	1	0	3	3	1.05265356878095	correct_baseline
2479407	Myiopsitta monachus	Aves	212	Animalia	2024	70	7	6556	59	0.41984387871708834	4.06269537805891	0.04338717676155863	1	0	3	3	1.0564982258701274	correct_baseline
2495414	Columba livia	Aves	212	Animalia	1987	1	1	98	37	0.14309664856756915	1.3162367128845183	0.015556966790871558	0	0	0	1	0.9010843919952315	correct_baseline
2495414	Columba livia	Aves	212	Animalia	1988	0	0	0	0	0.14590993743344463	1.1679259599442522	0.01822864682522164	0	0	0	1	0.9093460812609562	correct_baseline
2495414	Columba livia	Aves	212	Animalia	1989	0	0	0	0	0.14940087330586876	1.053410276516338	0.021188915128463777	0	0	0	1	0.9176772632359899	correct_baseline
2495414	Columba livia	Aves	212	Animalia	1990	0	0	0	0	0.1536152234741992	0.9661391268857882	0.02442467779882985	0	0	0	1	0.9260775826688932	correct_baseline
2495414	Columba livia	Aves	212	Animalia	1991	0	0	0	0	0.1586091486056397	0.9013036050238662	0.027911640296545522	0	0	0	1	0.934546485161444	correct_baseline
2495414	Columba livia	Aves	212	Animalia	1992	0	0	0	0	0.16445045022125954	0.8554046741302409	0.031615387892838825	0	0	0	1	0.9430831658436067	correct_baseline
2495414	Columba livia	Aves	212	Animalia	1993	0	0	0	0	0.17122010368939314	0.8259404498717878	0.03549447652304396	0	0	0	1	0.9516865021031714	correct_baseline
2495414	Columba livia	Aves	212	Animalia	1994	0	0	0	0	0.17901412523176427	0.8111776738885961	0.03950559546205517	0	0	0	1	0.9603549642591189	correct_baseline
2495414	Columba livia	Aves	212	Animalia	1995	0	0	0	0	0.18794583310343324	0.8099836377260297	0.043610308326859706	0	0	0	1	0.9690864955535557	correct_baseline
2495414	Columba livia	Aves	212	Animalia	1996	0	0	0	0	0.19814857726230037	0.8217026472051401	0.047782319802204265	0	0	0	1	0.9778783486327268	correct_baseline
2495414	Columba livia	Aves	212	Animalia	1997	1	1	98	27	0.20977902913049243	0.8460664571329988	0.05201392951099373	0	0	0	1	0.9867268594550153	correct_baseline
2495414	Columba livia	Aves	212	Animalia	1998	1	1	43	27	0.22302114427253905	0.8831314658666163	0.056320528386817705	0	0	0	1	0.9956271297183922	correct_baseline
2495414	Columba livia	Aves	212	Animalia	1999	0	0	0	0	0.23809093698381986	0.9332373562335572	0.060742633045270424	0	0	0	1	1.0045725730765154	correct_baseline
2495414	Columba livia	Aves	212	Animalia	2000	0	0	0	0	0.2552422381710756	0.9969829212580681	0.06534575343012966	1	0	3	3	1.0135542550087462	correct_baseline
2495414	Columba livia	Aves	212	Animalia	2001	1	1	142	42	0.2747736481265291	1.0752156053784752	0.0702189935926251	1	0	3	3	1.0225599140829165	correct_baseline
2495414	Columba livia	Aves	212	Animalia	2002	2	2	157	44	0.29703694589393304	1.1690321872837326	0.07547349695392179	1	0	3	3	1.0315724828546142	correct_baseline
2495414	Columba livia	Aves	212	Animalia	2003	0	0	0	0	0.3224472795021437	1.279789114787091	0.08124170369712094	1	0	3	3	1.0405678112400758	correct_baseline
2495414	Columba livia	Aves	212	Animalia	2004	0	0	0	0	0.3514955397220648	1.4091221934058236	0.08767807009404176	1	0	3	3	1.0495111088176325	correct_baseline
2495414	Columba livia	Aves	212	Animalia	2005	1	1	214	40	0.3847634184369004	1.5589765355814664	0.09496158844496805	1	0	3	3	1.0583513441205545	correct_baseline
2495414	Columba livia	Aves	212	Animalia	2006	0	0	0	0	0.4229417766561741	1.7316488859336534	0.1033002405361376	1	0	3	3	1.0670125181132086	correct_baseline
2495414	Columba livia	Aves	212	Animalia	2007	0	0	0	0	0.46685310366245575	1.9298457339020654	0.11293743151095213	1	0	3	3	1.0753807401016162	correct_baseline
2495414	Columba livia	Aves	212	Animalia	2008	0	0	0	0	0.5174790467949224	2.1567621640877985	0.12416045140751106	1	0	3	3	1.083287838093745	correct_baseline
2495414	Columba livia	Aves	212	Animalia	2009	4	4	3114	64	0.575994242627065	2.4161883848071164	0.13731105141704888	1	0	3	3	1.090499686517449	correct_baseline
2495414	Columba livia	Aves	212	Animalia	2010	5	4	5093	64	0.6438079999212288	2.7126535827544576	0.15279825754296888	1	0	3	3	1.0967344564100245	correct_baseline
2495414	Columba livia	Aves	212	Animalia	2011	6	5	6073	63	0.7226157923975575	3.0516205291356653	0.17111353736050838	1	0	3	3	1.1017455956130582	correct_baseline
2495414	Columba livia	Aves	212	Animalia	2012	4	3	9559	65	0.8144630406361384	3.4397497014683696	0.19284834715708862	1	0	3	3	1.1054481561347722	correct_baseline
2495414	Columba livia	Aves	212	Animalia	2013	19	12	10712	56	0.9218243307549577	3.8852592909089507	0.2187138703355434	1	0	3	3	1.10796860406343	correct_baseline
2495414	Columba livia	Aves	212	Animalia	2014	19	11	22450	57	1.047702076608937	4.398418365855648	0.24956235401612176	1	0	3	3	1.1095580425396612	correct_baseline
2495414	Columba livia	Aves	212	Animalia	2015	18	12	26389	56	1.1957497395285182	4.992226167726171	0.28640878669040015	1	0	3	3	1.1104727989974397	correct_baseline
2495414	Columba livia	Aves	212	Animalia	2016	38	13	25231	55	1.3704261505668403	5.683353245575271	0.33045066055318706	1	0	3	3	1.1109152552227053	correct_baseline
2495414	Columba livia	Aves	212	Animalia	2017	166	13	29344	55	1.5771893344531263	6.493453171710292	0.38308217999476435	1	0	3	3	1.1110281429401638	correct_baseline
2495414	Columba livia	Aves	212	Animalia	2018	371	17	33429	51	1.822740643686392	7.4510017826554495	0.44589755190774144	1	0	3	3	1.1109080623051173	correct_baseline
2495414	Columba livia	Aves	212	Animalia	2019	77	15	2567	41	2.1153331501354606	8.593891524410356	0.520676148093343	1	0	3	3	1.1106200325953193	correct_baseline
2495414	Columba livia	Aves	212	Animalia	2020	47	14	2430	43	2.4651623424130467	9.973112545427105	0.6093409000220129	1	0	3	3	1.110208309851055	correct_baseline
2495414	Columba livia	Aves	212	Animalia	2021	64	20	3799	41	2.884862549843287	11.658006624424658	0.7138812148255265	1	0	3	3	1.1097035724649278	correct_baseline
2495414	Columba livia	Aves	212	Animalia	2022	64	19	4431	42	3.3901395720461256	13.743811528855396	0.8362342785204246	1	0	3	3	1.1091275284619058	correct_baseline
2495414	Columba livia	Aves	212	Animalia	2023	65	23	5231	38	4.00057929200294	16.362564837447255	0.9781250574466568	1	0	3	3	1.108495857886596	correct_baseline
2495414	Columba livia	Aves	212	Animalia	2024	70	27	6556	39	4.740684335970483	19.698977394113854	1.140875870035328	1	0	3	3	1.1078201107647498	correct_baseline
2498034	Anser cygnoides	Aves	212	Animalia	2004	1	1	151	39									correct_baseline
2498034	Anser cygnoides	Aves	212	Animalia	2005	1	1	214	40									correct_baseline
2498034	Anser cygnoides	Aves	212	Animalia	2006	0	0	0	0									correct_baseline
2498034	Anser cygnoides	Aves	212	Animalia	2007	0	0	0	0									correct_baseline
2498034	Anser cygnoides	Aves	212	Animalia	2008	0	0	0	0									correct_baseline
2498034	Anser cygnoides	Aves	212	Animalia	2009	0	0	0	0									correct_baseline
2498034	Anser cygnoides	Aves	212	Animalia	2010	0	0	0	0									correct_baseline
2498034	Anser cygnoides	Aves	212	Animalia	2011	1	1	6078	67									correct_baseline
2498034	Anser cygnoides	Aves	212	Animalia	2012	2	2	9561	66									correct_baseline
2498034	Anser cygnoides	Aves	212	Animalia	2013	0	0	0	0									correct_baseline
2498034	Anser cygnoides	Aves	212	Animalia	2014	0	0	0	0									correct_baseline
2498034	Anser cygnoides	Aves	212	Animalia	2015	0	0	0	0									correct_baseline
2498034	Anser cygnoides	Aves	212	Animalia	2016	0	0	0	0									correct_baseline
2498034	Anser cygnoides	Aves	212	Animalia	2017	0	0	0	0									correct_baseline
2498034	Anser cygnoides	Aves	212	Animalia	2018	1	1	33799	67									correct_baseline
2498034	Anser cygnoides	Aves	212	Animalia	2019	0	0	0	0									correct_baseline
2498034	Anser cygnoides	Aves	212	Animalia	2020	0	0	0	0									correct_baseline
2498034	Anser cygnoides	Aves	212	Animalia	2021	0	0	0	0									correct_baseline
2498034	Anser cygnoides	Aves	212	Animalia	2022	4	1	4491	60									correct_baseline
2498034	Anser cygnoides	Aves	212	Animalia	2023	0	0	0	0									correct_baseline
2498034	Anser cygnoides	Aves	212	Animalia	2024	1	1	6625	65									correct_baseline
2498252	Alopochen aegyptiaca	Aves	212	Animalia	1983	16	9	161	49	8.549009088704942	18.036735938702204	4.052038941366152	-1	0	-3	0	0.6749370567921253	correct_baseline
2498252	Alopochen aegyptiaca	Aves	212	Animalia	1984	25	6	105	43	6.741465736030252	12.094656038038423	3.7576397482603237	-1	0	-3	0	0.7022144498365588	correct_baseline
2498252	Alopochen aegyptiaca	Aves	212	Animalia	1985	1	1	84	43	5.442565434347058	8.695456005786006	3.4065514778568313	-1	0	-3	0	0.7304802130984376	correct_baseline
2498252	Alopochen aegyptiaca	Aves	212	Animalia	1986	8	5	30	20	4.498468680155957	6.747072021715512	2.999259590117554	-1	0	-3	0	0.7596782618096707	correct_baseline
2498252	Alopochen aegyptiaca	Aves	212	Animalia	1987	6	4	93	34	3.8066154973283215	5.629634820430399	2.573936322106293	-1	0	-3	0	0.78967528731722	correct_baseline
2498252	Alopochen aegyptiaca	Aves	212	Animalia	1988	23	9	47	20	3.297820495992552	4.963239514664774	2.1912341710801204	-1	0	-3	0	0.8202246721333364	correct_baseline
2498252	Alopochen aegyptiaca	Aves	212	Animalia	1989	2	2	80	42	2.9249882705823076	4.531519953684257	1.8880103079074302	-1	0	-3	0	0.8509088883394433	correct_baseline
2498252	Alopochen aegyptiaca	Aves	212	Animalia	1990	3	3	45	12	2.6559183107986915	4.227655331309141	1.6685139919983623	-1	0	-3	0	0.8810385132295231	correct_baseline
2498252	Alopochen aegyptiaca	Aves	212	Animalia	1991	8	3	29	8	2.4686754542102305	4.003284268148727	1.5223396816230474	-1	1	-2	0	0.9095197428067359	correct_baseline
2498252	Alopochen aegyptiaca	Aves	212	Animalia	1992	4	1	15	4	2.3485969430859486	3.8376753114972253	1.4373043974167514	0	1	1	2	0.934975975964262	correct_baseline
2498252	Alopochen aegyptiaca	Aves	212	Animalia	1993	4	3	10	7	2.2863638683214553	3.723261324707091	1.404000225199636	0	1	1	2	0.9567601782054337	correct_baseline
2498252	Alopochen aegyptiaca	Aves	212	Animalia	1994	22	6	12	7	2.276781525731645	3.6593841201015445	1.4165591656360672	0	1	1	2	0.9758540307162515	correct_baseline
2498252	Alopochen aegyptiaca	Aves	212	Animalia	1995	14	5	74	7	2.3180464413791224	3.6497411438470575	1.4722521660061005	0	1	1	2	0.9938088204452774	correct_baseline
2498252	Alopochen aegyptiaca	Aves	212	Animalia	1996	11	5	47	19	2.411360222389717	3.701577190453265	1.5708596154957855	1	1	4	3	1.0116363935921049	correct_baseline
2498252	Alopochen aegyptiaca	Aves	212	Animalia	1997	1	1	98	27	2.560800817219912	3.825769555828495	1.7140867294224829	1	1	4	3	1.0297548891426833	correct_baseline
2498252	Alopochen aegyptiaca	Aves	212	Animalia	1998	3	3	41	25	2.7733908173606387	4.037338939042821	1.9051401782095287	1	1	4	3	1.0482014493892802	correct_baseline
2498252	Alopochen aegyptiaca	Aves	212	Animalia	1999	2	2	115	44	3.059315556985866	4.355979639703022	2.1486353131471105	1	1	4	3	1.066770257857208	correct_baseline
2498252	Alopochen aegyptiaca	Aves	212	Animalia	2000	2	2	184	44	3.432243119230233	4.806192135274483	2.4510657289464564	1	1	4	3	1.0850807382476721	correct_baseline
2498252	Alopochen aegyptiaca	Aves	212	Animalia	2001	0	0	0	0	3.9096840194228712	5.416779603412905	2.821903464948009	1	0	3	3	1.1026138881527117	correct_baseline
2498252	Alopochen aegyptiaca	Aves	212	Animalia	2002	2	1	157	45	4.513299468622897	6.219915826167737	3.2749433694542724	1	0	3	3	1.1187407734068986	correct_baseline
2498252	Alopochen aegyptiaca	Aves	212	Animalia	2003	1	1	54	29	5.26902345582303	7.250304747175185	3.829164310483631	1	0	3	3	1.1327612359688133	correct_baseline
2498252	Alopochen aegyptiaca	Aves	212	Animalia	2004	4	4	148	36	6.206807885020098	8.544703805167735	4.508578061915793	1	0	3	3	1.1439720085715162	correct_baseline
2498252	Alopochen aegyptiaca	Aves	212	Animalia	2005	9	6	206	35	7.35973979226346	10.14157557051933	5.340962006661111	1	0	3	3	1.1517782755470622	correct_baseline
2498252	Alopochen aegyptiaca	Aves	212	Animalia	2006	5	5	57	24	8.762232343216986	12.080399503234933	6.3554781955644986	1	0	3	3	1.1558293543509914	correct_baseline
2498252	Alopochen aegyptiaca	Aves	212	Animalia	2007	2	2	55	30	10.446985293949405	14.40012517416612	7.579066182549012	1	0	3	3	1.1561052968223766	correct_baseline
2498252	Alopochen aegyptiaca	Aves	212	Animalia	2008	28	15	1185	50	12.440484607187035	17.135969325701925	9.031625484385488	1	0	3	3	1.152883970731434	correct_baseline
2498252	Alopochen aegyptiaca	Aves	212	Animalia	2009	131	33	2987	35	14.757006314502485	20.313186372147218	10.720584716579195	1	0	3	3	1.1466107357469815	correct_baseline
2498252	Alopochen aegyptiaca	Aves	212	Animalia	2010	170	35	4928	33	17.39143357773939	23.936077088449323	12.636237791650425	1	0	3	3	1.1377573430525165	correct_baseline
2498252	Alopochen aegyptiaca	Aves	212	Animalia	2011	198	28	5881	40	20.311675589542084	27.971311257642242	14.74954682870222	1	0	3	3	1.126720774246512	correct_baseline
2498252	Alopochen aegyptiaca	Aves	212	Animalia	2012	484	33	9079	35	23.452013612618124	32.32745512334201	17.01330774067956	1	0	3	3	1.1137537377484779	correct_baseline
2498252	Alopochen aegyptiaca	Aves	212	Animalia	2013	442	23	10289	45	26.709135962291672	36.83698924375445	19.36580482003242	1	0	3	3	1.09889855326441	correct_baseline
2498252	Alopochen aegyptiaca	Aves	212	Animalia	2014	504	32	21965	36	29.94274652340793	41.250952070471875	21.73448185713115	1	-1	2	2	1.0819173657272478	correct_baseline
2498252	Alopochen aegyptiaca	Aves	212	Animalia	2015	503	31	25904	37	32.98223829651887	45.25705952316667	24.036648746291327	1	-1	2	2	1.06229457227741	correct_baseline
2498252	Alopochen aegyptiaca	Aves	212	Animalia	2016	572	32	24697	36	35.639926961424514	48.528442947785656	26.174431254313156	1	-1	2	2	1.0395072834167254	correct_baseline
2498252	Alopochen aegyptiaca	Aves	212	Animalia	2017	505	33	29005	35	37.7298635104949	50.802606127525166	28.02105460785191	1	-1	2	2	1.0135430575108206	correct_baseline
2498252	Alopochen aegyptiaca	Aves	212	Animalia	2018	422	30	33378	38	39.089653944701425	51.980133572201694	29.39586608399303	0	-1	-1	0	0.9850668349481653	correct_baseline
2498252	Alopochen aegyptiaca	Aves	212	Animalia	2019	277	30	2367	26	39.601525985486965	52.216668916156266	30.034103916076507	0	-1	-1	0	0.9550339837507348	correct_baseline
2498252	Alopochen aegyptiaca	Aves	212	Animalia	2020	375	38	2102	19	39.2085761750629	51.94226520358378	29.596561483222384	0	-1	-1	0	0.9243122687998704	correct_baseline
2498252	Alopochen aegyptiaca	Aves	212	Animalia	2021	429	32	3434	29	37.922923167605134	51.69596986782963	27.819346561307885	0	-1	-1	0	0.8935574593771056	correct_baseline
2498252	Alopochen aegyptiaca	Aves	212	Animalia	2022	502	41	3993	20	35.8242097615097	51.813075993019766	24.769307369621185	0	-1	-1	0	0.8632183431111066	correct_baseline
2498252	Alopochen aegyptiaca	Aves	212	Animalia	2023	517	39	4779	22	33.049013776219944	52.305618858194286	20.88183517227736	0	-1	-1	0	0.8335716209912788	correct_baseline
2498252	Alopochen aegyptiaca	Aves	212	Animalia	2024	514	36	6112	30	29.773583687342196	53.02281058978911	16.718583487497757	-1	-1	-4	0	0.8047604731208441	correct_baseline
2498387	Aix sponsa	Aves	212	Animalia	2008	1	1	1212	64									correct_baseline
2498387	Aix sponsa	Aves	212	Animalia	2009	0	0	0	0									correct_baseline
2498387	Aix sponsa	Aves	212	Animalia	2010	3	1	5095	67									correct_baseline
2498387	Aix sponsa	Aves	212	Animalia	2011	36	5	6043	63									correct_baseline
2498387	Aix sponsa	Aves	212	Animalia	2012	70	5	9493	63									correct_baseline
2498387	Aix sponsa	Aves	212	Animalia	2013	23	4	10708	64									correct_baseline
2498387	Aix sponsa	Aves	212	Animalia	2014	37	3	22432	65									correct_baseline
2498387	Aix sponsa	Aves	212	Animalia	2015	100	3	26307	65									correct_baseline
2498387	Aix sponsa	Aves	212	Animalia	2016	12	3	25257	65									correct_baseline
2498387	Aix sponsa	Aves	212	Animalia	2017	16	4	29494	64									correct_baseline
2498387	Aix sponsa	Aves	212	Animalia	2018	89	6	33711	62									correct_baseline
2498387	Aix sponsa	Aves	212	Animalia	2019	50	3	2594	53									correct_baseline
2498387	Aix sponsa	Aves	212	Animalia	2020	26	3	2451	54									correct_baseline
2498387	Aix sponsa	Aves	212	Animalia	2021	15	3	3848	58									correct_baseline
2498387	Aix sponsa	Aves	212	Animalia	2022	1	1	4494	60									correct_baseline
2498387	Aix sponsa	Aves	212	Animalia	2023	10	2	5286	59									correct_baseline
2498387	Aix sponsa	Aves	212	Animalia	2024	17	4	6609	62									correct_baseline
2498388	Aix galericulata	Aves	212	Animalia	1983	1	1	176	57	0.2205738198695499	0.8070809317338601	0.06028244268802551	1	0	3	3	1.0654801599397477	correct_baseline
2498388	Aix galericulata	Aves	212	Animalia	1984	2	1	128	48	0.25064005333018385	0.8436938559639694	0.07445880503844773	1	0	3	3	1.064637185399975	correct_baseline
2498388	Aix galericulata	Aves	212	Animalia	1985	0	0	0	0	0.28388342400511557	0.8836994581140216	0.09119593509411197	1	0	3	3	1.0637861053745843	correct_baseline
2498388	Aix galericulata	Aves	212	Animalia	1986	0	0	0	0	0.3204960234554724	0.9275535448924642	0.11074045440975516	1	0	3	3	1.0629258430636883	correct_baseline
2498388	Aix galericulata	Aves	212	Animalia	1987	0	0	0	0	0.36066027151910207	0.9757811548628198	0.13330430783992658	1	0	3	3	1.062055140000629	correct_baseline
2498388	Aix galericulata	Aves	212	Animalia	1988	1	1	69	28	0.40454516277505037	1.028981683170163	0.15904732941453928	1	0	3	3	1.0611725205127986	correct_baseline
2498388	Aix galericulata	Aves	212	Animalia	1989	0	0	0	0	0.45230226649860683	1.0878304359639126	0.18805995265107966	1	0	3	3	1.0602762472780791	correct_baseline
2498388	Aix galericulata	Aves	212	Animalia	1990	5	2	43	13	0.5040615314905703	1.1530743010518874	0.22034835682040405	1	0	3	3	1.0593642644664139	correct_baseline
2498388	Aix galericulata	Aves	212	Animalia	1991	10	4	27	7	0.5599269581878182	1.2255188805847808	0.2558248620011968	1	0	3	3	1.0584341241425692	correct_baseline
2498388	Aix galericulata	Aves	212	Animalia	1992	0	0	0	0	0.6199722111197575	1.30600460477465	0.29430642216383546	1	0	3	3	1.057482890529039	correct_baseline
2498388	Aix galericulata	Aves	212	Animalia	1993	0	0	0	0	0.6842362546947661	1.3953703504167962	0.3355232910738544	1	0	3	3	1.056507015245852	correct_baseline
2498388	Aix galericulata	Aves	212	Animalia	1994	0	0	0	0	0.7527191040915017	1.4944050596431382	0.3791382035333934	1	0	3	3	1.0555021746718374	correct_baseline
2498388	Aix galericulata	Aves	212	Animalia	1995	0	0	0	0	0.8253777902949085	1.6037905113258473	0.4247739913044632	1	0	3	3	1.0544630579808354	correct_baseline
2498388	Aix galericulata	Aves	212	Animalia	1996	0	0	0	0	0.9021226436667318	1.7240409589954746	0.4720452028532051	1	0	3	3	1.0533830911828759	correct_baseline
2498388	Aix galericulata	Aves	212	Animalia	1997	2	1	97	27	0.982814003509619	1.8554468014682166	0.5205880140191944	1	0	3	3	1.0522540789379788	correct_baseline
2498388	Aix galericulata	Aves	212	Animalia	1998	1	1	43	27	1.0672594615461908	1.998029117389037	0.5700831626259437	1	0	3	3	1.0510657429695374	correct_baseline
2498388	Aix galericulata	Aves	212	Animalia	1999	0	0	0	0	1.1552117448193209	2.1515099051351108	0.6202686644311288	1	0	3	3	1.0498051360071692	correct_baseline
2498388	Aix galericulata	Aves	212	Animalia	2000	1	1	185	45	1.2463673380281044	2.3153001202995753	0.6709417615813302	1	0	3	3	1.0484559187718752	correct_baseline
2498388	Aix galericulata	Aves	212	Animalia	2001	0	0	0	0	1.3403659366319165	2.4885051843266557	0.7219518188664239	1	0	3	3	1.0469975154689593	correct_baseline
2498388	Aix galericulata	Aves	212	Animalia	2002	3	3	156	43	1.4367908101664313	2.6699462173098545	0.7731870472876774	1	0	3	3	1.0454042299498414	correct_baseline
2498388	Aix galericulata	Aves	212	Animalia	2003	0	0	0	0	1.535170140210986	2.858194854444309	0.8245579743210397	1	0	3	3	1.0436445382197579	correct_baseline
2498388	Aix galericulata	Aves	212	Animalia	2004	3	2	149	38	1.634979379529075	3.0516197423947338	0.8759799048185278	1	0	3	3	1.0416809964148597	correct_baseline
2498388	Aix galericulata	Aves	212	Animalia	2005	2	2	213	39	1.7356446583897085	3.248443207487365	0.9273557171180573	1	0	3	3	1.0394714841929582	correct_baseline
2498388	Aix galericulata	Aves	212	Animalia	2006	0	0	0	0	1.8365472413944899	3.4468068244848067	0.978559560087287	1	0	3	3	1.0369726499886247	correct_baseline
2498388	Aix galericulata	Aves	212	Animalia	2007	0	0	0	0	1.9370290138144746	3.6448445749280536	1.0294215084419998	1	0	3	3	1.0341460120203299	correct_baseline
2498388	Aix galericulata	Aves	212	Animalia	2008	7	5	1206	60	2.0363989511040463	3.840761988487765	1.0797130102015098	1	0	3	3	1.0309657992000374	correct_baseline
2498388	Aix galericulata	Aves	212	Animalia	2009	33	9	3085	59	2.1339404996022764	4.032919188308796	1.1291329786730506	1	0	3	3	1.0274257376767508	correct_baseline
2498388	Aix galericulata	Aves	212	Animalia	2010	68	19	5030	49	2.2289197712047275	4.219915193069026	1.177294594599231	1	0	3	3	1.0235413592737348	correct_baseline
2498388	Aix galericulata	Aves	212	Animalia	2011	63	13	6016	55	2.320594430768677	4.400670223977103	1.2237132613967532	1	0	3	3	1.0193464440368192	correct_baseline
2498388	Aix galericulata	Aves	212	Animalia	2012	152	15	9411	53	2.408223132982359	4.574502162637899	1.2677966808276788	1	0	3	3	1.01488553561043	correct_baseline
2498388	Aix galericulata	Aves	212	Animalia	2013	60	11	10671	57	2.491075346137919	4.741192739830251	1.3088386658497937	1	0	3	3	1.0102060750459656	correct_baseline
2498388	Aix galericulata	Aves	212	Animalia	2014	94	11	22375	57	2.56844138439675	4.901038565086631	1.3460190238199619	0	0	0	1	1.0053526897086649	correct_baseline
2498388	Aix galericulata	Aves	212	Animalia	2015	112	11	26295	57	2.639642458340145	5.054881854561618	1.3784124947617153	0	0	0	1	1.000364238117563	correct_baseline
2498388	Aix galericulata	Aves	212	Animalia	2016	142	12	25127	56	2.704040546363997	5.204115899032451	1.4050100763013218	0	0	0	1	0.9952729772541212	correct_baseline
2498388	Aix galericulata	Aves	212	Animalia	2017	140	14	29370	54	2.7610478871783832	5.35066125524209	1.424755758519289	0	0	0	1	0.9901049394022834	correct_baseline
2498388	Aix galericulata	Aves	212	Animalia	2018	97	6	33703	62	2.8101358965363574	5.496910695790775	1.4366003368126705	0	0	0	1	0.9848808167065288	correct_baseline
2498388	Aix galericulata	Aves	212	Animalia	2019	33	8	2611	48	2.850843319403922	5.645644325400068	1.4395713161073156	0	0	0	1	0.9796169474737461	correct_baseline
2498388	Aix galericulata	Aves	212	Animalia	2020	48	5	2429	52	2.8827834419885883	5.799920763369334	1.4328541220580069	0	0	0	1	0.9743262164508043	correct_baseline
2498388	Aix galericulata	Aves	212	Animalia	2021	85	9	3778	52	2.9056502060917158	5.962955063824103	1.4158756907932115	0	0	0	1	0.9690188060409551	correct_baseline
2498388	Aix galericulata	Aves	212	Animalia	2022	114	14	4381	47	2.91922309070168	6.137997664506884	1.3883784124851897	0	0	0	1	0.963702795001611	correct_baseline
2498388	Aix galericulata	Aves	212	Animalia	2023	89	16	5207	45	2.923370652012944	6.328229588610138	1.3504718577897794	0	0	0	1	0.9583846244950707	correct_baseline
2498388	Aix galericulata	Aves	212	Animalia	2024	140	17	6486	49	2.9180526424216993	6.536686549083355	1.3026525228042842	0	0	0	1	0.9530694572110487	correct_baseline
2683866	Chamaecyparis lawsoniana	Pinopsida	194	Plantae	1988	3	2	21	2									correct_baseline
2683866	Chamaecyparis lawsoniana	Pinopsida	194	Plantae	1989	0	0	0	0									correct_baseline
2683866	Chamaecyparis lawsoniana	Pinopsida	194	Plantae	1990	0	0	0	0									correct_baseline
2683866	Chamaecyparis lawsoniana	Pinopsida	194	Plantae	1991	0	0	0	0									correct_baseline
2683866	Chamaecyparis lawsoniana	Pinopsida	194	Plantae	1992	0	0	0	0									correct_baseline
2683866	Chamaecyparis lawsoniana	Pinopsida	194	Plantae	1993	0	0	0	0									correct_baseline
2683866	Chamaecyparis lawsoniana	Pinopsida	194	Plantae	1994	0	0	0	0									correct_baseline
2683866	Chamaecyparis lawsoniana	Pinopsida	194	Plantae	1995	0	0	0	0									correct_baseline
2683866	Chamaecyparis lawsoniana	Pinopsida	194	Plantae	1996	2	2	0	0									correct_baseline
2683866	Chamaecyparis lawsoniana	Pinopsida	194	Plantae	1997	0	0	0	0									correct_baseline
2683866	Chamaecyparis lawsoniana	Pinopsida	194	Plantae	1998	1	1	5	5									correct_baseline
2683866	Chamaecyparis lawsoniana	Pinopsida	194	Plantae	1999	0	0	0	0									correct_baseline
2683866	Chamaecyparis lawsoniana	Pinopsida	194	Plantae	2000	0	0	0	0									correct_baseline
2683866	Chamaecyparis lawsoniana	Pinopsida	194	Plantae	2001	0	0	0	0									correct_baseline
2683866	Chamaecyparis lawsoniana	Pinopsida	194	Plantae	2002	0	0	0	0									correct_baseline
2683866	Chamaecyparis lawsoniana	Pinopsida	194	Plantae	2003	0	0	0	0									correct_baseline
2683866	Chamaecyparis lawsoniana	Pinopsida	194	Plantae	2004	0	0	0	0									correct_baseline
2683866	Chamaecyparis lawsoniana	Pinopsida	194	Plantae	2005	0	0	0	0									correct_baseline
2683866	Chamaecyparis lawsoniana	Pinopsida	194	Plantae	2006	0	0	0	0									correct_baseline
2683866	Chamaecyparis lawsoniana	Pinopsida	194	Plantae	2007	0	0	0	0									correct_baseline
2683866	Chamaecyparis lawsoniana	Pinopsida	194	Plantae	2008	0	0	0	0									correct_baseline
2683866	Chamaecyparis lawsoniana	Pinopsida	194	Plantae	2009	0	0	0	0									correct_baseline
2683866	Chamaecyparis lawsoniana	Pinopsida	194	Plantae	2010	0	0	0	0									correct_baseline
2683866	Chamaecyparis lawsoniana	Pinopsida	194	Plantae	2011	0	0	0	0									correct_baseline
2683866	Chamaecyparis lawsoniana	Pinopsida	194	Plantae	2012	0	0	0	0									correct_baseline
2683866	Chamaecyparis lawsoniana	Pinopsida	194	Plantae	2013	0	0	0	0									correct_baseline
2683866	Chamaecyparis lawsoniana	Pinopsida	194	Plantae	2014	0	0	0	0									correct_baseline
2683866	Chamaecyparis lawsoniana	Pinopsida	194	Plantae	2015	0	0	0	0									correct_baseline
2683866	Chamaecyparis lawsoniana	Pinopsida	194	Plantae	2016	0	0	0	0									correct_baseline
2683866	Chamaecyparis lawsoniana	Pinopsida	194	Plantae	2017	0	0	0	0									correct_baseline
2683866	Chamaecyparis lawsoniana	Pinopsida	194	Plantae	2018	1	1	10	6									correct_baseline
2683866	Chamaecyparis lawsoniana	Pinopsida	194	Plantae	2019	1	1	12	7									correct_baseline
2683866	Chamaecyparis lawsoniana	Pinopsida	194	Plantae	2020	3	3	17	12									correct_baseline
2683866	Chamaecyparis lawsoniana	Pinopsida	194	Plantae	2021	2	2	15	9									correct_baseline
2683866	Chamaecyparis lawsoniana	Pinopsida	194	Plantae	2022	4	4	22	14									correct_baseline
2683866	Chamaecyparis lawsoniana	Pinopsida	194	Plantae	2023	0	0	0	0									correct_baseline
2683866	Chamaecyparis lawsoniana	Pinopsida	194	Plantae	2024	1	1	21	12									correct_baseline
2687210	Tsuga heterophylla	Pinopsida	194	Plantae	2019	1	1	12	7									correct_baseline
2687210	Tsuga heterophylla	Pinopsida	194	Plantae	2020	1	1	19	14									correct_baseline
2687210	Tsuga heterophylla	Pinopsida	194	Plantae	2021	0	0	0	0									correct_baseline
2687210	Tsuga heterophylla	Pinopsida	194	Plantae	2022	1	1	25	17									correct_baseline
2687210	Tsuga heterophylla	Pinopsida	194	Plantae	2023	3	1	13	7									correct_baseline
2687210	Tsuga heterophylla	Pinopsida	194	Plantae	2024	1	1	21	12									correct_baseline
2702084	Juncus tenuis	Liliopsida	196	Plantae	1980	9	7	178	18	5.773718053474714	19.294228714251286	1.72776122097055	0	0	0	1	0.7225667163273203	correct_baseline
2702084	Juncus tenuis	Liliopsida	196	Plantae	1981	2	2	117	13	5.0869192409140975	13.690491729169263	1.8901254882210328	0	0	0	1	0.7535968368305297	correct_baseline
2702084	Juncus tenuis	Liliopsida	196	Plantae	1982	1	1	45	7	4.581045922486871	10.410521215761738	2.0158435210871466	0	0	0	1	0.7857248307376613	correct_baseline
2702084	Juncus tenuis	Liliopsida	196	Plantae	1983	1	1	141	20	4.216369705664564	8.507700759202825	2.0896096369651422	0	0	0	1	0.8187331381034725	correct_baseline
2702084	Juncus tenuis	Liliopsida	196	Plantae	1984	2	1	145	12	3.9650289036176334	7.4591104822368015	2.107684856520423	0	0	0	1	0.8521772112034761	correct_baseline
2702084	Juncus tenuis	Liliopsida	196	Plantae	1985	1	1	5	3	3.8073514533215054	6.950175158823462	2.0856920520494158	0	0	0	1	0.8853256626904284	correct_baseline
2702084	Juncus tenuis	Liliopsida	196	Plantae	1986	10	7	325	24	3.7292876351503246	6.776478501597725	2.052332382137129	0	0	0	1	0.9171050804154732	correct_baseline
2702084	Juncus tenuis	Liliopsida	196	Plantae	1987	0	0	0	0	3.720511409867341	6.804533822825785	2.0342620833949625	0	0	0	1	0.9460524395986216	correct_baseline
2702084	Juncus tenuis	Liliopsida	196	Plantae	1988	1	1	27	9	3.7728919917841623	6.950676429147678	2.047960961321082	0	0	0	1	0.9703459717632844	correct_baseline
2702084	Juncus tenuis	Liliopsida	196	Plantae	1989	0	0	0	0	3.8791423817591535	7.163963365452575	2.100477745395262	0	0	0	1	0.9881740309536854	correct_baseline
2702084	Juncus tenuis	Liliopsida	196	Plantae	1990	2	2	85	30	4.031540034385504	7.413515576752041	2.1923896807908054	0	0	0	1	0.998656717670112	correct_baseline
2702084	Juncus tenuis	Liliopsida	196	Plantae	1991	66	37	2259	31	4.220704403346923	7.680557611079373	2.319407855848191	0	0	0	1	1.002453504427315	correct_baseline
2702084	Juncus tenuis	Liliopsida	196	Plantae	1992	31	16	1021	39	4.4345159746548495	7.953490022032337	2.4724909285099117	0	0	0	1	1.0010403567794486	correct_baseline
2702084	Juncus tenuis	Liliopsida	196	Plantae	1993	24	16	764	44	4.657365724000791	8.224078644264525	2.637505844162223	0	0	0	1	0.9957390471133102	correct_baseline
2702084	Juncus tenuis	Liliopsida	196	Plantae	1994	28	21	1221	44	4.870006155240046	8.483358367078127	2.7957041216266134	0	0	0	1	0.9874582909590133	correct_baseline
2702084	Juncus tenuis	Liliopsida	196	Plantae	1995	11	9	297	24	5.0502887666278236	8.716843312828901	2.9259923243991217	0	0	0	1	0.9768067770446465	correct_baseline
2702084	Juncus tenuis	Liliopsida	196	Plantae	1996	2	2	206	34	5.174966688796441	8.900235688949602	3.008940568102347	0	0	0	1	0.9642206815151961	correct_baseline
2702084	Juncus tenuis	Liliopsida	196	Plantae	1997	6	5	268	35	5.222491097412956	8.998374921281721	3.0310376597058517	0	-1	-1	0	0.950029087419617	correct_baseline
2702084	Juncus tenuis	Liliopsida	196	Plantae	1998	3	3	127	19	5.176376396074854	8.970011831564177	2.987161343483807	0	-1	-1	0	0.9344721414572933	correct_baseline
2702084	Juncus tenuis	Liliopsida	196	Plantae	1999	4	4	139	21	5.028374330168164	8.778305704054814	2.8803449386155306	0	-1	-1	0	0.9177013192969196	correct_baseline
2702084	Juncus tenuis	Liliopsida	196	Plantae	2000	7	6	231	25	4.780551654803387	8.403393202797798	2.7195769105073624	-1	-1	-4	0	0.8998067263845052	correct_baseline
2702084	Juncus tenuis	Liliopsida	196	Plantae	2001	3	3	107	15	4.4455416850478855	7.8516245864984295	2.5170384365399188	-1	-1	-4	0	0.8809358534475444	correct_baseline
2702084	Juncus tenuis	Liliopsida	196	Plantae	2002	2	2	97	13	4.044733389140049	7.157227506698708	2.2857828920364143	-1	0	-3	0	0.8615139077064996	correct_baseline
2702084	Juncus tenuis	Liliopsida	196	Plantae	2003	32	30	1036	37	3.6047990385341606	6.375450724890332	2.0382207735501456	-1	0	-3	0	0.842395717364247	correct_baseline
2702084	Juncus tenuis	Liliopsida	196	Plantae	2004	26	24	1188	42	3.1534723201283894	5.569871889027368	1.7853889410645767	-1	0	-3	0	0.824750640707635	correct_baseline
2702084	Juncus tenuis	Liliopsida	196	Plantae	2005	3	3	465	57	2.7156533871430684	4.7986956581234645	1.5368287227420325	-1	0	-3	0	0.8097870596201325	correct_baseline
2702084	Juncus tenuis	Liliopsida	196	Plantae	2006	0	0	0	0	2.3106899418863787	4.104626616877906	1.3007974916841736	-1	0	-3	0	0.7985607849203542	correct_baseline
2702084	Juncus tenuis	Liliopsida	196	Plantae	2007	0	0	0	0	1.9512062812636937	3.51079445533456	1.0844286102417482	-1	0	-3	0	0.7919264207236006	correct_baseline
2702084	Juncus tenuis	Liliopsida	196	Plantae	2008	2	2	37	14	1.6433566042554744	3.0225748967534307	0.893483543336127	-1	0	-3	0	0.7905627108553449	correct_baseline
2702084	Juncus tenuis	Liliopsida	196	Plantae	2009	1	1	81	20	1.388052665948871	2.633138957812949	0.7317085175968273	-1	0	-3	0	0.7950112256658638	correct_baseline
2702084	Juncus tenuis	Liliopsida	196	Plantae	2010	2	2	91	38	1.1826252453621653	2.329814888102524	0.600306263862443	-1	0	-3	0	0.805699584152082	correct_baseline
2702084	Juncus tenuis	Liliopsida	196	Plantae	2011	3	3	113	47	1.022475937691227	2.0990332453323686	0.49806597655484597	-1	1	-2	0	0.8229319053859024	correct_baseline
2702084	Juncus tenuis	Liliopsida	196	Plantae	2012	4	2	188	57	0.9024602603467669	1.929127301626295	0.4221776970439269	-1	1	-2	0	0.8468204536659748	correct_baseline
2702084	Juncus tenuis	Liliopsida	196	Plantae	2013	4	4	211	55	0.817925570911913	1.8114614399160958	0.36931630163906004	-1	1	-2	0	0.8771031358910609	correct_baseline
2702084	Juncus tenuis	Liliopsida	196	Plantae	2014	5	4	206	54	0.7654612045500997	1.7407341829815386	0.336599844709032	0	1	1	2	0.9127629605003099	correct_baseline
2702084	Juncus tenuis	Liliopsida	196	Plantae	2015	0	0	0	0	0.7434996582033879	1.7151579759460436	0.3222978579822345	0	1	1	2	0.9515829613479818	correct_baseline
2702084	Juncus tenuis	Liliopsida	196	Plantae	2016	0	0	0	0	0.7529602166219858	1.7370354006554225	0.32638890813710825	0	1	1	2	0.9907443079604259	correct_baseline
2702084	Juncus tenuis	Liliopsida	196	Plantae	2017	2	2	201	51	0.7981879722506257	1.814310580975323	0.35115489361423236	1	1	4	3	1.0289726015628995	correct_baseline
2702084	Juncus tenuis	Liliopsida	196	Plantae	2018	0	0	0	0	0.8885621967841675	1.9641973311122913	0.4019671369305858	1	1	4	3	1.0668682083139376	correct_baseline
2702084	Juncus tenuis	Liliopsida	196	Plantae	2019	1	1	142	40	1.0414071699777405	2.221496165557932	0.4881975087310878	1	1	4	3	1.1053087639652974	correct_baseline
2702084	Juncus tenuis	Liliopsida	196	Plantae	2020	2	2	204	49	1.287385250003483	2.658091449011439	0.6235153356153015	1	1	4	3	1.144777206172544	correct_baseline
2702084	Juncus tenuis	Liliopsida	196	Plantae	2021	6	5	569	55	1.680703066410973	3.4293798414332257	0.8236949326274415	1	1	4	3	1.1854486678737615	correct_baseline
2702084	Juncus tenuis	Liliopsida	196	Plantae	2022	15	10	530	51	2.318925723109342	4.883874819160002	1.101055352238342	1	1	4	3	1.2273591422434023	correct_baseline
2702084	Juncus tenuis	Liliopsida	196	Plantae	2023	4	4	222	40	3.3826097203116667	7.824401056072365	1.4623545544188354	1	1	4	3	1.2705148410193368	correct_baseline
2702084	Juncus tenuis	Liliopsida	196	Plantae	2024	47	25	406	28	5.217241747385886	14.183457438644847	1.9191097493973805	1	1	4	3	1.314949211006999	correct_baseline
2702727	Festuca myuros	Liliopsida	196	Plantae	1984	2	2	145	11	3.0162682053922363	11.668114174266263	0.7797210201221063	-1	1	-2	0	0.532836338090293	correct_baseline
2702727	Festuca myuros	Liliopsida	196	Plantae	1985	0	0	0	0	2.0590989242502147	6.209613361909557	0.6827942631430689	-1	1	-2	0	0.5714936691422734	correct_baseline
2702727	Festuca myuros	Liliopsida	196	Plantae	1986	3	2	332	29	1.47232501288926	3.6904763324600975	0.5873878459841871	-1	1	-2	0	0.6127075245710367	correct_baseline
2702727	Festuca myuros	Liliopsida	196	Plantae	1987	0	0	0	0	1.1024872521799434	2.4627723302127107	0.49354060312765513	-1	1	-2	0	0.6563438356686471	correct_baseline
2702727	Festuca myuros	Liliopsida	196	Plantae	1988	0	0	0	0	0.8641203903366147	1.838327526973666	0.40618662237232545	-1	1	-2	0	0.7019810442036208	correct_baseline
2702727	Festuca myuros	Liliopsida	196	Plantae	1989	0	0	0	0	0.7082355108148101	1.5087700917578308	0.3324545876931561	-1	1	-2	0	0.7488261521864115	correct_baseline
2702727	Festuca myuros	Liliopsida	196	Plantae	1990	0	0	0	0	0.6060008913216194	1.3294501269759633	0.2762323105101609	-1	1	-2	0	0.7956546859767393	correct_baseline
2702727	Festuca myuros	Liliopsida	196	Plantae	1991	17	11	2308	57	0.5400340212981546	1.2316672815806509	0.23678208272707046	-1	1	-2	0	0.8407941098439529	correct_baseline
2702727	Festuca myuros	Liliopsida	196	Plantae	1992	3	2	1049	53	0.49960990186278226	1.182393729826447	0.21110569833280232	0	1	1	2	0.8822123612942969	correct_baseline
2702727	Festuca myuros	Liliopsida	196	Plantae	1993	6	5	782	55	0.47793362720319826	1.1651495865771138	0.19604397121458192	0	1	1	2	0.9178481565228231	correct_baseline
2702727	Festuca myuros	Liliopsida	196	Plantae	1994	7	7	1242	58	0.4705225132797721	1.1711307519728822	0.18904074983101432	0	0	0	1	0.9462544069119392	correct_baseline
2702727	Festuca myuros	Liliopsida	196	Plantae	1995	1	1	307	32	0.4741942660649974	1.1950377570358854	0.18816158790384505	0	0	0	1	0.9671264238996461	correct_baseline
2702727	Festuca myuros	Liliopsida	196	Plantae	1996	1	1	207	35	0.4863948040475618	1.232942918827325	0.1918822857018244	0	0	0	1	0.9810746998843246	correct_baseline
2702727	Festuca myuros	Liliopsida	196	Plantae	1997	1	1	273	39	0.5047324849110544	1.2810341500660731	0.19886658081000264	0	0	0	1	0.9889516184556131	correct_baseline
2702727	Festuca myuros	Liliopsida	196	Plantae	1998	0	0	0	0	0.5266664510574917	1.3347909218999916	0.20780599127439645	0	0	0	1	0.9914542497556766	correct_baseline
2702727	Festuca myuros	Liliopsida	196	Plantae	1999	1	1	142	24	0.5493469694168754	1.3885074933817316	0.21734279018726105	0	0	0	1	0.9890723549125071	correct_baseline
2702727	Festuca myuros	Liliopsida	196	Plantae	2000	0	0	0	0	0.5696292949885029	1.435263802145059	0.22607518786731348	0	0	0	1	0.9821522908380746	correct_baseline
2702727	Festuca myuros	Liliopsida	196	Plantae	2001	0	0	0	0	0.5842764140253223	1.467483588806531	0.23262878753139934	0	0	0	1	0.9709693773223435	correct_baseline
2702727	Festuca myuros	Liliopsida	196	Plantae	2002	0	0	0	0	0.590329115765513	1.478090915604476	0.2357693029849761	0	0	0	1	0.9558221718462026	correct_baseline
2702727	Festuca myuros	Liliopsida	196	Plantae	2003	5	5	1063	62	0.5855651997599758	1.4620103280283814	0.23453090350760097	0	0	0	1	0.9371936938391936	correct_baseline
2702727	Festuca myuros	Liliopsida	196	Plantae	2004	15	12	1199	54	0.5689192246351266	1.4174921351103504	0.2283392451657139	0	-1	-1	0	0.915946362021858	correct_baseline
2702727	Festuca myuros	Liliopsida	196	Plantae	2005	6	6	462	54	0.5407219340421701	1.3466844361148749	0.21711115248187537	-1	-1	-4	0	0.893384130017051	correct_baseline
2702727	Festuca myuros	Liliopsida	196	Plantae	2006	1	1	42	10	0.5026630281384178	1.2551327572479893	0.20130947774105556	-1	-1	-4	0	0.8710723628315888	correct_baseline
2702727	Festuca myuros	Liliopsida	196	Plantae	2007	0	0	0	0	0.4574712916059783	1.1503652376593188	0.18192481465231866	-1	0	-3	0	0.8505513329510873	correct_baseline
2702727	Festuca myuros	Liliopsida	196	Plantae	2008	0	0	0	0	0.40840297729264396	1.0401342289971953	0.16035718007502048	-1	0	-3	0	0.8331349015145579	correct_baseline
2702727	Festuca myuros	Liliopsida	196	Plantae	2009	0	0	0	0	0.3586873647007478	0.9309769734514252	0.1381952822302324	-1	0	-3	0	0.8198344821749235	correct_baseline
2702727	Festuca myuros	Liliopsida	196	Plantae	2010	0	0	0	0	0.31107382346111	0.8274982299334404	0.11693913067402845	-1	0	-3	0	0.811349182874919	correct_baseline
2702727	Festuca myuros	Liliopsida	196	Plantae	2011	0	0	0	0	0.26756801777106837	0.732375067378795	0.09775407072522581	-1	0	-3	0	0.8080573938295116	correct_baseline
2702727	Festuca myuros	Liliopsida	196	Plantae	2012	0	0	0	0	0.22937010215088005	0.6468027781555372	0.08133954512491877	-1	0	-3	0	0.8099571466929745	correct_baseline
2702727	Festuca myuros	Liliopsida	196	Plantae	2013	2	2	213	57	0.19696923508210315	0.5710568980107127	0.06793872852946611	-1	0	-3	0	0.8165051511586813	correct_baseline
2702727	Festuca myuros	Liliopsida	196	Plantae	2014	0	0	0	0	0.17032355873613206	0.5049672573990306	0.057449496448472755	-1	0	-3	0	0.8263616386230092	correct_baseline
2702727	Festuca myuros	Liliopsida	196	Plantae	2015	0	0	0	0	0.14906016601744668	0.4482473612806264	0.04956846378229662	-1	0	-3	0	0.8373792835746066	correct_baseline
2702727	Festuca myuros	Liliopsida	196	Plantae	2016	1	1	196	63	0.132651628892799	0.4007151437133409	0.043912627021904675	-1	0	-3	0	0.8475438827539011	correct_baseline
2702727	Festuca myuros	Liliopsida	196	Plantae	2017	1	1	202	52	0.12055018657496991	0.3624764179064303	0.040091842573359994	-1	0	-3	0	0.8562002426075008	correct_baseline
2702727	Festuca myuros	Liliopsida	196	Plantae	2018	1	1	666	58	0.11227922031991923	0.3341519908802069	0.037727212944149185	0	0	0	1	0.8637659230631377	correct_baseline
2702727	Festuca myuros	Liliopsida	196	Plantae	2019	1	1	142	40	0.10749200724921873	0.3172429220911344	0.03642171603483978	0	0	0	1	0.8707745210113255	correct_baseline
2702727	Festuca myuros	Liliopsida	196	Plantae	2020	0	0	0	0	0.10601170568415616	0.31476396298243736	0.03570447403056498	0	0	0	1	0.8775200715043238	correct_baseline
2702727	Festuca myuros	Liliopsida	196	Plantae	2021	1	1	574	59	0.10786714697584698	0.3323614000223032	0.03500804063266127	0	0	0	1	0.8840986766135397	correct_baseline
2702727	Festuca myuros	Liliopsida	196	Plantae	2022	3	3	542	58	0.11333913128382278	0.38039397279539866	0.033769616762779064	0	0	0	1	0.8905123301553881	correct_baseline
2702727	Festuca myuros	Liliopsida	196	Plantae	2023	0	0	0	0	0.12303374049285243	0.4782450785875629	0.031651765961436935	0	0	0	1	0.8967449309443535	correct_baseline
2702727	Festuca myuros	Liliopsida	196	Plantae	2024	1	1	452	52	0.13800448585422234	0.664014642583048	0.028681955027078005	0	0	0	1	0.9028034806073965	correct_baseline
2702808	Echinochloa crus-galli	Liliopsida	196	Plantae	1991	10	9	2315	59	1.0410962459210507	2.995481749069137	0.3618387571908015	0	0	0	1	0.8232804371226868	correct_baseline
2702808	Echinochloa crus-galli	Liliopsida	196	Plantae	1992	4	4	1048	51	1.0808997870374264	2.581501059813003	0.4525833313824731	0	0	0	1	0.8582804119825881	correct_baseline
2702808	Echinochloa crus-galli	Liliopsida	196	Plantae	1993	2	2	786	58	1.1297422686614214	2.461171983248933	0.5185812297096846	0	0	0	1	0.8940730586066687	correct_baseline
2702808	Echinochloa crus-galli	Liliopsida	196	Plantae	1994	8	6	1241	59	1.1883145547129417	2.540217064757319	0.5558940220242642	0	0	0	1	0.9296456430107667	correct_baseline
2702808	Echinochloa crus-galli	Liliopsida	196	Plantae	1995	0	0	0	0	1.256790367161056	2.735214925879347	0.5774763847784357	0	0	0	1	0.9630136074829215	correct_baseline
2702808	Echinochloa crus-galli	Liliopsida	196	Plantae	1996	0	0	0	0	1.3342980843478816	2.974507407418508	0.5985365420352217	0	0	0	1	0.9907550663744231	correct_baseline
2702808	Echinochloa crus-galli	Liliopsida	196	Plantae	1997	3	3	271	37	1.4183415630480256	3.2028018366334248	0.6281040451706735	0	0	0	1	1.007333505165544	correct_baseline
2702808	Echinochloa crus-galli	Liliopsida	196	Plantae	1998	0	0	0	0	1.5042759840166506	3.3818439865926995	0.6691160931906686	0	0	0	1	1.0069811056386408	correct_baseline
2702808	Echinochloa crus-galli	Liliopsida	196	Plantae	1999	0	0	0	0	1.5850225654343582	3.4906126679434095	0.7197293919225655	0	0	0	1	0.991538874783532	correct_baseline
2702808	Echinochloa crus-galli	Liliopsida	196	Plantae	2000	0	0	0	0	1.651278229576242	3.5246470727338255	0.7736149847642817	0	0	0	1	0.9684969857132093	correct_baseline
2702808	Echinochloa crus-galli	Liliopsida	196	Plantae	2001	0	0	0	0	1.6924682514688505	3.4926102374017716	0.8201455609203486	0	0	0	1	0.9428177562938849	correct_baseline
2702808	Echinochloa crus-galli	Liliopsida	196	Plantae	2002	2	2	97	13	1.6985218153440342	3.4093302639817455	0.8462003190709483	0	-1	-1	0	0.9168368528343793	correct_baseline
2702808	Echinochloa crus-galli	Liliopsida	196	Plantae	2003	15	14	1053	53	1.6622052099889615	3.2868187258724557	0.8406080135682122	0	-1	-1	0	0.8917704062416008	correct_baseline
2702808	Echinochloa crus-galli	Liliopsida	196	Plantae	2004	16	14	1198	52	1.5813446315248207	3.1277114807633604	0.7995145521037809	0	-1	-1	0	0.8683503571628712	correct_baseline
2702808	Echinochloa crus-galli	Liliopsida	196	Plantae	2005	2	2	466	58	1.460061518801731	2.9263860630889273	0.7284683540473919	-1	-1	-4	0	0.847007034103118	correct_baseline
2702808	Echinochloa crus-galli	Liliopsida	196	Plantae	2006	1	1	42	10	1.3083622691080752	2.6778195689574518	0.6392558509429693	-1	-1	-4	0	0.8278911793883182	correct_baseline
2702808	Echinochloa crus-galli	Liliopsida	196	Plantae	2007	0	0	0	0	1.1400660229157549	2.3870769494280455	0.5444946116707182	-1	0	-3	0	0.8109077689995751	correct_baseline
2702808	Echinochloa crus-galli	Liliopsida	196	Plantae	2008	1	1	38	15	0.9697908196042263	2.0720496760219147	0.4538956013806929	-1	0	-3	0	0.7960137379514339	correct_baseline
2702808	Echinochloa crus-galli	Liliopsida	196	Plantae	2009	1	1	81	20	0.810100664756869	1.7583467745081431	0.3732273386306837	-1	0	-3	0	0.7839223142113019	correct_baseline
2702808	Echinochloa crus-galli	Liliopsida	196	Plantae	2010	0	0	0	0	0.6697237335795851	1.4707735169053546	0.3049618953321433	-1	0	-3	0	0.7765348445105377	correct_baseline
2702808	Echinochloa crus-galli	Liliopsida	196	Plantae	2011	2	2	114	48	0.5531613425647299	1.2267153063489442	0.2494364171738598	-1	0	-3	0	0.7763798426399129	correct_baseline
2702808	Echinochloa crus-galli	Liliopsida	196	Plantae	2012	1	1	191	58	0.4614182653676593	1.034053715829604	0.20589531506502837	-1	0	-3	0	0.785839490688156	correct_baseline
2702808	Echinochloa crus-galli	Liliopsida	196	Plantae	2013	1	1	214	58	0.3932998338127783	0.8930249118169925	0.17321438319389074	-1	1	-2	0	0.8068985610770015	correct_baseline
2702808	Echinochloa crus-galli	Liliopsida	196	Plantae	2014	3	2	208	56	0.3467781829391185	0.7998823223757033	0.15034099991782682	-1	1	-2	0	0.8411642682874619	correct_baseline
2702808	Echinochloa crus-galli	Liliopsida	196	Plantae	2015	0	0	0	0	0.3201789615483278	0.7505304644894378	0.13658948206439958	0	1	1	2	0.8897549379733579	correct_baseline
2702808	Echinochloa crus-galli	Liliopsida	196	Plantae	2016	0	0	0	0	0.3132185406321605	0.7434422907565342	0.13196162690167504	0	1	1	2	0.952758877239293	correct_baseline
2702808	Echinochloa crus-galli	Liliopsida	196	Plantae	2017	2	2	201	51	0.3281723861858883	0.7822830192924737	0.13767027073187033	1	1	4	3	1.028143402447056	correct_baseline
2702808	Echinochloa crus-galli	Liliopsida	196	Plantae	2018	3	3	664	56	0.3717549143535792	0.8796200611685736	0.15711523923458076	1	1	4	3	1.1114669917236892	correct_baseline
2702808	Echinochloa crus-galli	Liliopsida	196	Plantae	2019	2	2	141	39	0.4588800174745007	1.0646577201164693	0.19778269246416816	1	1	4	3	1.1990502293870315	correct_baseline
2702808	Echinochloa crus-galli	Liliopsida	196	Plantae	2020	0	0	0	0	0.6209223192915344	1.402414623311146	0.27491479351812176	1	1	4	3	1.2905703718986872	correct_baseline
2702808	Echinochloa crus-galli	Liliopsida	196	Plantae	2021	4	4	571	56	0.9249157411415158	2.04648371815091	0.4180190248395009	1	1	4	3	1.3871172678306143	correct_baseline
2702808	Echinochloa crus-galli	Liliopsida	196	Plantae	2022	8	8	537	53	1.5206339375674702	3.3978687087162527	0.6805229307860953	1	1	4	3	1.4895331136040237	correct_baseline
2702808	Echinochloa crus-galli	Liliopsida	196	Plantae	2023	14	10	212	34	2.7629911054243244	6.6219729266013605	1.1528467321252007	1	1	4	3	1.5983416891040008	correct_baseline
2702808	Echinochloa crus-galli	Liliopsida	196	Plantae	2024	30	18	423	35	5.551055099302589	15.480412079943445	1.99052922857373	1	1	4	3	1.7140399504404848	correct_baseline
2703721	Bromus madritensis	Liliopsida	196	Plantae	2015	1	1	208	62									correct_baseline
2703721	Bromus madritensis	Liliopsida	196	Plantae	2016	1	1	196	63									correct_baseline
2703721	Bromus madritensis	Liliopsida	196	Plantae	2017	1	1	202	52									correct_baseline
2703721	Bromus madritensis	Liliopsida	196	Plantae	2018	1	1	666	58									correct_baseline
2703721	Bromus madritensis	Liliopsida	196	Plantae	2019	1	1	142	40									correct_baseline
2703721	Bromus madritensis	Liliopsida	196	Plantae	2020	0	0	0	0									correct_baseline
2703721	Bromus madritensis	Liliopsida	196	Plantae	2021	4	1	571	59									correct_baseline
2703721	Bromus madritensis	Liliopsida	196	Plantae	2022	0	0	0	0									correct_baseline
2703721	Bromus madritensis	Liliopsida	196	Plantae	2023	0	0	0	0									correct_baseline
2703721	Bromus madritensis	Liliopsida	196	Plantae	2024	1	1	452	52									correct_baseline
2705449	Eragrostis minor	Liliopsida	196	Plantae	1986	1	1	334	30	0.0854864352217112	0.5206075927186736	0.014037310844340477	1	0	3	3	1.0152515203408654	correct_baseline
2705449	Eragrostis minor	Liliopsida	196	Plantae	1987	0	0	0	0	0.09573594489608273	0.5303767315228701	0.01728086961663885	1	0	3	3	1.0126014484981718	correct_baseline
2705449	Eragrostis minor	Liliopsida	196	Plantae	1988	0	0	0	0	0.1064059139127349	0.5428867679148521	0.020855580177596374	0	0	0	1	1.0099353970977194	correct_baseline
2705449	Eragrostis minor	Liliopsida	196	Plantae	1989	0	0	0	0	0.11737332878405611	0.5582388131098683	0.024678503153700907	0	0	0	1	1.0072496457314375	correct_baseline
2705449	Eragrostis minor	Liliopsida	196	Plantae	1990	0	0	0	0	0.1284949304863238	0.5764542794737649	0.02864224926174152	0	0	0	1	1.0045396151982313	correct_baseline
2705449	Eragrostis minor	Liliopsida	196	Plantae	1991	5	3	2320	65	0.13960966387492008	0.5974425875848264	0.03262381800745131	0	0	0	1	1.0017996165733887	correct_baseline
2705449	Eragrostis minor	Liliopsida	196	Plantae	1992	0	0	0	0	0.15054206983513962	0.6209703543737379	0.03649596897923426	0	0	0	1	0.9990225103763319	correct_baseline
2705449	Eragrostis minor	Liliopsida	196	Plantae	1993	4	3	784	57	0.16110654927333234	0.6466370630541411	0.040138930633160284	0	0	0	1	0.9961992379110878	correct_baseline
2705449	Eragrostis minor	Liliopsida	196	Plantae	1994	3	3	1246	62	0.17111237386576325	0.6738621677695967	0.04345019781550909	0	0	0	1	0.9933181701158512	correct_baseline
2705449	Eragrostis minor	Liliopsida	196	Plantae	1995	0	0	0	0	0.18036926743997794	0.7018874473561053	0.0463508398096889	0	0	0	1	0.9903641955844052	correct_baseline
2705449	Eragrostis minor	Liliopsida	196	Plantae	1996	0	0	0	0	0.18869333779832326	0.7297965044820949	0.048787813466905534	0	0	0	1	0.9873174370936394	correct_baseline
2705449	Eragrostis minor	Liliopsida	196	Plantae	1997	2	2	272	38	0.19591310529579126	0.7565511224620122	0.050732784192739105	0	0	0	1	0.9841514466268224	correct_baseline
2705449	Eragrostis minor	Liliopsida	196	Plantae	1998	0	0	0	0	0.20187535457884354	0.7810421884898273	0.05217856267807051	0	0	0	1	0.9808306948805426	correct_baseline
2705449	Eragrostis minor	Liliopsida	196	Plantae	1999	0	0	0	0	0.20645053174315567	0.8021513042559494	0.053134392266015705	0	0	0	1	0.9773071853317015	correct_baseline
2705449	Eragrostis minor	Liliopsida	196	Plantae	2000	0	0	0	0	0.20953742184905114	0.8188180919398186	0.0536211053313832	0	0	0	1	0.9735162037224733	correct_baseline
2705449	Eragrostis minor	Liliopsida	196	Plantae	2001	0	0	0	0	0.21106687107970304	0.830107561888553	0.053666809113295355	0	0	0	1	0.9693718327206133	correct_baseline
2705449	Eragrostis minor	Liliopsida	196	Plantae	2002	0	0	0	0	0.2110043623997954	0.8352717505315851	0.05330342002277569	0	0	0	1	0.9647643821382499	correct_baseline
2705449	Eragrostis minor	Liliopsida	196	Plantae	2003	6	6	1062	61	0.20935131073351887	0.8338001976835171	0.052564117192111785	0	0	0	1	0.9595645770103162	correct_baseline
2705449	Eragrostis minor	Liliopsida	196	Plantae	2004	8	8	1206	58	0.20614500978191855	0.8254547279658706	0.05148164232181166	0	0	0	1	0.9536416061910156	correct_baseline
2705449	Eragrostis minor	Liliopsida	196	Plantae	2005	1	1	467	59	0.20145723326465015	0.8102853880819308	0.050087311744222096	0	0	0	1	0.9468981053579262	correct_baseline
2705449	Eragrostis minor	Liliopsida	196	Plantae	2006	1	1	42	10	0.19539156384983558	0.7886261470562758	0.04841059780504593	0	0	0	1	0.9393093795556424	correct_baseline
2705449	Eragrostis minor	Liliopsida	196	Plantae	2007	0	0	0	0	0.1880795885927795	0.7610708966948964	0.0464791543059229	-1	0	-3	0	0.9309393103473086	correct_baseline
2705449	Eragrostis minor	Liliopsida	196	Plantae	2008	0	0	0	0	0.1796761560077963	0.7284321607639795	0.04431918684627953	-1	0	-3	0	0.9219183882434246	correct_baseline
2705449	Eragrostis minor	Liliopsida	196	Plantae	2009	0	0	0	0	0.1703539333673835	0.6916865011404125	0.04195609219768158	-1	0	-3	0	0.9124016308512225	correct_baseline
2705449	Eragrostis minor	Liliopsida	196	Plantae	2010	0	0	0	0	0.16029753090863125	0.6519117069087625	0.03941530447005724	-1	0	-3	0	0.9025341173638338	correct_baseline
2705449	Eragrostis minor	Liliopsida	196	Plantae	2011	0	0	0	0	0.14969747098593306	0.6102213513820818	0.036723285360024976	-1	0	-3	0	0.8924350176114568	correct_baseline
2705449	Eragrostis minor	Liliopsida	196	Plantae	2012	0	0	0	0	0.1387442747761152	0.5677021760560248	0.033908578467824003	-1	0	-3	0	0.882195515280343	correct_baseline
2705449	Eragrostis minor	Liliopsida	196	Plantae	2013	1	1	214	58	0.12762291808099013	0.5253590723586551	0.031002813268993675	-1	0	-3	0	0.871882950836542	correct_baseline
2705449	Eragrostis minor	Liliopsida	196	Plantae	2014	0	0	0	0	0.11650787332439139	0.4840713151668972	0.02804149744318641	-1	0	-3	0	0.8615463327734509	correct_baseline
2705449	Eragrostis minor	Liliopsida	196	Plantae	2015	0	0	0	0	0.1055589100862755	0.44456232973709314	0.025064389745284972	-1	0	-3	0	0.8512212190980905	correct_baseline
2705449	Eragrostis minor	Liliopsida	196	Plantae	2016	0	0	0	0	0.09491777507764036	0.40738382400054196	0.022115222782330062	-1	0	-3	0	0.8409334835619163	correct_baseline
2705449	Eragrostis minor	Liliopsida	196	Plantae	2017	0	0	0	0	0.08470581817628947	0.3729137446850791	0.019240577037389364	-1	0	-3	0	0.830702055347635	correct_baseline
2705449	Eragrostis minor	Liliopsida	196	Plantae	2018	0	0	0	0	0.0750225777520687	0.34136633379984843	0.01648782148466128	-1	0	-3	0	0.8205408638121231	correct_baseline
2705449	Eragrostis minor	Liliopsida	196	Plantae	2019	2	1	141	40	0.0659452893606628	0.31281165391245547	0.013902235209173535	-1	0	-3	0	0.8104602086275416	correct_baseline
2705449	Eragrostis minor	Liliopsida	196	Plantae	2020	1	1	205	50	0.057529239711785016	0.2872013809687663	0.011523668203308355	-1	0	-3	0	0.8004677267336924	correct_baseline
2705449	Eragrostis minor	Liliopsida	196	Plantae	2021	1	1	574	59	0.049808854586092265	0.26439748585497713	0.00938330403239643	-1	0	-3	0	0.7905690791674883	correct_baseline
2705449	Eragrostis minor	Liliopsida	196	Plantae	2022	0	0	0	0	0.0427993862088283	0.24420066550189765	0.007501156706873129	-1	0	-3	0	0.7807684434892586	correct_baseline
2705449	Eragrostis minor	Liliopsida	196	Plantae	2023	0	0	0	0	0.036499052774335294	0.2263760019556403	0.0058848148298191166	-1	0	-3	0	0.7710688707129917	correct_baseline
2705449	Eragrostis minor	Liliopsida	196	Plantae	2024	1	1	452	52	0.030891479881047606	0.21067419857676803	0.004529664931386628	-1	0	-3	0	0.7614725472164782	correct_baseline
2747564	Crocus tommasinianus	Liliopsida	196	Plantae	2017	1	1	202	52									correct_baseline
2747564	Crocus tommasinianus	Liliopsida	196	Plantae	2018	0	0	0	0									correct_baseline
2747564	Crocus tommasinianus	Liliopsida	196	Plantae	2019	1	1	142	40									correct_baseline
2747564	Crocus tommasinianus	Liliopsida	196	Plantae	2020	0	0	0	0									correct_baseline
2747564	Crocus tommasinianus	Liliopsida	196	Plantae	2021	5	5	570	55									correct_baseline
2747564	Crocus tommasinianus	Liliopsida	196	Plantae	2022	4	4	541	57									correct_baseline
2747564	Crocus tommasinianus	Liliopsida	196	Plantae	2023	4	2	222	42									correct_baseline
2747564	Crocus tommasinianus	Liliopsida	196	Plantae	2024	3	3	450	50									correct_baseline
2747567	Crocus vernus	Liliopsida	196	Plantae	2020	1	1	205	50									correct_baseline
2747567	Crocus vernus	Liliopsida	196	Plantae	2021	0	0	0	0									correct_baseline
2747567	Crocus vernus	Liliopsida	196	Plantae	2022	0	0	0	0									correct_baseline
2747567	Crocus vernus	Liliopsida	196	Plantae	2023	0	0	0	0									correct_baseline
2747567	Crocus vernus	Liliopsida	196	Plantae	2024	1	1	452	52									correct_baseline
2753146	Lilium martagon	Liliopsida	196	Plantae	2019	1	1	142	40									correct_baseline
2753146	Lilium martagon	Liliopsida	196	Plantae	2020	0	0	0	0									correct_baseline
2753146	Lilium martagon	Liliopsida	196	Plantae	2021	1	1	574	59									correct_baseline
2753146	Lilium martagon	Liliopsida	196	Plantae	2022	2	2	543	59									correct_baseline
2753146	Lilium martagon	Liliopsida	196	Plantae	2023	0	0	0	0									correct_baseline
2753146	Lilium martagon	Liliopsida	196	Plantae	2024	3	2	450	51									correct_baseline
2855356	Galanthus nivalis	Liliopsida	196	Plantae	1981	2	2	117	13	0.8978716319428826	3.372423636198296	0.2390486944743892	0	0	0	1	0.853501365404715	correct_baseline
2855356	Galanthus nivalis	Liliopsida	196	Plantae	1982	0	0	0	0	0.8270905015362904	2.875734950471203	0.23787960626185756	0	0	0	1	0.857858550082658	correct_baseline
2855356	Galanthus nivalis	Liliopsida	196	Plantae	1983	0	0	0	0	0.7637455235050963	2.477429138943612	0.2354486009326582	0	0	0	1	0.8622268567472339	correct_baseline
2855356	Galanthus nivalis	Liliopsida	196	Plantae	1984	5	4	142	9	0.7069703231774385	2.156840257395394	0.2317311336061485	0	0	0	1	0.8666049076572591	correct_baseline
2855356	Galanthus nivalis	Liliopsida	196	Plantae	1985	0	0	0	0	0.656010137750216	1.8979720951401882	0.2267416375261676	0	0	0	1	0.8709910888166854	correct_baseline
2855356	Galanthus nivalis	Liliopsida	196	Plantae	1986	0	0	0	0	0.6102064298161892	1.6883554188341339	0.22054117446795735	0	0	0	1	0.8753835038739236	correct_baseline
2855356	Galanthus nivalis	Liliopsida	196	Plantae	1987	0	0	0	0	0.5689837583512136	1.5181959830586238	0.21324158467027857	0	0	0	1	0.8797799175185462	correct_baseline
2855356	Galanthus nivalis	Liliopsida	196	Plantae	1988	0	0	0	0	0.5318385590653156	1.3797396788976568	0.20500407231504428	0	0	0	1	0.8841776857569948	correct_baseline
2855356	Galanthus nivalis	Liliopsida	196	Plantae	1989	0	0	0	0	0.49832954220462833	1.2668009609527766	0.19603105798648954	0	0	0	1	0.8885736698308011	correct_baseline
2855356	Galanthus nivalis	Liliopsida	196	Plantae	1990	0	0	0	0	0.46806946264478616	1.174413863343317	0.18655180145513361	0	0	0	1	0.8929641296305665	correct_baseline
2855356	Galanthus nivalis	Liliopsida	196	Plantae	1991	1	1	2324	67	0.44071805608120707	1.0985737673800529	0.17680415346091458	0	0	0	1	0.8973445916921929	correct_baseline
2855356	Galanthus nivalis	Liliopsida	196	Plantae	1992	0	0	0	0	0.4159759676438726	1.0360446669148278	0.16701597062656498	0	0	0	1	0.9017096858180952	correct_baseline
2855356	Galanthus nivalis	Liliopsida	196	Plantae	1993	0	0	0	0	0.39357952644953986	0.9842124038770582	0.15738964783418216	0	0	0	1	0.9060529436248532	correct_baseline
2855356	Galanthus nivalis	Liliopsida	196	Plantae	1994	0	0	0	0	0.37329624236251563	0.9409696959698134	0.14809200036814404	0	0	0	1	0.9103665519450517	correct_baseline
2855356	Galanthus nivalis	Liliopsida	196	Plantae	1995	1	1	307	32	0.35492092031571304	0.9046234944756762	0.13925004208603364	0	0	0	1	0.9146410549790285	correct_baseline
2855356	Galanthus nivalis	Liliopsida	196	Plantae	1996	1	1	207	35	0.33827230356509547	0.873818849674472	0.1309518001378256	0	0	0	1	0.9188650024586911	correct_baseline
2855356	Galanthus nivalis	Liliopsida	196	Plantae	1997	0	0	0	0	0.32319017072377965	0.8474758456559063	0.12325057638855182	0	0	0	1	0.9230245492858109	correct_baseline
2855356	Galanthus nivalis	Liliopsida	196	Plantae	1998	1	1	129	21	0.30953282276986416	0.8247374721269602	0.11617098969056062	0	0	0	1	0.9271030284977524	correct_baseline
2855356	Galanthus nivalis	Liliopsida	196	Plantae	1999	0	0	0	0	0.2971749057948685	0.8049268918306642	0.10971546053497704	0	0	0	1	0.9310805486757106	correct_baseline
2855356	Galanthus nivalis	Liliopsida	196	Plantae	2000	0	0	0	0	0.2860055233483652	0.7875127891058029	0.10387026155937454	0	0	0	1	0.9349337137395736	correct_baseline
2855356	Galanthus nivalis	Liliopsida	196	Plantae	2001	0	0	0	0	0.27592659908069217	0.7720815840539476	0.09861067748886657	0	0	0	1	0.938635627871685	correct_baseline
2855356	Galanthus nivalis	Liliopsida	196	Plantae	2002	0	0	0	0	0.26685145619082984	0.7583153845450009	0.09390512328045819	0	0	0	1	0.942156418010892	correct_baseline
2855356	Galanthus nivalis	Liliopsida	196	Plantae	2003	0	0	0	0	0.25870358511846053	0.745974661532843	0.08971825506193544	0	0	0	1	0.9454645409625508	correct_baseline
2855356	Galanthus nivalis	Liliopsida	196	Plantae	2004	4	4	1210	62	0.25141557511811286	0.7348847695427052	0.0860132010237535	0	0	0	1	0.9485290675900583	correct_baseline
2855356	Galanthus nivalis	Liliopsida	196	Plantae	2005	7	7	461	53	0.2449281889365017	0.7249255794342849	0.08275307071179545	0	0	0	1	0.951322873244539	correct_baseline
2855356	Galanthus nivalis	Liliopsida	196	Plantae	2006	0	0	0	0	0.23918956288014406	0.7160236312629332	0.07990189777659101	0	0	0	1	0.9538262161596116	correct_baseline
2855356	Galanthus nivalis	Liliopsida	196	Plantae	2007	0	0	0	0	0.2341545171918233	0.7081463428157461	0.07742515156306014	0	0	0	1	0.9560297502781991	correct_baseline
2855356	Galanthus nivalis	Liliopsida	196	Plantae	2008	1	1	38	15	0.2297839639212733	0.7012979205674736	0.07528992818436986	0	0	0	1	0.9579359449417602	correct_baseline
2855356	Galanthus nivalis	Liliopsida	196	Plantae	2009	1	1	81	20	0.22604440143657753	0.6955167141581519	0.0734649080039247	0	0	0	1	0.9595583788885702	correct_baseline
2855356	Galanthus nivalis	Liliopsida	196	Plantae	2010	1	1	92	39	0.22290748642835084	0.6908738347857709	0.07192014663750121	0	0	0	1	0.9609192081736504	correct_baseline
2855356	Galanthus nivalis	Liliopsida	196	Plantae	2011	0	0	0	0	0.22034967575156358	0.6874729248297523	0.07062675176021405	0	0	0	1	0.9620457384480771	correct_baseline
2855356	Galanthus nivalis	Liliopsida	196	Plantae	2012	1	1	191	58	0.2183519317666125	0.6854510236463586	0.06955648829960674	0	0	0	1	0.9629671135381987	correct_baseline
2855356	Galanthus nivalis	Liliopsida	196	Plantae	2013	0	0	0	0	0.2168994860137084	0.6849805260342775	0.06868134968067202	0	0	0	1	0.96371177072198	correct_baseline
2855356	Galanthus nivalis	Liliopsida	196	Plantae	2014	8	4	203	54	0.2159816571106087	0.686272278787567	0.0679731320208029	0	0	0	1	0.9643058512039633	correct_baseline
2855356	Galanthus nivalis	Liliopsida	196	Plantae	2015	6	2	203	61	0.2155917197277132	0.6895799108954689	0.06740305058306514	0	0	0	1	0.9647724390032805	correct_baseline
2855356	Galanthus nivalis	Liliopsida	196	Plantae	2016	2	2	195	62	0.2157268223886022	0.695205548957945	0.06694144194855776	0	0	0	1	0.965131381087702	correct_baseline
2855356	Galanthus nivalis	Liliopsida	196	Plantae	2017	2	2	201	51	0.21638795268835356	0.7035071370816237	0.06655759920630977	0	0	0	1	0.9653994507858932	correct_baseline
2855356	Galanthus nivalis	Liliopsida	196	Plantae	2018	3	3	664	56	0.21757994933521194	0.7149076672264538	0.06621978826493362	0	0	0	1	0.9655906775259965	correct_baseline
2855356	Galanthus nivalis	Liliopsida	196	Plantae	2019	4	3	139	38	0.21931156122134776	0.7299067406427113	0.0658954880222002	0	0	0	1	0.9657167308607915	correct_baseline
2855356	Galanthus nivalis	Liliopsida	196	Plantae	2020	3	2	203	49	0.2215955545331286	0.7490950340672387	0.06555188267933057	0	0	0	1	0.9657872967169558	correct_baseline
2855356	Galanthus nivalis	Liliopsida	196	Plantae	2021	5	5	570	55	0.2244488697382435	0.7731724470924041	0.06515660939060114	0	0	0	1	0.9658104165268543	correct_baseline
2855356	Galanthus nivalis	Liliopsida	196	Plantae	2022	7	5	538	56	0.22789283115449432	0.8029709714152419	0.06467872979277796	0	0	0	1	0.9657927789883852	correct_baseline
2855356	Galanthus nivalis	Liliopsida	196	Plantae	2023	0	0	0	0	0.23195341273249176	0.8394836610050547	0.06408985448726408	0	0	0	1	0.9657399642370791	correct_baseline
2855356	Galanthus nivalis	Liliopsida	196	Plantae	2024	6	3	447	50	0.23666156469291308	0.8839015094499213	0.06336531344737016	0	0	0	1	0.9656566448663854	correct_baseline
2855398	Galanthus elwesii	Liliopsida	196	Plantae	2019	1	1	142	40									correct_baseline
2855398	Galanthus elwesii	Liliopsida	196	Plantae	2020	0	0	0	0									correct_baseline
2855398	Galanthus elwesii	Liliopsida	196	Plantae	2021	1	1	574	59									correct_baseline
2855398	Galanthus elwesii	Liliopsida	196	Plantae	2022	0	0	0	0									correct_baseline
2855398	Galanthus elwesii	Liliopsida	196	Plantae	2023	0	0	0	0									correct_baseline
2855398	Galanthus elwesii	Liliopsida	196	Plantae	2024	2	2	451	51									correct_baseline
2855860	Allium schoenoprasum	Liliopsida	196	Plantae	1984	1	1	146	12									correct_baseline
2855860	Allium schoenoprasum	Liliopsida	196	Plantae	1985	0	0	0	0									correct_baseline
2855860	Allium schoenoprasum	Liliopsida	196	Plantae	1986	0	0	0	0									correct_baseline
2855860	Allium schoenoprasum	Liliopsida	196	Plantae	1987	0	0	0	0									correct_baseline
2855860	Allium schoenoprasum	Liliopsida	196	Plantae	1988	0	0	0	0									correct_baseline
2855860	Allium schoenoprasum	Liliopsida	196	Plantae	1989	0	0	0	0									correct_baseline
2855860	Allium schoenoprasum	Liliopsida	196	Plantae	1990	0	0	0	0									correct_baseline
2855860	Allium schoenoprasum	Liliopsida	196	Plantae	1991	4	2	2321	66									correct_baseline
2855860	Allium schoenoprasum	Liliopsida	196	Plantae	1992	0	0	0	0									correct_baseline
2855860	Allium schoenoprasum	Liliopsida	196	Plantae	1993	0	0	0	0									correct_baseline
2855860	Allium schoenoprasum	Liliopsida	196	Plantae	1994	0	0	0	0									correct_baseline
2855860	Allium schoenoprasum	Liliopsida	196	Plantae	1995	0	0	0	0									correct_baseline
2855860	Allium schoenoprasum	Liliopsida	196	Plantae	1996	0	0	0	0									correct_baseline
2855860	Allium schoenoprasum	Liliopsida	196	Plantae	1997	0	0	0	0									correct_baseline
2855860	Allium schoenoprasum	Liliopsida	196	Plantae	1998	0	0	0	0									correct_baseline
2855860	Allium schoenoprasum	Liliopsida	196	Plantae	1999	0	0	0	0									correct_baseline
2855860	Allium schoenoprasum	Liliopsida	196	Plantae	2000	0	0	0	0									correct_baseline
2855860	Allium schoenoprasum	Liliopsida	196	Plantae	2001	0	0	0	0									correct_baseline
2855860	Allium schoenoprasum	Liliopsida	196	Plantae	2002	0	0	0	0									correct_baseline
2855860	Allium schoenoprasum	Liliopsida	196	Plantae	2003	0	0	0	0									correct_baseline
2855860	Allium schoenoprasum	Liliopsida	196	Plantae	2004	0	0	0	0									correct_baseline
2855860	Allium schoenoprasum	Liliopsida	196	Plantae	2005	0	0	0	0									correct_baseline
2855860	Allium schoenoprasum	Liliopsida	196	Plantae	2006	0	0	0	0									correct_baseline
2855860	Allium schoenoprasum	Liliopsida	196	Plantae	2007	0	0	0	0									correct_baseline
2855860	Allium schoenoprasum	Liliopsida	196	Plantae	2008	0	0	0	0									correct_baseline
2855860	Allium schoenoprasum	Liliopsida	196	Plantae	2009	0	0	0	0									correct_baseline
2855860	Allium schoenoprasum	Liliopsida	196	Plantae	2010	0	0	0	0									correct_baseline
2855860	Allium schoenoprasum	Liliopsida	196	Plantae	2011	0	0	0	0									correct_baseline
2855860	Allium schoenoprasum	Liliopsida	196	Plantae	2012	0	0	0	0									correct_baseline
2855860	Allium schoenoprasum	Liliopsida	196	Plantae	2013	0	0	0	0									correct_baseline
2855860	Allium schoenoprasum	Liliopsida	196	Plantae	2014	0	0	0	0									correct_baseline
2855860	Allium schoenoprasum	Liliopsida	196	Plantae	2015	0	0	0	0									correct_baseline
2855860	Allium schoenoprasum	Liliopsida	196	Plantae	2016	1	1	196	63									correct_baseline
2855860	Allium schoenoprasum	Liliopsida	196	Plantae	2017	0	0	0	0									correct_baseline
2855860	Allium schoenoprasum	Liliopsida	196	Plantae	2018	0	0	0	0									correct_baseline
2855860	Allium schoenoprasum	Liliopsida	196	Plantae	2019	1	1	142	40									correct_baseline
2855860	Allium schoenoprasum	Liliopsida	196	Plantae	2020	1	1	205	50									correct_baseline
2855860	Allium schoenoprasum	Liliopsida	196	Plantae	2021	0	0	0	0									correct_baseline
2855860	Allium schoenoprasum	Liliopsida	196	Plantae	2022	1	1	544	60									correct_baseline
2855860	Allium schoenoprasum	Liliopsida	196	Plantae	2023	1	1	225	43									correct_baseline
2855860	Allium schoenoprasum	Liliopsida	196	Plantae	2024	1	1	452	52									correct_baseline
2873861	Linum usitatissimum	Magnoliopsida	220	Plantae	1986	1	1	1408	36									correct_baseline
2873861	Linum usitatissimum	Magnoliopsida	220	Plantae	1987	0	0	0	0									correct_baseline
2873861	Linum usitatissimum	Magnoliopsida	220	Plantae	1988	0	0	0	0									correct_baseline
2873861	Linum usitatissimum	Magnoliopsida	220	Plantae	1989	0	0	0	0									correct_baseline
2873861	Linum usitatissimum	Magnoliopsida	220	Plantae	1990	0	0	0	0									correct_baseline
2873861	Linum usitatissimum	Magnoliopsida	220	Plantae	1991	0	0	0	0									correct_baseline
2873861	Linum usitatissimum	Magnoliopsida	220	Plantae	1992	0	0	0	0									correct_baseline
2873861	Linum usitatissimum	Magnoliopsida	220	Plantae	1993	0	0	0	0									correct_baseline
2873861	Linum usitatissimum	Magnoliopsida	220	Plantae	1994	0	0	0	0									correct_baseline
2873861	Linum usitatissimum	Magnoliopsida	220	Plantae	1995	0	0	0	0									correct_baseline
2873861	Linum usitatissimum	Magnoliopsida	220	Plantae	1996	0	0	0	0									correct_baseline
2873861	Linum usitatissimum	Magnoliopsida	220	Plantae	1997	0	0	0	0									correct_baseline
2873861	Linum usitatissimum	Magnoliopsida	220	Plantae	1998	0	0	0	0									correct_baseline
2873861	Linum usitatissimum	Magnoliopsida	220	Plantae	1999	1	1	683	34									correct_baseline
2873861	Linum usitatissimum	Magnoliopsida	220	Plantae	2000	0	0	0	0									correct_baseline
2873861	Linum usitatissimum	Magnoliopsida	220	Plantae	2001	0	0	0	0									correct_baseline
2873861	Linum usitatissimum	Magnoliopsida	220	Plantae	2002	0	0	0	0									correct_baseline
2873861	Linum usitatissimum	Magnoliopsida	220	Plantae	2003	2	2	4125	65									correct_baseline
2873861	Linum usitatissimum	Magnoliopsida	220	Plantae	2004	0	0	0	0									correct_baseline
2873861	Linum usitatissimum	Magnoliopsida	220	Plantae	2005	0	0	0	0									correct_baseline
2873861	Linum usitatissimum	Magnoliopsida	220	Plantae	2006	0	0	0	0									correct_baseline
2873861	Linum usitatissimum	Magnoliopsida	220	Plantae	2007	0	0	0	0									correct_baseline
2873861	Linum usitatissimum	Magnoliopsida	220	Plantae	2008	0	0	0	0									correct_baseline
2873861	Linum usitatissimum	Magnoliopsida	220	Plantae	2009	0	0	0	0									correct_baseline
2873861	Linum usitatissimum	Magnoliopsida	220	Plantae	2010	0	0	0	0									correct_baseline
2873861	Linum usitatissimum	Magnoliopsida	220	Plantae	2011	0	0	0	0									correct_baseline
2873861	Linum usitatissimum	Magnoliopsida	220	Plantae	2012	0	0	0	0									correct_baseline
2873861	Linum usitatissimum	Magnoliopsida	220	Plantae	2013	0	0	0	0									correct_baseline
2873861	Linum usitatissimum	Magnoliopsida	220	Plantae	2014	0	0	0	0									correct_baseline
2873861	Linum usitatissimum	Magnoliopsida	220	Plantae	2015	0	0	0	0									correct_baseline
2873861	Linum usitatissimum	Magnoliopsida	220	Plantae	2016	2	2	1030	66									correct_baseline
2873861	Linum usitatissimum	Magnoliopsida	220	Plantae	2017	1	1	1124	67									correct_baseline
2873861	Linum usitatissimum	Magnoliopsida	220	Plantae	2018	0	0	0	0									correct_baseline
2873861	Linum usitatissimum	Magnoliopsida	220	Plantae	2019	0	0	0	0									correct_baseline
2873861	Linum usitatissimum	Magnoliopsida	220	Plantae	2020	4	2	2493	66									correct_baseline
2873861	Linum usitatissimum	Magnoliopsida	220	Plantae	2021	2	2	3525	66									correct_baseline
2873861	Linum usitatissimum	Magnoliopsida	220	Plantae	2022	1	1	2910	67									correct_baseline
2873861	Linum usitatissimum	Magnoliopsida	220	Plantae	2023	1	1	1723	66									correct_baseline
2873861	Linum usitatissimum	Magnoliopsida	220	Plantae	2024	1	1	2515	67									correct_baseline
2876607	Alnus cordata	Magnoliopsida	220	Plantae	1983	1	1	531	27									correct_baseline
2876607	Alnus cordata	Magnoliopsida	220	Plantae	1984	0	0	0	0									correct_baseline
2876607	Alnus cordata	Magnoliopsida	220	Plantae	1985	0	0	0	0									correct_baseline
2876607	Alnus cordata	Magnoliopsida	220	Plantae	1986	0	0	0	0									correct_baseline
2876607	Alnus cordata	Magnoliopsida	220	Plantae	1987	0	0	0	0									correct_baseline
2876607	Alnus cordata	Magnoliopsida	220	Plantae	1988	0	0	0	0									correct_baseline
2876607	Alnus cordata	Magnoliopsida	220	Plantae	1989	0	0	0	0									correct_baseline
2876607	Alnus cordata	Magnoliopsida	220	Plantae	1990	1	1	250	39									correct_baseline
2876607	Alnus cordata	Magnoliopsida	220	Plantae	1991	0	0	0	0									correct_baseline
2876607	Alnus cordata	Magnoliopsida	220	Plantae	1992	0	0	0	0									correct_baseline
2876607	Alnus cordata	Magnoliopsida	220	Plantae	1993	0	0	0	0									correct_baseline
2876607	Alnus cordata	Magnoliopsida	220	Plantae	1994	0	0	0	0									correct_baseline
2876607	Alnus cordata	Magnoliopsida	220	Plantae	1995	0	0	0	0									correct_baseline
2876607	Alnus cordata	Magnoliopsida	220	Plantae	1996	0	0	0	0									correct_baseline
2876607	Alnus cordata	Magnoliopsida	220	Plantae	1997	0	0	0	0									correct_baseline
2876607	Alnus cordata	Magnoliopsida	220	Plantae	1998	0	0	0	0									correct_baseline
2876607	Alnus cordata	Magnoliopsida	220	Plantae	1999	0	0	0	0									correct_baseline
2876607	Alnus cordata	Magnoliopsida	220	Plantae	2000	0	0	0	0									correct_baseline
2876607	Alnus cordata	Magnoliopsida	220	Plantae	2001	0	0	0	0									correct_baseline
2876607	Alnus cordata	Magnoliopsida	220	Plantae	2002	0	0	0	0									correct_baseline
2876607	Alnus cordata	Magnoliopsida	220	Plantae	2003	0	0	0	0									correct_baseline
2876607	Alnus cordata	Magnoliopsida	220	Plantae	2004	0	0	0	0									correct_baseline
2876607	Alnus cordata	Magnoliopsida	220	Plantae	2005	0	0	0	0									correct_baseline
2876607	Alnus cordata	Magnoliopsida	220	Plantae	2006	0	0	0	0									correct_baseline
2876607	Alnus cordata	Magnoliopsida	220	Plantae	2007	0	0	0	0									correct_baseline
2876607	Alnus cordata	Magnoliopsida	220	Plantae	2008	0	0	0	0									correct_baseline
2876607	Alnus cordata	Magnoliopsida	220	Plantae	2009	0	0	0	0									correct_baseline
2876607	Alnus cordata	Magnoliopsida	220	Plantae	2010	0	0	0	0									correct_baseline
2876607	Alnus cordata	Magnoliopsida	220	Plantae	2011	0	0	0	0									correct_baseline
2876607	Alnus cordata	Magnoliopsida	220	Plantae	2012	0	0	0	0									correct_baseline
2876607	Alnus cordata	Magnoliopsida	220	Plantae	2013	0	0	0	0									correct_baseline
2876607	Alnus cordata	Magnoliopsida	220	Plantae	2014	0	0	0	0									correct_baseline
2876607	Alnus cordata	Magnoliopsida	220	Plantae	2015	0	0	0	0									correct_baseline
2876607	Alnus cordata	Magnoliopsida	220	Plantae	2016	0	0	0	0									correct_baseline
2876607	Alnus cordata	Magnoliopsida	220	Plantae	2017	0	0	0	0									correct_baseline
2876607	Alnus cordata	Magnoliopsida	220	Plantae	2018	0	0	0	0									correct_baseline
2876607	Alnus cordata	Magnoliopsida	220	Plantae	2019	0	0	0	0									correct_baseline
2876607	Alnus cordata	Magnoliopsida	220	Plantae	2020	2	2	2495	66									correct_baseline
2876607	Alnus cordata	Magnoliopsida	220	Plantae	2021	1	1	3526	67									correct_baseline
2876607	Alnus cordata	Magnoliopsida	220	Plantae	2022	4	2	2907	66									correct_baseline
2876607	Alnus cordata	Magnoliopsida	220	Plantae	2023	3	2	1721	65									correct_baseline
2876607	Alnus cordata	Magnoliopsida	220	Plantae	2024	2	1	2514	67									correct_baseline
2880539	Quercus rubra	Magnoliopsida	220	Plantae	1980	4	4	907	33	0.6522427641155922	2.893672182683289	0.14701755986286513	0	0	0	1	0.9108611617718534	correct_baseline
2880539	Quercus rubra	Magnoliopsida	220	Plantae	1981	1	1	494	25	0.6311628418435029	2.6615487656919066	0.14967470747071046	0	0	0	1	0.9145368377606073	correct_baseline
2880539	Quercus rubra	Magnoliopsida	220	Plantae	1982	1	1	107	16	0.6118498794609555	2.4649608775888705	0.15187270451228035	0	0	0	1	0.9182114860347019	correct_baseline
2880539	Quercus rubra	Magnoliopsida	220	Plantae	1983	0	0	0	0	0.5941821997053304	2.298358170159909	0.1536107344061615	0	0	0	1	0.921882955175445	correct_baseline
2880539	Quercus rubra	Magnoliopsida	220	Plantae	1984	1	1	670	23	0.5780503887804131	2.157152296297463	0.15489970390255187	0	0	0	1	0.9255487255728225	correct_baseline
2880539	Quercus rubra	Magnoliopsida	220	Plantae	1985	0	0	0	0	0.5633561748440727	2.037532128270015	0.15576204926123613	0	0	0	1	0.9292058391625978	correct_baseline
2880539	Quercus rubra	Magnoliopsida	220	Plantae	1986	1	1	1408	36	0.5500114357360328	1.9363173587128804	0.15623088750363734	0	0	0	1	0.9328508143058335	correct_baseline
2880539	Quercus rubra	Magnoliopsida	220	Plantae	1987	0	0	0	0	0.5379373220007386	1.8508423779127432	0.1563485717933831	0	0	0	1	0.9364795418311227	correct_baseline
2880539	Quercus rubra	Magnoliopsida	220	Plantae	1988	0	0	0	0	0.5270634830249189	1.7788640512706122	0.15616478108033838	0	0	0	1	0.9400871580868811	correct_baseline
2880539	Quercus rubra	Magnoliopsida	220	Plantae	1989	0	0	0	0	0.5173273856667673	1.7184883524909667	0.1557343252125528	0	0	0	1	0.9436678905600103	correct_baseline
2880539	Quercus rubra	Magnoliopsida	220	Plantae	1990	0	0	0	0	0.5086737161304734	1.6681118518725735	0.15511486786184123	0	0	0	1	0.947214872207454	correct_baseline
2880539	Quercus rubra	Magnoliopsida	220	Plantae	1991	24	20	12422	48	0.5010538570599224	1.6263748932163509	0.15436475853247705	0	0	0	1	0.9507199222636791	correct_baseline
2880539	Quercus rubra	Magnoliopsida	220	Plantae	1992	1	1	5419	53	0.4944254329099182	1.5921239690523978	0.1535411271106332	0	0	0	1	0.9541732947970375	correct_baseline
2880539	Quercus rubra	Magnoliopsida	220	Plantae	1993	0	0	0	0	0.48875191762106246	1.5643813546520742	0.15269834063663687	0	0	0	1	0.957563403393553	correct_baseline
2880539	Quercus rubra	Magnoliopsida	220	Plantae	1994	0	0	0	0	0.48400229949217755	1.5423205072570705	0.15188686450803307	0	0	0	1	0.9608765425566425	correct_baseline
2880539	Quercus rubra	Magnoliopsida	220	Plantae	1995	0	0	0	0	0.4801507989268313	1.5252460929135556	0.15115251944011418	0	0	0	1	0.9640966463975017	correct_baseline
2880539	Quercus rubra	Magnoliopsida	220	Plantae	1996	0	0	0	0	0.47717663544147365	1.512577782140805	0.15053608753195927	0	0	0	1	0.9672051541868426	correct_baseline
2880539	Quercus rubra	Magnoliopsida	220	Plantae	1997	2	2	1290	55	0.4750638409739867	1.5038371701392625	0.15007319773859407	0	0	0	1	0.9701810889323238	correct_baseline
2880539	Quercus rubra	Magnoliopsida	220	Plantae	1998	2	1	647	35	0.4738011171340297	1.4986373400981523	0.1497944116237968	0	0	0	1	0.9730014898294764	correct_baseline
2880539	Quercus rubra	Magnoliopsida	220	Plantae	1999	3	3	681	32	0.47338173460044847	1.4966747115003216	0.1497254312720318	0	0	0	1	0.9756423494991145	correct_baseline
2880539	Quercus rubra	Magnoliopsida	220	Plantae	2000	3	3	927	33	0.47380347340553236	1.4977229098637002	0.149887358958525	0	0	0	1	0.978080155619049	correct_baseline
2880539	Quercus rubra	Magnoliopsida	220	Plantae	2001	2	2	455	19	0.4750686033597878	1.501628468979986	0.15029694931897794	0	0	0	1	0.9802939883307822	correct_baseline
2880539	Quercus rubra	Magnoliopsida	220	Plantae	2002	1	1	445	20	0.47718390437251434	1.5083082383403508	0.15096680691922024	0	0	0	1	0.9822678848756569	correct_baseline
2880539	Quercus rubra	Magnoliopsida	220	Plantae	2003	13	11	4114	56	0.48016072692096706	1.5177484222461273	0.1519054938868409	0	0	0	1	0.9839929420284329	correct_baseline
2880539	Quercus rubra	Magnoliopsida	220	Plantae	2004	14	13	5034	55	0.48401509342230864	1.530005226856123	0.1531175230963026	0	0	0	1	0.9854685484248394	correct_baseline
2880539	Quercus rubra	Magnoliopsida	220	Plantae	2005	5	5	1586	62	0.4887678417760674	1.5452071398920788	0.15460322243341423	0	0	0	1	0.9867023439527651	correct_baseline
2880539	Quercus rubra	Magnoliopsida	220	Plantae	2006	0	0	0	0	0.4944448128787927	1.5635589170870605	0.15635846549243382	0	0	0	1	0.9877089300118436	correct_baseline
2880539	Quercus rubra	Magnoliopsida	220	Plantae	2007	1	1	46	18	0.5010770844758425	1.5853474016836737	0.1583742745092716	0	0	0	1	0.9885077649039155	correct_baseline
2880539	Quercus rubra	Magnoliopsida	220	Plantae	2008	1	1	184	37	0.5087012543171365	1.6109493605026919	0.16063631327497313	0	0	0	1	0.9891208497413764	correct_baseline
2880539	Quercus rubra	Magnoliopsida	220	Plantae	2009	1	1	325	41	0.5173597762343974	1.6408415850201865	0.16312430188805388	0	0	0	1	0.9895707072092909	correct_baseline
2880539	Quercus rubra	Magnoliopsida	220	Plantae	2010	1	1	386	59	0.527101353468019	1.6756135822893679	0.16581140172438455	0	0	0	1	0.9898789118073837	correct_baseline
2880539	Quercus rubra	Magnoliopsida	220	Plantae	2011	0	0	0	0	0.5379813943545608	1.7159832738417782	0.16866363739298534	0	0	0	1	0.9900652022784743	correct_baseline
2880539	Quercus rubra	Magnoliopsida	220	Plantae	2012	1	1	912	67	0.5500625363547478	1.7628162386221125	0.17163944106704968	0	0	0	1	0.990147072620488	correct_baseline
2880539	Quercus rubra	Magnoliopsida	220	Plantae	2013	1	1	878	66	0.5634152453722372	1.817149189238601	0.17468942043821215	0	0	0	1	0.9901396954778879	correct_baseline
2880539	Quercus rubra	Magnoliopsida	220	Plantae	2014	0	0	0	0	0.5781184984028631	1.8802185735347954	0.17775646028602335	0	0	0	1	0.9900560446212304	correct_baseline
2880539	Quercus rubra	Magnoliopsida	220	Plantae	2015	1	1	761	67	0.5942605587824836	1.9534954636301098	0.18077626403505023	0	0	0	1	0.989907117181735	correct_baseline
2880539	Quercus rubra	Magnoliopsida	220	Plantae	2016	1	1	1031	67	0.6119398546916835	2.038728253598211	0.1836784206522694	0	0	0	1	0.9897021908935999	correct_baseline
2880539	Quercus rubra	Magnoliopsida	220	Plantae	2017	2	1	1123	67	0.631265973153374	2.137995159325379	0.18638804074141002	0	0	0	1	0.9894490787142214	correct_baseline
2880539	Quercus rubra	Magnoliopsida	220	Plantae	2018	1	1	2080	67	0.6523607835544807	2.2537691268819704	0.18882794463893782	0	0	0	1	0.9891543616465177	correct_baseline
2880539	Quercus rubra	Magnoliopsida	220	Plantae	2019	0	0	0	0	0.6753597067694461	2.3889985392261393	0.1909213111848359	0	0	0	1	0.988823592015511	correct_baseline
2880539	Quercus rubra	Magnoliopsida	220	Plantae	2020	6	6	2491	62	0.7004131483001078	2.5472081015565142	0.1925946207582696	0	0	0	1	0.9884614659314014	correct_baseline
2880539	Quercus rubra	Magnoliopsida	220	Plantae	2021	3	2	3524	66	0.727688116518225	2.732625531540645	0.19378066581383896	0	0	0	1	0.988071967030107	correct_baseline
2880539	Quercus rubra	Magnoliopsida	220	Plantae	2022	13	9	2898	59	0.7573700501544306	2.9503412519612966	0.19442137159205114	0	0	0	1	0.987658485081896	correct_baseline
2880539	Quercus rubra	Magnoliopsida	220	Plantae	2023	9	8	1715	59	0.7896648826787828	3.2065102838220816	0.19447017839993164	0	0	0	1	0.9872239134998959	correct_baseline
2880539	Quercus rubra	Magnoliopsida	220	Plantae	2024	7	6	2509	62	0.8248013752294866	3.5086081187288443	0.19389378510214517	0	0	0	1	0.9867707296870516	correct_baseline
2888380	Eschscholzia californica	Magnoliopsida	220	Plantae	2016	1	1	1031	67									correct_baseline
2888380	Eschscholzia californica	Magnoliopsida	220	Plantae	2017	1	1	1124	67									correct_baseline
2888380	Eschscholzia californica	Magnoliopsida	220	Plantae	2018	2	2	2079	66									correct_baseline
2888380	Eschscholzia californica	Magnoliopsida	220	Plantae	2019	3	3	1710	64									correct_baseline
2888380	Eschscholzia californica	Magnoliopsida	220	Plantae	2020	5	5	2492	63									correct_baseline
2888380	Eschscholzia californica	Magnoliopsida	220	Plantae	2021	5	5	3522	63									correct_baseline
2888380	Eschscholzia californica	Magnoliopsida	220	Plantae	2022	9	7	2902	61									correct_baseline
2888380	Eschscholzia californica	Magnoliopsida	220	Plantae	2023	1	1	1723	66									correct_baseline
2888380	Eschscholzia californica	Magnoliopsida	220	Plantae	2024	2	2	2514	66									correct_baseline
2888439	Papaver somniferum	Magnoliopsida	220	Plantae	2004	1	1	5047	67									correct_baseline
2888439	Papaver somniferum	Magnoliopsida	220	Plantae	2005	0	0	0	0									correct_baseline
2888439	Papaver somniferum	Magnoliopsida	220	Plantae	2006	0	0	0	0									correct_baseline
2888439	Papaver somniferum	Magnoliopsida	220	Plantae	2007	0	0	0	0									correct_baseline
2888439	Papaver somniferum	Magnoliopsida	220	Plantae	2008	0	0	0	0									correct_baseline
2888439	Papaver somniferum	Magnoliopsida	220	Plantae	2009	0	0	0	0									correct_baseline
2888439	Papaver somniferum	Magnoliopsida	220	Plantae	2010	1	1	386	59									correct_baseline
2888439	Papaver somniferum	Magnoliopsida	220	Plantae	2011	0	0	0	0									correct_baseline
2888439	Papaver somniferum	Magnoliopsida	220	Plantae	2012	3	1	910	67									correct_baseline
2888439	Papaver somniferum	Magnoliopsida	220	Plantae	2013	0	0	0	0									correct_baseline
2888439	Papaver somniferum	Magnoliopsida	220	Plantae	2014	0	0	0	0									correct_baseline
2888439	Papaver somniferum	Magnoliopsida	220	Plantae	2015	0	0	0	0									correct_baseline
2888439	Papaver somniferum	Magnoliopsida	220	Plantae	2016	0	0	0	0									correct_baseline
2888439	Papaver somniferum	Magnoliopsida	220	Plantae	2017	0	0	0	0									correct_baseline
2888439	Papaver somniferum	Magnoliopsida	220	Plantae	2018	0	0	0	0									correct_baseline
2888439	Papaver somniferum	Magnoliopsida	220	Plantae	2019	1	1	1712	66									correct_baseline
2888439	Papaver somniferum	Magnoliopsida	220	Plantae	2020	2	2	2495	66									correct_baseline
2888439	Papaver somniferum	Magnoliopsida	220	Plantae	2021	8	4	3519	64									correct_baseline
2888439	Papaver somniferum	Magnoliopsida	220	Plantae	2022	3	2	2908	66									correct_baseline
2888439	Papaver somniferum	Magnoliopsida	220	Plantae	2023	0	0	0	0									correct_baseline
2888439	Papaver somniferum	Magnoliopsida	220	Plantae	2024	2	2	2514	66									correct_baseline
2888513	Pseudofumaria lutea	Magnoliopsida	220	Plantae	1980	4	2	907	35	0.7346341945625322	4.594346678104518	0.117467713612591	0	0	0	1	0.8774185314108709	correct_baseline
2888513	Pseudofumaria lutea	Magnoliopsida	220	Plantae	1981	0	0	0	0	0.6879407736085319	4.0842878429302445	0.11587393596959765	0	0	0	1	0.8816245884529085	correct_baseline
2888513	Pseudofumaria lutea	Magnoliopsida	220	Plantae	1982	0	0	0	0	0.6459000444826684	3.6594803890672885	0.11400166775290292	0	0	0	1	0.8858467909758705	correct_baseline
2888513	Pseudofumaria lutea	Magnoliopsida	220	Plantae	1983	1	1	531	27	0.6080144928004836	3.30434674520285	0.11187737001031196	0	0	0	1	0.890084719825055	correct_baseline
2888513	Pseudofumaria lutea	Magnoliopsida	220	Plantae	1984	2	2	669	22	0.573848038096902	3.00642862329896	0.10953247593362792	0	0	0	1	0.894337875996645	correct_baseline
2888513	Pseudofumaria lutea	Magnoliopsida	220	Plantae	1985	0	0	0	0	0.5430179977016699	2.755716253720533	0.10700250631022853	0	0	0	1	0.8986056651926753	correct_baseline
2888513	Pseudofumaria lutea	Magnoliopsida	220	Plantae	1986	0	0	0	0	0.5151881913219668	2.5441306920553286	0.10432595829547395	0	0	0	1	0.9028873787567472	correct_baseline
2888513	Pseudofumaria lutea	Magnoliopsida	220	Plantae	1987	2	2	505	32	0.49006301685812337	2.365122679963366	0.10154304574839444	0	0	0	1	0.9071821697643127	correct_baseline
2888513	Pseudofumaria lutea	Magnoliopsida	220	Plantae	1988	0	0	0	0	0.4673823546278747	2.2133605755950287	0.09869438708998893	0	0	0	1	0.9114890229311834	correct_baseline
2888513	Pseudofumaria lutea	Magnoliopsida	220	Plantae	1989	0	0	0	0	0.44691717947566123	2.0844865857554127	0.09581974126165795	0	0	0	1	0.9158067163198679	correct_baseline
2888513	Pseudofumaria lutea	Magnoliopsida	220	Plantae	1990	0	0	0	0	0.4284657789372763	1.9749255520179445	0.09295688312541454	0	0	0	1	0.9201337723174499	correct_baseline
2888513	Pseudofumaria lutea	Magnoliopsida	220	Plantae	1991	19	14	12427	54	0.4118504913275546	1.8817343139743787	0.09014068880345537	0	0	0	1	0.9244683945292004	correct_baseline
2888513	Pseudofumaria lutea	Magnoliopsida	220	Plantae	1992	4	3	5416	51	0.3969148908241199	1.802482518249134	0.0874024735124494	0	0	0	1	0.9288083859006192	correct_baseline
2888513	Pseudofumaria lutea	Magnoliopsida	220	Plantae	1993	7	7	4519	56	0.3835213577505671	1.7351578964645682	0.08476959483084255	0	0	0	1	0.9331510418955952	correct_baseline
2888513	Pseudofumaria lutea	Magnoliopsida	220	Plantae	1994	7	6	6148	59	0.37154898166337225	1.6780906705024135	0.08226530794891897	0	0	0	1	0.9374930101285568	correct_baseline
2888513	Pseudofumaria lutea	Magnoliopsida	220	Plantae	1995	1	1	1349	36	0.36089175280512004	1.6298929858840636	0.07990883964207465	0	0	0	1	0.9418301048718187	correct_baseline
2888513	Pseudofumaria lutea	Magnoliopsida	220	Plantae	1996	0	0	0	0	0.35145700424085835	1.5894102187548365	0.07771563588330734	0	0	0	1	0.9461570606922227	correct_baseline
2888513	Pseudofumaria lutea	Magnoliopsida	220	Plantae	1997	0	0	0	0	0.3431640727433878	1.5556817206625262	0.07569773383444876	0	0	0	1	0.9504672043602541	correct_baseline
2888513	Pseudofumaria lutea	Magnoliopsida	220	Plantae	1998	0	0	0	0	0.3359431514032847	1.5279091129140767	0.0738642109146952	0	0	0	1	0.9547520184029246	correct_baseline
2888513	Pseudofumaria lutea	Magnoliopsida	220	Plantae	1999	0	0	0	0	0.329734311149764	1.5054306607289085	0.07222166970929526	0	0	0	1	0.9590005648176704	correct_baseline
2888513	Pseudofumaria lutea	Magnoliopsida	220	Plantae	2000	0	0	0	0	0.32448667199636066	1.4877005786891473	0.07077472564812	0	0	0	1	0.9631987379797116	correct_baseline
2888513	Pseudofumaria lutea	Magnoliopsida	220	Plantae	2001	1	1	456	20	0.3201577079699107	1.4742723673953202	0.06952647301776459	0	0	0	1	0.9673283321278754	correct_baseline
2888513	Pseudofumaria lutea	Magnoliopsida	220	Plantae	2002	0	0	0	0	0.316712672426665	1.4647854750739016	0.06847891283915093	0	0	0	1	0.9713659625479056	correct_baseline
2888513	Pseudofumaria lutea	Magnoliopsida	220	Plantae	2003	8	8	4119	59	0.31412413287762847	1.4589547308851394	0.06763333280139341	0	0	0	1	0.9752820093434418	correct_baseline
2888513	Pseudofumaria lutea	Magnoliopsida	220	Plantae	2004	12	11	5036	57	0.312371606598609	1.456562119145192	0.06699063454036569	0	0	0	1	0.9790400075071066	correct_baseline
2888513	Pseudofumaria lutea	Magnoliopsida	220	Plantae	2005	1	1	1590	66	0.3114412902433399	1.457450563366755	0.06655160710519972	0	0	0	1	0.9825972950721196	correct_baseline
2888513	Pseudofumaria lutea	Magnoliopsida	220	Plantae	2006	0	0	0	0	0.31132587845851145	1.4615194718570321	0.06631714764279588	0	0	0	1	0.9859080696798814	correct_baseline
2888513	Pseudofumaria lutea	Magnoliopsida	220	Plantae	2007	0	0	0	0	0.31202446816101165	1.4687218672014604	0.06628843139421145	0	0	0	1	0.9889297260523641	correct_baseline
2888513	Pseudofumaria lutea	Magnoliopsida	220	Plantae	2008	0	0	0	0	0.3135425467200062	1.4790629840081058	0.06646703329513416	0	0	0	1	0.9916317199806282	correct_baseline
2888513	Pseudofumaria lutea	Magnoliopsida	220	Plantae	2009	1	1	325	41	0.31589206382732776	1.4926002758890697	0.06685500304470314	0	0	0	1	0.9940035856876585	correct_baseline
2888513	Pseudofumaria lutea	Magnoliopsida	220	Plantae	2010	1	1	386	59	0.3190915883753804	1.509444826540075	0.06745489466170952	0	0	0	1	0.9960576602435308	correct_baseline
2888513	Pseudofumaria lutea	Magnoliopsida	220	Plantae	2011	2	1	395	67	0.32316655322868343	1.5297642134976233	0.0682697504649593	0	0	0	1	0.9978248223860062	correct_baseline
2888513	Pseudofumaria lutea	Magnoliopsida	220	Plantae	2012	4	3	909	65	0.32814959241043223	1.5537869292422386	0.06930303825611919	0	0	0	1	0.9993460007890242	correct_baseline
2888513	Pseudofumaria lutea	Magnoliopsida	220	Plantae	2013	7	2	872	65	0.3340809769681973	1.5818085254607768	0.07055853940318942	0	0	0	1	1.0006638950218694	correct_baseline
2888513	Pseudofumaria lutea	Magnoliopsida	220	Plantae	2014	3	3	903	64	0.3410091576753774	1.6141997154807062	0.07204018468299643	0	0	0	1	1.0018175621599308	correct_baseline
2888513	Pseudofumaria lutea	Magnoliopsida	220	Plantae	2015	0	0	0	0	0.3489914248139236	1.6514167506551671	0.07375183432366945	0	0	0	1	1.002840058123209	correct_baseline
2888513	Pseudofumaria lutea	Magnoliopsida	220	Plantae	2016	4	3	1028	65	0.35809469762157436	1.694014483070479	0.07569699890183981	0	0	0	1	1.0037581255338486	correct_baseline
2888513	Pseudofumaria lutea	Magnoliopsida	220	Plantae	2017	3	3	1122	65	0.36839645863321074	1.7426626446877782	0.07787849882890349	0	0	0	1	1.0045928771886992	correct_baseline
2888513	Pseudofumaria lutea	Magnoliopsida	220	Plantae	2018	9	7	2072	61	0.37998585117000677	1.7981660187046264	0.08029806235211279	0	0	0	1	1.00536079471568	correct_baseline
2888513	Pseudofumaria lutea	Magnoliopsida	220	Plantae	2019	5	3	1708	64	0.3929649617123149	1.86148936132899	0.08295586552442803	0	0	0	1	1.0060747064148616	correct_baseline
2888513	Pseudofumaria lutea	Magnoliopsida	220	Plantae	2020	6	4	2491	64	0.40745031292722383	1.9337881628366391	0.08585002261104291	0	0	0	1	1.006744618488344	correct_baseline
2888513	Pseudofumaria lutea	Magnoliopsida	220	Plantae	2021	11	7	3516	61	0.42357459782112966	2.016446630991743	0.0889760418955846	0	0	0	1	1.0073783764169453	correct_baseline
2888513	Pseudofumaria lutea	Magnoliopsida	220	Plantae	2022	7	5	2904	63	0.44148869098401156	2.1111246579242517	0.09232626957160464	0	0	0	1	1.0079821740608137	correct_baseline
2888513	Pseudofumaria lutea	Magnoliopsida	220	Plantae	2023	8	5	1716	62	0.46136397934331996	2.2198160203847532	0.09588935275753604	0	0	0	1	1.0085609394181683	correct_baseline
2888513	Pseudofumaria lutea	Magnoliopsida	220	Plantae	2024	22	10	2494	58	0.48339506244018915	2.344920698934381	0.09964976064979214	0	0	0	1	1.0091186252295707	correct_baseline
2888625	Viburnum rhytidophyllum	Magnoliopsida	220	Plantae	2009	2	2	324	40									correct_baseline
2888625	Viburnum rhytidophyllum	Magnoliopsida	220	Plantae	2010	0	0	0	0									correct_baseline
2888625	Viburnum rhytidophyllum	Magnoliopsida	220	Plantae	2011	0	0	0	0									correct_baseline
2888625	Viburnum rhytidophyllum	Magnoliopsida	220	Plantae	2012	0	0	0	0									correct_baseline
2888625	Viburnum rhytidophyllum	Magnoliopsida	220	Plantae	2013	0	0	0	0									correct_baseline
2888625	Viburnum rhytidophyllum	Magnoliopsida	220	Plantae	2014	0	0	0	0									correct_baseline
2888625	Viburnum rhytidophyllum	Magnoliopsida	220	Plantae	2015	0	0	0	0									correct_baseline
2888625	Viburnum rhytidophyllum	Magnoliopsida	220	Plantae	2016	0	0	0	0									correct_baseline
2888625	Viburnum rhytidophyllum	Magnoliopsida	220	Plantae	2017	0	0	0	0									correct_baseline
2888625	Viburnum rhytidophyllum	Magnoliopsida	220	Plantae	2018	1	1	2080	67									correct_baseline
2888625	Viburnum rhytidophyllum	Magnoliopsida	220	Plantae	2019	1	1	1712	66									correct_baseline
2888625	Viburnum rhytidophyllum	Magnoliopsida	220	Plantae	2020	0	0	0	0									correct_baseline
2888625	Viburnum rhytidophyllum	Magnoliopsida	220	Plantae	2021	0	0	0	0									correct_baseline
2888625	Viburnum rhytidophyllum	Magnoliopsida	220	Plantae	2022	3	2	2908	66									correct_baseline
2888625	Viburnum rhytidophyllum	Magnoliopsida	220	Plantae	2023	2	2	1722	65									correct_baseline
2888625	Viburnum rhytidophyllum	Magnoliopsida	220	Plantae	2024	1	1	2515	67									correct_baseline
2888740	Centranthus ruber	Magnoliopsida	220	Plantae	1984	2	1	669	23									correct_baseline
2888740	Centranthus ruber	Magnoliopsida	220	Plantae	1985	0	0	0	0									correct_baseline
2888740	Centranthus ruber	Magnoliopsida	220	Plantae	1986	0	0	0	0									correct_baseline
2888740	Centranthus ruber	Magnoliopsida	220	Plantae	1987	0	0	0	0									correct_baseline
2888740	Centranthus ruber	Magnoliopsida	220	Plantae	1988	0	0	0	0									correct_baseline
2888740	Centranthus ruber	Magnoliopsida	220	Plantae	1989	0	0	0	0									correct_baseline
2888740	Centranthus ruber	Magnoliopsida	220	Plantae	1990	0	0	0	0									correct_baseline
2888740	Centranthus ruber	Magnoliopsida	220	Plantae	1991	0	0	0	0									correct_baseline
2888740	Centranthus ruber	Magnoliopsida	220	Plantae	1992	0	0	0	0									correct_baseline
2888740	Centranthus ruber	Magnoliopsida	220	Plantae	1993	0	0	0	0									correct_baseline
2888740	Centranthus ruber	Magnoliopsida	220	Plantae	1994	0	0	0	0									correct_baseline
2888740	Centranthus ruber	Magnoliopsida	220	Plantae	1995	0	0	0	0									correct_baseline
2888740	Centranthus ruber	Magnoliopsida	220	Plantae	1996	0	0	0	0									correct_baseline
2888740	Centranthus ruber	Magnoliopsida	220	Plantae	1997	0	0	0	0									correct_baseline
2888740	Centranthus ruber	Magnoliopsida	220	Plantae	1998	0	0	0	0									correct_baseline
2888740	Centranthus ruber	Magnoliopsida	220	Plantae	1999	0	0	0	0									correct_baseline
2888740	Centranthus ruber	Magnoliopsida	220	Plantae	2000	0	0	0	0									correct_baseline
2888740	Centranthus ruber	Magnoliopsida	220	Plantae	2001	0	0	0	0									correct_baseline
2888740	Centranthus ruber	Magnoliopsida	220	Plantae	2002	0	0	0	0									correct_baseline
2888740	Centranthus ruber	Magnoliopsida	220	Plantae	2003	0	0	0	0									correct_baseline
2888740	Centranthus ruber	Magnoliopsida	220	Plantae	2004	0	0	0	0									correct_baseline
2888740	Centranthus ruber	Magnoliopsida	220	Plantae	2005	0	0	0	0									correct_baseline
2888740	Centranthus ruber	Magnoliopsida	220	Plantae	2006	0	0	0	0									correct_baseline
2888740	Centranthus ruber	Magnoliopsida	220	Plantae	2007	0	0	0	0									correct_baseline
2888740	Centranthus ruber	Magnoliopsida	220	Plantae	2008	0	0	0	0									correct_baseline
2888740	Centranthus ruber	Magnoliopsida	220	Plantae	2009	1	1	325	41									correct_baseline
2888740	Centranthus ruber	Magnoliopsida	220	Plantae	2010	1	1	386	59									correct_baseline
2888740	Centranthus ruber	Magnoliopsida	220	Plantae	2011	0	0	0	0									correct_baseline
2888740	Centranthus ruber	Magnoliopsida	220	Plantae	2012	0	0	0	0									correct_baseline
2888740	Centranthus ruber	Magnoliopsida	220	Plantae	2013	0	0	0	0									correct_baseline
2888740	Centranthus ruber	Magnoliopsida	220	Plantae	2014	0	0	0	0									correct_baseline
2888740	Centranthus ruber	Magnoliopsida	220	Plantae	2015	0	0	0	0									correct_baseline
2888740	Centranthus ruber	Magnoliopsida	220	Plantae	2016	0	0	0	0									correct_baseline
2888740	Centranthus ruber	Magnoliopsida	220	Plantae	2017	0	0	0	0									correct_baseline
2888740	Centranthus ruber	Magnoliopsida	220	Plantae	2018	2	1	2079	67									correct_baseline
2888740	Centranthus ruber	Magnoliopsida	220	Plantae	2019	0	0	0	0									correct_baseline
2888740	Centranthus ruber	Magnoliopsida	220	Plantae	2020	0	0	0	0									correct_baseline
2888740	Centranthus ruber	Magnoliopsida	220	Plantae	2021	4	3	3523	65									correct_baseline
2888740	Centranthus ruber	Magnoliopsida	220	Plantae	2022	1	1	2910	67									correct_baseline
2888740	Centranthus ruber	Magnoliopsida	220	Plantae	2023	8	6	1716	61									correct_baseline
2888740	Centranthus ruber	Magnoliopsida	220	Plantae	2024	6	4	2510	64									correct_baseline
2889088	Reynoutria sachalinensis	Magnoliopsida	220	Plantae	1991	15	10	12431	58									correct_baseline
2889088	Reynoutria sachalinensis	Magnoliopsida	220	Plantae	1992	1	1	5419	53									correct_baseline
2889088	Reynoutria sachalinensis	Magnoliopsida	220	Plantae	1993	5	5	4521	58									correct_baseline
2889088	Reynoutria sachalinensis	Magnoliopsida	220	Plantae	1994	7	7	6148	58									correct_baseline
2889088	Reynoutria sachalinensis	Magnoliopsida	220	Plantae	1995	0	0	0	0									correct_baseline
2889088	Reynoutria sachalinensis	Magnoliopsida	220	Plantae	1996	0	0	0	0									correct_baseline
2889088	Reynoutria sachalinensis	Magnoliopsida	220	Plantae	1997	1	1	1291	56									correct_baseline
2889088	Reynoutria sachalinensis	Magnoliopsida	220	Plantae	1998	0	0	0	0									correct_baseline
2889088	Reynoutria sachalinensis	Magnoliopsida	220	Plantae	1999	0	0	0	0									correct_baseline
2889088	Reynoutria sachalinensis	Magnoliopsida	220	Plantae	2000	0	0	0	0									correct_baseline
2889088	Reynoutria sachalinensis	Magnoliopsida	220	Plantae	2001	0	0	0	0									correct_baseline
2889088	Reynoutria sachalinensis	Magnoliopsida	220	Plantae	2002	0	0	0	0									correct_baseline
2889088	Reynoutria sachalinensis	Magnoliopsida	220	Plantae	2003	3	3	4124	64									correct_baseline
2889088	Reynoutria sachalinensis	Magnoliopsida	220	Plantae	2004	1	1	5047	67									correct_baseline
2889088	Reynoutria sachalinensis	Magnoliopsida	220	Plantae	2005	1	1	1590	66									correct_baseline
2889088	Reynoutria sachalinensis	Magnoliopsida	220	Plantae	2006	0	0	0	0									correct_baseline
2889088	Reynoutria sachalinensis	Magnoliopsida	220	Plantae	2007	1	1	46	18									correct_baseline
2889088	Reynoutria sachalinensis	Magnoliopsida	220	Plantae	2008	0	0	0	0									correct_baseline
2889088	Reynoutria sachalinensis	Magnoliopsida	220	Plantae	2009	0	0	0	0									correct_baseline
2889088	Reynoutria sachalinensis	Magnoliopsida	220	Plantae	2010	0	0	0	0									correct_baseline
2889088	Reynoutria sachalinensis	Magnoliopsida	220	Plantae	2011	0	0	0	0									correct_baseline
2889088	Reynoutria sachalinensis	Magnoliopsida	220	Plantae	2012	0	0	0	0									correct_baseline
2889088	Reynoutria sachalinensis	Magnoliopsida	220	Plantae	2013	0	0	0	0									correct_baseline
2889088	Reynoutria sachalinensis	Magnoliopsida	220	Plantae	2014	0	0	0	0									correct_baseline
2889088	Reynoutria sachalinensis	Magnoliopsida	220	Plantae	2015	1	1	761	67									correct_baseline
2889088	Reynoutria sachalinensis	Magnoliopsida	220	Plantae	2016	0	0	0	0									correct_baseline
2889088	Reynoutria sachalinensis	Magnoliopsida	220	Plantae	2017	0	0	0	0									correct_baseline
2889088	Reynoutria sachalinensis	Magnoliopsida	220	Plantae	2018	0	0	0	0									correct_baseline
2889088	Reynoutria sachalinensis	Magnoliopsida	220	Plantae	2019	1	1	1712	66									correct_baseline
2889088	Reynoutria sachalinensis	Magnoliopsida	220	Plantae	2020	0	0	0	0									correct_baseline
2889088	Reynoutria sachalinensis	Magnoliopsida	220	Plantae	2021	0	0	0	0									correct_baseline
2889088	Reynoutria sachalinensis	Magnoliopsida	220	Plantae	2022	1	1	2910	67									correct_baseline
2889088	Reynoutria sachalinensis	Magnoliopsida	220	Plantae	2023	0	0	0	0									correct_baseline
2889088	Reynoutria sachalinensis	Magnoliopsida	220	Plantae	2024	2	2	2514	66									correct_baseline
2889173	Reynoutria japonica	Magnoliopsida	220	Plantae	1980	4	3	907	34	1.2495511595811961	4.398794075858285	0.35495594326180374	1	0	3	3	1.1051624755094516	correct_baseline
2889173	Reynoutria japonica	Magnoliopsida	220	Plantae	1981	2	2	493	24	1.5851208056041826	4.75207084959537	0.5287395848850184	1	0	3	3	1.096627797181967	correct_baseline
2889173	Reynoutria japonica	Magnoliopsida	220	Plantae	1982	0	0	0	0	1.967552430864115	5.17883587010705	0.747515979516699	1	0	3	3	1.0879393474776462	correct_baseline
2889173	Reynoutria japonica	Magnoliopsida	220	Plantae	1983	1	1	531	27	2.3897719646799365	5.690559288025216	1.0035938040726549	1	0	3	3	1.0790229416365424	correct_baseline
2889173	Reynoutria japonica	Magnoliopsida	220	Plantae	1984	2	1	669	23	2.840424898769722	6.29063434625938	1.2825437247594103	1	0	3	3	1.0697787486994939	correct_baseline
2889173	Reynoutria japonica	Magnoliopsida	220	Plantae	1985	0	0	0	0	3.304230597597994	6.967244110070624	1.5670385118732588	1	0	3	3	1.0600766382953082	correct_baseline
2889173	Reynoutria japonica	Magnoliopsida	220	Plantae	1986	0	0	0	0	3.7629376043941427	7.688771817987741	1.8416074439141468	1	0	3	3	1.0497515465966387	correct_baseline
2889173	Reynoutria japonica	Magnoliopsida	220	Plantae	1987	4	3	503	31	4.196818925876817	8.405516817103337	2.095443918541541	1	0	3	3	1.0386036282646234	correct_baseline
2889173	Reynoutria japonica	Magnoliopsida	220	Plantae	1988	0	0	0	0	4.586522748075014	9.058142948713945	2.322351395613186	1	0	3	3	1.0264190096871275	correct_baseline
2889173	Reynoutria japonica	Magnoliopsida	220	Plantae	1989	0	0	0	0	4.914999602425751	9.589661674865265	2.519090027457585	1	0	3	3	1.0130427665351431	correct_baseline
2889173	Reynoutria japonica	Magnoliopsida	220	Plantae	1990	1	1	250	39	5.169192583343763	9.956629372785445	2.6836945479493006	0	0	0	1	0.9985251246904191	correct_baseline
2889173	Reynoutria japonica	Magnoliopsida	220	Plantae	1991	52	31	12394	37	5.341216667924985	10.136323229467243	2.8144914924165376	0	0	0	1	0.9832669715248413	correct_baseline
2889173	Reynoutria japonica	Magnoliopsida	220	Plantae	1992	30	22	5390	32	5.428857016712996	10.128549255650217	2.909843035168407	0	0	0	1	0.9679915630546405	correct_baseline
2889173	Reynoutria japonica	Magnoliopsida	220	Plantae	1993	36	27	4490	36	5.4353546150448295	9.952542830941159	2.968395142138303	0	0	0	1	0.9535113140716092	correct_baseline
2889173	Reynoutria japonica	Magnoliopsida	220	Plantae	1994	43	24	6112	41	5.368581949275126	9.640676973105347	2.989590069917984	0	0	0	1	0.940492086229072	correct_baseline
2889173	Reynoutria japonica	Magnoliopsida	220	Plantae	1995	5	5	1345	32	5.239807727205667	9.231156979907665	2.974230107649935	0	0	0	1	0.9293597583017698	correct_baseline
2889173	Reynoutria japonica	Magnoliopsida	220	Plantae	1996	2	2	869	38	5.0622896235421395	8.761599239238494	2.924897103014465	0	0	0	1	0.9203159283949631	correct_baseline
2889173	Reynoutria japonica	Magnoliopsida	220	Plantae	1997	5	4	1287	53	4.84991823404286	8.264654830740195	2.8460604052589056	0	0	0	1	0.9133882247150662	correct_baseline
2889173	Reynoutria japonica	Magnoliopsida	220	Plantae	1998	3	3	646	33	4.616079370296688	7.76599683839288	2.7437802507898326	0	0	0	1	0.9084792019068576	correct_baseline
2889173	Reynoutria japonica	Magnoliopsida	220	Plantae	1999	7	5	677	30	4.372827819905458	7.284309514816371	2.625042648674595	-1	0	-3	0	0.9054084448365362	correct_baseline
2889173	Reynoutria japonica	Magnoliopsida	220	Plantae	2000	2	2	928	34	4.130394559523277	6.832533624181405	2.496900879779196	-1	0	-3	0	0.9039530553955252	correct_baseline
2889173	Reynoutria japonica	Magnoliopsida	220	Plantae	2001	2	2	455	19	3.8969951141930914	6.4195596039335054	2.365671768315609	-1	0	-3	0	0.903890830751117	correct_baseline
2889173	Reynoutria japonica	Magnoliopsida	220	Plantae	2002	3	3	443	18	3.678874871339126	6.051748124425232	2.2363984820098377	-1	0	-3	0	0.9050433939578858	correct_baseline
2889173	Reynoutria japonica	Magnoliopsida	220	Plantae	2003	20	17	4107	50	3.4805163029961634	5.733958767299873	2.1126754179864067	-1	0	-3	0	0.9073083872267188	correct_baseline
2889173	Reynoutria japonica	Magnoliopsida	220	Plantae	2004	21	20	5027	48	3.304937798211211	5.470042451749787	1.9968060479222025	0	0	0	1	0.9106686690643643	correct_baseline
2889173	Reynoutria japonica	Magnoliopsida	220	Plantae	2005	3	3	1588	64	3.154027554796185	5.262925679766641	1.8901824615647422	0	0	0	1	0.9151759493808576	correct_baseline
2889173	Reynoutria japonica	Magnoliopsida	220	Plantae	2006	2	2	195	14	3.028872949431669	5.114481301237018	1.793744233961713	0	0	0	1	0.9209182533217511	correct_baseline
2889173	Reynoutria japonica	Magnoliopsida	220	Plantae	2007	2	2	45	17	2.9300619898739613	5.025370990205522	1.70838397428506	0	0	0	1	0.9279839396089444	correct_baseline
2889173	Reynoutria japonica	Magnoliopsida	220	Plantae	2008	2	2	183	36	2.857946709893656	4.994986354355556	1.6352115535750595	0	0	0	1	0.9364290783942858	correct_baseline
2889173	Reynoutria japonica	Magnoliopsida	220	Plantae	2009	2	1	324	41	2.812868037072476	5.02153448268278	1.5756591179986914	0	0	0	1	0.9462467839869865	correct_baseline
2889173	Reynoutria japonica	Magnoliopsida	220	Plantae	2010	1	1	386	59	2.7953480359627587	5.1022474708697585	1.5314762145060832	0	0	0	1	0.957331046384918	correct_baseline
2889173	Reynoutria japonica	Magnoliopsida	220	Plantae	2011	0	0	0	0	2.8062592648744284	5.233681278078305	1.5046944288867987	0	0	0	1	0.9694239840254157	correct_baseline
2889173	Reynoutria japonica	Magnoliopsida	220	Plantae	2012	9	6	904	62	2.8469831767396476	5.412115914891379	1.4976237272259625	0	0	0	1	0.982037409441979	correct_baseline
2889173	Reynoutria japonica	Magnoliopsida	220	Plantae	2013	5	5	874	62	2.9195708799695907	5.6341544708974505	1.5128967739872172	0	0	0	1	0.9943677426569738	correct_baseline
2889173	Reynoutria japonica	Magnoliopsida	220	Plantae	2014	3	3	903	64	3.026920863027815	5.8977185332214495	1.5535244449905026	0	0	0	1	1.0053198038448172	correct_baseline
2889173	Reynoutria japonica	Magnoliopsida	220	Plantae	2015	2	2	760	66	3.172990062604714	6.203751984274962	1.6228672524156214	1	0	3	3	1.0138419081637515	correct_baseline
2889173	Reynoutria japonica	Magnoliopsida	220	Plantae	2016	7	6	1025	62	3.363057430037049	6.559104559883858	1.7243444092813285	1	0	3	3	1.0194535016648263	correct_baseline
2889173	Reynoutria japonica	Magnoliopsida	220	Plantae	2017	26	13	1099	55	3.6040634272005785	6.981320222742678	1.8605754746745908	1	0	3	3	1.0223689803610005	correct_baseline
2889173	Reynoutria japonica	Magnoliopsida	220	Plantae	2018	17	13	2064	55	3.9050552392392537	7.506421957677812	2.0315213436559225	1	0	3	3	1.0231420622499414	correct_baseline
2889173	Reynoutria japonica	Magnoliopsida	220	Plantae	2019	19	9	1694	58	4.277776676179903	8.201107745448835	2.231329456855866	1	0	3	3	1.0223403003695344	correct_baseline
2889173	Reynoutria japonica	Magnoliopsida	220	Plantae	2020	27	17	2470	51	4.737454794610364	9.180569839959203	2.444671553315743	1	0	3	3	1.020430950074989	correct_baseline
2889173	Reynoutria japonica	Magnoliopsida	220	Plantae	2021	31	22	3496	46	5.3038537306956854	10.632395818671146	2.6457691075810965	1	0	3	3	1.0177727126269218	correct_baseline
2889173	Reynoutria japonica	Magnoliopsida	220	Plantae	2022	50	20	2861	48	6.002692403566243	12.8491368405556	2.804259658758046	1	0	3	3	1.0146302447075466	correct_baseline
2889173	Reynoutria japonica	Magnoliopsida	220	Plantae	2023	24	14	1700	53	6.867560240702394	16.283618843390723	2.8963699109684846	1	0	3	3	1.011187796792282	correct_baseline
2889173	Reynoutria japonica	Magnoliopsida	220	Plantae	2024	62	22	2454	46	7.94251981537713	21.659530319947024	2.9125110325943875	0	0	0	1	1.0075616043238012	correct_baseline
2889373	Fagopyrum esculentum	Magnoliopsida	220	Plantae	1991	1	1	12445	67									correct_baseline
2889373	Fagopyrum esculentum	Magnoliopsida	220	Plantae	1992	0	0	0	0									correct_baseline
2889373	Fagopyrum esculentum	Magnoliopsida	220	Plantae	1993	0	0	0	0									correct_baseline
2889373	Fagopyrum esculentum	Magnoliopsida	220	Plantae	1994	1	1	6154	64									correct_baseline
2889373	Fagopyrum esculentum	Magnoliopsida	220	Plantae	1995	0	0	0	0									correct_baseline
2889373	Fagopyrum esculentum	Magnoliopsida	220	Plantae	1996	0	0	0	0									correct_baseline
2889373	Fagopyrum esculentum	Magnoliopsida	220	Plantae	1997	0	0	0	0									correct_baseline
2889373	Fagopyrum esculentum	Magnoliopsida	220	Plantae	1998	0	0	0	0									correct_baseline
2889373	Fagopyrum esculentum	Magnoliopsida	220	Plantae	1999	0	0	0	0									correct_baseline
2889373	Fagopyrum esculentum	Magnoliopsida	220	Plantae	2000	0	0	0	0									correct_baseline
2889373	Fagopyrum esculentum	Magnoliopsida	220	Plantae	2001	0	0	0	0									correct_baseline
2889373	Fagopyrum esculentum	Magnoliopsida	220	Plantae	2002	0	0	0	0									correct_baseline
2889373	Fagopyrum esculentum	Magnoliopsida	220	Plantae	2003	2	1	4125	66									correct_baseline
2889373	Fagopyrum esculentum	Magnoliopsida	220	Plantae	2004	0	0	0	0									correct_baseline
2889373	Fagopyrum esculentum	Magnoliopsida	220	Plantae	2005	0	0	0	0									correct_baseline
2889373	Fagopyrum esculentum	Magnoliopsida	220	Plantae	2006	0	0	0	0									correct_baseline
2889373	Fagopyrum esculentum	Magnoliopsida	220	Plantae	2007	0	0	0	0									correct_baseline
2889373	Fagopyrum esculentum	Magnoliopsida	220	Plantae	2008	0	0	0	0									correct_baseline
2889373	Fagopyrum esculentum	Magnoliopsida	220	Plantae	2009	0	0	0	0									correct_baseline
2889373	Fagopyrum esculentum	Magnoliopsida	220	Plantae	2010	0	0	0	0									correct_baseline
2889373	Fagopyrum esculentum	Magnoliopsida	220	Plantae	2011	0	0	0	0									correct_baseline
2889373	Fagopyrum esculentum	Magnoliopsida	220	Plantae	2012	0	0	0	0									correct_baseline
2889373	Fagopyrum esculentum	Magnoliopsida	220	Plantae	2013	1	1	878	66									correct_baseline
2889373	Fagopyrum esculentum	Magnoliopsida	220	Plantae	2014	0	0	0	0									correct_baseline
2889373	Fagopyrum esculentum	Magnoliopsida	220	Plantae	2015	0	0	0	0									correct_baseline
2889373	Fagopyrum esculentum	Magnoliopsida	220	Plantae	2016	0	0	0	0									correct_baseline
2889373	Fagopyrum esculentum	Magnoliopsida	220	Plantae	2017	0	0	0	0									correct_baseline
2889373	Fagopyrum esculentum	Magnoliopsida	220	Plantae	2018	1	1	2080	67									correct_baseline
2889373	Fagopyrum esculentum	Magnoliopsida	220	Plantae	2019	1	1	1712	66									correct_baseline
2889373	Fagopyrum esculentum	Magnoliopsida	220	Plantae	2020	5	2	2492	66									correct_baseline
2889373	Fagopyrum esculentum	Magnoliopsida	220	Plantae	2021	2	2	3525	66									correct_baseline
2889373	Fagopyrum esculentum	Magnoliopsida	220	Plantae	2022	4	4	2907	64									correct_baseline
2889373	Fagopyrum esculentum	Magnoliopsida	220	Plantae	2023	2	2	1722	65									correct_baseline
2889373	Fagopyrum esculentum	Magnoliopsida	220	Plantae	2024	3	3	2513	65									correct_baseline
2890122	Geranium pyrenaicum	Magnoliopsida	220	Plantae	1984	2	1	669	23	0.6343360642352324	7.454449607787294	0.0539787997183717	-1	0	-3	0	0.7266395993313128	correct_baseline
2890122	Geranium pyrenaicum	Magnoliopsida	220	Plantae	1985	0	0	0	0	0.5191654052583635	5.7994683322757545	0.046475418533980385	-1	0	-3	0	0.7375171669617345	correct_baseline
2890122	Geranium pyrenaicum	Magnoliopsida	220	Plantae	1986	0	0	0	0	0.4291943763099942	4.6154200144993025	0.03991138662948067	-1	0	-3	0	0.7485560350415604	correct_baseline
2890122	Geranium pyrenaicum	Magnoliopsida	220	Plantae	1987	0	0	0	0	0.35839689252728213	3.7539206706627377	0.03421711427656122	-1	0	-3	0	0.7597583464476234	correct_baseline
2890122	Geranium pyrenaicum	Magnoliopsida	220	Plantae	1988	0	0	0	0	0.30229877225303164	3.117035953826797	0.029317771453196473	-1	0	-3	0	0.7711262185091281	correct_baseline
2890122	Geranium pyrenaicum	Magnoliopsida	220	Plantae	1989	0	0	0	0	0.2575552852802847	2.63914696570302	0.025134911332282895	-1	0	-3	0	0.7826617270192546	correct_baseline
2890122	Geranium pyrenaicum	Magnoliopsida	220	Plantae	1990	0	0	0	0	0.2216493615651579	2.2756382620583504	0.021588861596044995	-1	0	-3	0	0.7943668846781069	correct_baseline
2890122	Geranium pyrenaicum	Magnoliopsida	220	Plantae	1991	14	11	12432	57	0.19267458758357736	1.995742210457982	0.01860134866415565	-1	0	-3	0	0.8062436117180695	correct_baseline
2890122	Geranium pyrenaicum	Magnoliopsida	220	Plantae	1992	3	3	5417	51	0.16917817138023322	1.7779501918493277	0.01609789396956575	-1	0	-3	0	0.8182936951797956	correct_baseline
2890122	Geranium pyrenaicum	Magnoliopsida	220	Plantae	1993	1	1	4525	62	0.15004659681669874	1.6070303809079896	0.014009679893887442	-1	0	-3	0	0.8305187316860806	correct_baseline
2890122	Geranium pyrenaicum	Magnoliopsida	220	Plantae	1994	5	5	6150	60	0.13442186226507336	1.4720644043610385	0.01227475985512566	-1	0	-3	0	0.8429200453124178	correct_baseline
2890122	Geranium pyrenaicum	Magnoliopsida	220	Plantae	1995	1	1	1349	36	0.12163977285504043	1.3651385623507544	0.010838631878325131	-1	0	-3	0	0.8554985673421317	correct_baseline
2890122	Geranium pyrenaicum	Magnoliopsida	220	Plantae	1996	1	1	870	39	0.11118423895620339	1.2804609263187883	0.00965428521728469	-1	0	-3	0	0.8682546558844463	correct_baseline
2890122	Geranium pyrenaicum	Magnoliopsida	220	Plantae	1997	2	2	1290	55	0.10265327024166432	1.2137590038517203	0.008681866711487237	-1	0	-3	0	0.8811878176723745	correct_baseline
2890122	Geranium pyrenaicum	Magnoliopsida	220	Plantae	1998	1	1	648	35	0.09573357675789472	1.1618645509009544	0.007888112010778612	-1	0	-3	0	0.8942962652283798	correct_baseline
2890122	Geranium pyrenaicum	Magnoliopsida	220	Plantae	1999	0	0	0	0	0.09018155406747719	1.1224248002896107	0.007245663755760641	-1	0	-3	0	0.9075761859567213	correct_baseline
2890122	Geranium pyrenaicum	Magnoliopsida	220	Plantae	2000	0	0	0	0	0.08580904706258381	1.0937002172453014	0.006732368195312574	0	0	0	1	0.9210204838031161	correct_baseline
2890122	Geranium pyrenaicum	Magnoliopsida	220	Plantae	2001	0	0	0	0	0.0824727311613179	1.0744223434557516	0.006330612376628353	0	0	0	1	0.9346165050666045	correct_baseline
2890122	Geranium pyrenaicum	Magnoliopsida	220	Plantae	2002	0	0	0	0	0.08006627217908803	1.0636940826940053	0.006026740248869054	0	0	0	1	0.9483416914581932	correct_baseline
2890122	Geranium pyrenaicum	Magnoliopsida	220	Plantae	2003	1	1	4126	66	0.07851466357314675	1.0609206091001142	0.005810568993690548	0	0	0	1	0.9621547315678951	correct_baseline
2890122	Geranium pyrenaicum	Magnoliopsida	220	Plantae	2004	5	5	5043	63	0.07777031777457964	1.065763010151947	0.005675016180095041	0	0	0	1	0.9759763310452111	correct_baseline
2890122	Geranium pyrenaicum	Magnoliopsida	220	Plantae	2005	2	2	1589	65	0.07781062555062387	1.0781094911378508	0.005615842823338294	0	0	0	1	0.9896453228559421	correct_baseline
2890122	Geranium pyrenaicum	Magnoliopsida	220	Plantae	2006	0	0	0	0	0.07863680756693855	1.0980609101797651	0.005631515926841777	0	0	0	1	1.0028224453685393	correct_baseline
2890122	Geranium pyrenaicum	Magnoliopsida	220	Plantae	2007	0	0	0	0	0.08027397620495864	1.1259288805810859	0.005723195635970007	1	0	3	3	1.0148583442543129	correct_baseline
2890122	Geranium pyrenaicum	Magnoliopsida	220	Plantae	2008	0	0	0	0	0.08277241203190286	1.1622458812939187	0.005894856074647159	1	0	3	3	1.0250002152099966	correct_baseline
2890122	Geranium pyrenaicum	Magnoliopsida	220	Plantae	2009	0	0	0	0	0.08621014606702054	1.2077879191516734	0.006153554913943205	1	0	3	3	1.033235849378005	correct_baseline
2890122	Geranium pyrenaicum	Magnoliopsida	220	Plantae	2010	0	0	0	0	0.09069703412931637	1.2636114308559196	0.006509874633123923	1	0	3	3	1.0402604435288043	correct_baseline
2890122	Geranium pyrenaicum	Magnoliopsida	220	Plantae	2011	0	0	0	0	0.09638062202977483	1.331107445251346	0.006978568361243211	1	0	3	3	1.046662843628873	correct_baseline
2890122	Geranium pyrenaicum	Magnoliopsida	220	Plantae	2012	2	2	911	66	0.10345424110398284	1.4120777223213055	0.0075794553183707045	1	0	3	3	1.052752117102271	correct_baseline
2890122	Geranium pyrenaicum	Magnoliopsida	220	Plantae	2013	1	1	878	66	0.11216795676425986	1.508839878030332	0.008338625395488087	1	0	3	3	1.0586782261473802	correct_baseline
2890122	Geranium pyrenaicum	Magnoliopsida	220	Plantae	2014	3	1	903	66	0.12284323760364588	1.6243717269198819	0.009290029354032269	1	0	3	3	1.0645173574769482	correct_baseline
2890122	Geranium pyrenaicum	Magnoliopsida	220	Plantae	2015	0	0	0	0	0.13589254580439292	1.762509722720883	0.010477550147462928	1	0	3	3	1.070311047307326	correct_baseline
2890122	Geranium pyrenaicum	Magnoliopsida	220	Plantae	2016	4	3	1028	65	0.15184550889153708	1.928223206273846	0.011957670924978646	1	0	3	3	1.0760835181748198	correct_baseline
2890122	Geranium pyrenaicum	Magnoliopsida	220	Plantae	2017	3	2	1122	66	0.1713839720781741	2.1279963501789765	0.01380287418388757	1	0	3	3	1.081849745730112	correct_baseline
2890122	Geranium pyrenaicum	Magnoliopsida	220	Plantae	2018	0	0	0	0	0.19538912716229034	2.3703650595975927	0.01610592041874039	1	0	3	3	1.0876194602382974	correct_baseline
2890122	Geranium pyrenaicum	Magnoliopsida	220	Plantae	2019	3	3	1710	64	0.22500518076226245	2.6666795717788165	0.01898515738660243	1	0	3	3	1.093399257355657	correct_baseline
2890122	Geranium pyrenaicum	Magnoliopsida	220	Plantae	2020	5	4	2492	64	0.2617258261224222	3.032199793676051	0.022590994235382737	1	0	3	3	1.0991937742760887	correct_baseline
2890122	Geranium pyrenaicum	Magnoliopsida	220	Plantae	2021	20	12	3507	56	0.307512360595702	3.4876871710745947	0.027113627822877493	1	0	3	3	1.1050063770809697	correct_baseline
2890122	Geranium pyrenaicum	Magnoliopsida	220	Plantae	2022	14	13	2897	55	0.3649560028436672	4.061746665838077	0.03279202150440975	1	0	3	3	1.1108395794131327	correct_baseline
2890122	Geranium pyrenaicum	Magnoliopsida	220	Plantae	2023	31	15	1693	52	0.4375023418944194	4.794316149436498	0.03992400442461406	1	0	3	3	1.1166953068308592	correct_baseline
2890122	Geranium pyrenaicum	Magnoliopsida	220	Plantae	2024	52	18	2464	50	0.5297636909987541	5.741933426257355	0.04887718952247648	1	0	3	3	1.1225750690600218	correct_baseline
2890287	Geranium nodosum	Magnoliopsida	220	Plantae	1981	2	1	493	25									correct_baseline
2890287	Geranium nodosum	Magnoliopsida	220	Plantae	1982	0	0	0	0									correct_baseline
2890287	Geranium nodosum	Magnoliopsida	220	Plantae	1983	0	0	0	0									correct_baseline
2890287	Geranium nodosum	Magnoliopsida	220	Plantae	1984	0	0	0	0									correct_baseline
2890287	Geranium nodosum	Magnoliopsida	220	Plantae	1985	0	0	0	0									correct_baseline
2890287	Geranium nodosum	Magnoliopsida	220	Plantae	1986	0	0	0	0									correct_baseline
2890287	Geranium nodosum	Magnoliopsida	220	Plantae	1987	0	0	0	0									correct_baseline
2890287	Geranium nodosum	Magnoliopsida	220	Plantae	1988	0	0	0	0									correct_baseline
2890287	Geranium nodosum	Magnoliopsida	220	Plantae	1989	0	0	0	0									correct_baseline
2890287	Geranium nodosum	Magnoliopsida	220	Plantae	1990	0	0	0	0									correct_baseline
2890287	Geranium nodosum	Magnoliopsida	220	Plantae	1991	0	0	0	0									correct_baseline
2890287	Geranium nodosum	Magnoliopsida	220	Plantae	1992	0	0	0	0									correct_baseline
2890287	Geranium nodosum	Magnoliopsida	220	Plantae	1993	0	0	0	0									correct_baseline
2890287	Geranium nodosum	Magnoliopsida	220	Plantae	1994	0	0	0	0									correct_baseline
2890287	Geranium nodosum	Magnoliopsida	220	Plantae	1995	0	0	0	0									correct_baseline
2890287	Geranium nodosum	Magnoliopsida	220	Plantae	1996	0	0	0	0									correct_baseline
2890287	Geranium nodosum	Magnoliopsida	220	Plantae	1997	0	0	0	0									correct_baseline
2890287	Geranium nodosum	Magnoliopsida	220	Plantae	1998	0	0	0	0									correct_baseline
2890287	Geranium nodosum	Magnoliopsida	220	Plantae	1999	0	0	0	0									correct_baseline
2890287	Geranium nodosum	Magnoliopsida	220	Plantae	2000	0	0	0	0									correct_baseline
2890287	Geranium nodosum	Magnoliopsida	220	Plantae	2001	0	0	0	0									correct_baseline
2890287	Geranium nodosum	Magnoliopsida	220	Plantae	2002	0	0	0	0									correct_baseline
2890287	Geranium nodosum	Magnoliopsida	220	Plantae	2003	0	0	0	0									correct_baseline
2890287	Geranium nodosum	Magnoliopsida	220	Plantae	2004	0	0	0	0									correct_baseline
2890287	Geranium nodosum	Magnoliopsida	220	Plantae	2005	0	0	0	0									correct_baseline
2890287	Geranium nodosum	Magnoliopsida	220	Plantae	2006	0	0	0	0									correct_baseline
2890287	Geranium nodosum	Magnoliopsida	220	Plantae	2007	0	0	0	0									correct_baseline
2890287	Geranium nodosum	Magnoliopsida	220	Plantae	2008	0	0	0	0									correct_baseline
2890287	Geranium nodosum	Magnoliopsida	220	Plantae	2009	0	0	0	0									correct_baseline
2890287	Geranium nodosum	Magnoliopsida	220	Plantae	2010	0	0	0	0									correct_baseline
2890287	Geranium nodosum	Magnoliopsida	220	Plantae	2011	0	0	0	0									correct_baseline
2890287	Geranium nodosum	Magnoliopsida	220	Plantae	2012	1	1	912	67									correct_baseline
2890287	Geranium nodosum	Magnoliopsida	220	Plantae	2013	0	0	0	0									correct_baseline
2890287	Geranium nodosum	Magnoliopsida	220	Plantae	2014	0	0	0	0									correct_baseline
2890287	Geranium nodosum	Magnoliopsida	220	Plantae	2015	0	0	0	0									correct_baseline
2890287	Geranium nodosum	Magnoliopsida	220	Plantae	2016	0	0	0	0									correct_baseline
2890287	Geranium nodosum	Magnoliopsida	220	Plantae	2017	0	0	0	0									correct_baseline
2890287	Geranium nodosum	Magnoliopsida	220	Plantae	2018	1	1	2080	67									correct_baseline
2890287	Geranium nodosum	Magnoliopsida	220	Plantae	2019	0	0	0	0									correct_baseline
2890287	Geranium nodosum	Magnoliopsida	220	Plantae	2020	2	2	2495	66									correct_baseline
2890287	Geranium nodosum	Magnoliopsida	220	Plantae	2021	1	1	3526	67									correct_baseline
2890287	Geranium nodosum	Magnoliopsida	220	Plantae	2022	3	3	2908	65									correct_baseline
2890287	Geranium nodosum	Magnoliopsida	220	Plantae	2023	2	2	1722	65									correct_baseline
2890287	Geranium nodosum	Magnoliopsida	220	Plantae	2024	3	3	2513	65									correct_baseline
2890502	Geranium endressii	Magnoliopsida	220	Plantae	1980	2	1	909	36									correct_baseline
2890502	Geranium endressii	Magnoliopsida	220	Plantae	1981	1	1	494	25									correct_baseline
2890502	Geranium endressii	Magnoliopsida	220	Plantae	1982	0	0	0	0									correct_baseline
2890502	Geranium endressii	Magnoliopsida	220	Plantae	1983	1	1	531	27									correct_baseline
2890502	Geranium endressii	Magnoliopsida	220	Plantae	1984	0	0	0	0									correct_baseline
2890502	Geranium endressii	Magnoliopsida	220	Plantae	1985	0	0	0	0									correct_baseline
2890502	Geranium endressii	Magnoliopsida	220	Plantae	1986	0	0	0	0									correct_baseline
2890502	Geranium endressii	Magnoliopsida	220	Plantae	1987	0	0	0	0									correct_baseline
2890502	Geranium endressii	Magnoliopsida	220	Plantae	1988	0	0	0	0									correct_baseline
2890502	Geranium endressii	Magnoliopsida	220	Plantae	1989	0	0	0	0									correct_baseline
2890502	Geranium endressii	Magnoliopsida	220	Plantae	1990	0	0	0	0									correct_baseline
2890502	Geranium endressii	Magnoliopsida	220	Plantae	1991	0	0	0	0									correct_baseline
2890502	Geranium endressii	Magnoliopsida	220	Plantae	1992	0	0	0	0									correct_baseline
2890502	Geranium endressii	Magnoliopsida	220	Plantae	1993	0	0	0	0									correct_baseline
2890502	Geranium endressii	Magnoliopsida	220	Plantae	1994	0	0	0	0									correct_baseline
2890502	Geranium endressii	Magnoliopsida	220	Plantae	1995	0	0	0	0									correct_baseline
2890502	Geranium endressii	Magnoliopsida	220	Plantae	1996	0	0	0	0									correct_baseline
2890502	Geranium endressii	Magnoliopsida	220	Plantae	1997	1	1	1291	56									correct_baseline
2890502	Geranium endressii	Magnoliopsida	220	Plantae	1998	0	0	0	0									correct_baseline
2890502	Geranium endressii	Magnoliopsida	220	Plantae	1999	0	0	0	0									correct_baseline
2890502	Geranium endressii	Magnoliopsida	220	Plantae	2000	0	0	0	0									correct_baseline
2890502	Geranium endressii	Magnoliopsida	220	Plantae	2001	0	0	0	0									correct_baseline
2890502	Geranium endressii	Magnoliopsida	220	Plantae	2002	0	0	0	0									correct_baseline
2890502	Geranium endressii	Magnoliopsida	220	Plantae	2003	0	0	0	0									correct_baseline
2890502	Geranium endressii	Magnoliopsida	220	Plantae	2004	0	0	0	0									correct_baseline
2890502	Geranium endressii	Magnoliopsida	220	Plantae	2005	0	0	0	0									correct_baseline
2890502	Geranium endressii	Magnoliopsida	220	Plantae	2006	0	0	0	0									correct_baseline
2890502	Geranium endressii	Magnoliopsida	220	Plantae	2007	0	0	0	0									correct_baseline
2890502	Geranium endressii	Magnoliopsida	220	Plantae	2008	0	0	0	0									correct_baseline
2890502	Geranium endressii	Magnoliopsida	220	Plantae	2009	0	0	0	0									correct_baseline
2890502	Geranium endressii	Magnoliopsida	220	Plantae	2010	0	0	0	0									correct_baseline
2890502	Geranium endressii	Magnoliopsida	220	Plantae	2011	0	0	0	0									correct_baseline
2890502	Geranium endressii	Magnoliopsida	220	Plantae	2012	0	0	0	0									correct_baseline
2890502	Geranium endressii	Magnoliopsida	220	Plantae	2013	0	0	0	0									correct_baseline
2890502	Geranium endressii	Magnoliopsida	220	Plantae	2014	0	0	0	0									correct_baseline
2890502	Geranium endressii	Magnoliopsida	220	Plantae	2015	0	0	0	0									correct_baseline
2890502	Geranium endressii	Magnoliopsida	220	Plantae	2016	1	1	1031	67									correct_baseline
2890502	Geranium endressii	Magnoliopsida	220	Plantae	2017	0	0	0	0									correct_baseline
2890502	Geranium endressii	Magnoliopsida	220	Plantae	2018	1	1	2080	67									correct_baseline
2890502	Geranium endressii	Magnoliopsida	220	Plantae	2019	0	0	0	0									correct_baseline
2890502	Geranium endressii	Magnoliopsida	220	Plantae	2020	1	1	2496	67									correct_baseline
2890502	Geranium endressii	Magnoliopsida	220	Plantae	2021	2	2	3525	66									correct_baseline
2890502	Geranium endressii	Magnoliopsida	220	Plantae	2022	3	3	2908	65									correct_baseline
2890502	Geranium endressii	Magnoliopsida	220	Plantae	2023	1	1	1723	66									correct_baseline
2890502	Geranium endressii	Magnoliopsida	220	Plantae	2024	3	3	2513	65									correct_baseline
2890541	Geranium purpureum	Magnoliopsida	220	Plantae	1999	2	1	682	34									correct_baseline
2890541	Geranium purpureum	Magnoliopsida	220	Plantae	2000	0	0	0	0									correct_baseline
2890541	Geranium purpureum	Magnoliopsida	220	Plantae	2001	0	0	0	0									correct_baseline
2890541	Geranium purpureum	Magnoliopsida	220	Plantae	2002	0	0	0	0									correct_baseline
2890541	Geranium purpureum	Magnoliopsida	220	Plantae	2003	0	0	0	0									correct_baseline
2890541	Geranium purpureum	Magnoliopsida	220	Plantae	2004	0	0	0	0									correct_baseline
2890541	Geranium purpureum	Magnoliopsida	220	Plantae	2005	0	0	0	0									correct_baseline
2890541	Geranium purpureum	Magnoliopsida	220	Plantae	2006	0	0	0	0									correct_baseline
2890541	Geranium purpureum	Magnoliopsida	220	Plantae	2007	0	0	0	0									correct_baseline
2890541	Geranium purpureum	Magnoliopsida	220	Plantae	2008	0	0	0	0									correct_baseline
2890541	Geranium purpureum	Magnoliopsida	220	Plantae	2009	0	0	0	0									correct_baseline
2890541	Geranium purpureum	Magnoliopsida	220	Plantae	2010	1	1	386	59									correct_baseline
2890541	Geranium purpureum	Magnoliopsida	220	Plantae	2011	0	0	0	0									correct_baseline
2890541	Geranium purpureum	Magnoliopsida	220	Plantae	2012	0	0	0	0									correct_baseline
2890541	Geranium purpureum	Magnoliopsida	220	Plantae	2013	0	0	0	0									correct_baseline
2890541	Geranium purpureum	Magnoliopsida	220	Plantae	2014	1	1	905	66									correct_baseline
2890541	Geranium purpureum	Magnoliopsida	220	Plantae	2015	0	0	0	0									correct_baseline
2890541	Geranium purpureum	Magnoliopsida	220	Plantae	2016	0	0	0	0									correct_baseline
2890541	Geranium purpureum	Magnoliopsida	220	Plantae	2017	0	0	0	0									correct_baseline
2890541	Geranium purpureum	Magnoliopsida	220	Plantae	2018	2	1	2079	67									correct_baseline
2890541	Geranium purpureum	Magnoliopsida	220	Plantae	2019	0	0	0	0									correct_baseline
2890541	Geranium purpureum	Magnoliopsida	220	Plantae	2020	0	0	0	0									correct_baseline
2890541	Geranium purpureum	Magnoliopsida	220	Plantae	2021	2	2	3525	66									correct_baseline
2890541	Geranium purpureum	Magnoliopsida	220	Plantae	2022	0	0	0	0									correct_baseline
2890541	Geranium purpureum	Magnoliopsida	220	Plantae	2023	5	5	1719	62									correct_baseline
2890541	Geranium purpureum	Magnoliopsida	220	Plantae	2024	3	2	2513	66									correct_baseline
2891079	Geranium macrorrhizum	Magnoliopsida	220	Plantae	2016	4	2	1028	66									correct_baseline
2891079	Geranium macrorrhizum	Magnoliopsida	220	Plantae	2017	0	0	0	0									correct_baseline
2891079	Geranium macrorrhizum	Magnoliopsida	220	Plantae	2018	0	0	0	0									correct_baseline
2891079	Geranium macrorrhizum	Magnoliopsida	220	Plantae	2019	13	11	1700	56									correct_baseline
2891079	Geranium macrorrhizum	Magnoliopsida	220	Plantae	2020	18	13	2479	55									correct_baseline
2891079	Geranium macrorrhizum	Magnoliopsida	220	Plantae	2021	9	7	3518	61									correct_baseline
2891079	Geranium macrorrhizum	Magnoliopsida	220	Plantae	2022	4	4	2907	64									correct_baseline
2891079	Geranium macrorrhizum	Magnoliopsida	220	Plantae	2023	1	1	1723	66									correct_baseline
2891079	Geranium macrorrhizum	Magnoliopsida	220	Plantae	2024	1	1	2515	67									correct_baseline
2891390	Geranium phaeum	Magnoliopsida	220	Plantae	1990	1	1	250	39									correct_baseline
2891390	Geranium phaeum	Magnoliopsida	220	Plantae	1991	2	2	12444	66									correct_baseline
2891390	Geranium phaeum	Magnoliopsida	220	Plantae	1992	1	1	5419	53									correct_baseline
2891390	Geranium phaeum	Magnoliopsida	220	Plantae	1993	0	0	0	0									correct_baseline
2891390	Geranium phaeum	Magnoliopsida	220	Plantae	1994	0	0	0	0									correct_baseline
2891390	Geranium phaeum	Magnoliopsida	220	Plantae	1995	0	0	0	0									correct_baseline
2891390	Geranium phaeum	Magnoliopsida	220	Plantae	1996	0	0	0	0									correct_baseline
2891390	Geranium phaeum	Magnoliopsida	220	Plantae	1997	1	1	1291	56									correct_baseline
2891390	Geranium phaeum	Magnoliopsida	220	Plantae	1998	0	0	0	0									correct_baseline
2891390	Geranium phaeum	Magnoliopsida	220	Plantae	1999	0	0	0	0									correct_baseline
2891390	Geranium phaeum	Magnoliopsida	220	Plantae	2000	0	0	0	0									correct_baseline
2891390	Geranium phaeum	Magnoliopsida	220	Plantae	2001	0	0	0	0									correct_baseline
2891390	Geranium phaeum	Magnoliopsida	220	Plantae	2002	0	0	0	0									correct_baseline
2891390	Geranium phaeum	Magnoliopsida	220	Plantae	2003	0	0	0	0									correct_baseline
2891390	Geranium phaeum	Magnoliopsida	220	Plantae	2004	0	0	0	0									correct_baseline
2891390	Geranium phaeum	Magnoliopsida	220	Plantae	2005	0	0	0	0									correct_baseline
2891390	Geranium phaeum	Magnoliopsida	220	Plantae	2006	0	0	0	0									correct_baseline
2891390	Geranium phaeum	Magnoliopsida	220	Plantae	2007	0	0	0	0									correct_baseline
2891390	Geranium phaeum	Magnoliopsida	220	Plantae	2008	0	0	0	0									correct_baseline
2891390	Geranium phaeum	Magnoliopsida	220	Plantae	2009	0	0	0	0									correct_baseline
2891390	Geranium phaeum	Magnoliopsida	220	Plantae	2010	0	0	0	0									correct_baseline
2891390	Geranium phaeum	Magnoliopsida	220	Plantae	2011	0	0	0	0									correct_baseline
2891390	Geranium phaeum	Magnoliopsida	220	Plantae	2012	0	0	0	0									correct_baseline
2891390	Geranium phaeum	Magnoliopsida	220	Plantae	2013	1	1	878	66									correct_baseline
2891390	Geranium phaeum	Magnoliopsida	220	Plantae	2014	1	1	905	66									correct_baseline
2891390	Geranium phaeum	Magnoliopsida	220	Plantae	2015	0	0	0	0									correct_baseline
2891390	Geranium phaeum	Magnoliopsida	220	Plantae	2016	0	0	0	0									correct_baseline
2891390	Geranium phaeum	Magnoliopsida	220	Plantae	2017	0	0	0	0									correct_baseline
2891390	Geranium phaeum	Magnoliopsida	220	Plantae	2018	1	1	2080	67									correct_baseline
2891390	Geranium phaeum	Magnoliopsida	220	Plantae	2019	2	2	1711	65									correct_baseline
2891390	Geranium phaeum	Magnoliopsida	220	Plantae	2020	0	0	0	0									correct_baseline
2891390	Geranium phaeum	Magnoliopsida	220	Plantae	2021	11	6	3516	62									correct_baseline
2891390	Geranium phaeum	Magnoliopsida	220	Plantae	2022	6	4	2905	64									correct_baseline
2891390	Geranium phaeum	Magnoliopsida	220	Plantae	2023	2	2	1722	65									correct_baseline
2891390	Geranium phaeum	Magnoliopsida	220	Plantae	2024	1	1	2515	67									correct_baseline
2891770	Impatiens glandulifera	Magnoliopsida	220	Plantae	1984	2	2	669	22	0.5620016773413287	3.3379321038878924	0.09462322045633642	0	0	0	1	0.8948690697472909	correct_baseline
2891770	Impatiens glandulifera	Magnoliopsida	220	Plantae	1985	0	0	0	0	0.5378636230598033	3.082445880310158	0.09385315695531657	0	0	0	1	0.8992950238372225	correct_baseline
2891770	Impatiens glandulifera	Magnoliopsida	220	Plantae	1986	0	0	0	0	0.5159072131234883	2.870146620457513	0.09273402642768733	0	0	0	1	0.9037376467734559	correct_baseline
2891770	Impatiens glandulifera	Magnoliopsida	220	Plantae	1987	0	0	0	0	0.4959477140551737	2.6936388736752277	0.09131295864503038	0	0	0	1	0.9081962342473546	correct_baseline
2891770	Impatiens glandulifera	Magnoliopsida	220	Plantae	1988	0	0	0	0	0.4778208004784568	2.546922808108139	0.08964257442080253	0	0	0	1	0.9126699249140557	correct_baseline
2891770	Impatiens glandulifera	Magnoliopsida	220	Plantae	1989	0	0	0	0	0.4613803307406908	2.4251060973530674	0.0877783490902656	0	0	0	1	0.9171576612476039	correct_baseline
2891770	Impatiens glandulifera	Magnoliopsida	220	Plantae	1990	0	0	0	0	0.4464964048621803	2.324180232593305	0.08577606708770966	0	0	0	1	0.921658138374686	correct_baseline
2891770	Impatiens glandulifera	Magnoliopsida	220	Plantae	1991	10	8	12436	60	0.4330536690089047	2.2408460364676555	0.08368958741034008	0	0	0	1	0.9261697364912466	correct_baseline
2891770	Impatiens glandulifera	Magnoliopsida	220	Plantae	1992	3	3	5417	51	0.4209498357337031	2.172376878884116	0.08156907115272431	0	0	0	1	0.9306904305276708	correct_baseline
2891770	Impatiens glandulifera	Magnoliopsida	220	Plantae	1993	1	1	4525	62	0.41009439356577293	2.116510904625645	0.0794597425728006	0	0	0	1	0.9352176680075156	correct_baseline
2891770	Impatiens glandulifera	Magnoliopsida	220	Plantae	1994	7	6	6148	59	0.4004074832598146	2.0713657034777775	0.07740118144337074	0	0	0	1	0.9397482017445858	correct_baseline
2891770	Impatiens glandulifera	Magnoliopsida	220	Plantae	1995	0	0	0	0	0.39181892123674367	2.0353704511360315	0.07542708844644863	0	0	0	1	0.9442778577510169	correct_baseline
2891770	Impatiens glandulifera	Magnoliopsida	220	Plantae	1996	2	2	869	38	0.38426735353610997	2.007211748343503	0.07356543180633865	0	0	0	1	0.9488012090238238	correct_baseline
2891770	Impatiens glandulifera	Magnoliopsida	220	Plantae	1997	0	0	0	0	0.3776995260230456	1.9857902832466614	0.07183887098329274	0	0	0	1	0.9533111111902522	correct_baseline
2891770	Impatiens glandulifera	Magnoliopsida	220	Plantae	1998	0	0	0	0	0.37206965870674613	1.9701861132181429	0.07026535716670473	0	0	0	1	0.9577980339886512	correct_baseline
2891770	Impatiens glandulifera	Magnoliopsida	220	Plantae	1999	0	0	0	0	0.36733891388209766	1.959630865775939	0.06885882438815788	0	0	0	1	0.9622490907886572	correct_baseline
2891770	Impatiens glandulifera	Magnoliopsida	220	Plantae	2000	0	0	0	0	0.36347494944319986	1.9534855382603011	0.06762990372091127	0	0	0	1	0.9666466263933812	correct_baseline
2891770	Impatiens glandulifera	Magnoliopsida	220	Plantae	2001	0	0	0	0	0.36045155017373254	1.9512228659258428	0.06658661206340367	0	0	0	1	0.9709661811989383	correct_baseline
2891770	Impatiens glandulifera	Magnoliopsida	220	Plantae	2002	0	0	0	0	0.3582483311262434	1.952413452560529	0.06573498384085714	0	0	0	1	0.9751736503519736	correct_baseline
2891770	Impatiens glandulifera	Magnoliopsida	220	Plantae	2003	8	8	4119	59	0.35685050838860655	1.9567150344603217	0.06507962738290558	0	0	0	1	0.9792216344024971	correct_baseline
2891770	Impatiens glandulifera	Magnoliopsida	220	Plantae	2004	4	4	5044	64	0.35624873362619786	1.9638643904788566	0.06462419748815952	0	0	0	1	0.9830456629233422	correct_baseline
2891770	Impatiens glandulifera	Magnoliopsida	220	Plantae	2005	4	4	1587	63	0.3564389898054117	1.9736715273781906	0.0643717820777771	0	0	0	1	0.986562715229812	correct_baseline
2891770	Impatiens glandulifera	Magnoliopsida	220	Plantae	2006	0	0	0	0	0.3574225464688923	1.986015867883518	0.06432520444081377	0	0	0	1	0.9896773033516972	correct_baseline
2891770	Impatiens glandulifera	Magnoliopsida	220	Plantae	2007	0	0	0	0	0.3592059738648228	2.0008442541444795	0.0644872440185735	0	0	0	1	0.992301231480826	correct_baseline
2891770	Impatiens glandulifera	Magnoliopsida	220	Plantae	2008	3	3	182	35	0.36180121615059213	2.0181706561437385	0.06486077855188303	0	0	0	1	0.9943844950863489	correct_baseline
2891770	Impatiens glandulifera	Magnoliopsida	220	Plantae	2009	1	1	325	41	0.36522572481354554	2.0380775467538856	0.0654488492246206	0	0	0	1	0.9959376768182707	correct_baseline
2891770	Impatiens glandulifera	Magnoliopsida	220	Plantae	2010	1	1	386	59	0.3695026543968762	2.0607189760819566	0.06625464859159297	0	0	0	1	0.9970255520568921	correct_baseline
2891770	Impatiens glandulifera	Magnoliopsida	220	Plantae	2011	1	1	396	67	0.3746611236060994	2.0863254508274083	0.0672814289286054	0	0	0	1	0.9977383618316426	correct_baseline
2891770	Impatiens glandulifera	Magnoliopsida	220	Plantae	2012	8	5	905	63	0.3807365459211235	2.115210803118464	0.06853232651149106	0	0	0	1	0.9981644780631231	correct_baseline
2891770	Impatiens glandulifera	Magnoliopsida	220	Plantae	2013	4	2	875	65	0.387771034972345	2.1477813215423036	0.0700100955601694	0	0	0	1	0.9983768922212785	correct_baseline
2891770	Impatiens glandulifera	Magnoliopsida	220	Plantae	2014	3	3	903	64	0.3958138911802064	2.1845475193137083	0.07171674457346426	0	0	0	1	0.9984309331159154	correct_baseline
2891770	Impatiens glandulifera	Magnoliopsida	220	Plantae	2015	4	2	758	66	0.4049221775327129	2.226139036123633	0.07365306802370268	0	0	0	1	0.9983669400684474	correct_baseline
2891770	Impatiens glandulifera	Magnoliopsida	220	Plantae	2016	4	3	1028	65	0.4151613939143275	2.2733233179007715	0.07581806848136623	0	0	0	1	0.9982139553074442	correct_baseline
2891770	Impatiens glandulifera	Magnoliopsida	220	Plantae	2017	3	3	1122	65	0.4266062611364486	2.3270289011399083	0.07820826890103065	0	0	0	1	0.9979929232733603	correct_baseline
2891770	Impatiens glandulifera	Magnoliopsida	220	Plantae	2018	9	3	2072	65	0.4393416277934028	2.3883743569362084	0.08081692275400372	0	0	0	1	0.9977190867384239	correct_baseline
2891770	Impatiens glandulifera	Magnoliopsida	220	Plantae	2019	14	7	1699	60	0.4534635153237707	2.4587042395617833	0.08363314156339566	0	0	0	1	0.9974036800715494	correct_baseline
2891770	Impatiens glandulifera	Magnoliopsida	220	Plantae	2020	11	7	2486	61	0.46908031924755844	2.5396337558289894	0.08664097545575698	0	0	0	1	0.9970551002587315	correct_baseline
2891770	Impatiens glandulifera	Magnoliopsida	220	Plantae	2021	19	6	3508	62	0.48631418753673983	2.633104352555537	0.08981850216835685	0	0	0	1	0.9966797135400481	correct_baseline
2891770	Impatiens glandulifera	Magnoliopsida	220	Plantae	2022	11	5	2900	63	0.5053026005322272	2.741453048383908	0.09313700201984113	0	0	0	1	0.9962824138313697	correct_baseline
2891770	Impatiens glandulifera	Magnoliopsida	220	Plantae	2023	10	5	1714	62	0.5262001808293145	2.8674991651073225	0.09656031767124862	0	0	0	1	0.9958670130365741	correct_baseline
2891770	Impatiens glandulifera	Magnoliopsida	220	Plantae	2024	9	3	2507	65	0.549180766216305	3.014653213137945	0.10004451346760168	0	0	0	1	0.9954365171046392	correct_baseline
2891782	Impatiens parviflora	Magnoliopsida	220	Plantae	1980	4	4	907	33	2.082876750688148	5.581793490031609	0.7772368444488346	0	0	0	1	0.9741553440112338	correct_baseline
2891782	Impatiens parviflora	Magnoliopsida	220	Plantae	1981	2	2	493	24	2.228280065993827	5.366685451980646	0.9251952805754563	0	0	0	1	0.9776774941625431	correct_baseline
2891782	Impatiens parviflora	Magnoliopsida	220	Plantae	1982	0	0	0	0	2.3743500606681858	5.220476611014006	1.0798895638572743	0	0	0	1	0.9810879075126362	correct_baseline
2891782	Impatiens parviflora	Magnoliopsida	220	Plantae	1983	3	2	529	26	2.5199399251825576	5.136914398258857	1.2361695629347884	0	0	0	1	0.9843430978604492	correct_baseline
2891782	Impatiens parviflora	Magnoliopsida	220	Plantae	1984	3	3	668	21	2.6638578549154266	5.109761917767864	1.3887415471393385	0	0	0	1	0.9873839454859507	correct_baseline
2891782	Impatiens parviflora	Magnoliopsida	220	Plantae	1985	0	0	0	0	2.804902906349996	5.131891954714668	1.5330564991382574	0	0	0	1	0.9901358369763466	correct_baseline
2891782	Impatiens parviflora	Magnoliopsida	220	Plantae	1986	2	1	1407	36	2.9419074702534234	5.194750530353055	1.6660702978829445	0	0	0	1	0.9925109658112354	correct_baseline
2891782	Impatiens parviflora	Magnoliopsida	220	Plantae	1987	0	0	0	0	3.0737838781282596	5.288437197671873	1.7865669906414996	0	0	0	1	0.994413420063438	correct_baseline
2891782	Impatiens parviflora	Magnoliopsida	220	Plantae	1988	1	1	175	22	3.1995721733124407	5.402418570959874	1.894940563706894	0	0	0	1	0.9957485688372663	correct_baseline
2891782	Impatiens parviflora	Magnoliopsida	220	Plantae	1989	1	1	160	43	3.3184858781564883	5.526603939353104	1.992606787888087	0	0	0	1	0.9964388663070958	correct_baseline
2891782	Impatiens parviflora	Magnoliopsida	220	Plantae	1990	1	1	250	39	3.4299527089315207	5.652391775734147	2.0813446859809472	0	0	0	1	0.9964469094378828	correct_baseline
2891782	Impatiens parviflora	Magnoliopsida	220	Plantae	1991	46	30	12400	38	3.533647625605407	5.773395075935477	2.1627942272638396	0	0	0	1	0.9958012173315901	correct_baseline
2891782	Impatiens parviflora	Magnoliopsida	220	Plantae	1992	49	16	5371	38	3.629516307640684	5.885741340173416	2.238186808773612	0	0	0	1	0.9946120296970135	correct_baseline
2891782	Impatiens parviflora	Magnoliopsida	220	Plantae	1993	16	14	4510	49	3.717788037073431	5.987989081914623	2.3082787392435975	0	0	0	1	0.9930626879998276	correct_baseline
2891782	Impatiens parviflora	Magnoliopsida	220	Plantae	1994	32	24	6123	41	3.798977941016913	6.080771234185166	2.3734215349522274	0	0	0	1	0.9913753146603653	correct_baseline
2891782	Impatiens parviflora	Magnoliopsida	220	Plantae	1995	13	7	1337	30	3.8738794861390318	6.166289721776568	2.433706969708384	0	0	0	1	0.989767378831155	correct_baseline
2891782	Impatiens parviflora	Magnoliopsida	220	Plantae	1996	9	7	862	33	3.943548927788881	6.247773074930424	2.489139403648718	0	0	0	1	0.9884188809914276	correct_baseline
2891782	Impatiens parviflora	Magnoliopsida	220	Plantae	1997	6	6	1286	51	4.009284022325521	6.328985582821976	2.5398001245734316	0	0	0	1	0.9874581464270155	correct_baseline
2891782	Impatiens parviflora	Magnoliopsida	220	Plantae	1998	3	2	646	34	4.07259967345465	6.413847738518053	2.5859778367696644	0	0	0	1	0.9869628812695797	correct_baseline
2891782	Impatiens parviflora	Magnoliopsida	220	Plantae	1999	6	5	678	30	4.135203299277868	6.506196067273425	2.6282494639797545	0	0	0	1	0.9869697681891578	correct_baseline
2891782	Impatiens parviflora	Magnoliopsida	220	Plantae	2000	3	3	927	33	4.198972606055649	6.609679051686002	2.667507878753711	0	0	0	1	0.9874874086339334	correct_baseline
2891782	Impatiens parviflora	Magnoliopsida	220	Plantae	2001	3	3	454	18	4.265938190924542	6.727759653773492	2.7049463098137667	0	0	0	1	0.9885095345419714	correct_baseline
2891782	Impatiens parviflora	Magnoliopsida	220	Plantae	2002	1	1	445	20	4.338273035495404	6.863779019395559	2.7420190652006005	0	0	0	1	0.9900265267112716	correct_baseline
2891782	Impatiens parviflora	Magnoliopsida	220	Plantae	2003	27	25	4100	42	4.4182905642223815	7.0210332076225885	2.7804015353043305	0	0	0	1	0.992033621472271	correct_baseline
2891782	Impatiens parviflora	Magnoliopsida	220	Plantae	2004	23	20	5025	48	4.50845258825549	7.202824253669609	2.8219687201436443	0	0	0	1	0.994534437060045	correct_baseline
2891782	Impatiens parviflora	Magnoliopsida	220	Plantae	2005	3	3	1588	64	4.611388188060062	7.412464331542725	2.8688031496475457	0	0	0	1	0.9975390108825413	correct_baseline
2891782	Impatiens parviflora	Magnoliopsida	220	Plantae	2006	0	0	0	0	4.729924443526965	7.653231926857428	2.923233668505894	0	0	0	1	1.0010563036973052	correct_baseline
2891782	Impatiens parviflora	Magnoliopsida	220	Plantae	2007	0	0	0	0	4.867129922891118	7.928297586103096	2.98789915855639	0	0	0	1	1.0050816680503147	correct_baseline
2891782	Impatiens parviflora	Magnoliopsida	220	Plantae	2008	5	5	180	33	5.026372006117073	8.240652162627644	3.065827199751805	0	0	0	1	1.0095798432522982	correct_baseline
2891782	Impatiens parviflora	Magnoliopsida	220	Plantae	2009	4	4	322	38	5.211389453909387	8.593083269013857	3.1605163350680177	1	0	3	3	1.0144640941889267	correct_baseline
2891782	Impatiens parviflora	Magnoliopsida	220	Plantae	2010	10	7	377	53	5.426382149478314	8.98825873201419	3.276009748951495	1	0	3	3	1.0195738440644968	correct_baseline
2891782	Impatiens parviflora	Magnoliopsida	220	Plantae	2011	4	3	393	65	5.676120651008672	9.428993620952902	3.4169442614970285	1	0	3	3	1.0246595831662595	correct_baseline
2891782	Impatiens parviflora	Magnoliopsida	220	Plantae	2012	9	8	904	60	5.966079122824655	9.918805418151196	3.588547067842241	1	0	3	3	1.029395731718717	correct_baseline
2891782	Impatiens parviflora	Magnoliopsida	220	Plantae	2013	9	8	870	59	6.302596401696414	10.462906844807701	3.7965282489721583	1	0	3	3	1.0334449847470413	correct_baseline
2891782	Impatiens parviflora	Magnoliopsida	220	Plantae	2014	6	6	900	61	6.69307146040864	11.06985563414555	4.046774145451121	1	0	3	3	1.0365604184992698	correct_baseline
2891782	Impatiens parviflora	Magnoliopsida	220	Plantae	2015	5	5	757	63	7.146201437309979	11.754181468741882	4.344683219194619	1	0	3	3	1.0386542532117777	correct_baseline
2891782	Impatiens parviflora	Magnoliopsida	220	Plantae	2016	17	10	1015	58	7.67227282280422	12.540434479565715	4.693917931109731	1	0	3	3	1.039782194506556	correct_baseline
2891782	Impatiens parviflora	Magnoliopsida	220	Plantae	2017	18	11	1107	57	8.283519484853459	13.469190000366375	5.094344578558955	1	0	3	3	1.0400780959772622	correct_baseline
2891782	Impatiens parviflora	Magnoliopsida	220	Plantae	2018	44	23	2037	45	8.994565176580751	14.605438271330051	5.539183502255266	1	0	3	3	1.039697243154107	correct_baseline
2891782	Impatiens parviflora	Magnoliopsida	220	Plantae	2019	54	31	1659	36	9.82297326038115	16.04924654548585	6.012170315951869	1	0	3	3	1.0387869951894122	correct_baseline
2891782	Impatiens parviflora	Magnoliopsida	220	Plantae	2020	91	33	2406	35	10.789932938301337	17.947738047812113	6.486759083673635	1	0	3	3	1.0374760493619382	correct_baseline
2891782	Impatiens parviflora	Magnoliopsida	220	Plantae	2021	117	36	3410	32	11.921119721125168	20.507724408217715	6.929734990414285	1	0	3	3	1.0358715695585048	correct_baseline
2891782	Impatiens parviflora	Magnoliopsida	220	Plantae	2022	77	30	2834	38	13.2477787290631	24.01193160521338	7.309018039019903	1	0	3	3	1.0340587759121607	correct_baseline
2891782	Impatiens parviflora	Magnoliopsida	220	Plantae	2023	80	34	1644	33	14.808093349430235	28.84751044994723	7.601336310317242	1	0	3	3	1.0321014537764213	correct_baseline
2891782	Impatiens parviflora	Magnoliopsida	220	Plantae	2024	84	28	2432	40	16.648919570083024	35.55840624596115	7.7952459661371165	1	0	3	3	1.0300435797095926	correct_baseline
2925514	Verbena bonariensis	Magnoliopsida	220	Plantae	2014	1	1	905	66									correct_baseline
2925514	Verbena bonariensis	Magnoliopsida	220	Plantae	2015	1	1	761	67									correct_baseline
2925514	Verbena bonariensis	Magnoliopsida	220	Plantae	2016	0	0	0	0									correct_baseline
2925514	Verbena bonariensis	Magnoliopsida	220	Plantae	2017	0	0	0	0									correct_baseline
2925514	Verbena bonariensis	Magnoliopsida	220	Plantae	2018	2	2	2079	66									correct_baseline
2925514	Verbena bonariensis	Magnoliopsida	220	Plantae	2019	0	0	0	0									correct_baseline
2925514	Verbena bonariensis	Magnoliopsida	220	Plantae	2020	0	0	0	0									correct_baseline
2925514	Verbena bonariensis	Magnoliopsida	220	Plantae	2021	4	4	3523	64									correct_baseline
2925514	Verbena bonariensis	Magnoliopsida	220	Plantae	2022	3	2	2908	66									correct_baseline
2925514	Verbena bonariensis	Magnoliopsida	220	Plantae	2023	5	2	1719	65									correct_baseline
2925514	Verbena bonariensis	Magnoliopsida	220	Plantae	2024	5	4	2511	64									correct_baseline
2926110	Borago officinalis	Magnoliopsida	220	Plantae	1994	1	1	6154	64	0.03253716256431712	2.578233318361201	4.1061720062236985e-4	0	0	0	1	0.958610511875471	correct_baseline
2926110	Borago officinalis	Magnoliopsida	220	Plantae	1995	0	0	0	0	0.0351883739733744	2.6220037032610026	4.7224253014977385e-4	0	0	0	1	0.9622046986942021	correct_baseline
2926110	Borago officinalis	Magnoliopsida	220	Plantae	1996	0	0	0	0	0.03796967545653822	2.6844840675048385	5.370477969030608e-4	0	0	0	1	0.965763367564306	correct_baseline
2926110	Borago officinalis	Magnoliopsida	220	Plantae	1997	0	0	0	0	0.04087829144129235	2.764809641151722	6.043941276416922e-4	0	0	0	1	0.9692775723324868	correct_baseline
2926110	Borago officinalis	Magnoliopsida	220	Plantae	1998	0	0	0	0	0.04391033502269176	2.862203733447352	6.736478955964221e-4	0	0	0	1	0.9727363068926472	correct_baseline
2926110	Borago officinalis	Magnoliopsida	220	Plantae	1999	0	0	0	0	0.047060759314106575	2.975915143827243	7.442131109867548e-4	0	0	0	1	0.9761259296333769	correct_baseline
2926110	Borago officinalis	Magnoliopsida	220	Plantae	2000	0	0	0	0	0.05032331870514309	3.105164729730815	8.155562187256129e-4	0	0	0	1	0.9794294049875779	correct_baseline
2926110	Borago officinalis	Magnoliopsida	220	Plantae	2001	0	0	0	0	0.05369054130391819	3.2491012721463735	8.872220297409926e-4	0	0	0	1	0.9826253038125756	correct_baseline
2926110	Borago officinalis	Magnoliopsida	220	Plantae	2002	0	0	0	0	0.057153713751189106	3.4067672880957254	9.588406601669463e-4	0	0	0	1	0.9856864927511583	correct_baseline
2926110	Borago officinalis	Magnoliopsida	220	Plantae	2003	0	0	0	0	0.06070287947558444	3.5770757450904735	0.0010301262369645829	0	0	0	1	0.9885784392079074	correct_baseline
2926110	Borago officinalis	Magnoliopsida	220	Plantae	2004	0	0	0	0	0.06432685131280196	3.758798733019077	0.0011008686800571851	0	0	0	1	0.9912570798100764	correct_baseline
2926110	Borago officinalis	Magnoliopsida	220	Plantae	2005	0	0	0	0	0.06801323923827862	3.9505690460853007	0.0011709201023247828	0	0	0	1	0.993666282095963	correct_baseline
2926110	Borago officinalis	Magnoliopsida	220	Plantae	2006	0	0	0	0	0.07174849376435326	4.150895333794591	0.0012401773457263918	0	0	0	1	0.9957351387621605	correct_baseline
2926110	Borago officinalis	Magnoliopsida	220	Plantae	2007	0	0	0	0	0.07551796533188387	4.358191022097983	0.0013085619833896765	0	0	0	1	0.9973757731702836	correct_baseline
2926110	Borago officinalis	Magnoliopsida	220	Plantae	2008	0	0	0	0	0.0793059797858923	4.570816625835754	0.0013759988519885902	0	0	0	1	0.9984830928083427	correct_baseline
2926110	Borago officinalis	Magnoliopsida	220	Plantae	2009	0	0	0	0	0.08309592976896879	4.787134428642743	0.0014423939095704673	0	0	0	1	0.9989388838437837	correct_baseline
2926110	Borago officinalis	Magnoliopsida	220	Plantae	2010	0	0	0	0	0.08687038159934224	5.005573865224798	0.0015076119946291966	0	0	0	1	0.9986230556951533	correct_baseline
2926110	Borago officinalis	Magnoliopsida	220	Plantae	2011	0	0	0	0	0.0906111969276695	5.224705378455428	0.0015714549269172627	0	0	0	1	0.997433116233798	correct_baseline
2926110	Borago officinalis	Magnoliopsida	220	Plantae	2012	2	2	911	66	0.09429966819308347	5.443320114615287	0.0016336403581059867	0	0	0	1	0.9953078541952953	correct_baseline
2926110	Borago officinalis	Magnoliopsida	220	Plantae	2013	0	0	0	0	0.09791666663051384	5.6605126309209775	0.0016937818584941923	0	0	0	1	0.9922451812396842	correct_baseline
2926110	Borago officinalis	Magnoliopsida	220	Plantae	2014	3	3	903	64	0.1014428013235599	5.875763872111519	0.0017513709135273995	0	0	0	1	0.9883039539397874	correct_baseline
2926110	Borago officinalis	Magnoliopsida	220	Plantae	2015	1	1	761	67	0.10485858755607881	6.0890220592083635	0.0018057617918509155	0	0	0	1	0.9835884878959984	correct_baseline
2926110	Borago officinalis	Magnoliopsida	220	Plantae	2016	2	2	1030	66	0.10814462249684668	6.30077983315702	0.0018561606157765935	0	0	0	1	0.9782246998178796	correct_baseline
2926110	Borago officinalis	Magnoliopsida	220	Plantae	2017	2	2	1123	66	0.11128176606058113	6.512146996861856	0.0019016203816543853	0	0	0	1	0.9723388396595335	correct_baseline
2926110	Borago officinalis	Magnoliopsida	220	Plantae	2018	8	8	2073	60	0.11425132463027587	6.724919472007549	0.0019410440874581853	0	0	0	1	0.9660443543559849	correct_baseline
2926110	Borago officinalis	Magnoliopsida	220	Plantae	2019	12	8	1701	59	0.11703523520463115	6.941646593683832	0.0019731984471618572	0	0	0	1	0.9594365940077396	correct_baseline
2926110	Borago officinalis	Magnoliopsida	220	Plantae	2020	30	19	2467	49	0.11961624745410944	7.1657005694731675	0.0019967407954439124	0	0	0	1	0.9525925797314636	correct_baseline
2926110	Borago officinalis	Magnoliopsida	220	Plantae	2021	26	15	3501	53	0.12197810113273283	7.401353808226127	0.002010261573958339	0	0	0	1	0.9455731739569685	correct_baseline
2926110	Borago officinalis	Magnoliopsida	220	Plantae	2022	25	17	2886	51	0.12410569630218704	7.653871884233311	0.002012344090365385	0	0	0	1	0.9384259665973067	correct_baseline
2926110	Borago officinalis	Magnoliopsida	220	Plantae	2023	9	8	1715	59	0.1259852538811312	7.929632196433625	0.002001641917595079	0	0	0	1	0.931188047951629	correct_baseline
2926110	Borago officinalis	Magnoliopsida	220	Plantae	2024	6	6	2510	62	0.12760446413581117	8.236281022144954	0.001976972279552817	0	0	0	1	0.9238883598845745	correct_baseline
2926130	Pentaglottis sempervirens	Magnoliopsida	220	Plantae	1991	4	4	12442	64	0.02814562405624442	74508.2812013257	1.0632055131897851e-8	0	0	0	1	0.908893483737168	correct_baseline
2926130	Pentaglottis sempervirens	Magnoliopsida	220	Plantae	1992	3	3	5417	51	0.02749699641524498	72698.64449499271	1.0400260102677318e-8	0	0	0	1	0.9152663956049409	correct_baseline
2926130	Pentaglottis sempervirens	Magnoliopsida	220	Plantae	1993	2	2	4524	61	0.026947846695466765	71213.20722772363	1.0197356217930213e-8	0	0	0	1	0.9216673146147785	correct_baseline
2926130	Pentaglottis sempervirens	Magnoliopsida	220	Plantae	1994	2	1	6153	64	0.02649276672042095	70025.48034509411	1.0023018550444214e-8	0	0	0	1	0.9280929446236728	correct_baseline
2926130	Pentaglottis sempervirens	Magnoliopsida	220	Plantae	1995	0	0	0	0	0.02612732810255054	69113.84589200809	9.876997365259659e-9	0	0	0	1	0.9345390162194245	correct_baseline
2926130	Pentaglottis sempervirens	Magnoliopsida	220	Plantae	1996	0	0	0	0	0.025848010370411723	68460.929237143	9.759137767391403e-9	0	0	0	1	0.9409999483765731	correct_baseline
2926130	Pentaglottis sempervirens	Magnoliopsida	220	Plantae	1997	0	0	0	0	0.025652144393089205	68053.09976926012	9.66939807584097e-9	0	0	0	1	0.9474683660361134	correct_baseline
2926130	Pentaglottis sempervirens	Magnoliopsida	220	Plantae	1998	0	0	0	0	0.025537869827792027	67880.07893350867	9.607867368275893e-9	0	0	0	1	0.9539344016314625	correct_baseline
2926130	Pentaglottis sempervirens	Magnoliopsida	220	Plantae	1999	0	0	0	0	0.02550410563992698	67934.63927202688	9.57478263611522e-9	0	0	0	1	0.9603846689919372	correct_baseline
2926130	Pentaglottis sempervirens	Magnoliopsida	220	Plantae	2000	0	0	0	0	0.025550533040953703	68212.38200702785	9.570545984006327e-9	0	0	0	1	0.9668007371847445	correct_baseline
2926130	Pentaglottis sempervirens	Magnoliopsida	220	Plantae	2001	0	0	0	0	0.025677590466617967	68711.58388615206	9.595742302546918e-9	0	0	0	1	0.973156843302397	correct_baseline
2926130	Pentaglottis sempervirens	Magnoliopsida	220	Plantae	2002	0	0	0	0	0.025886480484704388	69433.10667990638	9.651157839937288e-9	0	0	0	1	0.9794164732499142	correct_baseline
2926130	Pentaglottis sempervirens	Magnoliopsida	220	Plantae	2003	5	4	4122	63	0.0261791887848441	70380.3650244171	9.737800098006579e-9	0	0	0	1	0.9855273680970703	correct_baseline
2926130	Pentaglottis sempervirens	Magnoliopsida	220	Plantae	2004	4	4	5044	64	0.026558515670641162	71559.35035883858	9.856919481390618e-9	0	0	0	1	0.9914147158410073	correct_baseline
2926130	Pentaglottis sempervirens	Magnoliopsida	220	Plantae	2005	3	3	1588	64	0.027028120754080787	72978.71061759269	1.0010033135897424e-8	0	0	0	1	0.996973449187692	correct_baseline
2926130	Pentaglottis sempervirens	Magnoliopsida	220	Plantae	2006	0	0	0	0	0.02759258185190425	74649.88719430602	1.0198951423360085e-8	0	0	0	1	1.0020640742969382	correct_baseline
2926130	Pentaglottis sempervirens	Magnoliopsida	220	Plantae	2007	0	0	0	0	0.028257469412135475	76587.3125830596	1.0425807495357798e-8	0	0	0	1	1.0065230046465148	correct_baseline
2926130	Pentaglottis sempervirens	Magnoliopsida	220	Plantae	2008	0	0	0	0	0.029029438165988037	78808.67410965158	1.0693090446622764e-8	1	0	3	3	1.0102011886084106	correct_baseline
2926130	Pentaglottis sempervirens	Magnoliopsida	220	Plantae	2009	0	0	0	0	0.029916338117105905	81335.25138262009	1.1003682549977907e-8	1	0	3	3	1.0130247687822347	correct_baseline
2926130	Pentaglottis sempervirens	Magnoliopsida	220	Plantae	2010	1	1	386	59	0.030927347459411236	84192.33762311788	1.136090109716242e-8	1	0	3	3	1.0150324387015797	correct_baseline
2926130	Pentaglottis sempervirens	Magnoliopsida	220	Plantae	2011	0	0	0	0	0.03207313057193485	87409.75799351624	1.1768545392388408e-8	1	0	3	3	1.0163511772081253	correct_baseline
2926130	Pentaglottis sempervirens	Magnoliopsida	220	Plantae	2012	0	0	0	0	0.03336602489192564	91022.50158010169	1.2230949465928284e-8	1	0	3	3	1.017136840811041	correct_baseline
2926130	Pentaglottis sempervirens	Magnoliopsida	220	Plantae	2013	1	1	878	66	0.03482026123787693	95071.4879716579	1.2753041090883556e-8	1	0	3	3	1.0175293640420207	correct_baseline
2926130	Pentaglottis sempervirens	Magnoliopsida	220	Plantae	2014	0	0	0	0	0.0364522230678981	99604.49463370128	1.3340407694234862e-8	1	0	3	3	1.0176369908797167	correct_baseline
2926130	Pentaglottis sempervirens	Magnoliopsida	220	Plantae	2015	2	1	760	67	0.03828075124761644	104677.27778717958	1.3999369749194645e-8	1	0	3	3	1.017537881614796	correct_baseline
2926130	Pentaglottis sempervirens	Magnoliopsida	220	Plantae	2016	1	1	1031	67	0.04032750220383747	110354.92761811169	1.4737062214642835e-8	1	0	3	3	1.0172870493756596	correct_baseline
2926130	Pentaglottis sempervirens	Magnoliopsida	220	Plantae	2017	0	0	0	0	0.04261736890225992	116713.50883157428	1.5561524542735426e-8	1	0	3	3	1.0169231110235166	correct_baseline
2926130	Pentaglottis sempervirens	Magnoliopsida	220	Plantae	2018	5	5	2076	63	0.04517897596681135	123842.05041685396	1.648179970001474e-8	1	0	3	3	1.0164734138983569	correct_baseline
2926130	Pentaglottis sempervirens	Magnoliopsida	220	Plantae	2019	2	2	1711	65	0.0480452625247589	131844.96478880287	1.750804253139777e-8	1	0	3	3	1.0159576005191444	correct_baseline
2926130	Pentaglottis sempervirens	Magnoliopsida	220	Plantae	2020	22	10	2475	58	0.05125416910183882	140844.99723278245	1.8651637629543282e-8	1	0	3	3	1.0153900098038415	correct_baseline
2926130	Pentaglottis sempervirens	Magnoliopsida	220	Plantae	2021	21	10	3506	58	0.05484944821140318	150986.83314826823	1.992532664183444e-8	1	0	3	3	1.0147812838549581	correct_baseline
2926130	Pentaglottis sempervirens	Magnoliopsida	220	Plantae	2022	24	11	2887	57	0.058881622312030986	162441.52473182481	2.1343344639373607e-8	1	0	3	3	1.014139448949371	correct_baseline
2926130	Pentaglottis sempervirens	Magnoliopsida	220	Plantae	2023	14	8	1710	59	0.06340911771125085	175411.94281707695	2.2921564771174974e-8	1	0	3	3	1.0134706510131863	correct_baseline
2926130	Pentaglottis sempervirens	Magnoliopsida	220	Plantae	2024	3	2	2513	66	0.06849960896977238	190139.51673578654	2.4677649914993122e-8	1	0	3	3	1.0127796630394812	correct_baseline
2926992	Salvia hispanica	Magnoliopsida	220	Plantae	2021	1	1	3526	67									correct_baseline
2926992	Salvia hispanica	Magnoliopsida	220	Plantae	2022	0	0	0	0									correct_baseline
2926992	Salvia hispanica	Magnoliopsida	220	Plantae	2023	1	1	1723	66									correct_baseline
2926992	Salvia hispanica	Magnoliopsida	220	Plantae	2024	2	2	2514	66									correct_baseline
2927305	Lavandula angustifolia	Magnoliopsida	220	Plantae	2013	3	1	876	66									correct_baseline
2927305	Lavandula angustifolia	Magnoliopsida	220	Plantae	2014	0	0	0	0									correct_baseline
2927305	Lavandula angustifolia	Magnoliopsida	220	Plantae	2015	0	0	0	0									correct_baseline
2927305	Lavandula angustifolia	Magnoliopsida	220	Plantae	2016	0	0	0	0									correct_baseline
2927305	Lavandula angustifolia	Magnoliopsida	220	Plantae	2017	0	0	0	0									correct_baseline
2927305	Lavandula angustifolia	Magnoliopsida	220	Plantae	2018	0	0	0	0									correct_baseline
2927305	Lavandula angustifolia	Magnoliopsida	220	Plantae	2019	0	0	0	0									correct_baseline
2927305	Lavandula angustifolia	Magnoliopsida	220	Plantae	2020	1	1	2496	67									correct_baseline
2927305	Lavandula angustifolia	Magnoliopsida	220	Plantae	2021	0	0	0	0									correct_baseline
2927305	Lavandula angustifolia	Magnoliopsida	220	Plantae	2022	0	0	0	0									correct_baseline
2927305	Lavandula angustifolia	Magnoliopsida	220	Plantae	2023	0	0	0	0									correct_baseline
2927305	Lavandula angustifolia	Magnoliopsida	220	Plantae	2024	1	1	2515	67									correct_baseline
2928226	Phacelia tanacetifolia	Magnoliopsida	220	Plantae	1991	1	1	12445	67									correct_baseline
2928226	Phacelia tanacetifolia	Magnoliopsida	220	Plantae	1992	0	0	0	0									correct_baseline
2928226	Phacelia tanacetifolia	Magnoliopsida	220	Plantae	1993	0	0	0	0									correct_baseline
2928226	Phacelia tanacetifolia	Magnoliopsida	220	Plantae	1994	0	0	0	0									correct_baseline
2928226	Phacelia tanacetifolia	Magnoliopsida	220	Plantae	1995	0	0	0	0									correct_baseline
2928226	Phacelia tanacetifolia	Magnoliopsida	220	Plantae	1996	0	0	0	0									correct_baseline
2928226	Phacelia tanacetifolia	Magnoliopsida	220	Plantae	1997	0	0	0	0									correct_baseline
2928226	Phacelia tanacetifolia	Magnoliopsida	220	Plantae	1998	0	0	0	0									correct_baseline
2928226	Phacelia tanacetifolia	Magnoliopsida	220	Plantae	1999	0	0	0	0									correct_baseline
2928226	Phacelia tanacetifolia	Magnoliopsida	220	Plantae	2000	0	0	0	0									correct_baseline
2928226	Phacelia tanacetifolia	Magnoliopsida	220	Plantae	2001	0	0	0	0									correct_baseline
2928226	Phacelia tanacetifolia	Magnoliopsida	220	Plantae	2002	0	0	0	0									correct_baseline
2928226	Phacelia tanacetifolia	Magnoliopsida	220	Plantae	2003	0	0	0	0									correct_baseline
2928226	Phacelia tanacetifolia	Magnoliopsida	220	Plantae	2004	0	0	0	0									correct_baseline
2928226	Phacelia tanacetifolia	Magnoliopsida	220	Plantae	2005	0	0	0	0									correct_baseline
2928226	Phacelia tanacetifolia	Magnoliopsida	220	Plantae	2006	0	0	0	0									correct_baseline
2928226	Phacelia tanacetifolia	Magnoliopsida	220	Plantae	2007	0	0	0	0									correct_baseline
2928226	Phacelia tanacetifolia	Magnoliopsida	220	Plantae	2008	0	0	0	0									correct_baseline
2928226	Phacelia tanacetifolia	Magnoliopsida	220	Plantae	2009	0	0	0	0									correct_baseline
2928226	Phacelia tanacetifolia	Magnoliopsida	220	Plantae	2010	0	0	0	0									correct_baseline
2928226	Phacelia tanacetifolia	Magnoliopsida	220	Plantae	2011	0	0	0	0									correct_baseline
2928226	Phacelia tanacetifolia	Magnoliopsida	220	Plantae	2012	0	0	0	0									correct_baseline
2928226	Phacelia tanacetifolia	Magnoliopsida	220	Plantae	2013	0	0	0	0									correct_baseline
2928226	Phacelia tanacetifolia	Magnoliopsida	220	Plantae	2014	0	0	0	0									correct_baseline
2928226	Phacelia tanacetifolia	Magnoliopsida	220	Plantae	2015	0	0	0	0									correct_baseline
2928226	Phacelia tanacetifolia	Magnoliopsida	220	Plantae	2016	1	1	1031	67									correct_baseline
2928226	Phacelia tanacetifolia	Magnoliopsida	220	Plantae	2017	3	2	1122	66									correct_baseline
2928226	Phacelia tanacetifolia	Magnoliopsida	220	Plantae	2018	2	1	2079	67									correct_baseline
2928226	Phacelia tanacetifolia	Magnoliopsida	220	Plantae	2019	3	3	1710	64									correct_baseline
2928226	Phacelia tanacetifolia	Magnoliopsida	220	Plantae	2020	17	7	2480	61									correct_baseline
2928226	Phacelia tanacetifolia	Magnoliopsida	220	Plantae	2021	9	8	3518	60									correct_baseline
2928226	Phacelia tanacetifolia	Magnoliopsida	220	Plantae	2022	16	9	2895	59									correct_baseline
2928226	Phacelia tanacetifolia	Magnoliopsida	220	Plantae	2023	6	5	1718	62									correct_baseline
2928226	Phacelia tanacetifolia	Magnoliopsida	220	Plantae	2024	2	2	2514	66									correct_baseline
2928751	Datura stramonium	Magnoliopsida	220	Plantae	1986	3	3	1406	34									correct_baseline
2928751	Datura stramonium	Magnoliopsida	220	Plantae	1987	0	0	0	0									correct_baseline
2928751	Datura stramonium	Magnoliopsida	220	Plantae	1988	0	0	0	0									correct_baseline
2928751	Datura stramonium	Magnoliopsida	220	Plantae	1989	0	0	0	0									correct_baseline
2928751	Datura stramonium	Magnoliopsida	220	Plantae	1990	0	0	0	0									correct_baseline
2928751	Datura stramonium	Magnoliopsida	220	Plantae	1991	1	1	12445	67									correct_baseline
2928751	Datura stramonium	Magnoliopsida	220	Plantae	1992	0	0	0	0									correct_baseline
2928751	Datura stramonium	Magnoliopsida	220	Plantae	1993	0	0	0	0									correct_baseline
2928751	Datura stramonium	Magnoliopsida	220	Plantae	1994	0	0	0	0									correct_baseline
2928751	Datura stramonium	Magnoliopsida	220	Plantae	1995	0	0	0	0									correct_baseline
2928751	Datura stramonium	Magnoliopsida	220	Plantae	1996	0	0	0	0									correct_baseline
2928751	Datura stramonium	Magnoliopsida	220	Plantae	1997	0	0	0	0									correct_baseline
2928751	Datura stramonium	Magnoliopsida	220	Plantae	1998	0	0	0	0									correct_baseline
2928751	Datura stramonium	Magnoliopsida	220	Plantae	1999	0	0	0	0									correct_baseline
2928751	Datura stramonium	Magnoliopsida	220	Plantae	2000	0	0	0	0									correct_baseline
2928751	Datura stramonium	Magnoliopsida	220	Plantae	2001	0	0	0	0									correct_baseline
2928751	Datura stramonium	Magnoliopsida	220	Plantae	2002	0	0	0	0									correct_baseline
2928751	Datura stramonium	Magnoliopsida	220	Plantae	2003	0	0	0	0									correct_baseline
2928751	Datura stramonium	Magnoliopsida	220	Plantae	2004	0	0	0	0									correct_baseline
2928751	Datura stramonium	Magnoliopsida	220	Plantae	2005	0	0	0	0									correct_baseline
2928751	Datura stramonium	Magnoliopsida	220	Plantae	2006	1	1	196	15									correct_baseline
2928751	Datura stramonium	Magnoliopsida	220	Plantae	2007	0	0	0	0									correct_baseline
2928751	Datura stramonium	Magnoliopsida	220	Plantae	2008	0	0	0	0									correct_baseline
2928751	Datura stramonium	Magnoliopsida	220	Plantae	2009	0	0	0	0									correct_baseline
2928751	Datura stramonium	Magnoliopsida	220	Plantae	2010	0	0	0	0									correct_baseline
2928751	Datura stramonium	Magnoliopsida	220	Plantae	2011	0	0	0	0									correct_baseline
2928751	Datura stramonium	Magnoliopsida	220	Plantae	2012	0	0	0	0									correct_baseline
2928751	Datura stramonium	Magnoliopsida	220	Plantae	2013	0	0	0	0									correct_baseline
2928751	Datura stramonium	Magnoliopsida	220	Plantae	2014	0	0	0	0									correct_baseline
2928751	Datura stramonium	Magnoliopsida	220	Plantae	2015	0	0	0	0									correct_baseline
2928751	Datura stramonium	Magnoliopsida	220	Plantae	2016	0	0	0	0									correct_baseline
2928751	Datura stramonium	Magnoliopsida	220	Plantae	2017	1	1	1124	67									correct_baseline
2928751	Datura stramonium	Magnoliopsida	220	Plantae	2018	4	4	2077	64									correct_baseline
2928751	Datura stramonium	Magnoliopsida	220	Plantae	2019	3	3	1710	64									correct_baseline
2928751	Datura stramonium	Magnoliopsida	220	Plantae	2020	4	3	2493	65									correct_baseline
2928751	Datura stramonium	Magnoliopsida	220	Plantae	2021	2	2	3525	66									correct_baseline
2928751	Datura stramonium	Magnoliopsida	220	Plantae	2022	2	2	2909	66									correct_baseline
2928751	Datura stramonium	Magnoliopsida	220	Plantae	2023	2	2	1722	65									correct_baseline
2928751	Datura stramonium	Magnoliopsida	220	Plantae	2024	4	3	2512	65									correct_baseline
2928761	Nicotiana alata	Magnoliopsida	220	Plantae	2019	1	1	1712	66									correct_baseline
2928761	Nicotiana alata	Magnoliopsida	220	Plantae	2020	0	0	0	0									correct_baseline
2928761	Nicotiana alata	Magnoliopsida	220	Plantae	2021	0	0	0	0									correct_baseline
2928761	Nicotiana alata	Magnoliopsida	220	Plantae	2022	1	1	2910	67									correct_baseline
2928761	Nicotiana alata	Magnoliopsida	220	Plantae	2023	0	0	0	0									correct_baseline
2928761	Nicotiana alata	Magnoliopsida	220	Plantae	2024	1	1	2515	67									correct_baseline
2930137	Solanum lycopersicum	Magnoliopsida	220	Plantae	2003	6	5	4121	62									correct_baseline
2930137	Solanum lycopersicum	Magnoliopsida	220	Plantae	2004	8	7	5040	61									correct_baseline
2930137	Solanum lycopersicum	Magnoliopsida	220	Plantae	2005	1	1	1590	66									correct_baseline
2930137	Solanum lycopersicum	Magnoliopsida	220	Plantae	2006	0	0	0	0									correct_baseline
2930137	Solanum lycopersicum	Magnoliopsida	220	Plantae	2007	0	0	0	0									correct_baseline
2930137	Solanum lycopersicum	Magnoliopsida	220	Plantae	2008	0	0	0	0									correct_baseline
2930137	Solanum lycopersicum	Magnoliopsida	220	Plantae	2009	0	0	0	0									correct_baseline
2930137	Solanum lycopersicum	Magnoliopsida	220	Plantae	2010	0	0	0	0									correct_baseline
2930137	Solanum lycopersicum	Magnoliopsida	220	Plantae	2011	0	0	0	0									correct_baseline
2930137	Solanum lycopersicum	Magnoliopsida	220	Plantae	2012	0	0	0	0									correct_baseline
2930137	Solanum lycopersicum	Magnoliopsida	220	Plantae	2013	0	0	0	0									correct_baseline
2930137	Solanum lycopersicum	Magnoliopsida	220	Plantae	2014	0	0	0	0									correct_baseline
2930137	Solanum lycopersicum	Magnoliopsida	220	Plantae	2015	0	0	0	0									correct_baseline
2930137	Solanum lycopersicum	Magnoliopsida	220	Plantae	2016	0	0	0	0									correct_baseline
2930137	Solanum lycopersicum	Magnoliopsida	220	Plantae	2017	0	0	0	0									correct_baseline
2930137	Solanum lycopersicum	Magnoliopsida	220	Plantae	2018	1	1	2080	67									correct_baseline
2930137	Solanum lycopersicum	Magnoliopsida	220	Plantae	2019	0	0	0	0									correct_baseline
2930137	Solanum lycopersicum	Magnoliopsida	220	Plantae	2020	0	0	0	0									correct_baseline
2930137	Solanum lycopersicum	Magnoliopsida	220	Plantae	2021	0	0	0	0									correct_baseline
2930137	Solanum lycopersicum	Magnoliopsida	220	Plantae	2022	1	1	2910	67									correct_baseline
2930137	Solanum lycopersicum	Magnoliopsida	220	Plantae	2023	2	2	1722	65									correct_baseline
2930137	Solanum lycopersicum	Magnoliopsida	220	Plantae	2024	4	4	2512	64									correct_baseline
2930262	Solanum tuberosum	Magnoliopsida	220	Plantae	2013	1	1	878	66									correct_baseline
2930262	Solanum tuberosum	Magnoliopsida	220	Plantae	2014	0	0	0	0									correct_baseline
2930262	Solanum tuberosum	Magnoliopsida	220	Plantae	2015	0	0	0	0									correct_baseline
2930262	Solanum tuberosum	Magnoliopsida	220	Plantae	2016	0	0	0	0									correct_baseline
2930262	Solanum tuberosum	Magnoliopsida	220	Plantae	2017	0	0	0	0									correct_baseline
2930262	Solanum tuberosum	Magnoliopsida	220	Plantae	2018	0	0	0	0									correct_baseline
2930262	Solanum tuberosum	Magnoliopsida	220	Plantae	2019	0	0	0	0									correct_baseline
2930262	Solanum tuberosum	Magnoliopsida	220	Plantae	2020	0	0	0	0									correct_baseline
2930262	Solanum tuberosum	Magnoliopsida	220	Plantae	2021	1	1	3526	67									correct_baseline
2930262	Solanum tuberosum	Magnoliopsida	220	Plantae	2022	0	0	0	0									correct_baseline
2930262	Solanum tuberosum	Magnoliopsida	220	Plantae	2023	0	0	0	0									correct_baseline
2930262	Solanum tuberosum	Magnoliopsida	220	Plantae	2024	1	1	2515	67									correct_baseline
2932872	Solanum decipiens	Magnoliopsida	220	Plantae	2003	1	1	4126	66									correct_baseline
2932872	Solanum decipiens	Magnoliopsida	220	Plantae	2004	11	11	5037	57									correct_baseline
2932872	Solanum decipiens	Magnoliopsida	220	Plantae	2005	2	2	1589	65									correct_baseline
2932872	Solanum decipiens	Magnoliopsida	220	Plantae	2006	0	0	0	0									correct_baseline
2932872	Solanum decipiens	Magnoliopsida	220	Plantae	2007	0	0	0	0									correct_baseline
2932872	Solanum decipiens	Magnoliopsida	220	Plantae	2008	0	0	0	0									correct_baseline
2932872	Solanum decipiens	Magnoliopsida	220	Plantae	2009	1	1	325	41									correct_baseline
2932872	Solanum decipiens	Magnoliopsida	220	Plantae	2010	0	0	0	0									correct_baseline
2932872	Solanum decipiens	Magnoliopsida	220	Plantae	2011	0	0	0	0									correct_baseline
2932872	Solanum decipiens	Magnoliopsida	220	Plantae	2012	0	0	0	0									correct_baseline
2932872	Solanum decipiens	Magnoliopsida	220	Plantae	2013	1	1	878	66									correct_baseline
2932872	Solanum decipiens	Magnoliopsida	220	Plantae	2014	0	0	0	0									correct_baseline
2932872	Solanum decipiens	Magnoliopsida	220	Plantae	2015	0	0	0	0									correct_baseline
2932872	Solanum decipiens	Magnoliopsida	220	Plantae	2016	0	0	0	0									correct_baseline
2932872	Solanum decipiens	Magnoliopsida	220	Plantae	2017	0	0	0	0									correct_baseline
2932872	Solanum decipiens	Magnoliopsida	220	Plantae	2018	0	0	0	0									correct_baseline
2932872	Solanum decipiens	Magnoliopsida	220	Plantae	2019	2	2	1711	65									correct_baseline
2932872	Solanum decipiens	Magnoliopsida	220	Plantae	2020	0	0	0	0									correct_baseline
2932872	Solanum decipiens	Magnoliopsida	220	Plantae	2021	0	0	0	0									correct_baseline
2932872	Solanum decipiens	Magnoliopsida	220	Plantae	2022	1	1	2910	67									correct_baseline
2932872	Solanum decipiens	Magnoliopsida	220	Plantae	2023	0	0	0	0									correct_baseline
2932872	Solanum decipiens	Magnoliopsida	220	Plantae	2024	1	1	2515	67									correct_baseline
2964355	Lupinus polyphyllus	Magnoliopsida	220	Plantae	2005	2	2	1589	65									correct_baseline
2964355	Lupinus polyphyllus	Magnoliopsida	220	Plantae	2006	0	0	0	0									correct_baseline
2964355	Lupinus polyphyllus	Magnoliopsida	220	Plantae	2007	0	0	0	0									correct_baseline
2964355	Lupinus polyphyllus	Magnoliopsida	220	Plantae	2008	0	0	0	0									correct_baseline
2964355	Lupinus polyphyllus	Magnoliopsida	220	Plantae	2009	0	0	0	0									correct_baseline
2964355	Lupinus polyphyllus	Magnoliopsida	220	Plantae	2010	0	0	0	0									correct_baseline
2964355	Lupinus polyphyllus	Magnoliopsida	220	Plantae	2011	0	0	0	0									correct_baseline
2964355	Lupinus polyphyllus	Magnoliopsida	220	Plantae	2012	0	0	0	0									correct_baseline
2964355	Lupinus polyphyllus	Magnoliopsida	220	Plantae	2013	0	0	0	0									correct_baseline
2964355	Lupinus polyphyllus	Magnoliopsida	220	Plantae	2014	0	0	0	0									correct_baseline
2964355	Lupinus polyphyllus	Magnoliopsida	220	Plantae	2015	0	0	0	0									correct_baseline
2964355	Lupinus polyphyllus	Magnoliopsida	220	Plantae	2016	0	0	0	0									correct_baseline
2964355	Lupinus polyphyllus	Magnoliopsida	220	Plantae	2017	0	0	0	0									correct_baseline
2964355	Lupinus polyphyllus	Magnoliopsida	220	Plantae	2018	0	0	0	0									correct_baseline
2964355	Lupinus polyphyllus	Magnoliopsida	220	Plantae	2019	0	0	0	0									correct_baseline
2964355	Lupinus polyphyllus	Magnoliopsida	220	Plantae	2020	1	1	2496	67									correct_baseline
2964355	Lupinus polyphyllus	Magnoliopsida	220	Plantae	2021	1	1	3526	67									correct_baseline
2964355	Lupinus polyphyllus	Magnoliopsida	220	Plantae	2022	3	1	2908	67									correct_baseline
2964355	Lupinus polyphyllus	Magnoliopsida	220	Plantae	2023	2	1	1722	66									correct_baseline
2964355	Lupinus polyphyllus	Magnoliopsida	220	Plantae	2024	2	1	2514	67									correct_baseline
2971095	Melilotus albus	Magnoliopsida	220	Plantae	1981	2	2	493	24	0.56359121283979	3.5774211455198164	0.08878883482533657	0	0	0	1	0.8884760286104618	correct_baseline
2971095	Melilotus albus	Magnoliopsida	220	Plantae	1982	0	0	0	0	0.550271410720244	3.202758611579693	0.09454306807927008	0	0	0	1	0.8953621546600706	correct_baseline
2971095	Melilotus albus	Magnoliopsida	220	Plantae	1983	0	0	0	0	0.5385300667561077	2.903845857552298	0.09987259896942192	0	0	0	1	0.9022235135058622	correct_baseline
2971095	Melilotus albus	Magnoliopsida	220	Plantae	1984	2	2	669	22	0.5282784612767061	2.66504007811375	0.10471817476246323	0	0	0	1	0.9090382922928423	correct_baseline
2971095	Melilotus albus	Magnoliopsida	220	Plantae	1985	0	0	0	0	0.5194393226133313	2.4742876103148532	0.10904844236869547	0	0	0	1	0.915777195313701	correct_baseline
2971095	Melilotus albus	Magnoliopsida	220	Plantae	1986	0	0	0	0	0.5119453627009594	2.3222235601891303	0.11286081964032413	0	0	0	1	0.922404097974744	correct_baseline
2971095	Melilotus albus	Magnoliopsida	220	Plantae	1987	0	0	0	0	0.505737909190487	2.201519685930101	0.1161792167596752	0	0	0	1	0.9288778971771285	correct_baseline
2971095	Melilotus albus	Magnoliopsida	220	Plantae	1988	0	0	0	0	0.5007656463060638	2.106409032615788	0.11904916311953066	0	0	0	1	0.9351552621191725	correct_baseline
2971095	Melilotus albus	Magnoliopsida	220	Plantae	1989	0	0	0	0	0.4969834651257756	2.0323359463050132	0.12153136643451087	0	0	0	1	0.9411939452817324	correct_baseline
2971095	Melilotus albus	Magnoliopsida	220	Plantae	1990	0	0	0	0	0.49435141684536754	1.975694636810279	0.12369488623584789	0	0	0	1	0.9469562497168142	correct_baseline
2971095	Melilotus albus	Magnoliopsida	220	Plantae	1991	27	20	12419	48	0.4928337587152218	1.9336301384045655	0.1256109474637055	0	0	0	1	0.9524121833929653	correct_baseline
2971095	Melilotus albus	Magnoliopsida	220	Plantae	1992	5	4	5415	50	0.4923980808440133	1.903883435447271	0.12734806422742387	0	0	0	1	0.9575418017012792	correct_baseline
2971095	Melilotus albus	Magnoliopsida	220	Plantae	1993	9	8	4517	55	0.49301450228651333	1.8846683501587562	0.1289687384225155	0	0	0	1	0.9623362963538442	correct_baseline
2971095	Melilotus albus	Magnoliopsida	220	Plantae	1994	14	13	6141	52	0.4946549262872164	1.8745719739919813	0.1305276615115223	0	0	0	1	0.9667975751055891	correct_baseline
2971095	Melilotus albus	Magnoliopsida	220	Plantae	1995	1	1	1349	36	0.4972923468596476	1.872473297752547	0.13207113743197285	0	0	0	1	0.9709363867597568	correct_baseline
2971095	Melilotus albus	Magnoliopsida	220	Plantae	1996	1	1	870	39	0.500900201746747	1.877476548878475	0.13363736141461235	0	0	0	1	0.9747694020487928	correct_baseline
2971095	Melilotus albus	Magnoliopsida	220	Plantae	1997	3	2	1289	55	0.5054517699865885	1.8888568383580604	0.13525720244878872	0	0	0	1	0.9783159328256338	correct_baseline
2971095	Melilotus albus	Magnoliopsida	220	Plantae	1998	2	2	647	34	0.5109196155875902	1.9060162852975049	0.13695520631473831	0	0	0	1	0.981595044933435	correct_baseline
2971095	Melilotus albus	Magnoliopsida	220	Plantae	1999	1	1	683	34	0.51727508200204	1.9284490200495301	0.1387506268915239	0	0	0	1	0.9846236616515771	correct_baseline
2971095	Melilotus albus	Magnoliopsida	220	Plantae	2000	1	1	929	35	0.5244878449849575	1.9557135273620898	0.1406583815514172	0	0	0	1	0.9874159257593584	correct_baseline
2971095	Melilotus albus	Magnoliopsida	220	Plantae	2001	0	0	0	0	0.5325255338449405	1.9874108060174929	0.14268989749789193	0	0	0	1	0.9899836980332664	correct_baseline
2971095	Melilotus albus	Magnoliopsida	220	Plantae	2002	2	2	444	19	0.5413534328409814	2.023166887135844	0.14485386307582315	0	0	0	1	0.9923377193063971	correct_baseline
2971095	Melilotus albus	Magnoliopsida	220	Plantae	2003	14	13	4113	54	0.5509342753638394	2.062618436984433	0.1471569197327841	0	0	0	1	0.994488719296857	correct_baseline
2971095	Melilotus albus	Magnoliopsida	220	Plantae	2004	16	15	5032	53	0.5612281433853707	2.105400509585499	0.1496043282471711	0	0	0	1	0.9964476538845095	correct_baseline
2971095	Melilotus albus	Magnoliopsida	220	Plantae	2005	2	2	1589	65	0.5721924833157539	2.1511360157618404	0.15220062123644781	0	0	0	1	0.9982243027189549	correct_baseline
2971095	Melilotus albus	Magnoliopsida	220	Plantae	2006	1	1	196	15	0.5837822467755344	2.1994271102784984	0.15495021865359176	0	0	0	1	0.9998236447134905	correct_baseline
2971095	Melilotus albus	Magnoliopsida	220	Plantae	2007	0	0	0	0	0.5959501608334288	2.2498494038864245	0.1578579408843484	0	0	0	1	1.0012397355754137	correct_baseline
2971095	Melilotus albus	Magnoliopsida	220	Plantae	2008	0	0	0	0	0.6086471270362876	2.3019505863996366	0.16092931248751557	0	0	0	1	1.0024473256856505	correct_baseline
2971095	Melilotus albus	Magnoliopsida	220	Plantae	2009	0	0	0	0	0.6218227422232843	2.3552555808874027	0.16417051545650077	0	0	0	1	1.0033925359744988	correct_baseline
2971095	Melilotus albus	Magnoliopsida	220	Plantae	2010	0	0	0	0	0.6354259269456066	2.409280610500227	0.16758782969280253	0	0	0	1	1.003986202143956	correct_baseline
2971095	Melilotus albus	Magnoliopsida	220	Plantae	2011	0	0	0	0	0.6494056396947242	2.463558436962976	0.17118639385198073	0	0	0	1	1.0041069914115077	correct_baseline
2971095	Melilotus albus	Magnoliopsida	220	Plantae	2012	3	3	910	65	0.6637116475722428	2.517676456424376	0.17496813381203133	0	0	0	1	1.0036225335347275	correct_baseline
2971095	Melilotus albus	Magnoliopsida	220	Plantae	2013	5	3	874	64	0.6782953170942377	2.5713283213218903	0.17892874020671473	0	0	0	1	1.002427644633339	correct_baseline
2971095	Melilotus albus	Magnoliopsida	220	Plantae	2014	3	3	903	64	0.6931103831516533	2.624378400483092	0.18305363401261038	0	0	0	1	1.0004800085403562	correct_baseline
2971095	Melilotus albus	Magnoliopsida	220	Plantae	2015	0	0	0	0	0.7081136504066626	2.6769369020059433	0.18731294768902101	0	0	0	1	0.9978089593080334	correct_baseline
2971095	Melilotus albus	Magnoliopsida	220	Plantae	2016	2	2	1030	66	0.7232655802401725	2.729442158431384	0.19165568244200765	0	0	0	1	0.9944959065382964	correct_baseline
2971095	Melilotus albus	Magnoliopsida	220	Plantae	2017	4	4	1121	64	0.7385307183820993	2.7827457446450414	0.19600339809828823	0	0	0	1	0.9906460458207785	correct_baseline
2971095	Melilotus albus	Magnoliopsida	220	Plantae	2018	3	3	2078	65	0.7538779240971601	2.8381960712987837	0.20024406706368597	0	0	0	1	0.9863672744326605	correct_baseline
2971095	Melilotus albus	Magnoliopsida	220	Plantae	2019	9	7	1704	60	0.7692803717473533	2.897717079293684	0.2042270774412507	0	0	0	1	0.9817590910980919	correct_baseline
2971095	Melilotus albus	Magnoliopsida	220	Plantae	2020	7	4	2490	64	0.7847153101490913	2.9638807232846887	0.20776076214698513	0	0	0	1	0.9769079574964971	correct_baseline
2971095	Melilotus albus	Magnoliopsida	220	Plantae	2021	14	11	3513	57	0.8001635848251881	3.0399750073679854	0.21061415338234496	0	0	0	1	0.9718856807362606	correct_baseline
2971095	Melilotus albus	Magnoliopsida	220	Plantae	2022	20	15	2891	53	0.8156089535018245	3.1300732682565715	0.2125247264268874	0	0	0	1	0.9667490749955948	correct_baseline
2971095	Melilotus albus	Magnoliopsida	220	Plantae	2023	7	6	1717	61	0.8310372565955095	3.2391149954453713	0.2132134619551633	0	0	0	1	0.9615404035218207	correct_baseline
2971095	Melilotus albus	Magnoliopsida	220	Plantae	2024	28	19	2488	49	0.8464355426826916	3.373013481813513	0.21240743085655828	0	0	0	1	0.9562887212549972	correct_baseline
2975667	Galega officinalis	Magnoliopsida	220	Plantae	2020	2	1	2495	67									correct_baseline
2975667	Galega officinalis	Magnoliopsida	220	Plantae	2021	2	1	3525	67									correct_baseline
2975667	Galega officinalis	Magnoliopsida	220	Plantae	2022	2	1	2909	67									correct_baseline
2975667	Galega officinalis	Magnoliopsida	220	Plantae	2023	3	2	1721	65									correct_baseline
2975667	Galega officinalis	Magnoliopsida	220	Plantae	2024	1	1	2515	67									correct_baseline
2985965	Deutzia scabra	Magnoliopsida	220	Plantae	2019	2	2	1711	65									correct_baseline
2985965	Deutzia scabra	Magnoliopsida	220	Plantae	2020	0	0	0	0									correct_baseline
2985965	Deutzia scabra	Magnoliopsida	220	Plantae	2021	0	0	0	0									correct_baseline
2985965	Deutzia scabra	Magnoliopsida	220	Plantae	2022	1	1	2910	67									correct_baseline
2985965	Deutzia scabra	Magnoliopsida	220	Plantae	2023	0	0	0	0									correct_baseline
2985965	Deutzia scabra	Magnoliopsida	220	Plantae	2024	1	1	2515	67									correct_baseline
2986045	Philadelphus coronarius	Magnoliopsida	220	Plantae	2016	1	1	1031	67									correct_baseline
2986045	Philadelphus coronarius	Magnoliopsida	220	Plantae	2017	3	3	1122	65									correct_baseline
2986045	Philadelphus coronarius	Magnoliopsida	220	Plantae	2018	13	9	2068	59									correct_baseline
2986045	Philadelphus coronarius	Magnoliopsida	220	Plantae	2019	15	11	1698	56									correct_baseline
2986045	Philadelphus coronarius	Magnoliopsida	220	Plantae	2020	32	16	2465	52									correct_baseline
2986045	Philadelphus coronarius	Magnoliopsida	220	Plantae	2021	17	11	3510	57									correct_baseline
2986045	Philadelphus coronarius	Magnoliopsida	220	Plantae	2022	3	3	2908	65									correct_baseline
2986045	Philadelphus coronarius	Magnoliopsida	220	Plantae	2023	1	1	1723	66									correct_baseline
2986045	Philadelphus coronarius	Magnoliopsida	220	Plantae	2024	1	1	2515	67									correct_baseline
2986130	Ribes sanguineum	Magnoliopsida	220	Plantae	2005	1	1	1590	66									correct_baseline
2986130	Ribes sanguineum	Magnoliopsida	220	Plantae	2006	0	0	0	0									correct_baseline
2986130	Ribes sanguineum	Magnoliopsida	220	Plantae	2007	0	0	0	0									correct_baseline
2986130	Ribes sanguineum	Magnoliopsida	220	Plantae	2008	0	0	0	0									correct_baseline
2986130	Ribes sanguineum	Magnoliopsida	220	Plantae	2009	0	0	0	0									correct_baseline
2986130	Ribes sanguineum	Magnoliopsida	220	Plantae	2010	0	0	0	0									correct_baseline
2986130	Ribes sanguineum	Magnoliopsida	220	Plantae	2011	0	0	0	0									correct_baseline
2986130	Ribes sanguineum	Magnoliopsida	220	Plantae	2012	0	0	0	0									correct_baseline
2986130	Ribes sanguineum	Magnoliopsida	220	Plantae	2013	0	0	0	0									correct_baseline
2986130	Ribes sanguineum	Magnoliopsida	220	Plantae	2014	1	1	905	66									correct_baseline
2986130	Ribes sanguineum	Magnoliopsida	220	Plantae	2015	1	1	761	67									correct_baseline
2986130	Ribes sanguineum	Magnoliopsida	220	Plantae	2016	0	0	0	0									correct_baseline
2986130	Ribes sanguineum	Magnoliopsida	220	Plantae	2017	0	0	0	0									correct_baseline
2986130	Ribes sanguineum	Magnoliopsida	220	Plantae	2018	0	0	0	0									correct_baseline
2986130	Ribes sanguineum	Magnoliopsida	220	Plantae	2019	1	1	1712	66									correct_baseline
2986130	Ribes sanguineum	Magnoliopsida	220	Plantae	2020	3	3	2494	65									correct_baseline
2986130	Ribes sanguineum	Magnoliopsida	220	Plantae	2021	3	2	3524	66									correct_baseline
2986130	Ribes sanguineum	Magnoliopsida	220	Plantae	2022	0	0	0	0									correct_baseline
2986130	Ribes sanguineum	Magnoliopsida	220	Plantae	2023	0	0	0	0									correct_baseline
2986130	Ribes sanguineum	Magnoliopsida	220	Plantae	2024	2	1	2514	67									correct_baseline
2986184	Ribes alpinum	Magnoliopsida	220	Plantae	1984	4	3	667	21	0.4541599455404436	3.732735590053364	0.05525739800132746	0	0	0	1	0.710930305275231	correct_baseline
2986184	Ribes alpinum	Magnoliopsida	220	Plantae	1985	1	1	32	19	0.38599496155096125	2.887741766440354	0.051594679300700386	0	0	0	1	0.7319304499697422	correct_baseline
2986184	Ribes alpinum	Magnoliopsida	220	Plantae	1986	0	0	0	0	0.33264635768640116	2.337188224175372	0.047344753040192554	0	0	0	1	0.7533803847195288	correct_baseline
2986184	Ribes alpinum	Magnoliopsida	220	Plantae	1987	0	0	0	0	0.29067166473826805	1.968798109039252	0.04291451535523169	0	0	0	1	0.7751822646123121	correct_baseline
2986184	Ribes alpinum	Magnoliopsida	220	Plantae	1988	0	0	0	0	0.25752196881058614	1.7161287147794972	0.038643700702019626	0	0	0	1	0.7971671534891247	correct_baseline
2986184	Ribes alpinum	Magnoliopsida	220	Plantae	1989	0	0	0	0	0.23129273721228766	1.5388115646617782	0.03476470512418493	0	0	0	1	0.8190854578643973	correct_baseline
2986184	Ribes alpinum	Magnoliopsida	220	Plantae	1990	0	0	0	0	0.21054834670217482	1.4117532381879598	0.03140110119805305	0	0	0	1	0.8406047745371874	correct_baseline
2986184	Ribes alpinum	Magnoliopsida	220	Plantae	1991	7	6	12439	62	0.19419732386581864	1.319055757388031	0.028590603835673654	0	0	0	1	0.8613160232041506	correct_baseline
2986184	Ribes alpinum	Magnoliopsida	220	Plantae	1992	5	4	5415	50	0.1814026491721059	1.2504926384529522	0.026315165811266954	0	0	0	1	0.8807523437466194	correct_baseline
2986184	Ribes alpinum	Magnoliopsida	220	Plantae	1993	0	0	0	0	0.17151648176179146	1.199407065073917	0.02452703871152366	0	0	0	1	0.8984311438323663	correct_baseline
2986184	Ribes alpinum	Magnoliopsida	220	Plantae	1994	2	2	6153	63	0.16403204646534245	1.1614222099277534	0.023166865621832726	0	0	0	1	0.9139323855032823	correct_baseline
2986184	Ribes alpinum	Magnoliopsida	220	Plantae	1995	2	2	1348	35	0.1585477117580764	1.1336275342008209	0.022174282244690976	0	0	0	1	0.9270077648906778	correct_baseline
2986184	Ribes alpinum	Magnoliopsida	220	Plantae	1996	1	1	870	39	0.15473984178119937	1.114052154723266	0.02149308587838824	0	0	0	1	0.9376656196461086	correct_baseline
2986184	Ribes alpinum	Magnoliopsida	220	Plantae	1997	1	1	1291	56	0.15234207284324947	1.1013173294395264	0.0210730427441733	0	0	0	1	0.9461521314392225	correct_baseline
2986184	Ribes alpinum	Magnoliopsida	220	Plantae	1998	2	2	647	34	0.1511294066377144	1.0944052522344792	0.020869872018646058	0	0	0	1	0.9528271123943598	correct_baseline
2986184	Ribes alpinum	Magnoliopsida	220	Plantae	1999	1	1	683	34	0.1509060327124009	1.092506673374126	0.020844385909941067	0	0	0	1	0.9580289645747535	correct_baseline
2986184	Ribes alpinum	Magnoliopsida	220	Plantae	2000	0	0	0	0	0.15149615655347343	1.094924007701371	0.02096135009283147	0	0	0	1	0.9620057200177341	correct_baseline
2986184	Ribes alpinum	Magnoliopsida	220	Plantae	2001	1	1	456	20	0.1527373565844373	1.101014290983871	0.021188371747250374	0	0	0	1	0.9649131502626371	correct_baseline
2986184	Ribes alpinum	Magnoliopsida	220	Plantae	2002	0	0	0	0	0.15447614739320806	1.1101602618057356	0.021494986745998174	0	0	0	1	0.9668471646458997	correct_baseline
2986184	Ribes alpinum	Magnoliopsida	220	Plantae	2003	3	3	4124	64	0.1565655034626167	1.1217596305060602	0.021852058326830837	0	0	0	1	0.9678839922851978	correct_baseline
2986184	Ribes alpinum	Magnoliopsida	220	Plantae	2004	8	8	5040	60	0.1588641111715025	1.1352234597882953	0.02223157529092822	0	0	0	1	0.9681140634070653	correct_baseline
2986184	Ribes alpinum	Magnoliopsida	220	Plantae	2005	3	3	1588	64	0.16123708223658625	1.1499755401345029	0.022606912739315293	0	0	0	1	0.9676626500544196	correct_baseline
2986184	Ribes alpinum	Magnoliopsida	220	Plantae	2006	0	0	0	0	0.16355779833467382	1.1654464997422638	0.022953566210033482	0	0	0	1	0.9666943208151201	correct_baseline
2986184	Ribes alpinum	Magnoliopsida	220	Plantae	2007	0	0	0	0	0.16571048723717963	1.181059564767711	0.023250280002418217	0	0	0	1	0.9654015988434634	correct_baseline
2986184	Ribes alpinum	Magnoliopsida	220	Plantae	2008	0	0	0	0	0.16759307929325104	1.1962092480436655	0.023480373749767774	0	0	0	1	0.9639807216884758	correct_baseline
2986184	Ribes alpinum	Magnoliopsida	220	Plantae	2009	0	0	0	0	0.1691198802309639	1.2102390587612128	0.023632962167500843	0	0	0	1	0.9625979134738397	correct_baseline
2986184	Ribes alpinum	Magnoliopsida	220	Plantae	2010	0	0	0	0	0.1702236349890203	1.22242840000976	0.0237037080524666	0	0	0	1	0.9613478920409082	correct_baseline
2986184	Ribes alpinum	Magnoliopsida	220	Plantae	2011	0	0	0	0	0.17085664952692312	1.232000814243179	0.023694785222604375	0	0	0	1	0.9602040570133379	correct_baseline
2986184	Ribes alpinum	Magnoliopsida	220	Plantae	2012	0	0	0	0	0.17099077322735154	1.2381645472487495	0.023613860204489943	0	0	0	1	0.9589614829415011	correct_baseline
2986184	Ribes alpinum	Magnoliopsida	220	Plantae	2013	1	1	878	66	0.17061620379042755	1.2401915551566642	0.023472090964350645	0	0	0	1	0.9571901213025701	correct_baseline
2986184	Ribes alpinum	Magnoliopsida	220	Plantae	2014	0	0	0	0	0.16973923459224177	1.2375330545386984	0.023281323803265832	0	0	0	1	0.9542584906331444	correct_baseline
2986184	Ribes alpinum	Magnoliopsida	220	Plantae	2015	0	0	0	0	0.16837919732252263	1.2299601267729319	0.023050791219845046	0	0	0	1	0.9495174174202924	correct_baseline
2986184	Ribes alpinum	Magnoliopsida	220	Plantae	2016	0	0	0	0	0.166564942310317	1.2177093878893	0.02278366273822419	0	0	0	1	0.9426041800241007	correct_baseline
2986184	Ribes alpinum	Magnoliopsida	220	Plantae	2017	0	0	0	0	0.16433123632769725	1.201609473301708	0.022473820182848173	0	0	0	1	0.9335977179211561	correct_baseline
2986184	Ribes alpinum	Magnoliopsida	220	Plantae	2018	1	1	2080	67	0.1617154432052078	1.183166691565736	0.022103296819866405	0	0	0	1	0.9228831326868524	correct_baseline
2986184	Ribes alpinum	Magnoliopsida	220	Plantae	2019	4	3	1709	64	0.15875479386824504	1.1645985917337391	0.021641005540483357	0	0	0	1	0.9109261678777567	correct_baseline
2986184	Ribes alpinum	Magnoliopsida	220	Plantae	2020	2	2	2495	66	0.1554844606922718	1.1488208497763772	0.02104367928339084	0	0	0	1	0.8981414565269976	correct_baseline
2986184	Ribes alpinum	Magnoliopsida	220	Plantae	2021	6	4	3521	64	0.1519365379351241	1.1394122431811076	0.020260192654470294	0	0	0	1	0.8848546018226329	correct_baseline
2986184	Ribes alpinum	Magnoliopsida	220	Plantae	2022	4	2	2907	66	0.14813990504749552	1.1406005443942555	0.019240242848679045	0	0	0	1	0.8713048733006529	correct_baseline
2986184	Ribes alpinum	Magnoliopsida	220	Plantae	2023	1	1	1723	66	0.14412082011006735	1.1573266032606924	0.01794723350407568	0	0	0	1	0.8576583620853611	correct_baseline
2986184	Ribes alpinum	Magnoliopsida	220	Plantae	2024	3	2	2513	66	0.13990396249639334	1.1954553905105707	0.016372939448483045	0	0	0	1	0.8440226096961185	correct_baseline
2995149	Rubus phoenicolasius	Magnoliopsida	220	Plantae	2015	1	1	761	67									correct_baseline
2995149	Rubus phoenicolasius	Magnoliopsida	220	Plantae	2016	1	1	1031	67									correct_baseline
2995149	Rubus phoenicolasius	Magnoliopsida	220	Plantae	2017	0	0	0	0									correct_baseline
2995149	Rubus phoenicolasius	Magnoliopsida	220	Plantae	2018	1	1	2080	67									correct_baseline
2995149	Rubus phoenicolasius	Magnoliopsida	220	Plantae	2019	0	0	0	0									correct_baseline
2995149	Rubus phoenicolasius	Magnoliopsida	220	Plantae	2020	2	2	2495	66									correct_baseline
2995149	Rubus phoenicolasius	Magnoliopsida	220	Plantae	2021	2	2	3525	66									correct_baseline
2995149	Rubus phoenicolasius	Magnoliopsida	220	Plantae	2022	0	0	0	0									correct_baseline
2995149	Rubus phoenicolasius	Magnoliopsida	220	Plantae	2023	1	1	1723	66									correct_baseline
2995149	Rubus phoenicolasius	Magnoliopsida	220	Plantae	2024	1	1	2515	67									correct_baseline
3003244	Rosa multiflora	Magnoliopsida	220	Plantae	2019	1	1	1712	66									correct_baseline
3003244	Rosa multiflora	Magnoliopsida	220	Plantae	2020	2	1	2495	67									correct_baseline
3003244	Rosa multiflora	Magnoliopsida	220	Plantae	2021	2	2	3525	66									correct_baseline
3003244	Rosa multiflora	Magnoliopsida	220	Plantae	2022	0	0	0	0									correct_baseline
3003244	Rosa multiflora	Magnoliopsida	220	Plantae	2023	0	0	0	0									correct_baseline
3003244	Rosa multiflora	Magnoliopsida	220	Plantae	2024	2	1	2514	67									correct_baseline
3012089	Sorbaria sorbifolia	Magnoliopsida	220	Plantae	1985	1	1	32	19									correct_baseline
3012089	Sorbaria sorbifolia	Magnoliopsida	220	Plantae	1986	0	0	0	0									correct_baseline
3012089	Sorbaria sorbifolia	Magnoliopsida	220	Plantae	1987	0	0	0	0									correct_baseline
3012089	Sorbaria sorbifolia	Magnoliopsida	220	Plantae	1988	0	0	0	0									correct_baseline
3012089	Sorbaria sorbifolia	Magnoliopsida	220	Plantae	1989	0	0	0	0									correct_baseline
3012089	Sorbaria sorbifolia	Magnoliopsida	220	Plantae	1990	0	0	0	0									correct_baseline
3012089	Sorbaria sorbifolia	Magnoliopsida	220	Plantae	1991	0	0	0	0									correct_baseline
3012089	Sorbaria sorbifolia	Magnoliopsida	220	Plantae	1992	0	0	0	0									correct_baseline
3012089	Sorbaria sorbifolia	Magnoliopsida	220	Plantae	1993	0	0	0	0									correct_baseline
3012089	Sorbaria sorbifolia	Magnoliopsida	220	Plantae	1994	0	0	0	0									correct_baseline
3012089	Sorbaria sorbifolia	Magnoliopsida	220	Plantae	1995	0	0	0	0									correct_baseline
3012089	Sorbaria sorbifolia	Magnoliopsida	220	Plantae	1996	0	0	0	0									correct_baseline
3012089	Sorbaria sorbifolia	Magnoliopsida	220	Plantae	1997	0	0	0	0									correct_baseline
3012089	Sorbaria sorbifolia	Magnoliopsida	220	Plantae	1998	0	0	0	0									correct_baseline
3012089	Sorbaria sorbifolia	Magnoliopsida	220	Plantae	1999	0	0	0	0									correct_baseline
3012089	Sorbaria sorbifolia	Magnoliopsida	220	Plantae	2000	0	0	0	0									correct_baseline
3012089	Sorbaria sorbifolia	Magnoliopsida	220	Plantae	2001	0	0	0	0									correct_baseline
3012089	Sorbaria sorbifolia	Magnoliopsida	220	Plantae	2002	0	0	0	0									correct_baseline
3012089	Sorbaria sorbifolia	Magnoliopsida	220	Plantae	2003	0	0	0	0									correct_baseline
3012089	Sorbaria sorbifolia	Magnoliopsida	220	Plantae	2004	0	0	0	0									correct_baseline
3012089	Sorbaria sorbifolia	Magnoliopsida	220	Plantae	2005	0	0	0	0									correct_baseline
3012089	Sorbaria sorbifolia	Magnoliopsida	220	Plantae	2006	0	0	0	0									correct_baseline
3012089	Sorbaria sorbifolia	Magnoliopsida	220	Plantae	2007	0	0	0	0									correct_baseline
3012089	Sorbaria sorbifolia	Magnoliopsida	220	Plantae	2008	0	0	0	0									correct_baseline
3012089	Sorbaria sorbifolia	Magnoliopsida	220	Plantae	2009	0	0	0	0									correct_baseline
3012089	Sorbaria sorbifolia	Magnoliopsida	220	Plantae	2010	0	0	0	0									correct_baseline
3012089	Sorbaria sorbifolia	Magnoliopsida	220	Plantae	2011	0	0	0	0									correct_baseline
3012089	Sorbaria sorbifolia	Magnoliopsida	220	Plantae	2012	0	0	0	0									correct_baseline
3012089	Sorbaria sorbifolia	Magnoliopsida	220	Plantae	2013	0	0	0	0									correct_baseline
3012089	Sorbaria sorbifolia	Magnoliopsida	220	Plantae	2014	0	0	0	0									correct_baseline
3012089	Sorbaria sorbifolia	Magnoliopsida	220	Plantae	2015	0	0	0	0									correct_baseline
3012089	Sorbaria sorbifolia	Magnoliopsida	220	Plantae	2016	0	0	0	0									correct_baseline
3012089	Sorbaria sorbifolia	Magnoliopsida	220	Plantae	2017	3	1	1122	67									correct_baseline
3012089	Sorbaria sorbifolia	Magnoliopsida	220	Plantae	2018	1	1	2080	67									correct_baseline
3012089	Sorbaria sorbifolia	Magnoliopsida	220	Plantae	2019	0	0	0	0									correct_baseline
3012089	Sorbaria sorbifolia	Magnoliopsida	220	Plantae	2020	3	2	2494	66									correct_baseline
3012089	Sorbaria sorbifolia	Magnoliopsida	220	Plantae	2021	4	2	3523	66									correct_baseline
3012089	Sorbaria sorbifolia	Magnoliopsida	220	Plantae	2022	6	6	2905	62									correct_baseline
3012089	Sorbaria sorbifolia	Magnoliopsida	220	Plantae	2023	0	0	0	0									correct_baseline
3012089	Sorbaria sorbifolia	Magnoliopsida	220	Plantae	2024	2	2	2514	66									correct_baseline
3021496	Prunus laurocerasus	Magnoliopsida	220	Plantae	1987	1	1	506	33	0.0107506755513151	0.6236371111020923	1.853273686766273e-4	0	0	0	1	0.9080457648862154	correct_baseline
3021496	Prunus laurocerasus	Magnoliopsida	220	Plantae	1988	0	0	0	0	0.01198893580750291	0.5431671786802807	2.646230984457743e-4	0	0	0	1	0.9148787327867628	correct_baseline
3021496	Prunus laurocerasus	Magnoliopsida	220	Plantae	1989	0	0	0	0	0.013348421528843352	0.481408339849143	3.701231211896419e-4	0	0	0	1	0.9217363582430781	correct_baseline
3021496	Prunus laurocerasus	Magnoliopsida	220	Plantae	1990	0	0	0	0	0.014838280922756332	0.43428245168578483	5.069847512557034e-4	0	0	0	1	0.9286143301867171	correct_baseline
3021496	Prunus laurocerasus	Magnoliopsida	220	Plantae	1991	0	0	0	0	0.016468030536759003	0.3988130908005975	6.800078433112973e-4	0	0	0	1	0.9355073520299035	correct_baseline
3021496	Prunus laurocerasus	Magnoliopsida	220	Plantae	1992	0	0	0	0	0.018247532113508935	0.3728266330823348	8.931025808985228e-4	0	0	0	1	0.9424088776204431	correct_baseline
3021496	Prunus laurocerasus	Magnoliopsida	220	Plantae	1993	0	0	0	0	0.020186963974515026	0.35473954188733486	0.0011487682267960798	0	0	0	1	0.9493107608690405	correct_baseline
3021496	Prunus laurocerasus	Magnoliopsida	220	Plantae	1994	0	0	0	0	0.022296786621416508	0.3434047330635484	0.0014476990145298285	0	0	0	1	0.9562027856592051	correct_baseline
3021496	Prunus laurocerasus	Magnoliopsida	220	Plantae	1995	0	0	0	0	0.02458770227803304	0.33799845228478953	0.0017886327562346574	0	0	0	1	0.9630720281453556	correct_baseline
3021496	Prunus laurocerasus	Magnoliopsida	220	Plantae	1996	0	0	0	0	0.027070608138120435	0.33793495640278165	0.0021685173761492533	0	0	0	1	0.969901981887776	correct_baseline
3021496	Prunus laurocerasus	Magnoliopsida	220	Plantae	1997	0	0	0	0	0.029756543133089577	0.3428003925676583	0.0025829954645009917	0	0	0	1	0.9766713445683856	correct_baseline
3021496	Prunus laurocerasus	Magnoliopsida	220	Plantae	1998	0	0	0	0	0.03265662809091569	0.35230021233085873	0.0030271209637161237	0	0	0	1	0.9833523188723574	correct_baseline
3021496	Prunus laurocerasus	Magnoliopsida	220	Plantae	1999	0	0	0	0	0.03578199922201037	0.3662166039573847	0.0034961589793807953	0	0	0	1	0.9899082149478214	correct_baseline
3021496	Prunus laurocerasus	Magnoliopsida	220	Plantae	2000	0	0	0	0	0.0391437349397459	0.38437399413961243	0.0039863050268602335	0	0	0	1	0.9962900564594647	correct_baseline
3021496	Prunus laurocerasus	Magnoliopsida	220	Plantae	2001	0	0	0	0	0.04275277610226416	0.4066118020335656	0.004495196291177612	0	0	0	1	1.002431798885261	correct_baseline
3021496	Prunus laurocerasus	Magnoliopsida	220	Plantae	2002	0	0	0	0	0.046619839847668154	0.4327644230928619	0.005022153743344701	0	0	0	1	1.0082437246793587	correct_baseline
3021496	Prunus laurocerasus	Magnoliopsida	220	Plantae	2003	0	0	0	0	0.050755327286027364	0.4626489460222412	0.005568159767920257	1	0	3	3	1.0136037606488038	correct_baseline
3021496	Prunus laurocerasus	Magnoliopsida	220	Plantae	2004	1	1	5047	67	0.05516922540800922	0.4960614055261274	0.006135618288811668	1	0	3	3	1.0183473135655121	correct_baseline
3021496	Prunus laurocerasus	Magnoliopsida	220	Plantae	2005	0	0	0	0	0.059871003670396584	0.5327824717609777	0.006727956099330485	1	0	3	3	1.0222586309762096	correct_baseline
3021496	Prunus laurocerasus	Magnoliopsida	220	Plantae	2006	1	1	196	15	0.06486950582212964	0.5725933999621909	0.007349111578801247	1	0	3	3	1.0250716954058443	correct_baseline
3021496	Prunus laurocerasus	Magnoliopsida	220	Plantae	2007	0	0	0	0	0.07017283763952772	0.6153028543297888	0.008002932389688288	1	0	3	3	1.0264949861312889	correct_baseline
3021496	Prunus laurocerasus	Magnoliopsida	220	Plantae	2008	0	0	0	0	0.0757882513445727	0.6607849531223722	0.008692478566176444	1	0	3	3	1.026272876734259	correct_baseline
3021496	Prunus laurocerasus	Magnoliopsida	220	Plantae	2009	0	0	0	0	0.08172202758401087	0.7090286648395999	0.00941920986220307	1	0	3	3	1.0242713161349688	correct_baseline
3021496	Prunus laurocerasus	Magnoliopsida	220	Plantae	2010	0	0	0	0	0.08797935594788418	0.760198655359928	0.010182032049687999	1	0	3	3	1.0205360823366136	correct_baseline
3021496	Prunus laurocerasus	Magnoliopsida	220	Plantae	2011	0	0	0	0	0.09456421510217926	0.8147080012746729	0.01097619118003036	1	0	3	3	1.0152749469032545	correct_baseline
3021496	Prunus laurocerasus	Magnoliopsida	220	Plantae	2012	0	0	0	0	0.10147925369975637	0.8733040192709332	0.011792043439874129	0	0	0	1	1.008779037903378	correct_baseline
3021496	Prunus laurocerasus	Magnoliopsida	220	Plantae	2013	2	2	877	65	0.10872567331473765	0.9371700070933033	0.012613796801294928	0	0	0	1	1.0013425373447473	correct_baseline
3021496	Prunus laurocerasus	Magnoliopsida	220	Plantae	2014	0	0	0	0	0.11630311471622494	1.008048176102781	0.013418420680041208	0	0	0	1	0.9932173015730218	correct_baseline
3021496	Prunus laurocerasus	Magnoliopsida	220	Plantae	2015	3	3	759	65	0.12420954885575283	1.088392783605238	0.014175040719991955	0	0	0	1	0.9846005749121256	correct_baseline
3021496	Prunus laurocerasus	Magnoliopsida	220	Plantae	2016	2	2	1030	66	0.13244117398748695	1.1815678986724256	0.014845244684534804	0	0	0	1	0.9756400487334959	correct_baseline
3021496	Prunus laurocerasus	Magnoliopsida	220	Plantae	2017	0	0	0	0	0.14099232036918427	1.2921120687102685	0.015384760257621389	0	0	0	1	0.9664442291552043	correct_baseline
3021496	Prunus laurocerasus	Magnoliopsida	220	Plantae	2018	5	3	2076	65	0.14985536400380858	1.4261035126622308	0.0157468444059802	0	0	0	1	0.9570924984000792	correct_baseline
3021496	Prunus laurocerasus	Magnoliopsida	220	Plantae	2019	0	0	0	0	0.1590206508750849	1.5916760813257056	0.015887382930120847	0	0	0	1	0.9476431560495289	correct_baseline
3021496	Prunus laurocerasus	Magnoliopsida	220	Plantae	2020	4	4	2493	64	0.16847643310404223	1.7997607563488587	0.015771156478066307	0	0	0	1	0.938139359110533	correct_baseline
3021496	Prunus laurocerasus	Magnoliopsida	220	Plantae	2021	9	8	3518	60	0.17820881840683875	2.065164042293398	0.015378140577488191	0	0	0	1	0.9286133654244845	correct_baseline
3021496	Prunus laurocerasus	Magnoliopsida	220	Plantae	2022	7	6	2904	62	0.1882017341662726	2.408149831473306	0.014708342595743912	0	0	0	1	0.9190895296579263	correct_baseline
3021496	Prunus laurocerasus	Magnoliopsida	220	Plantae	2023	12	9	1712	58	0.1984369073400542	2.856775929935103	0.013783792345092945	0	0	0	1	0.9095864175168856	correct_baseline
3021496	Prunus laurocerasus	Magnoliopsida	220	Plantae	2024	17	14	2499	54	0.2088938613181801	3.4503680739987135	0.012646953704810844	0	0	0	1	0.9001183061784575	correct_baseline
3021730	Prunus cerasifera	Magnoliopsida	220	Plantae	1987	2	2	505	32	0.06514256895559517	8.364959500030348	5.073012356030029e-4	0	0	0	1	0.7193221914279254	correct_baseline
3021730	Prunus cerasifera	Magnoliopsida	220	Plantae	1988	0	0	0	0	0.055453227078309325	6.994383241484668	4.3964711215135086e-4	0	0	0	1	0.7367484510898444	correct_baseline
3021730	Prunus cerasifera	Magnoliopsida	220	Plantae	1989	0	0	0	0	0.04771363065769047	5.978466796369182	3.807983933140031e-4	0	0	0	1	0.7543442575176192	correct_baseline
3021730	Prunus cerasifera	Magnoliopsida	220	Plantae	1990	0	0	0	0	0.041496827668854194	5.21008148129663	3.3051051365707874e-4	0	0	0	1	0.7720171443516158	correct_baseline
3021730	Prunus cerasifera	Magnoliopsida	220	Plantae	1991	2	2	12444	66	0.036479791951767225	4.618469403430219	2.8814204546983235e-4	-1	0	-3	0	0.7896409819124774	correct_baseline
3021730	Prunus cerasifera	Magnoliopsida	220	Plantae	1992	0	0	0	0	0.03241681077417337	4.156054185206269	2.5284791148997204e-4	-1	0	-3	0	0.8070586692152807	correct_baseline
3021730	Prunus cerasifera	Magnoliopsida	220	Plantae	1993	0	0	0	0	0.029120058525072413	3.7903696097412665	2.237190289633855e-4	-1	0	-3	0	0.8240920931699279	correct_baseline
3021730	Prunus cerasifera	Magnoliopsida	220	Plantae	1994	0	0	0	0	0.026445342683454307	3.4989991681366237	1.9987319688840308e-4	0	0	0	1	0.8405603563841355	correct_baseline
3021730	Prunus cerasifera	Magnoliopsida	220	Plantae	1995	1	1	1349	36	0.024281601824553703	3.2663285271398403	1.8050731341542366e-4	0	0	0	1	0.8563058556641326	correct_baseline
3021730	Prunus cerasifera	Magnoliopsida	220	Plantae	1996	0	0	0	0	0.0225431415692755	3.081417131164999	1.6492192072037424e-4	0	0	0	1	0.8712239710146967	correct_baseline
3021730	Prunus cerasifera	Magnoliopsida	220	Plantae	1997	0	0	0	0	0.021163878226062544	2.9365795880890024	1.5252770378993346e-4	0	0	0	1	0.885286460589145	correct_baseline
3021730	Prunus cerasifera	Magnoliopsida	220	Plantae	1998	0	0	0	0	0.02009306109776108	2.826430083391089	1.4284135547905426e-4	0	0	0	1	0.8985456647536495	correct_baseline
3021730	Prunus cerasifera	Magnoliopsida	220	Plantae	1999	1	1	683	34	0.019292088397452462	2.7472370357178058	1.3547599639063352e-4	0	0	0	1	0.9111125573302186	correct_baseline
3021730	Prunus cerasifera	Magnoliopsida	220	Plantae	2000	0	0	0	0	0.01873213530619632	2.6964902220521623	1.3012948842165654e-4	0	0	0	1	0.923115727291858	correct_baseline
3021730	Prunus cerasifera	Magnoliopsida	220	Plantae	2001	0	0	0	0	0.01839238746321819	2.6726154869201144	1.265726095851427e-4	0	0	0	1	0.9346593677832072	correct_baseline
3021730	Prunus cerasifera	Magnoliopsida	220	Plantae	2002	0	0	0	0	0.01825872718812421	2.674792447867593	1.246381261454979e-4	0	0	0	1	0.9457970798620433	correct_baseline
3021730	Prunus cerasifera	Magnoliopsida	220	Plantae	2003	0	0	0	0	0.018322758754047635	2.7028436330653562	1.2421121379422082e-4	0	0	0	1	0.956528143338645	correct_baseline
3021730	Prunus cerasifera	Magnoliopsida	220	Plantae	2004	0	0	0	0	0.01858108724086715	2.757172119878358	1.2522134565467314e-4	0	0	0	1	0.9668129516145676	correct_baseline
3021730	Prunus cerasifera	Magnoliopsida	220	Plantae	2005	0	0	0	0	0.019034786006883457	2.838730540494333	1.2763560089953165e-4	0	0	0	1	0.9765988931665285	correct_baseline
3021730	Prunus cerasifera	Magnoliopsida	220	Plantae	2006	0	0	0	0	0.019689003010825944	2.9490081849826626	1.314532938682203e-4	0	0	0	1	0.9858465248362875	correct_baseline
3021730	Prunus cerasifera	Magnoliopsida	220	Plantae	2007	0	0	0	0	0.02055266799484568	3.0900255118160356	1.3670183630882027e-4	0	0	0	1	0.9945472863070461	correct_baseline
3021730	Prunus cerasifera	Magnoliopsida	220	Plantae	2008	0	0	0	0	0.021638272469777814	3.264327282574368	1.4343379047063369e-4	0	0	0	1	1.0027276724558245	correct_baseline
3021730	Prunus cerasifera	Magnoliopsida	220	Plantae	2009	0	0	0	0	0.02296170382709524	3.4749674506449204	1.5172511689149484e-4	1	0	3	3	1.0104394058722115	correct_baseline
3021730	Prunus cerasifera	Magnoliopsida	220	Plantae	2010	1	1	386	59	0.024542124761942747	3.7254816256009105	1.6167463656020903e-4	1	0	3	3	1.0177386258757513	correct_baseline
3021730	Prunus cerasifera	Magnoliopsida	220	Plantae	2011	0	0	0	0	0.026401900190999725	4.019847217281119	1.7340468331703855e-4	1	0	3	3	1.0246581423660552	correct_baseline
3021730	Prunus cerasifera	Magnoliopsida	220	Plantae	2012	0	0	0	0	0.02856658614437259	4.362437933110848	1.8706279755868882e-4	1	0	3	3	1.0311760306784084	correct_baseline
3021730	Prunus cerasifera	Magnoliopsida	220	Plantae	2013	0	0	0	0	0.031065008187114287	4.7579884717916014	2.0282410085413632e-4	1	0	3	3	1.037183440870323	correct_baseline
3021730	Prunus cerasifera	Magnoliopsida	220	Plantae	2014	0	0	0	0	0.03392946946955927	5.211596613813645	2.2089370758941848e-4	1	0	3	3	1.0424574306228238	correct_baseline
3021730	Prunus cerasifera	Magnoliopsida	220	Plantae	2015	3	3	759	65	0.03719613839544147	5.72880204746903	2.4150820713801522e-4	1	0	3	3	1.046653667784902	correct_baseline
3021730	Prunus cerasifera	Magnoliopsida	220	Plantae	2016	1	1	1031	67	0.040905670391064956	6.315791841839885	2.6493493009975414e-4	1	0	3	3	1.049346214786914	correct_baseline
3021730	Prunus cerasifera	Magnoliopsida	220	Plantae	2017	1	1	1124	67	0.045104114424213325	6.97978885049867	2.914674328360494e-4	1	0	3	3	1.0501367688653904	correct_baseline
3021730	Prunus cerasifera	Magnoliopsida	220	Plantae	2018	2	2	2079	66	0.049844140297808495	7.729679921927124	3.2141542044708733e-4	1	0	3	3	1.0488037386519307	correct_baseline
3021730	Prunus cerasifera	Magnoliopsida	220	Plantae	2019	9	5	1704	62	0.055186596190671316	8.576936836472257	3.550871898882813e-4	1	0	3	3	1.0453948052564148	correct_baseline
3021730	Prunus cerasifera	Magnoliopsida	220	Plantae	2020	7	6	2490	62	0.06120236860384605	9.53687990056098	3.9276261856885814e-4	1	0	3	3	1.040193019623531	correct_baseline
3021730	Prunus cerasifera	Magnoliopsida	220	Plantae	2021	15	12	3512	56	0.06797447349324612	10.63034231732558	4.346547748658456e-4	1	0	3	3	1.033597568039407	correct_baseline
3021730	Prunus cerasifera	Magnoliopsida	220	Plantae	2022	15	12	2896	56	0.0756002680132672	11.885826823572001	4.80858471902269e-4	1	0	3	3	1.026007637696799	correct_baseline
3021730	Prunus cerasifera	Magnoliopsida	220	Plantae	2023	3	3	1721	64	0.08419365580071693	13.342321016718895	5.312847493481158e-4	1	0	3	3	1.0177535076308848	correct_baseline
3021730	Prunus cerasifera	Magnoliopsida	220	Plantae	2024	10	9	2506	59	0.09388719897216613	15.053072833755975	5.855818428694657e-4	0	0	0	1	1.0090727230716001	correct_baseline
3021850	Prunus serotina	Magnoliopsida	220	Plantae	1980	4	4	907	33	1.881304907164902	5.162810469650815	0.6855390440009936	0	0	0	1	0.9800535866762518	correct_baseline
3021850	Prunus serotina	Magnoliopsida	220	Plantae	1981	3	2	492	24	2.0985731777930354	4.969104375986585	0.8862783007406584	0	0	0	1	0.987860186887954	correct_baseline
3021850	Prunus serotina	Magnoliopsida	220	Plantae	1982	1	1	107	16	2.3275222079043387	4.901891572123004	1.1051569681990403	0	0	0	1	0.995521744910047	correct_baseline
3021850	Prunus serotina	Magnoliopsida	220	Plantae	1983	1	1	531	27	2.566585228236943	4.956555336761727	1.329019709504103	0	0	0	1	1.0028822141411748	correct_baseline
3021850	Prunus serotina	Magnoliopsida	220	Plantae	1984	3	1	668	23	2.8136785133381306	5.12644542330875	1.5443033374401869	0	0	0	1	1.009683250955655	correct_baseline
3021850	Prunus serotina	Magnoliopsida	220	Plantae	1985	0	0	0	0	3.066055172653871	5.397019174980782	1.7418308175254975	1	0	3	3	1.0155515407303584	correct_baseline
3021850	Prunus serotina	Magnoliopsida	220	Plantae	1986	5	5	1404	32	3.320144635336453	5.743406703624144	1.9193069494099357	1	0	3	3	1.0199926434019317	correct_baseline
3021850	Prunus serotina	Magnoliopsida	220	Plantae	1987	0	0	0	0	3.5714098726799084	6.1331101743150285	2.0796900946101213	1	0	3	3	1.0223961902536849	correct_baseline
3021850	Prunus serotina	Magnoliopsida	220	Plantae	1988	0	0	0	0	3.8142626579419243	6.531521205032318	2.2274442916239763	1	0	3	3	1.0220876575676014	correct_baseline
3021850	Prunus serotina	Magnoliopsida	220	Plantae	1989	0	0	0	0	4.042081202328853	6.9069721180004535	2.3654968004923966	1	0	3	3	1.0185138567405188	correct_baseline
3021850	Prunus serotina	Magnoliopsida	220	Plantae	1990	0	0	0	0	4.247371737632596	7.233890501105809	2.493840164553559	1	0	3	3	1.0115950304074646	correct_baseline
3021850	Prunus serotina	Magnoliopsida	220	Plantae	1991	36	24	12410	44	4.422103403078344	7.494058756435035	2.6094002119646436	0	0	0	1	1.0019402798820756	correct_baseline
3021850	Prunus serotina	Magnoliopsida	220	Plantae	1992	52	8	5368	46	4.5582225742144855	7.676323386410558	2.7066854782148546	0	0	0	1	0.9905644612461744	correct_baseline
3021850	Prunus serotina	Magnoliopsida	220	Plantae	1993	11	10	4515	53	4.6483195317423975	7.775149393063457	2.778965827776156	0	0	0	1	0.9784139657129655	correct_baseline
3021850	Prunus serotina	Magnoliopsida	220	Plantae	1994	33	20	6122	45	4.6863818674006605	7.788574163054352	2.8197940402597457	0	0	0	1	0.9661514859982425	correct_baseline
3021850	Prunus serotina	Magnoliopsida	220	Plantae	1995	10	8	1340	29	4.668533944749748	7.7163108550509	2.8245633959930547	0	0	0	1	0.9541691875580515	correct_baseline
3021850	Prunus serotina	Magnoliopsida	220	Plantae	1996	3	2	868	38	4.593641071115833	7.5587620763333065	2.7916658941166723	0	0	0	1	0.9426571399157769	correct_baseline
3021850	Prunus serotina	Magnoliopsida	220	Plantae	1997	12	10	1280	47	4.463660692862011	7.3173688799059535	2.7228730856681165	0	0	0	1	0.9316562458013571	correct_baseline
3021850	Prunus serotina	Magnoliopsida	220	Plantae	1998	6	6	643	30	4.283655460298114	6.996100658045432	2.622847354467364	-1	0	-3	0	0.9210955863685526	correct_baseline
3021850	Prunus serotina	Magnoliopsida	220	Plantae	1999	6	6	678	29	4.06144040964954	6.603302958079956	2.4980374678932753	-1	0	-3	0	0.9108394732503048	correct_baseline
3021850	Prunus serotina	Magnoliopsida	220	Plantae	2000	7	6	923	30	3.806905892850734	6.152911903689594	2.355394113205359	-1	0	-3	0	0.9007739495051388	correct_baseline
3021850	Prunus serotina	Magnoliopsida	220	Plantae	2001	1	1	456	20	3.5311209739275102	5.664321884484546	2.2012900373237585	-1	0	-3	0	0.890930445414683	correct_baseline
3021850	Prunus serotina	Magnoliopsida	220	Plantae	2002	2	2	444	19	3.2453613840247226	5.160765209952225	2.0408544245740576	-1	0	-3	0	0.8815761568542141	correct_baseline
3021850	Prunus serotina	Magnoliopsida	220	Plantae	2003	20	16	4107	51	2.960211610385045	4.666612619382865	1.8777759143456096	-1	0	-3	0	0.8731923557978347	correct_baseline
3021850	Prunus serotina	Magnoliopsida	220	Plantae	2004	18	17	5030	51	2.684862933465731	4.204298250809512	1.7145522371326196	-1	0	-3	0	0.8663641127747065	correct_baseline
3021850	Prunus serotina	Magnoliopsida	220	Plantae	2005	8	6	1583	61	2.4266788457860105	3.7915734084436115	1.5531204558696872	-1	0	-3	0	0.8616725696119595	correct_baseline
3021850	Prunus serotina	Magnoliopsida	220	Plantae	2006	2	2	195	14	2.191042244515139	3.439649102577462	1.3956848428674353	-1	0	-3	0	0.8596370575266683	correct_baseline
3021850	Prunus serotina	Magnoliopsida	220	Plantae	2007	0	0	0	0	1.9814503232678156	3.152657800413088	1.245344605134022	-1	0	-3	0	0.8606977307315802	correct_baseline
3021850	Prunus serotina	Magnoliopsida	220	Plantae	2008	1	1	184	37	1.7997929823723828	2.9286483032461272	1.1060579639441417	-1	0	-3	0	0.865215750831195	correct_baseline
3021850	Prunus serotina	Magnoliopsida	220	Plantae	2009	1	1	325	41	1.6467414139691212	2.761786528364802	0.9818851879499162	-1	0	-3	0	0.8734753129548122	correct_baseline
3021850	Prunus serotina	Magnoliopsida	220	Plantae	2010	2	2	385	58	1.5221818828527636	2.644846050479053	0.8760576760471583	-1	0	-3	0	0.8856781075426345	correct_baseline
3021850	Prunus serotina	Magnoliopsida	220	Plantae	2011	2	2	395	66	1.4256490968861713	2.5710962661589325	0.790509236936801	-1	0	-3	0	0.9019203787194542	correct_baseline
3021850	Prunus serotina	Magnoliopsida	220	Plantae	2012	2	2	911	66	1.3567373438952468	2.53530403891422	0.7260416076599044	0	1	1	2	0.9221324344893228	correct_baseline
3021850	Prunus serotina	Magnoliopsida	220	Plantae	2013	1	1	878	66	1.3154911748166862	2.5340947464949664	0.6828935790242848	0	1	1	2	0.9459299229211618	correct_baseline
3021850	Prunus serotina	Magnoliopsida	220	Plantae	2014	2	2	904	65	1.3027991238732977	2.5660599692001256	0.661436434665281	0	1	1	2	0.9722681980181624	correct_baseline
3021850	Prunus serotina	Magnoliopsida	220	Plantae	2015	5	3	757	65	1.3208349401604162	2.631928570149228	0.6628618112723526	0	1	1	2	0.9989176767410742	correct_baseline
3021850	Prunus serotina	Magnoliopsida	220	Plantae	2016	1	1	1031	67	1.3736148430803918	2.735065815367328	0.6898619135705751	1	1	4	3	1.0230257869902173	correct_baseline
3021850	Prunus serotina	Magnoliopsida	220	Plantae	2017	2	2	1123	66	1.4677729210986725	2.8826551560236595	0.7473517404288671	1	1	4	3	1.0437655029236566	correct_baseline
3021850	Prunus serotina	Magnoliopsida	220	Plantae	2018	4	4	2077	64	1.6137102926661566	3.0882694134527395	0.8432104068748676	1	1	4	3	1.06235783897921	correct_baseline
3021850	Prunus serotina	Magnoliopsida	220	Plantae	2019	6	5	1707	62	1.8273639134987563	3.377435219802399	0.9886966455430216	1	1	4	3	1.079945356651596	correct_baseline
3021850	Prunus serotina	Magnoliopsida	220	Plantae	2020	7	7	2490	61	2.1329969714457517	3.799856613283733	1.1973283582048224	1	1	4	3	1.097118246861873	correct_baseline
3021850	Prunus serotina	Magnoliopsida	220	Plantae	2021	14	10	3513	58	2.567686648085065	4.455907662655968	1.4796120615355195	1	1	4	3	1.1141503315459191	correct_baseline
3021850	Prunus serotina	Magnoliopsida	220	Plantae	2022	13	11	2898	57	3.1886723381943174	5.5493209601331825	1.8322298085496924	1	1	4	3	1.1311742888165919	correct_baseline
3021850	Prunus serotina	Magnoliopsida	220	Plantae	2023	19	13	1705	54	4.085607691320503	7.4788281977063304	2.231925880112682	1	1	4	3	1.1482633551643735	correct_baseline
3021850	Prunus serotina	Magnoliopsida	220	Plantae	2024	31	17	2485	51	5.401374396881035	11.003421694757167	2.651433907071197	1	1	4	3	1.1654666002015184	correct_baseline
3021922	Prunus cerasus	Magnoliopsida	220	Plantae	1991	3	3	12443	65									correct_baseline
3021922	Prunus cerasus	Magnoliopsida	220	Plantae	1992	0	0	0	0									correct_baseline
3021922	Prunus cerasus	Magnoliopsida	220	Plantae	1993	0	0	0	0									correct_baseline
3021922	Prunus cerasus	Magnoliopsida	220	Plantae	1994	0	0	0	0									correct_baseline
3021922	Prunus cerasus	Magnoliopsida	220	Plantae	1995	0	0	0	0									correct_baseline
3021922	Prunus cerasus	Magnoliopsida	220	Plantae	1996	0	0	0	0									correct_baseline
3021922	Prunus cerasus	Magnoliopsida	220	Plantae	1997	0	0	0	0									correct_baseline
3021922	Prunus cerasus	Magnoliopsida	220	Plantae	1998	0	0	0	0									correct_baseline
3021922	Prunus cerasus	Magnoliopsida	220	Plantae	1999	0	0	0	0									correct_baseline
3021922	Prunus cerasus	Magnoliopsida	220	Plantae	2000	0	0	0	0									correct_baseline
3021922	Prunus cerasus	Magnoliopsida	220	Plantae	2001	0	0	0	0									correct_baseline
3021922	Prunus cerasus	Magnoliopsida	220	Plantae	2002	0	0	0	0									correct_baseline
3021922	Prunus cerasus	Magnoliopsida	220	Plantae	2003	0	0	0	0									correct_baseline
3021922	Prunus cerasus	Magnoliopsida	220	Plantae	2004	4	4	5044	64									correct_baseline
3021922	Prunus cerasus	Magnoliopsida	220	Plantae	2005	0	0	0	0									correct_baseline
3021922	Prunus cerasus	Magnoliopsida	220	Plantae	2006	0	0	0	0									correct_baseline
3021922	Prunus cerasus	Magnoliopsida	220	Plantae	2007	0	0	0	0									correct_baseline
3021922	Prunus cerasus	Magnoliopsida	220	Plantae	2008	0	0	0	0									correct_baseline
3021922	Prunus cerasus	Magnoliopsida	220	Plantae	2009	0	0	0	0									correct_baseline
3021922	Prunus cerasus	Magnoliopsida	220	Plantae	2010	0	0	0	0									correct_baseline
3021922	Prunus cerasus	Magnoliopsida	220	Plantae	2011	0	0	0	0									correct_baseline
3021922	Prunus cerasus	Magnoliopsida	220	Plantae	2012	0	0	0	0									correct_baseline
3021922	Prunus cerasus	Magnoliopsida	220	Plantae	2013	0	0	0	0									correct_baseline
3021922	Prunus cerasus	Magnoliopsida	220	Plantae	2014	0	0	0	0									correct_baseline
3021922	Prunus cerasus	Magnoliopsida	220	Plantae	2015	0	0	0	0									correct_baseline
3021922	Prunus cerasus	Magnoliopsida	220	Plantae	2016	0	0	0	0									correct_baseline
3021922	Prunus cerasus	Magnoliopsida	220	Plantae	2017	1	1	1124	67									correct_baseline
3021922	Prunus cerasus	Magnoliopsida	220	Plantae	2018	1	1	2080	67									correct_baseline
3021922	Prunus cerasus	Magnoliopsida	220	Plantae	2019	0	0	0	0									correct_baseline
3021922	Prunus cerasus	Magnoliopsida	220	Plantae	2020	1	1	2496	67									correct_baseline
3021922	Prunus cerasus	Magnoliopsida	220	Plantae	2021	0	0	0	0									correct_baseline
3021922	Prunus cerasus	Magnoliopsida	220	Plantae	2022	1	1	2910	67									correct_baseline
3021922	Prunus cerasus	Magnoliopsida	220	Plantae	2023	2	2	1722	65									correct_baseline
3021922	Prunus cerasus	Magnoliopsida	220	Plantae	2024	2	2	2514	66									correct_baseline
3026074	Cotoneaster salicifolius	Magnoliopsida	220	Plantae	1988	2	2	174	21									correct_baseline
3026074	Cotoneaster salicifolius	Magnoliopsida	220	Plantae	1989	0	0	0	0									correct_baseline
3026074	Cotoneaster salicifolius	Magnoliopsida	220	Plantae	1990	0	0	0	0									correct_baseline
3026074	Cotoneaster salicifolius	Magnoliopsida	220	Plantae	1991	0	0	0	0									correct_baseline
3026074	Cotoneaster salicifolius	Magnoliopsida	220	Plantae	1992	0	0	0	0									correct_baseline
3026074	Cotoneaster salicifolius	Magnoliopsida	220	Plantae	1993	0	0	0	0									correct_baseline
3026074	Cotoneaster salicifolius	Magnoliopsida	220	Plantae	1994	0	0	0	0									correct_baseline
3026074	Cotoneaster salicifolius	Magnoliopsida	220	Plantae	1995	0	0	0	0									correct_baseline
3026074	Cotoneaster salicifolius	Magnoliopsida	220	Plantae	1996	0	0	0	0									correct_baseline
3026074	Cotoneaster salicifolius	Magnoliopsida	220	Plantae	1997	0	0	0	0									correct_baseline
3026074	Cotoneaster salicifolius	Magnoliopsida	220	Plantae	1998	0	0	0	0									correct_baseline
3026074	Cotoneaster salicifolius	Magnoliopsida	220	Plantae	1999	0	0	0	0									correct_baseline
3026074	Cotoneaster salicifolius	Magnoliopsida	220	Plantae	2000	0	0	0	0									correct_baseline
3026074	Cotoneaster salicifolius	Magnoliopsida	220	Plantae	2001	0	0	0	0									correct_baseline
3026074	Cotoneaster salicifolius	Magnoliopsida	220	Plantae	2002	0	0	0	0									correct_baseline
3026074	Cotoneaster salicifolius	Magnoliopsida	220	Plantae	2003	0	0	0	0									correct_baseline
3026074	Cotoneaster salicifolius	Magnoliopsida	220	Plantae	2004	1	1	5047	67									correct_baseline
3026074	Cotoneaster salicifolius	Magnoliopsida	220	Plantae	2005	0	0	0	0									correct_baseline
3026074	Cotoneaster salicifolius	Magnoliopsida	220	Plantae	2006	0	0	0	0									correct_baseline
3026074	Cotoneaster salicifolius	Magnoliopsida	220	Plantae	2007	0	0	0	0									correct_baseline
3026074	Cotoneaster salicifolius	Magnoliopsida	220	Plantae	2008	0	0	0	0									correct_baseline
3026074	Cotoneaster salicifolius	Magnoliopsida	220	Plantae	2009	0	0	0	0									correct_baseline
3026074	Cotoneaster salicifolius	Magnoliopsida	220	Plantae	2010	0	0	0	0									correct_baseline
3026074	Cotoneaster salicifolius	Magnoliopsida	220	Plantae	2011	0	0	0	0									correct_baseline
3026074	Cotoneaster salicifolius	Magnoliopsida	220	Plantae	2012	0	0	0	0									correct_baseline
3026074	Cotoneaster salicifolius	Magnoliopsida	220	Plantae	2013	0	0	0	0									correct_baseline
3026074	Cotoneaster salicifolius	Magnoliopsida	220	Plantae	2014	0	0	0	0									correct_baseline
3026074	Cotoneaster salicifolius	Magnoliopsida	220	Plantae	2015	0	0	0	0									correct_baseline
3026074	Cotoneaster salicifolius	Magnoliopsida	220	Plantae	2016	0	0	0	0									correct_baseline
3026074	Cotoneaster salicifolius	Magnoliopsida	220	Plantae	2017	0	0	0	0									correct_baseline
3026074	Cotoneaster salicifolius	Magnoliopsida	220	Plantae	2018	0	0	0	0									correct_baseline
3026074	Cotoneaster salicifolius	Magnoliopsida	220	Plantae	2019	0	0	0	0									correct_baseline
3026074	Cotoneaster salicifolius	Magnoliopsida	220	Plantae	2020	5	5	2492	63									correct_baseline
3026074	Cotoneaster salicifolius	Magnoliopsida	220	Plantae	2021	1	1	3526	67									correct_baseline
3026074	Cotoneaster salicifolius	Magnoliopsida	220	Plantae	2022	3	3	2908	65									correct_baseline
3026074	Cotoneaster salicifolius	Magnoliopsida	220	Plantae	2023	0	0	0	0									correct_baseline
3026074	Cotoneaster salicifolius	Magnoliopsida	220	Plantae	2024	1	1	2515	67									correct_baseline
3026294	Cotoneaster bullatus	Magnoliopsida	220	Plantae	1988	5	4	171	19									correct_baseline
3026294	Cotoneaster bullatus	Magnoliopsida	220	Plantae	1989	0	0	0	0									correct_baseline
3026294	Cotoneaster bullatus	Magnoliopsida	220	Plantae	1990	0	0	0	0									correct_baseline
3026294	Cotoneaster bullatus	Magnoliopsida	220	Plantae	1991	0	0	0	0									correct_baseline
3026294	Cotoneaster bullatus	Magnoliopsida	220	Plantae	1992	0	0	0	0									correct_baseline
3026294	Cotoneaster bullatus	Magnoliopsida	220	Plantae	1993	0	0	0	0									correct_baseline
3026294	Cotoneaster bullatus	Magnoliopsida	220	Plantae	1994	0	0	0	0									correct_baseline
3026294	Cotoneaster bullatus	Magnoliopsida	220	Plantae	1995	0	0	0	0									correct_baseline
3026294	Cotoneaster bullatus	Magnoliopsida	220	Plantae	1996	0	0	0	0									correct_baseline
3026294	Cotoneaster bullatus	Magnoliopsida	220	Plantae	1997	0	0	0	0									correct_baseline
3026294	Cotoneaster bullatus	Magnoliopsida	220	Plantae	1998	0	0	0	0									correct_baseline
3026294	Cotoneaster bullatus	Magnoliopsida	220	Plantae	1999	0	0	0	0									correct_baseline
3026294	Cotoneaster bullatus	Magnoliopsida	220	Plantae	2000	0	0	0	0									correct_baseline
3026294	Cotoneaster bullatus	Magnoliopsida	220	Plantae	2001	0	0	0	0									correct_baseline
3026294	Cotoneaster bullatus	Magnoliopsida	220	Plantae	2002	0	0	0	0									correct_baseline
3026294	Cotoneaster bullatus	Magnoliopsida	220	Plantae	2003	1	1	4126	66									correct_baseline
3026294	Cotoneaster bullatus	Magnoliopsida	220	Plantae	2004	0	0	0	0									correct_baseline
3026294	Cotoneaster bullatus	Magnoliopsida	220	Plantae	2005	0	0	0	0									correct_baseline
3026294	Cotoneaster bullatus	Magnoliopsida	220	Plantae	2006	0	0	0	0									correct_baseline
3026294	Cotoneaster bullatus	Magnoliopsida	220	Plantae	2007	0	0	0	0									correct_baseline
3026294	Cotoneaster bullatus	Magnoliopsida	220	Plantae	2008	0	0	0	0									correct_baseline
3026294	Cotoneaster bullatus	Magnoliopsida	220	Plantae	2009	0	0	0	0									correct_baseline
3026294	Cotoneaster bullatus	Magnoliopsida	220	Plantae	2010	0	0	0	0									correct_baseline
3026294	Cotoneaster bullatus	Magnoliopsida	220	Plantae	2011	0	0	0	0									correct_baseline
3026294	Cotoneaster bullatus	Magnoliopsida	220	Plantae	2012	0	0	0	0									correct_baseline
3026294	Cotoneaster bullatus	Magnoliopsida	220	Plantae	2013	0	0	0	0									correct_baseline
3026294	Cotoneaster bullatus	Magnoliopsida	220	Plantae	2014	1	1	905	66									correct_baseline
3026294	Cotoneaster bullatus	Magnoliopsida	220	Plantae	2015	0	0	0	0									correct_baseline
3026294	Cotoneaster bullatus	Magnoliopsida	220	Plantae	2016	0	0	0	0									correct_baseline
3026294	Cotoneaster bullatus	Magnoliopsida	220	Plantae	2017	0	0	0	0									correct_baseline
3026294	Cotoneaster bullatus	Magnoliopsida	220	Plantae	2018	2	2	2079	66									correct_baseline
3026294	Cotoneaster bullatus	Magnoliopsida	220	Plantae	2019	0	0	0	0									correct_baseline
3026294	Cotoneaster bullatus	Magnoliopsida	220	Plantae	2020	0	0	0	0									correct_baseline
3026294	Cotoneaster bullatus	Magnoliopsida	220	Plantae	2021	1	1	3526	67									correct_baseline
3026294	Cotoneaster bullatus	Magnoliopsida	220	Plantae	2022	1	1	2910	67									correct_baseline
3026294	Cotoneaster bullatus	Magnoliopsida	220	Plantae	2023	0	0	0	0									correct_baseline
3026294	Cotoneaster bullatus	Magnoliopsida	220	Plantae	2024	2	2	2514	66									correct_baseline
3027159	Spiraea douglasii	Magnoliopsida	220	Plantae	1984	2	2	669	22									correct_baseline
3027159	Spiraea douglasii	Magnoliopsida	220	Plantae	1985	0	0	0	0									correct_baseline
3027159	Spiraea douglasii	Magnoliopsida	220	Plantae	1986	0	0	0	0									correct_baseline
3027159	Spiraea douglasii	Magnoliopsida	220	Plantae	1987	0	0	0	0									correct_baseline
3027159	Spiraea douglasii	Magnoliopsida	220	Plantae	1988	0	0	0	0									correct_baseline
3027159	Spiraea douglasii	Magnoliopsida	220	Plantae	1989	0	0	0	0									correct_baseline
3027159	Spiraea douglasii	Magnoliopsida	220	Plantae	1990	0	0	0	0									correct_baseline
3027159	Spiraea douglasii	Magnoliopsida	220	Plantae	1991	0	0	0	0									correct_baseline
3027159	Spiraea douglasii	Magnoliopsida	220	Plantae	1992	0	0	0	0									correct_baseline
3027159	Spiraea douglasii	Magnoliopsida	220	Plantae	1993	0	0	0	0									correct_baseline
3027159	Spiraea douglasii	Magnoliopsida	220	Plantae	1994	0	0	0	0									correct_baseline
3027159	Spiraea douglasii	Magnoliopsida	220	Plantae	1995	0	0	0	0									correct_baseline
3027159	Spiraea douglasii	Magnoliopsida	220	Plantae	1996	0	0	0	0									correct_baseline
3027159	Spiraea douglasii	Magnoliopsida	220	Plantae	1997	0	0	0	0									correct_baseline
3027159	Spiraea douglasii	Magnoliopsida	220	Plantae	1998	0	0	0	0									correct_baseline
3027159	Spiraea douglasii	Magnoliopsida	220	Plantae	1999	0	0	0	0									correct_baseline
3027159	Spiraea douglasii	Magnoliopsida	220	Plantae	2000	0	0	0	0									correct_baseline
3027159	Spiraea douglasii	Magnoliopsida	220	Plantae	2001	0	0	0	0									correct_baseline
3027159	Spiraea douglasii	Magnoliopsida	220	Plantae	2002	0	0	0	0									correct_baseline
3027159	Spiraea douglasii	Magnoliopsida	220	Plantae	2003	0	0	0	0									correct_baseline
3027159	Spiraea douglasii	Magnoliopsida	220	Plantae	2004	0	0	0	0									correct_baseline
3027159	Spiraea douglasii	Magnoliopsida	220	Plantae	2005	0	0	0	0									correct_baseline
3027159	Spiraea douglasii	Magnoliopsida	220	Plantae	2006	0	0	0	0									correct_baseline
3027159	Spiraea douglasii	Magnoliopsida	220	Plantae	2007	0	0	0	0									correct_baseline
3027159	Spiraea douglasii	Magnoliopsida	220	Plantae	2008	0	0	0	0									correct_baseline
3027159	Spiraea douglasii	Magnoliopsida	220	Plantae	2009	0	0	0	0									correct_baseline
3027159	Spiraea douglasii	Magnoliopsida	220	Plantae	2010	0	0	0	0									correct_baseline
3027159	Spiraea douglasii	Magnoliopsida	220	Plantae	2011	0	0	0	0									correct_baseline
3027159	Spiraea douglasii	Magnoliopsida	220	Plantae	2012	0	0	0	0									correct_baseline
3027159	Spiraea douglasii	Magnoliopsida	220	Plantae	2013	0	0	0	0									correct_baseline
3027159	Spiraea douglasii	Magnoliopsida	220	Plantae	2014	0	0	0	0									correct_baseline
3027159	Spiraea douglasii	Magnoliopsida	220	Plantae	2015	0	0	0	0									correct_baseline
3027159	Spiraea douglasii	Magnoliopsida	220	Plantae	2016	0	0	0	0									correct_baseline
3027159	Spiraea douglasii	Magnoliopsida	220	Plantae	2017	0	0	0	0									correct_baseline
3027159	Spiraea douglasii	Magnoliopsida	220	Plantae	2018	0	0	0	0									correct_baseline
3027159	Spiraea douglasii	Magnoliopsida	220	Plantae	2019	1	1	1712	66									correct_baseline
3027159	Spiraea douglasii	Magnoliopsida	220	Plantae	2020	0	0	0	0									correct_baseline
3027159	Spiraea douglasii	Magnoliopsida	220	Plantae	2021	1	1	3526	67									correct_baseline
3027159	Spiraea douglasii	Magnoliopsida	220	Plantae	2022	0	0	0	0									correct_baseline
3027159	Spiraea douglasii	Magnoliopsida	220	Plantae	2023	0	0	0	0									correct_baseline
3027159	Spiraea douglasii	Magnoliopsida	220	Plantae	2024	1	1	2515	67									correct_baseline
3028528	Alchemilla mollis	Magnoliopsida	220	Plantae	1995	1	1	1349	36									correct_baseline
3028528	Alchemilla mollis	Magnoliopsida	220	Plantae	1996	0	0	0	0									correct_baseline
3028528	Alchemilla mollis	Magnoliopsida	220	Plantae	1997	0	0	0	0									correct_baseline
3028528	Alchemilla mollis	Magnoliopsida	220	Plantae	1998	0	0	0	0									correct_baseline
3028528	Alchemilla mollis	Magnoliopsida	220	Plantae	1999	0	0	0	0									correct_baseline
3028528	Alchemilla mollis	Magnoliopsida	220	Plantae	2000	0	0	0	0									correct_baseline
3028528	Alchemilla mollis	Magnoliopsida	220	Plantae	2001	0	0	0	0									correct_baseline
3028528	Alchemilla mollis	Magnoliopsida	220	Plantae	2002	0	0	0	0									correct_baseline
3028528	Alchemilla mollis	Magnoliopsida	220	Plantae	2003	1	1	4126	66									correct_baseline
3028528	Alchemilla mollis	Magnoliopsida	220	Plantae	2004	3	3	5045	65									correct_baseline
3028528	Alchemilla mollis	Magnoliopsida	220	Plantae	2005	2	2	1589	65									correct_baseline
3028528	Alchemilla mollis	Magnoliopsida	220	Plantae	2006	0	0	0	0									correct_baseline
3028528	Alchemilla mollis	Magnoliopsida	220	Plantae	2007	0	0	0	0									correct_baseline
3028528	Alchemilla mollis	Magnoliopsida	220	Plantae	2008	0	0	0	0									correct_baseline
3028528	Alchemilla mollis	Magnoliopsida	220	Plantae	2009	1	1	325	41									correct_baseline
3028528	Alchemilla mollis	Magnoliopsida	220	Plantae	2010	2	2	385	58									correct_baseline
3028528	Alchemilla mollis	Magnoliopsida	220	Plantae	2011	0	0	0	0									correct_baseline
3028528	Alchemilla mollis	Magnoliopsida	220	Plantae	2012	1	1	912	67									correct_baseline
3028528	Alchemilla mollis	Magnoliopsida	220	Plantae	2013	0	0	0	0									correct_baseline
3028528	Alchemilla mollis	Magnoliopsida	220	Plantae	2014	0	0	0	0									correct_baseline
3028528	Alchemilla mollis	Magnoliopsida	220	Plantae	2015	0	0	0	0									correct_baseline
3028528	Alchemilla mollis	Magnoliopsida	220	Plantae	2016	0	0	0	0									correct_baseline
3028528	Alchemilla mollis	Magnoliopsida	220	Plantae	2017	0	0	0	0									correct_baseline
3028528	Alchemilla mollis	Magnoliopsida	220	Plantae	2018	1	1	2080	67									correct_baseline
3028528	Alchemilla mollis	Magnoliopsida	220	Plantae	2019	1	1	1712	66									correct_baseline
3028528	Alchemilla mollis	Magnoliopsida	220	Plantae	2020	0	0	0	0									correct_baseline
3028528	Alchemilla mollis	Magnoliopsida	220	Plantae	2021	2	1	3525	67									correct_baseline
3028528	Alchemilla mollis	Magnoliopsida	220	Plantae	2022	5	5	2906	63									correct_baseline
3028528	Alchemilla mollis	Magnoliopsida	220	Plantae	2023	0	0	0	0									correct_baseline
3028528	Alchemilla mollis	Magnoliopsida	220	Plantae	2024	2	2	2514	66									correct_baseline
3031774	Mespilus germanica	Magnoliopsida	220	Plantae	1991	9	9	12437	59	0.2894223361218935	2.1528116321256876	0.03890971573929317	0	0	0	1	0.8269442565544421	correct_baseline
3031774	Mespilus germanica	Magnoliopsida	220	Plantae	1992	4	3	5416	51	0.2708763490057742	1.8239701194530622	0.040227630742492644	0	0	0	1	0.8365325214507996	correct_baseline
3031774	Mespilus germanica	Magnoliopsida	220	Plantae	1993	3	3	4523	60	0.25472623794288385	1.5790631346762418	0.04109110957734964	0	0	0	1	0.8462223088920939	correct_baseline
3031774	Mespilus germanica	Magnoliopsida	220	Plantae	1994	1	1	6154	64	0.24067990297778985	1.3959757136953226	0.04149557555271417	0	0	0	1	0.8560126129966987	correct_baseline
3031774	Mespilus germanica	Magnoliopsida	220	Plantae	1995	0	0	0	0	0.22849122486606718	1.258970063677718	0.04146900815757634	0	0	0	1	0.8659017823503278	correct_baseline
3031774	Mespilus germanica	Magnoliopsida	220	Plantae	1996	1	1	870	39	0.2179529620594266	1.1566946599131165	0.04106830896413581	0	0	0	1	0.8758872707812823	correct_baseline
3031774	Mespilus germanica	Magnoliopsida	220	Plantae	1997	0	0	0	0	0.20889092700153988	1.0808510614784625	0.040371352667105793	0	0	0	1	0.8859652678835177	correct_baseline
3031774	Mespilus germanica	Magnoliopsida	220	Plantae	1998	2	2	647	34	0.20115921418298388	1.0252937134259614	0.03946676832290716	0	0	0	1	0.8961301370139617	correct_baseline
3031774	Mespilus germanica	Magnoliopsida	220	Plantae	1999	0	0	0	0	0.19463629777342012	0.9854164354667732	0.03844393806259064	0	0	0	1	0.9063735356841229	correct_baseline
3031774	Mespilus germanica	Magnoliopsida	220	Plantae	2000	0	0	0	0	0.18922185311052975	0.9577298341679666	0.03738518778178047	0	0	0	1	0.9166829941393754	correct_baseline
3031774	Mespilus germanica	Magnoliopsida	220	Plantae	2001	1	1	456	20	0.1848341858064947	0.9395669674717718	0.03636108699593701	0	0	0	1	0.927039534953393	correct_baseline
3031774	Mespilus germanica	Magnoliopsida	220	Plantae	2002	0	0	0	0	0.18140817625422959	0.9288763293654587	0.035428749093398285	0	0	0	1	0.9374135274076443	correct_baseline
3031774	Mespilus germanica	Magnoliopsida	220	Plantae	2003	2	2	4125	65	0.1788936670842349	0.9240753751814684	0.034632395778926996	0	0	0	1	0.9477571621148075	correct_baseline
3031774	Mespilus germanica	Magnoliopsida	220	Plantae	2004	2	2	5046	66	0.17725423760624484	0.9239469112092369	0.034005270614791784	0	0	0	1	0.957990237293067	correct_baseline
3031774	Mespilus germanica	Magnoliopsida	220	Plantae	2005	0	0	0	0	0.1764663232529674	0.9275665091631748	0.03357210823676113	0	0	0	1	0.967972599488415	correct_baseline
3031774	Mespilus germanica	Magnoliopsida	220	Plantae	2006	1	1	196	15	0.1765186501746652	0.9342529041967388	0.033351605030626987	0	0	0	1	0.9774518550015926	correct_baseline
3031774	Mespilus germanica	Magnoliopsida	220	Plantae	2007	0	0	0	0	0.17741196596166084	0.9435358969489186	0.03335856724493599	0	0	0	1	0.9859810260938446	correct_baseline
3031774	Mespilus germanica	Magnoliopsida	220	Plantae	2008	0	0	0	0	0.17915905747599206	0.9551381061567873	0.03360557773664713	0	0	0	1	0.992880771602152	correct_baseline
3031774	Mespilus germanica	Magnoliopsida	220	Plantae	2009	0	0	0	0	0.18178505638859258	0.9689683168920343	0.03410411480965466	0	0	0	1	0.9975192315925862	correct_baseline
3031774	Mespilus germanica	Magnoliopsida	220	Plantae	2010	0	0	0	0	0.18532804265920927	0.9851253384361367	0.03486508980716903	0	0	0	1	0.999893207519782	correct_baseline
3031774	Mespilus germanica	Magnoliopsida	220	Plantae	2011	0	0	0	0	0.1898399662788037	1.0039123670572832	0.03589876365641079	0	0	0	1	1.0006091884067787	correct_baseline
3031774	Mespilus germanica	Magnoliopsida	220	Plantae	2012	0	0	0	0	0.1953879185577825	1.025862962134229	0.03721397508973276	0	0	0	1	1.0003083410666507	correct_baseline
3031774	Mespilus germanica	Magnoliopsida	220	Plantae	2013	0	0	0	0	0.2020557965741764	1.0517810093352264	0.03881658307847677	0	0	0	1	0.9994106874532812	correct_baseline
3031774	Mespilus germanica	Magnoliopsida	220	Plantae	2014	1	1	905	66	0.20994641865309777	1.0827986020163394	0.04070701478851435	0	0	0	1	0.9981546261615548	correct_baseline
3031774	Mespilus germanica	Magnoliopsida	220	Plantae	2015	0	0	0	0	0.21918416559586398	1.120457805224996	0.04287684750280089	0	0	0	1	0.9966738866012104	correct_baseline
3031774	Mespilus germanica	Magnoliopsida	220	Plantae	2016	1	1	1031	67	0.2299182426192842	1.1668250393550832	0.045304477111973565	0	0	0	1	0.9950460298514808	correct_baseline
3031774	Mespilus germanica	Magnoliopsida	220	Plantae	2017	0	0	0	0	0.2423266815966661	1.224650740083481	0.04795017770507293	0	0	0	1	0.9933180871886198	correct_baseline
3031774	Mespilus germanica	Magnoliopsida	220	Plantae	2018	1	1	2080	67	0.2566212334539098	1.2975926804815818	0.0507512553438304	0	0	0	1	0.9915198548780662	correct_baseline
3031774	Mespilus germanica	Magnoliopsida	220	Plantae	2019	0	0	0	0	0.2730533380321555	1.390529982512016	0.053618495356577665	0	0	0	1	0.9896709727400114	correct_baseline
3031774	Mespilus germanica	Magnoliopsida	220	Plantae	2020	6	4	2491	64	0.29192140536989847	1.510008217692213	0.05643552526050339	0	0	0	1	0.9877848438791035	correct_baseline
3031774	Mespilus germanica	Magnoliopsida	220	Plantae	2021	6	5	3521	63	0.3135797007177696	1.6648770117903002	0.0590627583934899	0	0	0	1	0.9858708957770064	correct_baseline
3031774	Mespilus germanica	Magnoliopsida	220	Plantae	2022	3	3	2908	65	0.33844919892772846	1.8672147160820844	0.061346913811376295	0	0	0	1	0.9839359359440348	correct_baseline
3031774	Mespilus germanica	Magnoliopsida	220	Plantae	2023	5	5	1719	62	0.367030866335337	2.1336867829086765	0.06313562886640132	0	0	0	1	0.9819849938084472	correct_baseline
3031774	Mespilus germanica	Magnoliopsida	220	Plantae	2024	2	2	2514	66	0.3999219452745136	2.4875659687977145	0.06429480235631771	0	0	0	1	0.980021860347062	correct_baseline
3032698	Tellima grandiflora	Magnoliopsida	220	Plantae	1986	2	2	1407	35									correct_baseline
3032698	Tellima grandiflora	Magnoliopsida	220	Plantae	1987	0	0	0	0									correct_baseline
3032698	Tellima grandiflora	Magnoliopsida	220	Plantae	1988	0	0	0	0									correct_baseline
3032698	Tellima grandiflora	Magnoliopsida	220	Plantae	1989	0	0	0	0									correct_baseline
3032698	Tellima grandiflora	Magnoliopsida	220	Plantae	1990	0	0	0	0									correct_baseline
3032698	Tellima grandiflora	Magnoliopsida	220	Plantae	1991	0	0	0	0									correct_baseline
3032698	Tellima grandiflora	Magnoliopsida	220	Plantae	1992	0	0	0	0									correct_baseline
3032698	Tellima grandiflora	Magnoliopsida	220	Plantae	1993	0	0	0	0									correct_baseline
3032698	Tellima grandiflora	Magnoliopsida	220	Plantae	1994	0	0	0	0									correct_baseline
3032698	Tellima grandiflora	Magnoliopsida	220	Plantae	1995	0	0	0	0									correct_baseline
3032698	Tellima grandiflora	Magnoliopsida	220	Plantae	1996	0	0	0	0									correct_baseline
3032698	Tellima grandiflora	Magnoliopsida	220	Plantae	1997	0	0	0	0									correct_baseline
3032698	Tellima grandiflora	Magnoliopsida	220	Plantae	1998	0	0	0	0									correct_baseline
3032698	Tellima grandiflora	Magnoliopsida	220	Plantae	1999	0	0	0	0									correct_baseline
3032698	Tellima grandiflora	Magnoliopsida	220	Plantae	2000	0	0	0	0									correct_baseline
3032698	Tellima grandiflora	Magnoliopsida	220	Plantae	2001	0	0	0	0									correct_baseline
3032698	Tellima grandiflora	Magnoliopsida	220	Plantae	2002	0	0	0	0									correct_baseline
3032698	Tellima grandiflora	Magnoliopsida	220	Plantae	2003	0	0	0	0									correct_baseline
3032698	Tellima grandiflora	Magnoliopsida	220	Plantae	2004	0	0	0	0									correct_baseline
3032698	Tellima grandiflora	Magnoliopsida	220	Plantae	2005	0	0	0	0									correct_baseline
3032698	Tellima grandiflora	Magnoliopsida	220	Plantae	2006	0	0	0	0									correct_baseline
3032698	Tellima grandiflora	Magnoliopsida	220	Plantae	2007	0	0	0	0									correct_baseline
3032698	Tellima grandiflora	Magnoliopsida	220	Plantae	2008	0	0	0	0									correct_baseline
3032698	Tellima grandiflora	Magnoliopsida	220	Plantae	2009	0	0	0	0									correct_baseline
3032698	Tellima grandiflora	Magnoliopsida	220	Plantae	2010	0	0	0	0									correct_baseline
3032698	Tellima grandiflora	Magnoliopsida	220	Plantae	2011	0	0	0	0									correct_baseline
3032698	Tellima grandiflora	Magnoliopsida	220	Plantae	2012	1	1	912	67									correct_baseline
3032698	Tellima grandiflora	Magnoliopsida	220	Plantae	2013	0	0	0	0									correct_baseline
3032698	Tellima grandiflora	Magnoliopsida	220	Plantae	2014	1	1	905	66									correct_baseline
3032698	Tellima grandiflora	Magnoliopsida	220	Plantae	2015	0	0	0	0									correct_baseline
3032698	Tellima grandiflora	Magnoliopsida	220	Plantae	2016	1	1	1031	67									correct_baseline
3032698	Tellima grandiflora	Magnoliopsida	220	Plantae	2017	1	1	1124	67									correct_baseline
3032698	Tellima grandiflora	Magnoliopsida	220	Plantae	2018	0	0	0	0									correct_baseline
3032698	Tellima grandiflora	Magnoliopsida	220	Plantae	2019	0	0	0	0									correct_baseline
3032698	Tellima grandiflora	Magnoliopsida	220	Plantae	2020	2	1	2495	67									correct_baseline
3032698	Tellima grandiflora	Magnoliopsida	220	Plantae	2021	1	1	3526	67									correct_baseline
3032698	Tellima grandiflora	Magnoliopsida	220	Plantae	2022	1	1	2910	67									correct_baseline
3032698	Tellima grandiflora	Magnoliopsida	220	Plantae	2023	0	0	0	0									correct_baseline
3032698	Tellima grandiflora	Magnoliopsida	220	Plantae	2024	4	3	2512	65									correct_baseline
3033227	Eranthis hyemalis	Magnoliopsida	220	Plantae	1984	4	3	667	21									correct_baseline
3033227	Eranthis hyemalis	Magnoliopsida	220	Plantae	1985	0	0	0	0									correct_baseline
3033227	Eranthis hyemalis	Magnoliopsida	220	Plantae	1986	0	0	0	0									correct_baseline
3033227	Eranthis hyemalis	Magnoliopsida	220	Plantae	1987	0	0	0	0									correct_baseline
3033227	Eranthis hyemalis	Magnoliopsida	220	Plantae	1988	0	0	0	0									correct_baseline
3033227	Eranthis hyemalis	Magnoliopsida	220	Plantae	1989	0	0	0	0									correct_baseline
3033227	Eranthis hyemalis	Magnoliopsida	220	Plantae	1990	0	0	0	0									correct_baseline
3033227	Eranthis hyemalis	Magnoliopsida	220	Plantae	1991	0	0	0	0									correct_baseline
3033227	Eranthis hyemalis	Magnoliopsida	220	Plantae	1992	0	0	0	0									correct_baseline
3033227	Eranthis hyemalis	Magnoliopsida	220	Plantae	1993	0	0	0	0									correct_baseline
3033227	Eranthis hyemalis	Magnoliopsida	220	Plantae	1994	0	0	0	0									correct_baseline
3033227	Eranthis hyemalis	Magnoliopsida	220	Plantae	1995	0	0	0	0									correct_baseline
3033227	Eranthis hyemalis	Magnoliopsida	220	Plantae	1996	0	0	0	0									correct_baseline
3033227	Eranthis hyemalis	Magnoliopsida	220	Plantae	1997	0	0	0	0									correct_baseline
3033227	Eranthis hyemalis	Magnoliopsida	220	Plantae	1998	0	0	0	0									correct_baseline
3033227	Eranthis hyemalis	Magnoliopsida	220	Plantae	1999	0	0	0	0									correct_baseline
3033227	Eranthis hyemalis	Magnoliopsida	220	Plantae	2000	0	0	0	0									correct_baseline
3033227	Eranthis hyemalis	Magnoliopsida	220	Plantae	2001	0	0	0	0									correct_baseline
3033227	Eranthis hyemalis	Magnoliopsida	220	Plantae	2002	0	0	0	0									correct_baseline
3033227	Eranthis hyemalis	Magnoliopsida	220	Plantae	2003	0	0	0	0									correct_baseline
3033227	Eranthis hyemalis	Magnoliopsida	220	Plantae	2004	0	0	0	0									correct_baseline
3033227	Eranthis hyemalis	Magnoliopsida	220	Plantae	2005	0	0	0	0									correct_baseline
3033227	Eranthis hyemalis	Magnoliopsida	220	Plantae	2006	0	0	0	0									correct_baseline
3033227	Eranthis hyemalis	Magnoliopsida	220	Plantae	2007	0	0	0	0									correct_baseline
3033227	Eranthis hyemalis	Magnoliopsida	220	Plantae	2008	0	0	0	0									correct_baseline
3033227	Eranthis hyemalis	Magnoliopsida	220	Plantae	2009	0	0	0	0									correct_baseline
3033227	Eranthis hyemalis	Magnoliopsida	220	Plantae	2010	0	0	0	0									correct_baseline
3033227	Eranthis hyemalis	Magnoliopsida	220	Plantae	2011	0	0	0	0									correct_baseline
3033227	Eranthis hyemalis	Magnoliopsida	220	Plantae	2012	0	0	0	0									correct_baseline
3033227	Eranthis hyemalis	Magnoliopsida	220	Plantae	2013	0	0	0	0									correct_baseline
3033227	Eranthis hyemalis	Magnoliopsida	220	Plantae	2014	1	1	905	66									correct_baseline
3033227	Eranthis hyemalis	Magnoliopsida	220	Plantae	2015	0	0	0	0									correct_baseline
3033227	Eranthis hyemalis	Magnoliopsida	220	Plantae	2016	0	0	0	0									correct_baseline
3033227	Eranthis hyemalis	Magnoliopsida	220	Plantae	2017	2	1	1123	67									correct_baseline
3033227	Eranthis hyemalis	Magnoliopsida	220	Plantae	2018	1	1	2080	67									correct_baseline
3033227	Eranthis hyemalis	Magnoliopsida	220	Plantae	2019	3	1	1710	66									correct_baseline
3033227	Eranthis hyemalis	Magnoliopsida	220	Plantae	2020	4	1	2493	67									correct_baseline
3033227	Eranthis hyemalis	Magnoliopsida	220	Plantae	2021	5	1	3522	67									correct_baseline
3033227	Eranthis hyemalis	Magnoliopsida	220	Plantae	2022	10	4	2901	64									correct_baseline
3033227	Eranthis hyemalis	Magnoliopsida	220	Plantae	2023	3	1	1721	66									correct_baseline
3033227	Eranthis hyemalis	Magnoliopsida	220	Plantae	2024	1	1	2515	67									correct_baseline
3033865	Mahonia aquifolium	Magnoliopsida	220	Plantae	1980	3	3	908	34	0.07596232218142694	1.8426857915477923	0.0031314478125693255	0	0	0	1	0.7504092692780028	correct_baseline
3033865	Mahonia aquifolium	Magnoliopsida	220	Plantae	1981	1	1	494	25	0.07444419986809549	1.5314715877331149	0.0036187017365461737	0	0	0	1	0.7782192756904186	correct_baseline
3033865	Mahonia aquifolium	Magnoliopsida	220	Plantae	1982	0	0	0	0	0.07363129437024464	1.3468030729388578	0.004025508717326597	0	0	0	1	0.8067437480100719	correct_baseline
3033865	Mahonia aquifolium	Magnoliopsida	220	Plantae	1983	0	0	0	0	0.07349662462318109	1.2421362245816518	0.004348761210003424	0	0	0	1	0.8357459233879616	correct_baseline
3033865	Mahonia aquifolium	Magnoliopsida	220	Plantae	1984	1	1	670	23	0.0740242077303867	1.1897341342428926	0.004605720868552254	0	0	0	1	0.8647882792419311	correct_baseline
3033865	Mahonia aquifolium	Magnoliopsida	220	Plantae	1985	0	0	0	0	0.07520312595824111	1.1720815560794848	0.0048251848385092635	0	0	0	1	0.8931754291031937	correct_baseline
3033865	Mahonia aquifolium	Magnoliopsida	220	Plantae	1986	0	0	0	0	0.07702125853264277	1.1774328657839475	0.0050383121096270935	0	0	0	1	0.9198946807881996	correct_baseline
3033865	Mahonia aquifolium	Magnoliopsida	220	Plantae	1987	0	0	0	0	0.07945847330887285	1.1974937379511648	0.005272385800846948	0	0	0	1	0.9435607716177022	correct_baseline
3033865	Mahonia aquifolium	Magnoliopsida	220	Plantae	1988	0	0	0	0	0.08247911597741882	1.2262264726276622	0.0055477554303968645	0	0	0	1	0.9624418189032526	correct_baseline
3033865	Mahonia aquifolium	Magnoliopsida	220	Plantae	1989	0	0	0	0	0.08602387601162628	1.259235110321668	0.005876668450082617	0	0	0	1	0.9748180599405465	correct_baseline
3033865	Mahonia aquifolium	Magnoliopsida	220	Plantae	1990	0	0	0	0	0.0900015217297406	1.2934188682717886	0.006262684202598816	0	0	0	1	0.9799005161929616	correct_baseline
3033865	Mahonia aquifolium	Magnoliopsida	220	Plantae	1991	1	1	12445	67	0.09428153516903348	1.32671247681749	0.00670002583766499	0	0	0	1	0.9785782044541946	correct_baseline
3033865	Mahonia aquifolium	Magnoliopsida	220	Plantae	1992	0	0	0	0	0.09868924328847879	1.3578172700366946	0.007172958361760525	0	0	0	1	0.972828213426037	correct_baseline
3033865	Mahonia aquifolium	Magnoliopsida	220	Plantae	1993	0	0	0	0	0.10300546524886436	1.3858898374527686	0.0076558219740150155	0	0	0	1	0.9645496617617494	correct_baseline
3033865	Mahonia aquifolium	Magnoliopsida	220	Plantae	1994	0	0	0	0	0.10697274226647209	1.4102027315796823	0.008114554972667398	0	0	0	1	0.9550683907925602	correct_baseline
3033865	Mahonia aquifolium	Magnoliopsida	220	Plantae	1995	0	0	0	0	0.1103096471129934	1.429825665878501	0.008510281033958672	0	0	0	1	0.9451970192324268	correct_baseline
3033865	Mahonia aquifolium	Magnoliopsida	220	Plantae	1996	0	0	0	0	0.11273335056953905	1.4433951892199286	0.008804801640985769	0	0	0	1	0.9354063025424969	correct_baseline
3033865	Mahonia aquifolium	Magnoliopsida	220	Plantae	1997	0	0	0	0	0.11398865736879807	1.4490430231620732	0.008966893184708394	0	0	0	1	0.925949426348605	correct_baseline
3033865	Mahonia aquifolium	Magnoliopsida	220	Plantae	1998	0	0	0	0	0.11387954520681506	1.4445329721355904	0.008977677260864734	0	0	0	1	0.9169311564680115	correct_baseline
3033865	Mahonia aquifolium	Magnoliopsida	220	Plantae	1999	0	0	0	0	0.11229755563575118	1.4276101646051575	0.00883346260374411	0	0	0	1	0.9083417574896151	correct_baseline
3033865	Mahonia aquifolium	Magnoliopsida	220	Plantae	2000	0	0	0	0	0.10924095494316188	1.3965001727286963	0.008545352496144881	0	0	0	1	0.9000748111125284	correct_baseline
3033865	Mahonia aquifolium	Magnoliopsida	220	Plantae	2001	1	1	456	20	0.10481987097426188	1.3504300100932596	0.008136079077731798	0	0	0	1	0.8919497949252144	correct_baseline
3033865	Mahonia aquifolium	Magnoliopsida	220	Plantae	2002	1	1	445	20	0.09924548543798202	1.2900097690363828	0.007635342472776969	0	0	0	1	0.8837685390785205	correct_baseline
3033865	Mahonia aquifolium	Magnoliopsida	220	Plantae	2003	7	7	4120	60	0.09280502880467273	1.2173388961250682	0.007075082706099015	-1	0	-3	0	0.8754336772622924	correct_baseline
3033865	Mahonia aquifolium	Magnoliopsida	220	Plantae	2004	23	19	5025	49	0.08582760544215355	1.135785313986308	0.006485713246352815	-1	0	-3	0	0.8671094406770316	correct_baseline
3033865	Mahonia aquifolium	Magnoliopsida	220	Plantae	2005	7	7	1584	60	0.07864769658871383	1.0494961770926787	0.005893742458257823	-1	0	-3	0	0.8593171356971382	correct_baseline
3033865	Mahonia aquifolium	Magnoliopsida	220	Plantae	2006	0	0	0	0	0.07157304679552172	0.9627857429108618	0.005320707192969119	-1	0	-3	0	0.8528621794701079	correct_baseline
3033865	Mahonia aquifolium	Magnoliopsida	220	Plantae	2007	0	0	0	0	0.06486178715415934	0.8795706014309554	0.004783074179590706	-1	0	-3	0	0.848642890427497	correct_baseline
3033865	Mahonia aquifolium	Magnoliopsida	220	Plantae	2008	0	0	0	0	0.05871090705138983	0.8029816372891004	0.004292714112908052	-1	0	-3	0	0.8474818197685074	correct_baseline
3033865	Mahonia aquifolium	Magnoliopsida	220	Plantae	2009	1	1	325	41	0.053255532637777436	0.7352044977846679	0.0038576365692529428	-1	0	-3	0	0.8500445175109899	correct_baseline
3033865	Mahonia aquifolium	Magnoliopsida	220	Plantae	2010	1	1	386	59	0.04857663625705612	0.6775258323219566	0.0034828038688405733	-1	0	-3	0	0.8568202344913192	correct_baseline
3033865	Mahonia aquifolium	Magnoliopsida	220	Plantae	2011	0	0	0	0	0.04471407008427292	0.6305186992698286	0.003170957603345648	-1	0	-3	0	0.8681185148436653	correct_baseline
3033865	Mahonia aquifolium	Magnoliopsida	220	Plantae	2012	0	0	0	0	0.0416820605698113	0.5942930168255842	0.0029234638876049863	0	0	0	1	0.8840462234798225	correct_baseline
3033865	Mahonia aquifolium	Magnoliopsida	220	Plantae	2013	2	1	877	66	0.03948516388675471	0.5687550881810886	0.002741211814297607	0	0	0	1	0.9044323174253208	correct_baseline
3033865	Mahonia aquifolium	Magnoliopsida	220	Plantae	2014	0	0	0	0	0.038133794339785115	0.5538486527089904	0.002625602253677598	0	0	0	1	0.9286548467520075	correct_baseline
3033865	Mahonia aquifolium	Magnoliopsida	220	Plantae	2015	0	0	0	0	0.03765954740579522	0.5497774572143357	0.002579664721058985	0	1	1	2	0.955338500103316	correct_baseline
3033865	Mahonia aquifolium	Magnoliopsida	220	Plantae	2016	0	0	0	0	0.03813157023377759	0.5572322829848092	0.0026093546495638904	0	1	1	2	0.9821590825467218	correct_baseline
3033865	Mahonia aquifolium	Magnoliopsida	220	Plantae	2017	2	2	1123	66	0.039676275967904226	0.5776665956415702	0.002725113216790634	0	1	1	2	1.0066480504566813	correct_baseline
3033865	Mahonia aquifolium	Magnoliopsida	220	Plantae	2018	0	0	0	0	0.04250399604000958	0.6136926205800114	0.0029438021882383244	1	1	4	3	1.0278930110766646	correct_baseline
3033865	Mahonia aquifolium	Magnoliopsida	220	Plantae	2019	1	1	1712	66	0.04694812724390491	0.66971790379354	0.0032911269643903273	1	1	4	3	1.0465803726954788	correct_baseline
3033865	Mahonia aquifolium	Magnoliopsida	220	Plantae	2020	3	2	2494	66	0.053525629914595516	0.7530372997452324	0.003804583197570063	1	1	4	3	1.0636839260817816	correct_baseline
3033865	Mahonia aquifolium	Magnoliopsida	220	Plantae	2021	4	4	3523	64	0.06303352343978086	0.8757896958696636	0.004536734213672122	1	1	4	3	1.0798721098247985	correct_baseline
3033865	Mahonia aquifolium	Magnoliopsida	220	Plantae	2022	4	3	2907	65	0.07670638690284465	1.0585984493792038	0.0055581696677709895	1	1	4	3	1.0955326558629568	correct_baseline
3033865	Mahonia aquifolium	Magnoliopsida	220	Plantae	2023	5	4	1719	63	0.0964786846610964	1.3376060342502056	0.0069588027831774465	1	1	4	3	1.1108923563571893	correct_baseline
3033865	Mahonia aquifolium	Magnoliopsida	220	Plantae	2024	10	6	2506	62	0.1254303600198043	1.7786254521881055	0.00884546838984166	1	1	4	3	1.1260959843452192	correct_baseline
3034825	Heracleum mantegazzianum	Magnoliopsida	220	Plantae	1983	1	1	531	27	0.383503163482455	2.732594026246507	0.053822366216277104	0	0	0	1	0.9884768873333591	correct_baseline
3034825	Heracleum mantegazzianum	Magnoliopsida	220	Plantae	1984	0	0	0	0	0.44324640861868897	2.6941540781485456	0.07292358679366269	0	0	0	1	0.9899523027949132	correct_baseline
3034825	Heracleum mantegazzianum	Magnoliopsida	220	Plantae	1985	0	0	0	0	0.5059287213271401	2.7004907113725767	0.09478420717604183	0	0	0	1	0.9912897346346823	correct_baseline
3034825	Heracleum mantegazzianum	Magnoliopsida	220	Plantae	1986	0	0	0	0	0.5703016398884404	2.747593381293935	0.11837412430593201	0	0	0	1	0.9924257064538881	correct_baseline
3034825	Heracleum mantegazzianum	Magnoliopsida	220	Plantae	1987	2	2	505	32	0.6348936806347355	2.8303581035319274	0.1424166027637692	0	0	0	1	0.9932688719799724	correct_baseline
3034825	Heracleum mantegazzianum	Magnoliopsida	220	Plantae	1988	0	0	0	0	0.6980713862539791	2.9419159029484865	0.16564160104582196	0	0	0	1	0.9937025886031057	correct_baseline
3034825	Heracleum mantegazzianum	Magnoliopsida	220	Plantae	1989	0	0	0	0	0.7581222493536416	3.0734180298114864	0.18700656382896225	0	0	0	1	0.9935911252340541	correct_baseline
3034825	Heracleum mantegazzianum	Magnoliopsida	220	Plantae	1990	1	1	250	39	0.8133538609660397	3.214390026421635	0.20580716643300973	0	0	0	1	0.9927882478244424	correct_baseline
3034825	Heracleum mantegazzianum	Magnoliopsida	220	Plantae	1991	8	8	12438	60	0.8622006113996811	3.353588838826803	0.22166995717878357	0	0	0	1	0.991147959078876	correct_baseline
3034825	Heracleum mantegazzianum	Magnoliopsida	220	Plantae	1992	2	2	5418	52	0.9033272418770495	3.4801402267679284	0.23447334094207814	0	0	0	1	0.9885390715546577	correct_baseline
3034825	Heracleum mantegazzianum	Magnoliopsida	220	Plantae	1993	12	8	4514	55	0.9357180386796423	3.584668040761288	0.24425364858178875	0	0	0	1	0.9848680921571107	correct_baseline
3034825	Heracleum mantegazzianum	Magnoliopsida	220	Plantae	1994	10	9	6145	56	0.9587417266695555	3.660162537086727	0.2511324809058721	0	0	0	1	0.9801160423497262	correct_baseline
3034825	Heracleum mantegazzianum	Magnoliopsida	220	Plantae	1995	4	4	1346	33	0.9721850323641872	3.7024390532383085	0.2552759744488687	0	0	0	1	0.974386251238358	correct_baseline
3034825	Heracleum mantegazzianum	Magnoliopsida	220	Plantae	1996	0	0	0	0	0.9762519559640008	3.7101639936226687	0.2568802573583669	0	0	0	1	0.967935644768084	correct_baseline
3034825	Heracleum mantegazzianum	Magnoliopsida	220	Plantae	1997	0	0	0	0	0.9715302658388607	3.684529536211324	0.25617139126301525	0	0	0	1	0.9611460206678504	correct_baseline
3034825	Heracleum mantegazzianum	Magnoliopsida	220	Plantae	1998	0	0	0	0	0.9589307822773669	3.6287152921150896	0.2534087607250941	0	0	0	1	0.954430291741855	correct_baseline
3034825	Heracleum mantegazzianum	Magnoliopsida	220	Plantae	1999	0	0	0	0	0.9396079509979514	3.5472795806016655	0.24888455547922256	0	0	0	1	0.9481324067722277	correct_baseline
3034825	Heracleum mantegazzianum	Magnoliopsida	220	Plantae	2000	2	2	928	34	0.9148716061535268	3.445588985279964	0.2429163952292835	0	0	0	1	0.9424801159073677	correct_baseline
3034825	Heracleum mantegazzianum	Magnoliopsida	220	Plantae	2001	1	1	456	20	0.8860996252876994	3.3293452480011108	0.23583392152147847	0	0	0	1	0.9375970690995142	correct_baseline
3034825	Heracleum mantegazzianum	Magnoliopsida	220	Plantae	2002	2	2	444	19	0.8546596454136706	3.2042240279113323	0.22796255915188277	0	0	0	1	0.9335472529058336	correct_baseline
3034825	Heracleum mantegazzianum	Magnoliopsida	220	Plantae	2003	7	7	4120	60	0.8218456157613439	3.075612272818359	0.21960837590468038	0	0	0	1	0.9303836609518469	correct_baseline
3034825	Heracleum mantegazzianum	Magnoliopsida	220	Plantae	2004	14	9	5034	59	0.7888322578658488	2.948421447520011	0.21104728144381393	0	0	0	1	0.9281826582842362	correct_baseline
3034825	Heracleum mantegazzianum	Magnoliopsida	220	Plantae	2005	9	9	1582	58	0.7566479791316193	2.8269572114897827	0.20252027940042722	0	0	0	1	0.9270563106950381	correct_baseline
3034825	Heracleum mantegazzianum	Magnoliopsida	220	Plantae	2006	0	0	0	0	0.726164788111166	2.7148346313883778	0.19423477710053494	0	0	0	1	0.9271452849690796	correct_baseline
3034825	Heracleum mantegazzianum	Magnoliopsida	220	Plantae	2007	0	0	0	0	0.6981024570047806	2.614935456691479	0.18637058105163426	0	0	0	1	0.9286009235955744	correct_baseline
3034825	Heracleum mantegazzianum	Magnoliopsida	220	Plantae	2008	1	1	184	37	0.6730435760539814	2.529407449925924	0.17908844827700554	0	0	0	1	0.9315646028489287	correct_baseline
3034825	Heracleum mantegazzianum	Magnoliopsida	220	Plantae	2009	1	1	325	41	0.6514561370259414	2.4597054041945303	0.17253899501340364	0	0	0	1	0.9361481111904421	correct_baseline
3034825	Heracleum mantegazzianum	Magnoliopsida	220	Plantae	2010	4	3	383	57	0.633720701513621	2.4066712502981447	0.16687028919183058	0	0	0	1	0.9424140806471557	correct_baseline
3034825	Heracleum mantegazzianum	Magnoliopsida	220	Plantae	2011	1	1	396	67	0.6201598783079046	2.3706488273793505	0.16223333891592528	0	0	0	1	0.9503512833243877	correct_baseline
3034825	Heracleum mantegazzianum	Magnoliopsida	220	Plantae	2012	2	1	911	67	0.6110686029368041	2.3516290432569282	0.15878560377787487	0	0	0	1	0.9598338378586309	correct_baseline
3034825	Heracleum mantegazzianum	Magnoliopsida	220	Plantae	2013	5	4	874	63	0.6067444760812527	2.3494237992752067	0.15669325362613765	0	0	0	1	0.9705428943749582	correct_baseline
3034825	Heracleum mantegazzianum	Magnoliopsida	220	Plantae	2014	1	1	905	66	0.6075181183649795	2.363871839295878	0.15613294172989595	0	0	0	1	0.9818209503126643	correct_baseline
3034825	Heracleum mantegazzianum	Magnoliopsida	220	Plantae	2015	3	2	759	66	0.6137841221097674	2.3950859138304508	0.15729329222748162	0	0	0	1	0.9925053691406089	correct_baseline
3034825	Heracleum mantegazzianum	Magnoliopsida	220	Plantae	2016	3	2	1029	66	0.6260337449097982	2.4437580209051837	0.16037522799438927	0	0	0	1	1.001157717793657	correct_baseline
3034825	Heracleum mantegazzianum	Magnoliopsida	220	Plantae	2017	9	7	1116	61	0.6448910390360186	2.511548765299146	0.16558884222159254	0	0	0	1	1.007062500248593	correct_baseline
3034825	Heracleum mantegazzianum	Magnoliopsida	220	Plantae	2018	6	3	2075	65	0.6711547069715529	2.6016004518852176	0.1731428976204471	1	0	3	3	1.0106367363638629	correct_baseline
3034825	Heracleum mantegazzianum	Magnoliopsida	220	Plantae	2019	8	3	1705	64	0.705848694683353	2.7192357447664808	0.1832214734397657	1	0	3	3	1.0126391350306316	correct_baseline
3034825	Heracleum mantegazzianum	Magnoliopsida	220	Plantae	2020	8	4	2489	64	0.7502854746002794	2.8729412440501827	0.19594145705624244	1	0	3	3	1.013647130291071	correct_baseline
3034825	Heracleum mantegazzianum	Magnoliopsida	220	Plantae	2021	15	7	3512	61	0.806147242871622	3.0757980720132005	0.2112860994038392	1	0	3	3	1.0140302236142715	correct_baseline
3034825	Heracleum mantegazzianum	Magnoliopsida	220	Plantae	2022	12	9	2899	59	0.8755919960807432	3.3476255659189293	0.22901645614306043	1	0	3	3	1.0140232628511652	correct_baseline
3034825	Heracleum mantegazzianum	Magnoliopsida	220	Plantae	2023	29	6	1695	61	0.9613938195720921	3.718279114428904	0.24857684102431288	1	0	3	3	1.0137760755633183	correct_baseline
3034825	Heracleum mantegazzianum	Magnoliopsida	220	Plantae	2024	32	11	2484	57	1.0671298825823063	4.232848393774749	0.2690307047081843	1	0	3	3	1.013380211428715	correct_baseline
3034915	Astrantia major	Magnoliopsida	220	Plantae	2016	1	1	1031	67									correct_baseline
3034915	Astrantia major	Magnoliopsida	220	Plantae	2017	0	0	0	0									correct_baseline
3034915	Astrantia major	Magnoliopsida	220	Plantae	2018	0	0	0	0									correct_baseline
3034915	Astrantia major	Magnoliopsida	220	Plantae	2019	1	1	1712	66									correct_baseline
3034915	Astrantia major	Magnoliopsida	220	Plantae	2020	0	0	0	0									correct_baseline
3034915	Astrantia major	Magnoliopsida	220	Plantae	2021	1	1	3526	67									correct_baseline
3034915	Astrantia major	Magnoliopsida	220	Plantae	2022	1	1	2910	67									correct_baseline
3034915	Astrantia major	Magnoliopsida	220	Plantae	2023	2	1	1722	66									correct_baseline
3034915	Astrantia major	Magnoliopsida	220	Plantae	2024	3	2	2513	66									correct_baseline
3034922	Foeniculum vulgare	Magnoliopsida	220	Plantae	1984	1	1	670	23									correct_baseline
3034922	Foeniculum vulgare	Magnoliopsida	220	Plantae	1985	0	0	0	0									correct_baseline
3034922	Foeniculum vulgare	Magnoliopsida	220	Plantae	1986	0	0	0	0									correct_baseline
3034922	Foeniculum vulgare	Magnoliopsida	220	Plantae	1987	0	0	0	0									correct_baseline
3034922	Foeniculum vulgare	Magnoliopsida	220	Plantae	1988	0	0	0	0									correct_baseline
3034922	Foeniculum vulgare	Magnoliopsida	220	Plantae	1989	0	0	0	0									correct_baseline
3034922	Foeniculum vulgare	Magnoliopsida	220	Plantae	1990	0	0	0	0									correct_baseline
3034922	Foeniculum vulgare	Magnoliopsida	220	Plantae	1991	3	3	12443	65									correct_baseline
3034922	Foeniculum vulgare	Magnoliopsida	220	Plantae	1992	0	0	0	0									correct_baseline
3034922	Foeniculum vulgare	Magnoliopsida	220	Plantae	1993	0	0	0	0									correct_baseline
3034922	Foeniculum vulgare	Magnoliopsida	220	Plantae	1994	0	0	0	0									correct_baseline
3034922	Foeniculum vulgare	Magnoliopsida	220	Plantae	1995	0	0	0	0									correct_baseline
3034922	Foeniculum vulgare	Magnoliopsida	220	Plantae	1996	0	0	0	0									correct_baseline
3034922	Foeniculum vulgare	Magnoliopsida	220	Plantae	1997	0	0	0	0									correct_baseline
3034922	Foeniculum vulgare	Magnoliopsida	220	Plantae	1998	0	0	0	0									correct_baseline
3034922	Foeniculum vulgare	Magnoliopsida	220	Plantae	1999	0	0	0	0									correct_baseline
3034922	Foeniculum vulgare	Magnoliopsida	220	Plantae	2000	0	0	0	0									correct_baseline
3034922	Foeniculum vulgare	Magnoliopsida	220	Plantae	2001	0	0	0	0									correct_baseline
3034922	Foeniculum vulgare	Magnoliopsida	220	Plantae	2002	0	0	0	0									correct_baseline
3034922	Foeniculum vulgare	Magnoliopsida	220	Plantae	2003	0	0	0	0									correct_baseline
3034922	Foeniculum vulgare	Magnoliopsida	220	Plantae	2004	1	1	5047	67									correct_baseline
3034922	Foeniculum vulgare	Magnoliopsida	220	Plantae	2005	1	1	1590	66									correct_baseline
3034922	Foeniculum vulgare	Magnoliopsida	220	Plantae	2006	0	0	0	0									correct_baseline
3034922	Foeniculum vulgare	Magnoliopsida	220	Plantae	2007	0	0	0	0									correct_baseline
3034922	Foeniculum vulgare	Magnoliopsida	220	Plantae	2008	0	0	0	0									correct_baseline
3034922	Foeniculum vulgare	Magnoliopsida	220	Plantae	2009	0	0	0	0									correct_baseline
3034922	Foeniculum vulgare	Magnoliopsida	220	Plantae	2010	0	0	0	0									correct_baseline
3034922	Foeniculum vulgare	Magnoliopsida	220	Plantae	2011	0	0	0	0									correct_baseline
3034922	Foeniculum vulgare	Magnoliopsida	220	Plantae	2012	0	0	0	0									correct_baseline
3034922	Foeniculum vulgare	Magnoliopsida	220	Plantae	2013	1	1	878	66									correct_baseline
3034922	Foeniculum vulgare	Magnoliopsida	220	Plantae	2014	0	0	0	0									correct_baseline
3034922	Foeniculum vulgare	Magnoliopsida	220	Plantae	2015	0	0	0	0									correct_baseline
3034922	Foeniculum vulgare	Magnoliopsida	220	Plantae	2016	0	0	0	0									correct_baseline
3034922	Foeniculum vulgare	Magnoliopsida	220	Plantae	2017	0	0	0	0									correct_baseline
3034922	Foeniculum vulgare	Magnoliopsida	220	Plantae	2018	0	0	0	0									correct_baseline
3034922	Foeniculum vulgare	Magnoliopsida	220	Plantae	2019	2	1	1711	66									correct_baseline
3034922	Foeniculum vulgare	Magnoliopsida	220	Plantae	2020	0	0	0	0									correct_baseline
3034922	Foeniculum vulgare	Magnoliopsida	220	Plantae	2021	0	0	0	0									correct_baseline
3034922	Foeniculum vulgare	Magnoliopsida	220	Plantae	2022	2	2	2909	66									correct_baseline
3034922	Foeniculum vulgare	Magnoliopsida	220	Plantae	2023	2	2	1722	65									correct_baseline
3034922	Foeniculum vulgare	Magnoliopsida	220	Plantae	2024	8	4	2508	64									correct_baseline
3039203	Parthenocissus inserta	Magnoliopsida	220	Plantae	1981	2	1	493	25	0.0832461869576302	0.7939215226380464	0.008728731298224445	0	0	0	1	0.9356321510198543	correct_baseline
3039203	Parthenocissus inserta	Magnoliopsida	220	Plantae	1982	0	0	0	0	0.0857271285708486	0.7613035905993462	0.009653363866597682	0	0	0	1	0.9368773580789552	correct_baseline
3039203	Parthenocissus inserta	Magnoliopsida	220	Plantae	1983	0	0	0	0	0.08803819577012535	0.7351349902850456	0.010543266225776579	0	0	0	1	0.9381040224690527	correct_baseline
3039203	Parthenocissus inserta	Magnoliopsida	220	Plantae	1984	2	2	669	22	0.09016187177905381	0.7145556262404953	0.011376529445961627	0	0	0	1	0.9393091609089826	correct_baseline
3039203	Parthenocissus inserta	Magnoliopsida	220	Plantae	1985	1	1	32	19	0.09208176471406557	0.6987927863150104	0.012133856500679788	0	0	0	1	0.9404892144307134	correct_baseline
3039203	Parthenocissus inserta	Magnoliopsida	220	Plantae	1986	0	0	0	0	0.09378281782052511	0.6871387013254607	0.012799769393562335	0	0	0	1	0.9416399098867093	correct_baseline
3039203	Parthenocissus inserta	Magnoliopsida	220	Plantae	1987	0	0	0	0	0.09525150585383362	0.678933441872983	0.01336338558076254	0	0	0	1	0.9427560821535811	correct_baseline
3039203	Parthenocissus inserta	Magnoliopsida	220	Plantae	1988	0	0	0	0	0.09647601402780209	0.6735527150070777	0.013818697594582279	0	0	0	1	0.9438314446512799	correct_baseline
3039203	Parthenocissus inserta	Magnoliopsida	220	Plantae	1989	0	0	0	0	0.09744639622113534	0.6704001047408097	0.014164377465540178	0	0	0	1	0.9448582918425348	correct_baseline
3039203	Parthenocissus inserta	Magnoliopsida	220	Plantae	1990	0	0	0	0	0.09815470947999606	0.6689032519559667	0.014403199513427757	0	0	0	1	0.9458271124671064	correct_baseline
3039203	Parthenocissus inserta	Magnoliopsida	220	Plantae	1991	3	3	12443	65	0.09859512227295797	0.6685134164515548	0.014541216222133942	0	0	0	1	0.9467260866792446	correct_baseline
3039203	Parthenocissus inserta	Magnoliopsida	220	Plantae	1992	1	1	5419	53	0.0987639944347819	0.668707820969804	0.014586828942074082	0	0	0	1	0.9475404348863001	correct_baseline
3039203	Parthenocissus inserta	Magnoliopsida	220	Plantae	1993	1	1	4525	62	0.09865992726610788	0.6689941483719943	0.014549875020343566	0	0	0	1	0.9482515836439154	correct_baseline
3039203	Parthenocissus inserta	Magnoliopsida	220	Plantae	1994	0	0	0	0	0.09828378282457265	0.6689165479767408	0.014440817760489378	0	0	0	1	0.9488361206011672	correct_baseline
3039203	Parthenocissus inserta	Magnoliopsida	220	Plantae	1995	0	0	0	0	0.09763867203513929	0.6680625042277168	0.014270087329337601	0	0	0	1	0.9492645391071765	correct_baseline
3039203	Parthenocissus inserta	Magnoliopsida	220	Plantae	1996	0	0	0	0	0.09672991184893107	0.6660699313415283	0.014047587807269333	0	0	0	1	0.9494998479053014	correct_baseline
3039203	Parthenocissus inserta	Magnoliopsida	220	Plantae	1997	0	0	0	0	0.09556495227569635	0.6626338847792378	0.013782362045217093	0	0	0	1	0.9494962812162743	correct_baseline
3039203	Parthenocissus inserta	Magnoliopsida	220	Plantae	1998	0	0	0	0	0.09415327469045369	0.6575123285585412	0.013482392268401023	0	0	0	1	0.949198633658144	correct_baseline
3039203	Parthenocissus inserta	Magnoliopsida	220	Plantae	1999	1	1	683	34	0.09250626335576609	0.6505304698076164	0.013154508754335615	0	0	0	1	0.9485431628691645	correct_baseline
3039203	Parthenocissus inserta	Magnoliopsida	220	Plantae	2000	0	0	0	0	0.0906370525943829	0.641583269213921	0.012804378943768572	0	0	0	1	0.9474613775473384	correct_baseline
3039203	Parthenocissus inserta	Magnoliopsida	220	Plantae	2001	1	1	456	20	0.08856035248102351	0.6306358554855583	0.01243655266877341	0	0	0	1	0.945887846163685	correct_baseline
3039203	Parthenocissus inserta	Magnoliopsida	220	Plantae	2002	0	0	0	0	0.08629225628695586	0.6177217077053206	0.012054543983495385	0	0	0	1	0.9437716792016797	correct_baseline
3039203	Parthenocissus inserta	Magnoliopsida	220	Plantae	2003	2	2	4125	65	0.0838500331988969	0.6029386130216309	0.011660935152620384	0	0	0	1	0.9410885200795576	correct_baseline
3039203	Parthenocissus inserta	Magnoliopsida	220	Plantae	2004	7	5	5041	63	0.0812519100390042	0.5864425484660767	0.01125749300124038	0	0	0	1	0.9378476818190784	correct_baseline
3039203	Parthenocissus inserta	Magnoliopsida	220	Plantae	2005	0	0	0	0	0.0785168458320884	0.5684397644926285	0.01084529173451215	0	0	0	1	0.9340904414343119	correct_baseline
3039203	Parthenocissus inserta	Magnoliopsida	220	Plantae	2006	0	0	0	0	0.0756643030988096	0.5491774546781183	0.01042483939327789	0	0	0	1	0.9298803741437967	correct_baseline
3039203	Parthenocissus inserta	Magnoliopsida	220	Plantae	2007	0	0	0	0	0.07271401970105877	0.5289334734232702	0.009996207324271316	0	0	0	1	0.9252907067250015	correct_baseline
3039203	Parthenocissus inserta	Magnoliopsida	220	Plantae	2008	0	0	0	0	0.06968578493177727	0.5080056066661006	0.009559163438032122	0	0	0	1	0.9203936783674869	correct_baseline
3039203	Parthenocissus inserta	Magnoliopsida	220	Plantae	2009	0	0	0	0	0.06659922333201625	0.4867009079091806	0.009113310610991182	0	0	0	1	0.9152541071496416	correct_baseline
3039203	Parthenocissus inserta	Magnoliopsida	220	Plantae	2010	0	0	0	0	0.0634735894408256	0.4653255847982043	0.008658231329037452	0	0	0	1	0.9099268099875967	correct_baseline
3039203	Parthenocissus inserta	Magnoliopsida	220	Plantae	2011	0	0	0	0	0.060327576347871836	0.4441758644876941	0.008193638508940494	0	0	0	1	0.9044565095344713	correct_baseline
3039203	Parthenocissus inserta	Magnoliopsida	220	Plantae	2012	0	0	0	0	0.05717914053502264	0.4235301857874298	0.007719530324019952	0	0	0	1	0.8988789543842778	correct_baseline
3039203	Parthenocissus inserta	Magnoliopsida	220	Plantae	2013	2	1	877	66	0.0540453450728596	0.4036429707413505	0.007236343837921421	0	0	0	1	0.8932224293823888	correct_baseline
3039203	Parthenocissus inserta	Magnoliopsida	220	Plantae	2014	0	0	0	0	0.05094222279303643	0.3847401264709478	0.006745098534169456	0	0	0	1	0.8875092342997993	correct_baseline
3039203	Parthenocissus inserta	Magnoliopsida	220	Plantae	2015	1	1	761	67	0.04788466059954114	0.36701632795380873	0.006247516925246523	0	0	0	1	0.8817569617761031	correct_baseline
3039203	Parthenocissus inserta	Magnoliopsida	220	Plantae	2016	1	1	1031	67	0.0448863056229536	0.35063404072681725	0.00574610619180279	0	0	0	1	0.8759795359089355	correct_baseline
3039203	Parthenocissus inserta	Magnoliopsida	220	Plantae	2017	0	0	0	0	0.0419594934728455	0.3357241642600674	0.005244183409848103	0	0	0	1	0.8701880294378558	correct_baseline
3039203	Parthenocissus inserta	Magnoliopsida	220	Plantae	2018	0	0	0	0	0.039115198414794224	0.32238811488054003	0.004745828634519164	0	0	0	1	0.8643912960913341	correct_baseline
3039203	Parthenocissus inserta	Magnoliopsida	220	Plantae	2019	1	1	1712	66	0.03636300489920226	0.31070112283331247	0.004255755863517717	0	0	0	1	0.8585964562141728	correct_baseline
3039203	Parthenocissus inserta	Magnoliopsida	220	Plantae	2020	1	1	2496	67	0.03371109950701619	0.3007164914303711	0.0037791017864249104	0	0	0	1	0.8528092690057718	correct_baseline
3039203	Parthenocissus inserta	Magnoliopsida	220	Plantae	2021	0	0	0	0	0.031166282058840145	0.2924705569143863	0.0033211450329187022	0	0	0	1	0.8470344182465447	correct_baseline
3039203	Parthenocissus inserta	Magnoliopsida	220	Plantae	2022	0	0	0	0	0.028733994363579957	0.2859880953532286	0.002886981820227447	0	0	0	1	0.8412757324634034	correct_baseline
3039203	Parthenocissus inserta	Magnoliopsida	220	Plantae	2023	0	0	0	0	0.026418364863777823	0.28128794724693607	0.002481194124762817	0	0	0	1	0.8355363554093658	correct_baseline
3039203	Parthenocissus inserta	Magnoliopsida	220	Plantae	2024	1	1	2515	67	0.02422226726875974	0.2783886706375741	0.002107550678321463	0	0	0	1	0.829818878864439	correct_baseline
3040185	Populus canescens	Magnoliopsida	220	Plantae	1992	1	1	5419	53									correct_baseline
3040185	Populus canescens	Magnoliopsida	220	Plantae	1993	0	0	0	0									correct_baseline
3040185	Populus canescens	Magnoliopsida	220	Plantae	1994	0	0	0	0									correct_baseline
3040185	Populus canescens	Magnoliopsida	220	Plantae	1995	0	0	0	0									correct_baseline
3040185	Populus canescens	Magnoliopsida	220	Plantae	1996	1	1	870	39									correct_baseline
3040185	Populus canescens	Magnoliopsida	220	Plantae	1997	0	0	0	0									correct_baseline
3040185	Populus canescens	Magnoliopsida	220	Plantae	1998	0	0	0	0									correct_baseline
3040185	Populus canescens	Magnoliopsida	220	Plantae	1999	0	0	0	0									correct_baseline
3040185	Populus canescens	Magnoliopsida	220	Plantae	2000	0	0	0	0									correct_baseline
3040185	Populus canescens	Magnoliopsida	220	Plantae	2001	1	1	456	20									correct_baseline
3040185	Populus canescens	Magnoliopsida	220	Plantae	2002	1	1	445	20									correct_baseline
3040185	Populus canescens	Magnoliopsida	220	Plantae	2003	0	0	0	0									correct_baseline
3040185	Populus canescens	Magnoliopsida	220	Plantae	2004	0	0	0	0									correct_baseline
3040185	Populus canescens	Magnoliopsida	220	Plantae	2005	0	0	0	0									correct_baseline
3040185	Populus canescens	Magnoliopsida	220	Plantae	2006	0	0	0	0									correct_baseline
3040185	Populus canescens	Magnoliopsida	220	Plantae	2007	0	0	0	0									correct_baseline
3040185	Populus canescens	Magnoliopsida	220	Plantae	2008	0	0	0	0									correct_baseline
3040185	Populus canescens	Magnoliopsida	220	Plantae	2009	0	0	0	0									correct_baseline
3040185	Populus canescens	Magnoliopsida	220	Plantae	2010	0	0	0	0									correct_baseline
3040185	Populus canescens	Magnoliopsida	220	Plantae	2011	0	0	0	0									correct_baseline
3040185	Populus canescens	Magnoliopsida	220	Plantae	2012	3	3	910	65									correct_baseline
3040185	Populus canescens	Magnoliopsida	220	Plantae	2013	1	1	878	66									correct_baseline
3040185	Populus canescens	Magnoliopsida	220	Plantae	2014	1	1	905	66									correct_baseline
3040185	Populus canescens	Magnoliopsida	220	Plantae	2015	0	0	0	0									correct_baseline
3040185	Populus canescens	Magnoliopsida	220	Plantae	2016	1	1	1031	67									correct_baseline
3040185	Populus canescens	Magnoliopsida	220	Plantae	2017	0	0	0	0									correct_baseline
3040185	Populus canescens	Magnoliopsida	220	Plantae	2018	0	0	0	0									correct_baseline
3040185	Populus canescens	Magnoliopsida	220	Plantae	2019	0	0	0	0									correct_baseline
3040185	Populus canescens	Magnoliopsida	220	Plantae	2020	3	3	2494	65									correct_baseline
3040185	Populus canescens	Magnoliopsida	220	Plantae	2021	0	0	0	0									correct_baseline
3040185	Populus canescens	Magnoliopsida	220	Plantae	2022	5	4	2906	64									correct_baseline
3040185	Populus canescens	Magnoliopsida	220	Plantae	2023	6	6	1718	61									correct_baseline
3040185	Populus canescens	Magnoliopsida	220	Plantae	2024	4	3	2512	65									correct_baseline
3040233	Populus alba	Magnoliopsida	220	Plantae	1983	1	1	531	27	0.028942073065161618	2.1252365348124593	3.941413483102344e-4	0	0	0	1	0.9139529784102918	correct_baseline
3040233	Populus alba	Magnoliopsida	220	Plantae	1984	0	0	0	0	0.029757862796620318	2.0484797704649775	4.322866210299341e-4	0	0	0	1	0.9171330892173353	correct_baseline
3040233	Populus alba	Magnoliopsida	220	Plantae	1985	0	0	0	0	0.030574779708456158	1.9897239038771681	4.6982254794197375e-4	0	0	0	1	0.9203172314500069	correct_baseline
3040233	Populus alba	Magnoliopsida	220	Plantae	1986	1	1	1408	36	0.03139167101245667	1.9466790644166627	5.06214417654718e-4	0	0	0	1	0.9235045319141265	correct_baseline
3040233	Populus alba	Magnoliopsida	220	Plantae	1987	0	0	0	0	0.0322073527581869	1.9174475634540609	5.409866697067263e-4	0	0	0	1	0.9266939690380028	correct_baseline
3040233	Populus alba	Magnoliopsida	220	Plantae	1988	0	0	0	0	0.03302061242941174	1.9004392930446292	5.737414760913465e-4	0	0	0	1	0.9298843420681234	correct_baseline
3040233	Populus alba	Magnoliopsida	220	Plantae	1989	1	1	160	43	0.03383021171227042	1.8943035598528752	6.041709727800582e-4	0	0	0	1	0.9330742324090379	correct_baseline
3040233	Populus alba	Magnoliopsida	220	Plantae	1990	1	1	250	39	0.034634889427669846	1.8978738951268137	6.320628408173363e-4	0	0	0	1	0.9362619547381199	correct_baseline
3040233	Populus alba	Magnoliopsida	220	Plantae	1991	1	1	12445	67	0.03543336461933601	1.91012323977356	6.572996454384021e-4	0	0	0	1	0.9394454946936797	correct_baseline
3040233	Populus alba	Magnoliopsida	220	Plantae	1992	0	0	0	0	0.03622433978795786	1.9301275570360479	6.798528875928171e-4	0	0	0	1	0.94262242873567	correct_baseline
3040233	Populus alba	Magnoliopsida	220	Plantae	1993	0	0	0	0	0.03700650426088435	1.9570364219663507	6.997730559530678e-4	0	0	0	1	0.9457898201899704	correct_baseline
3040233	Populus alba	Magnoliopsida	220	Plantae	1994	0	0	0	0	0.03777853768589972	1.9900495119843136	7.171770858413678e-4	0	0	0	1	0.948944083149034	correct_baseline
3040233	Populus alba	Magnoliopsida	220	Plantae	1995	0	0	0	0	0.03853911363671081	2.02839820216775	7.322345673132656e-4	0	0	0	1	0.9520808025837032	correct_baseline
3040233	Populus alba	Magnoliopsida	220	Plantae	1996	0	0	0	0	0.03928690331694161	2.0713316718121573	7.451538511378925e-4	0	0	0	1	0.955194494302543	correct_baseline
3040233	Populus alba	Magnoliopsida	220	Plantae	1997	0	0	0	0	0.040020579348649034	2.1181070698959976	7.561689369556544e-4	0	0	0	1	0.9582782816091066	correct_baseline
3040233	Populus alba	Magnoliopsida	220	Plantae	1998	0	0	0	0	0.04073881963065817	2.167983377955266	7.655277442507886e-4	0	0	0	1	0.9613234558247203	correct_baseline
3040233	Populus alba	Magnoliopsida	220	Plantae	1999	0	0	0	0	0.041440311251369946	2.220218659050819	7.734821025892077e-4	0	0	0	1	0.9643188743174526	correct_baseline
3040233	Populus alba	Magnoliopsida	220	Plantae	2000	1	1	929	35	0.04212375444012532	2.2740703993029063	7.80279576514388e-4	0	0	0	1	0.9672501313961042	correct_baseline
3040233	Populus alba	Magnoliopsida	220	Plantae	2001	0	0	0	0	0.04278786654072205	2.328798641444246	7.861570728035279e-4	0	0	0	1	0.9700984146745578	correct_baseline
3040233	Populus alba	Magnoliopsida	220	Plantae	2002	0	0	0	0	0.04343138599027947	2.3836715851691768	7.913360635637933e-4	0	0	0	1	0.9728389365502239	correct_baseline
3040233	Populus alba	Magnoliopsida	220	Plantae	2003	9	8	4118	59	0.04405307628633447	2.437973293619897	7.960191915835537e-4	0	0	0	1	0.9754388225769635	correct_baseline
3040233	Populus alba	Magnoliopsida	220	Plantae	2004	10	10	5038	58	0.044651729924835314	2.4910131057640887	8.003879950157337e-4	0	0	0	1	0.9778543881439147	correct_baseline
3040233	Populus alba	Magnoliopsida	220	Plantae	2005	1	1	1590	66	0.045226172291578146	2.5421363169094615	8.046014867661239e-4	0	0	0	1	0.9800279417272415	correct_baseline
3040233	Populus alba	Magnoliopsida	220	Plantae	2006	0	0	0	0	0.04577526548961009	2.5907356598308797	8.08795340695265e-4	0	0	0	1	0.9818848096587061	correct_baseline
3040233	Populus alba	Magnoliopsida	220	Plantae	2007	0	0	0	0	0.04629791208520031	2.6362631018277467	8.130814644269874e-4	0	0	0	1	0.9833324302908397	correct_baseline
3040233	Populus alba	Magnoliopsida	220	Plantae	2008	0	0	0	0	0.04679305875516151	2.6782414723415466	8.175477716539394e-4	0	0	0	1	0.9842650359626407	correct_baseline
3040233	Populus alba	Magnoliopsida	220	Plantae	2009	0	0	0	0	0.04725969981858548	2.716275454189543	8.222580016683956e-4	0	0	0	1	0.9845781767562746	correct_baseline
3040233	Populus alba	Magnoliopsida	220	Plantae	2010	0	0	0	0	0.04769688063643894	2.750061510300231	8.272514683492793e-4	0	0	0	1	0.9841936132164777	correct_baseline
3040233	Populus alba	Magnoliopsida	220	Plantae	2011	0	0	0	0	0.048103700862948996	2.779396376940068	8.325426541929961e-4	0	0	0	1	0.9830852412842346	correct_baseline
3040233	Populus alba	Magnoliopsida	220	Plantae	2012	0	0	0	0	0.04847931753328749	2.8041838322869435	8.381205973135445e-4	0	0	0	1	0.9812894072641317	correct_baseline
3040233	Populus alba	Magnoliopsida	220	Plantae	2013	0	0	0	0	0.04882294797273922	2.8244395430710147	8.439480514272308e-4	0	0	0	1	0.9788915718866198	correct_baseline
3040233	Populus alba	Magnoliopsida	220	Plantae	2014	0	0	0	0	0.04913387251330567	2.8402938980881944	8.499604318337387e-4	0	0	0	1	0.9759994666813744	correct_baseline
3040233	Populus alba	Magnoliopsida	220	Plantae	2015	0	0	0	0	0.049411437004550765	2.8519928512124912	8.560645956095992e-4	0	0	0	1	0.9727191926698682	correct_baseline
3040233	Populus alba	Magnoliopsida	220	Plantae	2016	0	0	0	0	0.04965505510643166	2.8598969132867147	8.621375428491112e-4	0	0	0	1	0.9691421625926355	correct_baseline
3040233	Populus alba	Magnoliopsida	220	Plantae	2017	1	1	1124	67	0.049864210352871516	2.8644785472444605	8.680251686671895e-4	0	0	0	1	0.9653414631179726	correct_baseline
3040233	Populus alba	Magnoliopsida	220	Plantae	2018	3	3	2078	65	0.050038457975916516	2.866318329817985	8.735412429806987e-4	0	0	0	1	0.9613732740586394	correct_baseline
3040233	Populus alba	Magnoliopsida	220	Plantae	2019	4	4	1709	63	0.0501774264814676	2.8661003429451783	8.784668459010914e-4	0	0	0	1	0.9572800181250349	correct_baseline
3040233	Populus alba	Magnoliopsida	220	Plantae	2020	5	4	2492	64	0.05028081896878426	2.864607346517812	8.825505384690377e-4	0	0	0	1	0.9530935739986729	correct_baseline
3040233	Populus alba	Magnoliopsida	220	Plantae	2021	1	1	3526	67	0.05034841418721218	2.862716361007461	8.85509597002112e-4	0	0	0	1	0.9488379601659179	correct_baseline
3040233	Populus alba	Magnoliopsida	220	Plantae	2022	9	8	2902	60	0.05038006732488371	2.8613953551745817	8.870326776304409e-4	0	0	0	1	0.9445313965717446	correct_baseline
3040233	Populus alba	Magnoliopsida	220	Plantae	2023	1	1	1723	66	0.050375710525469374	2.8617017939028093	8.867842960970906e-4	0	0	0	1	0.9401878288275426	correct_baseline
3040233	Populus alba	Magnoliopsida	220	Plantae	2024	4	2	2512	66	0.05033535313041182	2.8647838597012627	8.844114944948995e-4	0	0	0	1	0.935818036993515	correct_baseline
3041022	Armoracia rusticana	Magnoliopsida	220	Plantae	1987	1	1	506	33									correct_baseline
3041022	Armoracia rusticana	Magnoliopsida	220	Plantae	1988	0	0	0	0									correct_baseline
3041022	Armoracia rusticana	Magnoliopsida	220	Plantae	1989	0	0	0	0									correct_baseline
3041022	Armoracia rusticana	Magnoliopsida	220	Plantae	1990	0	0	0	0									correct_baseline
3041022	Armoracia rusticana	Magnoliopsida	220	Plantae	1991	2	2	12444	66									correct_baseline
3041022	Armoracia rusticana	Magnoliopsida	220	Plantae	1992	0	0	0	0									correct_baseline
3041022	Armoracia rusticana	Magnoliopsida	220	Plantae	1993	0	0	0	0									correct_baseline
3041022	Armoracia rusticana	Magnoliopsida	220	Plantae	1994	1	1	6154	64									correct_baseline
3041022	Armoracia rusticana	Magnoliopsida	220	Plantae	1995	0	0	0	0									correct_baseline
3041022	Armoracia rusticana	Magnoliopsida	220	Plantae	1996	0	0	0	0									correct_baseline
3041022	Armoracia rusticana	Magnoliopsida	220	Plantae	1997	0	0	0	0									correct_baseline
3041022	Armoracia rusticana	Magnoliopsida	220	Plantae	1998	0	0	0	0									correct_baseline
3041022	Armoracia rusticana	Magnoliopsida	220	Plantae	1999	0	0	0	0									correct_baseline
3041022	Armoracia rusticana	Magnoliopsida	220	Plantae	2000	0	0	0	0									correct_baseline
3041022	Armoracia rusticana	Magnoliopsida	220	Plantae	2001	0	0	0	0									correct_baseline
3041022	Armoracia rusticana	Magnoliopsida	220	Plantae	2002	0	0	0	0									correct_baseline
3041022	Armoracia rusticana	Magnoliopsida	220	Plantae	2003	0	0	0	0									correct_baseline
3041022	Armoracia rusticana	Magnoliopsida	220	Plantae	2004	0	0	0	0									correct_baseline
3041022	Armoracia rusticana	Magnoliopsida	220	Plantae	2005	0	0	0	0									correct_baseline
3041022	Armoracia rusticana	Magnoliopsida	220	Plantae	2006	0	0	0	0									correct_baseline
3041022	Armoracia rusticana	Magnoliopsida	220	Plantae	2007	0	0	0	0									correct_baseline
3041022	Armoracia rusticana	Magnoliopsida	220	Plantae	2008	0	0	0	0									correct_baseline
3041022	Armoracia rusticana	Magnoliopsida	220	Plantae	2009	0	0	0	0									correct_baseline
3041022	Armoracia rusticana	Magnoliopsida	220	Plantae	2010	0	0	0	0									correct_baseline
3041022	Armoracia rusticana	Magnoliopsida	220	Plantae	2011	0	0	0	0									correct_baseline
3041022	Armoracia rusticana	Magnoliopsida	220	Plantae	2012	0	0	0	0									correct_baseline
3041022	Armoracia rusticana	Magnoliopsida	220	Plantae	2013	0	0	0	0									correct_baseline
3041022	Armoracia rusticana	Magnoliopsida	220	Plantae	2014	0	0	0	0									correct_baseline
3041022	Armoracia rusticana	Magnoliopsida	220	Plantae	2015	0	0	0	0									correct_baseline
3041022	Armoracia rusticana	Magnoliopsida	220	Plantae	2016	0	0	0	0									correct_baseline
3041022	Armoracia rusticana	Magnoliopsida	220	Plantae	2017	0	0	0	0									correct_baseline
3041022	Armoracia rusticana	Magnoliopsida	220	Plantae	2018	0	0	0	0									correct_baseline
3041022	Armoracia rusticana	Magnoliopsida	220	Plantae	2019	1	1	1712	66									correct_baseline
3041022	Armoracia rusticana	Magnoliopsida	220	Plantae	2020	1	1	2496	67									correct_baseline
3041022	Armoracia rusticana	Magnoliopsida	220	Plantae	2021	1	1	3526	67									correct_baseline
3041022	Armoracia rusticana	Magnoliopsida	220	Plantae	2022	1	1	2910	67									correct_baseline
3041022	Armoracia rusticana	Magnoliopsida	220	Plantae	2023	1	1	1723	66									correct_baseline
3041022	Armoracia rusticana	Magnoliopsida	220	Plantae	2024	1	1	2515	67									correct_baseline
3042291	Hesperis matronalis	Magnoliopsida	220	Plantae	1991	1	1	12445	67									correct_baseline
3042291	Hesperis matronalis	Magnoliopsida	220	Plantae	1992	0	0	0	0									correct_baseline
3042291	Hesperis matronalis	Magnoliopsida	220	Plantae	1993	0	0	0	0									correct_baseline
3042291	Hesperis matronalis	Magnoliopsida	220	Plantae	1994	1	1	6154	64									correct_baseline
3042291	Hesperis matronalis	Magnoliopsida	220	Plantae	1995	0	0	0	0									correct_baseline
3042291	Hesperis matronalis	Magnoliopsida	220	Plantae	1996	0	0	0	0									correct_baseline
3042291	Hesperis matronalis	Magnoliopsida	220	Plantae	1997	0	0	0	0									correct_baseline
3042291	Hesperis matronalis	Magnoliopsida	220	Plantae	1998	0	0	0	0									correct_baseline
3042291	Hesperis matronalis	Magnoliopsida	220	Plantae	1999	0	0	0	0									correct_baseline
3042291	Hesperis matronalis	Magnoliopsida	220	Plantae	2000	0	0	0	0									correct_baseline
3042291	Hesperis matronalis	Magnoliopsida	220	Plantae	2001	0	0	0	0									correct_baseline
3042291	Hesperis matronalis	Magnoliopsida	220	Plantae	2002	0	0	0	0									correct_baseline
3042291	Hesperis matronalis	Magnoliopsida	220	Plantae	2003	0	0	0	0									correct_baseline
3042291	Hesperis matronalis	Magnoliopsida	220	Plantae	2004	0	0	0	0									correct_baseline
3042291	Hesperis matronalis	Magnoliopsida	220	Plantae	2005	0	0	0	0									correct_baseline
3042291	Hesperis matronalis	Magnoliopsida	220	Plantae	2006	0	0	0	0									correct_baseline
3042291	Hesperis matronalis	Magnoliopsida	220	Plantae	2007	0	0	0	0									correct_baseline
3042291	Hesperis matronalis	Magnoliopsida	220	Plantae	2008	0	0	0	0									correct_baseline
3042291	Hesperis matronalis	Magnoliopsida	220	Plantae	2009	0	0	0	0									correct_baseline
3042291	Hesperis matronalis	Magnoliopsida	220	Plantae	2010	0	0	0	0									correct_baseline
3042291	Hesperis matronalis	Magnoliopsida	220	Plantae	2011	0	0	0	0									correct_baseline
3042291	Hesperis matronalis	Magnoliopsida	220	Plantae	2012	0	0	0	0									correct_baseline
3042291	Hesperis matronalis	Magnoliopsida	220	Plantae	2013	0	0	0	0									correct_baseline
3042291	Hesperis matronalis	Magnoliopsida	220	Plantae	2014	0	0	0	0									correct_baseline
3042291	Hesperis matronalis	Magnoliopsida	220	Plantae	2015	2	2	760	66									correct_baseline
3042291	Hesperis matronalis	Magnoliopsida	220	Plantae	2016	0	0	0	0									correct_baseline
3042291	Hesperis matronalis	Magnoliopsida	220	Plantae	2017	0	0	0	0									correct_baseline
3042291	Hesperis matronalis	Magnoliopsida	220	Plantae	2018	0	0	0	0									correct_baseline
3042291	Hesperis matronalis	Magnoliopsida	220	Plantae	2019	0	0	0	0									correct_baseline
3042291	Hesperis matronalis	Magnoliopsida	220	Plantae	2020	0	0	0	0									correct_baseline
3042291	Hesperis matronalis	Magnoliopsida	220	Plantae	2021	1	1	3526	67									correct_baseline
3042291	Hesperis matronalis	Magnoliopsida	220	Plantae	2022	1	1	2910	67									correct_baseline
3042291	Hesperis matronalis	Magnoliopsida	220	Plantae	2023	3	2	1721	65									correct_baseline
3042291	Hesperis matronalis	Magnoliopsida	220	Plantae	2024	2	1	2514	67									correct_baseline
3047621	Sinapis alba	Magnoliopsida	220	Plantae	1987	2	2	505	32									correct_baseline
3047621	Sinapis alba	Magnoliopsida	220	Plantae	1988	0	0	0	0									correct_baseline
3047621	Sinapis alba	Magnoliopsida	220	Plantae	1989	0	0	0	0									correct_baseline
3047621	Sinapis alba	Magnoliopsida	220	Plantae	1990	0	0	0	0									correct_baseline
3047621	Sinapis alba	Magnoliopsida	220	Plantae	1991	0	0	0	0									correct_baseline
3047621	Sinapis alba	Magnoliopsida	220	Plantae	1992	0	0	0	0									correct_baseline
3047621	Sinapis alba	Magnoliopsida	220	Plantae	1993	0	0	0	0									correct_baseline
3047621	Sinapis alba	Magnoliopsida	220	Plantae	1994	0	0	0	0									correct_baseline
3047621	Sinapis alba	Magnoliopsida	220	Plantae	1995	0	0	0	0									correct_baseline
3047621	Sinapis alba	Magnoliopsida	220	Plantae	1996	0	0	0	0									correct_baseline
3047621	Sinapis alba	Magnoliopsida	220	Plantae	1997	0	0	0	0									correct_baseline
3047621	Sinapis alba	Magnoliopsida	220	Plantae	1998	0	0	0	0									correct_baseline
3047621	Sinapis alba	Magnoliopsida	220	Plantae	1999	0	0	0	0									correct_baseline
3047621	Sinapis alba	Magnoliopsida	220	Plantae	2000	0	0	0	0									correct_baseline
3047621	Sinapis alba	Magnoliopsida	220	Plantae	2001	0	0	0	0									correct_baseline
3047621	Sinapis alba	Magnoliopsida	220	Plantae	2002	0	0	0	0									correct_baseline
3047621	Sinapis alba	Magnoliopsida	220	Plantae	2003	0	0	0	0									correct_baseline
3047621	Sinapis alba	Magnoliopsida	220	Plantae	2004	0	0	0	0									correct_baseline
3047621	Sinapis alba	Magnoliopsida	220	Plantae	2005	0	0	0	0									correct_baseline
3047621	Sinapis alba	Magnoliopsida	220	Plantae	2006	0	0	0	0									correct_baseline
3047621	Sinapis alba	Magnoliopsida	220	Plantae	2007	0	0	0	0									correct_baseline
3047621	Sinapis alba	Magnoliopsida	220	Plantae	2008	0	0	0	0									correct_baseline
3047621	Sinapis alba	Magnoliopsida	220	Plantae	2009	0	0	0	0									correct_baseline
3047621	Sinapis alba	Magnoliopsida	220	Plantae	2010	0	0	0	0									correct_baseline
3047621	Sinapis alba	Magnoliopsida	220	Plantae	2011	0	0	0	0									correct_baseline
3047621	Sinapis alba	Magnoliopsida	220	Plantae	2012	0	0	0	0									correct_baseline
3047621	Sinapis alba	Magnoliopsida	220	Plantae	2013	0	0	0	0									correct_baseline
3047621	Sinapis alba	Magnoliopsida	220	Plantae	2014	0	0	0	0									correct_baseline
3047621	Sinapis alba	Magnoliopsida	220	Plantae	2015	0	0	0	0									correct_baseline
3047621	Sinapis alba	Magnoliopsida	220	Plantae	2016	0	0	0	0									correct_baseline
3047621	Sinapis alba	Magnoliopsida	220	Plantae	2017	0	0	0	0									correct_baseline
3047621	Sinapis alba	Magnoliopsida	220	Plantae	2018	0	0	0	0									correct_baseline
3047621	Sinapis alba	Magnoliopsida	220	Plantae	2019	3	3	1710	64									correct_baseline
3047621	Sinapis alba	Magnoliopsida	220	Plantae	2020	1	1	2496	67									correct_baseline
3047621	Sinapis alba	Magnoliopsida	220	Plantae	2021	1	1	3526	67									correct_baseline
3047621	Sinapis alba	Magnoliopsida	220	Plantae	2022	1	1	2910	67									correct_baseline
3047621	Sinapis alba	Magnoliopsida	220	Plantae	2023	3	3	1721	64									correct_baseline
3047621	Sinapis alba	Magnoliopsida	220	Plantae	2024	2	2	2514	66									correct_baseline
3048203	Erysimum cheiri	Magnoliopsida	220	Plantae	2017	1	1	1124	67									correct_baseline
3048203	Erysimum cheiri	Magnoliopsida	220	Plantae	2018	0	0	0	0									correct_baseline
3048203	Erysimum cheiri	Magnoliopsida	220	Plantae	2019	0	0	0	0									correct_baseline
3048203	Erysimum cheiri	Magnoliopsida	220	Plantae	2020	0	0	0	0									correct_baseline
3048203	Erysimum cheiri	Magnoliopsida	220	Plantae	2021	1	1	3526	67									correct_baseline
3048203	Erysimum cheiri	Magnoliopsida	220	Plantae	2022	0	0	0	0									correct_baseline
3048203	Erysimum cheiri	Magnoliopsida	220	Plantae	2023	0	0	0	0									correct_baseline
3048203	Erysimum cheiri	Magnoliopsida	220	Plantae	2024	1	1	2515	67									correct_baseline
3053522	Berteroa incana	Magnoliopsida	220	Plantae	1983	1	1	531	27									correct_baseline
3053522	Berteroa incana	Magnoliopsida	220	Plantae	1984	0	0	0	0									correct_baseline
3053522	Berteroa incana	Magnoliopsida	220	Plantae	1985	0	0	0	0									correct_baseline
3053522	Berteroa incana	Magnoliopsida	220	Plantae	1986	0	0	0	0									correct_baseline
3053522	Berteroa incana	Magnoliopsida	220	Plantae	1987	0	0	0	0									correct_baseline
3053522	Berteroa incana	Magnoliopsida	220	Plantae	1988	0	0	0	0									correct_baseline
3053522	Berteroa incana	Magnoliopsida	220	Plantae	1989	0	0	0	0									correct_baseline
3053522	Berteroa incana	Magnoliopsida	220	Plantae	1990	0	0	0	0									correct_baseline
3053522	Berteroa incana	Magnoliopsida	220	Plantae	1991	2	2	12444	66									correct_baseline
3053522	Berteroa incana	Magnoliopsida	220	Plantae	1992	0	0	0	0									correct_baseline
3053522	Berteroa incana	Magnoliopsida	220	Plantae	1993	0	0	0	0									correct_baseline
3053522	Berteroa incana	Magnoliopsida	220	Plantae	1994	1	1	6154	64									correct_baseline
3053522	Berteroa incana	Magnoliopsida	220	Plantae	1995	0	0	0	0									correct_baseline
3053522	Berteroa incana	Magnoliopsida	220	Plantae	1996	0	0	0	0									correct_baseline
3053522	Berteroa incana	Magnoliopsida	220	Plantae	1997	0	0	0	0									correct_baseline
3053522	Berteroa incana	Magnoliopsida	220	Plantae	1998	0	0	0	0									correct_baseline
3053522	Berteroa incana	Magnoliopsida	220	Plantae	1999	0	0	0	0									correct_baseline
3053522	Berteroa incana	Magnoliopsida	220	Plantae	2000	0	0	0	0									correct_baseline
3053522	Berteroa incana	Magnoliopsida	220	Plantae	2001	0	0	0	0									correct_baseline
3053522	Berteroa incana	Magnoliopsida	220	Plantae	2002	0	0	0	0									correct_baseline
3053522	Berteroa incana	Magnoliopsida	220	Plantae	2003	1	1	4126	66									correct_baseline
3053522	Berteroa incana	Magnoliopsida	220	Plantae	2004	1	1	5047	67									correct_baseline
3053522	Berteroa incana	Magnoliopsida	220	Plantae	2005	0	0	0	0									correct_baseline
3053522	Berteroa incana	Magnoliopsida	220	Plantae	2006	0	0	0	0									correct_baseline
3053522	Berteroa incana	Magnoliopsida	220	Plantae	2007	0	0	0	0									correct_baseline
3053522	Berteroa incana	Magnoliopsida	220	Plantae	2008	0	0	0	0									correct_baseline
3053522	Berteroa incana	Magnoliopsida	220	Plantae	2009	0	0	0	0									correct_baseline
3053522	Berteroa incana	Magnoliopsida	220	Plantae	2010	1	1	386	59									correct_baseline
3053522	Berteroa incana	Magnoliopsida	220	Plantae	2011	0	0	0	0									correct_baseline
3053522	Berteroa incana	Magnoliopsida	220	Plantae	2012	1	1	912	67									correct_baseline
3053522	Berteroa incana	Magnoliopsida	220	Plantae	2013	0	0	0	0									correct_baseline
3053522	Berteroa incana	Magnoliopsida	220	Plantae	2014	0	0	0	0									correct_baseline
3053522	Berteroa incana	Magnoliopsida	220	Plantae	2015	0	0	0	0									correct_baseline
3053522	Berteroa incana	Magnoliopsida	220	Plantae	2016	0	0	0	0									correct_baseline
3053522	Berteroa incana	Magnoliopsida	220	Plantae	2017	2	1	1123	67									correct_baseline
3053522	Berteroa incana	Magnoliopsida	220	Plantae	2018	0	0	0	0									correct_baseline
3053522	Berteroa incana	Magnoliopsida	220	Plantae	2019	3	1	1710	66									correct_baseline
3053522	Berteroa incana	Magnoliopsida	220	Plantae	2020	0	0	0	0									correct_baseline
3053522	Berteroa incana	Magnoliopsida	220	Plantae	2021	0	0	0	0									correct_baseline
3053522	Berteroa incana	Magnoliopsida	220	Plantae	2022	1	1	2910	67									correct_baseline
3053522	Berteroa incana	Magnoliopsida	220	Plantae	2023	0	0	0	0									correct_baseline
3053522	Berteroa incana	Magnoliopsida	220	Plantae	2024	1	1	2515	67									correct_baseline
3054357	Juglans nigra	Magnoliopsida	220	Plantae	1990	1	1	250	39									correct_baseline
3054357	Juglans nigra	Magnoliopsida	220	Plantae	1991	4	3	12442	65									correct_baseline
3054357	Juglans nigra	Magnoliopsida	220	Plantae	1992	0	0	0	0									correct_baseline
3054357	Juglans nigra	Magnoliopsida	220	Plantae	1993	0	0	0	0									correct_baseline
3054357	Juglans nigra	Magnoliopsida	220	Plantae	1994	0	0	0	0									correct_baseline
3054357	Juglans nigra	Magnoliopsida	220	Plantae	1995	0	0	0	0									correct_baseline
3054357	Juglans nigra	Magnoliopsida	220	Plantae	1996	0	0	0	0									correct_baseline
3054357	Juglans nigra	Magnoliopsida	220	Plantae	1997	0	0	0	0									correct_baseline
3054357	Juglans nigra	Magnoliopsida	220	Plantae	1998	0	0	0	0									correct_baseline
3054357	Juglans nigra	Magnoliopsida	220	Plantae	1999	0	0	0	0									correct_baseline
3054357	Juglans nigra	Magnoliopsida	220	Plantae	2000	0	0	0	0									correct_baseline
3054357	Juglans nigra	Magnoliopsida	220	Plantae	2001	0	0	0	0									correct_baseline
3054357	Juglans nigra	Magnoliopsida	220	Plantae	2002	0	0	0	0									correct_baseline
3054357	Juglans nigra	Magnoliopsida	220	Plantae	2003	0	0	0	0									correct_baseline
3054357	Juglans nigra	Magnoliopsida	220	Plantae	2004	0	0	0	0									correct_baseline
3054357	Juglans nigra	Magnoliopsida	220	Plantae	2005	0	0	0	0									correct_baseline
3054357	Juglans nigra	Magnoliopsida	220	Plantae	2006	0	0	0	0									correct_baseline
3054357	Juglans nigra	Magnoliopsida	220	Plantae	2007	0	0	0	0									correct_baseline
3054357	Juglans nigra	Magnoliopsida	220	Plantae	2008	0	0	0	0									correct_baseline
3054357	Juglans nigra	Magnoliopsida	220	Plantae	2009	0	0	0	0									correct_baseline
3054357	Juglans nigra	Magnoliopsida	220	Plantae	2010	1	1	386	59									correct_baseline
3054357	Juglans nigra	Magnoliopsida	220	Plantae	2011	0	0	0	0									correct_baseline
3054357	Juglans nigra	Magnoliopsida	220	Plantae	2012	0	0	0	0									correct_baseline
3054357	Juglans nigra	Magnoliopsida	220	Plantae	2013	0	0	0	0									correct_baseline
3054357	Juglans nigra	Magnoliopsida	220	Plantae	2014	1	1	905	66									correct_baseline
3054357	Juglans nigra	Magnoliopsida	220	Plantae	2015	0	0	0	0									correct_baseline
3054357	Juglans nigra	Magnoliopsida	220	Plantae	2016	0	0	0	0									correct_baseline
3054357	Juglans nigra	Magnoliopsida	220	Plantae	2017	0	0	0	0									correct_baseline
3054357	Juglans nigra	Magnoliopsida	220	Plantae	2018	0	0	0	0									correct_baseline
3054357	Juglans nigra	Magnoliopsida	220	Plantae	2019	1	1	1712	66									correct_baseline
3054357	Juglans nigra	Magnoliopsida	220	Plantae	2020	4	4	2493	64									correct_baseline
3054357	Juglans nigra	Magnoliopsida	220	Plantae	2021	2	1	3525	67									correct_baseline
3054357	Juglans nigra	Magnoliopsida	220	Plantae	2022	1	1	2910	67									correct_baseline
3054357	Juglans nigra	Magnoliopsida	220	Plantae	2023	2	2	1722	65									correct_baseline
3054357	Juglans nigra	Magnoliopsida	220	Plantae	2024	5	5	2511	63									correct_baseline
3054368	Juglans regia	Magnoliopsida	220	Plantae	1991	10	10	12436	58	0.27349734017046873	1.9488201621040486	0.03838260529876815	0	0	0	1	0.9930214434335729	correct_baseline
3054368	Juglans regia	Magnoliopsida	220	Plantae	1992	2	2	5418	52	0.2851077598315584	1.9933133991776095	0.040779555663302255	0	0	0	1	0.9942531977401811	correct_baseline
3054368	Juglans regia	Magnoliopsida	220	Plantae	1993	0	0	0	0	0.2968095079930843	2.042861029653473	0.04312377726939182	0	0	0	1	0.9954781048545854	correct_baseline
3054368	Juglans regia	Magnoliopsida	220	Plantae	1994	0	0	0	0	0.30857406438217405	2.0970587161883163	0.04540547790784105	0	0	0	1	0.9966945679528294	correct_baseline
3054368	Juglans regia	Magnoliopsida	220	Plantae	1995	0	0	0	0	0.32037149897165856	2.1554637878637792	0.04761754659542159	0	0	0	1	0.9979005780919212	correct_baseline
3054368	Juglans regia	Magnoliopsida	220	Plantae	1996	0	0	0	0	0.3321705810584494	2.217594157520287	0.04975540476896234	0	0	0	1	0.9990935798257884	correct_baseline
3054368	Juglans regia	Magnoliopsida	220	Plantae	1997	0	0	0	0	0.3439389015985898	2.282929013244834	0.051816752665781625	0	0	0	1	1.0002702786771114	correct_baseline
3054368	Juglans regia	Magnoliopsida	220	Plantae	1998	0	0	0	0	0.3556430083013415	2.350911305209387	0.05380124255362444	0	0	0	1	1.001426359519338	correct_baseline
3054368	Juglans regia	Magnoliopsida	220	Plantae	1999	0	0	0	0	0.3672485528335932	2.4209520114084904	0.05571010863610687	0	0	0	1	1.0025560677952465	correct_baseline
3054368	Juglans regia	Magnoliopsida	220	Plantae	2000	1	1	929	35	0.37872044933789256	2.4924361247286586	0.05754577913699186	0	0	0	1	1.003651577071816	correct_baseline
3054368	Juglans regia	Magnoliopsida	220	Plantae	2001	0	0	0	0	0.39002304332471055	2.564730259643056	0.059311490458821184	0	0	0	1	1.0047020190451608	correct_baseline
3054368	Juglans regia	Magnoliopsida	220	Plantae	2002	0	0	0	0	0.40112028986423454	2.6371917306677646	0.061010917435277486	0	0	0	1	1.0056919748234674	correct_baseline
3054368	Juglans regia	Magnoliopsida	220	Plantae	2003	7	6	4120	61	0.41197593987700043	2.7091789081809714	0.0626478282866509	0	0	0	1	1.0065991083076522	correct_baseline
3054368	Juglans regia	Magnoliopsida	220	Plantae	2004	24	21	5024	47	0.4225537332077798	2.7800626125088908	0.06422576838537321	0	0	0	1	1.0073904757402965	correct_baseline
3054368	Juglans regia	Magnoliopsida	220	Plantae	2005	0	0	0	0	0.4328175970649636	2.849238266939008	0.06574777353750152	0	0	0	1	1.0080169956300076	correct_baseline
3054368	Juglans regia	Magnoliopsida	220	Plantae	2006	1	1	196	15	0.4427318483196692	2.9161384973008766	0.06721611120252868	0	0	0	1	1.0084061373502407	correct_baseline
3054368	Juglans regia	Magnoliopsida	220	Plantae	2007	0	0	0	0	0.4522613980862126	2.9802458425942486	0.06863204681827427	0	0	0	1	1.0084556079819604	correct_baseline
3054368	Juglans regia	Magnoliopsida	220	Plantae	2008	1	1	184	37	0.4613719569495291	3.0411052300733257	0.0699956320335241	0	0	0	1	1.008037900840788	correct_baseline
3054368	Juglans regia	Magnoliopsida	220	Plantae	2009	2	2	324	40	0.4700302391664831	3.098335870802491	0.07130551203723413	0	0	0	1	1.0070326120501867	correct_baseline
3054368	Juglans regia	Magnoliopsida	220	Plantae	2010	0	0	0	0	0.4782041641474723	3.151642248765654	0.07255875018731751	0	0	0	1	1.0053856946698898	correct_baseline
3054368	Juglans regia	Magnoliopsida	220	Plantae	2011	0	0	0	0	0.4858630535227447	3.2008239080376963	0.07375066969028195	0	0	0	1	1.0031456005578985	correct_baseline
3054368	Juglans regia	Magnoliopsida	220	Plantae	2012	1	1	912	67	0.492977822114602	3.2457837873443953	0.07487471409662005	0	0	0	1	1.000432416059467	correct_baseline
3054368	Juglans regia	Magnoliopsida	220	Plantae	2013	1	1	878	66	0.499521161172034	3.286534907813948	0.0759223308005657	0	0	0	1	0.9973775579473718	correct_baseline
3054368	Juglans regia	Magnoliopsida	220	Plantae	2014	3	3	903	64	0.5054677122778868	3.3232052855381466	0.0768828845053026	0	0	0	1	0.994088033549675	correct_baseline
3054368	Juglans regia	Magnoliopsida	220	Plantae	2015	1	1	761	67	0.5107942304096101	3.3560410130292357	0.07774361064325679	0	0	0	1	0.9906401281550586	correct_baseline
3054368	Juglans regia	Magnoliopsida	220	Plantae	2016	3	3	1029	65	0.5154797347217981	3.3854075299728104	0.07848962187160653	0	0	0	1	0.9870854867198492	correct_baseline
3054368	Juglans regia	Magnoliopsida	220	Plantae	2017	3	3	1122	65	0.5195056457205922	3.4117891811399397	0.07910398374772842	0	0	0	1	0.983458708121917	correct_baseline
3054368	Juglans regia	Magnoliopsida	220	Plantae	2018	13	12	2068	56	0.5228559076146696	3.43578723553496	0.07956787815616709	0	0	0	1	0.9797831856423337	correct_baseline
3054368	Juglans regia	Magnoliopsida	220	Plantae	2019	14	10	1699	57	0.5255170947527724	3.4581166138539126	0.07986087449191528	0	0	0	1	0.9760750198592252	correct_baseline
3054368	Juglans regia	Magnoliopsida	220	Plantae	2020	16	12	2481	56	0.5274785011910957	3.4796016396462286	0.07996132834535992	0	0	0	1	0.9723455248609819	correct_baseline
3054368	Juglans regia	Magnoliopsida	220	Plantae	2021	14	8	3513	60	0.5287322125726927	3.5011711922447937	0.07984692471800417	0	0	0	1	0.9686028198799445	correct_baseline
3054368	Juglans regia	Magnoliopsida	220	Plantae	2022	22	16	2889	52	0.5292731596427065	3.5238536960422575	0.07949537684631913	0	0	0	1	0.9648528476191985	correct_baseline
3054368	Juglans regia	Magnoliopsida	220	Plantae	2023	6	6	1718	61	0.5290991528650805	3.548772430883921	0.07888528188684601	0	0	0	1	0.9611000355514435	correct_baseline
3054368	Juglans regia	Magnoliopsida	220	Plantae	2024	38	22	2478	46	0.5282108977460367	3.5771416922795143	0.0779971207458317	0	0	0	1	0.9573477337646317	correct_baseline
3066965	Euphorbia lathyris	Magnoliopsida	220	Plantae	1984	1	1	670	23	0.2948465212495903	3.787319214011492	0.02295409131909559	-1	0	-3	0	0.8221442570538194	correct_baseline
3066965	Euphorbia lathyris	Magnoliopsida	220	Plantae	1985	0	0	0	0	0.26608616695033216	3.2846067575759923	0.021555654441437946	-1	0	-3	0	0.8296087875998724	correct_baseline
3066965	Euphorbia lathyris	Magnoliopsida	220	Plantae	1986	0	0	0	0	0.24142863416566934	2.8868347888985983	0.020190897525292358	-1	0	-3	0	0.8371370247646496	correct_baseline
3066965	Euphorbia lathyris	Magnoliopsida	220	Plantae	1987	0	0	0	0	0.22023961943961165	2.5697868780664526	0.01887529677457192	0	0	0	1	0.8447289059431052	correct_baseline
3066965	Euphorbia lathyris	Magnoliopsida	220	Plantae	1988	0	0	0	0	0.20199578545015617	2.3154481105746303	0.01762177142009004	0	0	0	1	0.8523842419372439	correct_baseline
3066965	Euphorbia lathyris	Magnoliopsida	220	Plantae	1989	0	0	0	0	0.18626418504427253	2.110305028208867	0.016440441626419295	0	0	0	1	0.8601026867373478	correct_baseline
3066965	Euphorbia lathyris	Magnoliopsida	220	Plantae	1990	0	0	0	0	0.1726857855159866	1.9441397619446765	0.01533859915988999	0	0	0	1	0.8678836982907034	correct_baseline
3066965	Euphorbia lathyris	Magnoliopsida	220	Plantae	1991	8	7	12438	61	0.16096223937305434	1.8091677711931253	0.014320862286255441	0	0	0	1	0.8757264861941477	correct_baseline
3066965	Euphorbia lathyris	Magnoliopsida	220	Plantae	1992	0	0	0	0	0.15084523489573498	1.6994164039620128	0.01338946996021705	0	0	0	1	0.8836299406207655	correct_baseline
3066965	Euphorbia lathyris	Magnoliopsida	220	Plantae	1993	2	2	4524	61	0.14212790442062675	1.6102735866151234	0.01254466407628343	0	0	0	1	0.8915925346184997	correct_baseline
3066965	Euphorbia lathyris	Magnoliopsida	220	Plantae	1994	3	3	6152	62	0.13463788049578163	1.5381576595717188	0.011785111072062485	0	0	0	1	0.8996121881762231	correct_baseline
3066965	Euphorbia lathyris	Magnoliopsida	220	Plantae	1995	0	0	0	0	0.12823167743260652	1.4802741653254736	0.011108322689374622	0	0	0	1	0.9076860769537468	correct_baseline
3066965	Euphorbia lathyris	Magnoliopsida	220	Plantae	1996	0	0	0	0	0.12279014408686553	1.4344355459354472	0.010511047030029272	0	0	0	1	0.9158103594386126	correct_baseline
3066965	Euphorbia lathyris	Magnoliopsida	220	Plantae	1997	1	1	1291	56	0.11821478732909263	1.398926725532408	0.009989612528092957	0	0	0	1	0.923979781491368	correct_baseline
3066965	Euphorbia lathyris	Magnoliopsida	220	Plantae	1998	1	1	648	35	0.11442480797763611	1.3724044427312265	0.009540217353612183	0	0	0	1	0.9321870928492357	correct_baseline
3066965	Euphorbia lathyris	Magnoliopsida	220	Plantae	1999	1	1	683	34	0.11135472455209912	1.353821630623082	0.009159164249995742	0	0	0	1	0.9404221695587497	correct_baseline
3066965	Euphorbia lathyris	Magnoliopsida	220	Plantae	2000	0	0	0	0	0.10895248706085993	1.34237057198083	0.008843045791170977	0	0	0	1	0.9486706683493179	correct_baseline
3066965	Euphorbia lathyris	Magnoliopsida	220	Plantae	2001	0	0	0	0	0.10717800472004729	1.3374402927517293	0.008588887861405898	0	0	0	1	0.9569119273764005	correct_baseline
3066965	Euphorbia lathyris	Magnoliopsida	220	Plantae	2002	0	0	0	0	0.10600202923487405	1.3385849089264579	0.008394260331922226	0	0	0	1	0.9651156533131124	correct_baseline
3066965	Euphorbia lathyris	Magnoliopsida	220	Plantae	2003	2	2	4125	65	0.10540535002892609	1.3455005562657618	0.008257363969848809	0	0	0	1	0.9732367039498739	correct_baseline
3066965	Euphorbia lathyris	Magnoliopsida	220	Plantae	2004	7	7	5041	61	0.10537827036814208	1.3580092109213353	0.008177102022929136	0	0	0	1	0.9812071363368225	correct_baseline
3066965	Euphorbia lathyris	Magnoliopsida	220	Plantae	2005	4	3	1587	64	0.10592034434404571	1.3760482237608511	0.008153144019399598	0	0	0	1	0.9889253259625497	correct_baseline
3066965	Euphorbia lathyris	Magnoliopsida	220	Plantae	2006	0	0	0	0	0.10704036471162487	1.3996647942274314	0.008185988334386813	0	0	0	1	0.996245477418721	correct_baseline
3066965	Euphorbia lathyris	Magnoliopsida	220	Plantae	2007	0	0	0	0	0.10875660111788604	1.4290149395356149	0.008277029133480367	0	0	0	1	1.002980756617514	correct_baseline
3066965	Euphorbia lathyris	Magnoliopsida	220	Plantae	2008	0	0	0	0	0.1110972977749148	1.4643668020634149	0.008428632467969311	0	0	0	1	1.008945054342182	correct_baseline
3066965	Euphorbia lathyris	Magnoliopsida	220	Plantae	2009	0	0	0	0	0.11410144959225275	1.50610840703534	0.008644225567189138	1	0	3	3	1.0140375805453195	correct_baseline
3066965	Euphorbia lathyris	Magnoliopsida	220	Plantae	2010	1	1	386	59	0.11781988668010049	1.5547602568645267	0.008928402714194978	1	0	3	3	1.0183026774169466	correct_baseline
3066965	Euphorbia lathyris	Magnoliopsida	220	Plantae	2011	1	1	396	67	0.12231670951622274	1.6109934509461827	0.009287050433438302	1	0	3	3	1.021894183198001	correct_baseline
3066965	Euphorbia lathyris	Magnoliopsida	220	Plantae	2012	0	0	0	0	0.12767113157461202	1.6756543761217553	0.00972749396881444	1	0	3	3	1.0249901637361065	correct_baseline
3066965	Euphorbia lathyris	Magnoliopsida	220	Plantae	2013	1	1	878	66	0.13397980361267506	1.7497974548760336	0.010258666067932251	1	0	3	3	1.0277386823221513	correct_baseline
3066965	Euphorbia lathyris	Magnoliopsida	220	Plantae	2014	2	2	904	65	0.14135971505604275	1.834728006085585	0.010891297769721548	1	0	3	3	1.0302462250519495	correct_baseline
3066965	Euphorbia lathyris	Magnoliopsida	220	Plantae	2015	1	1	761	67	0.149951794199699	1.932058021103974	0.01163812905104201	1	0	3	3	1.0325851508086055	correct_baseline
3066965	Euphorbia lathyris	Magnoliopsida	220	Plantae	2016	0	0	0	0	0.15992536177953534	2.043778660813108	0.012514134642221932	1	0	3	3	1.0348040132557792	correct_baseline
3066965	Euphorbia lathyris	Magnoliopsida	220	Plantae	2017	0	0	0	0	0.1714836338093211	2.172354641413531	0.013536756892196343	1	0	3	3	1.0369356675827954	correct_baseline
3066965	Euphorbia lathyris	Magnoliopsida	220	Plantae	2018	4	3	2077	65	0.18487052194482892	2.320847545987439	0.014726133107382675	1	0	3	3	1.0390027403203843	correct_baseline
3066965	Euphorbia lathyris	Magnoliopsida	220	Plantae	2019	10	9	1703	58	0.20037904630545084	2.493077686503839	0.016105299251460044	1	0	3	3	1.041021142374867	correct_baseline
3066965	Euphorbia lathyris	Magnoliopsida	220	Plantae	2020	15	10	2482	58	0.21836176093146495	2.6938377513723513	0.017700345394892167	1	0	3	3	1.0430023031257003	correct_baseline
3066965	Euphorbia lathyris	Magnoliopsida	220	Plantae	2021	17	14	3510	54	0.23924370148932728	2.929176548942752	0.01954049124248707	1	0	3	3	1.0449546014633149	correct_baseline
3066965	Euphorbia lathyris	Magnoliopsida	220	Plantae	2022	7	4	2904	64	0.26353850583504695	3.206778344138821	0.021658043246023148	1	0	3	3	1.0468842961561817	correct_baseline
3066965	Euphorbia lathyris	Magnoliopsida	220	Plantae	2023	7	6	1717	61	0.29186854034599224	3.5364735365580264	0.02408818953770853	1	0	3	3	1.048796141928751	correct_baseline
3066965	Euphorbia lathyris	Magnoliopsida	220	Plantae	2024	6	4	2510	64	0.32499010143468154	3.9309311581413584	0.026868587055201367	1	0	3	3	1.0506938058409643	correct_baseline
3067119	Euphorbia maculata	Magnoliopsida	220	Plantae	2018	2	1	2079	67									correct_baseline
3067119	Euphorbia maculata	Magnoliopsida	220	Plantae	2019	1	1	1712	66									correct_baseline
3067119	Euphorbia maculata	Magnoliopsida	220	Plantae	2020	0	0	0	0									correct_baseline
3067119	Euphorbia maculata	Magnoliopsida	220	Plantae	2021	1	1	3526	67									correct_baseline
3067119	Euphorbia maculata	Magnoliopsida	220	Plantae	2022	0	0	0	0									correct_baseline
3067119	Euphorbia maculata	Magnoliopsida	220	Plantae	2023	0	0	0	0									correct_baseline
3067119	Euphorbia maculata	Magnoliopsida	220	Plantae	2024	5	3	2511	65									correct_baseline
3082244	Cornus sericea	Magnoliopsida	220	Plantae	1988	1	1	175	22									correct_baseline
3082244	Cornus sericea	Magnoliopsida	220	Plantae	1989	1	1	160	43									correct_baseline
3082244	Cornus sericea	Magnoliopsida	220	Plantae	1990	0	0	0	0									correct_baseline
3082244	Cornus sericea	Magnoliopsida	220	Plantae	1991	0	0	0	0									correct_baseline
3082244	Cornus sericea	Magnoliopsida	220	Plantae	1992	0	0	0	0									correct_baseline
3082244	Cornus sericea	Magnoliopsida	220	Plantae	1993	0	0	0	0									correct_baseline
3082244	Cornus sericea	Magnoliopsida	220	Plantae	1994	0	0	0	0									correct_baseline
3082244	Cornus sericea	Magnoliopsida	220	Plantae	1995	0	0	0	0									correct_baseline
3082244	Cornus sericea	Magnoliopsida	220	Plantae	1996	0	0	0	0									correct_baseline
3082244	Cornus sericea	Magnoliopsida	220	Plantae	1997	0	0	0	0									correct_baseline
3082244	Cornus sericea	Magnoliopsida	220	Plantae	1998	1	1	648	35									correct_baseline
3082244	Cornus sericea	Magnoliopsida	220	Plantae	1999	0	0	0	0									correct_baseline
3082244	Cornus sericea	Magnoliopsida	220	Plantae	2000	0	0	0	0									correct_baseline
3082244	Cornus sericea	Magnoliopsida	220	Plantae	2001	0	0	0	0									correct_baseline
3082244	Cornus sericea	Magnoliopsida	220	Plantae	2002	0	0	0	0									correct_baseline
3082244	Cornus sericea	Magnoliopsida	220	Plantae	2003	1	1	4126	66									correct_baseline
3082244	Cornus sericea	Magnoliopsida	220	Plantae	2004	2	2	5046	66									correct_baseline
3082244	Cornus sericea	Magnoliopsida	220	Plantae	2005	1	1	1590	66									correct_baseline
3082244	Cornus sericea	Magnoliopsida	220	Plantae	2006	0	0	0	0									correct_baseline
3082244	Cornus sericea	Magnoliopsida	220	Plantae	2007	0	0	0	0									correct_baseline
3082244	Cornus sericea	Magnoliopsida	220	Plantae	2008	0	0	0	0									correct_baseline
3082244	Cornus sericea	Magnoliopsida	220	Plantae	2009	0	0	0	0									correct_baseline
3082244	Cornus sericea	Magnoliopsida	220	Plantae	2010	0	0	0	0									correct_baseline
3082244	Cornus sericea	Magnoliopsida	220	Plantae	2011	1	1	396	67									correct_baseline
3082244	Cornus sericea	Magnoliopsida	220	Plantae	2012	0	0	0	0									correct_baseline
3082244	Cornus sericea	Magnoliopsida	220	Plantae	2013	1	1	878	66									correct_baseline
3082244	Cornus sericea	Magnoliopsida	220	Plantae	2014	0	0	0	0									correct_baseline
3082244	Cornus sericea	Magnoliopsida	220	Plantae	2015	1	1	761	67									correct_baseline
3082244	Cornus sericea	Magnoliopsida	220	Plantae	2016	0	0	0	0									correct_baseline
3082244	Cornus sericea	Magnoliopsida	220	Plantae	2017	0	0	0	0									correct_baseline
3082244	Cornus sericea	Magnoliopsida	220	Plantae	2018	1	1	2080	67									correct_baseline
3082244	Cornus sericea	Magnoliopsida	220	Plantae	2019	0	0	0	0									correct_baseline
3082244	Cornus sericea	Magnoliopsida	220	Plantae	2020	1	1	2496	67									correct_baseline
3082244	Cornus sericea	Magnoliopsida	220	Plantae	2021	2	2	3525	66									correct_baseline
3082244	Cornus sericea	Magnoliopsida	220	Plantae	2022	4	4	2907	64									correct_baseline
3082244	Cornus sericea	Magnoliopsida	220	Plantae	2023	4	3	1720	64									correct_baseline
3082244	Cornus sericea	Magnoliopsida	220	Plantae	2024	4	4	2512	64									correct_baseline
3084022	Phytolacca acinosa	Magnoliopsida	220	Plantae	2019	1	1	1712	66									correct_baseline
3084022	Phytolacca acinosa	Magnoliopsida	220	Plantae	2020	5	2	2492	66									correct_baseline
3084022	Phytolacca acinosa	Magnoliopsida	220	Plantae	2021	0	0	0	0									correct_baseline
3084022	Phytolacca acinosa	Magnoliopsida	220	Plantae	2022	3	3	2908	65									correct_baseline
3084022	Phytolacca acinosa	Magnoliopsida	220	Plantae	2023	3	2	1721	65									correct_baseline
3084022	Phytolacca acinosa	Magnoliopsida	220	Plantae	2024	5	4	2511	64									correct_baseline
3084719	Portulaca oleracea	Magnoliopsida	220	Plantae	2003	2	2	4125	65									correct_baseline
3084719	Portulaca oleracea	Magnoliopsida	220	Plantae	2004	1	1	5047	67									correct_baseline
3084719	Portulaca oleracea	Magnoliopsida	220	Plantae	2005	0	0	0	0									correct_baseline
3084719	Portulaca oleracea	Magnoliopsida	220	Plantae	2006	1	1	196	15									correct_baseline
3084719	Portulaca oleracea	Magnoliopsida	220	Plantae	2007	0	0	0	0									correct_baseline
3084719	Portulaca oleracea	Magnoliopsida	220	Plantae	2008	0	0	0	0									correct_baseline
3084719	Portulaca oleracea	Magnoliopsida	220	Plantae	2009	0	0	0	0									correct_baseline
3084719	Portulaca oleracea	Magnoliopsida	220	Plantae	2010	0	0	0	0									correct_baseline
3084719	Portulaca oleracea	Magnoliopsida	220	Plantae	2011	0	0	0	0									correct_baseline
3084719	Portulaca oleracea	Magnoliopsida	220	Plantae	2012	0	0	0	0									correct_baseline
3084719	Portulaca oleracea	Magnoliopsida	220	Plantae	2013	1	1	878	66									correct_baseline
3084719	Portulaca oleracea	Magnoliopsida	220	Plantae	2014	0	0	0	0									correct_baseline
3084719	Portulaca oleracea	Magnoliopsida	220	Plantae	2015	0	0	0	0									correct_baseline
3084719	Portulaca oleracea	Magnoliopsida	220	Plantae	2016	1	1	1031	67									correct_baseline
3084719	Portulaca oleracea	Magnoliopsida	220	Plantae	2017	0	0	0	0									correct_baseline
3084719	Portulaca oleracea	Magnoliopsida	220	Plantae	2018	0	0	0	0									correct_baseline
3084719	Portulaca oleracea	Magnoliopsida	220	Plantae	2019	0	0	0	0									correct_baseline
3084719	Portulaca oleracea	Magnoliopsida	220	Plantae	2020	2	2	2495	66									correct_baseline
3084719	Portulaca oleracea	Magnoliopsida	220	Plantae	2021	0	0	0	0									correct_baseline
3084719	Portulaca oleracea	Magnoliopsida	220	Plantae	2022	4	4	2907	64									correct_baseline
3084719	Portulaca oleracea	Magnoliopsida	220	Plantae	2023	1	1	1723	66									correct_baseline
3084719	Portulaca oleracea	Magnoliopsida	220	Plantae	2024	6	5	2510	63									correct_baseline
3085360	Saponaria officinalis	Magnoliopsida	220	Plantae	1991	10	7	12436	61	0.03929597825589554	31.98735152689668	4.8274515812582695e-5	0	0	0	1	0.9117565040343654	correct_baseline
3085360	Saponaria officinalis	Magnoliopsida	220	Plantae	1992	2	2	5418	52	0.03965997197802695	31.64395387466154	4.970660062039124e-5	0	0	0	1	0.9171062543445895	correct_baseline
3085360	Saponaria officinalis	Magnoliopsida	220	Plantae	1993	0	0	0	0	0.040025864780072	31.43470958101867	5.096499610608753e-5	0	0	0	1	0.92247822306862	correct_baseline
3085360	Saponaria officinalis	Magnoliopsida	220	Plantae	1994	3	3	6152	62	0.040393647136826645	31.339901918253492	5.206291753147238e-5	0	0	0	1	0.9278704966657902	correct_baseline
3085360	Saponaria officinalis	Magnoliopsida	220	Plantae	1995	1	1	1349	36	0.0407633092256957	31.342250984311423	5.3016210605340305e-5	0	0	0	1	0.9332805357067354	correct_baseline
3085360	Saponaria officinalis	Magnoliopsida	220	Plantae	1996	2	2	869	38	0.04113484092529742	31.426422490031086	5.384243588293493e-5	0	0	0	1	0.9387049257508558	correct_baseline
3085360	Saponaria officinalis	Magnoliopsida	220	Plantae	1997	0	0	0	0	0.0415082318141221	31.578660950024265	5.4560049618999874e-5	0	0	0	1	0.9441390011693126	correct_baseline
3085360	Saponaria officinalis	Magnoliopsida	220	Plantae	1998	0	0	0	0	0.041883471169258286	31.786523118747127	5.518770173864909e-5	0	0	0	1	0.9495762608149377	correct_baseline
3085360	Saponaria officinalis	Magnoliopsida	220	Plantae	1999	0	0	0	0	0.0422605479651942	32.03869267838621	5.574365759072663e-5	0	0	0	1	0.9550074310713798	correct_baseline
3085360	Saponaria officinalis	Magnoliopsida	220	Plantae	2000	0	0	0	0	0.042639450872697694	32.3248608719076	5.624533939774092e-5	0	0	0	1	0.9604189087783027	correct_baseline
3085360	Saponaria officinalis	Magnoliopsida	220	Plantae	2001	0	0	0	0	0.043020168257774785	32.63566039935169	5.670897583442241e-5	0	0	0	1	0.965790067739945	correct_baseline
3085360	Saponaria officinalis	Magnoliopsida	220	Plantae	2002	0	0	0	0	0.043402688180704016	32.96264177585678	5.714934361514654e-5	0	0	0	1	0.9710883893862624	correct_baseline
3085360	Saponaria officinalis	Magnoliopsida	220	Plantae	2003	2	2	4125	65	0.043786998395143016	33.29828273151881	5.75795828245946e-5	0	0	0	1	0.97626024394624	correct_baseline
3085360	Saponaria officinalis	Magnoliopsida	220	Plantae	2004	3	3	5045	65	0.044173086347302354	33.63602230708702	5.801106740957018e-5	0	0	0	1	0.9812126931376238	correct_baseline
3085360	Saponaria officinalis	Magnoliopsida	220	Plantae	2005	0	0	0	0	0.04456093917518115	33.97031221368225	5.8453313224905246e-5	0	0	0	1	0.9857769437078511	correct_baseline
3085360	Saponaria officinalis	Magnoliopsida	220	Plantae	2006	0	0	0	0	0.04495054370785965	34.29667889169509	5.891390784550495e-5	0	0	0	1	0.9896400255331355	correct_baseline
3085360	Saponaria officinalis	Magnoliopsida	220	Plantae	2007	0	0	0	0	0.04534188646484298	34.61179060576321	5.939844868495151e-5	0	0	0	1	0.9922624125909201	correct_baseline
3085360	Saponaria officinalis	Magnoliopsida	220	Plantae	2008	0	0	0	0	0.04573495365545187	34.91352490459597	5.991047857762949e-5	0	0	0	1	0.9929745600467963	correct_baseline
3085360	Saponaria officinalis	Magnoliopsida	220	Plantae	2009	0	0	0	0	0.0461297311782555	35.20103288855947	6.0451410767259414e-5	0	0	0	1	0.99151726157545	correct_baseline
3085360	Saponaria officinalis	Magnoliopsida	220	Plantae	2010	0	0	0	0	0.04652620462054319	35.474797977053306	6.102043816550757e-5	0	0	0	1	0.9883530669865463	correct_baseline
3085360	Saponaria officinalis	Magnoliopsida	220	Plantae	2011	0	0	0	0	0.04692435925783182	35.73668824934948	6.161442482847152e-5	0	0	0	1	0.9841476608451122	correct_baseline
3085360	Saponaria officinalis	Magnoliopsida	220	Plantae	2012	0	0	0	0	0.04732418005340664	35.990002934317374	6.222778091500954e-5	0	0	0	1	0.9793631069184067	correct_baseline
3085360	Saponaria officinalis	Magnoliopsida	220	Plantae	2013	0	0	0	0	0.047725651657894635	36.239515229919775	6.285232602367076e-5	0	0	0	1	0.9742567340000284	correct_baseline
3085360	Saponaria officinalis	Magnoliopsida	220	Plantae	2014	0	0	0	0	0.048128758408869855	36.491515328951834	6.347714982780067e-5	0	0	0	1	0.9689674557178932	correct_baseline
3085360	Saponaria officinalis	Magnoliopsida	220	Plantae	2015	0	0	0	0	0.048533484330492226	36.753859309869576	6.408848337256406e-5	0	0	0	1	0.96357281570461	correct_baseline
3085360	Saponaria officinalis	Magnoliopsida	220	Plantae	2016	2	2	1030	66	0.04893981313318199	37.036031435706704	6.466959921633597e-5	0	0	0	1	0.9581182810298337	correct_baseline
3085360	Saponaria officinalis	Magnoliopsida	220	Plantae	2017	2	2	1123	66	0.04934772821333365	37.34922943200587	6.520076362620326e-5	0	0	0	1	0.9526318345959386	correct_baseline
3085360	Saponaria officinalis	Magnoliopsida	220	Plantae	2018	3	3	2078	65	0.04975721265307476	37.706484565007244	6.565926894444315e-5	0	0	0	1	0.94713145733429	correct_baseline
3085360	Saponaria officinalis	Magnoliopsida	220	Plantae	2019	5	4	1708	63	0.05016824922007581	38.122830940297845	6.601957849744028e-5	0	0	0	1	0.9416291388070246	correct_baseline
3085360	Saponaria officinalis	Magnoliopsida	220	Plantae	2020	1	1	2496	67	0.05058082036741855	38.61554157711897	6.625361925668329e-5	0	0	0	1	0.9361331279585297	correct_baseline
3085360	Saponaria officinalis	Magnoliopsida	220	Plantae	2021	9	8	3518	60	0.05099490823353055	39.20445275053042	6.633125788781776e-5	0	0	0	1	0.9306492516254992	correct_baseline
3085360	Saponaria officinalis	Magnoliopsida	220	Plantae	2022	9	6	2902	62	0.0514104946421928	39.91240320103658	6.622099265839973e-5	0	0	0	1	0.9251817174113668	correct_baseline
3085360	Saponaria officinalis	Magnoliopsida	220	Plantae	2023	1	1	1723	66	0.05182756110262559	40.7658215934547	6.589088566971665e-5	0	0	0	1	0.9197336197048991	correct_baseline
3085360	Saponaria officinalis	Magnoliopsida	220	Plantae	2024	6	6	2510	62	0.05224608880965403	41.79550475235116	6.530974591837418e-5	0	0	0	1	0.9143072685353987	correct_baseline
3085381	Polycarpon tetraphyllum	Magnoliopsida	220	Plantae	1999	2	1	682	34									correct_baseline
3085381	Polycarpon tetraphyllum	Magnoliopsida	220	Plantae	2000	0	0	0	0									correct_baseline
3085381	Polycarpon tetraphyllum	Magnoliopsida	220	Plantae	2001	0	0	0	0									correct_baseline
3085381	Polycarpon tetraphyllum	Magnoliopsida	220	Plantae	2002	0	0	0	0									correct_baseline
3085381	Polycarpon tetraphyllum	Magnoliopsida	220	Plantae	2003	0	0	0	0									correct_baseline
3085381	Polycarpon tetraphyllum	Magnoliopsida	220	Plantae	2004	0	0	0	0									correct_baseline
3085381	Polycarpon tetraphyllum	Magnoliopsida	220	Plantae	2005	0	0	0	0									correct_baseline
3085381	Polycarpon tetraphyllum	Magnoliopsida	220	Plantae	2006	0	0	0	0									correct_baseline
3085381	Polycarpon tetraphyllum	Magnoliopsida	220	Plantae	2007	0	0	0	0									correct_baseline
3085381	Polycarpon tetraphyllum	Magnoliopsida	220	Plantae	2008	0	0	0	0									correct_baseline
3085381	Polycarpon tetraphyllum	Magnoliopsida	220	Plantae	2009	0	0	0	0									correct_baseline
3085381	Polycarpon tetraphyllum	Magnoliopsida	220	Plantae	2010	0	0	0	0									correct_baseline
3085381	Polycarpon tetraphyllum	Magnoliopsida	220	Plantae	2011	0	0	0	0									correct_baseline
3085381	Polycarpon tetraphyllum	Magnoliopsida	220	Plantae	2012	0	0	0	0									correct_baseline
3085381	Polycarpon tetraphyllum	Magnoliopsida	220	Plantae	2013	0	0	0	0									correct_baseline
3085381	Polycarpon tetraphyllum	Magnoliopsida	220	Plantae	2014	0	0	0	0									correct_baseline
3085381	Polycarpon tetraphyllum	Magnoliopsida	220	Plantae	2015	0	0	0	0									correct_baseline
3085381	Polycarpon tetraphyllum	Magnoliopsida	220	Plantae	2016	1	1	1031	67									correct_baseline
3085381	Polycarpon tetraphyllum	Magnoliopsida	220	Plantae	2017	1	1	1124	67									correct_baseline
3085381	Polycarpon tetraphyllum	Magnoliopsida	220	Plantae	2018	0	0	0	0									correct_baseline
3085381	Polycarpon tetraphyllum	Magnoliopsida	220	Plantae	2019	1	1	1712	66									correct_baseline
3085381	Polycarpon tetraphyllum	Magnoliopsida	220	Plantae	2020	0	0	0	0									correct_baseline
3085381	Polycarpon tetraphyllum	Magnoliopsida	220	Plantae	2021	0	0	0	0									correct_baseline
3085381	Polycarpon tetraphyllum	Magnoliopsida	220	Plantae	2022	1	1	2910	67									correct_baseline
3085381	Polycarpon tetraphyllum	Magnoliopsida	220	Plantae	2023	3	2	1721	65									correct_baseline
3085381	Polycarpon tetraphyllum	Magnoliopsida	220	Plantae	2024	13	5	2503	63									correct_baseline
3085438	Cerastium tomentosum	Magnoliopsida	220	Plantae	2010	1	1	386	59									correct_baseline
3085438	Cerastium tomentosum	Magnoliopsida	220	Plantae	2011	0	0	0	0									correct_baseline
3085438	Cerastium tomentosum	Magnoliopsida	220	Plantae	2012	0	0	0	0									correct_baseline
3085438	Cerastium tomentosum	Magnoliopsida	220	Plantae	2013	1	1	878	66									correct_baseline
3085438	Cerastium tomentosum	Magnoliopsida	220	Plantae	2014	0	0	0	0									correct_baseline
3085438	Cerastium tomentosum	Magnoliopsida	220	Plantae	2015	0	0	0	0									correct_baseline
3085438	Cerastium tomentosum	Magnoliopsida	220	Plantae	2016	0	0	0	0									correct_baseline
3085438	Cerastium tomentosum	Magnoliopsida	220	Plantae	2017	0	0	0	0									correct_baseline
3085438	Cerastium tomentosum	Magnoliopsida	220	Plantae	2018	0	0	0	0									correct_baseline
3085438	Cerastium tomentosum	Magnoliopsida	220	Plantae	2019	5	5	1708	62									correct_baseline
3085438	Cerastium tomentosum	Magnoliopsida	220	Plantae	2020	0	0	0	0									correct_baseline
3085438	Cerastium tomentosum	Magnoliopsida	220	Plantae	2021	7	6	3520	62									correct_baseline
3085438	Cerastium tomentosum	Magnoliopsida	220	Plantae	2022	3	3	2908	65									correct_baseline
3085438	Cerastium tomentosum	Magnoliopsida	220	Plantae	2023	2	2	1722	65									correct_baseline
3085438	Cerastium tomentosum	Magnoliopsida	220	Plantae	2024	2	2	2514	66									correct_baseline
3098912	Cosmos bipinnatus	Magnoliopsida	220	Plantae	2017	1	1	1124	67									correct_baseline
3098912	Cosmos bipinnatus	Magnoliopsida	220	Plantae	2018	0	0	0	0									correct_baseline
3098912	Cosmos bipinnatus	Magnoliopsida	220	Plantae	2019	2	2	1711	65									correct_baseline
3098912	Cosmos bipinnatus	Magnoliopsida	220	Plantae	2020	8	4	2489	64									correct_baseline
3098912	Cosmos bipinnatus	Magnoliopsida	220	Plantae	2021	4	4	3523	64									correct_baseline
3098912	Cosmos bipinnatus	Magnoliopsida	220	Plantae	2022	5	3	2906	65									correct_baseline
3098912	Cosmos bipinnatus	Magnoliopsida	220	Plantae	2023	4	3	1720	64									correct_baseline
3098912	Cosmos bipinnatus	Magnoliopsida	220	Plantae	2024	2	2	2514	66									correct_baseline
3103791	Matricaria discoidea	Magnoliopsida	220	Plantae	1980	2	2	909	35	1.0045410145335456	4.1671481489738476	0.24215665337662037	0	0	0	1	0.9871616565820098	correct_baseline
3103791	Matricaria discoidea	Magnoliopsida	220	Plantae	1981	2	2	493	24	1.140888667665764	4.127721465969566	0.31533788380326694	0	0	0	1	0.9869457416743094	correct_baseline
3103791	Matricaria discoidea	Magnoliopsida	220	Plantae	1982	0	0	0	0	1.2783459927381762	4.1558356121764195	0.3932225982090606	0	0	0	1	0.9864949628790441	correct_baseline
3103791	Matricaria discoidea	Magnoliopsida	220	Plantae	1983	3	3	529	25	1.4131412591042745	4.244826981367156	0.4704474945500933	0	0	0	1	0.9857121542275783	correct_baseline
3103791	Matricaria discoidea	Magnoliopsida	220	Plantae	1984	2	2	669	22	1.5412113580873017	4.383642803885856	0.5418626828334884	0	0	0	1	0.9844594508846793	correct_baseline
3103791	Matricaria discoidea	Magnoliopsida	220	Plantae	1985	0	0	0	0	1.6584205372063787	4.555921695295977	0.6036887510748176	0	0	0	1	0.9825577806638229	correct_baseline
3103791	Matricaria discoidea	Magnoliopsida	220	Plantae	1986	2	2	1407	35	1.7608115891873346	4.74079808426849	0.6539948332549224	0	0	0	1	0.9797922409252701	correct_baseline
3103791	Matricaria discoidea	Magnoliopsida	220	Plantae	1987	0	0	0	0	1.8448678357454784	4.915311348827587	0.6924357563188801	0	0	0	1	0.9759273284284804	correct_baseline
3103791	Matricaria discoidea	Magnoliopsida	220	Plantae	1988	0	0	0	0	1.9077597536965925	5.057602106277375	0.7196191399294074	0	0	0	1	0.9707417085584588	correct_baseline
3103791	Matricaria discoidea	Magnoliopsida	220	Plantae	1989	0	0	0	0	1.9475490732030234	5.149896502232042	0.7365094407023589	0	0	0	1	0.9640949722050354	correct_baseline
3103791	Matricaria discoidea	Magnoliopsida	220	Plantae	1990	0	0	0	0	1.9633263477801506	5.180534674680688	0.7440641922014224	0	0	0	1	0.9560221679258429	correct_baseline
3103791	Matricaria discoidea	Magnoliopsida	220	Plantae	1991	48	31	12398	37	1.9552652371190609	5.144713244060013	0.7431050023828425	0	0	0	1	0.9468049388577672	correct_baseline
3103791	Matricaria discoidea	Magnoliopsida	220	Plantae	1992	14	11	5406	43	1.9245870310816782	5.044002363114229	0.7343444696407461	0	0	0	1	0.936941822407843	correct_baseline
3103791	Matricaria discoidea	Magnoliopsida	220	Plantae	1993	17	14	4509	49	1.8734405113260668	4.884981299804865	0.71848368173239	0	0	0	1	0.9270123041690107	correct_baseline
3103791	Matricaria discoidea	Magnoliopsida	220	Plantae	1994	21	17	6134	48	1.8047129861260867	4.677468699020972	0.6963144324138071	0	0	0	1	0.9175276157791803	correct_baseline
3103791	Matricaria discoidea	Magnoliopsida	220	Plantae	1995	3	3	1347	34	1.721796299363212	4.432799045845689	0.6687834178450265	0	0	0	1	0.9088484943549969	correct_baseline
3103791	Matricaria discoidea	Magnoliopsida	220	Plantae	1996	0	0	0	0	1.6283354968262276	4.162456157263732	0.6369980583692957	-1	0	-3	0	0.9011725821168812	correct_baseline
3103791	Matricaria discoidea	Magnoliopsida	220	Plantae	1997	2	2	1290	55	1.5279872437218094	3.8771882921798175	0.60217478260875	-1	0	-3	0	0.8945589871385143	correct_baseline
3103791	Matricaria discoidea	Magnoliopsida	220	Plantae	1998	0	0	0	0	1.4242105835285532	3.5865671043484846	0.5655479814598938	-1	0	-3	0	0.8889669665524341	correct_baseline
3103791	Matricaria discoidea	Magnoliopsida	220	Plantae	1999	2	2	682	33	1.320105485208978	3.298857311034288	0.5282673143363241	-1	0	-3	0	0.8843014572152951	correct_baseline
3103791	Matricaria discoidea	Magnoliopsida	220	Plantae	2000	1	1	929	35	1.2183064526765766	3.0210437464287283	0.49131053278787734	-1	0	-3	0	0.8804635538846621	correct_baseline
3103791	Matricaria discoidea	Magnoliopsida	220	Plantae	2001	0	0	0	0	1.1209308003296317	2.7588975667885407	0.45543041331187395	-1	0	-3	0	0.8773993329433794	correct_baseline
3103791	Matricaria discoidea	Magnoliopsida	220	Plantae	2002	1	1	445	20	1.0295751701892786	2.5170216179652307	0.4211426010425806	-1	0	-3	0	0.8751335681354193	correct_baseline
3103791	Matricaria discoidea	Magnoliopsida	220	Plantae	2003	19	18	4108	49	0.9453500672081845	2.298867596766653	0.3887508575211054	-1	0	-3	0	0.873776573684204	correct_baseline
3103791	Matricaria discoidea	Magnoliopsida	220	Plantae	2004	24	20	5024	48	0.8689406654064772	2.106748702857494	0.35839959411054895	-1	0	-3	0	0.8735048171964931	correct_baseline
3103791	Matricaria discoidea	Magnoliopsida	220	Plantae	2005	7	7	1584	60	0.8006825246769089	1.9418791591151672	0.3301402676442069	-1	0	-3	0	0.8745278678606817	correct_baseline
3103791	Matricaria discoidea	Magnoliopsida	220	Plantae	2006	1	1	196	15	0.7406425701679523	1.804463625508344	0.3039969379213478	-1	0	-3	0	0.8770554256980513	correct_baseline
3103791	Matricaria discoidea	Magnoliopsida	220	Plantae	2007	0	0	0	0	0.6886980948859126	1.6938446027476777	0.2800168711640308	-1	0	-3	0	0.8812711575383485	correct_baseline
3103791	Matricaria discoidea	Magnoliopsida	220	Plantae	2008	1	1	184	37	0.6446091133933035	1.6087009921346376	0.2582959239170559	0	0	0	1	0.8873128911935033	correct_baseline
3103791	Matricaria discoidea	Magnoliopsida	220	Plantae	2009	1	1	325	41	0.6080817414724204	1.547279276557742	0.2389765118128839	0	0	0	1	0.8952549921666734	correct_baseline
3103791	Matricaria discoidea	Magnoliopsida	220	Plantae	2010	1	1	386	59	0.5788221974296073	1.5076328392583185	0.22222594753379088	0	0	0	1	0.9050874617810271	correct_baseline
3103791	Matricaria discoidea	Magnoliopsida	220	Plantae	2011	2	2	395	66	0.556582457861336	1.4878477027325738	0.2082095041246614	0	0	0	1	0.9166856923540506	correct_baseline
3103791	Matricaria discoidea	Magnoliopsida	220	Plantae	2012	3	3	910	65	0.5411996035087674	1.4862453140139902	0.1970717808670514	0	0	0	1	0.9297650248506595	correct_baseline
3103791	Matricaria discoidea	Magnoliopsida	220	Plantae	2013	2	2	877	65	0.5326315729057388	1.5015713999985572	0.18893300209121858	0	0	0	1	0.9438202929719889	correct_baseline
3103791	Matricaria discoidea	Magnoliopsida	220	Plantae	2014	0	0	0	0	0.5309925476465156	1.5331987093252935	0.18389859314466467	0	0	0	1	0.9580774816788009	correct_baseline
3103791	Matricaria discoidea	Magnoliopsida	220	Plantae	2015	0	0	0	0	0.536591679828327	1.581387701298704	0.18207466178251208	0	0	0	1	0.9715466896484928	correct_baseline
3103791	Matricaria discoidea	Magnoliopsida	220	Plantae	2016	1	1	1031	67	0.5499795028479373	1.6476653499015355	0.18357942258780904	0	0	0	1	0.9832891082653978	correct_baseline
3103791	Matricaria discoidea	Magnoliopsida	220	Plantae	2017	2	2	1123	66	0.572007319370078	1.7354054431457364	0.18853944172253315	0	0	0	1	0.9927969114052765	correct_baseline
3103791	Matricaria discoidea	Magnoliopsida	220	Plantae	2018	1	1	2080	67	0.6039063483001529	1.8507350624153882	0.19705839313448414	0	0	0	1	1.0001192860131334	correct_baseline
3103791	Matricaria discoidea	Magnoliopsida	220	Plantae	2019	2	2	1711	65	0.6473957180545337	2.003966810655321	0.20914578700946032	0	0	0	1	1.0056416227236331	correct_baseline
3103791	Matricaria discoidea	Magnoliopsida	220	Plantae	2020	1	1	2496	67	0.7048319169391417	2.211889097765975	0.22459897814852692	0	0	0	1	1.0098174651659082	correct_baseline
3103791	Matricaria discoidea	Magnoliopsida	220	Plantae	2021	5	4	3522	64	0.7794176449496554	2.5014829778100647	0.242852688044553	1	0	3	3	1.0130361885884758	correct_baseline
3103791	Matricaria discoidea	Magnoliopsida	220	Plantae	2022	7	6	2904	62	0.8754960440952203	2.9160741006555146	0.26285111309554077	1	0	3	3	1.0155935480275142	correct_baseline
3103791	Matricaria discoidea	Magnoliopsida	220	Plantae	2023	6	4	1718	63	0.9989683562360465	3.5258015939427656	0.2830385517084625	1	0	3	3	1.0177000024218699	correct_baseline
3103791	Matricaria discoidea	Magnoliopsida	220	Plantae	2024	14	10	2502	58	1.1578911735674675	4.446074861695007	0.30154957159545415	1	0	3	3	1.019496874738414	correct_baseline
3109086	Senecio inaequidens	Magnoliopsida	220	Plantae	1991	4	4	12442	64	1.4398149433564678	3.675512762293656	0.564021187024506	0	0	0	1	0.9522859325436164	correct_baseline
3109086	Senecio inaequidens	Magnoliopsida	220	Plantae	1992	0	0	0	0	1.4620534978624224	3.467066177269258	0.6165444561243908	0	0	0	1	0.9556064186576408	correct_baseline
3109086	Senecio inaequidens	Magnoliopsida	220	Plantae	1993	0	0	0	0	1.4850277429997307	3.296821092462458	0.6689193424905227	0	0	0	1	0.9589289685574484	correct_baseline
3109086	Senecio inaequidens	Magnoliopsida	220	Plantae	1994	2	2	6153	63	1.5087614726479888	3.161092154714731	0.720118576091419	0	0	0	1	0.9622518331132521	correct_baseline
3109086	Senecio inaequidens	Magnoliopsida	220	Plantae	1995	1	1	1349	36	1.5332794638257286	3.056861755877255	0.7690717153530686	0	0	0	1	0.9655728261479145	correct_baseline
3109086	Senecio inaequidens	Magnoliopsida	220	Plantae	1996	1	1	870	39	1.5586075187049533	2.9815600675904457	0.8147605086912842	0	0	0	1	0.9688891910386506	correct_baseline
3109086	Senecio inaequidens	Magnoliopsida	220	Plantae	1997	3	3	1289	54	1.5847725090028344	2.932849029080194	0.8563358974119449	0	0	0	1	0.9721974133344122	correct_baseline
3109086	Senecio inaequidens	Magnoliopsida	220	Plantae	1998	0	0	0	0	1.6118024229068322	2.908428904364359	0.8932338165770329	0	0	0	1	0.9754929520602315	correct_baseline
3109086	Senecio inaequidens	Magnoliopsida	220	Plantae	1999	1	1	683	34	1.6397264146359196	2.905896178887515	0.9252576655660502	0	0	0	1	0.9787698485385938	correct_baseline
3109086	Senecio inaequidens	Magnoliopsida	220	Plantae	2000	3	3	927	33	1.668574856704661	2.922677837882892	0.9525997071383469	0	0	0	1	0.9820201490948547	correct_baseline
3109086	Senecio inaequidens	Magnoliopsida	220	Plantae	2001	1	1	456	20	1.698379394935605	2.9560475068526633	0.9757937118585022	0	0	0	1	0.9852330412825526	correct_baseline
3109086	Senecio inaequidens	Magnoliopsida	220	Plantae	2002	5	5	441	16	1.7291730062559936	3.003204038556423	0.9956164307109946	0	0	0	1	0.9883935440067534	correct_baseline
3109086	Senecio inaequidens	Magnoliopsida	220	Plantae	2003	17	16	4110	51	1.7609900593146586	3.061378385140517	1.0129704985366272	0	0	0	1	0.99148050007102	correct_baseline
3109086	Senecio inaequidens	Magnoliopsida	220	Plantae	2004	17	14	5031	54	1.7938663779619544	3.1279369255186067	1.0287792428707012	0	0	0	1	0.9944634925449948	correct_baseline
3109086	Senecio inaequidens	Magnoliopsida	220	Plantae	2005	4	4	1587	63	1.827839307647934	3.20046310230374	1.0439103429056815	0	0	0	1	0.9972981874207499	correct_baseline
3109086	Senecio inaequidens	Magnoliopsida	220	Plantae	2006	1	1	196	15	1.8629477848102691	3.2768138314814323	1.0591307982121334	0	0	0	1	0.9999197139931884	correct_baseline
3109086	Senecio inaequidens	Magnoliopsida	220	Plantae	2007	0	0	0	0	1.8992324093427977	3.355156262944256	1.0750866612491896	0	0	0	1	1.0022347695833396	correct_baseline
3109086	Senecio inaequidens	Magnoliopsida	220	Plantae	2008	1	1	184	37	1.936735520257484	3.4339934934239458	1.0922980729608367	0	0	0	1	1.0041168899576078	correct_baseline
3109086	Senecio inaequidens	Magnoliopsida	220	Plantae	2009	0	0	0	0	1.9755012746769876	3.512187109388842	1.1111609845095916	0	0	0	1	1.0054170429647171	correct_baseline
3109086	Senecio inaequidens	Magnoliopsida	220	Plantae	2010	2	2	385	58	2.0155757303221105	3.5889823868670776	1.1319491395469952	0	0	0	1	1.0060052285720347	correct_baseline
3109086	Senecio inaequidens	Magnoliopsida	220	Plantae	2011	2	2	395	66	2.057006931688748	3.6640399908366748	1.1548120456101667	0	0	0	1	1.0058333426385173	correct_baseline
3109086	Senecio inaequidens	Magnoliopsida	220	Plantae	2012	5	4	908	64	2.0998450001431364	3.737476546243363	1.1797663396866218	0	0	0	1	1.0049644271694922	correct_baseline
3109086	Senecio inaequidens	Magnoliopsida	220	Plantae	2013	2	2	877	65	2.144142228202891	3.8099153910260446	1.2066792626396754	0	0	0	1	1.0035345125462993	correct_baseline
3109086	Senecio inaequidens	Magnoliopsida	220	Plantae	2014	3	2	903	65	2.189953178314837	3.882547806936781	1.2352442678600473	0	0	0	1	1.00169037121523	correct_baseline
3109086	Senecio inaequidens	Magnoliopsida	220	Plantae	2015	3	2	759	66	2.2373347864889483	3.9572035927832983	1.2649505716517389	0	0	0	1	0.9995531143877581	correct_baseline
3109086	Senecio inaequidens	Magnoliopsida	220	Plantae	2016	2	2	1030	66	2.2863464711998094	4.0364275510063194	1.2950511610358486	0	0	0	1	0.997210991596789	correct_baseline
3109086	Senecio inaequidens	Magnoliopsida	220	Plantae	2017	1	1	1124	67	2.3370502480208857	4.123555102488833	1.3245376200933827	0	0	0	1	0.9947251108551132	correct_baseline
3109086	Senecio inaequidens	Magnoliopsida	220	Plantae	2018	7	4	2074	64	2.3895108505087634	4.222776332798852	1.352134627721258	0	0	0	1	0.99213725192508	correct_baseline
3109086	Senecio inaequidens	Magnoliopsida	220	Plantae	2019	11	11	1702	56	2.443795857898542	4.339175156122432	1.3763302886392086	0	0	0	1	0.9894761613497687	correct_baseline
3109086	Senecio inaequidens	Magnoliopsida	220	Plantae	2020	11	7	2486	61	2.4999758301991206	4.478732436490718	1.3954571388678076	0	0	0	1	0.986761919063303	correct_baseline
3109086	Senecio inaequidens	Magnoliopsida	220	Plantae	2021	7	5	3520	63	2.5581244512761625	4.648292705949596	1.4078288787280877	0	0	0	1	0.9840088128401472	correct_baseline
3109086	Senecio inaequidens	Magnoliopsida	220	Plantae	2022	16	11	2895	57	2.618318680464811	4.855514279507951	1.4119189683787154	0	0	0	1	0.9812272045814036	correct_baseline
3109086	Senecio inaequidens	Magnoliopsida	220	Plantae	2023	19	12	1705	55	2.680638913142422	5.108845592111134	1.4065457358408793	0	0	0	1	0.9784247467534715	correct_baseline
3109086	Senecio inaequidens	Magnoliopsida	220	Plantae	2024	32	15	2484	53	2.7451691504862916	5.41758366225416	1.3910174968384432	0	0	0	1	0.9756071856473322	correct_baseline
3117449	Erigeron annuus	Magnoliopsida	220	Plantae	1981	2	2	493	24	0.3325313168042192	2.523395935537098	0.04382073978097774	-1	0	-3	0	0.7717077988478382	correct_baseline
3117449	Erigeron annuus	Magnoliopsida	220	Plantae	1982	0	0	0	0	0.2861407631613825	2.0133529168428685	0.04066675825069392	-1	0	-3	0	0.7795410050837929	correct_baseline
3117449	Erigeron annuus	Magnoliopsida	220	Plantae	1983	0	0	0	0	0.2477754791849026	1.6366317569671922	0.037511607497506705	-1	0	-3	0	0.7874475693386083	correct_baseline
3117449	Erigeron annuus	Magnoliopsida	220	Plantae	1984	4	3	667	21	0.21590780036366108	1.3551934483083554	0.0343981726860206	-1	0	-3	0	0.7954273600810331	correct_baseline
3117449	Erigeron annuus	Magnoliopsida	220	Plantae	1985	0	0	0	0	0.189325780411686	1.1426209936336236	0.031370201780125215	-1	0	-3	0	0.8034800946004489	correct_baseline
3117449	Erigeron annuus	Magnoliopsida	220	Plantae	1986	0	0	0	0	0.1670638913642982	0.9803740494390619	0.028469076485400053	-1	0	-3	0	0.8116053053488527	correct_baseline
3117449	Erigeron annuus	Magnoliopsida	220	Plantae	1987	0	0	0	0	0.14834975897090802	0.8553061323436255	0.025730729798959014	-1	0	-3	0	0.8198022975075031	correct_baseline
3117449	Erigeron annuus	Magnoliopsida	220	Plantae	1988	0	0	0	0	0.13256305728559115	0.7580026837487261	0.023183247940489173	-1	0	-3	0	0.8280700950846894	correct_baseline
3117449	Erigeron annuus	Magnoliopsida	220	Plantae	1989	0	0	0	0	0.11920366073773196	0.6816575467756777	0.020845529841911098	-1	0	-3	0	0.8364073720161384	correct_baseline
3117449	Erigeron annuus	Magnoliopsida	220	Plantae	1990	0	0	0	0	0.10786687289059826	0.6213057756573521	0.018727111066827246	-1	0	-3	0	0.8448123631555063	correct_baseline
3117449	Erigeron annuus	Magnoliopsida	220	Plantae	1991	2	2	12444	66	0.09822408658475058	0.5732944936602009	0.016828996775829934	-1	0	-3	0	0.8532827484307698	correct_baseline
3117449	Erigeron annuus	Magnoliopsida	220	Plantae	1992	0	0	0	0	0.09000762946251498	0.5349143604146874	0.015145178295794641	-1	0	-3	0	0.8618155005788143	correct_baseline
3117449	Erigeron annuus	Magnoliopsida	220	Plantae	1993	0	0	0	0	0.08299884777091977	0.5041405195554414	0.013664461522305268	-1	0	-3	0	0.8704066832494127	correct_baseline
3117449	Erigeron annuus	Magnoliopsida	220	Plantae	1994	0	0	0	0	0.07701870595473954	0.4794489460168539	0.012372289304676267	-1	0	-3	0	0.8790511807439526	correct_baseline
3117449	Erigeron annuus	Magnoliopsida	220	Plantae	1995	0	0	0	0	0.07192034899968201	0.4596852381064188	0.011252344368384092	-1	0	-3	0	0.8877423331605244	correct_baseline
3117449	Erigeron annuus	Magnoliopsida	220	Plantae	1996	1	1	870	39	0.06758320282346698	0.4439702263960496	0.010287827949533231	0	0	0	1	0.8964714399089195	correct_baseline
3117449	Erigeron annuus	Magnoliopsida	220	Plantae	1997	1	1	1291	56	0.06390828561035333	0.4316316499439051	0.009462394544480892	0	0	0	1	0.9052270800827374	correct_baseline
3117449	Erigeron annuus	Magnoliopsida	220	Plantae	1998	0	0	0	0	0.06081447752444435	0.4221544378750556	0.008760776494941776	0	0	0	1	0.9139941796955726	correct_baseline
3117449	Erigeron annuus	Magnoliopsida	220	Plantae	1999	0	0	0	0	0.05823555343190605	0.41514437638724244	0.00816915722918751	0	0	0	1	0.9227527353927552	correct_baseline
3117449	Erigeron annuus	Magnoliopsida	220	Plantae	2000	0	0	0	0	0.05611782737914618	0.4103014873347326	0.007675357382232587	0	0	0	1	0.9314760910790466	correct_baseline
3117449	Erigeron annuus	Magnoliopsida	220	Plantae	2001	0	0	0	0	0.054418291815294735	0.4074005214623074	0.007268892227887239	0	0	0	1	0.9401286832897192	correct_baseline
3117449	Erigeron annuus	Magnoliopsida	220	Plantae	2002	0	0	0	0	0.053103161329572525	0.4062767265938307	0.006940948271481491	0	0	0	1	0.9486632848407528	correct_baseline
3117449	Erigeron annuus	Magnoliopsida	220	Plantae	2003	0	0	0	0	0.05214675183362532	0.40681558880979873	0.006684315452987894	0	0	0	1	0.9570181101294256	correct_baseline
3117449	Erigeron annuus	Magnoliopsida	220	Plantae	2004	3	3	5045	65	0.05153064306377502	0.40894563111308957	0.006493301242364567	0	0	0	1	0.9651148897492027	correct_baseline
3117449	Erigeron annuus	Magnoliopsida	220	Plantae	2005	1	1	1590	66	0.0512430861019812	0.41263363649900175	0.0063636447467883845	0	0	0	1	0.9728602663975177	correct_baseline
3117449	Erigeron annuus	Magnoliopsida	220	Plantae	2006	0	0	0	0	0.05127862918197308	0.41788187396349114	0.006292442851953015	0	0	0	1	0.9801539993535489	correct_baseline
3117449	Erigeron annuus	Magnoliopsida	220	Plantae	2007	0	0	0	0	0.051637945060631164	0.4247270707692761	0.006278096108296497	0	0	0	1	0.9869063423587309	correct_baseline
3117449	Erigeron annuus	Magnoliopsida	220	Plantae	2008	0	0	0	0	0.05232785228575501	0.4332410101516897	0.006320279153354101	0	0	0	1	0.9930610145445952	correct_baseline
3117449	Erigeron annuus	Magnoliopsida	220	Plantae	2009	1	1	325	41	0.053361531303468046	0.44353275475193876	0.006419938533386417	0	0	0	1	0.9986121157121794	correct_baseline
3117449	Erigeron annuus	Magnoliopsida	220	Plantae	2010	0	0	0	0	0.054758945014523976	0.4557526146169551	0.006579319488103947	0	0	0	1	1.0036035279027504	correct_baseline
3117449	Erigeron annuus	Magnoliopsida	220	Plantae	2011	0	0	0	0	0.05654748260531037	0.47009810633616794	0.006802022271307038	0	0	0	1	1.008111690076626	correct_baseline
3117449	Erigeron annuus	Magnoliopsida	220	Plantae	2012	0	0	0	0	0.05876285578164121	0.48682229949174793	0.007093087607570648	1	0	3	3	1.0122237329189003	correct_baseline
3117449	Erigeron annuus	Magnoliopsida	220	Plantae	2013	3	1	876	66	0.061450288533431735	0.5062451333023297	0.007459109653478686	1	0	3	3	1.0160215287548195	correct_baseline
3117449	Erigeron annuus	Magnoliopsida	220	Plantae	2014	0	0	0	0	0.06466605598918251	0.5287685298174836	0.007908373061913299	1	0	3	3	1.0195742603402431	correct_baseline
3117449	Erigeron annuus	Magnoliopsida	220	Plantae	2015	0	0	0	0	0.06847944568989464	0.5548964569823185	0.008451008152940242	1	0	3	3	1.0229370522761227	correct_baseline
3117449	Erigeron annuus	Magnoliopsida	220	Plantae	2016	1	1	1031	67	0.07297523687732703	0.5852615427226714	0.00909915449514756	1	0	3	3	1.0261525180756161	correct_baseline
3117449	Erigeron annuus	Magnoliopsida	220	Plantae	2017	1	1	1124	67	0.07825682164301878	0.62066046325444435	0.009867118168853972	1	0	3	3	1.0292531760551047	correct_baseline
3117449	Erigeron annuus	Magnoliopsida	220	Plantae	2018	0	0	0	0	0.08445012797179702	0.6621012022818317	0.010771501531599913	1	0	3	3	1.0322637780576935	correct_baseline
3117449	Erigeron annuus	Magnoliopsida	220	Plantae	2019	5	4	1708	63	0.09170855140652748	0.7108665154860658	0.011831276643172475	1	0	3	3	1.0352032316964122	correct_baseline
3117449	Erigeron annuus	Magnoliopsida	220	Plantae	2020	3	1	2494	67	0.10021916266964549	0.768599703329211	0.013067765343519541	1	0	3	3	1.0380860819056723	correct_baseline
3117449	Erigeron annuus	Magnoliopsida	220	Plantae	2021	3	3	3524	65	0.1102105376504411	0.8374213428775813	0.014504481779102346	1	0	3	3	1.0409236168341378	correct_baseline
3117449	Erigeron annuus	Magnoliopsida	220	Plantae	2022	3	2	2908	66	0.12196265980150472	0.9200893290613229	0.016166789371454802	1	0	3	3	1.0437246821367023	correct_baseline
3117449	Erigeron annuus	Magnoliopsida	220	Plantae	2023	4	4	1720	63	0.1358194813878263	1.0202199930854752	0.01808132721323036	1	0	3	3	1.046496278444219	correct_baseline
3117449	Erigeron annuus	Magnoliopsida	220	Plantae	2024	5	4	2511	64	0.15220491028387928	1.1425960657063188	0.020275174586920183	1	0	3	3	1.049244000717941	correct_baseline
3118430	Tanacetum parthenium	Magnoliopsida	220	Plantae	1987	1	1	506	33	0.014377252694741303	3821.942225559929	5.408386177741422e-8	0	0	0	1	0.8359727329233775	correct_baseline
3118430	Tanacetum parthenium	Magnoliopsida	220	Plantae	1988	0	0	0	0	0.01380484411628326	3638.2881047007154	5.238005226377129e-8	0	0	0	1	0.8423777493042162	correct_baseline
3118430	Tanacetum parthenium	Magnoliopsida	220	Plantae	1989	0	0	0	0	0.013282067837014794	3482.6541804337858	5.065485026282152e-8	0	0	0	1	0.8488240471152682	correct_baseline
3118430	Tanacetum parthenium	Magnoliopsida	220	Plantae	1990	0	0	0	0	0.012804967105624185	3350.80495648586	4.893366958251047e-8	0	0	0	1	0.8553107306864638	correct_baseline
3118430	Tanacetum parthenium	Magnoliopsida	220	Plantae	1991	1	1	12445	67	0.012370003609434846	3239.2574942085266	4.723829135874823e-8	0	0	0	1	0.8618366597986483	correct_baseline
3118430	Tanacetum parthenium	Magnoliopsida	220	Plantae	1992	0	0	0	0	0.011974014276605747	3145.129079044421	4.55870059043556e-8	0	0	0	1	0.8684003881205168	correct_baseline
3118430	Tanacetum parthenium	Magnoliopsida	220	Plantae	1993	0	0	0	0	0.01161417332488108	3066.0186369359203	4.3994847387875874e-8	0	0	0	1	0.8750000826200094	correct_baseline
3118430	Tanacetum parthenium	Magnoliopsida	220	Plantae	1994	0	0	0	0	0.011287958924719474	2999.91395640992	4.247389043072379e-8	0	0	0	1	0.8816334168625172	correct_baseline
3118430	Tanacetum parthenium	Magnoliopsida	220	Plantae	1995	0	0	0	0	0.010993123929936973	2945.1187745227953	4.103358234118562e-8	0	0	0	1	0.8882974279964837	correct_baseline
3118430	Tanacetum parthenium	Magnoliopsida	220	Plantae	1996	0	0	0	0	0.010727670202833495	2900.1952545391796	3.9681089678580165e-8	0	0	0	1	0.8949883225562679	correct_baseline
3118430	Tanacetum parthenium	Magnoliopsida	220	Plantae	1997	0	0	0	0	0.010489826124824925	2863.918468397398	3.8421642705015244e-8	0	0	0	1	0.9017012090633267	correct_baseline
3118430	Tanacetum parthenium	Magnoliopsida	220	Plantae	1998	1	1	648	35	0.010278026939309227	2835.240302979713	3.725886573146741e-8	0	0	0	1	0.9084297243422295	correct_baseline
3118430	Tanacetum parthenium	Magnoliopsida	220	Plantae	1999	0	0	0	0	0.010090897622085782	2813.2608112321077	3.6195085223833285e-8	0	0	0	1	0.9151655030929289	correct_baseline
3118430	Tanacetum parthenium	Magnoliopsida	220	Plantae	2000	0	0	0	0	0.009927238017177565	2797.205481438259	3.523161072851306e-8	0	0	0	1	0.921897412728551	correct_baseline
3118430	Tanacetum parthenium	Magnoliopsida	220	Plantae	2001	0	0	0	0	0.009786010013285003	2786.4072396844235	3.436898620424211e-8	0	0	0	1	0.9286104314376635	correct_baseline
3118430	Tanacetum parthenium	Magnoliopsida	220	Plantae	2002	0	0	0	0	0.009666326569111913	2780.292260369521	3.360721125350337e-8	0	0	0	1	0.9352839774914413	correct_baseline
3118430	Tanacetum parthenium	Magnoliopsida	220	Plantae	2003	2	2	4125	65	0.009567442425130466	2778.368858520083	3.2945933106572347e-8	0	0	0	1	0.9418893887769477	correct_baseline
3118430	Tanacetum parthenium	Magnoliopsida	220	Plantae	2004	6	6	5042	62	0.009488746365586996	2780.218891185977	3.2384611109534946e-8	0	0	0	1	0.9483860926592727	correct_baseline
3118430	Tanacetum parthenium	Magnoliopsida	220	Plantae	2005	2	2	1589	65	0.009429754918216886	2785.4912148730605	3.192265599074514e-8	0	0	0	1	0.9547158146956619	correct_baseline
3118430	Tanacetum parthenium	Magnoliopsida	220	Plantae	2006	0	0	0	0	0.009390107400698225	2793.896840473005	3.155954640820591e-8	0	0	0	1	0.9607940903008373	correct_baseline
3118430	Tanacetum parthenium	Magnoliopsida	220	Plantae	2007	0	0	0	0	0.009369562242745742	2805.2055030233946	3.12949252830389e-8	0	0	0	1	0.9664989056957108	correct_baseline
3118430	Tanacetum parthenium	Magnoliopsida	220	Plantae	2008	0	0	0	0	0.009367994531304994	2819.2434258609883	3.1128678259401706e-8	0	0	0	1	0.9716590287166135	correct_baseline
3118430	Tanacetum parthenium	Magnoliopsida	220	Plantae	2009	0	0	0	0	0.009385394743900146	2835.8921111639534	3.1060996344700456e-8	0	0	0	1	0.9760521974380423	correct_baseline
3118430	Tanacetum parthenium	Magnoliopsida	220	Plantae	2010	1	1	386	59	0.009421868652141719	2855.0880345233923	3.109242441031414e-8	0	0	0	1	0.9794349413569048	correct_baseline
3118430	Tanacetum parthenium	Magnoliopsida	220	Plantae	2011	0	0	0	0	0.00947763839402482	2876.8231624471127	3.122389679714795e-8	0	0	0	1	0.9816213081936489	correct_baseline
3118430	Tanacetum parthenium	Magnoliopsida	220	Plantae	2012	0	0	0	0	0.009553044730247874	2901.146250563432	3.145676078908225e-8	0	0	0	1	0.9825749569224632	correct_baseline
3118430	Tanacetum parthenium	Magnoliopsida	220	Plantae	2013	0	0	0	0	0.009648550516658937	2928.164918478059	3.1792788201597015e-8	0	0	0	1	0.9824279970298655	correct_baseline
3118430	Tanacetum parthenium	Magnoliopsida	220	Plantae	2014	0	0	0	0	0.009764745442402604	2958.048536319975	3.223417478928354e-8	0	0	0	1	0.9814058399049888	correct_baseline
3118430	Tanacetum parthenium	Magnoliopsida	220	Plantae	2015	0	0	0	0	0.009902352101715979	2991.0319995590758	3.2783526609148256e-8	0	0	0	1	0.9797367409695532	correct_baseline
3118430	Tanacetum parthenium	Magnoliopsida	220	Plantae	2016	1	1	1031	67	0.010062233486951778	3027.420514364397	3.344383189105486e-8	0	0	0	1	0.9776056235605192	correct_baseline
3118430	Tanacetum parthenium	Magnoliopsida	220	Plantae	2017	0	0	0	0	0.010245402011661384	3067.59556751927	3.42184163688311e-8	0	0	0	1	0.9751474209325863	correct_baseline
3118430	Tanacetum parthenium	Magnoliopsida	220	Plantae	2018	1	1	2080	67	0.010453030195858248	3112.022315045894	3.51108794262978e-8	0	0	0	1	0.9724564729389866	correct_baseline
3118430	Tanacetum parthenium	Magnoliopsida	220	Plantae	2019	5	2	1708	65	0.01068646317135824	3161.258695136524	3.6125007829472776e-8	0	0	0	1	0.9695980735632093	correct_baseline
3118430	Tanacetum parthenium	Magnoliopsida	220	Plantae	2020	5	5	2492	63	0.010947233193869617	3215.966657499879	3.726466327674154e-8	0	0	0	1	0.9666176967307654	correct_baseline
3118430	Tanacetum parthenium	Magnoliopsida	220	Plantae	2021	6	6	3521	62	0.01123707638086295	3276.9260077130934	3.853363954270996e-8	0	0	0	1	0.9635474551633024	correct_baseline
3118430	Tanacetum parthenium	Magnoliopsida	220	Plantae	2022	3	3	2908	65	0.011557951930856803	3345.0514980908943	3.9935484674073804e-8	0	0	0	1	0.9604104133192612	correct_baseline
3118430	Tanacetum parthenium	Magnoliopsida	220	Plantae	2023	4	1	1720	66	0.011912064121374034	3421.413964526866	4.147328359061886e-8	0	0	0	1	0.9572234317032686	correct_baseline
3118430	Tanacetum parthenium	Magnoliopsida	220	Plantae	2024	5	4	2511	64	0.012301887430342419	3507.2665231886426	4.314939664500577e-8	0	0	0	1	0.9539990494318756	correct_baseline
3120284	Achillea filipendulina	Magnoliopsida	220	Plantae	2013	6	1	873	66									correct_baseline
3120284	Achillea filipendulina	Magnoliopsida	220	Plantae	2014	2	1	904	66									correct_baseline
3120284	Achillea filipendulina	Magnoliopsida	220	Plantae	2015	1	1	761	67									correct_baseline
3120284	Achillea filipendulina	Magnoliopsida	220	Plantae	2016	2	1	1030	67									correct_baseline
3120284	Achillea filipendulina	Magnoliopsida	220	Plantae	2017	0	0	0	0									correct_baseline
3120284	Achillea filipendulina	Magnoliopsida	220	Plantae	2018	1	1	2080	67									correct_baseline
3120284	Achillea filipendulina	Magnoliopsida	220	Plantae	2019	0	0	0	0									correct_baseline
3120284	Achillea filipendulina	Magnoliopsida	220	Plantae	2020	1	1	2496	67									correct_baseline
3120284	Achillea filipendulina	Magnoliopsida	220	Plantae	2021	1	1	3526	67									correct_baseline
3120284	Achillea filipendulina	Magnoliopsida	220	Plantae	2022	2	2	2909	66									correct_baseline
3120284	Achillea filipendulina	Magnoliopsida	220	Plantae	2023	0	0	0	0									correct_baseline
3120284	Achillea filipendulina	Magnoliopsida	220	Plantae	2024	2	1	2514	67									correct_baseline
3122924	Pilosella aurantiaca	Magnoliopsida	220	Plantae	1987	1	1	506	33	0.014490282443148757	22113.99672076198	9.494813982905855e-9	-1	0	-3	0	0.6537995570249933	correct_baseline
3122924	Pilosella aurantiaca	Magnoliopsida	220	Plantae	1988	0	0	0	0	0.011653696341027366	19639.228573461292	6.915171739097436e-9	-1	0	-3	0	0.665338805538563	correct_baseline
3122924	Pilosella aurantiaca	Magnoliopsida	220	Plantae	1989	0	0	0	0	0.009467207899353795	17649.908216866093	5.078101501057061e-9	-1	0	-3	0	0.6770750686603663	correct_baseline
3122924	Pilosella aurantiaca	Magnoliopsida	220	Plantae	1990	0	0	0	0	0.007768756351747578	16040.13225672153	3.762660699230045e-9	-1	0	-3	0	0.689010751630191	correct_baseline
3122924	Pilosella aurantiaca	Magnoliopsida	220	Plantae	1991	0	0	0	0	0.006439504600835455	14730.855588363653	2.8149905655810736e-9	-1	0	-3	0	0.70114810678414	correct_baseline
3122924	Pilosella aurantiaca	Magnoliopsida	220	Plantae	1992	0	0	0	0	0.0053916883921144906	13662.478426990696	2.1277474561447577e-9	0	0	0	1	0.7134891866400158	correct_baseline
3122924	Pilosella aurantiaca	Magnoliopsida	220	Plantae	1993	0	0	0	0	0.0045600382055392815	12789.650606574238	1.6258417900242876e-9	0	0	0	1	0.7260357838991377	correct_baseline
3122924	Pilosella aurantiaca	Magnoliopsida	220	Plantae	1994	0	0	0	0	0.003895682443225263	12077.588200375123	1.2565705542090088e-9	0	0	0	1	0.7387893540813559	correct_baseline
3122924	Pilosella aurantiaca	Magnoliopsida	220	Plantae	1995	0	0	0	0	0.003361785385611942	11499.43427239697	9.827962585987563e-10	0	0	0	1	0.7517509148307355	correct_baseline
3122924	Pilosella aurantiaca	Magnoliopsida	220	Plantae	1996	0	0	0	0	0.0029304059784709315	11034.349065278315	7.78231606400752e-10	0	0	0	1	0.7649209135658891	correct_baseline
3122924	Pilosella aurantiaca	Magnoliopsida	220	Plantae	1997	0	0	0	0	0.002580221374036004	10666.115682607193	6.24176835986173e-10	0	0	0	1	0.7782990516405115	correct_baseline
3122924	Pilosella aurantiaca	Magnoliopsida	220	Plantae	1998	0	0	0	0	0.002294866971149425	10382.114250673887	5.072583760991372e-10	0	0	0	1	0.7918840480051254	correct_baseline
3122924	Pilosella aurantiaca	Magnoliopsida	220	Plantae	1999	0	0	0	0	0.002061718806217411	10172.562521927412	4.17857784284738e-10	0	0	0	1	0.8056733175815403	correct_baseline
3122924	Pilosella aurantiaca	Magnoliopsida	220	Plantae	2000	0	0	0	0	0.0018709953991060404	10029.951455487035	3.490170215690236e-10	0	0	0	1	0.8196625277879945	correct_baseline
3122924	Pilosella aurantiaca	Magnoliopsida	220	Plantae	2001	0	0	0	0	0.0017150918249628294	9948.625330086557	2.956730071197425e-10	0	0	0	1	0.833844978359287	correct_baseline
3122924	Pilosella aurantiaca	Magnoliopsida	220	Plantae	2002	0	0	0	0	0.001588083759340209	9924.470566742384	2.54120359340031e-10	0	0	0	1	0.8482107215076966	correct_baseline
3122924	Pilosella aurantiaca	Magnoliopsida	220	Plantae	2003	1	1	4126	66	0.001485356846288707	9954.687737707305	2.2163276427642823e-10	0	0	0	1	0.8627452952260728	correct_baseline
3122924	Pilosella aurantiaca	Magnoliopsida	220	Plantae	2004	4	4	5044	64	0.0014033292279189873	10037.628596296616	1.9619503780587012e-10	0	0	0	1	0.8774278737851887	correct_baseline
3122924	Pilosella aurantiaca	Magnoliopsida	220	Plantae	2005	0	0	0	0	0.0013392440000823832	10172.685309950488	1.763127863595925e-10	0	0	0	1	0.8922285339742576	correct_baseline
3122924	Pilosella aurantiaca	Magnoliopsida	220	Plantae	2006	0	0	0	0	0.0012910147933568933	10360.223052902551	1.6087676762899343e-10	0	0	0	1	0.9071041818099659	correct_baseline
3122924	Pilosella aurantiaca	Magnoliopsida	220	Plantae	2007	0	0	0	0	0.0012571123669402639	10601.550158055083	1.4906607803137313e-10	0	0	0	1	0.9219924877621145	correct_baseline
3122924	Pilosella aurantiaca	Magnoliopsida	220	Plantae	2008	0	0	0	0	0.0012364835692237357	10898.922456046797	1.402791535700877e-10	0	0	0	1	0.9368030224939854	correct_baseline
3122924	Pilosella aurantiaca	Magnoliopsida	220	Plantae	2009	1	1	325	41	0.0012284966357599108	11255.580476517487	1.3408495343461566e-10	0	0	0	1	0.9514050081983607	correct_baseline
3122924	Pilosella aurantiaca	Magnoliopsida	220	Plantae	2010	1	1	386	59	0.0012329088338953354	11675.8200339986	1.3018907351011806e-10	0	0	0	1	0.9656127088953007	correct_baseline
3122924	Pilosella aurantiaca	Magnoliopsida	220	Plantae	2011	0	0	0	0	0.0012498541263537776	12165.098521019976	1.2841123600144843e-10	0	0	0	1	0.9791746402323241	correct_baseline
3122924	Pilosella aurantiaca	Magnoliopsida	220	Plantae	2012	5	4	908	64	0.0012798499730363921	12730.181124057615	1.286718497968354e-10	0	0	0	1	0.9917833682360058	correct_baseline
3122924	Pilosella aurantiaca	Magnoliopsida	220	Plantae	2013	2	2	877	65	0.0013238237561676804	13379.333306597895	1.3098629783964463e-10	0	0	0	1	1.003131117926616	correct_baseline
3122924	Pilosella aurantiaca	Magnoliopsida	220	Plantae	2014	1	1	905	66	0.0013831607244167918	14122.568427660333	1.3546640608390574e-10	1	0	3	3	1.0130135829843916	correct_baseline
3122924	Pilosella aurantiaca	Magnoliopsida	220	Plantae	2015	0	0	0	0	0.0014597769375544931	14971.96247633679	1.4232928453994847e-10	1	0	3	3	1.02141854794676	correct_baseline
3122924	Pilosella aurantiaca	Magnoliopsida	220	Plantae	2016	2	2	1030	66	0.0015562226052698476	15942.051848337353	1.5191449759369888e-10	1	0	3	3	1.0285167869154936	correct_baseline
3122924	Pilosella aurantiaca	Magnoliopsida	220	Plantae	2017	1	1	1124	67	0.0016758236401332868	17050.335191956747	1.647114171781441e-10	1	0	3	3	1.0345683087554385	correct_baseline
3122924	Pilosella aurantiaca	Magnoliopsida	220	Plantae	2018	1	1	2080	67	0.0018228724336396289	18317.90704335573	1.8139975825068574e-10	1	0	3	3	1.0398302668079678	correct_baseline
3122924	Pilosella aurantiaca	Magnoliopsida	220	Plantae	2019	1	1	1712	66	0.0020028831551868504	19770.25985055092	2.0290785066335117e-10	1	0	3	3	1.044512786655665	correct_baseline
3122924	Pilosella aurantiaca	Magnoliopsida	220	Plantae	2020	1	1	2496	67	0.0022229327411225283	21438.302878172464	2.304953894734673e-10	1	0	3	3	1.0487725890069337	correct_baseline
3122924	Pilosella aurantiaca	Magnoliopsida	220	Plantae	2021	8	6	3519	62	0.002492116857436395	23359.66254744084	2.6587055435863173e-10	1	0	3	3	1.0527221134542366	correct_baseline
3122924	Pilosella aurantiaca	Magnoliopsida	220	Plantae	2022	7	7	2904	61	0.0028221614495242213	25580.35063114925	3.1135598420930746e-10	1	0	3	3	1.0564411757513377	correct_baseline
3122924	Pilosella aurantiaca	Magnoliopsida	220	Plantae	2023	12	9	1712	58	0.0032282464288602188	28156.916717225027	3.7012486523687317e-10	1	0	3	3	1.0599866617027178	correct_baseline
3122924	Pilosella aurantiaca	Magnoliopsida	220	Plantae	2024	28	16	2488	52	0.003730120616435952	31159.242814668927	4.465384443363395e-10	1	0	3	3	1.0633995732396992	correct_baseline
3128225	Centaurea nigra	Magnoliopsida	220	Plantae	1990	1	1	250	39									correct_baseline
3128225	Centaurea nigra	Magnoliopsida	220	Plantae	1991	0	0	0	0									correct_baseline
3128225	Centaurea nigra	Magnoliopsida	220	Plantae	1992	0	0	0	0									correct_baseline
3128225	Centaurea nigra	Magnoliopsida	220	Plantae	1993	0	0	0	0									correct_baseline
3128225	Centaurea nigra	Magnoliopsida	220	Plantae	1994	0	0	0	0									correct_baseline
3128225	Centaurea nigra	Magnoliopsida	220	Plantae	1995	0	0	0	0									correct_baseline
3128225	Centaurea nigra	Magnoliopsida	220	Plantae	1996	0	0	0	0									correct_baseline
3128225	Centaurea nigra	Magnoliopsida	220	Plantae	1997	0	0	0	0									correct_baseline
3128225	Centaurea nigra	Magnoliopsida	220	Plantae	1998	0	0	0	0									correct_baseline
3128225	Centaurea nigra	Magnoliopsida	220	Plantae	1999	1	1	683	34									correct_baseline
3128225	Centaurea nigra	Magnoliopsida	220	Plantae	2000	0	0	0	0									correct_baseline
3128225	Centaurea nigra	Magnoliopsida	220	Plantae	2001	0	0	0	0									correct_baseline
3128225	Centaurea nigra	Magnoliopsida	220	Plantae	2002	0	0	0	0									correct_baseline
3128225	Centaurea nigra	Magnoliopsida	220	Plantae	2003	0	0	0	0									correct_baseline
3128225	Centaurea nigra	Magnoliopsida	220	Plantae	2004	0	0	0	0									correct_baseline
3128225	Centaurea nigra	Magnoliopsida	220	Plantae	2005	0	0	0	0									correct_baseline
3128225	Centaurea nigra	Magnoliopsida	220	Plantae	2006	0	0	0	0									correct_baseline
3128225	Centaurea nigra	Magnoliopsida	220	Plantae	2007	0	0	0	0									correct_baseline
3128225	Centaurea nigra	Magnoliopsida	220	Plantae	2008	0	0	0	0									correct_baseline
3128225	Centaurea nigra	Magnoliopsida	220	Plantae	2009	0	0	0	0									correct_baseline
3128225	Centaurea nigra	Magnoliopsida	220	Plantae	2010	0	0	0	0									correct_baseline
3128225	Centaurea nigra	Magnoliopsida	220	Plantae	2011	0	0	0	0									correct_baseline
3128225	Centaurea nigra	Magnoliopsida	220	Plantae	2012	0	0	0	0									correct_baseline
3128225	Centaurea nigra	Magnoliopsida	220	Plantae	2013	0	0	0	0									correct_baseline
3128225	Centaurea nigra	Magnoliopsida	220	Plantae	2014	0	0	0	0									correct_baseline
3128225	Centaurea nigra	Magnoliopsida	220	Plantae	2015	0	0	0	0									correct_baseline
3128225	Centaurea nigra	Magnoliopsida	220	Plantae	2016	0	0	0	0									correct_baseline
3128225	Centaurea nigra	Magnoliopsida	220	Plantae	2017	0	0	0	0									correct_baseline
3128225	Centaurea nigra	Magnoliopsida	220	Plantae	2018	1	1	2080	67									correct_baseline
3128225	Centaurea nigra	Magnoliopsida	220	Plantae	2019	0	0	0	0									correct_baseline
3128225	Centaurea nigra	Magnoliopsida	220	Plantae	2020	2	2	2495	66									correct_baseline
3128225	Centaurea nigra	Magnoliopsida	220	Plantae	2021	1	1	3526	67									correct_baseline
3128225	Centaurea nigra	Magnoliopsida	220	Plantae	2022	0	0	0	0									correct_baseline
3128225	Centaurea nigra	Magnoliopsida	220	Plantae	2023	0	0	0	0									correct_baseline
3128225	Centaurea nigra	Magnoliopsida	220	Plantae	2024	1	1	2515	67									correct_baseline
3132570	Galinsoga parviflora	Magnoliopsida	220	Plantae	1984	2	2	669	22									correct_baseline
3132570	Galinsoga parviflora	Magnoliopsida	220	Plantae	1985	0	0	0	0									correct_baseline
3132570	Galinsoga parviflora	Magnoliopsida	220	Plantae	1986	0	0	0	0									correct_baseline
3132570	Galinsoga parviflora	Magnoliopsida	220	Plantae	1987	0	0	0	0									correct_baseline
3132570	Galinsoga parviflora	Magnoliopsida	220	Plantae	1988	0	0	0	0									correct_baseline
3132570	Galinsoga parviflora	Magnoliopsida	220	Plantae	1989	0	0	0	0									correct_baseline
3132570	Galinsoga parviflora	Magnoliopsida	220	Plantae	1990	0	0	0	0									correct_baseline
3132570	Galinsoga parviflora	Magnoliopsida	220	Plantae	1991	9	4	12437	64									correct_baseline
3132570	Galinsoga parviflora	Magnoliopsida	220	Plantae	1992	1	1	5419	53									correct_baseline
3132570	Galinsoga parviflora	Magnoliopsida	220	Plantae	1993	1	1	4525	62									correct_baseline
3132570	Galinsoga parviflora	Magnoliopsida	220	Plantae	1994	1	1	6154	64									correct_baseline
3132570	Galinsoga parviflora	Magnoliopsida	220	Plantae	1995	0	0	0	0									correct_baseline
3132570	Galinsoga parviflora	Magnoliopsida	220	Plantae	1996	0	0	0	0									correct_baseline
3132570	Galinsoga parviflora	Magnoliopsida	220	Plantae	1997	0	0	0	0									correct_baseline
3132570	Galinsoga parviflora	Magnoliopsida	220	Plantae	1998	0	0	0	0									correct_baseline
3132570	Galinsoga parviflora	Magnoliopsida	220	Plantae	1999	0	0	0	0									correct_baseline
3132570	Galinsoga parviflora	Magnoliopsida	220	Plantae	2000	0	0	0	0									correct_baseline
3132570	Galinsoga parviflora	Magnoliopsida	220	Plantae	2001	0	0	0	0									correct_baseline
3132570	Galinsoga parviflora	Magnoliopsida	220	Plantae	2002	0	0	0	0									correct_baseline
3132570	Galinsoga parviflora	Magnoliopsida	220	Plantae	2003	6	6	4121	61									correct_baseline
3132570	Galinsoga parviflora	Magnoliopsida	220	Plantae	2004	3	3	5045	65									correct_baseline
3132570	Galinsoga parviflora	Magnoliopsida	220	Plantae	2005	1	1	1590	66									correct_baseline
3132570	Galinsoga parviflora	Magnoliopsida	220	Plantae	2006	0	0	0	0									correct_baseline
3132570	Galinsoga parviflora	Magnoliopsida	220	Plantae	2007	0	0	0	0									correct_baseline
3132570	Galinsoga parviflora	Magnoliopsida	220	Plantae	2008	0	0	0	0									correct_baseline
3132570	Galinsoga parviflora	Magnoliopsida	220	Plantae	2009	0	0	0	0									correct_baseline
3132570	Galinsoga parviflora	Magnoliopsida	220	Plantae	2010	0	0	0	0									correct_baseline
3132570	Galinsoga parviflora	Magnoliopsida	220	Plantae	2011	0	0	0	0									correct_baseline
3132570	Galinsoga parviflora	Magnoliopsida	220	Plantae	2012	0	0	0	0									correct_baseline
3132570	Galinsoga parviflora	Magnoliopsida	220	Plantae	2013	0	0	0	0									correct_baseline
3132570	Galinsoga parviflora	Magnoliopsida	220	Plantae	2014	0	0	0	0									correct_baseline
3132570	Galinsoga parviflora	Magnoliopsida	220	Plantae	2015	0	0	0	0									correct_baseline
3132570	Galinsoga parviflora	Magnoliopsida	220	Plantae	2016	0	0	0	0									correct_baseline
3132570	Galinsoga parviflora	Magnoliopsida	220	Plantae	2017	0	0	0	0									correct_baseline
3132570	Galinsoga parviflora	Magnoliopsida	220	Plantae	2018	0	0	0	0									correct_baseline
3132570	Galinsoga parviflora	Magnoliopsida	220	Plantae	2019	1	1	1712	66									correct_baseline
3132570	Galinsoga parviflora	Magnoliopsida	220	Plantae	2020	0	0	0	0									correct_baseline
3132570	Galinsoga parviflora	Magnoliopsida	220	Plantae	2021	2	2	3525	66									correct_baseline
3132570	Galinsoga parviflora	Magnoliopsida	220	Plantae	2022	1	1	2910	67									correct_baseline
3132570	Galinsoga parviflora	Magnoliopsida	220	Plantae	2023	0	0	0	0									correct_baseline
3132570	Galinsoga parviflora	Magnoliopsida	220	Plantae	2024	9	6	2507	62									correct_baseline
3146683	Erigeron sumatrensis	Magnoliopsida	220	Plantae	2003	2	2	4125	65	1.2881184498490672	3.9456613531384384	0.4205249747350397	-1	1	-2	0	0.7188785330042345	correct_baseline
3146683	Erigeron sumatrensis	Magnoliopsida	220	Plantae	2004	5	5	5043	63	1.062689299721616	2.9853631358332544	0.3782818023669384	-1	1	-2	0	0.743962516296363	correct_baseline
3146683	Erigeron sumatrensis	Magnoliopsida	220	Plantae	2005	2	2	1589	65	0.896738292219523	2.3823990883200357	0.3375335260474058	-1	1	-2	0	0.7698620802202274	correct_baseline
3146683	Erigeron sumatrensis	Magnoliopsida	220	Plantae	2006	1	1	196	15	0.7739876366812066	1.997370237124443	0.2999227937819904	-1	1	-2	0	0.7965779768744307	correct_baseline
3146683	Erigeron sumatrensis	Magnoliopsida	220	Plantae	2007	0	0	0	0	0.6832997039427957	1.7489561488329295	0.26695837155200924	-1	1	-2	0	0.8240946197851365	correct_baseline
3146683	Erigeron sumatrensis	Magnoliopsida	220	Plantae	2008	0	0	0	0	0.6170173021089893	1.5888240087547476	0.23961769774629743	-1	1	-2	0	0.852366421209375	correct_baseline
3146683	Erigeron sumatrensis	Magnoliopsida	220	Plantae	2009	0	0	0	0	0.5698917283248117	1.4880012496376442	0.2182636486979632	0	1	1	2	0.8812899633604795	correct_baseline
3146683	Erigeron sumatrensis	Magnoliopsida	220	Plantae	2010	2	2	385	58	0.5383891084994663	1.4291580921317106	0.20282069124941599	0	1	1	2	0.9106441361330093	correct_baseline
3146683	Erigeron sumatrensis	Magnoliopsida	220	Plantae	2011	0	0	0	0	0.5202463943878386	1.402138553333939	0.19303107401903516	0	1	1	2	0.93995850403164	correct_baseline
3146683	Erigeron sumatrensis	Magnoliopsida	220	Plantae	2012	1	1	912	67	0.514198485865985	1.4013949498520004	0.18866921341110482	0	1	1	2	0.968256004524179	correct_baseline
3146683	Erigeron sumatrensis	Magnoliopsida	220	Plantae	2013	1	1	878	66	0.5198300829314583	1.42459289746405	0.18968458680480396	0	1	1	2	0.9938419007944426	correct_baseline
3146683	Erigeron sumatrensis	Magnoliopsida	220	Plantae	2014	0	0	0	0	0.5375277931751038	1.4719855258919525	0.19629006084187936	1	1	4	3	1.0151485770484856	correct_baseline
3146683	Erigeron sumatrensis	Magnoliopsida	220	Plantae	2015	0	0	0	0	0.5685247033004829	1.5463729191964837	0.20901836436119933	1	1	4	3	1.0324552559194708	correct_baseline
3146683	Erigeron sumatrensis	Magnoliopsida	220	Plantae	2016	1	1	1031	67	0.6150446638424721	1.6536357670886392	0.22875650493886707	1	1	4	3	1.047266745588109	correct_baseline
3146683	Erigeron sumatrensis	Magnoliopsida	220	Plantae	2017	1	1	1124	67	0.6805701043470405	1.8040111264619951	0.2567476775153355	1	1	4	3	1.0607716380048609	correct_baseline
3146683	Erigeron sumatrensis	Magnoliopsida	220	Plantae	2018	2	2	2079	66	0.7702788581604125	2.0145198423449773	0.2945265203435529	1	1	4	3	1.0736133097123064	correct_baseline
3146683	Erigeron sumatrensis	Magnoliopsida	220	Plantae	2019	1	1	1712	66	0.8917271396707805	2.3133391767971188	0.3437357131202768	1	1	4	3	1.0861197625631296	correct_baseline
3146683	Erigeron sumatrensis	Magnoliopsida	220	Plantae	2020	8	4	2489	64	1.0559050984785328	2.7475737264588527	0.40578913907068076	1	1	4	3	1.0984651532188154	correct_baseline
3146683	Erigeron sumatrensis	Magnoliopsida	220	Plantae	2021	4	4	3523	64	1.2788708380290903	3.39709325412928	0.4814441341500444	1	1	4	3	1.1107479578606987	correct_baseline
3146683	Erigeron sumatrensis	Magnoliopsida	220	Plantae	2022	9	7	2902	61	1.5842998328932751	4.399569802793119	0.5705116802356796	1	1	4	3	1.1230274258180502	correct_baseline
3146683	Erigeron sumatrensis	Magnoliopsida	220	Plantae	2023	18	11	1706	56	2.0075065130395036	5.997201710482832	0.6719938055196022	1	1	4	3	1.135341252939278	correct_baseline
3146683	Erigeron sumatrensis	Magnoliopsida	220	Plantae	2024	19	9	2497	59	2.6018691026816954	8.62731561562396	0.7846847303499325	1	1	4	3	1.147714635196363	correct_baseline
3146791	Erigeron canadensis	Magnoliopsida	220	Plantae	1980	3	3	908	34	0.9857363823200935	3.5574117032837536	0.2731413444591125	1	-1	2	2	1.1720656678039152	correct_baseline
3146791	Erigeron canadensis	Magnoliopsida	220	Plantae	1981	2	1	493	25	1.3258803408398123	4.110726742862523	0.42765155365236823	1	-1	2	2	1.1568809669656162	correct_baseline
3146791	Erigeron canadensis	Magnoliopsida	220	Plantae	1982	0	0	0	0	1.7341798798037669	4.777225519769859	0.6295243636856999	1	-1	2	2	1.1416426239805808	correct_baseline
3146791	Erigeron canadensis	Magnoliopsida	220	Plantae	1983	5	4	527	24	2.2056742905266096	5.575001214443855	0.8726453840558275	1	-1	2	2	1.1262592348167502	correct_baseline
3146791	Erigeron canadensis	Magnoliopsida	220	Plantae	1984	2	2	669	22	2.7282137495647882	6.508909573776637	1.1435325961973157	1	-1	2	2	1.110605114719958	correct_baseline
3146791	Erigeron canadensis	Magnoliopsida	220	Plantae	1985	0	0	0	0	3.2822595760451647	7.559462055435686	1.4251315563907905	1	-1	2	2	1.094514028149732	correct_baseline
3146791	Erigeron canadensis	Magnoliopsida	220	Plantae	1986	6	4	1403	33	3.8418688999951667	8.676216099713344	1.701197443115523	1	-1	2	2	1.077772458988986	correct_baseline
3146791	Erigeron canadensis	Magnoliopsida	220	Plantae	1987	2	2	505	32	4.376912398759551	9.780654741339857	1.9586993563368238	1	-1	2	2	1.060119697007921	correct_baseline
3146791	Erigeron canadensis	Magnoliopsida	220	Plantae	1988	1	1	175	22	4.856278137584335	10.778893631219104	2.1879274586470023	1	-1	2	2	1.0412818636977572	correct_baseline
3146791	Erigeron canadensis	Magnoliopsida	220	Plantae	1989	0	0	0	0	5.25153952959156	11.580011416593642	2.3815751503788447	1	-1	2	2	1.0210939650460527	correct_baseline
3146791	Erigeron canadensis	Magnoliopsida	220	Plantae	1990	0	0	0	0	5.540405701729873	12.113896917850088	2.5339571194905526	0	-1	-1	0	0.9997271804505443	correct_baseline
3146791	Erigeron canadensis	Magnoliopsida	220	Plantae	1991	60	39	12386	29	5.7092910738959555	12.34326886887626	2.640791909561279	0	-1	-1	0	0.9778462146694816	correct_baseline
3146791	Erigeron canadensis	Magnoliopsida	220	Plantae	1992	37	19	5383	35	5.754539516810577	12.267089492116678	2.6994769274174897	0	-1	-1	0	0.9564407064051503	correct_baseline
3146791	Erigeron canadensis	Magnoliopsida	220	Plantae	1993	33	21	4493	42	5.682154515571932	11.91577336312259	2.709591644194679	0	-1	-1	0	0.9364488197712175	correct_baseline
3146791	Erigeron canadensis	Magnoliopsida	220	Plantae	1994	38	24	6117	41	5.506219137725089	11.341075011037065	2.6733311580378656	0	-1	-1	0	0.9185188460879037	correct_baseline
3146791	Erigeron canadensis	Magnoliopsida	220	Plantae	1995	7	7	1343	30	5.246439833639988	10.604469060251878	2.5956161285976354	-1	0	-3	0	0.9029834127580313	correct_baseline
3146791	Erigeron canadensis	Magnoliopsida	220	Plantae	1996	6	6	865	34	4.925356885614056	9.76721217955135	2.483732308125216	-1	0	-3	0	0.8899259049660179	correct_baseline
3146791	Erigeron canadensis	Magnoliopsida	220	Plantae	1997	8	8	1284	49	4.565726909930303	8.883769331168915	2.346510972873138	-1	0	-3	0	0.8792547073713799	correct_baseline
3146791	Erigeron canadensis	Magnoliopsida	220	Plantae	1998	2	2	647	34	4.188440043237856	7.9987420579001585	2.193223618015225	-1	0	-3	0	0.8707664772168926	correct_baseline
3146791	Erigeron canadensis	Magnoliopsida	220	Plantae	1999	2	2	682	33	3.8111484238231674	7.14643364266325	2.032461649360094	-1	0	-3	0	0.8642055316706257	correct_baseline
3146791	Erigeron canadensis	Magnoliopsida	220	Plantae	2000	3	3	927	33	3.4476108442231075	6.351878142430218	1.8712607935292025	-1	0	-3	0	0.8593261442830871	correct_baseline
3146791	Erigeron canadensis	Magnoliopsida	220	Plantae	2001	3	3	454	18	3.107637302389019	5.632363197226328	1.7146283478230797	-1	0	-3	0	0.8559520089284609	correct_baseline
3146791	Erigeron canadensis	Magnoliopsida	220	Plantae	2002	3	3	443	18	2.79745766735577	4.9988771378931744	1.5655054494789666	-1	0	-3	0	0.8540150069605021	correct_baseline
3146791	Erigeron canadensis	Magnoliopsida	220	Plantae	2003	20	20	4107	47	2.520332319575026	4.457260065140428	1.425107556719221	-1	0	-3	0	0.8535585090313829	correct_baseline
3146791	Erigeron canadensis	Magnoliopsida	220	Plantae	2004	20	19	5028	49	2.277251148580919	4.009044047366248	1.2935434812994848	-1	0	-3	0	0.8547090417765465	correct_baseline
3146791	Erigeron canadensis	Magnoliopsida	220	Plantae	2005	3	3	1588	64	2.0676114413144195	3.6520748172262962	1.1705721504087674	-1	0	-3	0	0.8576351097605994	correct_baseline
3146791	Erigeron canadensis	Magnoliopsida	220	Plantae	2006	1	1	196	15	1.88981013725919	3.381092767432858	1.0562804988043026	-1	0	-3	0	0.8625103466836102	correct_baseline
3146791	Erigeron canadensis	Magnoliopsida	220	Plantae	2007	0	0	0	0	1.7417230111119144	3.188489815685434	0.9514219027808365	-1	0	-3	0	0.8694872528904195	correct_baseline
3146791	Erigeron canadensis	Magnoliopsida	220	Plantae	2008	0	0	0	0	1.621069392478021	3.065331714935709	0.8572860034771722	0	0	0	1	0.8786790894431481	correct_baseline
3146791	Erigeron canadensis	Magnoliopsida	220	Plantae	2009	2	2	324	40	1.5256765412809947	3.002467671549212	0.7752586083346897	0	0	0	1	0.8901439383120985	correct_baseline
3146791	Erigeron canadensis	Magnoliopsida	220	Plantae	2010	3	3	384	57	1.4536650949435992	2.9914057221743398	0.7064044146848192	0	0	0	1	0.9038635687162043	correct_baseline
3146791	Erigeron canadensis	Magnoliopsida	220	Plantae	2011	2	2	395	66	1.4035788856120495	3.0247705321984166	0.6513002117566034	0	0	0	1	0.9197070306653289	correct_baseline
3146791	Erigeron canadensis	Magnoliopsida	220	Plantae	2012	1	1	912	67	1.374481385839118	3.096410937426696	0.6101254381914374	0	0	0	1	0.9373621518451967	correct_baseline
3146791	Erigeron canadensis	Magnoliopsida	220	Plantae	2013	4	3	875	64	1.3660389742910928	3.201371564937981	0.5828946879268014	0	0	0	1	0.9562084852326187	correct_baseline
3146791	Erigeron canadensis	Magnoliopsida	220	Plantae	2014	2	2	904	65	1.3786094226989039	3.335960488913695	0.5697201590577277	0	0	0	1	0.9751214132877926	correct_baseline
3146791	Erigeron canadensis	Magnoliopsida	220	Plantae	2015	1	1	761	67	1.4133533572542605	3.498118099538653	0.5710406726191825	0	0	0	1	0.9923679019686673	correct_baseline
3146791	Erigeron canadensis	Magnoliopsida	220	Plantae	2016	1	1	1031	67	1.472387572861431	3.68829277733971	0.5877855407889978	0	0	0	1	1.0061364367385726	correct_baseline
3146791	Erigeron canadensis	Magnoliopsida	220	Plantae	2017	2	2	1123	66	1.559002579280174	3.9110978532548777	0.6214339639136218	1	0	3	3	1.0157168137114811	correct_baseline
3146791	Erigeron canadensis	Magnoliopsida	220	Plantae	2018	5	5	2076	63	1.6779734114715121	4.178206557831614	0.6738763942457092	1	0	3	3	1.0217327818249498	correct_baseline
3146791	Erigeron canadensis	Magnoliopsida	220	Plantae	2019	4	4	1709	63	1.836003717277461	4.513310078449878	0.746881909566119	1	0	3	3	1.0252268566391907	correct_baseline
3146791	Erigeron canadensis	Magnoliopsida	220	Plantae	2020	2	2	2495	66	2.042360300530245	4.960605964260213	0.8408721892515926	1	0	3	3	1.0270574746486951	correct_baseline
3146791	Erigeron canadensis	Magnoliopsida	220	Plantae	2021	11	9	3516	59	2.3097815979361385	5.599232763813345	0.9528253700478365	1	0	3	3	1.027819698667914	correct_baseline
3146791	Erigeron canadensis	Magnoliopsida	220	Plantae	2022	7	6	2904	62	2.655783698068927	6.567349858230918	1.0739776627080164	1	0	3	3	1.0279108794370013	correct_baseline
3146791	Erigeron canadensis	Magnoliopsida	220	Plantae	2023	11	8	1713	59	3.1045489734581952	8.102264371215707	1.1895716909511513	1	0	3	3	1.0275893677207124	correct_baseline
3146791	Erigeron canadensis	Magnoliopsida	220	Plantae	2024	18	16	2498	52	3.6896773059071464	10.611859109822753	1.282877814418477	1	0	3	3	1.0270125202916034	correct_baseline
3147168	Erigeron karvinskianus	Magnoliopsida	220	Plantae	2018	1	1	2080	67									correct_baseline
3147168	Erigeron karvinskianus	Magnoliopsida	220	Plantae	2019	0	0	0	0									correct_baseline
3147168	Erigeron karvinskianus	Magnoliopsida	220	Plantae	2020	0	0	0	0									correct_baseline
3147168	Erigeron karvinskianus	Magnoliopsida	220	Plantae	2021	1	1	3526	67									correct_baseline
3147168	Erigeron karvinskianus	Magnoliopsida	220	Plantae	2022	2	2	2909	66									correct_baseline
3147168	Erigeron karvinskianus	Magnoliopsida	220	Plantae	2023	2	2	1722	65									correct_baseline
3147168	Erigeron karvinskianus	Magnoliopsida	220	Plantae	2024	6	5	2510	63									correct_baseline
3152583	Hibiscus syriacus	Magnoliopsida	220	Plantae	2016	2	2	1030	66									correct_baseline
3152583	Hibiscus syriacus	Magnoliopsida	220	Plantae	2017	3	3	1122	65									correct_baseline
3152583	Hibiscus syriacus	Magnoliopsida	220	Plantae	2018	5	5	2076	63									correct_baseline
3152583	Hibiscus syriacus	Magnoliopsida	220	Plantae	2019	12	9	1701	58									correct_baseline
3152583	Hibiscus syriacus	Magnoliopsida	220	Plantae	2020	17	13	2480	55									correct_baseline
3152583	Hibiscus syriacus	Magnoliopsida	220	Plantae	2021	13	11	3514	57									correct_baseline
3152583	Hibiscus syriacus	Magnoliopsida	220	Plantae	2022	20	16	2891	52									correct_baseline
3152583	Hibiscus syriacus	Magnoliopsida	220	Plantae	2023	4	3	1720	64									correct_baseline
3152583	Hibiscus syriacus	Magnoliopsida	220	Plantae	2024	6	5	2510	63									correct_baseline
3152861	Liriodendron tulipifera	Magnoliopsida	220	Plantae	2021	1	1	3526	67									correct_baseline
3152861	Liriodendron tulipifera	Magnoliopsida	220	Plantae	2022	1	1	2910	67									correct_baseline
3152861	Liriodendron tulipifera	Magnoliopsida	220	Plantae	2023	0	0	0	0									correct_baseline
3152861	Liriodendron tulipifera	Magnoliopsida	220	Plantae	2024	3	2	2513	66									correct_baseline
3169340	Lysimachia punctata	Magnoliopsida	220	Plantae	1993	1	1	4525	62									correct_baseline
3169340	Lysimachia punctata	Magnoliopsida	220	Plantae	1994	0	0	0	0									correct_baseline
3169340	Lysimachia punctata	Magnoliopsida	220	Plantae	1995	0	0	0	0									correct_baseline
3169340	Lysimachia punctata	Magnoliopsida	220	Plantae	1996	0	0	0	0									correct_baseline
3169340	Lysimachia punctata	Magnoliopsida	220	Plantae	1997	0	0	0	0									correct_baseline
3169340	Lysimachia punctata	Magnoliopsida	220	Plantae	1998	0	0	0	0									correct_baseline
3169340	Lysimachia punctata	Magnoliopsida	220	Plantae	1999	0	0	0	0									correct_baseline
3169340	Lysimachia punctata	Magnoliopsida	220	Plantae	2000	0	0	0	0									correct_baseline
3169340	Lysimachia punctata	Magnoliopsida	220	Plantae	2001	0	0	0	0									correct_baseline
3169340	Lysimachia punctata	Magnoliopsida	220	Plantae	2002	0	0	0	0									correct_baseline
3169340	Lysimachia punctata	Magnoliopsida	220	Plantae	2003	2	2	4125	65									correct_baseline
3169340	Lysimachia punctata	Magnoliopsida	220	Plantae	2004	1	1	5047	67									correct_baseline
3169340	Lysimachia punctata	Magnoliopsida	220	Plantae	2005	0	0	0	0									correct_baseline
3169340	Lysimachia punctata	Magnoliopsida	220	Plantae	2006	0	0	0	0									correct_baseline
3169340	Lysimachia punctata	Magnoliopsida	220	Plantae	2007	0	0	0	0									correct_baseline
3169340	Lysimachia punctata	Magnoliopsida	220	Plantae	2008	0	0	0	0									correct_baseline
3169340	Lysimachia punctata	Magnoliopsida	220	Plantae	2009	0	0	0	0									correct_baseline
3169340	Lysimachia punctata	Magnoliopsida	220	Plantae	2010	1	1	386	59									correct_baseline
3169340	Lysimachia punctata	Magnoliopsida	220	Plantae	2011	0	0	0	0									correct_baseline
3169340	Lysimachia punctata	Magnoliopsida	220	Plantae	2012	3	3	910	65									correct_baseline
3169340	Lysimachia punctata	Magnoliopsida	220	Plantae	2013	2	2	877	65									correct_baseline
3169340	Lysimachia punctata	Magnoliopsida	220	Plantae	2014	2	2	904	65									correct_baseline
3169340	Lysimachia punctata	Magnoliopsida	220	Plantae	2015	1	1	761	67									correct_baseline
3169340	Lysimachia punctata	Magnoliopsida	220	Plantae	2016	5	2	1027	66									correct_baseline
3169340	Lysimachia punctata	Magnoliopsida	220	Plantae	2017	1	1	1124	67									correct_baseline
3169340	Lysimachia punctata	Magnoliopsida	220	Plantae	2018	3	2	2078	66									correct_baseline
3169340	Lysimachia punctata	Magnoliopsida	220	Plantae	2019	7	6	1706	61									correct_baseline
3169340	Lysimachia punctata	Magnoliopsida	220	Plantae	2020	8	7	2489	61									correct_baseline
3169340	Lysimachia punctata	Magnoliopsida	220	Plantae	2021	6	5	3521	63									correct_baseline
3169340	Lysimachia punctata	Magnoliopsida	220	Plantae	2022	9	8	2902	60									correct_baseline
3169340	Lysimachia punctata	Magnoliopsida	220	Plantae	2023	6	4	1718	63									correct_baseline
3169340	Lysimachia punctata	Magnoliopsida	220	Plantae	2024	5	5	2511	63									correct_baseline
3169708	Vinca major	Magnoliopsida	220	Plantae	1991	1	1	12445	67									correct_baseline
3169708	Vinca major	Magnoliopsida	220	Plantae	1992	0	0	0	0									correct_baseline
3169708	Vinca major	Magnoliopsida	220	Plantae	1993	0	0	0	0									correct_baseline
3169708	Vinca major	Magnoliopsida	220	Plantae	1994	1	1	6154	64									correct_baseline
3169708	Vinca major	Magnoliopsida	220	Plantae	1995	0	0	0	0									correct_baseline
3169708	Vinca major	Magnoliopsida	220	Plantae	1996	1	1	870	39									correct_baseline
3169708	Vinca major	Magnoliopsida	220	Plantae	1997	2	2	1290	55									correct_baseline
3169708	Vinca major	Magnoliopsida	220	Plantae	1998	0	0	0	0									correct_baseline
3169708	Vinca major	Magnoliopsida	220	Plantae	1999	0	0	0	0									correct_baseline
3169708	Vinca major	Magnoliopsida	220	Plantae	2000	0	0	0	0									correct_baseline
3169708	Vinca major	Magnoliopsida	220	Plantae	2001	0	0	0	0									correct_baseline
3169708	Vinca major	Magnoliopsida	220	Plantae	2002	0	0	0	0									correct_baseline
3169708	Vinca major	Magnoliopsida	220	Plantae	2003	1	1	4126	66									correct_baseline
3169708	Vinca major	Magnoliopsida	220	Plantae	2004	1	1	5047	67									correct_baseline
3169708	Vinca major	Magnoliopsida	220	Plantae	2005	0	0	0	0									correct_baseline
3169708	Vinca major	Magnoliopsida	220	Plantae	2006	0	0	0	0									correct_baseline
3169708	Vinca major	Magnoliopsida	220	Plantae	2007	0	0	0	0									correct_baseline
3169708	Vinca major	Magnoliopsida	220	Plantae	2008	0	0	0	0									correct_baseline
3169708	Vinca major	Magnoliopsida	220	Plantae	2009	0	0	0	0									correct_baseline
3169708	Vinca major	Magnoliopsida	220	Plantae	2010	0	0	0	0									correct_baseline
3169708	Vinca major	Magnoliopsida	220	Plantae	2011	0	0	0	0									correct_baseline
3169708	Vinca major	Magnoliopsida	220	Plantae	2012	1	1	912	67									correct_baseline
3169708	Vinca major	Magnoliopsida	220	Plantae	2013	1	1	878	66									correct_baseline
3169708	Vinca major	Magnoliopsida	220	Plantae	2014	0	0	0	0									correct_baseline
3169708	Vinca major	Magnoliopsida	220	Plantae	2015	0	0	0	0									correct_baseline
3169708	Vinca major	Magnoliopsida	220	Plantae	2016	2	2	1030	66									correct_baseline
3169708	Vinca major	Magnoliopsida	220	Plantae	2017	1	1	1124	67									correct_baseline
3169708	Vinca major	Magnoliopsida	220	Plantae	2018	1	1	2080	67									correct_baseline
3169708	Vinca major	Magnoliopsida	220	Plantae	2019	5	5	1708	62									correct_baseline
3169708	Vinca major	Magnoliopsida	220	Plantae	2020	5	4	2492	64									correct_baseline
3169708	Vinca major	Magnoliopsida	220	Plantae	2021	6	2	3521	66									correct_baseline
3169708	Vinca major	Magnoliopsida	220	Plantae	2022	6	5	2905	63									correct_baseline
3169708	Vinca major	Magnoliopsida	220	Plantae	2023	4	4	1720	63									correct_baseline
3169708	Vinca major	Magnoliopsida	220	Plantae	2024	3	2	2513	66									correct_baseline
3170823	Paulownia tomentosa	Magnoliopsida	220	Plantae	2018	1	1	2080	67									correct_baseline
3170823	Paulownia tomentosa	Magnoliopsida	220	Plantae	2019	0	0	0	0									correct_baseline
3170823	Paulownia tomentosa	Magnoliopsida	220	Plantae	2020	1	1	2496	67									correct_baseline
3170823	Paulownia tomentosa	Magnoliopsida	220	Plantae	2021	0	0	0	0									correct_baseline
3170823	Paulownia tomentosa	Magnoliopsida	220	Plantae	2022	1	1	2910	67									correct_baseline
3170823	Paulownia tomentosa	Magnoliopsida	220	Plantae	2023	4	3	1720	64									correct_baseline
3170823	Paulownia tomentosa	Magnoliopsida	220	Plantae	2024	11	8	2505	60									correct_baseline
3172077	Veronica persica	Magnoliopsida	220	Plantae	1981	2	1	493	25	1.0605831872133566	4.992060159413347	0.22532514855186148	0	0	0	1	0.8976915938032117	correct_baseline
3172077	Veronica persica	Magnoliopsida	220	Plantae	1982	0	0	0	0	1.0839115454862653	4.454657967801248	0.26373837159451313	0	0	0	1	0.9040893987184305	correct_baseline
3172077	Veronica persica	Magnoliopsida	220	Plantae	1983	2	2	530	26	1.1048933326314077	4.049291049703784	0.3014822252854959	0	0	0	1	0.91040265123717945	correct_baseline
3172077	Veronica persica	Magnoliopsida	220	Plantae	1984	2	1	669	23	1.1233746673951421	3.747746772327813	0.33672783141677065	0	0	0	1	0.9165834818387012	correct_baseline
3172077	Veronica persica	Magnoliopsida	220	Plantae	1985	0	0	0	0	1.139220657067618	3.527907939941317	0.3678734614348137	0	0	0	1	0.9225651847703901	correct_baseline
3172077	Veronica persica	Magnoliopsida	220	Plantae	1986	0	0	0	0	1.1523194751357129	3.371763667205857	0.39381175664586565	0	0	0	1	0.9282631381731383	correct_baseline
3172077	Veronica persica	Magnoliopsida	220	Plantae	1987	0	0	0	0	1.1625870732186452	3.264157962036984	0.4140757642659028	0	0	0	1	0.9335785305940673	correct_baseline
3172077	Veronica persica	Magnoliopsida	220	Plantae	1988	0	0	0	0	1.1699722920103908	3.1921318561574323	0.4288153578091223	0	0	0	1	0.9384046572407341	correct_baseline
3172077	Veronica persica	Magnoliopsida	220	Plantae	1989	1	1	160	43	1.174462023620485	3.1446777184106165	0.4386335161950655	0	0	0	1	0.9426358713594223	correct_baseline
3172077	Veronica persica	Magnoliopsida	220	Plantae	1990	0	0	0	0	1.1760860075120527	3.112703247286523	0.444365616372655	0	0	0	1	0.9461794837162072	correct_baseline
3172077	Veronica persica	Magnoliopsida	220	Plantae	1991	36	25	12410	43	1.174920821509022	3.0890344826346783	0.4468836280642748	0	0	0	1	0.9489705952287871	correct_baseline
3172077	Veronica persica	Magnoliopsida	220	Plantae	1992	11	11	5409	43	1.1710926607247165	3.0683565568394178	0.44696826936435835	0	0	0	1	0.9509884049373203	correct_baseline
3172077	Veronica persica	Magnoliopsida	220	Plantae	1993	17	14	4509	49	1.1647785780340285	3.047060291984283	0.4452518184218362	0	0	0	1	0.9522697917075136	correct_baseline
3172077	Veronica persica	Magnoliopsida	220	Plantae	1994	13	10	6142	55	1.156205981669961	3.023008865640696	0.44221248810862296	0	0	0	1	0.9529135506324783	correct_baseline
3172077	Veronica persica	Magnoliopsida	220	Plantae	1995	3	3	1347	34	1.1456503356090544	2.9952594517949627	0.4381973290142165	0	0	0	1	0.9530700514423561	correct_baseline
3172077	Veronica persica	Magnoliopsida	220	Plantae	1996	2	2	869	38	1.133431170116095	2.9637776138507763	0.43345567204065605	0	0	0	1	0.9529177817984714	correct_baseline
3172077	Veronica persica	Magnoliopsida	220	Plantae	1997	4	4	1288	53	1.1199066652921366	2.9291752213622906	0.4281720430444099	0	0	0	1	0.9526357068011623	correct_baseline
3172077	Veronica persica	Magnoliopsida	220	Plantae	1998	0	0	0	0	1.1054672029405876	2.892491354016673	0.42249313384472864	0	0	0	1	0.9523819432435818	correct_baseline
3172077	Veronica persica	Magnoliopsida	220	Plantae	1999	2	2	682	33	1.0905283781974522	2.855023734188448	0.41654720043580135	0	0	0	1	0.9522842793462182	correct_baseline
3172077	Veronica persica	Magnoliopsida	220	Plantae	2000	3	3	927	33	1.0755240140843596	2.8182081713936147	0.41045651510552367	0	0	0	1	0.9524417751265538	correct_baseline
3172077	Veronica persica	Magnoliopsida	220	Plantae	2001	2	2	455	19	1.0608997275700718	2.783536779079116	0.4043446597930734	0	0	0	1	0.9529331644437617	correct_baseline
3172077	Veronica persica	Magnoliopsida	220	Plantae	2002	0	0	0	0	1.0471075591486343	2.7525028191409406	0.39834082377739727	0	0	0	1	0.9538272485669822	correct_baseline
3172077	Veronica persica	Magnoliopsida	220	Plantae	2003	2	2	4125	65	1.0346021087713764	2.7265605512404907	0.3925830743011312	0	0	0	1	0.9551914588440349	correct_baseline
3172077	Veronica persica	Magnoliopsida	220	Plantae	2004	24	21	5024	47	1.0238385320388448	2.707091420180385	0.3872219947480044	0	0	0	1	0.9570962120206864	correct_baseline
3172077	Veronica persica	Magnoliopsida	220	Plantae	2005	9	9	1582	58	1.0152726561065313	2.695372071962289	0.38242533450574123	0	0	0	1	0.9596141079434305	correct_baseline
3172077	Veronica persica	Magnoliopsida	220	Plantae	2006	0	0	0	0	1.0093633885104438	2.6925439156018367	0.3783835963312635	0	0	0	1	0.9628140976876628	correct_baseline
3172077	Veronica persica	Magnoliopsida	220	Plantae	2007	0	0	0	0	1.0065775258020837	2.6995874578026053	0.37531598115904796	0	0	0	1	0.9667511737341538	correct_baseline
3172077	Veronica persica	Magnoliopsida	220	Plantae	2008	0	0	0	0	1.0073970313845415	2.7173071045904402	0.3734759229562122	0	0	0	1	0.9714517661499835	correct_baseline
3172077	Veronica persica	Magnoliopsida	220	Plantae	2009	1	1	325	41	1.0123288491756834	2.746333661954685	0.3731555684839699	0	0	0	1	0.976894021431011	correct_baseline
3172077	Veronica persica	Magnoliopsida	220	Plantae	2010	1	1	386	59	1.0219173551386624	2.7871528100568104	0.37468884984182577	0	0	0	1	0.9829811318162923	correct_baseline
3172077	Veronica persica	Magnoliopsida	220	Plantae	2011	3	3	394	65	1.036759624302513	2.84016895151578	0.3784530205536668	0	0	0	1	0.9895069872595685	correct_baseline
3172077	Veronica persica	Magnoliopsida	220	Plantae	2012	4	3	909	65	1.0575238085071959	2.905815610222963	0.38486840032969355	0	0	0	1	0.9961227454394276	correct_baseline
3172077	Veronica persica	Magnoliopsida	220	Plantae	2013	3	2	876	65	1.0849710829907873	2.984726475857964	0.39439535262199354	0	0	0	1	1.0023396611021929	correct_baseline
3172077	Veronica persica	Magnoliopsida	220	Plantae	2014	4	2	902	65	1.1199818343036032	3.0779857571433245	0.40752602777935953	0	0	0	1	1.0076305808802557	correct_baseline
3172077	Veronica persica	Magnoliopsida	220	Plantae	2015	1	1	761	67	1.1635870386944103	3.1874834636910543	0.42476606138994444	1	0	3	3	1.0116286645520638	correct_baseline
3172077	Veronica persica	Magnoliopsida	220	Plantae	2016	3	2	1029	66	1.217006136147544	3.316411800640416	0.44659831904311936	1	0	3	3	1.0142606661024272	correct_baseline
3172077	Veronica persica	Magnoliopsida	220	Plantae	2017	4	3	1121	65	1.2816931657385895	3.4699548201775734	0.47341751009223254	1	0	3	3	1.0156865456366064	correct_baseline
3172077	Veronica persica	Magnoliopsida	220	Plantae	2018	1	1	2080	67	1.3593935277485907	3.6562469538681244	0.5054228520668496	1	0	3	3	1.016152359568943	correct_baseline
3172077	Veronica persica	Magnoliopsida	220	Plantae	2019	6	6	1707	61	1.4522145231631873	3.887709085767789	0.542460090186915	1	0	3	3	1.0158938390969774	correct_baseline
3172077	Veronica persica	Magnoliopsida	220	Plantae	2020	7	6	2490	62	1.5627138500487086	4.182916004894516	0.583821088990679	1	0	3	3	1.0151049376088228	correct_baseline
3172077	Veronica persica	Magnoliopsida	220	Plantae	2021	19	11	3508	57	1.694011578174917	4.569215013290982	0.6280455655169062	1	0	3	3	1.013936423005057	correct_baseline
3172077	Veronica persica	Magnoliopsida	220	Plantae	2022	13	9	2898	59	1.8499328531847654	5.086432997431605	0.672819550168142	1	0	3	3	1.0125018210025816	correct_baseline
3172077	Veronica persica	Magnoliopsida	220	Plantae	2023	46	22	1678	45	2.0351907659972523	5.792256735424281	0.7150928633167849	1	0	3	3	1.010883369500158	correct_baseline
3172077	Veronica persica	Magnoliopsida	220	Plantae	2024	58	24	2458	44	2.255621487358008	6.770381447435411	0.7514832559631329	0	0	0	1	1.009137285204973	correct_baseline
3172100	Veronica filiformis	Magnoliopsida	220	Plantae	1980	4	3	907	34	1.1089160063296024	4.672513194772143	0.2631762946051908	0	0	0	1	0.9151175447479946	correct_baseline
3172100	Veronica filiformis	Magnoliopsida	220	Plantae	1981	0	0	0	0	1.07625776214231	4.291164433644774	0.26993390453409516	0	0	0	1	0.9183811238227124	correct_baseline
3172100	Veronica filiformis	Magnoliopsida	220	Plantae	1982	0	0	0	0	1.0460483730396828	3.9657024555917806	0.27592014554598826	0	0	0	1	0.9216427246573942	correct_baseline
3172100	Veronica filiformis	Magnoliopsida	220	Plantae	1983	2	2	530	26	1.0181342966390465	3.687708174429967	0.281095302817154	0	0	0	1	0.9249005605865189	correct_baseline
3172100	Veronica filiformis	Magnoliopsida	220	Plantae	1984	0	0	0	0	0.9923758649799348	3.4501687866492334	0.28543816789644966	0	0	0	1	0.9281525487159161	correct_baseline
3172100	Veronica filiformis	Magnoliopsida	220	Plantae	1985	0	0	0	0	0.9686461293024207	3.247215548847564	0.2889476567533546	0	0	0	1	0.9313962531552474	correct_baseline
3172100	Veronica filiformis	Magnoliopsida	220	Plantae	1986	7	5	1402	32	0.9468298243039883	3.0739136961256883	0.2916434242514482	0	0	0	1	0.9346288160135803	correct_baseline
3172100	Veronica filiformis	Magnoliopsida	220	Plantae	1987	0	0	0	0	0.9268224400975161	2.9260941484210994	0.2935653440720027	0	0	0	1	0.9378468731284877	correct_baseline
3172100	Veronica filiformis	Magnoliopsida	220	Plantae	1988	1	1	175	22	0.9085293914451	2.8002187840855597	0.29477184418972285	0	0	0	1	0.9410464512405365	correct_baseline
3172100	Veronica filiformis	Magnoliopsida	220	Plantae	1989	0	0	0	0	0.8918652750452224	2.693272676460321	0.29533722143458907	0	0	0	1	0.9442228428229316	correct_baseline
3172100	Veronica filiformis	Magnoliopsida	220	Plantae	1990	0	0	0	0	0.876753206722614	2.602677932863468	0.2953481780408638	0	0	0	1	0.9473704548171334	correct_baseline
3172100	Veronica filiformis	Magnoliopsida	220	Plantae	1991	31	23	12415	45	0.8631242313273698	2.5262247596334717	0.29489990384408715	0	0	0	1	0.9504826280903828	correct_baseline
3172100	Veronica filiformis	Magnoliopsida	220	Plantae	1992	6	4	5414	50	0.8509167990068464	2.462016184559836	0.2940920548666119	0	0	0	1	0.9535514260388083	correct_baseline
3172100	Veronica filiformis	Magnoliopsida	220	Plantae	1993	27	19	4499	44	0.8400763022833424	2.4084235524559197	0.2930249510881954	0	0	0	1	0.9565673946436933	correct_baseline
3172100	Veronica filiformis	Magnoliopsida	220	Plantae	1994	13	12	6142	53	0.8305546690638318	2.3640504990529565	0.2917962448687433	0	0	0	1	0.9595193034226939	correct_baseline
3172100	Veronica filiformis	Magnoliopsida	220	Plantae	1995	4	4	1346	33	0.8223100073351568	2.3277036139463974	0.29049821640184004	0	0	0	1	0.9623938894106101	correct_baseline
3172100	Veronica filiformis	Magnoliopsida	220	Plantae	1996	3	3	868	37	0.8153062978680592	2.2983684278673797	0.28921575465605737	0	0	0	1	0.9651756463422507	correct_baseline
3172100	Veronica filiformis	Magnoliopsida	220	Plantae	1997	10	9	1282	48	0.8095131317742937	2.2751897049232195	0.2880249981340082	0	0	0	1	0.967846729950566	correct_baseline
3172100	Veronica filiformis	Magnoliopsida	220	Plantae	1998	1	1	648	35	0.804905490240092	2.2574552915675516	0.2869925489282967	0	0	0	1	0.9703870851717331	correct_baseline
3172100	Veronica filiformis	Magnoliopsida	220	Plantae	1999	1	1	683	34	0.8014635642030046	2.2445829798560806	0.28617513832621583	0	0	0	1	0.9727749313515675	correct_baseline
3172100	Veronica filiformis	Magnoliopsida	220	Plantae	2000	3	3	927	33	0.7991726121536844	2.2361099947954446	0.28561960972540096	0	0	0	1	0.9749877434458392	correct_baseline
3172100	Veronica filiformis	Magnoliopsida	220	Plantae	2001	4	3	453	18	0.7980228546350283	2.2316848269552714	0.2853630892802604	0	0	0	1	0.9770038047658691	correct_baseline
3172100	Veronica filiformis	Magnoliopsida	220	Plantae	2002	3	3	443	18	0.7980094043834621	2.2310612137548644	0.28543323040997376	0	0	0	1	0.9788042500981903	correct_baseline
3172100	Veronica filiformis	Magnoliopsida	220	Plantae	2003	2	2	4125	65	0.7991322314159158	2.2340941357476485	0.28584843989757247	0	0	0	1	0.9803752839189697	correct_baseline
3172100	Veronica filiformis	Magnoliopsida	220	Plantae	2004	26	24	5022	44	0.8013961627158716	2.2407377452549264	0.2866180172024805	0	0	0	1	0.9817100474291642	correct_baseline
3172100	Veronica filiformis	Magnoliopsida	220	Plantae	2005	7	7	1584	60	0.8048109165173066	2.2510451891150463	0.28774216283062065	0	0	0	1	0.9828095771059571	correct_baseline
3172100	Veronica filiformis	Magnoliopsida	220	Plantae	2006	0	0	0	0	0.8093911715308538	2.265170328684586	0.28921183553226265	0	0	0	1	0.9836825374224776	correct_baseline
3172100	Veronica filiformis	Magnoliopsida	220	Plantae	2007	0	0	0	0	0.8151566718065382	2.2833714010372614	0.2910084620000322	0	0	0	1	0.9843438276184415	correct_baseline
3172100	Veronica filiformis	Magnoliopsida	220	Plantae	2008	0	0	0	0	0.8221323682865295	2.306016707602107	0.2931035272885115	0	0	0	1	0.9848125200379577	correct_baseline
3172100	Veronica filiformis	Magnoliopsida	220	Plantae	2009	1	1	325	41	0.8303485984741616	2.3335924625479385	0.2954580999268379	0	0	0	1	0.9851096993332228	correct_baseline
3172100	Veronica filiformis	Magnoliopsida	220	Plantae	2010	1	1	386	59	0.8398413060368828	2.366712986262006	0.29802237255635416	0	0	0	1	0.985256639618292	correct_baseline
3172100	Veronica filiformis	Magnoliopsida	220	Plantae	2011	0	0	0	0	0.8506523025759757	2.406133494119993	0.30073532563597777	0	0	0	1	0.9852735204612543	correct_baseline
3172100	Veronica filiformis	Magnoliopsida	220	Plantae	2012	3	3	910	65	0.8628295742403663	2.4527658145217655	0.3035246454333708	0	0	0	1	0.9851786807470404	correct_baseline
3172100	Veronica filiformis	Magnoliopsida	220	Plantae	2013	2	2	877	65	0.8764276363415949	2.5076974827550877	0.30630704342352016	0	0	0	1	0.9849882999238937	correct_baseline
3172100	Veronica filiformis	Magnoliopsida	220	Plantae	2014	4	3	902	64	0.8915079396485822	2.572214811355092	0.308989126004508	0	0	0	1	0.984716368124308	correct_baseline
3172100	Veronica filiformis	Magnoliopsida	220	Plantae	2015	0	0	0	0	0.9081393326113582	2.647830748178863	0.3114689441547692	0	0	0	1	0.9843748244964291	correct_baseline
3172100	Veronica filiformis	Magnoliopsida	220	Plantae	2016	0	0	0	0	0.9263985843903437	2.736318616156129	0.31363830662600906	0	0	0	1	0.9839737763044841	correct_baseline
3172100	Veronica filiformis	Magnoliopsida	220	Plantae	2017	4	2	1121	66	0.9463709742608846	2.839753198166818	0.3153858657511701	0	0	0	1	0.9835217430849452	correct_baseline
3172100	Veronica filiformis	Magnoliopsida	220	Plantae	2018	1	1	2080	67	0.9681509537313211	2.9605610982568336	0.31660088682606646	0	0	0	1	0.9830258942178701	correct_baseline
3172100	Veronica filiformis	Magnoliopsida	220	Plantae	2019	2	2	1711	65	0.9918428885678856	3.101582884506714	0.31717750330542793	0	0	0	1	0.9824922643472119	correct_baseline
3172100	Veronica filiformis	Magnoliopsida	220	Plantae	2020	1	1	2496	67	1.0175618888734015	3.266150206392804	0.31701916086436055	0	0	0	1	0.9819259408027237	correct_baseline
3172100	Veronica filiformis	Magnoliopsida	220	Plantae	2021	14	10	3513	58	1.0454347364328425	3.4581818926598715	0.3160428867146064	0	0	0	1	0.9813312225792934	correct_baseline
3172100	Veronica filiformis	Magnoliopsida	220	Plantae	2022	9	8	2902	60	1.0756009197327092	3.68230400119981	0.31418300557283974	0	0	0	1	0.9807117531323354	correct_baseline
3172100	Veronica filiformis	Magnoliopsida	220	Plantae	2023	9	7	1715	60	1.108213788400181	3.9439999614781813	0.3113939687615981	0	0	0	1	0.9800706303470312	correct_baseline
3172100	Veronica filiformis	Magnoliopsida	220	Plantae	2024	6	4	2510	64	1.1434418403114783	4.249798406972681	0.3076520618083297	0	0	0	1	0.9794104972937053	correct_baseline
3172118	Veronica longifolia	Magnoliopsida	220	Plantae	1980	1	1	910	36									correct_baseline
3172118	Veronica longifolia	Magnoliopsida	220	Plantae	1981	0	0	0	0									correct_baseline
3172118	Veronica longifolia	Magnoliopsida	220	Plantae	1982	0	0	0	0									correct_baseline
3172118	Veronica longifolia	Magnoliopsida	220	Plantae	1983	0	0	0	0									correct_baseline
3172118	Veronica longifolia	Magnoliopsida	220	Plantae	1984	0	0	0	0									correct_baseline
3172118	Veronica longifolia	Magnoliopsida	220	Plantae	1985	0	0	0	0									correct_baseline
3172118	Veronica longifolia	Magnoliopsida	220	Plantae	1986	0	0	0	0									correct_baseline
3172118	Veronica longifolia	Magnoliopsida	220	Plantae	1987	0	0	0	0									correct_baseline
3172118	Veronica longifolia	Magnoliopsida	220	Plantae	1988	0	0	0	0									correct_baseline
3172118	Veronica longifolia	Magnoliopsida	220	Plantae	1989	0	0	0	0									correct_baseline
3172118	Veronica longifolia	Magnoliopsida	220	Plantae	1990	0	0	0	0									correct_baseline
3172118	Veronica longifolia	Magnoliopsida	220	Plantae	1991	0	0	0	0									correct_baseline
3172118	Veronica longifolia	Magnoliopsida	220	Plantae	1992	0	0	0	0									correct_baseline
3172118	Veronica longifolia	Magnoliopsida	220	Plantae	1993	0	0	0	0									correct_baseline
3172118	Veronica longifolia	Magnoliopsida	220	Plantae	1994	1	1	6154	64									correct_baseline
3172118	Veronica longifolia	Magnoliopsida	220	Plantae	1995	0	0	0	0									correct_baseline
3172118	Veronica longifolia	Magnoliopsida	220	Plantae	1996	0	0	0	0									correct_baseline
3172118	Veronica longifolia	Magnoliopsida	220	Plantae	1997	0	0	0	0									correct_baseline
3172118	Veronica longifolia	Magnoliopsida	220	Plantae	1998	0	0	0	0									correct_baseline
3172118	Veronica longifolia	Magnoliopsida	220	Plantae	1999	0	0	0	0									correct_baseline
3172118	Veronica longifolia	Magnoliopsida	220	Plantae	2000	0	0	0	0									correct_baseline
3172118	Veronica longifolia	Magnoliopsida	220	Plantae	2001	0	0	0	0									correct_baseline
3172118	Veronica longifolia	Magnoliopsida	220	Plantae	2002	0	0	0	0									correct_baseline
3172118	Veronica longifolia	Magnoliopsida	220	Plantae	2003	0	0	0	0									correct_baseline
3172118	Veronica longifolia	Magnoliopsida	220	Plantae	2004	0	0	0	0									correct_baseline
3172118	Veronica longifolia	Magnoliopsida	220	Plantae	2005	0	0	0	0									correct_baseline
3172118	Veronica longifolia	Magnoliopsida	220	Plantae	2006	0	0	0	0									correct_baseline
3172118	Veronica longifolia	Magnoliopsida	220	Plantae	2007	0	0	0	0									correct_baseline
3172118	Veronica longifolia	Magnoliopsida	220	Plantae	2008	0	0	0	0									correct_baseline
3172118	Veronica longifolia	Magnoliopsida	220	Plantae	2009	0	0	0	0									correct_baseline
3172118	Veronica longifolia	Magnoliopsida	220	Plantae	2010	0	0	0	0									correct_baseline
3172118	Veronica longifolia	Magnoliopsida	220	Plantae	2011	0	0	0	0									correct_baseline
3172118	Veronica longifolia	Magnoliopsida	220	Plantae	2012	0	0	0	0									correct_baseline
3172118	Veronica longifolia	Magnoliopsida	220	Plantae	2013	0	0	0	0									correct_baseline
3172118	Veronica longifolia	Magnoliopsida	220	Plantae	2014	0	0	0	0									correct_baseline
3172118	Veronica longifolia	Magnoliopsida	220	Plantae	2015	0	0	0	0									correct_baseline
3172118	Veronica longifolia	Magnoliopsida	220	Plantae	2016	0	0	0	0									correct_baseline
3172118	Veronica longifolia	Magnoliopsida	220	Plantae	2017	0	0	0	0									correct_baseline
3172118	Veronica longifolia	Magnoliopsida	220	Plantae	2018	0	0	0	0									correct_baseline
3172118	Veronica longifolia	Magnoliopsida	220	Plantae	2019	0	0	0	0									correct_baseline
3172118	Veronica longifolia	Magnoliopsida	220	Plantae	2020	0	0	0	0									correct_baseline
3172118	Veronica longifolia	Magnoliopsida	220	Plantae	2021	2	2	3525	66									correct_baseline
3172118	Veronica longifolia	Magnoliopsida	220	Plantae	2022	0	0	0	0									correct_baseline
3172118	Veronica longifolia	Magnoliopsida	220	Plantae	2023	1	1	1723	66									correct_baseline
3172118	Veronica longifolia	Magnoliopsida	220	Plantae	2024	2	1	2514	67									correct_baseline
3172291	Ligustrum ovalifolium	Magnoliopsida	220	Plantae	1990	2	2	249	38	0.02951485331019644	432.79594109918196	2.012788206169386e-6	0	0	0	1	0.8426290263914594	correct_baseline
3172291	Ligustrum ovalifolium	Magnoliopsida	220	Plantae	1991	16	15	12430	53	0.027124381762919706	393.872008905175	1.8679471233959655e-6	0	0	0	1	0.8492055631954059	correct_baseline
3172291	Ligustrum ovalifolium	Magnoliopsida	220	Plantae	1992	0	0	0	0	0.025026615370404005	360.5733772872178	1.7370430440826273e-6	0	0	0	1	0.8558210586105937	correct_baseline
3172291	Ligustrum ovalifolium	Magnoliopsida	220	Plantae	1993	0	0	0	0	0.023182882904025207	331.9749828897053	1.6189354241801536e-6	0	0	0	1	0.8624736919110141	correct_baseline
3172291	Ligustrum ovalifolium	Magnoliopsida	220	Plantae	1994	0	0	0	0	0.02156035045699116	307.32724885952325	1.5125528684921685e-6	0	0	0	1	0.8691611690734464	correct_baseline
3172291	Ligustrum ovalifolium	Magnoliopsida	220	Plantae	1995	0	0	0	0	0.02013108775413584	286.0198012650313	1.416897334982749e-6	0	0	0	1	0.8758805937799777	correct_baseline
3172291	Ligustrum ovalifolium	Magnoliopsida	220	Plantae	1996	0	0	0	0	0.018871295710864436	267.5533291122724	1.3310460497295864e-6	0	0	0	1	0.8826282957911639	correct_baseline
3172291	Ligustrum ovalifolium	Magnoliopsida	220	Plantae	1997	0	0	0	0	0.01776066612228042	251.5176440368883	1.2541516215095267e-6	0	0	0	1	0.8893996001698027	correct_baseline
3172291	Ligustrum ovalifolium	Magnoliopsida	220	Plantae	1998	0	0	0	0	0.016781849912618132	237.57448705716843	1.1854407852383207e-6	0	0	0	1	0.8961885137204929	correct_baseline
3172291	Ligustrum ovalifolium	Magnoliopsida	220	Plantae	1999	0	0	0	0	0.01592001482834254	225.443990933923	1.1242121428241177e-6	0	0	0	1	0.9029872948509129	correct_baseline
3172291	Ligustrum ovalifolium	Magnoliopsida	220	Plantae	2000	0	0	0	0	0.0151624770412763	214.89397370728747	1.0698332115184593e-6	0	0	0	1	0.9097858582992033	correct_baseline
3172291	Ligustrum ovalifolium	Magnoliopsida	220	Plantae	2001	0	0	0	0	0.01449839401865539	205.7314375356728	1.0217370356134023e-6	0	0	0	1	0.9165709458844478	correct_baseline
3172291	Ligustrum ovalifolium	Magnoliopsida	220	Plantae	2002	0	0	0	0	0.013918508355542394	197.79579544727352	9.794185685556927e-7	0	0	0	1	0.9233249680731326	correct_baseline
3172291	Ligustrum ovalifolium	Magnoliopsida	220	Plantae	2003	10	9	4117	58	0.013414934162780452	190.95346029548008	9.424309897985858e-7	0	0	0	1	0.9300243924296316	correct_baseline
3172291	Ligustrum ovalifolium	Magnoliopsida	220	Plantae	2004	5	5	5043	63	0.012980979149005334	185.09351470511507	9.103820840798729e-7	0	0	0	1	0.9366375394750536	correct_baseline
3172291	Ligustrum ovalifolium	Magnoliopsida	220	Plantae	2005	1	1	1590	66	0.012610996798544402	180.1242451216641	8.82930780059487e-7	0	0	0	1	0.9431216902039287	correct_baseline
3172291	Ligustrum ovalifolium	Magnoliopsida	220	Plantae	2006	0	0	0	0	0.01230026408460399	175.97037237740602	8.59783919911877e-7	0	0	0	1	0.9494196266108949	correct_baseline
3172291	Ligustrum ovalifolium	Magnoliopsida	220	Plantae	2007	0	0	0	0	0.012044881014169999	172.57084926645672	8.406933109629919e-7	0	0	0	1	0.9554563461525115	correct_baseline
3172291	Ligustrum ovalifolium	Magnoliopsida	220	Plantae	2008	0	0	0	0	0.01184168901398825	169.8771253010154	8.254530941439926e-7	0	0	0	1	0.9611380142109699	correct_baseline
3172291	Ligustrum ovalifolium	Magnoliopsida	220	Plantae	2009	1	1	325	41	0.011688205765472956	167.85180222242857	8.138974512469114e-7	0	0	0	1	0.9663571362423725	correct_baseline
3172291	Ligustrum ovalifolium	Magnoliopsida	220	Plantae	2010	0	0	0	0	0.011582574604681227	166.46762256896642	8.058986630714123e-7	0	0	0	1	0.9710085882860251	correct_baseline
3172291	Ligustrum ovalifolium	Magnoliopsida	220	Plantae	2011	0	0	0	0	0.011523527041697424	165.70674889198017	8.013655229413439e-7	0	0	0	1	0.9750162691323097	correct_baseline
3172291	Ligustrum ovalifolium	Magnoliopsida	220	Plantae	2012	0	0	0	0	0.01151035733881357	165.56030403150973	8.002421041819532e-7	0	0	0	1	0.9783586743209476	correct_baseline
3172291	Ligustrum ovalifolium	Magnoliopsida	220	Plantae	2013	1	1	878	66	0.011542908433297519	166.02815399255698	8.025068754632063e-7	0	0	0	1	0.9810755627749148	correct_baseline
3172291	Ligustrum ovalifolium	Magnoliopsida	220	Plantae	2014	0	0	0	0	0.011621568811114369	167.1189250597465	8.081721539507318e-7	0	0	0	1	0.9832505904976456	correct_baseline
3172291	Ligustrum ovalifolium	Magnoliopsida	220	Plantae	2015	1	1	761	67	0.011747280244369756	168.85025643140582	8.172838825140948e-7	0	0	0	1	0.984983728969551	correct_baseline
3172291	Ligustrum ovalifolium	Magnoliopsida	220	Plantae	2016	0	0	0	0	0.01192155660851316	171.24929939247994	8.299217133978234e-7	0	0	0	1	0.9863697280568061	correct_baseline
3172291	Ligustrum ovalifolium	Magnoliopsida	220	Plantae	2017	0	0	0	0	0.01214651430637471	174.3534844357572	8.461993763556118e-7	0	0	0	1	0.9874879673674735	correct_baseline
3172291	Ligustrum ovalifolium	Magnoliopsida	220	Plantae	2018	2	2	2079	66	0.01242491515615056	178.2115893888427	8.662653038837948e-7	0	0	0	1	0.9884006776785695	correct_baseline
3172291	Ligustrum ovalifolium	Magnoliopsida	220	Plantae	2019	0	0	0	0	0.012760222961579241	182.88515521167312	8.903034794746497e-7	0	0	0	1	0.9891550673151658	correct_baseline
3172291	Ligustrum ovalifolium	Magnoliopsida	220	Plantae	2020	1	1	2496	67	0.013156675388224204	188.45031254787207	9.18534466357717e-7	0	0	0	1	0.9897864865802881	correct_baseline
3172291	Ligustrum ovalifolium	Magnoliopsida	220	Plantae	2021	5	4	3522	64	0.013619373235446899	195.0001024138433	9.512165636341713e-7	0	0	0	1	0.9903213697315321	correct_baseline
3172291	Ligustrum ovalifolium	Magnoliopsida	220	Plantae	2022	6	5	2905	63	0.014154389737485782	202.64739997254483	9.886470236863948e-7	0	0	0	1	0.9907795861558465	correct_baseline
3172291	Ligustrum ovalifolium	Magnoliopsida	220	Plantae	2023	7	7	1717	60	0.014768903170787863	211.52858297507495	1.031163248958226e-6	0	0	0	1	0.9911762008693114	correct_baseline
3172291	Ligustrum ovalifolium	Magnoliopsida	220	Plantae	2024	10	6	2506	62	0.01547135681474419	221.8081285680436	1.079143867424601e-6	0	0	0	1	0.99152275543189	correct_baseline
3172347	Fraxinus ornus	Magnoliopsida	220	Plantae	2018	2	2	2079	66									correct_baseline
3172347	Fraxinus ornus	Magnoliopsida	220	Plantae	2019	0	0	0	0									correct_baseline
3172347	Fraxinus ornus	Magnoliopsida	220	Plantae	2020	6	4	2491	64									correct_baseline
3172347	Fraxinus ornus	Magnoliopsida	220	Plantae	2021	3	3	3524	65									correct_baseline
3172347	Fraxinus ornus	Magnoliopsida	220	Plantae	2022	5	3	2906	65									correct_baseline
3172347	Fraxinus ornus	Magnoliopsida	220	Plantae	2023	4	2	1720	65									correct_baseline
3172347	Fraxinus ornus	Magnoliopsida	220	Plantae	2024	1	1	2515	67									correct_baseline
3173338	Buddleja davidii	Magnoliopsida	220	Plantae	1980	4	3	907	34	1.7100596321066097	6.752469338765314	0.4330717843578244	0	0	0	1	0.8962832277533491	correct_baseline
3173338	Buddleja davidii	Magnoliopsida	220	Plantae	1981	0	0	0	0	1.6137386351338994	6.098200399910289	0.427036209331876	0	0	0	1	0.9000871994878591	correct_baseline
3173338	Buddleja davidii	Magnoliopsida	220	Plantae	1982	0	0	0	0	1.5265410560884642	5.544150373958535	0.42032185975140224	0	0	0	1	0.9039026892855729	correct_baseline
3173338	Buddleja davidii	Magnoliopsida	220	Plantae	1983	3	3	529	25	1.4475618607681806	5.073745063137193	0.4129957880569958	0	0	0	1	0.9077291464035876	correct_baseline
3173338	Buddleja davidii	Magnoliopsida	220	Plantae	1984	0	0	0	0	1.3760021927394734	4.673420347729141	0.4051383983347123	0	0	0	1	0.911565918482022	correct_baseline
3173338	Buddleja davidii	Magnoliopsida	220	Plantae	1985	0	0	0	0	1.3111563141115274	4.3320309743891245	0.3968417793404507	0	0	0	1	0.9154122305854313	correct_baseline
3173338	Buddleja davidii	Magnoliopsida	220	Plantae	1986	2	2	1407	35	1.2524003104474244	4.040383582398787	0.3882073336902281	0	0	0	1	0.9192671590307578	correct_baseline
3173338	Buddleja davidii	Magnoliopsida	220	Plantae	1987	2	2	505	32	1.199182311803419	3.7908668173556523	0.37934284854283185	0	0	0	1	0.9231295983282376	correct_baseline
3173338	Buddleja davidii	Magnoliopsida	220	Plantae	1988	0	0	0	0	1.1510140190715525	3.577157474967509	0.3703592255499688	0	0	0	1	0.9269982192568846	correct_baseline
3173338	Buddleja davidii	Magnoliopsida	220	Plantae	1989	0	0	0	0	1.107463356220849	3.393986279035325	0.3613671313133736	0	0	0	1	0.930871415201919	correct_baseline
3173338	Buddleja davidii	Magnoliopsida	220	Plantae	1990	0	0	0	0	1.068148095627028	3.236950494550659	0.35247383489874073	0	0	0	1	0.9347472330561437	correct_baseline
3173338	Buddleja davidii	Magnoliopsida	220	Plantae	1991	38	26	12408	42	1.032730326231377	3.1023633770671015	0.34378046575776666	0	0	0	1	0.9386232837483934	correct_baseline
3173338	Buddleja davidii	Magnoliopsida	220	Plantae	1992	17	11	5403	43	1.000911653427694	2.987132655423213	0.33537986207225295	0	0	0	1	0.9424966256541834	correct_baseline
3173338	Buddleja davidii	Magnoliopsida	220	Plantae	1993	20	14	4506	49	0.9724290358863649	2.8886619732611267	0.32735510024640885	0	0	0	1	0.9463636120560432	correct_baseline
3173338	Buddleja davidii	Magnoliopsida	220	Plantae	1994	23	17	6132	48	0.9470511784421801	2.804770573921155	0.3197787166366411	0	0	0	1	0.9502196908704946	correct_baseline
3173338	Buddleja davidii	Magnoliopsida	220	Plantae	1995	4	3	1346	34	0.9245754120794921	2.7336275765618803	0.312712565512346	0	0	0	1	0.9540591416373803	correct_baseline
3173338	Buddleja davidii	Magnoliopsida	220	Plantae	1996	2	2	869	38	0.9048250022659341	2.673698016595133	0.30620821036780577	0	0	0	1	0.9578747314022364	correct_baseline
3173338	Buddleja davidii	Magnoliopsida	220	Plantae	1997	2	2	1290	55	0.8876468356848993	2.623698458652913	0.3003077210732346	0	0	0	1	0.9616572693920807	correct_baseline
3173338	Buddleja davidii	Magnoliopsida	220	Plantae	1998	2	2	647	34	0.8729094430262478	2.5825604760016176	0.29504474447161677	0	0	0	1	0.9653950438604612	correct_baseline
3173338	Buddleja davidii	Magnoliopsida	220	Plantae	1999	4	2	680	33	0.8605013221086164	2.5494006610010835	0.2904457258044	0	0	0	1	0.9690731410330267	correct_baseline
3173338	Buddleja davidii	Magnoliopsida	220	Plantae	2000	2	2	928	34	0.8503295313910247	2.523496115304621	0.28653117695344504	0	0	0	1	0.9726726908035092	correct_baseline
3173338	Buddleja davidii	Magnoliopsida	220	Plantae	2001	0	0	0	0	0.8423185290284201	2.504264588743009	0.28331690969632256	0	0	0	1	0.9761701807333418	correct_baseline
3173338	Buddleja davidii	Magnoliopsida	220	Plantae	2002	2	2	444	19	0.8364092371583194	2.4912486097933866	0.28081517406718476	0	0	0	1	0.9795371542474132	correct_baseline
3173338	Buddleja davidii	Magnoliopsida	220	Plantae	2003	18	18	4109	49	0.8325583151810589	2.4841030913782487	0.2790356610331107	0	0	0	1	0.9827408508765326	correct_baseline
3173338	Buddleja davidii	Magnoliopsida	220	Plantae	2004	23	22	5025	46	0.8307376295090153	2.4825860131557675	0.27798634384675264	0	0	0	1	0.9857465225877601	correct_baseline
3173338	Buddleja davidii	Magnoliopsida	220	Plantae	2005	5	5	1586	62	0.8309339106952973	2.486551882528223	0.27767414337695545	0	0	0	1	0.9885219252028413	correct_baseline
3173338	Buddleja davidii	Magnoliopsida	220	Plantae	2006	1	1	196	15	0.833148592087075	2.495947766548993	0.27810540981649595	0	0	0	1	0.9910434439333486	correct_baseline
3173338	Buddleja davidii	Magnoliopsida	220	Plantae	2007	0	0	0	0	0.8373978272547477	2.5108117697689862	0.27928621712470747	0	0	0	1	0.9933017191969983	correct_baseline
3173338	Buddleja davidii	Magnoliopsida	220	Plantae	2008	2	2	183	36	0.8437126864939299	2.531273912098534	0.28122246823957886	0	0	0	1	0.995303933415678	correct_baseline
3173338	Buddleja davidii	Magnoliopsida	220	Plantae	2009	1	1	325	41	0.8521395357495348	2.55755943883552	0.2839198093937757	0	0	0	1	0.997071446609248	correct_baseline
3173338	Buddleja davidii	Magnoliopsida	220	Plantae	2010	0	0	0	0	0.8627406044369804	2.589994674849488	0.2873833517003432	0	0	0	1	0.9986342142394808	correct_baseline
3173338	Buddleja davidii	Magnoliopsida	220	Plantae	2011	0	0	0	0	0.8755947519036619	2.6290156193149015	0.291617198440617	0	0	0	1	1.0000248102206948	correct_baseline
3173338	Buddleja davidii	Magnoliopsida	220	Plantae	2012	1	1	912	67	0.8907984457570526	2.675179569440794	0.2966237780924196	0	0	0	1	1.0012740848948192	correct_baseline
3173338	Buddleja davidii	Magnoliopsida	220	Plantae	2013	1	1	878	66	0.9084669690626715	2.7291801649610234	0.30240298697528584	0	0	0	1	1.002408927305511	correct_baseline
3173338	Buddleja davidii	Magnoliopsida	220	Plantae	2014	0	0	0	0	0.9287358775722068	2.7918663641787838	0.3089511523032846	0	0	0	1	1.0034516285929114	correct_baseline
3173338	Buddleja davidii	Magnoliopsida	220	Plantae	2015	3	3	759	65	0.9517627327762336	2.8642660028097424	0.31625983711466593	0	0	0	1	1.0044201419617738	correct_baseline
3173338	Buddleja davidii	Magnoliopsida	220	Plantae	2016	4	4	1028	64	0.9777291417972845	2.9476147562800437	0.32431452335585753	0	0	0	1	1.0053287107909907	correct_baseline
3173338	Buddleja davidii	Magnoliopsida	220	Plantae	2017	2	1	1123	67	1.0068431410739396	3.0433915346329616	0.3330932281277752	0	0	0	1	1.0061885665983503	correct_baseline
3173338	Buddleja davidii	Magnoliopsida	220	Plantae	2018	11	8	2070	60	1.039341967581584	3.1533616004395597	0.34256512967804925	0	0	0	1	1.0070085626177887	correct_baseline
3173338	Buddleja davidii	Magnoliopsida	220	Plantae	2019	8	7	1705	60	1.0754952691614832	3.2796290324147175	0.35268930191689585	0	0	0	1	1.007795699731015	correct_baseline
3173338	Buddleja davidii	Magnoliopsida	220	Plantae	2020	6	6	2491	62	1.115608814587461	3.424700585049989	0.36341367552488474	0	0	0	1	1.008555543672173	correct_baseline
3173338	Buddleja davidii	Magnoliopsida	220	Plantae	2021	18	9	3509	59	1.1600287745252786	3.591563548964933	0.3746743554389934	0	0	0	1	1.0092925483164898	correct_baseline
3173338	Buddleja davidii	Magnoliopsida	220	Plantae	2022	19	14	2892	54	1.2091466568136549	3.783780937901499	0.386395423434447	0	0	0	1	1.0100103033946408	correct_baseline
3173338	Buddleja davidii	Magnoliopsida	220	Plantae	2023	14	11	1710	56	1.2634049938500094	4.005608266425539	0.39848933603023723	1	0	3	3	1.0107117235736534	correct_baseline
3173338	Buddleja davidii	Magnoliopsida	220	Plantae	2024	35	22	2481	46	1.3233038966937893	4.262137399477251	0.4108579895194702	1	0	3	3	1.0113991928920232	correct_baseline
3188894	Oenothera glazioviana	Magnoliopsida	220	Plantae	1991	4	4	12442	64									correct_baseline
3188894	Oenothera glazioviana	Magnoliopsida	220	Plantae	1992	0	0	0	0									correct_baseline
3188894	Oenothera glazioviana	Magnoliopsida	220	Plantae	1993	0	0	0	0									correct_baseline
3188894	Oenothera glazioviana	Magnoliopsida	220	Plantae	1994	1	1	6154	64									correct_baseline
3188894	Oenothera glazioviana	Magnoliopsida	220	Plantae	1995	1	1	1349	36									correct_baseline
3188894	Oenothera glazioviana	Magnoliopsida	220	Plantae	1996	0	0	0	0									correct_baseline
3188894	Oenothera glazioviana	Magnoliopsida	220	Plantae	1997	1	1	1291	56									correct_baseline
3188894	Oenothera glazioviana	Magnoliopsida	220	Plantae	1998	0	0	0	0									correct_baseline
3188894	Oenothera glazioviana	Magnoliopsida	220	Plantae	1999	0	0	0	0									correct_baseline
3188894	Oenothera glazioviana	Magnoliopsida	220	Plantae	2000	0	0	0	0									correct_baseline
3188894	Oenothera glazioviana	Magnoliopsida	220	Plantae	2001	0	0	0	0									correct_baseline
3188894	Oenothera glazioviana	Magnoliopsida	220	Plantae	2002	0	0	0	0									correct_baseline
3188894	Oenothera glazioviana	Magnoliopsida	220	Plantae	2003	3	2	4124	65									correct_baseline
3188894	Oenothera glazioviana	Magnoliopsida	220	Plantae	2004	0	0	0	0									correct_baseline
3188894	Oenothera glazioviana	Magnoliopsida	220	Plantae	2005	0	0	0	0									correct_baseline
3188894	Oenothera glazioviana	Magnoliopsida	220	Plantae	2006	1	1	196	15									correct_baseline
3188894	Oenothera glazioviana	Magnoliopsida	220	Plantae	2007	0	0	0	0									correct_baseline
3188894	Oenothera glazioviana	Magnoliopsida	220	Plantae	2008	0	0	0	0									correct_baseline
3188894	Oenothera glazioviana	Magnoliopsida	220	Plantae	2009	0	0	0	0									correct_baseline
3188894	Oenothera glazioviana	Magnoliopsida	220	Plantae	2010	1	1	386	59									correct_baseline
3188894	Oenothera glazioviana	Magnoliopsida	220	Plantae	2011	0	0	0	0									correct_baseline
3188894	Oenothera glazioviana	Magnoliopsida	220	Plantae	2012	2	1	911	67									correct_baseline
3188894	Oenothera glazioviana	Magnoliopsida	220	Plantae	2013	0	0	0	0									correct_baseline
3188894	Oenothera glazioviana	Magnoliopsida	220	Plantae	2014	1	1	905	66									correct_baseline
3188894	Oenothera glazioviana	Magnoliopsida	220	Plantae	2015	0	0	0	0									correct_baseline
3188894	Oenothera glazioviana	Magnoliopsida	220	Plantae	2016	1	1	1031	67									correct_baseline
3188894	Oenothera glazioviana	Magnoliopsida	220	Plantae	2017	1	1	1124	67									correct_baseline
3188894	Oenothera glazioviana	Magnoliopsida	220	Plantae	2018	0	0	0	0									correct_baseline
3188894	Oenothera glazioviana	Magnoliopsida	220	Plantae	2019	1	1	1712	66									correct_baseline
3188894	Oenothera glazioviana	Magnoliopsida	220	Plantae	2020	1	1	2496	67									correct_baseline
3188894	Oenothera glazioviana	Magnoliopsida	220	Plantae	2021	1	1	3526	67									correct_baseline
3188894	Oenothera glazioviana	Magnoliopsida	220	Plantae	2022	3	3	2908	65									correct_baseline
3188894	Oenothera glazioviana	Magnoliopsida	220	Plantae	2023	1	1	1723	66									correct_baseline
3188894	Oenothera glazioviana	Magnoliopsida	220	Plantae	2024	1	1	2515	67									correct_baseline
3188924	Oenothera biennis	Magnoliopsida	220	Plantae	1991	14	12	12432	56									correct_baseline
3188924	Oenothera biennis	Magnoliopsida	220	Plantae	1992	5	5	5415	49									correct_baseline
3188924	Oenothera biennis	Magnoliopsida	220	Plantae	1993	1	1	4525	62									correct_baseline
3188924	Oenothera biennis	Magnoliopsida	220	Plantae	1994	3	3	6152	62									correct_baseline
3188924	Oenothera biennis	Magnoliopsida	220	Plantae	1995	0	0	0	0									correct_baseline
3188924	Oenothera biennis	Magnoliopsida	220	Plantae	1996	1	1	870	39									correct_baseline
3188924	Oenothera biennis	Magnoliopsida	220	Plantae	1997	0	0	0	0									correct_baseline
3188924	Oenothera biennis	Magnoliopsida	220	Plantae	1998	0	0	0	0									correct_baseline
3188924	Oenothera biennis	Magnoliopsida	220	Plantae	1999	1	1	683	34									correct_baseline
3188924	Oenothera biennis	Magnoliopsida	220	Plantae	2000	0	0	0	0									correct_baseline
3188924	Oenothera biennis	Magnoliopsida	220	Plantae	2001	0	0	0	0									correct_baseline
3188924	Oenothera biennis	Magnoliopsida	220	Plantae	2002	0	0	0	0									correct_baseline
3188924	Oenothera biennis	Magnoliopsida	220	Plantae	2003	2	2	4125	65									correct_baseline
3188924	Oenothera biennis	Magnoliopsida	220	Plantae	2004	0	0	0	0									correct_baseline
3188924	Oenothera biennis	Magnoliopsida	220	Plantae	2005	0	0	0	0									correct_baseline
3188924	Oenothera biennis	Magnoliopsida	220	Plantae	2006	0	0	0	0									correct_baseline
3188924	Oenothera biennis	Magnoliopsida	220	Plantae	2007	0	0	0	0									correct_baseline
3188924	Oenothera biennis	Magnoliopsida	220	Plantae	2008	1	1	184	37									correct_baseline
3188924	Oenothera biennis	Magnoliopsida	220	Plantae	2009	0	0	0	0									correct_baseline
3188924	Oenothera biennis	Magnoliopsida	220	Plantae	2010	0	0	0	0									correct_baseline
3188924	Oenothera biennis	Magnoliopsida	220	Plantae	2011	0	0	0	0									correct_baseline
3188924	Oenothera biennis	Magnoliopsida	220	Plantae	2012	0	0	0	0									correct_baseline
3188924	Oenothera biennis	Magnoliopsida	220	Plantae	2013	2	1	877	66									correct_baseline
3188924	Oenothera biennis	Magnoliopsida	220	Plantae	2014	0	0	0	0									correct_baseline
3188924	Oenothera biennis	Magnoliopsida	220	Plantae	2015	0	0	0	0									correct_baseline
3188924	Oenothera biennis	Magnoliopsida	220	Plantae	2016	0	0	0	0									correct_baseline
3188924	Oenothera biennis	Magnoliopsida	220	Plantae	2017	0	0	0	0									correct_baseline
3188924	Oenothera biennis	Magnoliopsida	220	Plantae	2018	0	0	0	0									correct_baseline
3188924	Oenothera biennis	Magnoliopsida	220	Plantae	2019	0	0	0	0									correct_baseline
3188924	Oenothera biennis	Magnoliopsida	220	Plantae	2020	1	1	2496	67									correct_baseline
3188924	Oenothera biennis	Magnoliopsida	220	Plantae	2021	0	0	0	0									correct_baseline
3188924	Oenothera biennis	Magnoliopsida	220	Plantae	2022	2	2	2909	66									correct_baseline
3188924	Oenothera biennis	Magnoliopsida	220	Plantae	2023	1	1	1723	66									correct_baseline
3188924	Oenothera biennis	Magnoliopsida	220	Plantae	2024	1	1	2515	67									correct_baseline
3189815	Aesculus hippocastanum	Magnoliopsida	220	Plantae	1984	1	1	670	23	0.09606530452750435	3.465128064766466	0.0026632616634860522	0	0	0	1	0.6412561317695079	correct_baseline
3189815	Aesculus hippocastanum	Magnoliopsida	220	Plantae	1985	0	0	0	0	0.08597457068290666	2.2627275148006474	0.0032666888769244213	0	0	0	1	0.6806386841518086	correct_baseline
3189815	Aesculus hippocastanum	Magnoliopsida	220	Plantae	1986	0	0	0	0	0.0793334410707878	1.6144993783964416	0.0038982950110413215	0	0	0	1	0.7221884129162645	correct_baseline
3189815	Aesculus hippocastanum	Magnoliopsida	220	Plantae	1987	0	0	0	0	0.07547020904083987	1.2538467419573243	0.004542622524804492	0	0	0	1	0.7657621590432012	correct_baseline
3189815	Aesculus hippocastanum	Magnoliopsida	220	Plantae	1988	0	0	0	0	0.07399250820893771	1.0532016911555888	0.005198331256990844	0	0	0	1	0.810981922714223	correct_baseline
3189815	Aesculus hippocastanum	Magnoliopsida	220	Plantae	1989	0	0	0	0	0.07471542237677367	0.9487623317836171	0.005883870126299305	0	0	0	1	0.8571777534802041	correct_baseline
3189815	Aesculus hippocastanum	Magnoliopsida	220	Plantae	1990	0	0	0	0	0.07761979337010759	0.907593566059684	0.006638249265004153	0	0	0	1	0.9033535586614885	correct_baseline
3189815	Aesculus hippocastanum	Magnoliopsida	220	Plantae	1991	0	0	0	0	0.08282922361998447	0.9125433060194806	0.00751819693403453	0	0	0	1	0.9481821583872415	correct_baseline
3189815	Aesculus hippocastanum	Magnoliopsida	220	Plantae	1992	1	1	5419	53	0.09059754905649729	0.9550145218764066	0.008594545639910875	0	0	0	1	0.990044738885271	correct_baseline
3189815	Aesculus hippocastanum	Magnoliopsida	220	Plantae	1993	0	0	0	0	0.10129982153026305	1.0313529407559348	0.009949701442206405	1	0	3	3	1.0271497224418127	correct_baseline
3189815	Aesculus hippocastanum	Magnoliopsida	220	Plantae	1994	0	0	0	0	0.11541972013143108	1.1409531676059523	0.011675949700170997	1	0	3	3	1.0577917836371438	correct_baseline
3189815	Aesculus hippocastanum	Magnoliopsida	220	Plantae	1995	0	0	0	0	0.13352544076442274	1.2851814943686848	0.013872782489831497	1	0	3	3	1.0807794248485456	correct_baseline
3189815	Aesculus hippocastanum	Magnoliopsida	220	Plantae	1996	1	1	870	39	0.15622534933307122	1.4666466388050008	0.016640927083926664	1	0	3	3	1.095858411477397	correct_baseline
3189815	Aesculus hippocastanum	Magnoliopsida	220	Plantae	1997	1	1	1291	56	0.18409525804320923	1.6885407906256102	0.0200712142828596	1	0	3	3	1.1037549464452725	correct_baseline
3189815	Aesculus hippocastanum	Magnoliopsida	220	Plantae	1998	0	0	0	0	0.21757263334135415	1.95386578288015	0.024227790462306813	1	0	3	3	1.1057453625336873	correct_baseline
3189815	Aesculus hippocastanum	Magnoliopsida	220	Plantae	1999	0	0	0	0	0.25682072769498837	2.264428411224361	0.02912738854840677	1	0	3	3	1.1031498517741278	correct_baseline
3189815	Aesculus hippocastanum	Magnoliopsida	220	Plantae	2000	1	1	929	35	0.30157776015100674	2.6195824737502886	0.034718947133392616	1	0	3	3	1.0970754706365382	correct_baseline
3189815	Aesculus hippocastanum	Magnoliopsida	220	Plantae	2001	1	1	456	20	0.351020730206727	3.0148380841008198	0.04086970828870005	1	0	3	3	1.0883808647374198	correct_baseline
3189815	Aesculus hippocastanum	Magnoliopsida	220	Plantae	2002	1	1	445	20	0.403685131513213	3.440639943580431	0.047363771878802675	1	0	3	3	1.0777241696420814	correct_baseline
3189815	Aesculus hippocastanum	Magnoliopsida	220	Plantae	2003	18	17	4109	50	0.4574836070599431	3.8817722642034296	0.053916416647776896	1	0	3	3	1.0656143527377984	correct_baseline
3189815	Aesculus hippocastanum	Magnoliopsida	220	Plantae	2004	25	22	5023	46	0.509852430857072	4.31787241774919	0.06020314546171129	1	0	3	3	1.0524441148551194	correct_baseline
3189815	Aesculus hippocastanum	Magnoliopsida	220	Plantae	2005	5	5	1586	62	0.5580240654223145	4.725332396062351	0.06589819117273772	1	0	3	3	1.0385081160761898	correct_baseline
3189815	Aesculus hippocastanum	Magnoliopsida	220	Plantae	2006	1	1	196	15	0.5993848108027102	5.0804369068999495	0.07071481410054951	1	0	3	3	1.0240232291384868	correct_baseline
3189815	Aesculus hippocastanum	Magnoliopsida	220	Plantae	2007	0	0	0	0	0.6318435833712523	5.36307968736792	0.07443975050151755	0	0	0	1	1.0091814312031926	correct_baseline
3189815	Aesculus hippocastanum	Magnoliopsida	220	Plantae	2008	1	1	184	37	0.6541264118769068	5.560068979392531	0.07695612487917464	0	0	0	1	0.9942660948724991	correct_baseline
3189815	Aesculus hippocastanum	Magnoliopsida	220	Plantae	2009	1	1	325	41	0.665928535302803	5.667086276539702	0.07825199626240945	0	0	0	1	0.9797935827900568	correct_baseline
3189815	Aesculus hippocastanum	Magnoliopsida	220	Plantae	2010	0	0	0	0	0.6678963445512948	5.688808847634895	0.07841457482798714	0	0	0	1	0.9665277984085857	correct_baseline
3189815	Aesculus hippocastanum	Magnoliopsida	220	Plantae	2011	2	2	395	66	0.6614586870388636	5.637333786886468	0.07761250463418565	0	0	0	1	0.9552853954792236	correct_baseline
3189815	Aesculus hippocastanum	Magnoliopsida	220	Plantae	2012	0	0	0	0	0.6485631047351673	5.529549337453156	0.07607023197616657	0	0	0	1	0.9466838812238567	correct_baseline
3189815	Aesculus hippocastanum	Magnoliopsida	220	Plantae	2013	2	2	877	65	0.631386199564006	5.384286663741546	0.07403924751711816	0	0	0	1	0.9409938778714853	correct_baseline
3189815	Aesculus hippocastanum	Magnoliopsida	220	Plantae	2014	5	5	901	62	0.612078311613082	5.21994616014292	0.07177082829085418	0	0	0	1	0.9380951073017979	correct_baseline
3189815	Aesculus hippocastanum	Magnoliopsida	220	Plantae	2015	1	1	761	67	0.5925795567968611	5.0529724887615615	0.0694938537493657	0	0	0	1	0.9374924600510897	correct_baseline
3189815	Aesculus hippocastanum	Magnoliopsida	220	Plantae	2016	5	4	1027	64	0.5745182993239215	4.897230120712103	0.0673995846881003	0	0	0	1	0.9384127786342774	correct_baseline
3189815	Aesculus hippocastanum	Magnoliopsida	220	Plantae	2017	2	2	1123	66	0.5591830122286203	4.764120920215363	0.06563343928536103	0	0	0	1	0.9400253666032589	correct_baseline
3189815	Aesculus hippocastanum	Magnoliopsida	220	Plantae	2018	14	8	2067	60	0.5475478779032851	4.663213008623422	0.06429229761582222	0	0	0	1	0.9417013638784874	correct_baseline
3189815	Aesculus hippocastanum	Magnoliopsida	220	Plantae	2019	20	14	1693	53	0.5403306807187261	4.60318200999134	0.06342509244523904	0	0	0	1	0.9431152075106283	correct_baseline
3189815	Aesculus hippocastanum	Magnoliopsida	220	Plantae	2020	28	18	2469	50	0.5380655321371455	4.5929519740579154	0.06303451865146344	0	0	0	1	0.944157808183532	correct_baseline
3189815	Aesculus hippocastanum	Magnoliopsida	220	Plantae	2021	34	19	3493	49	0.5411794314334176	4.643027296045266	0.06307849563065372	0	0	0	1	0.9448142397732235	correct_baseline
3189815	Aesculus hippocastanum	Magnoliopsida	220	Plantae	2022	15	13	2896	55	0.5500680795271865	4.767115557841721	0.0634712728154876	0	0	0	1	0.9451004477334083	correct_baseline
3189815	Aesculus hippocastanum	Magnoliopsida	220	Plantae	2023	21	10	1703	57	0.5651711665794207	4.984262396795828	0.06408539962464335	0	0	0	1	0.9450494702692015	correct_baseline
3189815	Aesculus hippocastanum	Magnoliopsida	220	Plantae	2024	25	16	2491	52	0.5870495360654783	5.321877202114339	0.06475669105213018	0	0	0	1	0.9447134660013439	correct_baseline
3189837	Acer saccharinum	Magnoliopsida	220	Plantae	2020	1	1	2496	67									correct_baseline
3189837	Acer saccharinum	Magnoliopsida	220	Plantae	2021	3	2	3524	66									correct_baseline
3189837	Acer saccharinum	Magnoliopsida	220	Plantae	2022	0	0	0	0									correct_baseline
3189837	Acer saccharinum	Magnoliopsida	220	Plantae	2023	1	1	1723	66									correct_baseline
3189837	Acer saccharinum	Magnoliopsida	220	Plantae	2024	2	2	2514	66									correct_baseline
3189866	Acer negundo	Magnoliopsida	220	Plantae	1987	1	1	506	33									correct_baseline
3189866	Acer negundo	Magnoliopsida	220	Plantae	1988	0	0	0	0									correct_baseline
3189866	Acer negundo	Magnoliopsida	220	Plantae	1989	0	0	0	0									correct_baseline
3189866	Acer negundo	Magnoliopsida	220	Plantae	1990	0	0	0	0									correct_baseline
3189866	Acer negundo	Magnoliopsida	220	Plantae	1991	0	0	0	0									correct_baseline
3189866	Acer negundo	Magnoliopsida	220	Plantae	1992	0	0	0	0									correct_baseline
3189866	Acer negundo	Magnoliopsida	220	Plantae	1993	0	0	0	0									correct_baseline
3189866	Acer negundo	Magnoliopsida	220	Plantae	1994	0	0	0	0									correct_baseline
3189866	Acer negundo	Magnoliopsida	220	Plantae	1995	0	0	0	0									correct_baseline
3189866	Acer negundo	Magnoliopsida	220	Plantae	1996	1	1	870	39									correct_baseline
3189866	Acer negundo	Magnoliopsida	220	Plantae	1997	0	0	0	0									correct_baseline
3189866	Acer negundo	Magnoliopsida	220	Plantae	1998	2	2	647	34									correct_baseline
3189866	Acer negundo	Magnoliopsida	220	Plantae	1999	0	0	0	0									correct_baseline
3189866	Acer negundo	Magnoliopsida	220	Plantae	2000	0	0	0	0									correct_baseline
3189866	Acer negundo	Magnoliopsida	220	Plantae	2001	0	0	0	0									correct_baseline
3189866	Acer negundo	Magnoliopsida	220	Plantae	2002	0	0	0	0									correct_baseline
3189866	Acer negundo	Magnoliopsida	220	Plantae	2003	0	0	0	0									correct_baseline
3189866	Acer negundo	Magnoliopsida	220	Plantae	2004	1	1	5047	67									correct_baseline
3189866	Acer negundo	Magnoliopsida	220	Plantae	2005	0	0	0	0									correct_baseline
3189866	Acer negundo	Magnoliopsida	220	Plantae	2006	0	0	0	0									correct_baseline
3189866	Acer negundo	Magnoliopsida	220	Plantae	2007	0	0	0	0									correct_baseline
3189866	Acer negundo	Magnoliopsida	220	Plantae	2008	0	0	0	0									correct_baseline
3189866	Acer negundo	Magnoliopsida	220	Plantae	2009	0	0	0	0									correct_baseline
3189866	Acer negundo	Magnoliopsida	220	Plantae	2010	0	0	0	0									correct_baseline
3189866	Acer negundo	Magnoliopsida	220	Plantae	2011	0	0	0	0									correct_baseline
3189866	Acer negundo	Magnoliopsida	220	Plantae	2012	0	0	0	0									correct_baseline
3189866	Acer negundo	Magnoliopsida	220	Plantae	2013	0	0	0	0									correct_baseline
3189866	Acer negundo	Magnoliopsida	220	Plantae	2014	0	0	0	0									correct_baseline
3189866	Acer negundo	Magnoliopsida	220	Plantae	2015	0	0	0	0									correct_baseline
3189866	Acer negundo	Magnoliopsida	220	Plantae	2016	0	0	0	0									correct_baseline
3189866	Acer negundo	Magnoliopsida	220	Plantae	2017	0	0	0	0									correct_baseline
3189866	Acer negundo	Magnoliopsida	220	Plantae	2018	0	0	0	0									correct_baseline
3189866	Acer negundo	Magnoliopsida	220	Plantae	2019	2	2	1711	65									correct_baseline
3189866	Acer negundo	Magnoliopsida	220	Plantae	2020	3	3	2494	65									correct_baseline
3189866	Acer negundo	Magnoliopsida	220	Plantae	2021	5	4	3522	64									correct_baseline
3189866	Acer negundo	Magnoliopsida	220	Plantae	2022	2	2	2909	66									correct_baseline
3189866	Acer negundo	Magnoliopsida	220	Plantae	2023	3	2	1721	65									correct_baseline
3189866	Acer negundo	Magnoliopsida	220	Plantae	2024	6	5	2510	63									correct_baseline
3190538	Rhus typhina	Magnoliopsida	220	Plantae	2016	1	1	1031	67									correct_baseline
3190538	Rhus typhina	Magnoliopsida	220	Plantae	2017	1	1	1124	67									correct_baseline
3190538	Rhus typhina	Magnoliopsida	220	Plantae	2018	0	0	0	0									correct_baseline
3190538	Rhus typhina	Magnoliopsida	220	Plantae	2019	0	0	0	0									correct_baseline
3190538	Rhus typhina	Magnoliopsida	220	Plantae	2020	1	1	2496	67									correct_baseline
3190538	Rhus typhina	Magnoliopsida	220	Plantae	2021	2	2	3525	66									correct_baseline
3190538	Rhus typhina	Magnoliopsida	220	Plantae	2022	1	1	2910	67									correct_baseline
3190538	Rhus typhina	Magnoliopsida	220	Plantae	2023	1	1	1723	66									correct_baseline
3190538	Rhus typhina	Magnoliopsida	220	Plantae	2024	7	7	2509	61									correct_baseline
3190653	Ailanthus altissima	Magnoliopsida	220	Plantae	1987	1	1	506	33	0.08816702868108253	1.2709396906775472	0.006116281522616358	0	0	0	1	0.9212810766935988	correct_baseline
3190653	Ailanthus altissima	Magnoliopsida	220	Plantae	1988	12	4	164	19	0.08809746164360938	1.2199783618879299	0.006361721642371379	0	0	0	1	0.925268601176761	correct_baseline
3190653	Ailanthus altissima	Magnoliopsida	220	Plantae	1989	6	5	155	39	0.08809150588036867	1.1794144040153722	0.006579632554809707	0	0	0	1	0.9292661667186966	correct_baseline
3190653	Ailanthus altissima	Magnoliopsida	220	Plantae	1990	0	0	0	0	0.08814914848942892	1.147772222757025	0.006769873172872816	0	0	0	1	0.9332726404208626	correct_baseline
3190653	Ailanthus altissima	Magnoliopsida	220	Plantae	1991	4	3	12442	65	0.08827051434504932	1.1238177873247943	0.006933226890177067	0	0	0	1	0.9372866320605099	correct_baseline
3190653	Ailanthus altissima	Magnoliopsida	220	Plantae	1992	0	0	0	0	0.08845586654690954	1.1065099309358177	0.007071278899365357	0	0	0	1	0.9413064231484437	correct_baseline
3190653	Ailanthus altissima	Magnoliopsida	220	Plantae	1993	2	2	4524	61	0.08870560736940251	1.0949619405372375	0.007186263273145244	0	0	0	1	0.9453298717011887	correct_baseline
3190653	Ailanthus altissima	Magnoliopsida	220	Plantae	1994	3	3	6152	62	0.0890202797159813	1.088411270659243	0.007280896857960383	0	0	0	1	0.9493542826740893	correct_baseline
3190653	Ailanthus altissima	Magnoliopsida	220	Plantae	1995	0	0	0	0	0.08940056908601719	1.08619571420375	0.007358215143357209	0	0	0	1	0.9533762291832952	correct_baseline
3190653	Ailanthus altissima	Magnoliopsida	220	Plantae	1996	0	0	0	0	0.08984730606417468	1.0877347410534226	0.007421421880091452	0	0	0	1	0.9573913020999565	correct_baseline
3190653	Ailanthus altissima	Magnoliopsida	220	Plantae	1997	0	0	0	0	0.09036146934493638	1.0925150027907151	0.00747376019671926	0	0	0	1	0.9613937537694499	correct_baseline
3190653	Ailanthus altissima	Magnoliopsida	220	Plantae	1998	1	1	648	35	0.09094418930764457	1.1000792202323926	0.007518409053374784	0	0	0	1	0.9653759827873422	correct_baseline
3190653	Ailanthus altissima	Magnoliopsida	220	Plantae	1999	0	0	0	0	0.09159675216026884	1.1100178362676054	0.007558405578887513	0	0	0	1	0.9693277766424748	correct_baseline
3190653	Ailanthus altissima	Magnoliopsida	220	Plantae	2000	0	0	0	0	0.09232060467308117	1.1219629421657167	0.007596591408581885	0	0	0	1	0.9732351811223404	correct_baseline
3190653	Ailanthus altissima	Magnoliopsida	220	Plantae	2001	0	0	0	0	0.09311735952654057	1.1355840808229	0.00763557960315162	0	0	0	1	0.9770787908380179	correct_baseline
3190653	Ailanthus altissima	Magnoliopsida	220	Plantae	2002	0	0	0	0	0.09398880130097229	1.1505856029784525	0.007677737968496973	0	0	0	1	0.9808311475810342	correct_baseline
3190653	Ailanthus altissima	Magnoliopsida	220	Plantae	2003	6	6	4121	61	0.09493689313909798	1.1667053082848549	0.007725184427380655	0	0	0	1	0.9844528075205476	correct_baseline
3190653	Ailanthus altissima	Magnoliopsida	220	Plantae	2004	8	6	5040	62	0.09596378411615232	1.1837141470430852	0.007779790319221635	0	0	0	1	0.9878866020607516	correct_baseline
3190653	Ailanthus altissima	Magnoliopsida	220	Plantae	2005	1	1	1590	66	0.09707181735623614	1.2014167942160816	0.007843187951264567	0	0	0	1	0.9910500734384948	correct_baseline
3190653	Ailanthus altissima	Magnoliopsida	220	Plantae	2006	0	0	0	0	0.09826353893773142	1.2196529380282413	0.007916779260317313	0	0	0	1	0.9938281223742172	correct_baseline
3190653	Ailanthus altissima	Magnoliopsida	220	Plantae	2007	0	0	0	0	0.0995417076350678	1.2382991534501089	0.008001742980521656	0	0	0	1	0.9960733729926963	correct_baseline
3190653	Ailanthus altissima	Magnoliopsida	220	Plantae	2008	0	0	0	0	0.10090930554892345	1.257271258072647	0.008099038199581288	0	0	0	1	0.9976292891357507	correct_baseline
3190653	Ailanthus altissima	Magnoliopsida	220	Plantae	2009	0	0	0	0	0.10236954968208692	1.276527075839021	0.008209402605287791	0	0	0	1	0.9983852728707706	correct_baseline
3190653	Ailanthus altissima	Magnoliopsida	220	Plantae	2010	0	0	0	0	0.1039259045237553	1.296069564093702	0.008333344081444576	0	0	0	1	0.9983344752664242	correct_baseline
3190653	Ailanthus altissima	Magnoliopsida	220	Plantae	2011	0	0	0	0	0.10558209571102539	1.3159502925170103	0.008471124629951048	0	0	0	1	0.9975772494793419	correct_baseline
3190653	Ailanthus altissima	Magnoliopsida	220	Plantae	2012	0	0	0	0	0.10734212484280349	1.336273299739134	0.008622735908902309	0	0	0	1	0.9962664428994618	correct_baseline
3190653	Ailanthus altissima	Magnoliopsida	220	Plantae	2013	1	1	878	66	0.10921028552836129	1.3571993957865398	0.008787866029275818	0	0	0	1	0.9945501683213629	correct_baseline
3190653	Ailanthus altissima	Magnoliopsida	220	Plantae	2014	0	0	0	0	0.11119118076035482	1.378951027152784	0.008965857695765763	0	0	0	1	0.9925457279925999	correct_baseline
3190653	Ailanthus altissima	Magnoliopsida	220	Plantae	2015	0	0	0	0	0.11328974171035988	1.401817877622987	0.009155658364525338	0	0	0	1	0.9903377142587474	correct_baseline
3190653	Ailanthus altissima	Magnoliopsida	220	Plantae	2016	0	0	0	0	0.11551124805392529	1.4261634438769506	0.009355763874232833	0	0	0	1	0.9879849385877039	correct_baseline
3190653	Ailanthus altissima	Magnoliopsida	220	Plantae	2017	0	0	0	0	0.11786134994187195	1.4524329028669087	0.009564158029400763	0	0	0	1	0.9855280142815133	correct_baseline
3190653	Ailanthus altissima	Magnoliopsida	220	Plantae	2018	0	0	0	0	0.12034609174515169	1.481162681458751	0.00977825189604996	0	0	0	1	0.9829952154041132	correct_baseline
3190653	Ailanthus altissima	Magnoliopsida	220	Plantae	2019	0	0	0	0	0.12297193771209983	1.5129922525666997	0.009994828089182109	0	0	0	1	0.9804065204468934	correct_baseline
3190653	Ailanthus altissima	Magnoliopsida	220	Plantae	2020	2	2	2495	66	0.12574579968946745	1.5486788224617312	0.010209997005324448	0	0	0	1	0.9777762946313769	correct_baseline
3190653	Ailanthus altissima	Magnoliopsida	220	Plantae	2021	4	4	3523	64	0.12867506707229293	1.5891157498796336	0.010419173611055836	0	0	0	1	0.9751150535592463	correct_baseline
3190653	Ailanthus altissima	Magnoliopsida	220	Plantae	2022	5	4	2906	64	0.13176763916257406	1.6353557608803693	0.010617084762725491	0	0	0	1	0.9724306292712012	correct_baseline
3190653	Ailanthus altissima	Magnoliopsida	220	Plantae	2023	7	5	1717	62	0.13503196013294783	1.6886403101156877	0.010797817716489804	0	0	0	1	0.9697289506906043	correct_baseline
3190653	Ailanthus altissima	Magnoliopsida	220	Plantae	2024	7	6	2509	62	0.1384770568092889	1.7504368107059871	0.010954920020694151	0	0	0	1	0.967014574018997	correct_baseline
3602683	Papaver cambricum	Magnoliopsida	220	Plantae	2009	1	1	325	41									correct_baseline
3602683	Papaver cambricum	Magnoliopsida	220	Plantae	2010	0	0	0	0									correct_baseline
3602683	Papaver cambricum	Magnoliopsida	220	Plantae	2011	0	0	0	0									correct_baseline
3602683	Papaver cambricum	Magnoliopsida	220	Plantae	2012	1	1	912	67									correct_baseline
3602683	Papaver cambricum	Magnoliopsida	220	Plantae	2013	0	0	0	0									correct_baseline
3602683	Papaver cambricum	Magnoliopsida	220	Plantae	2014	1	1	905	66									correct_baseline
3602683	Papaver cambricum	Magnoliopsida	220	Plantae	2015	1	1	761	67									correct_baseline
3602683	Papaver cambricum	Magnoliopsida	220	Plantae	2016	0	0	0	0									correct_baseline
3602683	Papaver cambricum	Magnoliopsida	220	Plantae	2017	1	1	1124	67									correct_baseline
3602683	Papaver cambricum	Magnoliopsida	220	Plantae	2018	0	0	0	0									correct_baseline
3602683	Papaver cambricum	Magnoliopsida	220	Plantae	2019	1	1	1712	66									correct_baseline
3602683	Papaver cambricum	Magnoliopsida	220	Plantae	2020	1	1	2496	67									correct_baseline
3602683	Papaver cambricum	Magnoliopsida	220	Plantae	2021	0	0	0	0									correct_baseline
3602683	Papaver cambricum	Magnoliopsida	220	Plantae	2022	1	1	2910	67									correct_baseline
3602683	Papaver cambricum	Magnoliopsida	220	Plantae	2023	2	2	1722	65									correct_baseline
3602683	Papaver cambricum	Magnoliopsida	220	Plantae	2024	3	3	2513	65									correct_baseline
3686235	Staphylea pinnata	Magnoliopsida	220	Plantae	2018	1	1	2080	67									correct_baseline
3686235	Staphylea pinnata	Magnoliopsida	220	Plantae	2019	1	1	1712	66									correct_baseline
3686235	Staphylea pinnata	Magnoliopsida	220	Plantae	2020	1	1	2496	67									correct_baseline
3686235	Staphylea pinnata	Magnoliopsida	220	Plantae	2021	0	0	0	0									correct_baseline
3686235	Staphylea pinnata	Magnoliopsida	220	Plantae	2022	1	1	2910	67									correct_baseline
3686235	Staphylea pinnata	Magnoliopsida	220	Plantae	2023	1	1	1723	66									correct_baseline
3686235	Staphylea pinnata	Magnoliopsida	220	Plantae	2024	1	1	2515	67									correct_baseline
4067302	Symphytum grandiflorum	Magnoliopsida	220	Plantae	2018	1	1	2080	67									correct_baseline
4067302	Symphytum grandiflorum	Magnoliopsida	220	Plantae	2019	1	1	1712	66									correct_baseline
4067302	Symphytum grandiflorum	Magnoliopsida	220	Plantae	2020	1	1	2496	67									correct_baseline
4067302	Symphytum grandiflorum	Magnoliopsida	220	Plantae	2021	3	2	3524	66									correct_baseline
4067302	Symphytum grandiflorum	Magnoliopsida	220	Plantae	2022	0	0	0	0									correct_baseline
4067302	Symphytum grandiflorum	Magnoliopsida	220	Plantae	2023	3	3	1721	64									correct_baseline
4067302	Symphytum grandiflorum	Magnoliopsida	220	Plantae	2024	3	3	2513	65									correct_baseline
4460066	Chrysolina americana	Insecta	216	Animalia	2011	1	1	454	67	0.5368142476090866	4.8967634547606504	0.05884898037211707	0	0	0	1	0.5935615997214242	correct_baseline
4460066	Chrysolina americana	Insecta	216	Animalia	2012	0	0	0	0	0.5794578446784333	3.1509563951031136	0.10656173924881858	0	0	0	1	0.7201019004608169	correct_baseline
4460066	Chrysolina americana	Insecta	216	Animalia	2013	0	0	0	0	0.6642369317819543	2.6159343486058932	0.1686627578319152	0	0	0	1	0.8551434309318453	correct_baseline
4460066	Chrysolina americana	Insecta	216	Animalia	2014	1	1	971	67	0.8079622123390682	2.563414502736758	0.2546614821250697	0	0	0	1	0.9752913770897648	correct_baseline
4460066	Chrysolina americana	Insecta	216	Animalia	2015	1	1	1118	66	1.039713531448176	2.766164141918043	0.39079540186898487	1	0	3	3	1.0605913367648914	correct_baseline
4460066	Chrysolina americana	Insecta	216	Animalia	2016	2	2	902	66	1.405069274154702	3.2198089363772326	0.6131480793375628	1	0	3	3	1.1167679916802364	correct_baseline
4460066	Chrysolina americana	Insecta	216	Animalia	2017	16	2	1502	66	1.96776477071138	4.093155337251546	0.9459934631879444	1	0	3	3	1.1548412007049356	correct_baseline
4460066	Chrysolina americana	Insecta	216	Animalia	2018	17	4	1469	64	2.800647961514213	5.734893598000096	1.3677026208592586	1	0	3	3	1.1743493417922932	correct_baseline
4460066	Chrysolina americana	Insecta	216	Animalia	2019	4	3	657	43	3.9530631296975307	8.578257547550383	1.8216646003868715	1	0	3	3	1.1740468954845813	correct_baseline
4460066	Chrysolina americana	Insecta	216	Animalia	2020	19	10	424	46	5.388295866115071	12.745068699054338	2.2780365509482903	1	0	3	3	1.1575229121193706	correct_baseline
4460066	Chrysolina americana	Insecta	216	Animalia	2021	32	15	779	41	6.917111703112143	17.388906961427804	2.7515492733076474	1	0	3	3	1.1142699388708326	correct_baseline
4460066	Chrysolina americana	Insecta	216	Animalia	2022	16	9	1657	52	8.197310834678776	20.62244550936117	3.258386833406335	0	0	0	1	0.9946266492256796	correct_baseline
4460066	Chrysolina americana	Insecta	216	Animalia	2023	17	13	1981	48	8.85498974802089	21.33840948823638	3.6746339262437555	0	0	0	1	0.8243722928595987	correct_baseline
4460066	Chrysolina americana	Insecta	216	Animalia	2024	16	10	2770	58	8.671194976618388	21.642719421960244	3.4741300691741723	0	0	0	1	0.6662420606266862	correct_baseline
4486243	Oxycarenus lavaterae	Insecta	216	Animalia	2019	4	2	657	44									correct_baseline
4486243	Oxycarenus lavaterae	Insecta	216	Animalia	2020	1	1	442	55									correct_baseline
4486243	Oxycarenus lavaterae	Insecta	216	Animalia	2021	6	3	805	53									correct_baseline
4486243	Oxycarenus lavaterae	Insecta	216	Animalia	2022	2	2	1671	59									correct_baseline
4486243	Oxycarenus lavaterae	Insecta	216	Animalia	2023	0	0	0	0									correct_baseline
4486243	Oxycarenus lavaterae	Insecta	216	Animalia	2024	12	8	2774	60									correct_baseline
4532122	Cydalima perspectalis	Insecta	216	Animalia	2017	55	13	1463	55									correct_baseline
4532122	Cydalima perspectalis	Insecta	216	Animalia	2018	31	8	1455	60									correct_baseline
4532122	Cydalima perspectalis	Insecta	216	Animalia	2019	9	5	652	41									correct_baseline
4532122	Cydalima perspectalis	Insecta	216	Animalia	2020	25	5	418	51									correct_baseline
4532122	Cydalima perspectalis	Insecta	216	Animalia	2021	44	15	767	41									correct_baseline
4532122	Cydalima perspectalis	Insecta	216	Animalia	2022	41	14	1632	47									correct_baseline
4532122	Cydalima perspectalis	Insecta	216	Animalia	2023	52	19	1946	42									correct_baseline
4532122	Cydalima perspectalis	Insecta	216	Animalia	2024	29	17	2757	51									correct_baseline
4565039	Hygromia cinctella	Gastropoda	225	Animalia	2012	1	1	14	6	1.0912974985618853	3.999712844755334	0.29775393299272673	0	0	0	1	0.8659899814642036	correct_baseline
4565039	Hygromia cinctella	Gastropoda	225	Animalia	2013	1	1	3	2	1.2058638098602017	3.3217066887070614	0.4377591594327542	0	0	0	1	0.916723227011112	correct_baseline
4565039	Hygromia cinctella	Gastropoda	225	Animalia	2014	4	2	9	5	1.3717696366883656	3.0054162058257785	0.6261202466708249	0	0	0	1	0.9699278109042876	correct_baseline
4565039	Hygromia cinctella	Gastropoda	225	Animalia	2015	3	2	3	2	1.6065414722822828	2.9764336516703835	0.8671369176042184	1	0	3	3	1.0253962336928812	correct_baseline
4565039	Hygromia cinctella	Gastropoda	225	Animalia	2016	0	0	0	0	1.937004062335443	3.232261317353994	1.1607925130804315	1	0	3	3	1.0825996842323564	correct_baseline
4565039	Hygromia cinctella	Gastropoda	225	Animalia	2017	0	0	0	0	2.404345819965391	3.815503512451413	1.5151024768080754	1	0	3	3	1.1403227244751115	correct_baseline
4565039	Hygromia cinctella	Gastropoda	225	Animalia	2018	2	2	13	1	3.0724941956473972	4.793901937514247	1.9692143697002547	1	0	3	3	1.1959101002630503	correct_baseline
4565039	Hygromia cinctella	Gastropoda	225	Animalia	2019	8	4	44	7	4.042153603321372	6.269789237185305	2.6059896329432317	1	0	3	3	1.2443625011088035	correct_baseline
4565039	Hygromia cinctella	Gastropoda	225	Animalia	2020	20	7	90	4	5.474720814428874	8.430331492282377	3.5553249624145162	1	0	3	3	1.279958350664833	correct_baseline
4565039	Hygromia cinctella	Gastropoda	225	Animalia	2021	45	16	55	15	7.633757586496578	11.664766863077098	4.995749642785543	1	0	3	3	1.3019732620791558	correct_baseline
4565039	Hygromia cinctella	Gastropoda	225	Animalia	2022	26	14	39	9	10.958264969870857	16.865711727155936	7.119982428998176	1	0	3	3	1.3147372793041503	correct_baseline
4565039	Hygromia cinctella	Gastropoda	225	Animalia	2023	84	34	85	11	16.194671847143578	26.160071185864435	10.025484807487095	1	0	3	3	1.3223555752619587	correct_baseline
4565039	Hygromia cinctella	Gastropoda	225	Animalia	2024	90	34	168	11	24.63935711251038	44.490608545179995	13.645529669510157	1	0	3	3	1.327161331595778	correct_baseline
4989904	Harmonia axyridis	Insecta	216	Animalia	2002	1	1	303	48	2.7878802245675787	5.787860818073964	1.342858163116881	1	-1	2	2	1.2474255311881806	correct_baseline
4989904	Harmonia axyridis	Insecta	216	Animalia	2003	10	7	194	40	4.049918041317142	6.8384576721269905	2.3984700831356536	1	-1	2	2	1.2112578947110373	correct_baseline
4989904	Harmonia axyridis	Insecta	216	Animalia	2004	25	16	232	37	5.54075331149555	8.119559500321254	3.7809867958519483	1	-1	2	2	1.1736452130983184	correct_baseline
4989904	Harmonia axyridis	Insecta	216	Animalia	2005	27	13	657	50	7.143152126169169	9.706797398301548	5.256586719995123	1	-1	2	2	1.133551219699041	correct_baseline
4989904	Harmonia axyridis	Insecta	216	Animalia	2006	51	16	1076	50	8.690895406665131	11.56368229002822	6.531800258359463	1	-1	2	2	1.0904369218953676	correct_baseline
4989904	Harmonia axyridis	Insecta	216	Animalia	2007	2	2	714	65	10.007409107736812	13.44639579136957	7.447961416835045	1	-1	2	2	1.0455639366798248	correct_baseline
4989904	Harmonia axyridis	Insecta	216	Animalia	2008	14	8	527	59	10.953434656991572	15.053631728314658	7.970018992780042	0	-1	-1	0	1.0027542378621557	correct_baseline
4989904	Harmonia axyridis	Insecta	216	Animalia	2009	4	3	245	61	11.462916553175086	16.181469959157724	8.1203040413947	0	-1	-1	0	0.9666304118065814	correct_baseline
4989904	Harmonia axyridis	Insecta	216	Animalia	2010	6	5	299	60	11.552360688541809	16.731145539973898	7.976563060748701	0	-1	-1	0	0.9399689581402177	correct_baseline
4989904	Harmonia axyridis	Insecta	216	Animalia	2011	11	7	444	61	11.303553377453998	16.68071529759413	7.659762586762694	0	0	0	1	0.9227218778144991	correct_baseline
4989904	Harmonia axyridis	Insecta	216	Animalia	2012	13	10	750	58	10.831890017422523	16.083145936306558	7.295204670416745	0	0	0	1	0.9121396146150932	correct_baseline
4989904	Harmonia axyridis	Insecta	216	Animalia	2013	17	7	753	61	10.255444207333582	15.070999033514054	6.978577575106433	-1	0	-3	0	0.9043107582098476	correct_baseline
4989904	Harmonia axyridis	Insecta	216	Animalia	2014	10	6	962	62	9.674520217799722	13.840765357165044	6.76236747241459	0	0	0	1	0.8983643587378309	correct_baseline
4989904	Harmonia axyridis	Insecta	216	Animalia	2015	10	5	1109	62	9.163759997481185	12.619533452991922	6.654326612330279	0	0	0	1	0.8969712988600462	correct_baseline
4989904	Harmonia axyridis	Insecta	216	Animalia	2016	4	3	900	65	8.773735751572595	11.63445748640136	6.616418438796774	0	0	0	1	0.9026573895004202	correct_baseline
4989904	Harmonia axyridis	Insecta	216	Animalia	2017	6	5	1512	63	8.537522670527117	11.086454830754091	6.574625925283872	0	0	0	1	0.9165407705871426	correct_baseline
4989904	Harmonia axyridis	Insecta	216	Animalia	2018	26	11	1460	57	8.47872782003213	11.088155720910201	6.483388875087479	0	0	0	1	0.9383975414649943	correct_baseline
4989904	Harmonia axyridis	Insecta	216	Animalia	2019	17	11	644	35	8.619164559533052	11.606472531663814	6.400738682802962	0	0	0	1	0.9663810860560491	correct_baseline
4989904	Harmonia axyridis	Insecta	216	Animalia	2020	47	16	396	40	8.98580927043616	12.542935106223544	6.437469982970139	0	0	0	1	0.996159397873711	correct_baseline
4989904	Harmonia axyridis	Insecta	216	Animalia	2021	47	22	764	34	9.617603579245156	13.860275230764294	6.673626393954994	1	0	3	3	1.02095032723153	correct_baseline
4989904	Harmonia axyridis	Insecta	216	Animalia	2022	45	20	1628	41	10.573213747040533	15.671893298584616	7.133333976355195	1	0	3	3	1.0362306836613597	correct_baseline
4989904	Harmonia axyridis	Insecta	216	Animalia	2023	41	24	1957	37	11.941280312395396	18.361321314073354	7.7660083966782985	1	0	3	3	1.0435806150692035	correct_baseline
4989904	Harmonia axyridis	Insecta	216	Animalia	2024	57	27	2729	41	13.855233379287204	22.76968178077846	8.430837718451032	1	0	3	3	1.0465374222733481	correct_baseline
5156102	Leptoglossus occidentalis	Insecta	216	Animalia	2012	2	2	761	66	1.090581601883569	5.82861229154684	0.2040568442151928	0	0	0	1	0.7975299557063261	correct_baseline
5156102	Leptoglossus occidentalis	Insecta	216	Animalia	2013	0	0	0	0	1.1592991714705567	4.499420378978363	0.2986994892167603	0	0	0	1	0.8397765028940146	correct_baseline
5156102	Leptoglossus occidentalis	Insecta	216	Animalia	2014	4	2	968	66	1.2576705025347132	3.8240950786518293	0.41362336982048914	0	0	0	1	0.8837795799337422	correct_baseline
5156102	Leptoglossus occidentalis	Insecta	216	Animalia	2015	0	0	0	0	1.3924262934938607	3.600455673944404	0.5385015560235973	0	0	0	1	0.9293300273599089	correct_baseline
5156102	Leptoglossus occidentalis	Insecta	216	Animalia	2016	3	2	901	66	1.573300014842024	3.745992132485867	0.6607790003710723	0	0	0	1	0.9759744757651279	correct_baseline
5156102	Leptoglossus occidentalis	Insecta	216	Animalia	2017	3	3	1515	65	1.81419877007065	4.233714518327733	0.7774064980238419	1	0	3	3	1.0227752535673877	correct_baseline
5156102	Leptoglossus occidentalis	Insecta	216	Animalia	2018	10	5	1476	63	2.1349719773339686	5.063824833102681	0.9001309275558999	1	0	3	3	1.0678342292987812	correct_baseline
5156102	Leptoglossus occidentalis	Insecta	216	Animalia	2019	5	5	656	41	2.5640912597678107	6.264436538612497	1.049506040630092	1	0	3	3	1.1075854763138981	correct_baseline
5156102	Leptoglossus occidentalis	Insecta	216	Animalia	2020	6	5	437	51	3.1427422543882644	7.9086484722613895	1.2488643176086522	1	0	3	3	1.136943074432283	correct_baseline
5156102	Leptoglossus occidentalis	Insecta	216	Animalia	2021	4	4	807	52	3.9311357127938074	10.150670668090022	1.5224440332779223	1	0	3	3	1.1527137143914001	correct_baseline
5156102	Leptoglossus occidentalis	Insecta	216	Animalia	2022	14	11	1659	50	5.018354007176696	13.304963966925959	1.8928181244195434	1	0	3	3	1.1568869967531965	correct_baseline
5156102	Leptoglossus occidentalis	Insecta	216	Animalia	2023	21	15	1977	46	6.537903947154889	18.0179838133655	2.3723069387217675	1	0	3	3	1.1537319033949127	correct_baseline
5156102	Leptoglossus occidentalis	Insecta	216	Animalia	2024	14	12	2772	56	8.692601315180081	25.636941457738867	2.947360852277535	1	0	3	3	1.1464560879747356	correct_baseline
5189806	Physella acuta	Gastropoda	225	Animalia	2014	1	1	12	6									correct_baseline
5189806	Physella acuta	Gastropoda	225	Animalia	2015	0	0	0	0									correct_baseline
5189806	Physella acuta	Gastropoda	225	Animalia	2016	0	0	0	0									correct_baseline
5189806	Physella acuta	Gastropoda	225	Animalia	2017	0	0	0	0									correct_baseline
5189806	Physella acuta	Gastropoda	225	Animalia	2018	0	0	0	0									correct_baseline
5189806	Physella acuta	Gastropoda	225	Animalia	2019	0	0	0	0									correct_baseline
5189806	Physella acuta	Gastropoda	225	Animalia	2020	0	0	0	0									correct_baseline
5189806	Physella acuta	Gastropoda	225	Animalia	2021	1	1	99	30									correct_baseline
5189806	Physella acuta	Gastropoda	225	Animalia	2022	2	2	63	21									correct_baseline
5189806	Physella acuta	Gastropoda	225	Animalia	2023	4	4	165	41									correct_baseline
5189806	Physella acuta	Gastropoda	225	Animalia	2024	1	1	257	44									correct_baseline
5229055	Psittacula eupatria	Aves	212	Animalia	2000	3	2	183	44	0.3848252759952698	1.9975300469471484	0.07413680373477446	1	0	3	3	1.0869110468510048	correct_baseline
5229055	Psittacula eupatria	Aves	212	Animalia	2001	0	0	0	0	0.4661668569313897	2.2172542073395154	0.0980093025788157	1	0	3	3	1.083111339270387	correct_baseline
5229055	Psittacula eupatria	Aves	212	Animalia	2002	0	0	0	0	0.558329866486842	2.4779688788471645	0.12580151529434996	1	0	3	3	1.0792659473527235	correct_baseline
5229055	Psittacula eupatria	Aves	212	Animalia	2003	0	0	0	0	0.661168249465434	2.784734756260067	0.15697848892735317	1	0	3	3	1.075360315293795	correct_baseline
5229055	Psittacula eupatria	Aves	212	Animalia	2004	2	2	150	38	0.7741137518285155	3.1413264568110644	0.19076403201288247	1	0	3	3	1.0713746695699753	correct_baseline
5229055	Psittacula eupatria	Aves	212	Animalia	2005	0	0	0	0	0.8961263311341583	3.5493439495273296	0.22625093898237428	1	0	3	3	1.0672815790804007	correct_baseline
5229055	Psittacula eupatria	Aves	212	Animalia	2006	0	0	0	0	1.0256645789728915	4.007341355692028	0.26251515286198296	1	0	3	3	1.063042117751123	correct_baseline
5229055	Psittacula eupatria	Aves	212	Animalia	2007	0	0	0	0	1.1606817068979545	4.5101225928550726	0.29870186386102954	1	0	3	3	1.0585997221875014	correct_baseline
5229055	Psittacula eupatria	Aves	212	Animalia	2008	8	5	1205	60	1.2986513911742608	5.048347659745934	0.33406879824194174	1	0	3	3	1.0538702735398522	correct_baseline
5229055	Psittacula eupatria	Aves	212	Animalia	2009	12	4	3106	64	1.4366259060829907	5.608565086890824	0.36798966617197965	1	0	3	3	1.048726279802055	correct_baseline
5229055	Psittacula eupatria	Aves	212	Animalia	2010	11	5	5087	63	1.571326610133079	6.17373987929742	0.3999305710938532	1	0	3	3	1.0429732161490965	correct_baseline
5229055	Psittacula eupatria	Aves	212	Animalia	2011	20	4	6059	64	1.699264169145411	6.724284509401923	0.42941352533554017	1	0	3	3	1.0363209206852029	correct_baseline
5229055	Psittacula eupatria	Aves	212	Animalia	2012	12	4	9551	64	1.8168831509561727	7.239527352260389	0.45597788689861685	1	0	3	3	1.0283724889078014	correct_baseline
5229055	Psittacula eupatria	Aves	212	Animalia	2013	13	5	10718	63	1.9207230916700764	7.699477948043837	0.4791464070381479	1	0	3	3	1.0186928335873573	correct_baseline
5229055	Psittacula eupatria	Aves	212	Animalia	2014	13	3	22456	65	2.007586100926667	8.086685911265596	0.4983997148967005	0	0	0	1	1.0070124045039117	correct_baseline
5229055	Psittacula eupatria	Aves	212	Animalia	2015	33	6	26374	62	2.0746997997543795	8.387955164339527	0.5131619297871858	0	0	0	1	0.9934360347455634	correct_baseline
5229055	Psittacula eupatria	Aves	212	Animalia	2016	41	6	25228	62	2.1198640584094584	8.595678257249174	0.5228003528803966	0	0	0	1	0.9783962188077557	correct_baseline
5229055	Psittacula eupatria	Aves	212	Animalia	2017	99	8	29411	60	2.1415707162111346	8.708599787483262	0.5266432313406946	0	0	0	1	0.9624056304189837	correct_baseline
5229055	Psittacula eupatria	Aves	212	Animalia	2018	322	10	33478	58	2.139087200094797	8.731897128643961	0.5240206088318851	0	0	0	1	0.9458821785430487	correct_baseline
5229055	Psittacula eupatria	Aves	212	Animalia	2019	126	9	2518	47	2.112497575769992	8.676566817134635	0.5143331575365941	0	0	0	1	0.9291142142295064	correct_baseline
5229055	Psittacula eupatria	Aves	212	Animalia	2020	93	12	2384	45	2.0626978229923263	8.558207870145806	0.4971510827423728	0	0	0	1	0.9122880334703731	correct_baseline
5229055	Psittacula eupatria	Aves	212	Animalia	2021	58	9	3805	52	1.9913457052986996	8.395381158096638	0.4723380205539833	0	0	0	1	0.8955219564840452	correct_baseline
5229055	Psittacula eupatria	Aves	212	Animalia	2022	64	9	4431	52	1.9007691462153282	8.207782731239458	0.440182624894916	0	0	0	1	0.878891376340483	correct_baseline
5229055	Psittacula eupatria	Aves	212	Animalia	2023	55	6	5241	55	1.7938401745738413	8.014489790336503	0.40150560498499327	0	0	0	1	0.8624447658820924	correct_baseline
5229055	Psittacula eupatria	Aves	212	Animalia	2024	55	7	6571	59	1.6738239549018221	7.832516236864021	0.35769943492959994	0	0	0	1	0.8462135051271845	correct_baseline
5232437	Branta canadensis	Aves	212	Animalia	1992	1	1	18	4	7.501210049450318	167.87847181430422	0.3351719347803836	-1	1	-2	0	0.19431209709585567	correct_baseline
5232437	Branta canadensis	Aves	212	Animalia	1993	0	0	0	0	2.6186161637424092	31.33752200450924	0.2188159807921736	-1	1	-2	0	0.24543012329214572	correct_baseline
5232437	Branta canadensis	Aves	212	Animalia	1994	0	0	0	0	1.0947312758324044	7.804167456608719	0.1535636662012916	-1	1	-2	0	0.30959668034606913	correct_baseline
5232437	Branta canadensis	Aves	212	Animalia	1995	0	0	0	0	0.5474853956067405	2.6148181208441432	0.114631398648065	-1	1	-2	0	0.38928263429706567	correct_baseline
5232437	Branta canadensis	Aves	212	Animalia	1996	0	0	0	0	0.32658365875858586	1.1850718501407824	0.09000035411816931	-1	1	-2	0	0.48631822379281486	correct_baseline
5232437	Branta canadensis	Aves	212	Animalia	1997	1	1	98	27	0.23104171774962626	0.7201790661801724	0.0741208372298667	-1	1	-2	0	0.6009961004143564	correct_baseline
5232437	Branta canadensis	Aves	212	Animalia	1998	0	0	0	0	0.1920784116463158	0.5671171126923149	0.06505555095211556	0	1	1	2	0.731031126689259	correct_baseline
5232437	Branta canadensis	Aves	212	Animalia	1999	0	0	0	0	0.18524599656092572	0.5486962356886663	0.0625411238675267	0	1	1	2	0.8707314749266564	correct_baseline
5232437	Branta canadensis	Aves	212	Animalia	2000	0	0	0	0	0.2038461474259898	0.6190157589327833	0.06712793853917133	1	1	4	3	1.0109858409043726	correct_baseline
5232437	Branta canadensis	Aves	212	Animalia	2001	0	0	0	0	0.25092661872699645	0.781645433240555	0.08055336257096243	1	1	4	3	1.1406845367411478	correct_baseline
5232437	Branta canadensis	Aves	212	Animalia	2002	2	1	157	45	0.3379214062547328	1.071252306681062	0.10659568814275011	1	1	4	3	1.2494629540487998	correct_baseline
5232437	Branta canadensis	Aves	212	Animalia	2003	1	1	54	29	0.4861637545951325	1.5545140821896368	0.15204442274920674	1	1	4	3	1.330297545166686	correct_baseline
5232437	Branta canadensis	Aves	212	Animalia	2004	4	2	148	38	0.729329289071689	2.33701947904477	0.22760666595523282	1	0	3	3	1.3803705148220822	correct_baseline
5232437	Branta canadensis	Aves	212	Animalia	2005	5	5	210	36	1.1142874123683943	3.566582264151966	0.3481306038675878	1	0	3	3	1.4004096361764236	correct_baseline
5232437	Branta canadensis	Aves	212	Animalia	2006	1	1	61	28	1.6963005185981117	5.419122209968699	0.5309781433057668	1	0	3	3	1.3936574431688686	correct_baseline
5232437	Branta canadensis	Aves	212	Animalia	2007	1	1	56	31	2.524010152282713	8.05035390725059	0.7913474764244175	1	-1	2	2	1.3649568657357583	correct_baseline
5232437	Branta canadensis	Aves	212	Animalia	2008	8	6	1205	59	3.6132726764597187	11.507766307562004	1.1345155163492646	1	-1	2	2	1.3198945154187052	correct_baseline
5232437	Branta canadensis	Aves	212	Animalia	2009	68	19	3050	49	4.918166209484784	15.631537448247435	1.547407537115286	1	-1	2	2	1.2639417173217733	correct_baseline
5232437	Branta canadensis	Aves	212	Animalia	2010	81	28	5017	40	6.3174807861890825	20.012578745741372	1.9942739009764598	1	-1	2	2	1.20167220933095	correct_baseline
5232437	Branta canadensis	Aves	212	Animalia	2011	118	18	5961	50	7.634369043367529	24.072354883139983	2.421183593099553	1	-1	2	2	1.1365918519794314	correct_baseline
5232437	Branta canadensis	Aves	212	Animalia	2012	257	23	9306	45	8.688929564214906	27.254120901570488	2.770131432400646	1	-1	2	2	1.072804075694266	correct_baseline
5232437	Branta canadensis	Aves	212	Animalia	2013	254	25	10477	43	9.359222686118313	29.222257535095174	2.9975455928807797	1	-1	2	2	1.016193703259202	correct_baseline
5232437	Branta canadensis	Aves	212	Animalia	2014	330	27	22139	41	9.617776208442992	29.952286445656775	3.0882990974168267	0	-1	-1	0	0.9715991646425758	correct_baseline
5232437	Branta canadensis	Aves	212	Animalia	2015	358	26	26049	42	9.527214668015068	29.67840137188494	3.058379667862703	0	-1	-1	0	0.9412006762436383	correct_baseline
5232437	Branta canadensis	Aves	212	Animalia	2016	358	32	24911	36	9.204974341169587	28.76125285829868	2.9460313512435294	0	0	0	1	0.9252677996780213	correct_baseline
5232437	Branta canadensis	Aves	212	Animalia	2017	255	26	29255	42	8.781078546347807	27.563623097560487	2.7974312434983957	-1	0	-3	0	0.9228103623625821	correct_baseline
5232437	Branta canadensis	Aves	212	Animalia	2018	257	25	33543	43	8.368253474014844	26.381690229674792	2.654404080849703	-1	0	-3	0	0.931429928561773	correct_baseline
5232437	Branta canadensis	Aves	212	Animalia	2019	231	19	2413	37	8.050329433623077	25.431514007879006	2.548326614364357	0	0	0	1	0.9463669496138912	correct_baseline
5232437	Branta canadensis	Aves	212	Animalia	2020	198	25	2279	32	7.884744890002021	24.869089587363554	2.4998583788930615	0	0	0	1	0.9619018075859073	correct_baseline
5232437	Branta canadensis	Aves	212	Animalia	2021	296	25	3567	36	7.912058441741866	24.825120584566886	2.521666252225815	0	1	1	2	0.9766140900567751	correct_baseline
5232437	Branta canadensis	Aves	212	Animalia	2022	312	28	4183	33	8.16729780718461	25.44714569015702	2.6213059131831824	0	1	1	2	0.9912859080215733	correct_baseline
5232437	Branta canadensis	Aves	212	Animalia	2023	279	29	5017	32	8.691200123905027	26.952814679622982	2.8025629416312743	0	1	1	2	1.0060241710705506	correct_baseline
5232437	Branta canadensis	Aves	212	Animalia	2024	249	22	6377	44	9.541997045989932	29.708485361541218	3.0647711089151635	1	1	4	3	1.0206692576731278	correct_baseline
5281901	Campylopus introflexus	Bryopsida	327	Plantae	1980	4	2	137	19	0.10329111354714998	0.35253344589331337	0.03026394874612547	1	0	3	3	1.137475660397186	correct_baseline
5281901	Campylopus introflexus	Bryopsida	327	Plantae	1981	5	3	215	17	0.1254808724733218	0.392796012400319	0.04008556314115287	1	0	3	3	1.1302912521203232	correct_baseline
5281901	Campylopus introflexus	Bryopsida	327	Plantae	1982	5	2	56	10	0.15103021578810083	0.43644796404119485	0.052263105708627675	1	0	3	3	1.1231418909949542	correct_baseline
5281901	Campylopus introflexus	Bryopsida	327	Plantae	1983	0	0	0	0	0.1801033948114698	0.48371113443399716	0.06705909894046953	1	0	3	3	1.1160260223153544	correct_baseline
5281901	Campylopus introflexus	Bryopsida	327	Plantae	1984	0	0	0	0	0.2127902368512157	0.5348278177518945	0.08466217237825432	1	0	3	3	1.1089418446043322	correct_baseline
5281901	Campylopus introflexus	Bryopsida	327	Plantae	1985	0	0	0	0	0.24908824894556444	0.5900523129548266	0.10515161859473561	1	0	3	3	1.1018872483173991	correct_baseline
5281901	Campylopus introflexus	Bryopsida	327	Plantae	1986	0	0	0	0	0.288886018742538	0.6496314582173037	0.12846534872853715	1	0	3	3	1.0948597360198455	correct_baseline
5281901	Campylopus introflexus	Bryopsida	327	Plantae	1987	0	0	0	0	0.33194914161604117	0.713770076136364	0.15437776996212293	1	0	3	3	1.087856317593221	correct_baseline
5281901	Campylopus introflexus	Bryopsida	327	Plantae	1988	0	0	0	0	0.3779099422624208	0.7825786308302033	0.18249402530871445	1	0	3	3	1.0808733710397611	correct_baseline
5281901	Campylopus introflexus	Bryopsida	327	Plantae	1989	0	0	0	0	0.42626220424988437	0.8560038616032157	0.2122647746374227	1	0	3	3	1.073906456096579	correct_baseline
5281901	Campylopus introflexus	Bryopsida	327	Plantae	1990	0	0	0	0	0.4763619617765645	0.9337485374466958	0.24302123058540387	1	0	3	3	1.0669500623415764	correct_baseline
5281901	Campylopus introflexus	Bryopsida	327	Plantae	1991	0	0	0	0	0.527435142301586	1.0151923085761378	0.2740247606139448	1	0	3	3	1.0599972659774626	correct_baseline
5281901	Campylopus introflexus	Bryopsida	327	Plantae	1992	0	0	0	0	0.578592484942117	1.0993294411280914	0.3045213301009805	1	0	3	3	1.0530392593636062	correct_baseline
5281901	Campylopus introflexus	Bryopsida	327	Plantae	1993	0	0	0	0	0.6288517164610312	1.1847388724914314	0.33379041616518357	1	0	3	3	1.046064703991459	correct_baseline
5281901	Campylopus introflexus	Bryopsida	327	Plantae	1994	0	0	0	0	0.6771664732711553	1.2695972394624861	0.36118102518609296	1	0	3	3	1.0390588430073657	correct_baseline
5281901	Campylopus introflexus	Bryopsida	327	Plantae	1995	0	0	0	0	0.7224609513532777	1.3517381511703457	0.3861323480278889	1	0	3	3	1.032002299119636	correct_baseline
5281901	Campylopus introflexus	Bryopsida	327	Plantae	1996	0	0	0	0	0.7636687887435973	1.4287536496660294	0.4081809478054062	1	0	3	3	1.024869496712318	correct_baseline
5281901	Campylopus introflexus	Bryopsida	327	Plantae	1997	20	10	1147	23	0.7997742809913695	1.498128352278863	0.42695867784778363	1	0	3	3	1.0176267288058323	correct_baseline
5281901	Campylopus introflexus	Bryopsida	327	Plantae	1998	49	28	3001	19	0.829853739239682	1.5573936310918575	0.44218572285240326	1	0	3	3	1.010230138214958	correct_baseline
5281901	Campylopus introflexus	Bryopsida	327	Plantae	1999	0	0	0	0	0.8531146562012476	1.6042878995285994	0.45366209945186864	0	0	0	1	1.0026244573871392	correct_baseline
5281901	Campylopus introflexus	Bryopsida	327	Plantae	2000	3	2	110	1	0.8689303685299573	1.6369090667979151	0.46125957798657674	0	0	0	1	0.9947443583790677	correct_baseline
5281901	Campylopus introflexus	Bryopsida	327	Plantae	2001	0	0	0	0	0.876868101646758	1.653846176871952	0.4649148623603346	0	0	0	1	0.986521265441006	correct_baseline
5281901	Campylopus introflexus	Bryopsida	327	Plantae	2002	3	3	162	5	0.8767086457183867	1.654279098977561	0.46462416768271897	0	0	0	1	0.9778976746970551	correct_baseline
5281901	Campylopus introflexus	Bryopsida	327	Plantae	2003	0	0	0	0	0.8684564142714597	1.6380378616911846	0.4604390173927688	0	0	0	1	0.9688459625126432	correct_baseline
5281901	Campylopus introflexus	Bryopsida	327	Plantae	2004	0	0	0	0	0.8523392412527906	1.6056167021907757	0.4524630200895006	0	0	0	1	0.9593814307730655	correct_baseline
5281901	Campylopus introflexus	Bryopsida	327	Plantae	2005	0	0	0	0	0.828797929556886	1.55814186292085	0.4408494658824748	-1	0	-3	0	0.9495595738503847	correct_baseline
5281901	Campylopus introflexus	Bryopsida	327	Plantae	2006	0	0	0	0	0.7984662201811146	1.4972962156888323	0.42579971690973084	-1	0	-3	0	0.9394591747402731	correct_baseline
5281901	Campylopus introflexus	Bryopsida	327	Plantae	2007	0	0	0	0	0.7621424523929609	1.4252074904115613	0.4075624929334462	-1	0	-3	0	0.9291627874632004	correct_baseline
5281901	Campylopus introflexus	Bryopsida	327	Plantae	2008	0	0	0	0	0.7207546832484188	1.3443098428516258	0.3864342109721988	-1	0	-3	0	0.9187438341699912	correct_baseline
5281901	Campylopus introflexus	Bryopsida	327	Plantae	2009	0	0	0	0	0.675321391360854	1.2571904524388116	0.36276045586001326	-1	0	-3	0	0.9082617010596883	correct_baseline
5281901	Campylopus introflexus	Bryopsida	327	Plantae	2010	0	0	0	0	0.6269100806326303	1.1664337155137008	0.33693834803611233	-1	0	-3	0	0.8977619230850545	correct_baseline
5281901	Campylopus introflexus	Bryopsida	327	Plantae	2011	0	0	0	0	0.5765961161101992	1.0744754794922609	0.30941895600118346	-1	0	-3	0	0.8872784522529015	correct_baseline
5281901	Campylopus introflexus	Bryopsida	327	Plantae	2012	3	3	0	0	0.525423973530995	0.9834788211253122	0.2807079786885656	-1	0	-3	0	0.8768362802893656	correct_baseline
5281901	Campylopus introflexus	Bryopsida	327	Plantae	2013	2	2	27	5	0.4743727882575454	0.8952411967203097	0.25136191572017386	-1	0	-3	0	0.8664537201228211	correct_baseline
5281901	Campylopus introflexus	Bryopsida	327	Plantae	2014	0	0	0	0	0.4243276813797775	0.8111402277593254	0.22197639202596922	-1	0	-3	0	0.8561441833994525	correct_baseline
5281901	Campylopus introflexus	Bryopsida	327	Plantae	2015	0	0	0	0	0.37605786154223714	0.7321215583189622	0.19316398161042594	-1	0	-3	0	0.8459174979492314	correct_baseline
5281901	Campylopus introflexus	Bryopsida	327	Plantae	2016	1	1	36	5	0.33020199425122265	0.6587269489529323	0.16552132439821465	-1	0	-3	0	0.8357808631202428	correct_baseline
5281901	Campylopus introflexus	Bryopsida	327	Plantae	2017	2	2	250	14	0.2872608383217387	0.591154720859039	0.13958915715566908	-1	0	-3	0	0.8257395375073912	correct_baseline
5281901	Campylopus introflexus	Bryopsida	327	Plantae	2018	4	4	238	19	0.24759670866500516	0.5293396029368528	0.11581247615258569	-1	0	-3	0	0.8157973344373752	correct_baseline
5281901	Campylopus introflexus	Bryopsida	327	Plantae	2019	0	0	0	0	0.21143896439420884	0.4730370453257407	0.09450937533509657	-1	0	-3	0	0.8059569808176194	correct_baseline
5281901	Campylopus introflexus	Bryopsida	327	Plantae	2020	0	0	0	0	0.17889445970826556	0.4218990672624573	0.07585517531946448	-1	0	-3	0	0.7962203791145445	correct_baseline
5281901	Campylopus introflexus	Bryopsida	327	Plantae	2021	1	1	70	13	0.149961739981948	0.375533663368981	0.059884174581486885	-1	0	-3	0	0.7865888002902978	correct_baseline
5281901	Campylopus introflexus	Bryopsida	327	Plantae	2022	1	1	72	17	0.12454771464548461	0.33354541789474246	0.04650680954132687	-1	0	-3	0	0.7770630273800839	correct_baseline
5281901	Campylopus introflexus	Bryopsida	327	Plantae	2023	3	3	95	16	0.10248558095145127	0.29555925882424167	0.03553701665357875	-1	0	-3	0	0.7676434633485633	correct_baseline
5281901	Campylopus introflexus	Bryopsida	327	Plantae	2024	3	3	201	26	0.08355289145807619	0.26123142783389425	0.026723758809924024	-1	0	-3	0	0.758330212969396	correct_baseline
5284884	Picea abies	Pinopsida	194	Plantae	1997	1	1	11	8									correct_baseline
5284884	Picea abies	Pinopsida	194	Plantae	1998	0	0	0	0									correct_baseline
5284884	Picea abies	Pinopsida	194	Plantae	1999	0	0	0	0									correct_baseline
5284884	Picea abies	Pinopsida	194	Plantae	2000	0	0	0	0									correct_baseline
5284884	Picea abies	Pinopsida	194	Plantae	2001	0	0	0	0									correct_baseline
5284884	Picea abies	Pinopsida	194	Plantae	2002	0	0	0	0									correct_baseline
5284884	Picea abies	Pinopsida	194	Plantae	2003	0	0	0	0									correct_baseline
5284884	Picea abies	Pinopsida	194	Plantae	2004	0	0	0	0									correct_baseline
5284884	Picea abies	Pinopsida	194	Plantae	2005	0	0	0	0									correct_baseline
5284884	Picea abies	Pinopsida	194	Plantae	2006	0	0	0	0									correct_baseline
5284884	Picea abies	Pinopsida	194	Plantae	2007	0	0	0	0									correct_baseline
5284884	Picea abies	Pinopsida	194	Plantae	2008	0	0	0	0									correct_baseline
5284884	Picea abies	Pinopsida	194	Plantae	2009	0	0	0	0									correct_baseline
5284884	Picea abies	Pinopsida	194	Plantae	2010	0	0	0	0									correct_baseline
5284884	Picea abies	Pinopsida	194	Plantae	2011	0	0	0	0									correct_baseline
5284884	Picea abies	Pinopsida	194	Plantae	2012	0	0	0	0									correct_baseline
5284884	Picea abies	Pinopsida	194	Plantae	2013	0	0	0	0									correct_baseline
5284884	Picea abies	Pinopsida	194	Plantae	2014	1	1	3	3									correct_baseline
5284884	Picea abies	Pinopsida	194	Plantae	2015	3	2	8	1									correct_baseline
5284884	Picea abies	Pinopsida	194	Plantae	2016	0	0	0	0									correct_baseline
5284884	Picea abies	Pinopsida	194	Plantae	2017	0	0	0	0									correct_baseline
5284884	Picea abies	Pinopsida	194	Plantae	2018	0	0	0	0									correct_baseline
5284884	Picea abies	Pinopsida	194	Plantae	2019	0	0	0	0									correct_baseline
5284884	Picea abies	Pinopsida	194	Plantae	2020	1	1	19	14									correct_baseline
5284884	Picea abies	Pinopsida	194	Plantae	2021	1	1	16	10									correct_baseline
5284884	Picea abies	Pinopsida	194	Plantae	2022	0	0	0	0									correct_baseline
5284884	Picea abies	Pinopsida	194	Plantae	2023	0	0	0	0									correct_baseline
5284884	Picea abies	Pinopsida	194	Plantae	2024	1	1	21	12									correct_baseline
5284950	Picea omorika	Pinopsida	194	Plantae	2021	1	1	16	10									correct_baseline
5284950	Picea omorika	Pinopsida	194	Plantae	2022	0	0	0	0									correct_baseline
5284950	Picea omorika	Pinopsida	194	Plantae	2023	0	0	0	0									correct_baseline
5284950	Picea omorika	Pinopsida	194	Plantae	2024	1	1	21	12									correct_baseline
5285637	Pinus sylvestris	Pinopsida	194	Plantae	1990	1	1	0	0	0.28598919383008725	2.3292996246690247	0.035113481374988376	0	0	0	1	0.8996962856775907	correct_baseline
5285637	Pinus sylvestris	Pinopsida	194	Plantae	1991	0	0	0	0	0.3255892144170374	1.9525869850368829	0.05429122357009931	0	0	0	1	0.9152142300443729	correct_baseline
5285637	Pinus sylvestris	Pinopsida	194	Plantae	1992	0	0	0	0	0.36893579094039025	1.69251716546792	0.08042081971982887	0	0	0	1	0.9306006869272538	correct_baseline
5285637	Pinus sylvestris	Pinopsida	194	Plantae	1993	0	0	0	0	0.41607703973075083	1.516782191408887	0.11413642906124807	0	0	0	1	0.9456036825655172	correct_baseline
5285637	Pinus sylvestris	Pinopsida	194	Plantae	1994	0	0	0	0	0.466970777993462	1.4043129866111654	0.15527999069925102	0	0	0	1	0.9598409843365185	correct_baseline
5285637	Pinus sylvestris	Pinopsida	194	Plantae	1995	0	0	0	0	0.5214396775905843	1.3410877198810849	0.20274537849759894	0	0	0	1	0.9728198249785237	correct_baseline
5285637	Pinus sylvestris	Pinopsida	194	Plantae	1996	0	0	0	0	0.5791192986629159	1.3173456913518433	0.2545870565983829	0	0	0	1	0.9839849497629184	correct_baseline
5285637	Pinus sylvestris	Pinopsida	194	Plantae	1997	2	2	10	7	0.6394062699435663	1.3256419661361998	0.3084093507048339	0	0	0	1	0.9927914179625847	correct_baseline
5285637	Pinus sylvestris	Pinopsida	194	Plantae	1998	1	1	5	5	0.7014163495542561	1.3595455410796478	0.3618745239172506	0	0	0	1	0.998797690329057	correct_baseline
5285637	Pinus sylvestris	Pinopsida	194	Plantae	1999	2	1	2	3	0.763963717478325	1.412967137361202	0.4130602518564476	0	0	0	1	1.0017665788315502	correct_baseline
5285637	Pinus sylvestris	Pinopsida	194	Plantae	2000	0	0	0	0	0.8255728138497278	1.4800353389852106	0.4605095925851862	0	0	0	1	1.0017442104748024	correct_baseline
5285637	Pinus sylvestris	Pinopsida	194	Plantae	2001	0	0	0	0	0.8845315248706848	1.5552520896013446	0.5030670099858917	0	0	0	1	0.9990726965849056	correct_baseline
5285637	Pinus sylvestris	Pinopsida	194	Plantae	2002	0	0	0	0	0.9389890745544864	1.6336186006804447	0.5397223573271261	0	0	0	1	0.9943105199357662	correct_baseline
5285637	Pinus sylvestris	Pinopsida	194	Plantae	2003	8	7	11	11	0.9870939448496918	1.710599538050444	0.5695982223106352	0	0	0	1	0.9880910777988865	correct_baseline
5285637	Pinus sylvestris	Pinopsida	194	Plantae	2004	7	7	19	17	1.0271579174038579	1.7820081854990149	0.5920586649774475	0	0	0	1	0.9809912309648069	correct_baseline
5285637	Pinus sylvestris	Pinopsida	194	Plantae	2005	4	4	6	4	1.057824234042717	1.8439787185586656	0.6068356965652587	0	0	0	1	0.9734636046482064	correct_baseline
5285637	Pinus sylvestris	Pinopsida	194	Plantae	2006	0	0	0	0	1.0782135392327796	1.8931231259562158	0.6140881278377897	0	0	0	1	0.9658383174229156	correct_baseline
5285637	Pinus sylvestris	Pinopsida	194	Plantae	2007	0	0	0	0	1.088022655484585	1.926833088760446	0.6143725192145605	0	0	0	1	0.9583690803204311	correct_baseline
5285637	Pinus sylvestris	Pinopsida	194	Plantae	2008	1	1	0	0	1.087558721037006	1.9435830786056751	0.608558483927621	0	0	0	1	0.9512911508984025	correct_baseline
5285637	Pinus sylvestris	Pinopsida	194	Plantae	2009	1	1	0	0	1.077703178821237	1.943078709271477	0.5977339652272049	0	0	0	1	0.9448602570635968	correct_baseline
5285637	Pinus sylvestris	Pinopsida	194	Plantae	2010	0	0	0	0	1.0598133815064175	1.9261691332506776	0.5831286485857572	0	0	0	1	0.9393489201613417	correct_baseline
5285637	Pinus sylvestris	Pinopsida	194	Plantae	2011	0	0	0	0	1.0355805614937665	1.8945543895520203	0.5660576995086042	0	0	0	1	0.9349925699872972	correct_baseline
5285637	Pinus sylvestris	Pinopsida	194	Plantae	2012	1	1	0	0	1.0068688644269161	1.8504091855553326	0.5478706645352592	0	0	0	1	0.9318961654515221	correct_baseline
5285637	Pinus sylvestris	Pinopsida	194	Plantae	2013	0	0	0	0	0.9755600853807551	1.7960761877887796	0.5298870318857704	0	0	0	1	0.9299247827570324	correct_baseline
5285637	Pinus sylvestris	Pinopsida	194	Plantae	2014	0	0	0	0	0.943423598943182	1.733952826805997	0.5133058254430175	0	0	0	1	0.9286217914899716	correct_baseline
5285637	Pinus sylvestris	Pinopsida	194	Plantae	2015	3	2	8	1	0.9120229481549523	1.666634344003483	0.4990811937567468	0	0	0	1	0.9272445017791113	correct_baseline
5285637	Pinus sylvestris	Pinopsida	194	Plantae	2016	0	0	0	0	0.8826621915717391	1.597320591671447	0.4877496405496017	0	0	0	1	0.9250068196068633	correct_baseline
5285637	Pinus sylvestris	Pinopsida	194	Plantae	2017	2	2	1	1	0.8563684147026667	1.5304692031395768	0.47917779736824684	0	0	0	1	0.9214142960350425	correct_baseline
5285637	Pinus sylvestris	Pinopsida	194	Plantae	2018	2	1	9	6	0.8339028282425922	1.472669872382953	0.4721994657402512	0	0	0	1	0.9163864610354626	correct_baseline
5285637	Pinus sylvestris	Pinopsida	194	Plantae	2019	3	2	10	6	0.8157916608414978	1.4336402051629582	0.46421412534456785	0	0	0	1	0.9101123357280819	correct_baseline
5285637	Pinus sylvestris	Pinopsida	194	Plantae	2020	3	3	17	12	0.8023689832586517	1.4269623832562643	0.45116535155356297	0	0	0	1	0.9028645564013728	correct_baseline
5285637	Pinus sylvestris	Pinopsida	194	Plantae	2021	2	2	15	9	0.793825728487723	1.4698839781291733	0.4287136240583513	0	0	0	1	0.8949009831497822	correct_baseline
5285637	Pinus sylvestris	Pinopsida	194	Plantae	2022	7	5	19	13	0.7902615109709444	1.5824055500498946	0.3946606833516153	0	0	0	1	0.8864352431690834	correct_baseline
5285637	Pinus sylvestris	Pinopsida	194	Plantae	2023	3	2	13	6	0.7917374920072746	1.788226995333898	0.3505417700804388	0	0	0	1	0.8776347401131619	correct_baseline
5285637	Pinus sylvestris	Pinopsida	194	Plantae	2024	11	5	11	8	0.7983286541984096	2.120156896095298	0.30060447002201335	0	0	0	1	0.8686257100803918	correct_baseline
5289684	Setaria viridis	Liliopsida	196	Plantae	1991	3	3	2322	65	0.16541326745800009	0.8964476499122812	0.030522193966161043	0	0	0	1	0.7358268917377846	correct_baseline
5289684	Setaria viridis	Liliopsida	196	Plantae	1992	0	0	0	0	0.16433132515356	0.7368579738548405	0.03664856103198652	0	0	0	1	0.7873334908146529	correct_baseline
5289684	Setaria viridis	Liliopsida	196	Plantae	1993	0	0	0	0	0.16701574433577066	0.6817500576428882	0.04091566776315987	0	0	0	1	0.8415769090414565	correct_baseline
5289684	Setaria viridis	Liliopsida	196	Plantae	1994	3	3	1246	62	0.17358064888700658	0.6888388657916785	0.04374062377186824	0	0	0	1	0.897356535080547	correct_baseline
5289684	Setaria viridis	Liliopsida	196	Plantae	1995	0	0	0	0	0.18427448288411355	0.7340703406036764	0.04625862558931645	0	0	0	1	0.9520036046379591	correct_baseline
5289684	Setaria viridis	Liliopsida	196	Plantae	1996	1	1	207	35	0.199394281549371	0.8018556602829197	0.0495825888421888	0	0	0	1	1.0004524320386594	correct_baseline
5289684	Setaria viridis	Liliopsida	196	Plantae	1997	1	1	273	39	0.21916372709821952	0.8812336836152939	0.05450624524306282	1	0	3	3	1.0340529849825508	correct_baseline
5289684	Setaria viridis	Liliopsida	196	Plantae	1998	0	0	0	0	0.24355673918875886	0.9645635302592213	0.06149919973474347	1	0	3	3	1.044447784006525	correct_baseline
5289684	Setaria viridis	Liliopsida	196	Plantae	1999	0	0	0	0	0.2720626151529854	1.0472977427675416	0.07067528510878353	1	0	3	3	1.03515209312057	correct_baseline
5289684	Setaria viridis	Liliopsida	196	Plantae	2000	0	0	0	0	0.30342235432835	1.1278450299370684	0.08162923332764592	1	0	3	3	1.0158300690172763	correct_baseline
5289684	Setaria viridis	Liliopsida	196	Plantae	2001	0	0	0	0	0.3354176778635322	1.206724740684616	0.09323171625663058	0	0	0	1	0.9921969054747232	correct_baseline
5289684	Setaria viridis	Liliopsida	196	Plantae	2002	0	0	0	0	0.3648457302716841	1.284517956062771	0.10362829594495261	0	-1	-1	0	0.9668513588531981	correct_baseline
5289684	Setaria viridis	Liliopsida	196	Plantae	2003	5	5	1063	62	0.3878216347152697	1.3588008486821108	0.11068996645027207	0	-1	-1	0	0.9411422274727343	correct_baseline
5289684	Setaria viridis	Liliopsida	196	Plantae	2004	8	8	1206	58	0.40046957266438526	1.421411224334649	0.11282862825644702	0	-1	-1	0	0.9158966494200785	correct_baseline
5289684	Setaria viridis	Liliopsida	196	Plantae	2005	0	0	0	0	0.39988217103480916	1.4583252389792742	0.10965026623514743	0	-1	-1	0	0.8916244318990524	correct_baseline
5289684	Setaria viridis	Liliopsida	196	Plantae	2006	1	1	42	10	0.3850249591707212	1.4536788171227362	0.10197866092445032	0	-1	-1	0	0.8685096323135376	correct_baseline
5289684	Setaria viridis	Liliopsida	196	Plantae	2007	0	0	0	0	0.35718390258012916	1.396750538830043	0.09134082050846104	-1	-1	-4	0	0.8463101630326256	correct_baseline
5289684	Setaria viridis	Liliopsida	196	Plantae	2008	0	0	0	0	0.31970619559455055	1.2880099430847276	0.07935657022704934	-1	0	-3	0	0.8243838012567744	correct_baseline
5289684	Setaria viridis	Liliopsida	196	Plantae	2009	0	0	0	0	0.27711365018712153	1.1402695261285136	0.0673454594377852	-1	0	-3	0	0.802430019626552	correct_baseline
5289684	Setaria viridis	Liliopsida	196	Plantae	2010	0	0	0	0	0.23396703017322804	0.9741092064620691	0.056195517756059465	-1	0	-3	0	0.7819374095723785	correct_baseline
5289684	Setaria viridis	Liliopsida	196	Plantae	2011	0	0	0	0	0.19393238068372395	0.8105442542741056	0.04640063522668333	-1	0	-3	0	0.7661393927593021	correct_baseline
5289684	Setaria viridis	Liliopsida	196	Plantae	2012	0	0	0	0	0.15932645330482567	0.6651431302611485	0.038164595810721465	-1	0	-3	0	0.7582390354102739	correct_baseline
5289684	Setaria viridis	Liliopsida	196	Plantae	2013	2	2	213	57	0.13115016166812446	0.5459028851143408	0.03150810405036149	-1	0	-3	0	0.760472287828527	correct_baseline
5289684	Setaria viridis	Liliopsida	196	Plantae	2014	0	0	0	0	0.10943208930490242	0.4544261151710219	0.026352759601259358	-1	1	-2	0	0.7741939896546495	correct_baseline
5289684	Setaria viridis	Liliopsida	196	Plantae	2015	0	0	0	0	0.09366721454737688	0.3885514654513911	0.022580141528669453	-1	1	-2	0	0.800033936987056	correct_baseline
5289684	Setaria viridis	Liliopsida	196	Plantae	2016	1	1	196	63	0.08320595711905665	0.34486095633360336	0.02007542800351416	-1	1	-2	0	0.8377236305843707	correct_baseline
5289684	Setaria viridis	Liliopsida	196	Plantae	2017	1	1	202	52	0.07754628014353226	0.32043164267831137	0.018766640878024026	0	1	1	2	0.8855553705882591	correct_baseline
5289684	Setaria viridis	Liliopsida	196	Plantae	2018	0	0	0	0	0.07655691438980018	0.3139619415522885	0.018667743968932893	0	1	1	2	0.9400201053062474	correct_baseline
5289684	Setaria viridis	Liliopsida	196	Plantae	2019	1	1	142	40	0.08070710692970882	0.32680247155553865	0.019931419361546934	0	1	1	2	0.9970438742524552	correct_baseline
5289684	Setaria viridis	Liliopsida	196	Plantae	2020	1	1	205	50	0.09142207829771301	0.36473676537057775	0.022915146466743835	1	1	4	3	1.054362211584186	correct_baseline
5289684	Setaria viridis	Liliopsida	196	Plantae	2021	2	2	573	58	0.11176812728470867	0.4421380852937192	0.028253875185694832	1	1	4	3	1.1117830601325716	correct_baseline
5289684	Setaria viridis	Liliopsida	196	Plantae	2022	1	1	544	60	0.147877829831657	0.5925492203091461	0.036904702269815765	1	1	4	3	1.1698048831282009	correct_baseline
5289684	Setaria viridis	Liliopsida	196	Plantae	2023	0	0	0	0	0.21203850433683888	0.8972977941930516	0.05010636113491942	1	1	4	3	1.228891526688277	correct_baseline
5289684	Setaria viridis	Liliopsida	196	Plantae	2024	7	5	446	48	0.32966671880800286	1.5688192738622122	0.06927512129684614	1	1	4	3	1.2894379969351664	correct_baseline
5289744	Phalaris canariensis	Liliopsida	196	Plantae	1986	2	2	333	29	0.11024751806361073	2.2784453458258747	0.005334565194400347	-1	0	-3	0	0.7625132097397339	correct_baseline
5289744	Phalaris canariensis	Liliopsida	196	Plantae	1987	0	0	0	0	0.0945484307006399	1.8992220790688858	0.004706877540269722	-1	0	-3	0	0.7720230228902302	correct_baseline
5289744	Phalaris canariensis	Liliopsida	196	Plantae	1988	0	0	0	0	0.08164791922562359	1.610438222839302	0.0041394836630992944	-1	0	-3	0	0.781630307408014	correct_baseline
5289744	Phalaris canariensis	Liliopsida	196	Plantae	1989	0	0	0	0	0.07099719825072343	1.3875030088611873	0.0036328585431967255	-1	0	-3	0	0.7913321755376541	correct_baseline
5289744	Phalaris canariensis	Liliopsida	196	Plantae	1990	0	0	0	0	0.0621645211388843	1.213176592865972	0.0031853793678112315	-1	0	-3	0	0.801124736674112	correct_baseline
5289744	Phalaris canariensis	Liliopsida	196	Plantae	1991	3	3	2322	65	0.05480867047775273	1.0752163880641805	0.0027938472598499613	-1	0	-3	0	0.8110027998918571	correct_baseline
5289744	Phalaris canariensis	Liliopsida	196	Plantae	1992	0	0	0	0	0.04865878210782118	0.9648203022336731	0.002454008348222945	-1	0	-3	0	0.8209594719459787	correct_baseline
5289744	Phalaris canariensis	Liliopsida	196	Plantae	1993	0	0	0	0	0.04349892203083423	0.8755845026587068	0.002161020680584312	-1	0	-3	0	0.8309856085426941	correct_baseline
5289744	Phalaris canariensis	Liliopsida	196	Plantae	1994	0	0	0	0	0.03915624588241075	0.8027973630671167	0.0019098363573917562	-1	0	-3	0	0.8410690585277366	correct_baseline
5289744	Phalaris canariensis	Liliopsida	196	Plantae	1995	0	0	0	0	0.035491870784890155	0.7429556439391168	0.0016954886904588416	-1	0	-3	0	0.8511936151044528	correct_baseline
5289744	Phalaris canariensis	Liliopsida	196	Plantae	1996	0	0	0	0	0.03239380985227868	0.6934292734514047	0.0015132890359857674	-1	0	-3	0	0.8613375542325666	correct_baseline
5289744	Phalaris canariensis	Liliopsida	196	Plantae	1997	0	0	0	0	0.02977148224218062	0.6522266190890876	0.0013589466129646118	-1	0	-3	0	0.8714716006974208	correct_baseline
5289744	Phalaris canariensis	Liliopsida	196	Plantae	1998	0	0	0	0	0.027551432123234694	0.6178284765553507	0.0012286280753412363	-1	0	-3	0	0.8815561304583828	correct_baseline
5289744	Phalaris canariensis	Liliopsida	196	Plantae	1999	0	0	0	0	0.02567397955842843	0.5890695736976898	0.0011189734724015431	-1	0	-3	0	0.8915374386172765	correct_baseline
5289744	Phalaris canariensis	Liliopsida	196	Plantae	2000	0	0	0	0	0.024090593281293732	0.5650533016624456	0.0010270830786002752	-1	0	-3	0	0.9013430905264854	correct_baseline
5289744	Phalaris canariensis	Liliopsida	196	Plantae	2001	0	0	0	0	0.022761825615229467	0.5450899572812444	9.504866094438015e-4	-1	0	-3	0	0.910876978114091	correct_baseline
5289744	Phalaris canariensis	Liliopsida	196	Plantae	2002	0	0	0	0	0.021655687701703234	0.5286518370131684	8.871033390961601e-4	0	0	0	1	0.9200161190538918	correct_baseline
5289744	Phalaris canariensis	Liliopsida	196	Plantae	2003	1	1	1067	66	0.020746371947924974	0.515340590014592	8.351990069120326e-4	0	0	0	1	0.9286136476422595	correct_baseline
5289744	Phalaris canariensis	Liliopsida	196	Plantae	2004	3	3	1211	63	0.020013250527344453	0.5048636547857818	7.933432974893029e-4	0	0	0	1	0.9365144783780989	correct_baseline
5289744	Phalaris canariensis	Liliopsida	196	Plantae	2005	1	1	467	59	0.019440095607055556	0.49701759094858255	7.603701037828197e-4	0	0	0	1	0.9435870761652093	correct_baseline
5289744	Phalaris canariensis	Liliopsida	196	Plantae	2006	0	0	0	0	0.019014480032421347	0.4916768208436842	7.353416626046228e-4	0	0	0	1	0.9497620381461295	correct_baseline
5289744	Phalaris canariensis	Liliopsida	196	Plantae	2007	0	0	0	0	0.018727327446529808	0.48878681311058614	7.175168885135228e-4	0	0	0	1	0.9550543462251446	correct_baseline
5289744	Phalaris canariensis	Liliopsida	196	Plantae	2008	0	0	0	0	0.018572589002249666	0.48836114058678703	7.063237296727248e-4	0	0	0	1	0.9595526703716464	correct_baseline
5289744	Phalaris canariensis	Liliopsida	196	Plantae	2009	0	0	0	0	0.018547030510912742	0.49048217772653685	7.0133504619309e-4	0	0	0	1	0.9633850789503129	correct_baseline
5289744	Phalaris canariensis	Liliopsida	196	Plantae	2010	0	0	0	0	0.018650119517597992	0.49530550796308737	7.02247304802052e-4	0	0	0	1	0.9666846403185558	correct_baseline
5289744	Phalaris canariensis	Liliopsida	196	Plantae	2011	0	0	0	0	0.018884006770178628	0.5030684244659599	7.088612489935394e-4	0	0	0	1	0.9695688826428625	correct_baseline
5289744	Phalaris canariensis	Liliopsida	196	Plantae	2012	1	1	191	58	0.019253601177131464	0.5141032650972932	7.210636139762383e-4	0	0	0	1	0.9721328511651871	correct_baseline
5289744	Phalaris canariensis	Liliopsida	196	Plantae	2013	2	2	213	57	0.019766741919988635	0.5288567671301114	7.388088995281937e-4	0	0	0	1	0.9744499443371993	correct_baseline
5289744	Phalaris canariensis	Liliopsida	196	Plantae	2014	0	0	0	0	0.02043447618823643	0.547917215774344	7.621001951863734e-4	0	0	0	1	0.9765756560657182	correct_baseline
5289744	Phalaris canariensis	Liliopsida	196	Plantae	2015	0	0	0	0	0.02127145634327423	0.5720519714574139	7.909680895095134e-4	0	0	0	1	0.9785516739306682	correct_baseline
5289744	Phalaris canariensis	Liliopsida	196	Plantae	2016	0	0	0	0	0.022296476541278126	0.6022591086112434	8.254468202267795e-4	0	0	0	1	0.980409379128219	correct_baseline
5289744	Phalaris canariensis	Liliopsida	196	Plantae	2017	0	0	0	0	0.023533176369409183	0.6398385541847875	8.655470765423372e-4	0	0	0	1	0.9821725562192571	correct_baseline
5289744	Phalaris canariensis	Liliopsida	196	Plantae	2018	0	0	0	0	0.02501094839625421	0.686490536242202	9.112252924917101e-4	0	0	0	1	0.983859400641291	correct_baseline
5289744	Phalaris canariensis	Liliopsida	196	Plantae	2019	1	1	142	40	0.026766098373629976	0.7444527397908003	9.62349903296965e-4	0	0	0	1	0.9854839782792201	correct_baseline
5289744	Phalaris canariensis	Liliopsida	196	Plantae	2020	1	1	205	50	0.028843322026349684	0.816692936675677	0.0010186658756987453	0	0	0	1	0.987057280729022	correct_baseline
5289744	Phalaris canariensis	Liliopsida	196	Plantae	2021	1	1	574	59	0.031297582086253856	0.9071819793833511	0.0010797598130329168	0	0	0	1	0.9885879895610787	correct_baseline
5289744	Phalaris canariensis	Liliopsida	196	Plantae	2022	0	0	0	0	0.034196495013682285	1.0212844632786944	0.001145028944694407	0	0	0	1	0.9900830330121412	correct_baseline
5289744	Phalaris canariensis	Liliopsida	196	Plantae	2023	1	1	225	43	0.037623370786527166	1.1663235312373126	0.0012136581243789464	0	0	0	1	0.9915479947766153	correct_baseline
5289744	Phalaris canariensis	Liliopsida	196	Plantae	2024	6	5	447	48	0.04168109404480047	1.352406202153484	0.0012846093119102198	0	0	0	1	0.9929874169391923	correct_baseline
5289756	Phalaris arundinacea	Liliopsida	196	Plantae	1981	2	2	117	13	0.47350008712263986	1.8568687374571056	0.12074215478051618	0	0	0	1	0.9914413071739613	correct_baseline
5289756	Phalaris arundinacea	Liliopsida	196	Plantae	1982	1	1	45	7	0.501055340804352	1.8533493963781436	0.13546094170866296	0	0	0	1	0.9889132217233843	correct_baseline
5289756	Phalaris arundinacea	Liliopsida	196	Plantae	1983	2	1	140	20	0.527354382585543	1.8534907824423204	0.15004263709675805	0	0	0	1	0.9863769898740602	correct_baseline
5289756	Phalaris arundinacea	Liliopsida	196	Plantae	1984	0	0	0	0	0.5520401369358133	1.8570852266522755	0.1641003376767335	0	0	0	1	0.9838306170213172	correct_baseline
5289756	Phalaris arundinacea	Liliopsida	196	Plantae	1985	0	0	0	0	0.5747645602189304	1.863759460983549	0.1772515748943938	0	0	0	1	0.981271727732393	correct_baseline
5289756	Phalaris arundinacea	Liliopsida	196	Plantae	1986	1	1	334	30	0.595196735394743	1.8729554673554074	0.1891444617873215	0	0	0	1	0.9786974749163514	correct_baseline
5289756	Phalaris arundinacea	Liliopsida	196	Plantae	1987	0	0	0	0	0.6130308510851422	1.8839226809373038	0.19948102339062	0	0	0	1	0.9761044232897054	correct_baseline
5289756	Phalaris arundinacea	Liliopsida	196	Plantae	1988	0	0	0	0	0.6279937975963257	1.8957249948619224	0.20803450441828444	0	0	0	1	0.9734883988996749	correct_baseline
5289756	Phalaris arundinacea	Liliopsida	196	Plantae	1989	0	0	0	0	0.6398521169402711	1.9072642421688506	0.21465863119595	0	0	0	1	0.9708442937924646	correct_baseline
5289756	Phalaris arundinacea	Liliopsida	196	Plantae	1990	1	1	86	31	0.648418059996795	1.9173195835429815	0.21928841917583325	0	0	0	1	0.9681658118340438	correct_baseline
5289756	Phalaris arundinacea	Liliopsida	196	Plantae	1991	26	23	2299	45	0.653554531294623	1.9246000673001302	0.2219336539746288	0	0	0	1	0.9654451379047895	correct_baseline
5289756	Phalaris arundinacea	Liliopsida	196	Plantae	1992	3	3	1049	52	0.6551787394329526	1.9278060369433914	0.222667204261669	0	0	0	1	0.9626725092468138	correct_baseline
5289756	Phalaris arundinacea	Liliopsida	196	Plantae	1993	9	8	779	52	0.6532644173027771	1.9256942770705967	0.22161066997775156	0	0	0	1	0.9598356659911852	correct_baseline
5289756	Phalaris arundinacea	Liliopsida	196	Plantae	1994	13	10	1236	55	0.647842528893247	1.9171417724218172	0.21891961683804653	0	0	0	1	0.9569191622101348	correct_baseline
5289756	Phalaris arundinacea	Liliopsida	196	Plantae	1995	1	1	307	32	0.6390004360979298	1.9012034986118582	0.21477004309716224	0	0	0	1	0.9539035373816582	correct_baseline
5289756	Phalaris arundinacea	Liliopsida	196	Plantae	1996	2	2	206	34	0.6268795568492547	1.8771605229519541	0.2093470291914807	0	0	0	1	0.9507643972411198	correct_baseline
5289756	Phalaris arundinacea	Liliopsida	196	Plantae	1997	4	3	270	37	0.6116716023112967	1.8445556819660442	0.2028359201795875	0	0	0	1	0.947471558526346	correct_baseline
5289756	Phalaris arundinacea	Liliopsida	196	Plantae	1998	0	0	0	0	0.5936135330449376	1.8032151108950663	0.1954159681144104	0	0	0	1	0.943988604738479	correct_baseline
5289756	Phalaris arundinacea	Liliopsida	196	Plantae	1999	0	0	0	0	0.5729814195663359	1.7532548810348696	0.1872561204418081	-1	0	-3	0	0.9402734829520532	correct_baseline
5289756	Phalaris arundinacea	Liliopsida	196	Plantae	2000	1	1	237	30	0.5500834294793209	1.6950729306387695	0.1785125429816773	-1	0	-3	0	0.9362810342743253	correct_baseline
5289756	Phalaris arundinacea	Liliopsida	196	Plantae	2001	1	1	109	17	0.5252521898080009	1.6293273332098315	0.16932746249004954	-1	0	-3	0	0.9319682501517143	correct_baseline
5289756	Phalaris arundinacea	Liliopsida	196	Plantae	2002	4	4	95	11	0.4988367883045732	1.5569027034626917	0.15982896093158755	-1	0	-3	0	0.9273020662030792	correct_baseline
5289756	Phalaris arundinacea	Liliopsida	196	Plantae	2003	5	4	1063	63	0.47119468100146517	1.478867158948955	0.1501314205677996	-1	0	-3	0	0.9222675765325844	correct_baseline
5289756	Phalaris arundinacea	Liliopsida	196	Plantae	2004	8	7	1206	59	0.4426837653849412	1.3964226973663432	0.1403363870445443	-1	0	-3	0	0.9168729763790634	correct_baseline
5289756	Phalaris arundinacea	Liliopsida	196	Plantae	2005	3	3	465	57	0.41365486014487857	1.3108520876284666	0.1305336772442756	-1	0	-3	0	0.9111484051187231	correct_baseline
5289756	Phalaris arundinacea	Liliopsida	196	Plantae	2006	0	0	0	0	0.3844448048712361	1.2234653938908988	0.1208026060487515	-1	0	-3	0	0.9051392277522505	correct_baseline
5289756	Phalaris arundinacea	Liliopsida	196	Plantae	2007	0	0	0	0	0.3553703581004795	1.1355490617078563	0.1112132409554606	-1	0	-3	0	0.8988972120669882	correct_baseline
5289756	Phalaris arundinacea	Liliopsida	196	Plantae	2008	0	0	0	0	0.32672303182994955	1.0483201189415947	0.10182761696487246	-1	0	-3	0	0.8924731163625202	correct_baseline
5289756	Phalaris arundinacea	Liliopsida	196	Plantae	2009	0	0	0	0	0.298764957231711	0.9628875214707954	0.09270085828230706	-1	0	-3	0	0.8859122439505589	correct_baseline
5289756	Phalaris arundinacea	Liliopsida	196	Plantae	2010	2	2	91	38	0.27172583204249734	0.8802220564793517	0.08388216047948978	-1	0	-3	0	0.8792527094537926	correct_baseline
5289756	Phalaris arundinacea	Liliopsida	196	Plantae	2011	0	0	0	0	0.2458009571034597	0.8011355600596239	0.07541558947711702	-1	0	-3	0	0.8725254427440985	correct_baseline
5289756	Phalaris arundinacea	Liliopsida	196	Plantae	2012	0	0	0	0	0.2211503296687004	0.7262695650793245	0.06734065512883376	-1	0	-3	0	0.8657550278019535	correct_baseline
5289756	Phalaris arundinacea	Liliopsida	196	Plantae	2013	2	2	213	57	0.19789872597709735	0.6560929162669679	0.05969262092661013	-1	0	-3	0	0.8589607978378601	correct_baseline
5289756	Phalaris arundinacea	Liliopsida	196	Plantae	2014	1	1	210	57	0.17613667639237465	0.5909074072214847	0.052502521361901956	-1	0	-3	0	0.8521578940292982	correct_baseline
5289756	Phalaris arundinacea	Liliopsida	196	Plantae	2015	0	0	0	0	0.15592221395438316	0.530860130054645	0.045796878364050164	-1	0	-3	0	0.845358173481914	correct_baseline
5289756	Phalaris arundinacea	Liliopsida	196	Plantae	2016	0	0	0	0	0.1372832618243474	0.47596099121247487	0.039597139944434916	-1	0	-3	0	0.8385709429147206	correct_baseline
5289756	Phalaris arundinacea	Liliopsida	196	Plantae	2017	1	1	202	52	0.12022051682410145	0.42610373492368403	0.03391890631524884	-1	0	-3	0	0.8318035332326519	correct_baseline
5289756	Phalaris arundinacea	Liliopsida	196	Plantae	2018	2	1	665	58	0.10471068468333226	0.38108882018642243	0.02877105521355538	-1	0	-3	0	0.825061742312626	correct_baseline
5289756	Phalaris arundinacea	Liliopsida	196	Plantae	2019	0	0	0	0	0.09070992704179694	0.3406466061489087	0.024154918074631417	-1	0	-3	0	0.8183501737618886	correct_baseline
5289756	Phalaris arundinacea	Liliopsida	196	Plantae	2020	0	0	0	0	0.07815738980143977	0.3044594997638598	0.020063678700490677	-1	0	-3	0	0.8116724956508689	correct_baseline
5289756	Phalaris arundinacea	Liliopsida	196	Plantae	2021	1	1	574	59	0.0669786960326427	0.27218199088799716	0.016482154853805865	-1	0	-3	0	0.8050316384258133	correct_baseline
5289756	Phalaris arundinacea	Liliopsida	196	Plantae	2022	1	1	544	60	0.05708930318250482	0.24345782005244954	0.013387076813395475	-1	0	-3	0	0.798429946944732	correct_baseline
5289756	Phalaris arundinacea	Liliopsida	196	Plantae	2023	0	0	0	0	0.04839764268203583	0.21793386270977144	0.010747902083933438	-1	0	-3	0	0.7918692979027593	correct_baseline
5289756	Phalaris arundinacea	Liliopsida	196	Plantae	2024	1	1	452	52	0.04080797913473548	0.19527063625541394	0.008528118681821703	-1	0	-3	0	0.7853511911931688	correct_baseline
5289906	Rostraria cristata	Liliopsida	196	Plantae	2016	1	1	196	63									correct_baseline
5289906	Rostraria cristata	Liliopsida	196	Plantae	2017	1	1	202	52									correct_baseline
5289906	Rostraria cristata	Liliopsida	196	Plantae	2018	0	0	0	0									correct_baseline
5289906	Rostraria cristata	Liliopsida	196	Plantae	2019	0	0	0	0									correct_baseline
5289906	Rostraria cristata	Liliopsida	196	Plantae	2020	1	1	205	50									correct_baseline
5289906	Rostraria cristata	Liliopsida	196	Plantae	2021	0	0	0	0									correct_baseline
5289906	Rostraria cristata	Liliopsida	196	Plantae	2022	1	1	544	60									correct_baseline
5289906	Rostraria cristata	Liliopsida	196	Plantae	2023	0	0	0	0									correct_baseline
5289906	Rostraria cristata	Liliopsida	196	Plantae	2024	3	2	450	51									correct_baseline
5289972	Digitaria sanguinalis	Liliopsida	196	Plantae	1991	7	6	2318	62	0.4491097233074516	1.409660854589482	0.1430837374199727	0	0	0	1	0.8170859212967397	correct_baseline
5289972	Digitaria sanguinalis	Liliopsida	196	Plantae	1992	2	2	1050	53	0.471402754820277	1.2913756694109306	0.17208048944697366	0	0	0	1	0.8577983001246177	correct_baseline
5289972	Digitaria sanguinalis	Liliopsida	196	Plantae	1993	3	3	785	57	0.4990344270662808	1.3176564590073478	0.18899870121304693	0	0	0	1	0.89985183573702765	correct_baseline
5289972	Digitaria sanguinalis	Liliopsida	196	Plantae	1994	6	5	1243	60	0.5326178750516264	1.438236439608918	0.1972428128031911	0	0	0	1	0.9421385055377587	correct_baseline
5289972	Digitaria sanguinalis	Liliopsida	196	Plantae	1995	0	0	0	0	0.5725844058267245	1.6106019968433825	0.20355922967840714	0	0	0	1	0.9823235805437673	correct_baseline
5289972	Digitaria sanguinalis	Liliopsida	196	Plantae	1996	0	0	0	0	0.6189017376819694	1.7987147115131106	0.21295170293211305	1	0	3	3	1.0158756558561448	correct_baseline
5289972	Digitaria sanguinalis	Liliopsida	196	Plantae	1997	0	0	0	0	0.6707233308876687	1.973143820112554	0.22799645013782477	1	0	3	3	1.033929228677975	correct_baseline
5289972	Digitaria sanguinalis	Liliopsida	196	Plantae	1998	0	0	0	0	0.7260089273413743	2.112452936651215	0.2495151269097362	1	0	3	3	1.0279315851843474	correct_baseline
5289972	Digitaria sanguinalis	Liliopsida	196	Plantae	1999	0	0	0	0	0.7812106351180255	2.205061506313906	0.2767678156251073	0	0	0	1	1.0056179135769387	correct_baseline
5289972	Digitaria sanguinalis	Liliopsida	196	Plantae	2000	0	0	0	0	0.8311856161205938	2.249717203767688	0.30709172125667417	0	0	0	1	0.9777401967026876	correct_baseline
5289972	Digitaria sanguinalis	Liliopsida	196	Plantae	2001	0	0	0	0	0.8695331289864825	2.253265930164054	0.3355519880203284	0	0	0	1	0.9487251154893177	correct_baseline
5289972	Digitaria sanguinalis	Liliopsida	196	Plantae	2002	0	0	0	0	0.8894979025077213	2.2256000372084745	0.35550256350553894	0	-1	-1	0	0.9202825730891571	correct_baseline
5289972	Digitaria sanguinalis	Liliopsida	196	Plantae	2003	6	6	1062	61	0.8853893306724037	2.173237462840617	0.3607126603845125	0	-1	-1	0	0.8932561946139016	correct_baseline
5289972	Digitaria sanguinalis	Liliopsida	196	Plantae	2004	10	10	1204	56	0.8541735884755987	2.094845810438158	0.34828936603056027	0	-1	-1	0	0.8681233497212719	correct_baseline
5289972	Digitaria sanguinalis	Liliopsida	196	Plantae	2005	0	0	0	0	0.7966558070546431	1.9824363944622752	0.3201416583587454	0	-1	-1	0	0.8450898583645352	correct_baseline
5289972	Digitaria sanguinalis	Liliopsida	196	Plantae	2006	1	1	42	10	0.7176839125475126	1.828474533190695	0.28169394157801386	-1	-1	-4	0	0.8240375815147833	correct_baseline
5289972	Digitaria sanguinalis	Liliopsida	196	Plantae	2007	0	0	0	0	0.6251611379104829	1.6339861685634158	0.23918589757533903	-1	-1	-4	0	0.8044531555184673	correct_baseline
5289972	Digitaria sanguinalis	Liliopsida	196	Plantae	2008	0	0	0	0	0.5281926898378783	1.4116873294862664	0.19762698989421448	-1	0	-3	0	0.785680002026815	correct_baseline
5289972	Digitaria sanguinalis	Liliopsida	196	Plantae	2009	1	1	81	20	0.43508343003633637	1.182283727464919	0.16011181300624006	-1	0	-3	0	0.7679878489259382	correct_baseline
5289972	Digitaria sanguinalis	Liliopsida	196	Plantae	2010	0	0	0	0	0.35190053435899166	0.9670130922770359	0.12805823113578602	-1	0	-3	0	0.7535195410798243	correct_baseline
5289972	Digitaria sanguinalis	Liliopsida	196	Plantae	2011	1	1	115	49	0.2819554952196112	0.7812332951251628	0.10176076951738156	-1	0	-3	0	0.7453751224053924	correct_baseline
5289972	Digitaria sanguinalis	Liliopsida	196	Plantae	2012	1	1	191	58	0.22611257877900937	0.6319503740856768	0.08090334364635121	-1	0	-3	0	0.7462442429679924	correct_baseline
5289972	Digitaria sanguinalis	Liliopsida	196	Plantae	2013	1	1	214	58	0.18355899448609045	0.519077464540913	0.06491112937554404	-1	1	-2	0	0.7580981127767941	correct_baseline
5289972	Digitaria sanguinalis	Liliopsida	196	Plantae	2014	0	0	0	0	0.15265480424215605	0.43844369510334036	0.05315047181307601	-1	1	-2	0	0.7823656819516801	correct_baseline
5289972	Digitaria sanguinalis	Liliopsida	196	Plantae	2015	0	0	0	0	0.13162677949154164	0.38469100471475265	0.045037728636680284	-1	1	-2	0	0.819959952528497	correct_baseline
5289972	Digitaria sanguinalis	Liliopsida	196	Plantae	2016	2	1	195	63	0.11904504927024682	0.35322540521619894	0.04012090734833017	0	1	1	2	0.870836451357405	correct_baseline
5289972	Digitaria sanguinalis	Liliopsida	196	Plantae	2017	1	1	202	52	0.1141454759526267	0.3412989853816884	0.0381752956747897	0	1	1	2	0.9327905382830322	correct_baseline
5289972	Digitaria sanguinalis	Liliopsida	196	Plantae	2018	2	2	665	57	0.11712996472983646	0.34875657754416994	0.039338121546611315	0	1	1	2	1.0004259039192718	correct_baseline
5289972	Digitaria sanguinalis	Liliopsida	196	Plantae	2019	1	1	142	40	0.1296351179842407	0.37921142643720573	0.044316343451667635	1	1	4	3	1.0684208043056265	correct_baseline
5289972	Digitaria sanguinalis	Liliopsida	196	Plantae	2020	0	0	0	0	0.1556806620788194	0.4429345275511584	0.05471794822430111	1	1	4	3	1.1360592844233204	correct_baseline
5289972	Digitaria sanguinalis	Liliopsida	196	Plantae	2021	1	1	574	59	0.20372407868671938	0.5645621037241811	0.07351449904797246	1	1	4	3	1.2048979042614667	correct_baseline
5289972	Digitaria sanguinalis	Liliopsida	196	Plantae	2022	2	2	543	59	0.29126172401887074	0.8046739649949363	0.10542579425814862	1	1	4	3	1.2760782888235822	correct_baseline
5289972	Digitaria sanguinalis	Liliopsida	196	Plantae	2023	1	1	225	43	0.45555100752023453	1.323808749329681	0.15676488054470347	1	1	4	3	1.3501770129534287	correct_baseline
5289972	Digitaria sanguinalis	Liliopsida	196	Plantae	2024	10	6	443	47	0.7798552881303028	2.5867396914961325	0.23511228146541424	1	1	4	3	1.4275771855902326	correct_baseline
5290052	Zea mays	Liliopsida	196	Plantae	2020	1	1	205	50									correct_baseline
5290052	Zea mays	Liliopsida	196	Plantae	2021	0	0	0	0									correct_baseline
5290052	Zea mays	Liliopsida	196	Plantae	2022	0	0	0	0									correct_baseline
5290052	Zea mays	Liliopsida	196	Plantae	2023	0	0	0	0									correct_baseline
5290052	Zea mays	Liliopsida	196	Plantae	2024	2	1	451	52									correct_baseline
5304294	Hyacinthoides massartiana	Liliopsida	196	Plantae	1996	14	9	194	27	1.7139146599735355	8.2688850625889	0.3552478283877002	-1	1	-2	0	0.5448023858234552	correct_baseline
5304294	Hyacinthoides massartiana	Liliopsida	196	Plantae	1997	0	0	0	0	1.089167753158348	4.914982185202716	0.24136128063525755	-1	1	-2	0	0.5669669732039676	correct_baseline
5304294	Hyacinthoides massartiana	Liliopsida	196	Plantae	1998	0	0	0	0	0.7142432989778312	3.098458418638577	0.16464429119526028	-1	1	-2	0	0.5900090753760541	correct_baseline
5304294	Hyacinthoides massartiana	Liliopsida	196	Plantae	1999	0	0	0	0	0.4833295998784998	2.06571869823703	0.11308776084472731	-1	1	-2	0	0.6139567936578382	correct_baseline
5304294	Hyacinthoides massartiana	Liliopsida	196	Plantae	2000	3	3	235	28	0.3375098327239467	1.4507023357246653	0.07852257791288653	-1	1	-2	0	0.6388367403034327	correct_baseline
5304294	Hyacinthoides massartiana	Liliopsida	196	Plantae	2001	1	1	109	17	0.24320656011796846	1.0683307751354425	0.055366214529311925	-1	1	-2	0	0.6646728457897171	correct_baseline
5304294	Hyacinthoides massartiana	Liliopsida	196	Plantae	2002	0	0	0	0	0.18084643802422448	0.821276449102994	0.039822685992969654	-1	1	-2	0	0.6914845193984657	correct_baseline
5304294	Hyacinthoides massartiana	Liliopsida	196	Plantae	2003	2	2	1066	65	0.13876835882050836	0.6563521441948456	0.029338911406101544	-1	1	-2	0	0.7192837625757906	correct_baseline
5304294	Hyacinthoides massartiana	Liliopsida	196	Plantae	2004	0	0	0	0	0.10987952252408631	0.5433985013437409	0.022218518159813214	-1	1	-2	0	0.7480705548374472	correct_baseline
5304294	Hyacinthoides massartiana	Liliopsida	196	Plantae	2005	0	0	0	0	0.08978192109532483	0.4647178130127527	0.01734556569568365	-1	1	-2	0	0.7778253569375175	correct_baseline
5304294	Hyacinthoides massartiana	Liliopsida	196	Plantae	2006	0	0	0	0	0.0757019110654624	0.40961237856370253	0.013990737679994042	-1	1	-2	0	0.8084968190515346	correct_baseline
5304294	Hyacinthoides massartiana	Liliopsida	196	Plantae	2007	0	0	0	0	0.06586741377825688	0.371472942105206	0.011679225338052693	-1	1	-2	0	0.839981820834951	correct_baseline
5304294	Hyacinthoides massartiana	Liliopsida	196	Plantae	2008	0	0	0	0	0.059139847345741986	0.34618332062236973	0.0101030908646604	-1	1	-2	0	0.8720947952840865	correct_baseline
5304294	Hyacinthoides massartiana	Liliopsida	196	Plantae	2009	0	0	0	0	0.054794328117985666	0.3312291950712517	0.009064473900785273	-1	1	-2	0	0.9045281989539	correct_baseline
5304294	Hyacinthoides massartiana	Liliopsida	196	Plantae	2010	0	0	0	0	0.052388604766093916	0.3252006782297833	0.008439606966006137	0	1	1	2	0.9368272977134685	correct_baseline
5304294	Hyacinthoides massartiana	Liliopsida	196	Plantae	2011	1	1	115	49	0.05168730376869561	0.3275297772999682	0.00815674651905207	0	1	1	2	0.968446295959234	correct_baseline
5304294	Hyacinthoides massartiana	Liliopsida	196	Plantae	2012	0	0	0	0	0.05262313816204391	0.3383840228554807	0.008183585757546975	0	1	1	2	0.998949799243007	correct_baseline
5304294	Hyacinthoides massartiana	Liliopsida	196	Plantae	2013	1	1	214	58	0.0552860330012073	0.3586843634781927	0.008521546396310682	1	1	4	3	1.0282414803165985	correct_baseline
5304294	Hyacinthoides massartiana	Liliopsida	196	Plantae	2014	0	0	0	0	0.05993768066532437	0.39024887313361734	0.009205729499463161	1	1	4	3	1.0565650163124078	correct_baseline
5304294	Hyacinthoides massartiana	Liliopsida	196	Plantae	2015	0	0	0	0	0.067054859727761	0.436096686840136	0.010310452587221726	1	1	4	3	1.0843000932171014	correct_baseline
5304294	Hyacinthoides massartiana	Liliopsida	196	Plantae	2016	0	0	0	0	0.07741166401641854	0.5009909153381387	0.01196142593074017	1	1	4	3	1.11179311469954	correct_baseline
5304294	Hyacinthoides massartiana	Liliopsida	196	Plantae	2017	3	3	200	50	0.09222069006304628	0.5923721191785062	0.014356947939242286	1	1	4	3	1.1393038922763858	correct_baseline
5304294	Hyacinthoides massartiana	Liliopsida	196	Plantae	2018	0	0	0	0	0.11336947935227523	0.7219656964742918	0.017802284667223972	1	1	4	3	1.167014354324474	correct_baseline
5304294	Hyacinthoides massartiana	Liliopsida	196	Plantae	2019	1	1	142	40	0.1438168448423785	0.9085974067017497	0.022763970827847778	1	1	4	3	1.1950509027012375	correct_baseline
5304294	Hyacinthoides massartiana	Liliopsida	196	Plantae	2020	1	1	205	50	0.18826482335019704	1.1832458213489876	0.029954590222573133	1	1	4	3	1.2235033108341271	correct_baseline
5304294	Hyacinthoides massartiana	Liliopsida	196	Plantae	2021	9	9	566	51	0.2543164341540253	1.5983654483720093	0.04046436861275642	1	1	4	3	1.252437686656148	correct_baseline
5304294	Hyacinthoides massartiana	Liliopsida	196	Plantae	2022	8	8	537	53	0.35450755093341746	2.2456173116695672	0.0559648356003154	1	1	4	3	1.2819048070427213	correct_baseline
5304294	Hyacinthoides massartiana	Liliopsida	196	Plantae	2023	7	5	219	39	0.5099438686557248	3.2906780775085744	0.07902406223110393	1	1	4	3	1.3119453993228833	correct_baseline
5304294	Hyacinthoides massartiana	Liliopsida	196	Plantae	2024	15	11	438	42	0.7569463144267075	5.043879820603805	0.11359662468238305	1	1	4	3	1.342593509868011	correct_baseline
5330661	Arum italicum	Liliopsida	196	Plantae	1995	1	1	307	32	0.14881510565112904	1.4718413085573294	0.015046415358231596	0	0	0	1	0.7972178526651752	correct_baseline
5330661	Arum italicum	Liliopsida	196	Plantae	1996	0	0	0	0	0.14038359340206383	1.2475587348306811	0.01579689416318399	0	0	0	1	0.8145793614044089	correct_baseline
5330661	Arum italicum	Liliopsida	196	Plantae	1997	0	0	0	0	0.13342674909171146	1.092810001111128	0.016290752605742465	0	0	0	1	0.8319342368035381	correct_baseline
5330661	Arum italicum	Liliopsida	196	Plantae	1998	0	0	0	0	0.1277703126181143	0.985665245904093	0.01656267465487886	0	0	0	1	0.849132371089702	correct_baseline
5330661	Arum italicum	Liliopsida	196	Plantae	1999	0	0	0	0	0.12327844120183286	0.9118259110101602	0.01666718820077972	0	0	0	1	0.8659895954495731	correct_baseline
5330661	Arum italicum	Liliopsida	196	Plantae	2000	0	0	0	0	0.11984908946503774	0.8618422697071025	0.016666395639285788	0	0	0	1	0.8823155142968812	correct_baseline
5330661	Arum italicum	Liliopsida	196	Plantae	2001	0	0	0	0	0.11741084342901928	0.8294453054464717	0.01661990979295899	0	0	0	1	0.8979517971302399	correct_baseline
5330661	Arum italicum	Liliopsida	196	Plantae	2002	0	0	0	0	0.11592100938335805	0.8105179795492259	0.016579126873817185	0	0	0	1	0.9128107617448692	correct_baseline
5330661	Arum italicum	Liliopsida	196	Plantae	2003	0	0	0	0	0.11536488020014111	0.8024402720401385	0.01658572737103003	0	0	0	1	0.9269008738521809	correct_baseline
5330661	Arum italicum	Liliopsida	196	Plantae	2004	0	0	0	0	0.11575620215837627	0.803660739555983	0.016673078176661964	0	0	0	1	0.9403270422442003	correct_baseline
5330661	Arum italicum	Liliopsida	196	Plantae	2005	3	3	465	57	0.1171389620291831	0.8134141672891896	0.01686906495740446	0	0	0	1	0.9532626353686907	correct_baseline
5330661	Arum italicum	Liliopsida	196	Plantae	2006	0	0	0	0	0.11959072084098611	0.8315417070170683	0.017199306289243182	0	0	0	1	0.9659040984220388	correct_baseline
5330661	Arum italicum	Liliopsida	196	Plantae	2007	0	0	0	0	0.12322785075970061	0.8583892320373059	0.017690230301252302	0	0	0	1	0.9784284069644431	correct_baseline
5330661	Arum italicum	Liliopsida	196	Plantae	2008	0	0	0	0	0.12821320050701637	0.8947693263840666	0.0183719136312864	0	0	0	1	0.9909710505507875	correct_baseline
5330661	Arum italicum	Liliopsida	196	Plantae	2009	0	0	0	0	0.13476694335973863	0.9419774075643698	0.01928085416558772	0	0	0	1	1.003629808226596	correct_baseline
5330661	Arum italicum	Liliopsida	196	Plantae	2010	1	1	92	39	0.14318167910926818	1.0018561822577778	0.020463010156156862	1	0	3	3	1.0164849700208074	correct_baseline
5330661	Arum italicum	Liliopsida	196	Plantae	2011	0	0	0	0	0.1538433095990793	1.0769069786799736	0.021977537871849515	1	0	3	3	1.0296169471114018	correct_baseline
5330661	Arum italicum	Liliopsida	196	Plantae	2012	0	0	0	0	0.16725984879418057	1.170452875316008	0.023901737189631844	1	0	3	3	1.0431021128647906	correct_baseline
5330661	Arum italicum	Liliopsida	196	Plantae	2013	4	3	211	56	0.18410125553901752	1.2868682699820497	0.026337794692471043	1	0	3	3	1.0569780657464192	correct_baseline
5330661	Arum italicum	Liliopsida	196	Plantae	2014	6	4	205	54	0.20525473004951958	1.4319044717368907	0.029422007570517838	1	0	3	3	1.0711854733606352	correct_baseline
5330661	Arum italicum	Liliopsida	196	Plantae	2015	2	1	207	62	0.23190190665123533	1.6131642148830925	0.03333727205966793	1	0	3	3	1.0855093825249362	correct_baseline
5330661	Arum italicum	Liliopsida	196	Plantae	2016	0	0	0	0	0.26562733277918593	1.8408151665692283	0.03832969284520011	1	0	3	3	1.0995568002333678	correct_baseline
5330661	Arum italicum	Liliopsida	196	Plantae	2017	2	1	201	52	0.3085720566273968	2.1286929316528025	0.0447301312065387	1	0	3	3	1.1128121297166502	correct_baseline
5330661	Arum italicum	Liliopsida	196	Plantae	2018	6	5	661	54	0.3636528516990753	2.496044077600701	0.05298119441704227	1	0	3	3	1.1247803990285024	correct_baseline
5330661	Arum italicum	Liliopsida	196	Plantae	2019	8	6	135	35	0.43487785149895664	2.9703286188725637	0.06366930060288468	1	0	3	3	1.1351517190364575	correct_baseline
5330661	Arum italicum	Liliopsida	196	Plantae	2020	5	4	201	47	0.5278051756049924	3.591793962174385	0.07755965579572727	1	0	3	3	1.1438798118616211	correct_baseline
5330661	Arum italicum	Liliopsida	196	Plantae	2021	14	13	561	47	0.6502157613164228	4.421054024725404	0.09562890068744516	1	0	3	3	1.1511386022921641	correct_baseline
5330661	Arum italicum	Liliopsida	196	Plantae	2022	12	9	533	52	0.8131103628277796	5.551865598276036	0.11908581907012	1	0	3	3	1.157215859453469	correct_baseline
5330661	Arum italicum	Liliopsida	196	Plantae	2023	18	11	208	33	1.03220215164848	7.133103401372129	0.14936574193818677	1	0	3	3	1.162413668018938	correct_baseline
5330661	Arum italicum	Liliopsida	196	Plantae	2024	24	16	429	37	1.330174556976037	9.407435565769154	0.1880814744524623	1	0	3	3	1.1669852134643766	correct_baseline
5333294	Castanea sativa	Magnoliopsida	220	Plantae	1980	11	7	900	30	1.4146370477035006	5.362479284263975	0.3731852135275801	0	0	0	1	1.0042128259341696	correct_baseline
5333294	Castanea sativa	Magnoliopsida	220	Plantae	1981	2	2	493	24	1.6439266946184408	5.335771077414831	0.5064863049912675	0	0	0	1	1.007022986230036	correct_baseline
5333294	Castanea sativa	Magnoliopsida	220	Plantae	1982	0	0	0	0	1.8883533527502514	5.418821538599061	0.6580542207273002	0	0	0	1	1.0096019611679083	correct_baseline
5333294	Castanea sativa	Magnoliopsida	220	Plantae	1983	0	0	0	0	2.1441007852843303	5.610209553544439	0.8194289595746858	1	0	3	3	1.0118255937770568	correct_baseline
5333294	Castanea sativa	Magnoliopsida	220	Plantae	1984	2	2	669	22	2.406369654618145	5.903158195952546	0.9809350727949893	1	0	3	3	1.0135055779526887	correct_baseline
5333294	Castanea sativa	Magnoliopsida	220	Plantae	1985	0	0	0	0	2.669464014819261	6.2816009187679755	1.1344302540971694	1	0	3	3	1.014385139125755	correct_baseline
5333294	Castanea sativa	Magnoliopsida	220	Plantae	1986	8	6	1401	31	2.9269493869904246	6.718844949677724	1.2750752217335435	1	0	3	3	1.0141414611040178	correct_baseline
5333294	Castanea sativa	Magnoliopsida	220	Plantae	1987	0	0	0	0	3.1718881521563014	7.179774444545731	1.4012800161755044	1	0	3	3	1.0123992729701359	correct_baseline
5333294	Castanea sativa	Magnoliopsida	220	Plantae	1988	1	1	175	22	3.397151057364398	7.625669192175257	1.5133931220612034	0	0	0	1	1.0087719081762714	correct_baseline
5333294	Castanea sativa	Magnoliopsida	220	Plantae	1989	1	1	160	43	3.5957937153483384	8.019782593205548	1.612229794644661	0	0	0	1	1.0029595862399574	correct_baseline
5333294	Castanea sativa	Magnoliopsida	220	Plantae	1990	0	0	0	0	3.7614752263772515	8.332079203665993	1.6980990618073548	0	0	0	1	0.9949138716548765	correct_baseline
5333294	Castanea sativa	Magnoliopsida	220	Plantae	1991	54	36	12392	32	3.8888845395930174	8.542212609106183	1.7704339208513378	0	0	0	1	0.9849761881136763	correct_baseline
5333294	Castanea sativa	Magnoliopsida	220	Plantae	1992	46	17	5374	37	3.9741315926483645	8.64045603844736	1.8278805939650227	0	0	0	1	0.9738262036605309	correct_baseline
5333294	Castanea sativa	Magnoliopsida	220	Plantae	1993	27	21	4499	42	4.015057315211989	8.626811208187396	1.8686725437016327	0	0	0	1	0.9622421845039744	correct_baseline
5333294	Castanea sativa	Magnoliopsida	220	Plantae	1994	48	36	6107	29	4.011421157803553	8.508892696195616	1.8911391035015186	0	0	0	1	0.9508756232198045	correct_baseline
5333294	Castanea sativa	Magnoliopsida	220	Plantae	1995	9	8	1341	29	3.9649372975516965	8.299352240935258	1.8942114176063667	0	0	0	1	0.9401630192145535	correct_baseline
5333294	Castanea sativa	Magnoliopsida	220	Plantae	1996	1	1	870	39	3.8791495474510165	8.013538475762852	1.8777973372189918	0	0	0	1	0.9303390673165638	correct_baseline
5333294	Castanea sativa	Magnoliopsida	220	Plantae	1997	9	9	1283	48	3.759156962528432	7.6678286255727715	1.8429286515086156	0	0	0	1	0.92148564060319	correct_baseline
5333294	Castanea sativa	Magnoliopsida	220	Plantae	1998	4	4	645	32	3.6112228723975255	7.278729239850347	1.791649366860521	0	0	0	1	0.9135865144897068	correct_baseline
5333294	Castanea sativa	Magnoliopsida	220	Plantae	1999	6	6	678	29	3.4423153507560746	6.862551918758564	1.7266951294984882	0	0	0	1	0.9065833227361778	correct_baseline
5333294	Castanea sativa	Magnoliopsida	220	Plantae	2000	4	4	926	32	3.259633989913498	6.435323387699384	1.6510768935883862	0	0	0	1	0.9004328550604268	correct_baseline
5333294	Castanea sativa	Magnoliopsida	220	Plantae	2001	2	2	455	19	3.070175356560793	6.012612846260167	1.5677005922468685	-1	0	-3	0	0.8951583925346692	correct_baseline
5333294	Castanea sativa	Magnoliopsida	220	Plantae	2002	3	3	443	18	2.8803789312677583	5.609105278015063	1.4791276641231397	-1	0	-3	0	0.8908803975829184	correct_baseline
5333294	Castanea sativa	Magnoliopsida	220	Plantae	2003	28	25	4099	42	2.695879632795718	5.237931066774857	1.38752627743109	-1	0	-3	0	0.8878159437289714	correct_baseline
5333294	Castanea sativa	Magnoliopsida	220	Plantae	2004	28	24	5020	44	2.5213758979298757	4.909904645620073	1.2947983469155169	-1	0	-3	0	0.8862510789013371	correct_baseline
5333294	Castanea sativa	Magnoliopsida	220	Plantae	2005	6	6	1585	61	2.36060714984853	4.632892185422116	1.2028050498240284	0	0	0	1	0.8865017623116277	correct_baseline
5333294	Castanea sativa	Magnoliopsida	220	Plantae	2006	1	1	196	15	2.2164237207740625	4.411515747811776	1.1135705709418995	0	0	0	1	0.8888777617036633	correct_baseline
5333294	Castanea sativa	Magnoliopsida	220	Plantae	2007	0	0	0	0	2.0909269068575376	4.247313212954502	1.029350817944413	0	0	0	1	0.8936549789927886	correct_baseline
5333294	Castanea sativa	Magnoliopsida	220	Plantae	2008	1	1	184	37	1.9856565838415217	4.139328329744725	0.9525294334881474	0	0	0	1	0.9010537148525818	correct_baseline
5333294	Castanea sativa	Magnoliopsida	220	Plantae	2009	1	1	325	41	1.9018076290698183	4.0849636519927675	0.8854111238477594	0	0	0	1	0.9112159112397855	correct_baseline
5333294	Castanea sativa	Magnoliopsida	220	Plantae	2010	0	0	0	0	1.840462899611236	4.0808745512370495	0.8300435708857049	0	0	0	1	0.9241709549436264	correct_baseline
5333294	Castanea sativa	Magnoliopsida	220	Plantae	2011	0	0	0	0	1.8028384832738789	4.123746921349482	0.7881731490228393	0	0	0	1	0.9397735782542306	correct_baseline
5333294	Castanea sativa	Magnoliopsida	220	Plantae	2012	2	2	911	66	1.790545613758612	4.210933378584667	0.7613641220863457	0	0	0	1	0.957587773816199	correct_baseline
5333294	Castanea sativa	Magnoliopsida	220	Plantae	2013	4	3	875	64	1.8058829001268735	4.341049335736534	0.7512499390697034	0	0	0	1	0.9766969600669013	correct_baseline
5333294	Castanea sativa	Magnoliopsida	220	Plantae	2014	3	3	903	64	1.8521829442227349	4.514725321727991	0.7598649783541113	0	0	0	1	0.9955475969202222	correct_baseline
5333294	Castanea sativa	Magnoliopsida	220	Plantae	2015	4	3	758	65	1.9342503588518576	4.735807050427552	0.7900077876654139	1	0	3	3	1.0122981575205787	correct_baseline
5333294	Castanea sativa	Magnoliopsida	220	Plantae	2016	4	3	1028	65	2.0589459447707124	5.013460478440755	0.8455753110486713	1	0	3	3	1.0259083118562868	correct_baseline
5333294	Castanea sativa	Magnoliopsida	220	Plantae	2017	3	3	1122	65	2.235997951418364	5.365986426316886	0.9317367659050926	1	0	3	3	1.0366249925429205	correct_baseline
5333294	Castanea sativa	Magnoliopsida	220	Plantae	2018	5	4	2076	64	2.4791616361836195	5.827862830655837	1.0546305904789073	1	0	3	3	1.045243208448876	correct_baseline
5333294	Castanea sativa	Magnoliopsida	220	Plantae	2019	10	8	1703	59	2.8079119203757115	6.462898090211556	1.219943319937129	1	0	3	3	1.052461092530176	correct_baseline
5333294	Castanea sativa	Magnoliopsida	220	Plantae	2020	13	10	2484	58	3.249955890380758	7.388694843559548	1.4295100167287698	1	0	3	3	1.0587549645656558	correct_baseline
5333294	Castanea sativa	Magnoliopsida	220	Plantae	2021	28	15	3499	53	3.8450174260661916	8.821002000311159	1.6760180993305722	1	0	3	3	1.0644361396721678	correct_baseline
5333294	Castanea sativa	Magnoliopsida	220	Plantae	2022	29	22	2882	46	4.6506180942733035	11.15219445512438	1.939371551116039	1	0	3	3	1.0697111173041178	correct_baseline
5333294	Castanea sativa	Magnoliopsida	220	Plantae	2023	34	19	1690	48	5.751029722723377	15.095227986102186	2.1910462632362013	1	0	3	3	1.0747181205133205	correct_baseline
5333294	Castanea sativa	Magnoliopsida	220	Plantae	2024	66	32	2450	36	7.271330449836911	21.97586417502672	2.4059234298876513	1	0	3	3	1.0795477353268066	correct_baseline
5334351	Fallopia baldschuanica	Magnoliopsida	220	Plantae	2003	1	1	4126	66									correct_baseline
5334351	Fallopia baldschuanica	Magnoliopsida	220	Plantae	2004	1	1	5047	67									correct_baseline
5334351	Fallopia baldschuanica	Magnoliopsida	220	Plantae	2005	0	0	0	0									correct_baseline
5334351	Fallopia baldschuanica	Magnoliopsida	220	Plantae	2006	0	0	0	0									correct_baseline
5334351	Fallopia baldschuanica	Magnoliopsida	220	Plantae	2007	0	0	0	0									correct_baseline
5334351	Fallopia baldschuanica	Magnoliopsida	220	Plantae	2008	0	0	0	0									correct_baseline
5334351	Fallopia baldschuanica	Magnoliopsida	220	Plantae	2009	0	0	0	0									correct_baseline
5334351	Fallopia baldschuanica	Magnoliopsida	220	Plantae	2010	0	0	0	0									correct_baseline
5334351	Fallopia baldschuanica	Magnoliopsida	220	Plantae	2011	0	0	0	0									correct_baseline
5334351	Fallopia baldschuanica	Magnoliopsida	220	Plantae	2012	0	0	0	0									correct_baseline
5334351	Fallopia baldschuanica	Magnoliopsida	220	Plantae	2013	1	1	878	66									correct_baseline
5334351	Fallopia baldschuanica	Magnoliopsida	220	Plantae	2014	0	0	0	0									correct_baseline
5334351	Fallopia baldschuanica	Magnoliopsida	220	Plantae	2015	0	0	0	0									correct_baseline
5334351	Fallopia baldschuanica	Magnoliopsida	220	Plantae	2016	0	0	0	0									correct_baseline
5334351	Fallopia baldschuanica	Magnoliopsida	220	Plantae	2017	0	0	0	0									correct_baseline
5334351	Fallopia baldschuanica	Magnoliopsida	220	Plantae	2018	0	0	0	0									correct_baseline
5334351	Fallopia baldschuanica	Magnoliopsida	220	Plantae	2019	1	1	1712	66									correct_baseline
5334351	Fallopia baldschuanica	Magnoliopsida	220	Plantae	2020	0	0	0	0									correct_baseline
5334351	Fallopia baldschuanica	Magnoliopsida	220	Plantae	2021	3	2	3524	66									correct_baseline
5334351	Fallopia baldschuanica	Magnoliopsida	220	Plantae	2022	0	0	0	0									correct_baseline
5334351	Fallopia baldschuanica	Magnoliopsida	220	Plantae	2023	0	0	0	0									correct_baseline
5334351	Fallopia baldschuanica	Magnoliopsida	220	Plantae	2024	3	3	2513	65									correct_baseline
5341201	Anchusa officinalis	Magnoliopsida	220	Plantae	2019	1	1	1712	66									correct_baseline
5341201	Anchusa officinalis	Magnoliopsida	220	Plantae	2020	1	1	2496	67									correct_baseline
5341201	Anchusa officinalis	Magnoliopsida	220	Plantae	2021	2	1	3525	67									correct_baseline
5341201	Anchusa officinalis	Magnoliopsida	220	Plantae	2022	1	1	2910	67									correct_baseline
5341201	Anchusa officinalis	Magnoliopsida	220	Plantae	2023	2	1	1722	66									correct_baseline
5341201	Anchusa officinalis	Magnoliopsida	220	Plantae	2024	2	2	2514	66									correct_baseline
5341497	Nepeta racemosa	Magnoliopsida	220	Plantae	2021	1	1	3526	67									correct_baseline
5341497	Nepeta racemosa	Magnoliopsida	220	Plantae	2022	0	0	0	0									correct_baseline
5341497	Nepeta racemosa	Magnoliopsida	220	Plantae	2023	1	1	1723	66									correct_baseline
5341497	Nepeta racemosa	Magnoliopsida	220	Plantae	2024	2	2	2514	66									correct_baseline
5341501	Melissa officinalis	Magnoliopsida	220	Plantae	1991	7	6	12439	62	0.19675837554407005	8.452931506276007	0.004579932810055022	-1	0	-3	0	0.678232718522549	correct_baseline
5341501	Melissa officinalis	Magnoliopsida	220	Plantae	1992	0	0	0	0	0.15925817968824996	6.554571889559128	0.0038695384267607583	-1	0	-3	0	0.7083574048379225	correct_baseline
5341501	Melissa officinalis	Magnoliopsida	220	Plantae	1993	2	2	4524	61	0.13221303206678386	5.297824613038664	0.0032995214309796254	-1	0	-3	0	0.7393100151581259	correct_baseline
5341501	Melissa officinalis	Magnoliopsida	220	Plantae	1994	1	1	6154	64	0.11257049828629852	4.444365203876767	0.002851277179780772	-1	0	-3	0	0.7707649886205089	correct_baseline
5341501	Melissa officinalis	Magnoliopsida	220	Plantae	1995	2	2	1348	35	0.09828327263862532	3.855071698757834	0.0025056866474547895	-1	0	-3	0	0.8021889439399489	correct_baseline
5341501	Melissa officinalis	Magnoliopsida	220	Plantae	1996	1	1	870	39	0.08796154663855954	3.4462893466269766	0.0022450911426285867	-1	0	-3	0	0.8328501228723809	correct_baseline
5341501	Melissa officinalis	Magnoliopsida	220	Plantae	1997	2	2	1290	55	0.08065330737586393	3.166512653590292	0.0020542965407986174	0	0	0	1	0.8619073257973875	correct_baseline
5341501	Melissa officinalis	Magnoliopsida	220	Plantae	1998	0	0	0	0	0.07570323802312855	2.983507393191223	0.0019208868931464174	0	0	0	1	0.8886064470848088	correct_baseline
5341501	Melissa officinalis	Magnoliopsida	220	Plantae	1999	0	0	0	0	0.07266052977255091	2.8769489012349254	0.0018351221269733084	0	0	0	1	0.912537585463804	correct_baseline
5341501	Melissa officinalis	Magnoliopsida	220	Plantae	2000	0	0	0	0	0.07121749899519199	2.8340627226852186	0.001789632996663044	0	0	0	1	0.9337723795003885	correct_baseline
5341501	Melissa officinalis	Magnoliopsida	220	Plantae	2001	0	0	0	0	0.07116778911808268	2.846940446200255	0.0017790516885296394	0	0	0	1	0.9527303289084236	correct_baseline
5341501	Melissa officinalis	Magnoliopsida	220	Plantae	2002	0	0	0	0	0.07237708454168344	2.910808491320936	0.0017996520150237597	0	0	0	1	0.9698823851705209	correct_baseline
5341501	Melissa officinalis	Magnoliopsida	220	Plantae	2003	2	2	4125	65	0.07476181462419815	3.022849166394561	0.0018490267354522084	0	0	0	1	0.9855174544296503	correct_baseline
5341501	Melissa officinalis	Magnoliopsida	220	Plantae	2004	2	2	5046	66	0.07827294465333952	3.1813539782360687	0.0019258007460401284	0	0	0	1	0.9996528533612645	correct_baseline
5341501	Melissa officinalis	Magnoliopsida	220	Plantae	2005	1	1	1590	66	0.08288302654931616	3.3850970000255645	0.002029364620843292	1	0	3	3	1.012046838245624	correct_baseline
5341501	Melissa officinalis	Magnoliopsida	220	Plantae	2006	0	0	0	0	0.0885754384666256	3.63288159095335	0.0021596102441357344	1	0	3	3	1.0222743743636893	correct_baseline
5341501	Melissa officinalis	Magnoliopsida	220	Plantae	2007	0	0	0	0	0.09533529981968068	3.9232482470918058	0.002316656713845649	1	0	3	3	1.0298679767508714	correct_baseline
5341501	Melissa officinalis	Magnoliopsida	220	Plantae	2008	0	0	0	0	0.10314195912484474	4.2543384485289915	0.002500568269501338	1	0	3	3	1.0345233620544234	correct_baseline
5341501	Melissa officinalis	Magnoliopsida	220	Plantae	2009	0	0	0	0	0.11196322553866621	4.623893506843585	0.002711084036530837	1	0	3	3	1.0362946435373221	correct_baseline
5341501	Melissa officinalis	Magnoliopsida	220	Plantae	2010	0	0	0	0	0.1217516383168668	5.029339392809932	0.0029473973170379268	1	0	3	3	1.0356416011874634	correct_baseline
5341501	Melissa officinalis	Magnoliopsida	220	Plantae	2011	0	0	0	0	0.13244302897092333	5.4678857204046665	0.0032080326509996374	1	0	3	3	1.0332840746293983	correct_baseline
5341501	Melissa officinalis	Magnoliopsida	220	Plantae	2012	0	0	0	0	0.1439574364977546	5.936567791708549	0.003490862776291272	1	0	3	3	1.0299744487004898	correct_baseline
5341501	Melissa officinalis	Magnoliopsida	220	Plantae	2013	1	1	878	66	0.15620212829426397	6.432195217716042	0.003793278042379036	1	0	3	3	1.02630995418513	correct_baseline
5341501	Melissa officinalis	Magnoliopsida	220	Plantae	2014	1	1	905	66	0.1690761339697327	6.951234628881786	0.004112469310038183	1	0	3	3	1.0226155886055948	correct_baseline
5341501	Melissa officinalis	Magnoliopsida	220	Plantae	2015	0	0	0	0	0.18247541156056443	7.489727444145086	0.004445725972341855	1	0	3	3	1.01887887205911	correct_baseline
5341501	Melissa officinalis	Magnoliopsida	220	Plantae	2016	0	0	0	0	0.19629762531008393	8.043397558615709	0.004790607131075304	1	0	3	3	1.01473332411115	correct_baseline
5341501	Melissa officinalis	Magnoliopsida	220	Plantae	2017	1	1	1124	67	0.210445578839226	8.608110937020454	0.005144838626848153	0	0	0	1	1.0095315104577511	correct_baseline
5341501	Melissa officinalis	Magnoliopsida	220	Plantae	2018	1	1	2080	67	0.22482862574673468	9.180796350181854	0.005505830760984483	0	0	0	1	1.0025618497415014	correct_baseline
5341501	Melissa officinalis	Magnoliopsida	220	Plantae	2019	7	7	1706	60	0.23936182895913163	9.760835079414555	0.005869793383098227	0	0	0	1	0.9933601938782501	correct_baseline
5341501	Melissa officinalis	Magnoliopsida	220	Plantae	2020	24	19	2473	49	0.25396317805053176	10.351816187661518	0.006230529468094827	0	0	0	1	0.9819068932449204	correct_baseline
5341501	Melissa officinalis	Magnoliopsida	220	Plantae	2021	27	15	3500	53	0.26854969322959216	10.963490200512739	0.0065781002595628885	0	0	0	1	0.9685618803670247	correct_baseline
5341501	Melissa officinalis	Magnoliopsida	220	Plantae	2022	22	15	2889	53	0.28303362406962956	11.613791020829316	0.0068976643552751	0	0	0	1	0.953846800899256	correct_baseline
5341501	Melissa officinalis	Magnoliopsida	220	Plantae	2023	5	4	1719	63	0.2973200541139575	12.330956773568344	0.007168885286161422	0	0	0	1	0.9382586610717984	correct_baseline
5341501	Melissa officinalis	Magnoliopsida	220	Plantae	2024	21	11	2495	57	0.3113068930817667	13.156044849393046	0.007366346252969298	0	0	0	1	0.9221809750313086	correct_baseline
5341754	Nicandra physalodes	Magnoliopsida	220	Plantae	2018	1	1	2080	67									correct_baseline
5341754	Nicandra physalodes	Magnoliopsida	220	Plantae	2019	0	0	0	0									correct_baseline
5341754	Nicandra physalodes	Magnoliopsida	220	Plantae	2020	2	2	2495	66									correct_baseline
5341754	Nicandra physalodes	Magnoliopsida	220	Plantae	2021	1	1	3526	67									correct_baseline
5341754	Nicandra physalodes	Magnoliopsida	220	Plantae	2022	5	3	2906	65									correct_baseline
5341754	Nicandra physalodes	Magnoliopsida	220	Plantae	2023	3	3	1721	64									correct_baseline
5341754	Nicandra physalodes	Magnoliopsida	220	Plantae	2024	2	1	2514	67									correct_baseline
5352251	Robinia pseudoacacia	Magnoliopsida	220	Plantae	1980	2	2	909	35	0.9567318918414283	3.7830710147019855	0.24195578388807612	1	-1	2	2	1.187799709212443	correct_baseline
5352251	Robinia pseudoacacia	Magnoliopsida	220	Plantae	1981	2	1	493	25	1.3203585065937264	4.393254164545009	0.39682352093438844	1	-1	2	2	1.168280408736981	correct_baseline
5352251	Robinia pseudoacacia	Magnoliopsida	220	Plantae	1982	0	0	0	0	1.7631394043903281	5.121717360951705	0.6069566788309141	1	-1	2	2	1.1488052116554837	correct_baseline
5352251	Robinia pseudoacacia	Magnoliopsida	220	Plantae	1983	3	3	529	25	2.2781967247885433	5.987705005973047	0.8668062824838182	1	-1	2	2	1.129286466502144	correct_baseline
5352251	Robinia pseudoacacia	Magnoliopsida	220	Plantae	1984	2	2	669	22	2.8487441957461637	6.995336295136632	1.1601076989593033	1	-1	2	2	1.1096107963469029	correct_baseline
5352251	Robinia pseudoacacia	Magnoliopsida	220	Plantae	1985	0	0	0	0	3.448044286273007	8.119293390235772	1.4642911431674093	1	-1	2	2	1.089631899050049	correct_baseline
5352251	Robinia pseudoacacia	Magnoliopsida	220	Plantae	1986	7	6	1402	31	4.041295397968657	9.295912453610645	1.7569085955945152	1	-1	2	2	1.0691620915901472	correct_baseline
5352251	Robinia pseudoacacia	Magnoliopsida	220	Plantae	1987	3	3	504	31	4.58941586680504	10.427476491649436	2.019926682678152	1	-1	2	2	1.0479723172677464	correct_baseline
5352251	Robinia pseudoacacia	Magnoliopsida	220	Plantae	1988	0	0	0	0	5.054140765942746	11.400604233376777	2.2406127218397685	1	-1	2	2	1.0258311472161479	correct_baseline
5352251	Robinia pseudoacacia	Magnoliopsida	220	Plantae	1989	0	0	0	0	5.403399996681612	12.112016225732981	2.4105591488647433	0	-1	-1	0	1.0026374192678384	correct_baseline
5352251	Robinia pseudoacacia	Magnoliopsida	220	Plantae	1990	1	1	250	39	5.615787458035095	12.491882778872395	2.524604924020191	0	-1	-1	0	0.9786519880598867	correct_baseline
5352251	Robinia pseudoacacia	Magnoliopsida	220	Plantae	1991	57	34	12389	34	5.6831425007246	12.516859821393993	2.5803683307484104	0	-1	-1	0	0.9546363174141439	correct_baseline
5352251	Robinia pseudoacacia	Magnoliopsida	220	Plantae	1992	28	18	5392	36	5.610776855108148	12.20981781526394	2.578319954820454	0	-1	-1	0	0.9316545788702331	correct_baseline
5352251	Robinia pseudoacacia	Magnoliopsida	220	Plantae	1993	39	24	4487	39	5.415502599712467	11.628553951692837	2.522039157175092	0	-1	-1	0	0.9106858815115957	correct_baseline
5352251	Robinia pseudoacacia	Magnoliopsida	220	Plantae	1994	40	29	6115	36	5.122129213672982	10.849112378891132	2.418281493019594	-1	-1	-4	0	0.892390957622515	correct_baseline
5352251	Robinia pseudoacacia	Magnoliopsida	220	Plantae	1995	9	6	1341	31	4.759347956410786	9.949707024515025	2.276588940195012	-1	0	-3	0	0.8770939357165559	correct_baseline
5352251	Robinia pseudoacacia	Magnoliopsida	220	Plantae	1996	3	2	868	38	4.355878325188486	8.999269015019765	2.108357462387202	-1	0	-3	0	0.8648530945973617	correct_baseline
5352251	Robinia pseudoacacia	Magnoliopsida	220	Plantae	1997	5	5	1287	52	3.9374922585483065	8.051851176210823	1.925500726085688	-1	0	-3	0	0.8555347186370377	correct_baseline
5352251	Robinia pseudoacacia	Magnoliopsida	220	Plantae	1998	3	3	646	33	3.525188181830346	7.145904253466331	1.739031377489879	-1	0	-3	0	0.8488713576563159	correct_baseline
5352251	Robinia pseudoacacia	Magnoliopsida	220	Plantae	1999	4	3	680	32	3.1344796450491264	6.306437355341492	1.5579259876268572	-1	0	-3	0	0.8445146843623232	correct_baseline
5352251	Robinia pseudoacacia	Magnoliopsida	220	Plantae	2000	3	3	927	33	2.7755629128940233	5.5481754103442045	1.3885194525518472	-1	0	-3	0	0.8420973222605987	correct_baseline
5352251	Robinia pseudoacacia	Magnoliopsida	220	Plantae	2001	0	0	0	0	2.454048489604246	4.878505546177095	1.2344669760697782	-1	0	-3	0	0.841306317972413	correct_baseline
5352251	Robinia pseudoacacia	Magnoliopsida	220	Plantae	2002	2	2	444	19	2.171957389912031	4.299730687509384	1.0971382271213903	-1	0	-3	0	0.8419488236472265	correct_baseline
5352251	Robinia pseudoacacia	Magnoliopsida	220	Plantae	2003	16	14	4111	53	1.928752506526014	3.8106263264414406	0.9762401014282579	-1	0	-3	0	0.8439789566501608	correct_baseline
5352251	Robinia pseudoacacia	Magnoliopsida	220	Plantae	2004	20	17	5028	51	1.722260649399	3.4074875713014907	0.8704893803428698	-1	0	-3	0	0.8474742221443569	correct_baseline
5352251	Robinia pseudoacacia	Magnoliopsida	220	Plantae	2005	3	3	1588	64	1.5494165727231086	3.084863141600868	0.7782166033411785	-1	0	-3	0	0.8525822979174535	correct_baseline
5352251	Robinia pseudoacacia	Magnoliopsida	220	Plantae	2006	1	1	196	15	1.4068151996104794	2.836120258177334	0.6978297200722312	-1	0	-3	0	0.8594683410240542	correct_baseline
5352251	Robinia pseudoacacia	Magnoliopsida	220	Plantae	2007	0	0	0	0	1.2910911009180208	2.6539319828856116	0.6280930489624962	-1	0	-3	0	0.8682778439040169	correct_baseline
5352251	Robinia pseudoacacia	Magnoliopsida	220	Plantae	2008	1	1	184	37	1.199159322293524	2.530729391191072	0.5682089461041451	0	0	0	1	0.8791134852018483	correct_baseline
5352251	Robinia pseudoacacia	Magnoliopsida	220	Plantae	2009	1	1	325	41	1.128354785809544	2.4591055543421136	0.5177429331616948	0	0	0	1	0.8920172776362392	correct_baseline
5352251	Robinia pseudoacacia	Magnoliopsida	220	Plantae	2010	0	0	0	0	1.0765040707917444	2.4321190906203305	0.47648201887006303	0	0	0	1	0.9069476090835547	correct_baseline
5352251	Robinia pseudoacacia	Magnoliopsida	220	Plantae	2011	1	1	396	67	1.0419573187983744	2.4434577140041633	0.4443191498568521	0	0	0	1	0.9237379093754894	correct_baseline
5352251	Robinia pseudoacacia	Magnoliopsida	220	Plantae	2012	10	10	903	58	1.0236017409686866	2.4874836724794203	0.42121302571998875	0	0	0	1	0.9420151583058246	correct_baseline
5352251	Robinia pseudoacacia	Magnoliopsida	220	Plantae	2013	5	5	874	62	1.0208730050964165	2.559251720946564	0.40722125299543693	0	0	0	1	0.9610441379102873	correct_baseline
5352251	Robinia pseudoacacia	Magnoliopsida	220	Plantae	2014	1	1	905	66	1.0337771710333623	2.6546343142252202	0.40257719627256844	0	0	0	1	0.9794922140127889	correct_baseline
5352251	Robinia pseudoacacia	Magnoliopsida	220	Plantae	2015	4	3	758	65	1.062933958909567	2.7707098358137197	0.4077758653754337	0	0	0	1	0.9953701902762283	correct_baseline
5352251	Robinia pseudoacacia	Magnoliopsida	220	Plantae	2016	0	0	0	0	1.1096519688093405	2.906591668668551	0.42363277413730793	0	0	0	1	1.0068521586760095	correct_baseline
5352251	Robinia pseudoacacia	Magnoliopsida	220	Plantae	2017	3	2	1122	66	1.1760480462441154	3.064932429015991	0.4512624793880521	1	0	3	3	1.0135958760411863	correct_baseline
5352251	Robinia pseudoacacia	Magnoliopsida	220	Plantae	2018	5	4	2076	64	1.2652264712435612	3.2544754157916858	0.49187589980489155	1	0	3	3	1.0165705576226594	correct_baseline
5352251	Robinia pseudoacacia	Magnoliopsida	220	Plantae	2019	4	4	1709	63	1.3815394418313998	3.4943071754733994	0.5462173568290363	1	0	3	3	1.0169495322441462	correct_baseline
5352251	Robinia pseudoacacia	Magnoliopsida	220	Plantae	2020	4	3	2493	65	1.5309591680345536	3.8209419059513747	0.613418374809198	1	0	3	3	1.0156285845442032	correct_baseline
5352251	Robinia pseudoacacia	Magnoliopsida	220	Plantae	2021	7	7	3520	61	1.7216050329146633	4.300009062289225	0.6892831727613092	1	0	3	3	1.0132259409265747	correct_baseline
5352251	Robinia pseudoacacia	Magnoliopsida	220	Plantae	2022	11	11	2900	57	1.9644887235361703	5.04515279631089	0.7649353945677726	1	0	3	3	1.0101608672298066	correct_baseline
5352251	Robinia pseudoacacia	Magnoliopsida	220	Plantae	2023	12	12	1712	55	2.2745692541444673	6.249125873637432	0.8279022372912903	0	0	0	1	1.006708091592887	correct_baseline
5352251	Robinia pseudoacacia	Magnoliopsida	220	Plantae	2024	28	16	2488	52	2.6722538420668798	8.24044195427063	0.866572525608337	0	0	0	1	1.0030322420839592	correct_baseline
5356517	Lathyrus latifolius	Magnoliopsida	220	Plantae	1991	14	11	12432	57	0.002440107628960478	10329464959.576544	5.76421456891723e-16	-1	0	-3	0	0.8529959025330146	correct_baseline
5356517	Lathyrus latifolius	Magnoliopsida	220	Plantae	1992	1	1	5419	53	0.0022455697780275384	9527953997.554287	5.292409712814546e-16	-1	0	-3	0	0.8610991522720022	correct_baseline
5356517	Lathyrus latifolius	Magnoliopsida	220	Plantae	1993	3	3	4523	60	0.0020777302066616577	8838709912.614761	4.884154875942998e-16	0	0	0	1	0.8692706986561146	correct_baseline
5356517	Lathyrus latifolius	Magnoliopsida	220	Plantae	1994	6	5	6149	60	0.0019328438913402187	8245500420.696376	4.530817194447115e-16	0	0	0	1	0.8775092808637454	correct_baseline
5356517	Lathyrus latifolius	Magnoliopsida	220	Plantae	1995	0	0	0	0	0.0018077960323245588	7734947456.371435	4.225143755561505e-16	0	0	0	1	0.8858130838008862	correct_baseline
5356517	Lathyrus latifolius	Magnoliopsida	220	Plantae	1996	0	0	0	0	0.001699992868095372	7296003469.077487	3.961039442790383e-16	0	0	0	1	0.8941795356809382	correct_baseline
5356517	Lathyrus latifolius	Magnoliopsida	220	Plantae	1997	1	1	1291	56	0.0016072735011041844	6919535005.962406	3.7333839703473093e-16	0	0	0	1	0.9026050103666445	correct_baseline
5356517	Lathyrus latifolius	Magnoliopsida	220	Plantae	1998	0	0	0	0	0.001527838592601912	6597990765.820491	3.53788122459356e-16	0	0	0	1	0.9110843783478991	correct_baseline
5356517	Lathyrus latifolius	Magnoliopsida	220	Plantae	1999	0	0	0	0	0.0014601926642054547	6325136544.761454	3.370935317381099e-16	0	0	0	1	0.9196103127152895	correct_baseline
5356517	Lathyrus latifolius	Magnoliopsida	220	Plantae	2000	0	0	0	0	0.0014030974335015366	6095843491.378602	3.2295488076144425e-16	0	0	0	1	0.9281721889205744	correct_baseline
5356517	Lathyrus latifolius	Magnoliopsida	220	Plantae	2001	0	0	0	0	0.001355534154027313	5905919158.177679	3.1112394083320203e-16	0	0	0	1	0.9367542927606373	correct_baseline
5356517	Lathyrus latifolius	Magnoliopsida	220	Plantae	2002	0	0	0	0	0.0013166733599440216	5751973207.9008	3.0139722041907184e-16	0	0	0	1	0.945332819756573	correct_baseline
5356517	Lathyrus latifolius	Magnoliopsida	220	Plantae	2003	3	3	4124	64	0.0012858507585119935	5631311480.781198	2.9361049887023804e-16	0	0	0	1	0.9538707244258714	correct_baseline
5356517	Lathyrus latifolius	Magnoliopsida	220	Plantae	2004	8	8	5040	60	0.0012625482891740587	5541853581.647378	2.876344816786923e-16	0	0	0	1	0.9623087569268247	correct_baseline
5356517	Lathyrus latifolius	Magnoliopsida	220	Plantae	2005	2	2	1589	65	0.0012463795923822025	5482070302.808738	2.8337142767229807e-16	0	0	0	1	0.970550141801821	correct_baseline
5356517	Lathyrus latifolius	Magnoliopsida	220	Plantae	2006	0	0	0	0	0.0012370793166958855	5450938135.554584	2.807526333521767e-16	0	0	0	1	0.9784370299907755	correct_baseline
5356517	Lathyrus latifolius	Magnoliopsida	220	Plantae	2007	0	0	0	0	0.0012344958491274257	5447908898.973907	2.797366897599695e-16	0	0	0	1	0.9857269125570819	correct_baseline
5356517	Lathyrus latifolius	Magnoliopsida	220	Plantae	2008	0	0	0	0	0.0012385871894038964	5472893176.799814	2.8030845408396584e-16	0	0	0	1	0.9921124505174039	correct_baseline
5356517	Lathyrus latifolius	Magnoliopsida	220	Plantae	2009	0	0	0	0	0.0012494198106794176	5526256839.907139	2.82478702771335e-16	0	0	0	1	0.9973561708834515	correct_baseline
5356517	Lathyrus latifolius	Magnoliopsida	220	Plantae	2010	2	2	385	58	0.0012671704633513885	5608830477.322501	2.8628445621282106e-16	0	0	0	1	1.0014691972014305	correct_baseline
5356517	Lathyrus latifolius	Magnoliopsida	220	Plantae	2011	1	1	396	67	0.0012921309906275933	5721932092.481097	2.9178998805913476e-16	0	0	0	1	1.004690688401483	correct_baseline
5356517	Lathyrus latifolius	Magnoliopsida	220	Plantae	2012	3	3	910	65	0.0013247163398489503	5867403973.432573	2.9908855586027644e-16	0	0	0	1	1.0073037274567684	correct_baseline
5356517	Lathyrus latifolius	Magnoliopsida	220	Plantae	2013	1	1	878	66	0.001365476077987591	6047665246.36959	3.0830491497121974e-16	0	0	0	1	1.0095239417415696	correct_baseline
5356517	Lathyrus latifolius	Magnoliopsida	220	Plantae	2014	2	1	904	66	0.0014151098594506867	6265782305.154055	3.195987056025417e-16	1	0	3	3	1.011490617043909	correct_baseline
5356517	Lathyrus latifolius	Magnoliopsida	220	Plantae	2015	0	0	0	0	0.0014744874564944787	6525560115.103445	3.331688347070095e-16	1	0	3	3	1.013289699643789	correct_baseline
5356517	Lathyrus latifolius	Magnoliopsida	220	Plantae	2016	1	1	1031	67	0.001544674155736918	6831658365.482138	3.4925901146597524e-16	1	0	3	3	1.0149745120577358	correct_baseline
5356517	Lathyrus latifolius	Magnoliopsida	220	Plantae	2017	1	1	1124	67	0.00162696255892575	7189737652.526746	3.6816463911113293e-16	1	0	3	3	1.016578973960965	correct_baseline
5356517	Lathyrus latifolius	Magnoliopsida	220	Plantae	2018	0	0	0	0	0.0017229121153668702	7606642391.068073	3.9024131866163975e-16	1	0	3	3	1.0181253377694028	correct_baseline
5356517	Lathyrus latifolius	Magnoliopsida	220	Plantae	2019	5	5	1708	62	0.0018343980738469213	8090629078.849069	4.159152842799676e-16	1	0	3	3	1.0196286618548402	correct_baseline
5356517	Lathyrus latifolius	Magnoliopsida	220	Plantae	2020	4	4	2493	64	0.001963671994755311	8651651006.140553	4.45696168309319e-16	1	0	3	3	1.0210994370759543	correct_baseline
5356517	Lathyrus latifolius	Magnoliopsida	220	Plantae	2021	10	8	3517	60	0.0021134365358560516	9301713689.989592	4.80192590307112e-16	1	0	3	3	1.0225451676129649	correct_baseline
5356517	Lathyrus latifolius	Magnoliopsida	220	Plantae	2022	7	7	2904	61	0.0022869379533769483	10055319451.801126	5.20131183068392e-16	1	0	3	3	1.0239713486159154	correct_baseline
5356517	Lathyrus latifolius	Magnoliopsida	220	Plantae	2023	8	7	1716	60	0.0024880806901848716	10930024963.344944	5.663798153829931e-16	1	0	3	3	1.0253820874180108	correct_baseline
5356517	Lathyrus latifolius	Magnoliopsida	220	Plantae	2024	13	9	2503	59	0.002721569615553952	11947142683.552347	6.199759531208765e-16	1	0	3	3	1.026780509015808	correct_baseline
5361880	Cannabis sativa	Magnoliopsida	220	Plantae	2019	1	1	1712	66									correct_baseline
5361880	Cannabis sativa	Magnoliopsida	220	Plantae	2020	1	1	2496	67									correct_baseline
5361880	Cannabis sativa	Magnoliopsida	220	Plantae	2021	0	0	0	0									correct_baseline
5361880	Cannabis sativa	Magnoliopsida	220	Plantae	2022	0	0	0	0									correct_baseline
5361880	Cannabis sativa	Magnoliopsida	220	Plantae	2023	0	0	0	0									correct_baseline
5361880	Cannabis sativa	Magnoliopsida	220	Plantae	2024	1	1	2515	67									correct_baseline
5365717	Potentilla indica	Magnoliopsida	220	Plantae	1991	6	6	12440	62	0.6643737328935585	2.381858986520111	0.18531426900456202	0	0	0	1	0.905131027996191	correct_baseline
5365717	Potentilla indica	Magnoliopsida	220	Plantae	1992	1	1	5419	53	0.7799134134216149	2.275344413380364	0.267328730041043	0	0	0	1	0.9326304192113121	correct_baseline
5365717	Potentilla indica	Magnoliopsida	220	Plantae	1993	0	0	0	0	0.9073775381269452	2.3849337729561375	0.34522300201099054	0	0	0	1	0.9601342303519388	correct_baseline
5365717	Potentilla indica	Magnoliopsida	220	Plantae	1994	0	0	0	0	1.0460634187766467	2.6760930961659857	0.40889783605451024	0	0	0	1	0.9866469766663465	correct_baseline
5365717	Potentilla indica	Magnoliopsida	220	Plantae	1995	0	0	0	0	1.1943911106112073	3.093489741661391	0.46115236973144724	1	0	3	3	1.010319413085952	correct_baseline
5365717	Potentilla indica	Magnoliopsida	220	Plantae	1996	0	0	0	0	1.3494646223265312	3.562477621052075	0.5111764790182995	1	0	3	3	1.0280544815918764	correct_baseline
5365717	Potentilla indica	Magnoliopsida	220	Plantae	1997	0	0	0	0	1.50663213622012	4.003010393319126	0.5670583313197607	1	0	3	3	1.0350664456078413	correct_baseline
5365717	Potentilla indica	Magnoliopsida	220	Plantae	1998	0	0	0	0	1.6592069527372129	4.34607033880127	0.633438370160118	1	0	3	3	1.0265835112467085	correct_baseline
5365717	Potentilla indica	Magnoliopsida	220	Plantae	1999	0	0	0	0	1.7985495646042557	4.548581589681635	0.7111624739624749	0	0	0	1	1.0041723180654119	correct_baseline
5365717	Potentilla indica	Magnoliopsida	220	Plantae	2000	1	1	929	35	1.9146931961456937	4.601656804703553	0.7966804546613261	0	0	0	1	0.9753110544443061	correct_baseline
5365717	Potentilla indica	Magnoliopsida	220	Plantae	2001	1	1	456	20	1.9975851819619124	4.528621837497786	0.8811392742385851	0	0	0	1	0.9458523972032253	correct_baseline
5365717	Potentilla indica	Magnoliopsida	220	Plantae	2002	1	1	445	20	2.038810221946922	4.373534005399344	0.9504321027305485	0	-1	-1	0	0.9186706924703666	correct_baseline
5365717	Potentilla indica	Magnoliopsida	220	Plantae	2003	9	8	4118	59	2.033416272022059	4.184151622580307	0.9882007413426922	0	-1	-1	0	0.895070512500654	correct_baseline
5365717	Potentilla indica	Magnoliopsida	220	Plantae	2004	27	22	5021	46	1.9812986083299802	3.994864487818856	0.9826476435784213	0	-1	-1	0	0.875643031131388	correct_baseline
5365717	Potentilla indica	Magnoliopsida	220	Plantae	2005	8	8	1583	59	1.8876369068456786	3.816787679335329	0.9335528699637876	0	0	0	1	0.8606154459196573	correct_baseline
5365717	Potentilla indica	Magnoliopsida	220	Plantae	2006	1	1	196	15	1.7621622699716144	3.641273181510947	0.8527829994955234	0	0	0	1	0.8499892541942781	correct_baseline
5365717	Potentilla indica	Magnoliopsida	220	Plantae	2007	0	0	0	0	1.6174509796319192	3.4540475668150483	0.7574150676577349	-1	0	-3	0	0.8436146102574171	correct_baseline
5365717	Potentilla indica	Magnoliopsida	220	Plantae	2008	0	0	0	0	1.4667942903591291	3.2486370552888726	0.6622732714100709	-1	0	-3	0	0.8413039316957958	correct_baseline
5365717	Potentilla indica	Magnoliopsida	220	Plantae	2009	1	1	325	41	1.3223033372050441	3.031281736011551	0.5768141228219158	-1	0	-3	0	0.8430857951702209	correct_baseline
5365717	Potentilla indica	Magnoliopsida	220	Plantae	2010	1	1	386	59	1.1937459067609	2.818120502662865	0.5056665563313852	-1	0	-3	0	0.8495778492232491	correct_baseline
5365717	Potentilla indica	Magnoliopsida	220	Plantae	2011	5	5	392	63	1.0883025046925325	2.62936495091419	0.45045186340840254	-1	0	-3	0	0.8621715242854143	correct_baseline
5365717	Potentilla indica	Magnoliopsida	220	Plantae	2012	11	10	902	58	1.0111550777353435	2.484554827220621	0.41151621209089123	0	1	1	2	0.882754661942432	correct_baseline
5365717	Potentilla indica	Magnoliopsida	220	Plantae	2013	6	4	873	63	0.9667108924010326	2.4008347602026574	0.389252090555335	0	1	1	2	0.9131869225423123	correct_baseline
5365717	Potentilla indica	Magnoliopsida	220	Plantae	2014	4	4	902	63	0.96035088173174	2.3943938868017423	0.3851804922851841	0	1	1	2	0.9548238203678252	correct_baseline
5365717	Potentilla indica	Magnoliopsida	220	Plantae	2015	7	5	755	63	1.0008634649223789	2.484561280843138	0.4031809088953092	0	1	1	2	1.0080159515596883	correct_baseline
5365717	Potentilla indica	Magnoliopsida	220	Plantae	2016	6	6	1026	62	1.1042156948384882	2.700666964129316	0.4514782151677633	1	1	4	3	1.0714759594527095	correct_baseline
5365717	Potentilla indica	Magnoliopsida	220	Plantae	2017	6	6	1119	62	1.3002297333295887	3.0937534760636383	0.5464550981564885	1	1	4	3	1.1421734768325515	correct_baseline
5365717	Potentilla indica	Magnoliopsida	220	Plantae	2018	18	11	2063	57	1.6456770567791887	3.759876224792657	0.7203037582330953	1	1	4	3	1.2169613955017353	correct_baseline
5365717	Potentilla indica	Magnoliopsida	220	Plantae	2019	9	8	1704	59	2.251846641787328	4.89470361266724	1.0359796423640166	1	1	4	3	1.2944810576150807	correct_baseline
5365717	Potentilla indica	Magnoliopsida	220	Plantae	2020	17	15	2480	53	3.3459447578641353	6.941046588013659	1.6129190577702628	1	1	4	3	1.3748411461090866	correct_baseline
5365717	Potentilla indica	Magnoliopsida	220	Plantae	2021	39	23	3488	45	5.415260574422798	11.03432273249485	2.6576209342272485	1	1	4	3	1.4584909144834353	correct_baseline
5365717	Potentilla indica	Magnoliopsida	220	Plantae	2022	46	28	2865	40	9.564437404822593	20.43600293687865	4.476338311034798	1	1	4	3	1.5457912235926508	correct_baseline
5365717	Potentilla indica	Magnoliopsida	220	Plantae	2023	70	27	1654	40	18.452393941457526	45.38034767843274	7.5030461331736005	1	1	4	3	1.6370408443602578	correct_baseline
5365717	Potentilla indica	Magnoliopsida	220	Plantae	2024	126	44	2390	24	38.89994180108578	121.18229818554815	12.487017450444107	1	1	4	3	1.7325833558776478	correct_baseline
5369784	Geum macrophyllum	Magnoliopsida	220	Plantae	2021	1	1	3526	67									correct_baseline
5369784	Geum macrophyllum	Magnoliopsida	220	Plantae	2022	1	1	2910	67									correct_baseline
5369784	Geum macrophyllum	Magnoliopsida	220	Plantae	2023	0	0	0	0									correct_baseline
5369784	Geum macrophyllum	Magnoliopsida	220	Plantae	2024	1	1	2515	67									correct_baseline
5371702	Nigella damascena	Magnoliopsida	220	Plantae	2013	1	1	878	66									correct_baseline
5371702	Nigella damascena	Magnoliopsida	220	Plantae	2014	1	1	905	66									correct_baseline
5371702	Nigella damascena	Magnoliopsida	220	Plantae	2015	0	0	0	0									correct_baseline
5371702	Nigella damascena	Magnoliopsida	220	Plantae	2016	0	0	0	0									correct_baseline
5371702	Nigella damascena	Magnoliopsida	220	Plantae	2017	0	0	0	0									correct_baseline
5371702	Nigella damascena	Magnoliopsida	220	Plantae	2018	2	2	2079	66									correct_baseline
5371702	Nigella damascena	Magnoliopsida	220	Plantae	2019	3	2	1710	65									correct_baseline
5371702	Nigella damascena	Magnoliopsida	220	Plantae	2020	0	0	0	0									correct_baseline
5371702	Nigella damascena	Magnoliopsida	220	Plantae	2021	0	0	0	0									correct_baseline
5371702	Nigella damascena	Magnoliopsida	220	Plantae	2022	1	1	2910	67									correct_baseline
5371702	Nigella damascena	Magnoliopsida	220	Plantae	2023	1	1	1723	66									correct_baseline
5371702	Nigella damascena	Magnoliopsida	220	Plantae	2024	3	3	2513	65									correct_baseline
5373324	Lunaria annua	Magnoliopsida	220	Plantae	1984	1	1	670	23	0.28989274038620505	2.7330676789212545	0.0307485253939242	0	0	0	1	0.8059731345945536	correct_baseline
5373324	Lunaria annua	Magnoliopsida	220	Plantae	1985	0	0	0	0	0.26239314138256353	2.338210666029692	0.02944566186652391	0	0	0	1	0.8148466379726287	correct_baseline
5373324	Lunaria annua	Magnoliopsida	220	Plantae	1986	0	0	0	0	0.2383665747583978	2.0355671776716857	0.027912920086990638	0	0	0	1	0.8237250693767122	correct_baseline
5373324	Lunaria annua	Magnoliopsida	220	Plantae	1987	0	0	0	0	0.21732831630102115	1.8003019964114044	0.026235374487383143	0	0	0	1	0.8325804683946242	correct_baseline
5373324	Lunaria annua	Magnoliopsida	220	Plantae	1988	0	0	0	0	0.19886869188618195	1.6147551653945509	0.024492107199952998	0	0	0	1	0.841375915694654	correct_baseline
5373324	Lunaria annua	Magnoliopsida	220	Plantae	1989	0	0	0	0	0.1826408933330613	1.4662435182864528	0.02275044731756607	0	0	0	1	0.8500670391607257	correct_baseline
5373324	Lunaria annua	Magnoliopsida	220	Plantae	1990	0	0	0	0	0.1683509219634392	1.3455839173867037	0.021062999163206298	0	0	0	1	0.8586050665717408	correct_baseline
5373324	Lunaria annua	Magnoliopsida	220	Plantae	1991	6	6	12440	62	0.1557492581415921	1.2460865117522704	0.01946721289643403	0	0	0	1	0.8669409524152148	correct_baseline
5373324	Lunaria annua	Magnoliopsida	220	Plantae	1992	0	0	0	0	0.14462393986443015	1.1628575059087796	0.01798679879145147	-1	0	-3	0	0.8750300504532939	correct_baseline
5373324	Lunaria annua	Magnoliopsida	220	Plantae	1993	0	0	0	0	0.13479479869438385	1.0923084707098916	0.016634163555695046	-1	0	-3	0	0.8828367277969783	correct_baseline
5373324	Lunaria annua	Magnoliopsida	220	Plantae	1994	0	0	0	0	0.12610865183797632	1.031805714685837	0.01541316532951572	-1	0	-3	0	0.890338247540161	correct_baseline
5373324	Lunaria annua	Magnoliopsida	220	Plantae	1995	0	0	0	0	0.11843528860135058	0.9794164545094616	0.014321709137621692	-1	0	-3	0	0.8975272388329463	correct_baseline
5373324	Lunaria annua	Magnoliopsida	220	Plantae	1996	0	0	0	0	0.11166412050161863	0.9337233211824126	0.013353929932488079	-1	0	-3	0	0.9044122033663178	correct_baseline
5373324	Lunaria annua	Magnoliopsida	220	Plantae	1997	0	0	0	0	0.10570138898919303	0.8936881583553844	0.012501881702008317	-1	0	-3	0	0.9110158429674277	correct_baseline
5373324	Lunaria annua	Magnoliopsida	220	Plantae	1998	0	0	0	0	0.10046784454206986	0.8585520544725206	0.011756756895923991	-1	0	-3	0	0.9173715213675154	correct_baseline
5373324	Lunaria annua	Magnoliopsida	220	Plantae	1999	0	0	0	0	0.0958968269588289	0.8277623632039638	0.01110971195304949	0	0	0	1	0.9235187467014836	correct_baseline
5373324	Lunaria annua	Magnoliopsida	220	Plantae	2000	0	0	0	0	0.091932689865404	0.8009199332668986	0.010552389964144062	0	0	0	1	0.9294989282300833	correct_baseline
5373324	Lunaria annua	Magnoliopsida	220	Plantae	2001	0	0	0	0	0.08852952343078445	0.777741425368804	0.010077226521867847	0	0	0	1	0.9353525946852843	correct_baseline
5373324	Lunaria annua	Magnoliopsida	220	Plantae	2002	1	1	445	20	0.08565013858917174	0.7580327775100045	0.00967761086062998	0	0	0	1	0.9411187023149968	correct_baseline
5373324	Lunaria annua	Magnoliopsida	220	Plantae	2003	1	1	4126	66	0.08326528412192566	0.7416707902129791	0.009347958193033438	0	0	0	1	0.9468357715730313	correct_baseline
5373324	Lunaria annua	Magnoliopsida	220	Plantae	2004	2	2	5046	66	0.08135307512337121	0.7285905495413054	0.00908373411677593	0	0	0	1	0.9525437075553109	correct_baseline
5373324	Lunaria annua	Magnoliopsida	220	Plantae	2005	5	5	1586	62	0.07989861797509608	0.7187770412152443	0.008881459462780284	0	0	0	1	0.9582846643649923	correct_baseline
5373324	Lunaria annua	Magnoliopsida	220	Plantae	2006	0	0	0	0	0.07889382327142072	0.7122598565594762	0.008738714238996874	0	0	0	1	0.9641014543318153	correct_baseline
5373324	Lunaria annua	Magnoliopsida	220	Plantae	2007	0	0	0	0	0.07833740445261042	0.7091103604922468	0.008654152129595019	0	0	0	1	0.9700327160776042	correct_baseline
5373324	Lunaria annua	Magnoliopsida	220	Plantae	2008	0	0	0	0	0.07823506649927435	0.7094410913991132	0.008627531875937695	0	0	0	1	0.9761049852338751	correct_baseline
5373324	Lunaria annua	Magnoliopsida	220	Plantae	2009	2	2	324	40	0.07859989623731142	0.7134075042346144	0.008659768297705508	0	0	0	1	0.9823226089329453	correct_baseline
5373324	Lunaria annua	Magnoliopsida	220	Plantae	2010	1	1	386	59	0.07945297396635854	0.7212124686445937	0.008753003236290025	0	0	0	1	0.9886571165707743	correct_baseline
5373324	Lunaria annua	Magnoliopsida	220	Plantae	2011	2	2	395	66	0.08082423570652549	0.7331142154010186	0.008910694868971584	0	0	0	1	0.9950386089199789	correct_baseline
5373324	Lunaria annua	Magnoliopsida	220	Plantae	2012	0	0	0	0	0.0827536269280515	0.7494387132795063	0.009137722202499943	0	0	0	1	1.0013532641222964	correct_baseline
5373324	Lunaria annua	Magnoliopsida	220	Plantae	2013	0	0	0	0	0.08529260292395725	0.7705977855814631	0.009440499635039235	0	0	0	1	1.0074523186104771	correct_baseline
5373324	Lunaria annua	Magnoliopsida	220	Plantae	2014	1	1	905	66	0.08850604897580273	0.797114679585147	0.009827093774491756	1	0	3	3	1.0131759191421303	correct_baseline
5373324	Lunaria annua	Magnoliopsida	220	Plantae	2015	1	1	761	67	0.09247471643159974	0.8296593374599281	0.010307330723578837	1	0	3	3	1.0183872821349762	correct_baseline
5373324	Lunaria annua	Magnoliopsida	220	Plantae	2016	6	5	1026	63	0.09729830047226258	0.8690963658478744	0.01089287637919749	1	0	3	3	1.0230027846843261	correct_baseline
5373324	Lunaria annua	Magnoliopsida	220	Plantae	2017	1	1	1124	67	0.10309932396604575	0.9165497925098995	0.011597264752139303	1	0	3	3	1.0270034149312484	correct_baseline
5373324	Lunaria annua	Magnoliopsida	220	Plantae	2018	3	3	2078	65	0.11002804242592101	0.9734903341721383	0.012435840085022963	1	0	3	3	1.030425474540935	correct_baseline
5373324	Lunaria annua	Magnoliopsida	220	Plantae	2019	0	0	0	0	0.11826865169306881	1.0418533912785286	0.013425568405676979	1	0	3	3	1.033340436818282	correct_baseline
5373324	Lunaria annua	Magnoliopsida	220	Plantae	2020	2	2	2495	66	0.12804716780736486	1.1241998064335803	0.014584664656278933	1	0	3	3	1.0358348970110485	correct_baseline
5373324	Lunaria annua	Magnoliopsida	220	Plantae	2021	6	4	3521	64	0.13964146434671776	1.2239372920993945	0.015931975184323485	1	0	3	3	1.0379957602308547	correct_baseline
5373324	Lunaria annua	Magnoliopsida	220	Plantae	2022	7	6	2904	62	0.15339410483261615	1.3456294433485523	0.017486055699588932	1	0	3	3	1.0399009920522788	correct_baseline
5373324	Lunaria annua	Magnoliopsida	220	Plantae	2023	6	6	1718	61	0.16972880694711565	1.4954330805741156	0.019263896380192123	1	0	3	3	1.0416146492269807	correct_baseline
5373324	Lunaria annua	Magnoliopsida	220	Plantae	2024	11	9	2505	59	0.1891716330746237	1.6817258938369135	0.021279274399749724	1	0	3	3	1.0431851579177027	correct_baseline
5373358	Lobularia maritima	Magnoliopsida	220	Plantae	1991	2	2	12444	66									correct_baseline
5373358	Lobularia maritima	Magnoliopsida	220	Plantae	1992	0	0	0	0									correct_baseline
5373358	Lobularia maritima	Magnoliopsida	220	Plantae	1993	0	0	0	0									correct_baseline
5373358	Lobularia maritima	Magnoliopsida	220	Plantae	1994	0	0	0	0									correct_baseline
5373358	Lobularia maritima	Magnoliopsida	220	Plantae	1995	0	0	0	0									correct_baseline
5373358	Lobularia maritima	Magnoliopsida	220	Plantae	1996	0	0	0	0									correct_baseline
5373358	Lobularia maritima	Magnoliopsida	220	Plantae	1997	0	0	0	0									correct_baseline
5373358	Lobularia maritima	Magnoliopsida	220	Plantae	1998	0	0	0	0									correct_baseline
5373358	Lobularia maritima	Magnoliopsida	220	Plantae	1999	0	0	0	0									correct_baseline
5373358	Lobularia maritima	Magnoliopsida	220	Plantae	2000	0	0	0	0									correct_baseline
5373358	Lobularia maritima	Magnoliopsida	220	Plantae	2001	0	0	0	0									correct_baseline
5373358	Lobularia maritima	Magnoliopsida	220	Plantae	2002	0	0	0	0									correct_baseline
5373358	Lobularia maritima	Magnoliopsida	220	Plantae	2003	0	0	0	0									correct_baseline
5373358	Lobularia maritima	Magnoliopsida	220	Plantae	2004	0	0	0	0									correct_baseline
5373358	Lobularia maritima	Magnoliopsida	220	Plantae	2005	1	1	1590	66									correct_baseline
5373358	Lobularia maritima	Magnoliopsida	220	Plantae	2006	0	0	0	0									correct_baseline
5373358	Lobularia maritima	Magnoliopsida	220	Plantae	2007	0	0	0	0									correct_baseline
5373358	Lobularia maritima	Magnoliopsida	220	Plantae	2008	0	0	0	0									correct_baseline
5373358	Lobularia maritima	Magnoliopsida	220	Plantae	2009	0	0	0	0									correct_baseline
5373358	Lobularia maritima	Magnoliopsida	220	Plantae	2010	0	0	0	0									correct_baseline
5373358	Lobularia maritima	Magnoliopsida	220	Plantae	2011	0	0	0	0									correct_baseline
5373358	Lobularia maritima	Magnoliopsida	220	Plantae	2012	0	0	0	0									correct_baseline
5373358	Lobularia maritima	Magnoliopsida	220	Plantae	2013	1	1	878	66									correct_baseline
5373358	Lobularia maritima	Magnoliopsida	220	Plantae	2014	1	1	905	66									correct_baseline
5373358	Lobularia maritima	Magnoliopsida	220	Plantae	2015	0	0	0	0									correct_baseline
5373358	Lobularia maritima	Magnoliopsida	220	Plantae	2016	2	1	1030	67									correct_baseline
5373358	Lobularia maritima	Magnoliopsida	220	Plantae	2017	2	2	1123	66									correct_baseline
5373358	Lobularia maritima	Magnoliopsida	220	Plantae	2018	5	5	2076	63									correct_baseline
5373358	Lobularia maritima	Magnoliopsida	220	Plantae	2019	4	3	1709	64									correct_baseline
5373358	Lobularia maritima	Magnoliopsida	220	Plantae	2020	4	3	2493	65									correct_baseline
5373358	Lobularia maritima	Magnoliopsida	220	Plantae	2021	2	2	3525	66									correct_baseline
5373358	Lobularia maritima	Magnoliopsida	220	Plantae	2022	14	12	2897	56									correct_baseline
5373358	Lobularia maritima	Magnoliopsida	220	Plantae	2023	3	2	1721	65									correct_baseline
5373358	Lobularia maritima	Magnoliopsida	220	Plantae	2024	6	5	2510	63									correct_baseline
5374118	Isatis tinctoria	Magnoliopsida	220	Plantae	2021	1	1	3526	67									correct_baseline
5374118	Isatis tinctoria	Magnoliopsida	220	Plantae	2022	4	2	2907	66									correct_baseline
5374118	Isatis tinctoria	Magnoliopsida	220	Plantae	2023	0	0	0	0									correct_baseline
5374118	Isatis tinctoria	Magnoliopsida	220	Plantae	2024	1	1	2515	67									correct_baseline
5374672	Barbarea verna	Magnoliopsida	220	Plantae	1984	3	3	668	21									correct_baseline
5374672	Barbarea verna	Magnoliopsida	220	Plantae	1985	0	0	0	0									correct_baseline
5374672	Barbarea verna	Magnoliopsida	220	Plantae	1986	3	3	1406	34									correct_baseline
5374672	Barbarea verna	Magnoliopsida	220	Plantae	1987	0	0	0	0									correct_baseline
5374672	Barbarea verna	Magnoliopsida	220	Plantae	1988	0	0	0	0									correct_baseline
5374672	Barbarea verna	Magnoliopsida	220	Plantae	1989	0	0	0	0									correct_baseline
5374672	Barbarea verna	Magnoliopsida	220	Plantae	1990	0	0	0	0									correct_baseline
5374672	Barbarea verna	Magnoliopsida	220	Plantae	1991	0	0	0	0									correct_baseline
5374672	Barbarea verna	Magnoliopsida	220	Plantae	1992	0	0	0	0									correct_baseline
5374672	Barbarea verna	Magnoliopsida	220	Plantae	1993	0	0	0	0									correct_baseline
5374672	Barbarea verna	Magnoliopsida	220	Plantae	1994	0	0	0	0									correct_baseline
5374672	Barbarea verna	Magnoliopsida	220	Plantae	1995	0	0	0	0									correct_baseline
5374672	Barbarea verna	Magnoliopsida	220	Plantae	1996	0	0	0	0									correct_baseline
5374672	Barbarea verna	Magnoliopsida	220	Plantae	1997	0	0	0	0									correct_baseline
5374672	Barbarea verna	Magnoliopsida	220	Plantae	1998	0	0	0	0									correct_baseline
5374672	Barbarea verna	Magnoliopsida	220	Plantae	1999	0	0	0	0									correct_baseline
5374672	Barbarea verna	Magnoliopsida	220	Plantae	2000	0	0	0	0									correct_baseline
5374672	Barbarea verna	Magnoliopsida	220	Plantae	2001	0	0	0	0									correct_baseline
5374672	Barbarea verna	Magnoliopsida	220	Plantae	2002	0	0	0	0									correct_baseline
5374672	Barbarea verna	Magnoliopsida	220	Plantae	2003	0	0	0	0									correct_baseline
5374672	Barbarea verna	Magnoliopsida	220	Plantae	2004	0	0	0	0									correct_baseline
5374672	Barbarea verna	Magnoliopsida	220	Plantae	2005	1	1	1590	66									correct_baseline
5374672	Barbarea verna	Magnoliopsida	220	Plantae	2006	0	0	0	0									correct_baseline
5374672	Barbarea verna	Magnoliopsida	220	Plantae	2007	0	0	0	0									correct_baseline
5374672	Barbarea verna	Magnoliopsida	220	Plantae	2008	0	0	0	0									correct_baseline
5374672	Barbarea verna	Magnoliopsida	220	Plantae	2009	1	1	325	41									correct_baseline
5374672	Barbarea verna	Magnoliopsida	220	Plantae	2010	2	1	385	59									correct_baseline
5374672	Barbarea verna	Magnoliopsida	220	Plantae	2011	0	0	0	0									correct_baseline
5374672	Barbarea verna	Magnoliopsida	220	Plantae	2012	0	0	0	0									correct_baseline
5374672	Barbarea verna	Magnoliopsida	220	Plantae	2013	0	0	0	0									correct_baseline
5374672	Barbarea verna	Magnoliopsida	220	Plantae	2014	0	0	0	0									correct_baseline
5374672	Barbarea verna	Magnoliopsida	220	Plantae	2015	0	0	0	0									correct_baseline
5374672	Barbarea verna	Magnoliopsida	220	Plantae	2016	0	0	0	0									correct_baseline
5374672	Barbarea verna	Magnoliopsida	220	Plantae	2017	0	0	0	0									correct_baseline
5374672	Barbarea verna	Magnoliopsida	220	Plantae	2018	0	0	0	0									correct_baseline
5374672	Barbarea verna	Magnoliopsida	220	Plantae	2019	1	1	1712	66									correct_baseline
5374672	Barbarea verna	Magnoliopsida	220	Plantae	2020	0	0	0	0									correct_baseline
5374672	Barbarea verna	Magnoliopsida	220	Plantae	2021	0	0	0	0									correct_baseline
5374672	Barbarea verna	Magnoliopsida	220	Plantae	2022	0	0	0	0									correct_baseline
5374672	Barbarea verna	Magnoliopsida	220	Plantae	2023	1	1	1723	66									correct_baseline
5374672	Barbarea verna	Magnoliopsida	220	Plantae	2024	3	1	2513	67									correct_baseline
5376648	Lepidium virginicum	Magnoliopsida	220	Plantae	1987	3	3	504	31									correct_baseline
5376648	Lepidium virginicum	Magnoliopsida	220	Plantae	1988	0	0	0	0									correct_baseline
5376648	Lepidium virginicum	Magnoliopsida	220	Plantae	1989	0	0	0	0									correct_baseline
5376648	Lepidium virginicum	Magnoliopsida	220	Plantae	1990	0	0	0	0									correct_baseline
5376648	Lepidium virginicum	Magnoliopsida	220	Plantae	1991	3	3	12443	65									correct_baseline
5376648	Lepidium virginicum	Magnoliopsida	220	Plantae	1992	2	2	5418	52									correct_baseline
5376648	Lepidium virginicum	Magnoliopsida	220	Plantae	1993	1	1	4525	62									correct_baseline
5376648	Lepidium virginicum	Magnoliopsida	220	Plantae	1994	0	0	0	0									correct_baseline
5376648	Lepidium virginicum	Magnoliopsida	220	Plantae	1995	0	0	0	0									correct_baseline
5376648	Lepidium virginicum	Magnoliopsida	220	Plantae	1996	0	0	0	0									correct_baseline
5376648	Lepidium virginicum	Magnoliopsida	220	Plantae	1997	0	0	0	0									correct_baseline
5376648	Lepidium virginicum	Magnoliopsida	220	Plantae	1998	0	0	0	0									correct_baseline
5376648	Lepidium virginicum	Magnoliopsida	220	Plantae	1999	0	0	0	0									correct_baseline
5376648	Lepidium virginicum	Magnoliopsida	220	Plantae	2000	0	0	0	0									correct_baseline
5376648	Lepidium virginicum	Magnoliopsida	220	Plantae	2001	0	0	0	0									correct_baseline
5376648	Lepidium virginicum	Magnoliopsida	220	Plantae	2002	0	0	0	0									correct_baseline
5376648	Lepidium virginicum	Magnoliopsida	220	Plantae	2003	5	5	4122	62									correct_baseline
5376648	Lepidium virginicum	Magnoliopsida	220	Plantae	2004	2	2	5046	66									correct_baseline
5376648	Lepidium virginicum	Magnoliopsida	220	Plantae	2005	0	0	0	0									correct_baseline
5376648	Lepidium virginicum	Magnoliopsida	220	Plantae	2006	0	0	0	0									correct_baseline
5376648	Lepidium virginicum	Magnoliopsida	220	Plantae	2007	0	0	0	0									correct_baseline
5376648	Lepidium virginicum	Magnoliopsida	220	Plantae	2008	0	0	0	0									correct_baseline
5376648	Lepidium virginicum	Magnoliopsida	220	Plantae	2009	0	0	0	0									correct_baseline
5376648	Lepidium virginicum	Magnoliopsida	220	Plantae	2010	0	0	0	0									correct_baseline
5376648	Lepidium virginicum	Magnoliopsida	220	Plantae	2011	1	1	396	67									correct_baseline
5376648	Lepidium virginicum	Magnoliopsida	220	Plantae	2012	0	0	0	0									correct_baseline
5376648	Lepidium virginicum	Magnoliopsida	220	Plantae	2013	0	0	0	0									correct_baseline
5376648	Lepidium virginicum	Magnoliopsida	220	Plantae	2014	0	0	0	0									correct_baseline
5376648	Lepidium virginicum	Magnoliopsida	220	Plantae	2015	1	1	761	67									correct_baseline
5376648	Lepidium virginicum	Magnoliopsida	220	Plantae	2016	1	1	1031	67									correct_baseline
5376648	Lepidium virginicum	Magnoliopsida	220	Plantae	2017	0	0	0	0									correct_baseline
5376648	Lepidium virginicum	Magnoliopsida	220	Plantae	2018	1	1	2080	67									correct_baseline
5376648	Lepidium virginicum	Magnoliopsida	220	Plantae	2019	1	1	1712	66									correct_baseline
5376648	Lepidium virginicum	Magnoliopsida	220	Plantae	2020	1	1	2496	67									correct_baseline
5376648	Lepidium virginicum	Magnoliopsida	220	Plantae	2021	1	1	3526	67									correct_baseline
5376648	Lepidium virginicum	Magnoliopsida	220	Plantae	2022	0	0	0	0									correct_baseline
5376648	Lepidium virginicum	Magnoliopsida	220	Plantae	2023	2	2	1722	65									correct_baseline
5376648	Lepidium virginicum	Magnoliopsida	220	Plantae	2024	4	4	2512	64									correct_baseline
5376961	Lepidium draba	Magnoliopsida	220	Plantae	1991	4	4	12442	64	0.09794843850042491	1.4994133887162227	0.0063984333319083405	0	0	0	1	0.9330522616619807	correct_baseline
5376961	Lepidium draba	Magnoliopsida	220	Plantae	1992	1	1	5419	53	0.09960552513094745	1.4688698855840083	0.006754349540406849	0	0	0	1	0.9369695003203145	correct_baseline
5376961	Lepidium draba	Magnoliopsida	220	Plantae	1993	3	3	4523	60	0.10122424438462337	1.4480681010457095	0.0070758741552546045	0	0	0	1	0.9408727411989104	correct_baseline
5376961	Lepidium draba	Magnoliopsida	220	Plantae	1994	1	1	6154	64	0.10280183316616195	1.4354986818299202	0.007362052669286628	0	0	0	1	0.9447555394015923	correct_baseline
5376961	Lepidium draba	Magnoliopsida	220	Plantae	1995	0	0	0	0	0.10433556592854806	1.42983588251129	0.007613398468159121	0	0	0	1	0.9486096580903666	correct_baseline
5376961	Lepidium draba	Magnoliopsida	220	Plantae	1996	0	0	0	0	0.10582276245748522	1.4298978297468903	0.00783164840254049	0	0	0	1	0.9524244434444368	correct_baseline
5376961	Lepidium draba	Magnoliopsida	220	Plantae	1997	0	0	0	0	0.10726079562514493	1.4346175756042234	0.008019473951651231	0	0	0	1	0.9561859390856217	correct_baseline
5376961	Lepidium draba	Magnoliopsida	220	Plantae	1998	1	1	648	35	0.10864709908230434	1.443022967048107	0.00818018313537108	0	0	0	1	0.9598756190984553	correct_baseline
5376961	Lepidium draba	Magnoliopsida	220	Plantae	1999	0	0	0	0	0.10997917485766283	1.4542237287493642	0.008317440200741644	0	0	0	1	0.9634685645725695	correct_baseline
5376961	Lepidium draba	Magnoliopsida	220	Plantae	2000	0	0	0	0	0.11125460083302767	1.4674044127469168	0.008435020434037014	0	0	0	1	0.9669308426440054	correct_baseline
5376961	Lepidium draba	Magnoliopsida	220	Plantae	2001	2	1	455	20	0.11247103806314307	1.481822043662967	0.008536608331005563	0	0	0	1	0.9702157959830982	correct_baseline
5376961	Lepidium draba	Magnoliopsida	220	Plantae	2002	0	0	0	0	0.1136262379092085	1.4968074088314205	0.008625640055776984	0	0	0	1	0.9732590104287743	correct_baseline
5376961	Lepidium draba	Magnoliopsida	220	Plantae	2003	0	0	0	0	0.11471804895558897	1.5117690310546754	0.008705186100416252	0	0	0	1	0.975972167298352	correct_baseline
5376961	Lepidium draba	Magnoliopsida	220	Plantae	2004	2	1	5046	67	0.11574442367985759	1.526198936031415	0.008777867220781905	0	0	0	1	0.9782373976187987	correct_baseline
5376961	Lepidium draba	Magnoliopsida	220	Plantae	2005	4	4	1587	63	0.11670342484712538	1.5396794012996962	0.00884579566340356	0	0	0	1	0.9799069457379064	correct_baseline
5376961	Lepidium draba	Magnoliopsida	220	Plantae	2006	0	0	0	0	0.117593231600598	1.5518899595383513	0.008910533915939127	0	0	0	1	0.9808173456194189	correct_baseline
5376961	Lepidium draba	Magnoliopsida	220	Plantae	2007	0	0	0	0	0.1184121452214499	1.5626140332294867	0.008973064261407758	0	0	0	1	0.9808266786467984	correct_baseline
5376961	Lepidium draba	Magnoliopsida	220	Plantae	2008	0	0	0	0	0.11915859453241348	1.5717447033596263	0.009033763957079062	0	0	0	1	0.9798664669348273	correct_baseline
5376961	Lepidium draba	Magnoliopsida	220	Plantae	2009	0	0	0	0	0.11983114092093941	1.579289262102881	0.009092382680607754	0	0	0	1	0.9779735975066386	correct_baseline
5376961	Lepidium draba	Magnoliopsida	220	Plantae	2010	0	0	0	0	0.12042848295938183	1.585372365622023	0.009148020882909632	0	0	0	1	0.9752734112717192	correct_baseline
5376961	Lepidium draba	Magnoliopsida	220	Plantae	2011	0	0	0	0	0.12094946060139568	1.5902377835727803	0.009199109825514374	0	0	0	1	0.9719296791544265	correct_baseline
5376961	Lepidium draba	Magnoliopsida	220	Plantae	2012	0	0	0	0	0.12139305893558634	1.594248930833175	0.00924339635594886	0	0	0	1	0.9680998684872003	correct_baseline
5376961	Lepidium draba	Magnoliopsida	220	Plantae	2013	1	1	878	66	0.12175841147941968	1.5978885585633664	0.009277937867782643	0	0	0	1	0.963913673012073	correct_baseline
5376961	Lepidium draba	Magnoliopsida	220	Plantae	2014	2	1	904	66	0.12204480299846523	1.6017581711206537	0.009299115314338057	0	0	0	1	0.9594697332496873	correct_baseline
5376961	Lepidium draba	Magnoliopsida	220	Plantae	2015	5	5	757	63	0.12225167183820344	1.6065779199344525	0.009302674387461738	0	0	0	1	0.9548403577955732	correct_baseline
5376961	Lepidium draba	Magnoliopsida	220	Plantae	2016	0	0	0	0	0.12237861175785206	1.6131879057136824	0.009283806655588207	0	0	0	1	0.9500778968680428	correct_baseline
5376961	Lepidium draba	Magnoliopsida	220	Plantae	2017	2	2	1123	66	0.12242537325795753	1.6225520010212464	0.009237283001048152	0	0	0	1	0.9452202892693986	correct_baseline
5376961	Lepidium draba	Magnoliopsida	220	Plantae	2018	0	0	0	0	0.12239186439582456	1.635765496069576	0.009157650351642312	0	0	0	1	0.9402952521710453	correct_baseline
5376961	Lepidium draba	Magnoliopsida	220	Plantae	2019	1	1	1712	66	0.12227815108521203	1.654068087173614	0.009039498645044932	0	0	0	1	0.9353232682255758	correct_baseline
5376961	Lepidium draba	Magnoliopsida	220	Plantae	2020	3	2	2494	66	0.12208445687908437	1.6788639918642965	0.008877797536720156	0	0	0	1	0.930319668442891	correct_baseline
5376961	Lepidium draba	Magnoliopsida	220	Plantae	2021	1	1	3526	67	0.12181116223655562	1.7117513169754062	0.008668291414922662	0	0	0	1	0.925296077497034	correct_baseline
5376961	Lepidium draba	Magnoliopsida	220	Plantae	2022	0	0	0	0	0.12145880327747798	1.7545632647378113	0.008407927596615645	0	0	0	1	0.9202614207437726	correct_baseline
5376961	Lepidium draba	Magnoliopsida	220	Plantae	2023	1	1	1723	66	0.12102807003039168	1.809424386932587	0.008095278167502178	0	0	0	1	0.9152226320245556	correct_baseline
5376961	Lepidium draba	Magnoliopsida	220	Plantae	2024	5	3	2511	65	0.12051980418174185	1.8788259534841174	0.007730904064354666	0	0	0	1	0.9101851567553778	correct_baseline
5377060	Lepidium didymum	Magnoliopsida	220	Plantae	1983	1	1	531	27	0.8444979108393992	10.94867782261534	0.06513815941674601	-1	1	-2	0	0.48489291496506587	correct_baseline
5377060	Lepidium didymum	Magnoliopsida	220	Plantae	1984	0	0	0	0	0.5734943345731658	5.8532493863854205	0.05619028510087495	-1	1	-2	0	0.527590225263937	correct_baseline
5377060	Lepidium didymum	Magnoliopsida	220	Plantae	1985	0	0	0	0	0.41149201757733084	3.5831930879591374	0.04725552778577845	-1	1	-2	0	0.5738407796752715	correct_baseline
5377060	Lepidium didymum	Magnoliopsida	220	Plantae	1986	0	0	0	0	0.31188991172895375	2.492177149565543	0.03903226424142939	-1	1	-2	0	0.623640288212296	correct_baseline
5377060	Lepidium didymum	Magnoliopsida	220	Plantae	1987	0	0	0	0	0.24956559584846807	1.9407948487277775	0.03209148389487349	0	1	1	2	0.6766831097657097	correct_baseline
5377060	Lepidium didymum	Magnoliopsida	220	Plantae	1988	0	0	0	0	0.21056163542326264	1.661128785997504	0.026690406358526375	0	1	1	2	0.7322617232974715	correct_baseline
5377060	Lepidium didymum	Magnoliopsida	220	Plantae	1989	4	2	157	42	0.1869391080369596	1.5333951604221872	0.02279010069656954	0	1	1	2	0.7891946994146373	correct_baseline
5377060	Lepidium didymum	Magnoliopsida	220	Plantae	1990	0	0	0	0	0.17412120511598586	1.5013470615894149	0.02019399434461649	0	1	1	2	0.8457987260185191	correct_baseline
5377060	Lepidium didymum	Magnoliopsida	220	Plantae	1991	6	5	12440	63	0.16947272359052232	1.5378321977908547	0.018676292564590743	0	1	1	2	0.8999261059534833	correct_baseline
5377060	Lepidium didymum	Magnoliopsida	220	Plantae	1992	1	1	5419	53	0.1715057639198038	1.62967800723046	0.018049103520580242	0	1	1	2	0.9491013005608261	correct_baseline
5377060	Lepidium didymum	Magnoliopsida	220	Plantae	1993	2	2	4524	61	0.17940246120666328	1.7703878427678241	0.018179769601608834	0	0	0	1	0.9908136123740612	correct_baseline
5377060	Lepidium didymum	Magnoliopsida	220	Plantae	1994	4	4	6151	61	0.19269055374498165	1.9560403155878059	0.018982047152433002	1	0	3	3	1.0230180771980144	correct_baseline
5377060	Lepidium didymum	Magnoliopsida	220	Plantae	1995	0	0	0	0	0.21098246300314638	2.182452959251735	0.020396132483027605	1	0	3	3	1.0447179801609918	correct_baseline
5377060	Lepidium didymum	Magnoliopsida	220	Plantae	1996	0	0	0	0	0.23373447310818046	2.4428359172344054	0.022364090659436824	1	0	3	3	1.056183159063519	correct_baseline
5377060	Lepidium didymum	Magnoliopsida	220	Plantae	1997	2	2	1290	55	0.2600199615847678	2.725800548689397	0.02480386191684206	1	0	3	3	1.058539188360123	correct_baseline
5377060	Lepidium didymum	Magnoliopsida	220	Plantae	1998	0	0	0	0	0.28834684075777983	3.014040505636216	0.02758552860172731	1	0	3	3	1.0531493459814592	correct_baseline
5377060	Lepidium didymum	Magnoliopsida	220	Plantae	1999	0	0	0	0	0.3165799024597868	3.284307692763352	0.03051566540561326	1	0	3	3	1.0412580343130835	correct_baseline
5377060	Lepidium didymum	Magnoliopsida	220	Plantae	2000	1	1	929	35	0.3420385390111763	3.5093284520450982	0.03333696568091898	1	-1	2	2	1.0238999360197838	correct_baseline
5377060	Lepidium didymum	Magnoliopsida	220	Plantae	2001	0	0	0	0	0.36181149564959053	3.66187477043007	0.03574878077242908	0	-1	-1	0	1.0019335775641647	correct_baseline
5377060	Lepidium didymum	Magnoliopsida	220	Plantae	2002	0	0	0	0	0.3732580644558006	3.720323017652378	0.037448786575851205	0	-1	-1	0	0.976177165291145	correct_baseline
5377060	Lepidium didymum	Magnoliopsida	220	Plantae	2003	10	9	4117	58	0.3745728830877899	3.6740566581077236	0.03818799158556292	0	-1	-1	0	0.947674451799181	correct_baseline
5377060	Lepidium didymum	Magnoliopsida	220	Plantae	2004	13	10	5035	58	0.36522914811896534	3.526641539182449	0.03782418177568122	0	-1	-1	0	0.9179351759395655	correct_baseline
5377060	Lepidium didymum	Magnoliopsida	220	Plantae	2005	6	6	1585	61	0.34613101397305696	3.295318006088227	0.03635663648020285	-1	-1	-4	0	0.8888574697875439	correct_baseline
5377060	Lepidium didymum	Magnoliopsida	220	Plantae	2006	0	0	0	0	0.3194082601864285	3.0068604007697433	0.033929621956910294	-1	-1	-4	0	0.8623758951129147	correct_baseline
5377060	Lepidium didymum	Magnoliopsida	220	Plantae	2007	0	0	0	0	0.28792695443650906	2.6914100712036126	0.030802415424569393	-1	-1	-4	0	0.8401712296733524	correct_baseline
5377060	Lepidium didymum	Magnoliopsida	220	Plantae	2008	0	0	0	0	0.25469300127849037	2.3765609860257446	0.027295123197626368	-1	0	-3	0	0.8235821146651721	correct_baseline
5377060	Lepidium didymum	Magnoliopsida	220	Plantae	2009	0	0	0	0	0.22234010447127997	2.0834703774525285	0.023727297777443958	-1	0	-3	0	0.813643605256595	correct_baseline
5377060	Lepidium didymum	Magnoliopsida	220	Plantae	2010	1	1	386	59	0.19282585086400933	1.8255771400217649	0.020367152910879392	-1	0	-3	0	0.8111631313656729	correct_baseline
5377060	Lepidium didymum	Magnoliopsida	220	Plantae	2011	2	2	395	66	0.1673597379814467	1.6094298169153907	0.01740323287342885	-1	0	-3	0	0.8167879923339747	correct_baseline
5377060	Lepidium didymum	Magnoliopsida	220	Plantae	2012	2	2	911	66	0.14650910244111748	1.4366392575643907	0.014941062611982659	-1	0	-3	0	0.8310410660451395	correct_baseline
5377060	Lepidium didymum	Magnoliopsida	220	Plantae	2013	3	1	876	66	0.13039896095744888	1.306065682325608	0.013019168368703177	-1	1	-2	0	0.8542959461082703	correct_baseline
5377060	Lepidium didymum	Magnoliopsida	220	Plantae	2014	4	4	902	63	0.11893379074336298	1.2157310548755895	0.011635177471084336	-1	1	-2	0	0.8866103624709494	correct_baseline
5377060	Lepidium didymum	Magnoliopsida	220	Plantae	2015	0	0	0	0	0.11200191727303628	1.1643353611186409	0.010773897187820477	0	1	1	2	0.9271332307967863	correct_baseline
5377060	Lepidium didymum	Magnoliopsida	220	Plantae	2016	6	4	1026	64	0.10965766827600296	1.1525272382177263	0.010433423014214505	0	1	1	2	0.972407201639603	correct_baseline
5377060	Lepidium didymum	Magnoliopsida	220	Plantae	2017	2	2	1123	66	0.11230508609822248	1.184256330113389	0.010650086508147744	1	1	4	3	1.0160335620942096	correct_baseline
5377060	Lepidium didymum	Magnoliopsida	220	Plantae	2018	1	1	2080	67	0.12093309062088993	1.2687192934623213	0.011527224723768024	1	1	4	3	1.0566794173100706	correct_baseline
5377060	Lepidium didymum	Magnoliopsida	220	Plantae	2019	3	3	1710	64	0.13748766246326494	1.4237683940127812	0.013276637835973043	1	1	4	3	1.0974169011861423	correct_baseline
5377060	Lepidium didymum	Magnoliopsida	220	Plantae	2020	4	4	2493	64	0.16553435850450243	1.6824833029738209	0.01628641651127488	1	1	4	3	1.1398095157363943	correct_baseline
5377060	Lepidium didymum	Magnoliopsida	220	Plantae	2021	4	4	3523	64	0.21150802708286168	2.106608277176351	0.021235863356830236	1	1	4	3	1.1841963903737789	correct_baseline
5377060	Lepidium didymum	Magnoliopsida	220	Plantae	2022	6	6	2905	62	0.2871610533105126	2.8155388917951854	0.029287988448217003	1	1	4	3	1.2305169038766741	correct_baseline
5377060	Lepidium didymum	Magnoliopsida	220	Plantae	2023	11	7	1713	60	0.4145287076417431	4.052558622132177	0.04240137293035047	1	1	4	3	1.2786476833887452	correct_baseline
5377060	Lepidium didymum	Magnoliopsida	220	Plantae	2024	21	11	2495	57	0.636370883490831	6.346042811205806	0.06381424037036292	1	1	4	3	1.3285368436447031	correct_baseline
5384741	Silene coronaria	Magnoliopsida	220	Plantae	2005	1	1	1590	66									correct_baseline
5384741	Silene coronaria	Magnoliopsida	220	Plantae	2006	0	0	0	0									correct_baseline
5384741	Silene coronaria	Magnoliopsida	220	Plantae	2007	0	0	0	0									correct_baseline
5384741	Silene coronaria	Magnoliopsida	220	Plantae	2008	0	0	0	0									correct_baseline
5384741	Silene coronaria	Magnoliopsida	220	Plantae	2009	0	0	0	0									correct_baseline
5384741	Silene coronaria	Magnoliopsida	220	Plantae	2010	1	1	386	59									correct_baseline
5384741	Silene coronaria	Magnoliopsida	220	Plantae	2011	0	0	0	0									correct_baseline
5384741	Silene coronaria	Magnoliopsida	220	Plantae	2012	0	0	0	0									correct_baseline
5384741	Silene coronaria	Magnoliopsida	220	Plantae	2013	1	1	878	66									correct_baseline
5384741	Silene coronaria	Magnoliopsida	220	Plantae	2014	0	0	0	0									correct_baseline
5384741	Silene coronaria	Magnoliopsida	220	Plantae	2015	0	0	0	0									correct_baseline
5384741	Silene coronaria	Magnoliopsida	220	Plantae	2016	1	1	1031	67									correct_baseline
5384741	Silene coronaria	Magnoliopsida	220	Plantae	2017	0	0	0	0									correct_baseline
5384741	Silene coronaria	Magnoliopsida	220	Plantae	2018	0	0	0	0									correct_baseline
5384741	Silene coronaria	Magnoliopsida	220	Plantae	2019	0	0	0	0									correct_baseline
5384741	Silene coronaria	Magnoliopsida	220	Plantae	2020	3	2	2494	66									correct_baseline
5384741	Silene coronaria	Magnoliopsida	220	Plantae	2021	7	7	3520	61									correct_baseline
5384741	Silene coronaria	Magnoliopsida	220	Plantae	2022	2	2	2909	66									correct_baseline
5384741	Silene coronaria	Magnoliopsida	220	Plantae	2023	0	0	0	0									correct_baseline
5384741	Silene coronaria	Magnoliopsida	220	Plantae	2024	5	4	2511	64									correct_baseline
5386938	Tragopogon porrifolius	Magnoliopsida	220	Plantae	2015	1	1	761	67									correct_baseline
5386938	Tragopogon porrifolius	Magnoliopsida	220	Plantae	2016	0	0	0	0									correct_baseline
5386938	Tragopogon porrifolius	Magnoliopsida	220	Plantae	2017	0	0	0	0									correct_baseline
5386938	Tragopogon porrifolius	Magnoliopsida	220	Plantae	2018	0	0	0	0									correct_baseline
5386938	Tragopogon porrifolius	Magnoliopsida	220	Plantae	2019	0	0	0	0									correct_baseline
5386938	Tragopogon porrifolius	Magnoliopsida	220	Plantae	2020	0	0	0	0									correct_baseline
5386938	Tragopogon porrifolius	Magnoliopsida	220	Plantae	2021	3	3	3524	65									correct_baseline
5386938	Tragopogon porrifolius	Magnoliopsida	220	Plantae	2022	0	0	0	0									correct_baseline
5386938	Tragopogon porrifolius	Magnoliopsida	220	Plantae	2023	0	0	0	0									correct_baseline
5386938	Tragopogon porrifolius	Magnoliopsida	220	Plantae	2024	1	1	2515	67									correct_baseline
5388595	Jacobaea maritima	Magnoliopsida	220	Plantae	2015	1	1	761	67									correct_baseline
5388595	Jacobaea maritima	Magnoliopsida	220	Plantae	2016	0	0	0	0									correct_baseline
5388595	Jacobaea maritima	Magnoliopsida	220	Plantae	2017	0	0	0	0									correct_baseline
5388595	Jacobaea maritima	Magnoliopsida	220	Plantae	2018	0	0	0	0									correct_baseline
5388595	Jacobaea maritima	Magnoliopsida	220	Plantae	2019	1	1	1712	66									correct_baseline
5388595	Jacobaea maritima	Magnoliopsida	220	Plantae	2020	1	1	2496	67									correct_baseline
5388595	Jacobaea maritima	Magnoliopsida	220	Plantae	2021	1	1	3526	67									correct_baseline
5388595	Jacobaea maritima	Magnoliopsida	220	Plantae	2022	0	0	0	0									correct_baseline
5388595	Jacobaea maritima	Magnoliopsida	220	Plantae	2023	0	0	0	0									correct_baseline
5388595	Jacobaea maritima	Magnoliopsida	220	Plantae	2024	1	1	2515	67									correct_baseline
5389017	Solidago gigantea	Magnoliopsida	220	Plantae	1980	1	1	910	36	1.9539826378958125	6.013529939312301	0.6349096433757683	1	0	3	3	1.0728533284398665	correct_baseline
5389017	Solidago gigantea	Magnoliopsida	220	Plantae	1981	3	3	492	23	2.3987480930389626	6.320355419271531	0.9103906397911482	1	0	3	3	1.0630869572903598	correct_baseline
5389017	Solidago gigantea	Magnoliopsida	220	Plantae	1982	3	3	105	14	2.87551845282052	6.712947001358496	1.231740153890386	1	0	3	3	1.0531963210753439	correct_baseline
5389017	Solidago gigantea	Magnoliopsida	220	Plantae	1983	3	3	529	25	3.3660986492753797	7.20343568161327	1.572946662878504	1	0	3	3	1.0431015789489442	correct_baseline
5389017	Solidago gigantea	Magnoliopsida	220	Plantae	1984	2	2	669	22	3.848133803607183	7.787083117933007	1.9016278041725765	1	0	3	3	1.0326911536861787	correct_baseline
5389017	Solidago gigantea	Magnoliopsida	220	Plantae	1985	0	0	0	0	4.296907075737254	8.431574855806925	2.189793808781157	1	0	3	3	1.0218135794193974	correct_baseline
5389017	Solidago gigantea	Magnoliopsida	220	Plantae	1986	2	2	1407	35	4.687754648102256	9.075787803411906	2.421282219990106	1	0	3	3	1.010266935660021	correct_baseline
5389017	Solidago gigantea	Magnoliopsida	220	Plantae	1987	2	2	505	32	4.9987490956551	9.641752114438045	2.591592505670744	0	0	0	1	0.9977917969404979	correct_baseline
5389017	Solidago gigantea	Magnoliopsida	220	Plantae	1988	0	0	0	0	5.213196680233821	10.053972038130752	2.703152497712118	0	0	0	1	0.9840947516443888	correct_baseline
5389017	Solidago gigantea	Magnoliopsida	220	Plantae	1989	0	0	0	0	5.3214955394942836	10.257118793406121	2.7608449650658464	0	0	0	1	0.9689653711737085	correct_baseline
5389017	Solidago gigantea	Magnoliopsida	220	Plantae	1990	0	0	0	0	5.32202010857865	10.226357419145115	2.769695686862007	0	0	0	1	0.9525234069612458	correct_baseline
5389017	Solidago gigantea	Magnoliopsida	220	Plantae	1991	40	27	12406	41	5.220902317250229	9.968770079961004	2.734321364383945	0	0	0	1	0.9354110851849124	correct_baseline
5389017	Solidago gigantea	Magnoliopsida	220	Plantae	1992	22	17	5398	37	5.030812043369592	9.517343886804593	2.659257679109665	0	0	0	1	0.9186228334275387	correct_baseline
5389017	Solidago gigantea	Magnoliopsida	220	Plantae	1993	24	20	4502	43	4.769030828279501	8.920710961660086	2.549533903612523	-1	0	-3	0	0.9031017918146964	correct_baseline
5389017	Solidago gigantea	Magnoliopsida	220	Plantae	1994	30	21	6125	44	4.455214892085326	8.232227832638035	2.411126142058951	-1	0	-3	0	0.8894972639821429	correct_baseline
5389017	Solidago gigantea	Magnoliopsida	220	Plantae	1995	4	3	1346	34	4.1092406912396084	7.501207137827899	2.251085558401066	-1	0	-3	0	0.8781487446369705	correct_baseline
5389017	Solidago gigantea	Magnoliopsida	220	Plantae	1996	2	2	869	38	3.7494374085192232	6.7676963979311155	2.0772623436094095	-1	0	-3	0	0.8691554610748815	correct_baseline
5389017	Solidago gigantea	Magnoliopsida	220	Plantae	1997	4	4	1288	53	3.3913760531964945	6.060788601581694	1.8976790464516589	-1	0	-3	0	0.8624450228096919	correct_baseline
5389017	Solidago gigantea	Magnoliopsida	220	Plantae	1998	1	1	648	35	3.0472480451757558	5.399508959192028	1.7197342793587957	-1	0	-3	0	0.857825905547469	correct_baseline
5389017	Solidago gigantea	Magnoliopsida	220	Plantae	1999	5	4	679	31	2.725759961573466	4.795002141275027	1.5494815537540827	-1	0	-3	0	0.8550343881467705	correct_baseline
5389017	Solidago gigantea	Magnoliopsida	220	Plantae	2000	1	1	929	35	2.4324105092630384	4.252932363889929	1.391186216787529	-1	0	-3	0	0.8537887153216477	correct_baseline
5389017	Solidago gigantea	Magnoliopsida	220	Plantae	2001	1	1	456	20	2.169999315356555	3.775450524105557	1.247241090455954	-1	0	-3	0	0.8538526586823099	correct_baseline
5389017	Solidago gigantea	Magnoliopsida	220	Plantae	2002	3	3	443	18	1.9392330571951015	3.3625209487510874	1.1183944746916856	-1	0	-3	0	0.8550923519549367	correct_baseline
5389017	Solidago gigantea	Magnoliopsida	220	Plantae	2003	9	9	4118	58	1.7393277437495045	3.0126830214432285	1.0041750090016068	-1	0	-3	0	0.857500731365269	correct_baseline
5389017	Solidago gigantea	Magnoliopsida	220	Plantae	2004	19	17	5029	51	1.5685434908619453	2.7234309361071762	0.903393087779978	-1	0	-3	0	0.8611792448391974	correct_baseline
5389017	Solidago gigantea	Magnoliopsida	220	Plantae	2005	1	1	1590	66	1.4246212034755248	2.4913927924537616	0.8146228806390511	-1	0	-3	0	0.8662930461923243	correct_baseline
5389017	Solidago gigantea	Magnoliopsida	220	Plantae	2006	1	1	196	15	1.3051151103703047	2.312451949739504	0.7365884733340169	-1	0	-3	0	0.8730248244165957	correct_baseline
5389017	Solidago gigantea	Magnoliopsida	220	Plantae	2007	0	0	0	0	1.2076305253599422	2.181910767755533	0.6683919009581285	-1	0	-3	0	0.8815409635179133	correct_baseline
5389017	Solidago gigantea	Magnoliopsida	220	Plantae	2008	1	1	184	37	1.1299839994637144	2.094739544179413	0.6095573278272199	0	0	0	1	0.8919698005025756	correct_baseline
5389017	Solidago gigantea	Magnoliopsida	220	Plantae	2009	1	1	325	41	1.0703054148363074	2.045879010864526	0.5599322711384797	0	0	0	1	0.9043850594501258	correct_baseline
5389017	Solidago gigantea	Magnoliopsida	220	Plantae	2010	1	1	386	59	1.0271007342264162	2.0305135886892733	0.5195414224878051	0	0	0	1	0.9187854901364221	correct_baseline
5389017	Solidago gigantea	Magnoliopsida	220	Plantae	2011	3	3	394	65	0.9992917949041076	2.044246718782528	0.4884851139481784	0	0	0	1	0.9350586365721114	correct_baseline
5389017	Solidago gigantea	Magnoliopsida	220	Plantae	2012	3	3	910	65	0.9862469230603361	2.083174598305046	0.46692341296663	0	0	0	1	0.9529074538003636	correct_baseline
5389017	Solidago gigantea	Magnoliopsida	220	Plantae	2013	4	4	875	63	0.9878139841516869	2.1439198410030933	0.4551366373982921	0	0	0	1	0.971701323590977	correct_baseline
5389017	Solidago gigantea	Magnoliopsida	220	Plantae	2014	3	3	903	64	1.0043661987512218	2.2237233751696186	0.45363172076969077	0	0	0	1	0.9902239970835274	correct_baseline
5389017	Solidago gigantea	Magnoliopsida	220	Plantae	2015	5	3	757	65	1.0368708922565566	2.3207100544218564	0.46326392440125	0	0	0	1	1.0065459340787055	correct_baseline
5389017	Solidago gigantea	Magnoliopsida	220	Plantae	2016	0	0	0	0	1.0869925158995348	2.4344671328215877	0.48534347155147717	1	0	3	3	1.0188381359601169	correct_baseline
5389017	Solidago gigantea	Magnoliopsida	220	Plantae	2017	1	1	1124	67	1.1572440452796449	2.5671368389294984	0.5216760400250623	1	0	3	3	1.026820248190455	correct_baseline
5389017	Solidago gigantea	Magnoliopsida	220	Plantae	2018	4	2	2077	66	1.2512056653486263	2.725369128817427	0.574423332401874	1	0	3	3	1.0315065163104191	correct_baseline
5389017	Solidago gigantea	Magnoliopsida	220	Plantae	2019	2	2	1711	65	1.3738372004282149	2.9237715639318766	0.6455458684132723	1	0	3	3	1.0340035835630348	correct_baseline
5389017	Solidago gigantea	Magnoliopsida	220	Plantae	2020	6	4	2491	64	1.5319221905890525	3.190971372644386	0.7354455192352165	1	0	3	3	1.0350952215523779	correct_baseline
5389017	Solidago gigantea	Magnoliopsida	220	Plantae	2021	4	4	3523	64	1.7346986657198535	3.5799122699916923	0.8405735207743578	1	0	3	3	1.0352976075570768	correct_baseline
5389017	Solidago gigantea	Magnoliopsida	220	Plantae	2022	15	7	2896	61	1.9947573883765397	4.184059118044345	0.9510040193558805	1	0	3	3	1.0349525617186437	correct_baseline
5389017	Solidago gigantea	Magnoliopsida	220	Plantae	2023	22	11	1702	56	2.3293271773363724	5.161503175994198	1.0511986361478374	1	0	3	3	1.0342819911536907	correct_baseline
5389017	Solidago gigantea	Magnoliopsida	220	Plantae	2024	26	17	2490	51	2.762126242728637	6.775232519614047	1.1260634020579452	1	0	3	3	1.0334186849932672	correct_baseline
5389029	Solidago canadensis	Magnoliopsida	220	Plantae	1986	2	2	1407	35	0.11747398134922314	7.3486645365544145	0.001877910772139849	0	0	0	1	0.783040528177529	correct_baseline
5389029	Solidago canadensis	Magnoliopsida	220	Plantae	1987	0	0	0	0	0.10443805987145152	6.197237161940883	0.0017600275840172757	0	0	0	1	0.7905916135872498	correct_baseline
5389029	Solidago canadensis	Magnoliopsida	220	Plantae	1988	0	0	0	0	0.09325243380772509	5.297951822602974	0.00164139212704121	0	0	0	1	0.7981853013388663	correct_baseline
5389029	Solidago canadensis	Magnoliopsida	220	Plantae	1989	0	0	0	0	0.08362686721784773	4.5878074673543345	0.0015243562356169382	0	0	0	1	0.8058170437039546	correct_baseline
5389029	Solidago canadensis	Magnoliopsida	220	Plantae	1990	0	0	0	0	0.07532094380775274	4.02109411814115	0.0014108708747939587	0	0	0	1	0.8134812811917789	correct_baseline
5389029	Solidago canadensis	Magnoliopsida	220	Plantae	1991	25	15	12421	53	0.06813495176901206	3.564296055204236	0.0013024652219299415	0	0	0	1	0.8211712072760492	correct_baseline
5389029	Solidago canadensis	Magnoliopsida	220	Plantae	1992	3	3	5417	51	0.061902534080867586	3.192586812951505	0.001200256704089562	0	0	0	1	0.8288784704676346	correct_baseline
5389029	Solidago canadensis	Magnoliopsida	220	Plantae	1993	1	1	4525	62	0.05648474607224788	2.8873948076109937	0.0011049845107556093	0	0	0	1	0.8365927957397215	correct_baseline
5389029	Solidago canadensis	Magnoliopsida	220	Plantae	1994	8	8	6147	57	0.05176523784158159	2.634696085256888	0.0010170584242296925	0	0	0	1	0.8443015034958855	correct_baseline
5389029	Solidago canadensis	Magnoliopsida	220	Plantae	1995	2	2	1348	35	0.0476463382965614	2.423805624722053	9.366153498099509e-4	0	0	0	1	0.8519889009159259	correct_baseline
5389029	Solidago canadensis	Magnoliopsida	220	Plantae	1996	1	1	870	39	0.04404586388015818	2.2465136904911587	8.635772544636795e-4	0	0	0	1	0.859635519157701	correct_baseline
5389029	Solidago canadensis	Magnoliopsida	220	Plantae	1997	1	1	1291	56	0.04089451138573936	2.0964631962469222	7.977059003335795e-4	0	0	0	1	0.8672171742959208	correct_baseline
5389029	Solidago canadensis	Magnoliopsida	220	Plantae	1998	0	0	0	0	0.038133722855026135	1.9686969331092745	7.386514370636381e-4	0	0	0	1	0.8747038464901761	correct_baseline
5389029	Solidago canadensis	Magnoliopsida	220	Plantae	1999	1	1	683	34	0.03571393310907393	1.8593255850823822	6.859933668168682e-4	0	0	0	1	0.8820584130810492	correct_baseline
5389029	Solidago canadensis	Magnoliopsida	220	Plantae	2000	0	0	0	0	0.03359312830588923	1.7652823906519393	6.392735096389699e-4	0	0	0	1	0.8892353558111883	correct_baseline
5389029	Solidago canadensis	Magnoliopsida	220	Plantae	2001	0	0	0	0	0.031735658071763595	1.6841405070397315	5.980213580980824e-4	0	0	0	1	0.8961797141517135	correct_baseline
5389029	Solidago canadensis	Magnoliopsida	220	Plantae	2002	0	0	0	0	0.03011125501106373	1.613976156429944	5.617726598556886e-4	0	0	0	1	0.9028267902285249	correct_baseline
5389029	Solidago canadensis	Magnoliopsida	220	Plantae	2003	2	2	4125	65	0.028694224379169457	1.553265512393435	5.300822725751538e-4	0	0	0	1	0.9091033917632962	correct_baseline
5389029	Solidago canadensis	Magnoliopsida	220	Plantae	2004	2	2	5046	66	0.027462773887880466	1.5008067048900369	5.025323695312974e-4	0	0	0	1	0.9149315729053756	correct_baseline
5389029	Solidago canadensis	Magnoliopsida	220	Plantae	2005	2	1	1589	66	0.026398459379443174	1.4556607428841146	4.787370003723388e-4	0	0	0	1	0.9202355708726869	correct_baseline
5389029	Solidago canadensis	Magnoliopsida	220	Plantae	2006	0	0	0	0	0.0254857267507152	1.4171068853760023	4.583438798547521e-4	0	0	0	1	0.9249515700961953	correct_baseline
5389029	Solidago canadensis	Magnoliopsida	220	Plantae	2007	0	0	0	0	0.024711534266252038	1.3846092466887676	4.410341237085588e-4	0	0	0	1	0.929038133978387	correct_baseline
5389029	Solidago canadensis	Magnoliopsida	220	Plantae	2008	0	0	0	0	0.024065042452713712	1.3577923467895348	4.2652049823394727e-4	0	0	0	1	0.932483685420211	correct_baseline
5389029	Solidago canadensis	Magnoliopsida	220	Plantae	2009	0	0	0	0	0.023537361263356846	1.3364240152118245	4.1454461229055407e-4	0	0	0	1	0.9353078589495233	correct_baseline
5389029	Solidago canadensis	Magnoliopsida	220	Plantae	2010	0	0	0	0	0.023121346257332802	1.3204046017275304	4.0487336385532633e-4	0	0	0	1	0.9375562054294863	correct_baseline
5389029	Solidago canadensis	Magnoliopsida	220	Plantae	2011	0	0	0	0	0.022811437247915328	1.3097618933378679	3.972948609685544e-4	0	0	0	1	0.9392907497888939	correct_baseline
5389029	Solidago canadensis	Magnoliopsida	220	Plantae	2012	0	0	0	0	0.02260353431271159	1.3046515287398972	3.916139690721891e-4	0	0	0	1	0.9405800591208336	correct_baseline
5389029	Solidago canadensis	Magnoliopsida	220	Plantae	2013	0	0	0	0	0.022494907289784417	1.3053630752175567	3.8764759290564485e-4	0	0	0	1	0.9414914748792061	correct_baseline
5389029	Solidago canadensis	Magnoliopsida	220	Plantae	2014	0	0	0	0	0.022484135958473636	1.3123323241605902	3.852197804565122e-4	0	0	0	1	0.9420863835547687	correct_baseline
5389029	Solidago canadensis	Magnoliopsida	220	Plantae	2015	0	0	0	0	0.022571079066915637	1.3261608078684688	3.841567381740071e-4	0	0	0	1	0.9424181210971883	correct_baseline
5389029	Solidago canadensis	Magnoliopsida	220	Plantae	2016	2	2	1030	66	0.02275687125873708	1.3476440868198833	3.842818697841764e-4	0	0	0	1	0.9425316418188322	correct_baseline
5389029	Solidago canadensis	Magnoliopsida	220	Plantae	2017	0	0	0	0	0.023043947804543285	1.37781106093975	3.85410993911114e-4	0	0	0	1	0.9424641463421507	correct_baseline
5389029	Solidago canadensis	Magnoliopsida	220	Plantae	2018	0	0	0	0	0.023436097893235815	1.4179774989848857	3.8734795499543166e-4	0	0	0	1	0.9422461094791472	correct_baseline
5389029	Solidago canadensis	Magnoliopsida	220	Plantae	2019	0	0	0	0	0.023938548117313715	1.4698182671140285	3.898809116654464e-4	0	0	0	1	0.9419023846008201	correct_baseline
5389029	Solidago canadensis	Magnoliopsida	220	Plantae	2020	2	2	2495	66	0.024558078730015732	1.535464529081378	3.9277965689670945e-4	0	0	0	1	0.9414532260727689	correct_baseline
5389029	Solidago canadensis	Magnoliopsida	220	Plantae	2021	0	0	0	0	0.02530317629847587	1.617634716672927	3.9579438064273737e-4	0	0	0	1	0.9409151690147659	correct_baseline
5389029	Solidago canadensis	Magnoliopsida	220	Plantae	2022	0	0	0	0	0.0261842275690519	1.719811669642791	3.9865630957737415e-4	0	0	0	1	0.9403017565154654	correct_baseline
5389029	Solidago canadensis	Magnoliopsida	220	Plantae	2023	0	0	0	0	0.027213760748928204	1.8464835251392868	4.0108062921603366e-4	0	0	0	1	0.9396241275937272	correct_baseline
5389029	Solidago canadensis	Magnoliopsida	220	Plantae	2024	1	1	2515	67	0.02840674205210886	2.0034734568280865	4.027719914456006e-4	0	0	0	1	0.9388914873218905	correct_baseline
5389173	Telekia speciosa	Magnoliopsida	220	Plantae	1981	3	2	492	24									correct_baseline
5389173	Telekia speciosa	Magnoliopsida	220	Plantae	1982	0	0	0	0									correct_baseline
5389173	Telekia speciosa	Magnoliopsida	220	Plantae	1983	8	5	524	23									correct_baseline
5389173	Telekia speciosa	Magnoliopsida	220	Plantae	1984	1	1	670	23									correct_baseline
5389173	Telekia speciosa	Magnoliopsida	220	Plantae	1985	0	0	0	0									correct_baseline
5389173	Telekia speciosa	Magnoliopsida	220	Plantae	1986	0	0	0	0									correct_baseline
5389173	Telekia speciosa	Magnoliopsida	220	Plantae	1987	0	0	0	0									correct_baseline
5389173	Telekia speciosa	Magnoliopsida	220	Plantae	1988	0	0	0	0									correct_baseline
5389173	Telekia speciosa	Magnoliopsida	220	Plantae	1989	1	1	160	43									correct_baseline
5389173	Telekia speciosa	Magnoliopsida	220	Plantae	1990	0	0	0	0									correct_baseline
5389173	Telekia speciosa	Magnoliopsida	220	Plantae	1991	0	0	0	0									correct_baseline
5389173	Telekia speciosa	Magnoliopsida	220	Plantae	1992	0	0	0	0									correct_baseline
5389173	Telekia speciosa	Magnoliopsida	220	Plantae	1993	0	0	0	0									correct_baseline
5389173	Telekia speciosa	Magnoliopsida	220	Plantae	1994	0	0	0	0									correct_baseline
5389173	Telekia speciosa	Magnoliopsida	220	Plantae	1995	2	2	1348	35									correct_baseline
5389173	Telekia speciosa	Magnoliopsida	220	Plantae	1996	0	0	0	0									correct_baseline
5389173	Telekia speciosa	Magnoliopsida	220	Plantae	1997	0	0	0	0									correct_baseline
5389173	Telekia speciosa	Magnoliopsida	220	Plantae	1998	1	1	648	35									correct_baseline
5389173	Telekia speciosa	Magnoliopsida	220	Plantae	1999	0	0	0	0									correct_baseline
5389173	Telekia speciosa	Magnoliopsida	220	Plantae	2000	0	0	0	0									correct_baseline
5389173	Telekia speciosa	Magnoliopsida	220	Plantae	2001	0	0	0	0									correct_baseline
5389173	Telekia speciosa	Magnoliopsida	220	Plantae	2002	1	1	445	20									correct_baseline
5389173	Telekia speciosa	Magnoliopsida	220	Plantae	2003	1	1	4126	66									correct_baseline
5389173	Telekia speciosa	Magnoliopsida	220	Plantae	2004	2	2	5046	66									correct_baseline
5389173	Telekia speciosa	Magnoliopsida	220	Plantae	2005	1	1	1590	66									correct_baseline
5389173	Telekia speciosa	Magnoliopsida	220	Plantae	2006	0	0	0	0									correct_baseline
5389173	Telekia speciosa	Magnoliopsida	220	Plantae	2007	0	0	0	0									correct_baseline
5389173	Telekia speciosa	Magnoliopsida	220	Plantae	2008	1	1	184	37									correct_baseline
5389173	Telekia speciosa	Magnoliopsida	220	Plantae	2009	0	0	0	0									correct_baseline
5389173	Telekia speciosa	Magnoliopsida	220	Plantae	2010	0	0	0	0									correct_baseline
5389173	Telekia speciosa	Magnoliopsida	220	Plantae	2011	2	2	395	66									correct_baseline
5389173	Telekia speciosa	Magnoliopsida	220	Plantae	2012	2	2	911	66									correct_baseline
5389173	Telekia speciosa	Magnoliopsida	220	Plantae	2013	5	3	874	64									correct_baseline
5389173	Telekia speciosa	Magnoliopsida	220	Plantae	2014	0	0	0	0									correct_baseline
5389173	Telekia speciosa	Magnoliopsida	220	Plantae	2015	1	1	761	67									correct_baseline
5389173	Telekia speciosa	Magnoliopsida	220	Plantae	2016	1	1	1031	67									correct_baseline
5389173	Telekia speciosa	Magnoliopsida	220	Plantae	2017	3	1	1122	67									correct_baseline
5389173	Telekia speciosa	Magnoliopsida	220	Plantae	2018	1	1	2080	67									correct_baseline
5389173	Telekia speciosa	Magnoliopsida	220	Plantae	2019	9	3	1704	64									correct_baseline
5389173	Telekia speciosa	Magnoliopsida	220	Plantae	2020	13	3	2484	65									correct_baseline
5389173	Telekia speciosa	Magnoliopsida	220	Plantae	2021	7	3	3520	65									correct_baseline
5389173	Telekia speciosa	Magnoliopsida	220	Plantae	2022	4	1	2907	67									correct_baseline
5389173	Telekia speciosa	Magnoliopsida	220	Plantae	2023	7	3	1717	64									correct_baseline
5389173	Telekia speciosa	Magnoliopsida	220	Plantae	2024	1	1	2515	67									correct_baseline
5391480	Calendula officinalis	Magnoliopsida	220	Plantae	2012	1	1	912	67									correct_baseline
5391480	Calendula officinalis	Magnoliopsida	220	Plantae	2013	2	2	877	65									correct_baseline
5391480	Calendula officinalis	Magnoliopsida	220	Plantae	2014	2	1	904	66									correct_baseline
5391480	Calendula officinalis	Magnoliopsida	220	Plantae	2015	1	1	761	67									correct_baseline
5391480	Calendula officinalis	Magnoliopsida	220	Plantae	2016	0	0	0	0									correct_baseline
5391480	Calendula officinalis	Magnoliopsida	220	Plantae	2017	0	0	0	0									correct_baseline
5391480	Calendula officinalis	Magnoliopsida	220	Plantae	2018	2	1	2079	67									correct_baseline
5391480	Calendula officinalis	Magnoliopsida	220	Plantae	2019	1	1	1712	66									correct_baseline
5391480	Calendula officinalis	Magnoliopsida	220	Plantae	2020	2	2	2495	66									correct_baseline
5391480	Calendula officinalis	Magnoliopsida	220	Plantae	2021	0	0	0	0									correct_baseline
5391480	Calendula officinalis	Magnoliopsida	220	Plantae	2022	3	3	2908	65									correct_baseline
5391480	Calendula officinalis	Magnoliopsida	220	Plantae	2023	0	0	0	0									correct_baseline
5391480	Calendula officinalis	Magnoliopsida	220	Plantae	2024	1	1	2515	67									correct_baseline
5392174	Bidens frondosa	Magnoliopsida	220	Plantae	2003	1	1	4126	66									correct_baseline
5392174	Bidens frondosa	Magnoliopsida	220	Plantae	2004	0	0	0	0									correct_baseline
5392174	Bidens frondosa	Magnoliopsida	220	Plantae	2005	0	0	0	0									correct_baseline
5392174	Bidens frondosa	Magnoliopsida	220	Plantae	2006	0	0	0	0									correct_baseline
5392174	Bidens frondosa	Magnoliopsida	220	Plantae	2007	0	0	0	0									correct_baseline
5392174	Bidens frondosa	Magnoliopsida	220	Plantae	2008	0	0	0	0									correct_baseline
5392174	Bidens frondosa	Magnoliopsida	220	Plantae	2009	0	0	0	0									correct_baseline
5392174	Bidens frondosa	Magnoliopsida	220	Plantae	2010	1	1	386	59									correct_baseline
5392174	Bidens frondosa	Magnoliopsida	220	Plantae	2011	0	0	0	0									correct_baseline
5392174	Bidens frondosa	Magnoliopsida	220	Plantae	2012	0	0	0	0									correct_baseline
5392174	Bidens frondosa	Magnoliopsida	220	Plantae	2013	2	1	877	66									correct_baseline
5392174	Bidens frondosa	Magnoliopsida	220	Plantae	2014	1	1	905	66									correct_baseline
5392174	Bidens frondosa	Magnoliopsida	220	Plantae	2015	0	0	0	0									correct_baseline
5392174	Bidens frondosa	Magnoliopsida	220	Plantae	2016	0	0	0	0									correct_baseline
5392174	Bidens frondosa	Magnoliopsida	220	Plantae	2017	0	0	0	0									correct_baseline
5392174	Bidens frondosa	Magnoliopsida	220	Plantae	2018	0	0	0	0									correct_baseline
5392174	Bidens frondosa	Magnoliopsida	220	Plantae	2019	0	0	0	0									correct_baseline
5392174	Bidens frondosa	Magnoliopsida	220	Plantae	2020	3	3	2494	65									correct_baseline
5392174	Bidens frondosa	Magnoliopsida	220	Plantae	2021	1	1	3526	67									correct_baseline
5392174	Bidens frondosa	Magnoliopsida	220	Plantae	2022	1	1	2910	67									correct_baseline
5392174	Bidens frondosa	Magnoliopsida	220	Plantae	2023	0	0	0	0									correct_baseline
5392174	Bidens frondosa	Magnoliopsida	220	Plantae	2024	7	4	2509	64									correct_baseline
5406789	Alcea rosea	Magnoliopsida	220	Plantae	2012	1	1	912	67									correct_baseline
5406789	Alcea rosea	Magnoliopsida	220	Plantae	2013	0	0	0	0									correct_baseline
5406789	Alcea rosea	Magnoliopsida	220	Plantae	2014	7	2	899	65									correct_baseline
5406789	Alcea rosea	Magnoliopsida	220	Plantae	2015	1	1	761	67									correct_baseline
5406789	Alcea rosea	Magnoliopsida	220	Plantae	2016	2	2	1030	66									correct_baseline
5406789	Alcea rosea	Magnoliopsida	220	Plantae	2017	1	1	1124	67									correct_baseline
5406789	Alcea rosea	Magnoliopsida	220	Plantae	2018	1	1	2080	67									correct_baseline
5406789	Alcea rosea	Magnoliopsida	220	Plantae	2019	2	2	1711	65									correct_baseline
5406789	Alcea rosea	Magnoliopsida	220	Plantae	2020	1	1	2496	67									correct_baseline
5406789	Alcea rosea	Magnoliopsida	220	Plantae	2021	0	0	0	0									correct_baseline
5406789	Alcea rosea	Magnoliopsida	220	Plantae	2022	3	3	2908	65									correct_baseline
5406789	Alcea rosea	Magnoliopsida	220	Plantae	2023	6	6	1718	61									correct_baseline
5406789	Alcea rosea	Magnoliopsida	220	Plantae	2024	3	3	2513	65									correct_baseline
5410151	Campanula poscharskyana	Magnoliopsida	220	Plantae	2021	3	3	3524	65									correct_baseline
5410151	Campanula poscharskyana	Magnoliopsida	220	Plantae	2022	0	0	0	0									correct_baseline
5410151	Campanula poscharskyana	Magnoliopsida	220	Plantae	2023	1	1	1723	66									correct_baseline
5410151	Campanula poscharskyana	Magnoliopsida	220	Plantae	2024	3	3	2513	65									correct_baseline
5410411	Campanula portenschlagiana	Magnoliopsida	220	Plantae	2004	5	5	5043	63									correct_baseline
5410411	Campanula portenschlagiana	Magnoliopsida	220	Plantae	2005	7	7	1584	60									correct_baseline
5410411	Campanula portenschlagiana	Magnoliopsida	220	Plantae	2006	0	0	0	0									correct_baseline
5410411	Campanula portenschlagiana	Magnoliopsida	220	Plantae	2007	0	0	0	0									correct_baseline
5410411	Campanula portenschlagiana	Magnoliopsida	220	Plantae	2008	0	0	0	0									correct_baseline
5410411	Campanula portenschlagiana	Magnoliopsida	220	Plantae	2009	0	0	0	0									correct_baseline
5410411	Campanula portenschlagiana	Magnoliopsida	220	Plantae	2010	1	1	386	59									correct_baseline
5410411	Campanula portenschlagiana	Magnoliopsida	220	Plantae	2011	0	0	0	0									correct_baseline
5410411	Campanula portenschlagiana	Magnoliopsida	220	Plantae	2012	0	0	0	0									correct_baseline
5410411	Campanula portenschlagiana	Magnoliopsida	220	Plantae	2013	1	1	878	66									correct_baseline
5410411	Campanula portenschlagiana	Magnoliopsida	220	Plantae	2014	1	1	905	66									correct_baseline
5410411	Campanula portenschlagiana	Magnoliopsida	220	Plantae	2015	0	0	0	0									correct_baseline
5410411	Campanula portenschlagiana	Magnoliopsida	220	Plantae	2016	1	1	1031	67									correct_baseline
5410411	Campanula portenschlagiana	Magnoliopsida	220	Plantae	2017	0	0	0	0									correct_baseline
5410411	Campanula portenschlagiana	Magnoliopsida	220	Plantae	2018	4	3	2077	65									correct_baseline
5410411	Campanula portenschlagiana	Magnoliopsida	220	Plantae	2019	1	1	1712	66									correct_baseline
5410411	Campanula portenschlagiana	Magnoliopsida	220	Plantae	2020	1	1	2496	67									correct_baseline
5410411	Campanula portenschlagiana	Magnoliopsida	220	Plantae	2021	11	9	3516	59									correct_baseline
5410411	Campanula portenschlagiana	Magnoliopsida	220	Plantae	2022	6	6	2905	62									correct_baseline
5410411	Campanula portenschlagiana	Magnoliopsida	220	Plantae	2023	7	7	1717	60									correct_baseline
5410411	Campanula portenschlagiana	Magnoliopsida	220	Plantae	2024	15	11	2501	57									correct_baseline
5415012	Linaria purpurea	Magnoliopsida	220	Plantae	2019	1	1	1712	66									correct_baseline
5415012	Linaria purpurea	Magnoliopsida	220	Plantae	2020	0	0	0	0									correct_baseline
5415012	Linaria purpurea	Magnoliopsida	220	Plantae	2021	0	0	0	0									correct_baseline
5415012	Linaria purpurea	Magnoliopsida	220	Plantae	2022	3	2	2908	66									correct_baseline
5415012	Linaria purpurea	Magnoliopsida	220	Plantae	2023	0	0	0	0									correct_baseline
5415012	Linaria purpurea	Magnoliopsida	220	Plantae	2024	1	1	2515	67									correct_baseline
5415039	Syringa vulgaris	Magnoliopsida	220	Plantae	1991	19	16	12427	52	0.030050263883181712	28.610228523984986	3.1562780377368276e-5	0	0	0	1	0.9313780126848669	correct_baseline
5415039	Syringa vulgaris	Magnoliopsida	220	Plantae	1992	0	0	0	0	0.030131112214101915	28.47069387965195	3.1888366581317056e-5	0	0	0	1	0.9353967155193063	correct_baseline
5415039	Syringa vulgaris	Magnoliopsida	220	Plantae	1993	0	0	0	0	0.03020550487860738	28.38329882961766	3.214469644449941e-5	0	0	0	1	0.9394205665919612	correct_baseline
5415039	Syringa vulgaris	Magnoliopsida	220	Plantae	1994	0	0	0	0	0.030273393034186816	28.338902193499813	3.23399375016216e-5	0	0	0	1	0.9434467361934693	correct_baseline
5415039	Syringa vulgaris	Magnoliopsida	220	Plantae	1995	0	0	0	0	0.03033473203860762	28.3292004386516	3.248224283092146e-5	0	0	0	1	0.9474714703207002	correct_baseline
5415039	Syringa vulgaris	Magnoliopsida	220	Plantae	1996	0	0	0	0	0.03038948149913802	28.34663037995443	3.2579554374107486e-5	0	0	0	1	0.9514897000886735	correct_baseline
5415039	Syringa vulgaris	Magnoliopsida	220	Plantae	1997	0	0	0	0	0.03043760531723083	28.3843005867715	3.2639444985277837e-5	0	0	0	1	0.9554944405050271	correct_baseline
5415039	Syringa vulgaris	Magnoliopsida	220	Plantae	1998	0	0	0	0	0.030479071728568955	28.435946048206237	3.266899620151208e-5	0	0	0	1	0.9594758380830806	correct_baseline
5415039	Syringa vulgaris	Magnoliopsida	220	Plantae	1999	0	0	0	0	0.030513853338380262	28.495901395634526	3.2674707587906703e-5	0	0	0	1	0.9634196144284798	correct_baseline
5415039	Syringa vulgaris	Magnoliopsida	220	Plantae	2000	0	0	0	0	0.030541927151938684	28.55908856589802	3.266243290649631e-5	0	0	0	1	0.9673044369786041	correct_baseline
5415039	Syringa vulgaris	Magnoliopsida	220	Plantae	2001	0	0	0	0	0.030563274600179387	28.62101526341881	3.2637338182754234e-5	0	0	0	1	0.9710973268961439	correct_baseline
5415039	Syringa vulgaris	Magnoliopsida	220	Plantae	2002	0	0	0	0	0.030577881560368378	28.67778098683815	3.260387688814009e-5	0	0	0	1	0.9747454061363027	correct_baseline
5415039	Syringa vulgaris	Magnoliopsida	220	Plantae	2003	0	0	0	0	0.030585738371779855	28.726087757722578	3.256577782665425e-5	0	0	0	1	0.9781608970900962	correct_baseline
5415039	Syringa vulgaris	Magnoliopsida	220	Plantae	2004	5	5	5043	63	0.030586839846347975	28.763253049075946	3.252604182808857e-5	0	0	0	1	0.9811949378621536	correct_baseline
5415039	Syringa vulgaris	Magnoliopsida	220	Plantae	2005	0	0	0	0	0.030581185274272987	28.787222776128935	3.248694394913663e-5	0	0	0	1	0.9836003573536772	correct_baseline
5415039	Syringa vulgaris	Magnoliopsida	220	Plantae	2006	0	0	0	0	0.03056877842457441	28.796582590996504	3.2450038521685187e-5	0	0	0	1	0.9850171965016908	correct_baseline
5415039	Syringa vulgaris	Magnoliopsida	220	Plantae	2007	0	0	0	0	0.030549627540597115	28.79056612059979	3.241616503683281e-5	0	0	0	1	0.985090122856127	correct_baseline
5415039	Syringa vulgaris	Magnoliopsida	220	Plantae	2008	0	0	0	0	0.03052374533048739	28.76905920342409	3.23854534975395e-5	0	0	0	1	0.9837416378346822	correct_baseline
5415039	Syringa vulgaris	Magnoliopsida	220	Plantae	2009	0	0	0	0	0.030491148952668662	28.7325996112822	3.2357328506007e-5	0	0	0	1	0.9812505439459958	correct_baseline
5415039	Syringa vulgaris	Magnoliopsida	220	Plantae	2010	0	0	0	0	0.030451859996356436	28.682372180778017	3.2330511974150795e-5	0	0	0	1	0.9780017540434515	correct_baseline
5415039	Syringa vulgaris	Magnoliopsida	220	Plantae	2011	0	0	0	0	0.030405904457163575	28.620199717730248	3.230302496056378e-5	0	0	0	1	0.9742903177885917	correct_baseline
5415039	Syringa vulgaris	Magnoliopsida	220	Plantae	2012	0	0	0	0	0.030353312707856427	28.54853046831231	3.22721897494356e-5	0	0	0	1	0.9702998817511523	correct_baseline
5415039	Syringa vulgaris	Magnoliopsida	220	Plantae	2013	0	0	0	0	0.0302941194643316	28.470423365985805	3.2234633897844646e-5	0	0	0	1	0.9661387733762615	correct_baseline
5415039	Syringa vulgaris	Magnoliopsida	220	Plantae	2014	1	1	905	66	0.03022836374689248	28.389532658474806	3.21862985843013e-5	0	0	0	1	0.9618715012058711	correct_baseline
5415039	Syringa vulgaris	Magnoliopsida	220	Plantae	2015	1	1	761	67	0.030156088836911937	28.31009389230013	3.2122454181865614e-5	0	0	0	1	0.9575377047841468	correct_baseline
5415039	Syringa vulgaris	Magnoliopsida	220	Plantae	2016	5	3	1027	65	0.030077342228974468	28.23691358623942	3.2037726531121606e-5	0	0	0	1	0.9531626460408704	correct_baseline
5415039	Syringa vulgaris	Magnoliopsida	220	Plantae	2017	3	2	1122	66	0.029992175578596934	28.175365267094477	3.192613786583035e-5	0	0	0	1	0.9487630007726157	correct_baseline
5415039	Syringa vulgaris	Magnoliopsida	220	Plantae	2018	10	8	2071	60	0.029900644645629592	28.13139488487459	3.178116669589396e-5	0	0	0	1	0.9443501332864069	correct_baseline
5415039	Syringa vulgaris	Magnoliopsida	220	Plantae	2019	8	6	1705	61	0.029802809233441193	28.111538990290317	3.159583111090693e-5	0	0	0	1	0.9399320088086248	correct_baseline
5415039	Syringa vulgaris	Magnoliopsida	220	Plantae	2020	21	16	2476	52	0.029698733123989022	28.122959473353102	3.1362799850621854e-5	0	0	0	1	0.9355143484898363	correct_baseline
5415039	Syringa vulgaris	Magnoliopsida	220	Plantae	2021	11	9	3516	59	0.02958848400887003	28.173499164835636	3.107453500259112e-5	0	0	0	1	0.931101349708993	correct_baseline
5415039	Syringa vulgaris	Magnoliopsida	220	Plantae	2022	9	8	2902	60	0.02947213341643829	28.27176323976972	3.072346923500246e-5	0	0	0	1	0.9266961487906971	correct_baseline
5415039	Syringa vulgaris	Magnoliopsida	220	Plantae	2023	1	1	1723	66	0.029349756635059246	28.427232194154048	3.0302218965740504e-5	0	0	0	1	0.9223011263648567	correct_baseline
5415039	Syringa vulgaris	Magnoliopsida	220	Plantae	2024	4	4	2512	64	0.02922143263254977	28.65041326866898	2.9803832743747147e-5	0	0	0	1	0.9179181139036157	correct_baseline
5415455	Acanthus mollis	Magnoliopsida	220	Plantae	2017	2	1	1123	67									correct_baseline
5415455	Acanthus mollis	Magnoliopsida	220	Plantae	2018	0	0	0	0									correct_baseline
5415455	Acanthus mollis	Magnoliopsida	220	Plantae	2019	0	0	0	0									correct_baseline
5415455	Acanthus mollis	Magnoliopsida	220	Plantae	2020	1	1	2496	67									correct_baseline
5415455	Acanthus mollis	Magnoliopsida	220	Plantae	2021	0	0	0	0									correct_baseline
5415455	Acanthus mollis	Magnoliopsida	220	Plantae	2022	0	0	0	0									correct_baseline
5415455	Acanthus mollis	Magnoliopsida	220	Plantae	2023	0	0	0	0									correct_baseline
5415455	Acanthus mollis	Magnoliopsida	220	Plantae	2024	1	1	2515	67									correct_baseline
6098843	Ctenolepisma longicaudatum	Insecta	216	Animalia	2015	1	1	1118	66									correct_baseline
6098843	Ctenolepisma longicaudatum	Insecta	216	Animalia	2016	0	0	0	0									correct_baseline
6098843	Ctenolepisma longicaudatum	Insecta	216	Animalia	2017	2	1	1516	67									correct_baseline
6098843	Ctenolepisma longicaudatum	Insecta	216	Animalia	2018	0	0	0	0									correct_baseline
6098843	Ctenolepisma longicaudatum	Insecta	216	Animalia	2019	0	0	0	0									correct_baseline
6098843	Ctenolepisma longicaudatum	Insecta	216	Animalia	2020	1	1	442	55									correct_baseline
6098843	Ctenolepisma longicaudatum	Insecta	216	Animalia	2021	0	0	0	0									correct_baseline
6098843	Ctenolepisma longicaudatum	Insecta	216	Animalia	2022	2	2	1671	59									correct_baseline
6098843	Ctenolepisma longicaudatum	Insecta	216	Animalia	2023	4	4	1994	57									correct_baseline
6098843	Ctenolepisma longicaudatum	Insecta	216	Animalia	2024	2	2	2784	66									correct_baseline
6376340	Thalictrum aquilegiifolium	Magnoliopsida	220	Plantae	2020	2	2	2495	66									correct_baseline
6376340	Thalictrum aquilegiifolium	Magnoliopsida	220	Plantae	2021	2	2	3525	66									correct_baseline
6376340	Thalictrum aquilegiifolium	Magnoliopsida	220	Plantae	2022	1	1	2910	67									correct_baseline
6376340	Thalictrum aquilegiifolium	Magnoliopsida	220	Plantae	2023	0	0	0	0									correct_baseline
6376340	Thalictrum aquilegiifolium	Magnoliopsida	220	Plantae	2024	1	1	2515	67									correct_baseline
6411098	Lamium galeobdolon subsp. argentatum (Smejkal) J.Duvign.	Magnoliopsida	220	Plantae	2001	1	1	456	20	1.3658900226037112	5.673645031574015	0.3288283887105969	1	-1	2	2	1.0549594397548985	correct_baseline
6411098	Lamium galeobdolon subsp. argentatum (Smejkal) J.Duvign.	Magnoliopsida	220	Plantae	2002	1	1	445	20	2.044786036215747	5.914126397444157	0.7069767625713627	0	-1	-1	0	0.9798225058241998	correct_baseline
6411098	Lamium galeobdolon subsp. argentatum (Smejkal) J.Duvign.	Magnoliopsida	220	Plantae	2003	7	7	4120	60	2.5890941858469176	6.630288201123085	1.0110282539529492	0	-1	-1	0	0.9073844531429786	correct_baseline
6411098	Lamium galeobdolon subsp. argentatum (Smejkal) J.Duvign.	Magnoliopsida	220	Plantae	2004	20	18	5028	50	2.783869065385483	7.287561479937786	1.0634458446141857	0	-1	-1	0	0.8359319667633247	correct_baseline
6411098	Lamium galeobdolon subsp. argentatum (Smejkal) J.Duvign.	Magnoliopsida	220	Plantae	2005	8	8	1583	59	2.567884932269008	7.069236023593487	0.9327787335670652	-1	-1	-4	0	0.7604693927023043	correct_baseline
6411098	Lamium galeobdolon subsp. argentatum (Smejkal) J.Duvign.	Magnoliopsida	220	Plantae	2006	2	2	195	14	2.069539561792579	5.863634495281187	0.7304333176413701	-1	-1	-4	0	0.6778807104459582	correct_baseline
6411098	Lamium galeobdolon subsp. argentatum (Smejkal) J.Duvign.	Magnoliopsida	220	Plantae	2007	1	1	46	18	1.49662591206562	4.27457625533809	0.5240026114562994	-1	-1	-4	0	0.6059005719093995	correct_baseline
6411098	Lamium galeobdolon subsp. argentatum (Smejkal) J.Duvign.	Magnoliopsida	220	Plantae	2008	2	2	183	36	1.0043350617900968	2.894688781925234	0.3484619564767328	-1	0	-3	0	0.5616157205614747	correct_baseline
6411098	Lamium galeobdolon subsp. argentatum (Smejkal) J.Duvign.	Magnoliopsida	220	Plantae	2009	1	1	325	41	0.6495470043798499	1.9296208049295618	0.21864985587893165	-1	0	-3	0	0.5474176019210442	correct_baseline
6411098	Lamium galeobdolon subsp. argentatum (Smejkal) J.Duvign.	Magnoliopsida	220	Plantae	2010	1	1	386	59	0.4208524449921332	1.3212723205455958	0.1340501709615163	-1	0	-3	0	0.5607392183561168	correct_baseline
6411098	Lamium galeobdolon subsp. argentatum (Smejkal) J.Duvign.	Magnoliopsida	220	Plantae	2011	0	0	0	0	0.2831926911495067	0.9516504010084194	0.08427264911097367	-1	1	-2	0	0.597494301444331	correct_baseline
6411098	Lamium galeobdolon subsp. argentatum (Smejkal) J.Duvign.	Magnoliopsida	220	Plantae	2012	0	0	0	0	0.20394728963624878	0.7307179541046303	0.05692277946138451	-1	1	-2	0	0.6513984082030617	correct_baseline
6411098	Lamium galeobdolon subsp. argentatum (Smejkal) J.Duvign.	Magnoliopsida	220	Plantae	2013	1	1	878	66	0.16061285035363454	0.6051427542546423	0.042628764068228304	-1	1	-2	0	0.7146687293212608	correct_baseline
6411098	Lamium galeobdolon subsp. argentatum (Smejkal) J.Duvign.	Magnoliopsida	220	Plantae	2014	0	0	0	0	0.1398998932960778	0.5472450067967961	0.03576456596436603	0	1	1	2	0.7820057159002824	correct_baseline
6411098	Lamium galeobdolon subsp. argentatum (Smejkal) J.Duvign.	Magnoliopsida	220	Plantae	2015	0	0	0	0	0.1348934417214994	0.5457709490458285	0.033340434574768124	0	1	1	2	0.8516843379023759	correct_baseline
6411098	Lamium galeobdolon subsp. argentatum (Smejkal) J.Duvign.	Magnoliopsida	220	Plantae	2016	0	0	0	0	0.14268927644053456	0.6003194034993136	0.0339156613836597	0	1	1	2	0.9223832220626064	correct_baseline
6411098	Lamium galeobdolon subsp. argentatum (Smejkal) J.Duvign.	Magnoliopsida	220	Plantae	2017	0	0	0	0	0.16278790101494772	0.7160013035976658	0.03701096713609224	0	0	0	1	0.9905405840717123	correct_baseline
6411098	Lamium galeobdolon subsp. argentatum (Smejkal) J.Duvign.	Magnoliopsida	220	Plantae	2018	2	1	2079	67	0.19586435013031991	0.8937839193816294	0.0429218324698817	1	0	3	3	1.0478239314600133	correct_baseline
6411098	Lamium galeobdolon subsp. argentatum (Smejkal) J.Duvign.	Magnoliopsida	220	Plantae	2019	0	0	0	0	0.24250083317025972	1.1150743221025836	0.05273787847377236	1	0	3	3	1.0762387789898178	correct_baseline
6411098	Lamium galeobdolon subsp. argentatum (Smejkal) J.Duvign.	Magnoliopsida	220	Plantae	2020	0	0	0	0	0.30177047080796787	1.3320782711028465	0.06836341304198909	1	0	3	3	1.0507159448597456	correct_baseline
6411098	Lamium galeobdolon subsp. argentatum (Smejkal) J.Duvign.	Magnoliopsida	220	Plantae	2021	4	2	3523	66	0.3700788556384514	1.4914809335734418	0.09182709366758511	0	0	0	1	0.970832511638055	correct_baseline
6411098	Lamium galeobdolon subsp. argentatum (Smejkal) J.Duvign.	Magnoliopsida	220	Plantae	2022	1	1	2910	67	0.44101900007237144	1.6068440835167865	0.12104332985385294	0	0	0	1	0.8646587494222625	correct_baseline
6411098	Lamium galeobdolon subsp. argentatum (Smejkal) J.Duvign.	Magnoliopsida	220	Plantae	2023	2	2	1722	65	0.5065964670889477	1.8538454111953848	0.13843655944403596	0	0	0	1	0.7560604466602978	correct_baseline
6411098	Lamium galeobdolon subsp. argentatum (Smejkal) J.Duvign.	Magnoliopsida	220	Plantae	2024	2	2	2514	66	0.5591222346760473	2.668149901616652	0.1171664579713904	0	0	0	1	0.6562371035910228	correct_baseline
7127810	Cyclamen hederifolium	Magnoliopsida	220	Plantae	2003	1	1	4126	66									correct_baseline
7127810	Cyclamen hederifolium	Magnoliopsida	220	Plantae	2004	0	0	0	0									correct_baseline
7127810	Cyclamen hederifolium	Magnoliopsida	220	Plantae	2005	0	0	0	0									correct_baseline
7127810	Cyclamen hederifolium	Magnoliopsida	220	Plantae	2006	0	0	0	0									correct_baseline
7127810	Cyclamen hederifolium	Magnoliopsida	220	Plantae	2007	0	0	0	0									correct_baseline
7127810	Cyclamen hederifolium	Magnoliopsida	220	Plantae	2008	0	0	0	0									correct_baseline
7127810	Cyclamen hederifolium	Magnoliopsida	220	Plantae	2009	0	0	0	0									correct_baseline
7127810	Cyclamen hederifolium	Magnoliopsida	220	Plantae	2010	0	0	0	0									correct_baseline
7127810	Cyclamen hederifolium	Magnoliopsida	220	Plantae	2011	0	0	0	0									correct_baseline
7127810	Cyclamen hederifolium	Magnoliopsida	220	Plantae	2012	0	0	0	0									correct_baseline
7127810	Cyclamen hederifolium	Magnoliopsida	220	Plantae	2013	2	2	877	65									correct_baseline
7127810	Cyclamen hederifolium	Magnoliopsida	220	Plantae	2014	0	0	0	0									correct_baseline
7127810	Cyclamen hederifolium	Magnoliopsida	220	Plantae	2015	0	0	0	0									correct_baseline
7127810	Cyclamen hederifolium	Magnoliopsida	220	Plantae	2016	0	0	0	0									correct_baseline
7127810	Cyclamen hederifolium	Magnoliopsida	220	Plantae	2017	2	2	1123	66									correct_baseline
7127810	Cyclamen hederifolium	Magnoliopsida	220	Plantae	2018	2	2	2079	66									correct_baseline
7127810	Cyclamen hederifolium	Magnoliopsida	220	Plantae	2019	15	10	1698	57									correct_baseline
7127810	Cyclamen hederifolium	Magnoliopsida	220	Plantae	2020	13	6	2484	62									correct_baseline
7127810	Cyclamen hederifolium	Magnoliopsida	220	Plantae	2021	12	8	3515	60									correct_baseline
7127810	Cyclamen hederifolium	Magnoliopsida	220	Plantae	2022	29	11	2882	57									correct_baseline
7127810	Cyclamen hederifolium	Magnoliopsida	220	Plantae	2023	10	6	1714	61									correct_baseline
7127810	Cyclamen hederifolium	Magnoliopsida	220	Plantae	2024	9	3	2507	65									correct_baseline
7291264	Bistorta amplexicaulis	Magnoliopsida	220	Plantae	2019	2	1	1711	66									correct_baseline
7291264	Bistorta amplexicaulis	Magnoliopsida	220	Plantae	2020	0	0	0	0									correct_baseline
7291264	Bistorta amplexicaulis	Magnoliopsida	220	Plantae	2021	1	1	3526	67									correct_baseline
7291264	Bistorta amplexicaulis	Magnoliopsida	220	Plantae	2022	1	1	2910	67									correct_baseline
7291264	Bistorta amplexicaulis	Magnoliopsida	220	Plantae	2023	0	0	0	0									correct_baseline
7291264	Bistorta amplexicaulis	Magnoliopsida	220	Plantae	2024	6	3	2510	65									correct_baseline
7327990	Rhododendron ponticum	Magnoliopsida	220	Plantae	2000	1	1	929	35									correct_baseline
7327990	Rhododendron ponticum	Magnoliopsida	220	Plantae	2001	0	0	0	0									correct_baseline
7327990	Rhododendron ponticum	Magnoliopsida	220	Plantae	2002	0	0	0	0									correct_baseline
7327990	Rhododendron ponticum	Magnoliopsida	220	Plantae	2003	0	0	0	0									correct_baseline
7327990	Rhododendron ponticum	Magnoliopsida	220	Plantae	2004	8	8	5040	60									correct_baseline
7327990	Rhododendron ponticum	Magnoliopsida	220	Plantae	2005	3	3	1588	64									correct_baseline
7327990	Rhododendron ponticum	Magnoliopsida	220	Plantae	2006	0	0	0	0									correct_baseline
7327990	Rhododendron ponticum	Magnoliopsida	220	Plantae	2007	0	0	0	0									correct_baseline
7327990	Rhododendron ponticum	Magnoliopsida	220	Plantae	2008	0	0	0	0									correct_baseline
7327990	Rhododendron ponticum	Magnoliopsida	220	Plantae	2009	0	0	0	0									correct_baseline
7327990	Rhododendron ponticum	Magnoliopsida	220	Plantae	2010	0	0	0	0									correct_baseline
7327990	Rhododendron ponticum	Magnoliopsida	220	Plantae	2011	0	0	0	0									correct_baseline
7327990	Rhododendron ponticum	Magnoliopsida	220	Plantae	2012	0	0	0	0									correct_baseline
7327990	Rhododendron ponticum	Magnoliopsida	220	Plantae	2013	0	0	0	0									correct_baseline
7327990	Rhododendron ponticum	Magnoliopsida	220	Plantae	2014	0	0	0	0									correct_baseline
7327990	Rhododendron ponticum	Magnoliopsida	220	Plantae	2015	0	0	0	0									correct_baseline
7327990	Rhododendron ponticum	Magnoliopsida	220	Plantae	2016	1	1	1031	67									correct_baseline
7327990	Rhododendron ponticum	Magnoliopsida	220	Plantae	2017	1	1	1124	67									correct_baseline
7327990	Rhododendron ponticum	Magnoliopsida	220	Plantae	2018	1	1	2080	67									correct_baseline
7327990	Rhododendron ponticum	Magnoliopsida	220	Plantae	2019	11	7	1702	60									correct_baseline
7327990	Rhododendron ponticum	Magnoliopsida	220	Plantae	2020	12	10	2485	58									correct_baseline
7327990	Rhododendron ponticum	Magnoliopsida	220	Plantae	2021	7	6	3520	62									correct_baseline
7327990	Rhododendron ponticum	Magnoliopsida	220	Plantae	2022	15	8	2896	60									correct_baseline
7327990	Rhododendron ponticum	Magnoliopsida	220	Plantae	2023	2	2	1722	65									correct_baseline
7327990	Rhododendron ponticum	Magnoliopsida	220	Plantae	2024	1	1	2515	67									correct_baseline
7346102	Erythranthe guttata	Magnoliopsida	220	Plantae	1994	1	1	6154	64									correct_baseline
7346102	Erythranthe guttata	Magnoliopsida	220	Plantae	1995	0	0	0	0									correct_baseline
7346102	Erythranthe guttata	Magnoliopsida	220	Plantae	1996	0	0	0	0									correct_baseline
7346102	Erythranthe guttata	Magnoliopsida	220	Plantae	1997	1	1	1291	56									correct_baseline
7346102	Erythranthe guttata	Magnoliopsida	220	Plantae	1998	0	0	0	0									correct_baseline
7346102	Erythranthe guttata	Magnoliopsida	220	Plantae	1999	0	0	0	0									correct_baseline
7346102	Erythranthe guttata	Magnoliopsida	220	Plantae	2000	0	0	0	0									correct_baseline
7346102	Erythranthe guttata	Magnoliopsida	220	Plantae	2001	0	0	0	0									correct_baseline
7346102	Erythranthe guttata	Magnoliopsida	220	Plantae	2002	0	0	0	0									correct_baseline
7346102	Erythranthe guttata	Magnoliopsida	220	Plantae	2003	1	1	4126	66									correct_baseline
7346102	Erythranthe guttata	Magnoliopsida	220	Plantae	2004	0	0	0	0									correct_baseline
7346102	Erythranthe guttata	Magnoliopsida	220	Plantae	2005	0	0	0	0									correct_baseline
7346102	Erythranthe guttata	Magnoliopsida	220	Plantae	2006	0	0	0	0									correct_baseline
7346102	Erythranthe guttata	Magnoliopsida	220	Plantae	2007	1	1	46	18									correct_baseline
7346102	Erythranthe guttata	Magnoliopsida	220	Plantae	2008	0	0	0	0									correct_baseline
7346102	Erythranthe guttata	Magnoliopsida	220	Plantae	2009	0	0	0	0									correct_baseline
7346102	Erythranthe guttata	Magnoliopsida	220	Plantae	2010	0	0	0	0									correct_baseline
7346102	Erythranthe guttata	Magnoliopsida	220	Plantae	2011	1	1	396	67									correct_baseline
7346102	Erythranthe guttata	Magnoliopsida	220	Plantae	2012	0	0	0	0									correct_baseline
7346102	Erythranthe guttata	Magnoliopsida	220	Plantae	2013	3	1	876	66									correct_baseline
7346102	Erythranthe guttata	Magnoliopsida	220	Plantae	2014	1	1	905	66									correct_baseline
7346102	Erythranthe guttata	Magnoliopsida	220	Plantae	2015	2	1	760	67									correct_baseline
7346102	Erythranthe guttata	Magnoliopsida	220	Plantae	2016	1	1	1031	67									correct_baseline
7346102	Erythranthe guttata	Magnoliopsida	220	Plantae	2017	0	0	0	0									correct_baseline
7346102	Erythranthe guttata	Magnoliopsida	220	Plantae	2018	0	0	0	0									correct_baseline
7346102	Erythranthe guttata	Magnoliopsida	220	Plantae	2019	0	0	0	0									correct_baseline
7346102	Erythranthe guttata	Magnoliopsida	220	Plantae	2020	2	1	2495	67									correct_baseline
7346102	Erythranthe guttata	Magnoliopsida	220	Plantae	2021	4	1	3523	67									correct_baseline
7346102	Erythranthe guttata	Magnoliopsida	220	Plantae	2022	5	1	2906	67									correct_baseline
7346102	Erythranthe guttata	Magnoliopsida	220	Plantae	2023	1	1	1723	66									correct_baseline
7346102	Erythranthe guttata	Magnoliopsida	220	Plantae	2024	1	1	2515	67									correct_baseline
7443846	Dipsacus strigosus	Magnoliopsida	220	Plantae	2010	1	1	386	59									correct_baseline
7443846	Dipsacus strigosus	Magnoliopsida	220	Plantae	2011	0	0	0	0									correct_baseline
7443846	Dipsacus strigosus	Magnoliopsida	220	Plantae	2012	2	2	911	66									correct_baseline
7443846	Dipsacus strigosus	Magnoliopsida	220	Plantae	2013	1	1	878	66									correct_baseline
7443846	Dipsacus strigosus	Magnoliopsida	220	Plantae	2014	2	1	904	66									correct_baseline
7443846	Dipsacus strigosus	Magnoliopsida	220	Plantae	2015	0	0	0	0									correct_baseline
7443846	Dipsacus strigosus	Magnoliopsida	220	Plantae	2016	0	0	0	0									correct_baseline
7443846	Dipsacus strigosus	Magnoliopsida	220	Plantae	2017	2	1	1123	67									correct_baseline
7443846	Dipsacus strigosus	Magnoliopsida	220	Plantae	2018	1	1	2080	67									correct_baseline
7443846	Dipsacus strigosus	Magnoliopsida	220	Plantae	2019	2	1	1711	66									correct_baseline
7443846	Dipsacus strigosus	Magnoliopsida	220	Plantae	2020	3	2	2494	66									correct_baseline
7443846	Dipsacus strigosus	Magnoliopsida	220	Plantae	2021	0	0	0	0									correct_baseline
7443846	Dipsacus strigosus	Magnoliopsida	220	Plantae	2022	0	0	0	0									correct_baseline
7443846	Dipsacus strigosus	Magnoliopsida	220	Plantae	2023	0	0	0	0									correct_baseline
7443846	Dipsacus strigosus	Magnoliopsida	220	Plantae	2024	1	1	2515	67									correct_baseline
7540164	Arion vulgaris	Gastropoda	225	Animalia	2013	1	1	3	2									correct_baseline
7540164	Arion vulgaris	Gastropoda	225	Animalia	2014	5	3	8	4									correct_baseline
7540164	Arion vulgaris	Gastropoda	225	Animalia	2015	1	1	5	3									correct_baseline
7540164	Arion vulgaris	Gastropoda	225	Animalia	2016	1	1	3	2									correct_baseline
7540164	Arion vulgaris	Gastropoda	225	Animalia	2017	0	0	0	0									correct_baseline
7540164	Arion vulgaris	Gastropoda	225	Animalia	2018	0	0	0	0									correct_baseline
7540164	Arion vulgaris	Gastropoda	225	Animalia	2019	1	1	51	10									correct_baseline
7540164	Arion vulgaris	Gastropoda	225	Animalia	2020	13	2	97	9									correct_baseline
7540164	Arion vulgaris	Gastropoda	225	Animalia	2021	6	6	94	25									correct_baseline
7540164	Arion vulgaris	Gastropoda	225	Animalia	2022	9	8	56	15									correct_baseline
7540164	Arion vulgaris	Gastropoda	225	Animalia	2023	0	0	0	0									correct_baseline
7540164	Arion vulgaris	Gastropoda	225	Animalia	2024	4	3	254	42									correct_baseline
7795888	Triticum aestivum	Liliopsida	196	Plantae	1986	1	1	334	30									correct_baseline
7795888	Triticum aestivum	Liliopsida	196	Plantae	1987	0	0	0	0									correct_baseline
7795888	Triticum aestivum	Liliopsida	196	Plantae	1988	0	0	0	0									correct_baseline
7795888	Triticum aestivum	Liliopsida	196	Plantae	1989	0	0	0	0									correct_baseline
7795888	Triticum aestivum	Liliopsida	196	Plantae	1990	0	0	0	0									correct_baseline
7795888	Triticum aestivum	Liliopsida	196	Plantae	1991	0	0	0	0									correct_baseline
7795888	Triticum aestivum	Liliopsida	196	Plantae	1992	0	0	0	0									correct_baseline
7795888	Triticum aestivum	Liliopsida	196	Plantae	1993	0	0	0	0									correct_baseline
7795888	Triticum aestivum	Liliopsida	196	Plantae	1994	0	0	0	0									correct_baseline
7795888	Triticum aestivum	Liliopsida	196	Plantae	1995	0	0	0	0									correct_baseline
7795888	Triticum aestivum	Liliopsida	196	Plantae	1996	0	0	0	0									correct_baseline
7795888	Triticum aestivum	Liliopsida	196	Plantae	1997	0	0	0	0									correct_baseline
7795888	Triticum aestivum	Liliopsida	196	Plantae	1998	0	0	0	0									correct_baseline
7795888	Triticum aestivum	Liliopsida	196	Plantae	1999	0	0	0	0									correct_baseline
7795888	Triticum aestivum	Liliopsida	196	Plantae	2000	0	0	0	0									correct_baseline
7795888	Triticum aestivum	Liliopsida	196	Plantae	2001	0	0	0	0									correct_baseline
7795888	Triticum aestivum	Liliopsida	196	Plantae	2002	0	0	0	0									correct_baseline
7795888	Triticum aestivum	Liliopsida	196	Plantae	2003	0	0	0	0									correct_baseline
7795888	Triticum aestivum	Liliopsida	196	Plantae	2004	0	0	0	0									correct_baseline
7795888	Triticum aestivum	Liliopsida	196	Plantae	2005	0	0	0	0									correct_baseline
7795888	Triticum aestivum	Liliopsida	196	Plantae	2006	0	0	0	0									correct_baseline
7795888	Triticum aestivum	Liliopsida	196	Plantae	2007	0	0	0	0									correct_baseline
7795888	Triticum aestivum	Liliopsida	196	Plantae	2008	0	0	0	0									correct_baseline
7795888	Triticum aestivum	Liliopsida	196	Plantae	2009	1	1	81	20									correct_baseline
7795888	Triticum aestivum	Liliopsida	196	Plantae	2010	0	0	0	0									correct_baseline
7795888	Triticum aestivum	Liliopsida	196	Plantae	2011	0	0	0	0									correct_baseline
7795888	Triticum aestivum	Liliopsida	196	Plantae	2012	1	1	191	58									correct_baseline
7795888	Triticum aestivum	Liliopsida	196	Plantae	2013	0	0	0	0									correct_baseline
7795888	Triticum aestivum	Liliopsida	196	Plantae	2014	0	0	0	0									correct_baseline
7795888	Triticum aestivum	Liliopsida	196	Plantae	2015	0	0	0	0									correct_baseline
7795888	Triticum aestivum	Liliopsida	196	Plantae	2016	0	0	0	0									correct_baseline
7795888	Triticum aestivum	Liliopsida	196	Plantae	2017	1	1	202	52									correct_baseline
7795888	Triticum aestivum	Liliopsida	196	Plantae	2018	0	0	0	0									correct_baseline
7795888	Triticum aestivum	Liliopsida	196	Plantae	2019	0	0	0	0									correct_baseline
7795888	Triticum aestivum	Liliopsida	196	Plantae	2020	7	3	199	48									correct_baseline
7795888	Triticum aestivum	Liliopsida	196	Plantae	2021	4	4	571	56									correct_baseline
7795888	Triticum aestivum	Liliopsida	196	Plantae	2022	6	5	539	56									correct_baseline
7795888	Triticum aestivum	Liliopsida	196	Plantae	2023	0	0	0	0									correct_baseline
7795888	Triticum aestivum	Liliopsida	196	Plantae	2024	5	3	448	50									correct_baseline
7844167	Colutea arborescens	Magnoliopsida	220	Plantae	1992	1	1	5419	53									correct_baseline
7844167	Colutea arborescens	Magnoliopsida	220	Plantae	1993	0	0	0	0									correct_baseline
7844167	Colutea arborescens	Magnoliopsida	220	Plantae	1994	0	0	0	0									correct_baseline
7844167	Colutea arborescens	Magnoliopsida	220	Plantae	1995	0	0	0	0									correct_baseline
7844167	Colutea arborescens	Magnoliopsida	220	Plantae	1996	0	0	0	0									correct_baseline
7844167	Colutea arborescens	Magnoliopsida	220	Plantae	1997	0	0	0	0									correct_baseline
7844167	Colutea arborescens	Magnoliopsida	220	Plantae	1998	0	0	0	0									correct_baseline
7844167	Colutea arborescens	Magnoliopsida	220	Plantae	1999	0	0	0	0									correct_baseline
7844167	Colutea arborescens	Magnoliopsida	220	Plantae	2000	0	0	0	0									correct_baseline
7844167	Colutea arborescens	Magnoliopsida	220	Plantae	2001	0	0	0	0									correct_baseline
7844167	Colutea arborescens	Magnoliopsida	220	Plantae	2002	0	0	0	0									correct_baseline
7844167	Colutea arborescens	Magnoliopsida	220	Plantae	2003	0	0	0	0									correct_baseline
7844167	Colutea arborescens	Magnoliopsida	220	Plantae	2004	0	0	0	0									correct_baseline
7844167	Colutea arborescens	Magnoliopsida	220	Plantae	2005	0	0	0	0									correct_baseline
7844167	Colutea arborescens	Magnoliopsida	220	Plantae	2006	0	0	0	0									correct_baseline
7844167	Colutea arborescens	Magnoliopsida	220	Plantae	2007	0	0	0	0									correct_baseline
7844167	Colutea arborescens	Magnoliopsida	220	Plantae	2008	0	0	0	0									correct_baseline
7844167	Colutea arborescens	Magnoliopsida	220	Plantae	2009	0	0	0	0									correct_baseline
7844167	Colutea arborescens	Magnoliopsida	220	Plantae	2010	0	0	0	0									correct_baseline
7844167	Colutea arborescens	Magnoliopsida	220	Plantae	2011	0	0	0	0									correct_baseline
7844167	Colutea arborescens	Magnoliopsida	220	Plantae	2012	0	0	0	0									correct_baseline
7844167	Colutea arborescens	Magnoliopsida	220	Plantae	2013	0	0	0	0									correct_baseline
7844167	Colutea arborescens	Magnoliopsida	220	Plantae	2014	1	1	905	66									correct_baseline
7844167	Colutea arborescens	Magnoliopsida	220	Plantae	2015	0	0	0	0									correct_baseline
7844167	Colutea arborescens	Magnoliopsida	220	Plantae	2016	0	0	0	0									correct_baseline
7844167	Colutea arborescens	Magnoliopsida	220	Plantae	2017	0	0	0	0									correct_baseline
7844167	Colutea arborescens	Magnoliopsida	220	Plantae	2018	2	2	2079	66									correct_baseline
7844167	Colutea arborescens	Magnoliopsida	220	Plantae	2019	0	0	0	0									correct_baseline
7844167	Colutea arborescens	Magnoliopsida	220	Plantae	2020	0	0	0	0									correct_baseline
7844167	Colutea arborescens	Magnoliopsida	220	Plantae	2021	1	1	3526	67									correct_baseline
7844167	Colutea arborescens	Magnoliopsida	220	Plantae	2022	0	0	0	0									correct_baseline
7844167	Colutea arborescens	Magnoliopsida	220	Plantae	2023	2	1	1722	66									correct_baseline
7844167	Colutea arborescens	Magnoliopsida	220	Plantae	2024	3	1	2513	67									correct_baseline
8002952	Ambrosia artemisiifolia	Magnoliopsida	220	Plantae	2003	1	1	4126	66									correct_baseline
8002952	Ambrosia artemisiifolia	Magnoliopsida	220	Plantae	2004	2	2	5046	66									correct_baseline
8002952	Ambrosia artemisiifolia	Magnoliopsida	220	Plantae	2005	0	0	0	0									correct_baseline
8002952	Ambrosia artemisiifolia	Magnoliopsida	220	Plantae	2006	0	0	0	0									correct_baseline
8002952	Ambrosia artemisiifolia	Magnoliopsida	220	Plantae	2007	0	0	0	0									correct_baseline
8002952	Ambrosia artemisiifolia	Magnoliopsida	220	Plantae	2008	0	0	0	0									correct_baseline
8002952	Ambrosia artemisiifolia	Magnoliopsida	220	Plantae	2009	0	0	0	0									correct_baseline
8002952	Ambrosia artemisiifolia	Magnoliopsida	220	Plantae	2010	0	0	0	0									correct_baseline
8002952	Ambrosia artemisiifolia	Magnoliopsida	220	Plantae	2011	0	0	0	0									correct_baseline
8002952	Ambrosia artemisiifolia	Magnoliopsida	220	Plantae	2012	0	0	0	0									correct_baseline
8002952	Ambrosia artemisiifolia	Magnoliopsida	220	Plantae	2013	1	1	878	66									correct_baseline
8002952	Ambrosia artemisiifolia	Magnoliopsida	220	Plantae	2014	0	0	0	0									correct_baseline
8002952	Ambrosia artemisiifolia	Magnoliopsida	220	Plantae	2015	0	0	0	0									correct_baseline
8002952	Ambrosia artemisiifolia	Magnoliopsida	220	Plantae	2016	0	0	0	0									correct_baseline
8002952	Ambrosia artemisiifolia	Magnoliopsida	220	Plantae	2017	0	0	0	0									correct_baseline
8002952	Ambrosia artemisiifolia	Magnoliopsida	220	Plantae	2018	0	0	0	0									correct_baseline
8002952	Ambrosia artemisiifolia	Magnoliopsida	220	Plantae	2019	0	0	0	0									correct_baseline
8002952	Ambrosia artemisiifolia	Magnoliopsida	220	Plantae	2020	0	0	0	0									correct_baseline
8002952	Ambrosia artemisiifolia	Magnoliopsida	220	Plantae	2021	1	1	3526	67									correct_baseline
8002952	Ambrosia artemisiifolia	Magnoliopsida	220	Plantae	2022	0	0	0	0									correct_baseline
8002952	Ambrosia artemisiifolia	Magnoliopsida	220	Plantae	2023	1	1	1723	66									correct_baseline
8002952	Ambrosia artemisiifolia	Magnoliopsida	220	Plantae	2024	1	1	2515	67									correct_baseline
8012439	Symphoricarpos albus	Magnoliopsida	220	Plantae	1980	6	3	905	34	1.4239940147069179	5.057876183511138	0.40091114933412053	1	0	3	3	1.0353648922161711	correct_baseline
8012439	Symphoricarpos albus	Magnoliopsida	220	Plantae	1981	2	2	493	24	1.7086442631474383	5.121656154471793	0.5700236661607251	1	0	3	3	1.0348846490338344	correct_baseline
8012439	Symphoricarpos albus	Magnoliopsida	220	Plantae	1982	0	0	0	0	2.018738974835326	5.281469740737747	0.7716236670040867	1	0	3	3	1.0341870741587855	correct_baseline
8012439	Symphoricarpos albus	Magnoliopsida	220	Plantae	1983	1	1	531	27	2.348507366776316	5.545843234545271	0.9945262818549299	1	0	3	3	1.0331537874649606	correct_baseline
8012439	Symphoricarpos albus	Magnoliopsida	220	Plantae	1984	2	2	669	22	2.6901875054499644	5.917032279518525	1.2230977409959298	1	0	3	3	1.0316026961500038	correct_baseline
8012439	Symphoricarpos albus	Magnoliopsida	220	Plantae	1985	0	0	0	0	3.034204169291273	6.384086455613585	1.442084941197699	1	0	3	3	1.0292834038988579	correct_baseline
8012439	Symphoricarpos albus	Magnoliopsida	220	Plantae	1986	2	2	1407	35	3.369533469649012	6.9186887027680974	1.641027121012452	1	0	3	3	1.0258771285274284	correct_baseline
8012439	Symphoricarpos albus	Magnoliopsida	220	Plantae	1987	4	4	503	30	3.6842562327346706	7.477067269921392	1.8153834248687954	1	0	3	3	1.021003046393326	correct_baseline
8012439	Symphoricarpos albus	Magnoliopsida	220	Plantae	1988	0	0	0	0	3.9662783849624343	8.0073798651688	1.9646082104147295	1	0	3	3	1.0142465031297732	correct_baseline
8012439	Symphoricarpos albus	Magnoliopsida	220	Plantae	1989	1	1	160	43	4.204168794953762	8.459118345544843	2.0894654187894015	0	0	0	1	1.0052492168724716	correct_baseline
8012439	Symphoricarpos albus	Magnoliopsida	220	Plantae	1990	2	2	249	38	4.388037812733411	8.791293166040743	2.1902211065325976	0	0	0	1	0.9939015323821803	correct_baseline
8012439	Symphoricarpos albus	Magnoliopsida	220	Plantae	1991	45	29	12401	39	4.510359351507715	8.97762189774068	2.2660055983035696	0	0	0	1	0.9805539965492724	correct_baseline
8012439	Symphoricarpos albus	Magnoliopsida	220	Plantae	1992	16	13	5404	41	4.566632214191106	9.008192279734724	2.315018278040362	0	0	0	1	0.9659997693209164	correct_baseline
8012439	Symphoricarpos albus	Magnoliopsida	220	Plantae	1993	29	21	4497	42	4.555787098902478	8.887975764980991	2.3351994469092303	0	0	0	1	0.9511687374166524	correct_baseline
8012439	Symphoricarpos albus	Magnoliopsida	220	Plantae	1994	36	22	6119	43	4.480275201200416	8.633213749205847	2.325074585386918	0	0	0	1	0.9368250545641101	correct_baseline
8012439	Symphoricarpos albus	Magnoliopsida	220	Plantae	1995	7	7	1343	30	4.345818617779565	8.266995479172621	2.28452277568315	0	0	0	1	0.9234617580405555	correct_baseline
8012439	Symphoricarpos albus	Magnoliopsida	220	Plantae	1996	4	4	867	36	4.160853478193204	7.815227401285055	2.2152524524296964	0	0	0	1	0.9113302094951239	correct_baseline
8012439	Symphoricarpos albus	Magnoliopsida	220	Plantae	1997	7	7	1285	50	3.9357430954973776	7.303741684154014	2.1208408489257082	-1	0	-3	0	0.9005051090907586	correct_baseline
8012439	Symphoricarpos albus	Magnoliopsida	220	Plantae	1998	3	3	646	33	3.681870251770355	6.756711740140271	2.006326312596262	-1	0	-3	0	0.890947185386609	correct_baseline
8012439	Symphoricarpos albus	Magnoliopsida	220	Plantae	1999	2	2	682	33	3.410728460790471	6.19606663337852	1.8774924999318459	-1	0	-3	0	0.8825630722161184	correct_baseline
8012439	Symphoricarpos albus	Magnoliopsida	220	Plantae	2000	3	3	927	33	3.1331206033676318	5.641382092916244	1.74007797266082	-1	0	-3	0	0.87526808473996	correct_baseline
8012439	Symphoricarpos albus	Magnoliopsida	220	Plantae	2001	3	3	454	18	2.8585441548046107	5.1097920282315	1.599140364191238	-1	0	-3	0	0.8690469648886813	correct_baseline
8012439	Symphoricarpos albus	Magnoliopsida	220	Plantae	2002	2	2	444	19	2.594803556142625	4.615700463152002	1.4587180317963115	-1	0	-3	0	0.8639943787152453	correct_baseline
8012439	Symphoricarpos albus	Magnoliopsida	220	Plantae	2003	15	14	4112	53	2.347851430696232	4.170323496483387	1.3218174430042815	-1	0	-3	0	0.8603182756338218	correct_baseline
8012439	Symphoricarpos albus	Magnoliopsida	220	Plantae	2004	20	17	5028	51	2.1218290428475957	3.781246920979412	1.1906544537179824	-1	0	-3	0	0.8583087085284601	correct_baseline
8012439	Symphoricarpos albus	Magnoliopsida	220	Plantae	2005	4	4	1587	63	1.9192570804844649	3.452224421076866	1.0670070342184557	-1	0	-3	0	0.858292378675514	correct_baseline
8012439	Symphoricarpos albus	Magnoliopsida	220	Plantae	2006	0	0	0	0	1.7413212917556926	3.1833882299170444	0.9525070843152329	-1	0	-3	0	0.8605924075014703	correct_baseline
8012439	Symphoricarpos albus	Magnoliopsida	220	Plantae	2007	0	0	0	0	1.5882015819419244	2.9719196455530854	0.8487390527725408	-1	0	-3	0	0.8655005055930934	correct_baseline
8012439	Symphoricarpos albus	Magnoliopsida	220	Plantae	2008	1	1	184	37	1.459404177090535	2.8130579353843097	0.7571335539587202	-1	0	-3	0	0.873258456965456	correct_baseline
8012439	Symphoricarpos albus	Magnoliopsida	220	Plantae	2009	2	2	324	40	1.3540704972571898	2.701193329593398	0.6787766323332085	-1	0	-3	0	0.8840414466160541	correct_baseline
8012439	Symphoricarpos albus	Magnoliopsida	220	Plantae	2010	1	1	386	59	1.2712503563980284	2.6307887842860724	0.6142938871775202	0	0	0	1	0.8979335971313837	correct_baseline
8012439	Symphoricarpos albus	Magnoliopsida	220	Plantae	2011	2	2	395	66	1.210139170785725	2.5970047754697645	0.5638945397799912	0	0	0	1	0.9148811946329749	correct_baseline
8012439	Symphoricarpos albus	Magnoliopsida	220	Plantae	2012	0	0	0	0	1.1702884268901481	2.596058042785924	0.5275594688334769	0	0	0	1	0.9345966634320597	correct_baseline
8012439	Symphoricarpos albus	Magnoliopsida	220	Plantae	2013	3	3	876	64	1.1518061643941575	2.6254411231782258	0.5053083950823459	0	0	0	1	0.9563681191307726	correct_baseline
8012439	Symphoricarpos albus	Magnoliopsida	220	Plantae	2014	0	0	0	0	1.1555708229581525	2.684160989392228	0.49749025194444185	0	0	0	1	0.9787732557776677	correct_baseline
8012439	Symphoricarpos albus	Magnoliopsida	220	Plantae	2015	2	2	760	66	1.1834891586397764	2.77317004943211	0.5050705739825477	0	0	0	1	0.999688183653732	correct_baseline
8012439	Symphoricarpos albus	Magnoliopsida	220	Plantae	2016	1	1	1031	67	1.2388392560294166	2.8962163121410813	0.5299061039901908	1	0	3	3	1.017434118714058	correct_baseline
8012439	Symphoricarpos albus	Magnoliopsida	220	Plantae	2017	1	1	1124	67	1.326755931272574	3.0614921199122125	0.5749749573804002	1	0	3	3	1.0319949057512356	correct_baseline
8012439	Symphoricarpos albus	Magnoliopsida	220	Plantae	2018	2	2	2079	66	1.4549424363490635	3.284810257127621	0.6444382863503415	1	0	3	3	1.0443067368548873	correct_baseline
8012439	Symphoricarpos albus	Magnoliopsida	220	Plantae	2019	9	8	1704	59	1.6347363042013483	3.5957602253383105	0.7431982715205798	1	0	3	3	1.0552170470338043	correct_baseline
8012439	Symphoricarpos albus	Magnoliopsida	220	Plantae	2020	4	3	2493	65	1.882730007836774	4.049650069804545	0.8753033524647578	1	0	3	3	1.0652665273727915	correct_baseline
8012439	Symphoricarpos albus	Magnoliopsida	220	Plantae	2021	12	9	3515	59	2.2232686815915512	4.750157654723758	1.0405809637981975	1	0	3	3	1.074783024071854	correct_baseline
8012439	Symphoricarpos albus	Magnoliopsida	220	Plantae	2022	28	16	2883	52	2.6923520201273528	5.89045818629792	1.2305934735510946	1	0	3	3	1.0839718859055947	correct_baseline
8012439	Symphoricarpos albus	Magnoliopsida	220	Plantae	2023	24	13	1700	54	3.3438165286308865	7.827047532899256	1.4285219209603368	1	0	3	3	1.0929657190351711	correct_baseline
8012439	Symphoricarpos albus	Magnoliopsida	220	Plantae	2024	32	17	2484	51	4.259275785194361	11.224254487667038	1.6162703932164437	1	0	3	3	1.1018497168016492	correct_baseline
8014163	Ambigolimax valentianus	Gastropoda	225	Animalia	2012	2	1	13	6									correct_baseline
8014163	Ambigolimax valentianus	Gastropoda	225	Animalia	2013	2	1	2	2									correct_baseline
8014163	Ambigolimax valentianus	Gastropoda	225	Animalia	2014	1	1	12	6									correct_baseline
8014163	Ambigolimax valentianus	Gastropoda	225	Animalia	2015	1	1	5	3									correct_baseline
8014163	Ambigolimax valentianus	Gastropoda	225	Animalia	2016	2	2	2	1									correct_baseline
8014163	Ambigolimax valentianus	Gastropoda	225	Animalia	2017	7	1	0	0									correct_baseline
8014163	Ambigolimax valentianus	Gastropoda	225	Animalia	2018	11	2	4	1									correct_baseline
8014163	Ambigolimax valentianus	Gastropoda	225	Animalia	2019	37	2	15	9									correct_baseline
8014163	Ambigolimax valentianus	Gastropoda	225	Animalia	2020	66	3	44	8									correct_baseline
8014163	Ambigolimax valentianus	Gastropoda	225	Animalia	2021	9	5	91	26									correct_baseline
8014163	Ambigolimax valentianus	Gastropoda	225	Animalia	2022	10	2	55	21									correct_baseline
8014163	Ambigolimax valentianus	Gastropoda	225	Animalia	2023	15	9	154	36									correct_baseline
8014163	Ambigolimax valentianus	Gastropoda	225	Animalia	2024	15	11	243	34									correct_baseline
8080743	Scilla siberica	Liliopsida	196	Plantae	2004	1	1	1213	65	0.08667423830653759	1.296024670290979	0.0057965127965749295	0	0	0	1	0.8608834173743946	correct_baseline
8080743	Scilla siberica	Liliopsida	196	Plantae	2005	1	1	467	59	0.09304604911860302	1.162879686721271	0.0074449380752289315	0	0	0	1	0.875895583864636	correct_baseline
8080743	Scilla siberica	Liliopsida	196	Plantae	2006	0	0	0	0	0.09965961535172391	1.0825444374118616	0.009174717072861235	0	0	0	1	0.8909941942950929	correct_baseline
8080743	Scilla siberica	Liliopsida	196	Plantae	2007	0	0	0	0	0.10650103847913879	1.0411063058002834	0.010894633078239032	0	0	0	1	0.9061115208457393	correct_baseline
8080743	Scilla siberica	Liliopsida	196	Plantae	2008	0	0	0	0	0.11355384513706296	1.0286731144978563	0.012535056631383313	0	0	0	1	0.9211427948570742	correct_baseline
8080743	Scilla siberica	Liliopsida	196	Plantae	2009	0	0	0	0	0.12079896500695744	1.0376440820222332	0.014063001176967604	0	0	0	1	0.9359212255734654	correct_baseline
8080743	Scilla siberica	Liliopsida	196	Plantae	2010	0	0	0	0	0.12821473761876917	1.061691206500949	0.015483804369849152	0	0	0	1	0.950172581995935	correct_baseline
8080743	Scilla siberica	Liliopsida	196	Plantae	2011	0	0	0	0	0.13577694989430106	1.095235391067094	0.016832345149692295	0	0	0	1	0.9634322630360952	correct_baseline
8080743	Scilla siberica	Liliopsida	196	Plantae	2012	0	0	0	0	0.14345890586644325	1.133282002492601	0.018160049861491914	0	0	0	1	0.9749033274829967	correct_baseline
8080743	Scilla siberica	Liliopsida	196	Plantae	2013	1	1	214	58	0.15123152957461095	1.1715160899600403	0.01952254495988744	0	0	0	1	0.9832768286145874	correct_baseline
8080743	Scilla siberica	Liliopsida	196	Plantae	2014	2	1	209	57	0.15906350165531372	1.2065694535323181	0.020969532657054205	0	0	0	1	0.9867673456110398	correct_baseline
8080743	Scilla siberica	Liliopsida	196	Plantae	2015	0	0	0	0	0.1669214296267151	1.2363756414951632	0.022535840025877284	0	0	0	1	0.9839474425542484	correct_baseline
8080743	Scilla siberica	Liliopsida	196	Plantae	2016	0	0	0	0	0.17477005131605614	1.2605376251076696	0.024231383679965846	0	0	0	1	0.9750286116708995	correct_baseline
8080743	Scilla siberica	Liliopsida	196	Plantae	2017	1	1	202	52	0.18257247030880483	1.2806552775614453	0.02602785269282594	0	0	0	1	0.96166943215122	correct_baseline
8080743	Scilla siberica	Liliopsida	196	Plantae	2018	0	0	0	0	0.19029042171924396	1.3005992219874023	0.027841354958490393	0	0	0	1	0.9456343888035286	correct_baseline
8080743	Scilla siberica	Liliopsida	196	Plantae	2019	1	1	142	40	0.19788456600562226	1.3267723251303398	0.02951395708331995	0	0	0	1	0.9281436732466241	correct_baseline
8080743	Scilla siberica	Liliopsida	196	Plantae	2020	2	1	204	50	0.20531480799130122	1.3684669464460302	0.030803937566764885	0	0	0	1	0.9099245317266337	correct_baseline
8080743	Scilla siberica	Liliopsida	196	Plantae	2021	5	3	570	57	0.21254063771932213	1.4385086383539842	0.031403024964678714	0	0	0	1	0.8913977650531384	correct_baseline
8080743	Scilla siberica	Liliopsida	196	Plantae	2022	2	1	543	60	0.21952148927454682	1.5544979465448248	0.03100015947941646	0	0	0	1	0.8728105720261168	correct_baseline
8080743	Scilla siberica	Liliopsida	196	Plantae	2023	4	1	222	43	0.22621711326809912	1.7411725310920294	0.029390644190358625	0	0	0	1	0.8543121918978742	correct_baseline
8080743	Scilla siberica	Liliopsida	196	Plantae	2024	9	1	444	52	0.2325879583061365	2.0347890901936414	0.026586125613573496	0	0	0	1	0.8359951261699121	correct_baseline
8190077	Populus canadensis	Magnoliopsida	220	Plantae	2010	1	1	386	59									correct_baseline
8190077	Populus canadensis	Magnoliopsida	220	Plantae	2011	0	0	0	0									correct_baseline
8190077	Populus canadensis	Magnoliopsida	220	Plantae	2012	0	0	0	0									correct_baseline
8190077	Populus canadensis	Magnoliopsida	220	Plantae	2013	1	1	878	66									correct_baseline
8190077	Populus canadensis	Magnoliopsida	220	Plantae	2014	0	0	0	0									correct_baseline
8190077	Populus canadensis	Magnoliopsida	220	Plantae	2015	0	0	0	0									correct_baseline
8190077	Populus canadensis	Magnoliopsida	220	Plantae	2016	0	0	0	0									correct_baseline
8190077	Populus canadensis	Magnoliopsida	220	Plantae	2017	0	0	0	0									correct_baseline
8190077	Populus canadensis	Magnoliopsida	220	Plantae	2018	1	1	2080	67									correct_baseline
8190077	Populus canadensis	Magnoliopsida	220	Plantae	2019	1	1	1712	66									correct_baseline
8190077	Populus canadensis	Magnoliopsida	220	Plantae	2020	2	2	2495	66									correct_baseline
8190077	Populus canadensis	Magnoliopsida	220	Plantae	2021	0	0	0	0									correct_baseline
8190077	Populus canadensis	Magnoliopsida	220	Plantae	2022	0	0	0	0									correct_baseline
8190077	Populus canadensis	Magnoliopsida	220	Plantae	2023	0	0	0	0									correct_baseline
8190077	Populus canadensis	Magnoliopsida	220	Plantae	2024	1	1	2515	67									correct_baseline
8193111	Melilotus officinalis	Magnoliopsida	220	Plantae	1991	7	7	12439	61									correct_baseline
8193111	Melilotus officinalis	Magnoliopsida	220	Plantae	1992	2	2	5418	52									correct_baseline
8193111	Melilotus officinalis	Magnoliopsida	220	Plantae	1993	1	1	4525	62									correct_baseline
8193111	Melilotus officinalis	Magnoliopsida	220	Plantae	1994	3	2	6152	63									correct_baseline
8193111	Melilotus officinalis	Magnoliopsida	220	Plantae	1995	0	0	0	0									correct_baseline
8193111	Melilotus officinalis	Magnoliopsida	220	Plantae	1996	0	0	0	0									correct_baseline
8193111	Melilotus officinalis	Magnoliopsida	220	Plantae	1997	0	0	0	0									correct_baseline
8193111	Melilotus officinalis	Magnoliopsida	220	Plantae	1998	0	0	0	0									correct_baseline
8193111	Melilotus officinalis	Magnoliopsida	220	Plantae	1999	0	0	0	0									correct_baseline
8193111	Melilotus officinalis	Magnoliopsida	220	Plantae	2000	0	0	0	0									correct_baseline
8193111	Melilotus officinalis	Magnoliopsida	220	Plantae	2001	0	0	0	0									correct_baseline
8193111	Melilotus officinalis	Magnoliopsida	220	Plantae	2002	0	0	0	0									correct_baseline
8193111	Melilotus officinalis	Magnoliopsida	220	Plantae	2003	2	2	4125	65									correct_baseline
8193111	Melilotus officinalis	Magnoliopsida	220	Plantae	2004	3	3	5045	65									correct_baseline
8193111	Melilotus officinalis	Magnoliopsida	220	Plantae	2005	0	0	0	0									correct_baseline
8193111	Melilotus officinalis	Magnoliopsida	220	Plantae	2006	0	0	0	0									correct_baseline
8193111	Melilotus officinalis	Magnoliopsida	220	Plantae	2007	0	0	0	0									correct_baseline
8193111	Melilotus officinalis	Magnoliopsida	220	Plantae	2008	0	0	0	0									correct_baseline
8193111	Melilotus officinalis	Magnoliopsida	220	Plantae	2009	0	0	0	0									correct_baseline
8193111	Melilotus officinalis	Magnoliopsida	220	Plantae	2010	0	0	0	0									correct_baseline
8193111	Melilotus officinalis	Magnoliopsida	220	Plantae	2011	0	0	0	0									correct_baseline
8193111	Melilotus officinalis	Magnoliopsida	220	Plantae	2012	0	0	0	0									correct_baseline
8193111	Melilotus officinalis	Magnoliopsida	220	Plantae	2013	2	1	877	66									correct_baseline
8193111	Melilotus officinalis	Magnoliopsida	220	Plantae	2014	4	1	902	66									correct_baseline
8193111	Melilotus officinalis	Magnoliopsida	220	Plantae	2015	0	0	0	0									correct_baseline
8193111	Melilotus officinalis	Magnoliopsida	220	Plantae	2016	1	1	1031	67									correct_baseline
8193111	Melilotus officinalis	Magnoliopsida	220	Plantae	2017	0	0	0	0									correct_baseline
8193111	Melilotus officinalis	Magnoliopsida	220	Plantae	2018	2	1	2079	67									correct_baseline
8193111	Melilotus officinalis	Magnoliopsida	220	Plantae	2019	1	1	1712	66									correct_baseline
8193111	Melilotus officinalis	Magnoliopsida	220	Plantae	2020	1	1	2496	67									correct_baseline
8193111	Melilotus officinalis	Magnoliopsida	220	Plantae	2021	1	1	3526	67									correct_baseline
8193111	Melilotus officinalis	Magnoliopsida	220	Plantae	2022	3	3	2908	65									correct_baseline
8193111	Melilotus officinalis	Magnoliopsida	220	Plantae	2023	2	1	1722	66									correct_baseline
8193111	Melilotus officinalis	Magnoliopsida	220	Plantae	2024	2	2	2514	66									correct_baseline
8200663	Cymbalaria muralis	Magnoliopsida	220	Plantae	1980	4	3	907	34	1.6518509332996554	6.0751161277184185	0.44914557162015994	0	0	0	1	0.9020349860294975	correct_baseline
8200663	Cymbalaria muralis	Magnoliopsida	220	Plantae	1981	2	1	493	25	1.5775433813310198	5.462933716249392	0.45555067098450897	0	0	0	1	0.9056131017746566	correct_baseline
8200663	Cymbalaria muralis	Magnoliopsida	220	Plantae	1982	0	0	0	0	1.5095653942943499	4.9463024361881445	0.4607052862313849	0	0	0	1	0.9092041556061304	correct_baseline
8200663	Cymbalaria muralis	Magnoliopsida	220	Plantae	1983	3	2	529	26	1.4473804911029273	4.509694738251334	0.46453483164975096	0	0	0	1	0.9128080398534396	correct_baseline
8200663	Cymbalaria muralis	Magnoliopsida	220	Plantae	1984	2	1	669	23	1.3905085399087294	4.140387905263926	0.4669886116469699	0	0	0	1	0.9164246201743944	correct_baseline
8200663	Cymbalaria muralis	Magnoliopsida	220	Plantae	1985	0	0	0	0	1.3385197049694624	3.8279082968113585	0.46804543413016614	0	0	0	1	0.9200537298799846	correct_baseline
8200663	Cymbalaria muralis	Magnoliopsida	220	Plantae	1986	0	0	0	0	1.2910291261850422	3.56358993121719	0.46771829442474927	0	0	0	1	0.9236951627981227	correct_baseline
8200663	Cymbalaria muralis	Magnoliopsida	220	Plantae	1987	1	1	506	33	1.24769224037924	3.3402236497347237	0.46605739314078615	0	0	0	1	0.9273486641181771	correct_baseline
8200663	Cymbalaria muralis	Magnoliopsida	220	Plantae	1988	0	0	0	0	1.2082006656391662	3.151778548655702	0.4631508292590978	0	0	0	1	0.9310139186718679	correct_baseline
8200663	Cymbalaria muralis	Magnoliopsida	220	Plantae	1989	0	0	0	0	1.1722785805774283	2.9931813477929716	0.4591225558364267	0	0	0	1	0.9346905356548053	correct_baseline
8200663	Cymbalaria muralis	Magnoliopsida	220	Plantae	1990	0	0	0	0	1.1396795394959038	2.8601422253526083	0.45412757492696587	0	0	0	1	0.9383780285193333	correct_baseline
8200663	Cymbalaria muralis	Magnoliopsida	220	Plantae	1991	27	19	12419	49	1.110183672315895	2.749017707084555	0.44834479716172193	0	0	0	1	0.9420757882352568	correct_baseline
8200663	Cymbalaria muralis	Magnoliopsida	220	Plantae	1992	13	9	5407	45	1.0835952249758138	2.656702747209747	0.4419683808523886	0	0	0	1	0.9457830471670837	correct_baseline
8200663	Cymbalaria muralis	Magnoliopsida	220	Plantae	1993	19	15	4507	48	1.059740401937057	2.5805454225309163	0.4351985861951092	0	0	0	1	0.9494988296614122	correct_baseline
8200663	Cymbalaria muralis	Magnoliopsida	220	Plantae	1994	14	13	6141	52	1.0384654776118882	2.5182788345939846	0.4282331779060346	0	0	0	1	0.9532218833056575	correct_baseline
8200663	Cymbalaria muralis	Magnoliopsida	220	Plantae	1995	2	1	1348	36	1.019635148045786	2.4679659340810294	0.42126020492153887	0	0	0	1	0.956950581711872	correct_baseline
8200663	Cymbalaria muralis	Magnoliopsida	220	Plantae	1996	2	1	869	39	1.0031310981469925	2.4279540257510073	0.41445265824518007	0	0	0	1	0.9606827844130661	correct_baseline
8200663	Cymbalaria muralis	Magnoliopsida	220	Plantae	1997	0	0	0	0	0.9888507632407109	2.3968366259872114	0.4079651576414761	0	0	0	1	0.9644156308547419	correct_baseline
8200663	Cymbalaria muralis	Magnoliopsida	220	Plantae	1998	0	0	0	0	0.9767062668062504	2.3734210808517973	0.4019325265604523	0	0	0	1	0.9681452308790354	correct_baseline
8200663	Cymbalaria muralis	Magnoliopsida	220	Plantae	1999	0	0	0	0	0.9666235189947162	2.3567008940760235	0.3964699253190794	0	0	0	1	0.9718661889371264	correct_baseline
8200663	Cymbalaria muralis	Magnoliopsida	220	Plantae	2000	0	0	0	0	0.958541462976953	2.345832078153737	0.391674129108649	0	0	0	1	0.9755708553921555	correct_baseline
8200663	Cymbalaria muralis	Magnoliopsida	220	Plantae	2001	1	1	456	20	0.9524114583843417	2.34011306531978	0.38762553805827926	0	0	0	1	0.9792481217587985	correct_baseline
8200663	Cymbalaria muralis	Magnoliopsida	220	Plantae	2002	2	2	444	19	0.948196793121144	2.338967842580081	0.3843905598520169	0	0	0	1	0.9828814468846172	correct_baseline
8200663	Cymbalaria muralis	Magnoliopsida	220	Plantae	2003	17	14	4110	53	0.9458723166844862	2.341932045183792	0.38202408191560655	0	0	0	1	0.9864456034885168	correct_baseline
8200663	Cymbalaria muralis	Magnoliopsida	220	Plantae	2004	15	14	5033	54	0.9454241898613228	2.348641785064	0.3805718285603022	0	0	0	1	0.9899014385253797	correct_baseline
8200663	Cymbalaria muralis	Magnoliopsida	220	Plantae	2005	2	2	1589	65	0.946849747312597	2.3588250234492727	0.3800724661954599	0	0	0	1	0.9931882262160564	correct_baseline
8200663	Cymbalaria muralis	Magnoliopsida	220	Plantae	2006	1	1	196	15	0.9501574711330999	2.3722953303072063	0.3805593715151552	0	0	0	1	0.9962157774158795	correct_baseline
8200663	Cymbalaria muralis	Magnoliopsida	220	Plantae	2007	0	0	0	0	0.9553670750196055	2.388947912140028	0.38206201290253056	0	0	0	1	0.9988670103047514	correct_baseline
8200663	Cymbalaria muralis	Magnoliopsida	220	Plantae	2008	0	0	0	0	0.9625097002173613	2.4087578353161527	0.3846069162410924	0	0	0	1	1.0010321497333587	correct_baseline
8200663	Cymbalaria muralis	Magnoliopsida	220	Plantae	2009	3	3	323	39	0.9716282259734543	2.4317804244871777	0.3882181960188322	0	0	0	1	1.0026726279571143	correct_baseline
8200663	Cymbalaria muralis	Magnoliopsida	220	Plantae	2010	3	3	384	57	0.9827776988328875	2.4581538741040045	0.39291763444846106	0	0	0	1	1.003849349250326	correct_baseline
8200663	Cymbalaria muralis	Magnoliopsida	220	Plantae	2011	4	3	393	65	0.99602588679843	2.488104174984227	0.3987242886158044	0	0	0	1	1.0046763899577678	correct_baseline
8200663	Cymbalaria muralis	Magnoliopsida	220	Plantae	2012	3	3	910	65	1.011453966169185	2.5219525267891374	0.40565360164882763	0	0	0	1	1.0052620451982526	correct_baseline
8200663	Cymbalaria muralis	Magnoliopsida	220	Plantae	2013	11	5	868	62	1.0291573508084733	2.5601254807158926	0.413715991931356	0	0	0	1	1.0056857680223863	correct_baseline
8200663	Cymbalaria muralis	Magnoliopsida	220	Plantae	2014	4	2	902	65	1.049246675705355	2.6031681342707635	0.42291489819083194	0	0	0	1	1.006000198394045	correct_baseline
8200663	Cymbalaria muralis	Magnoliopsida	220	Plantae	2015	5	2	757	66	1.0718489490261576	2.6517607812487074	0.4332442721275496	0	0	0	1	1.0062392631165262	correct_baseline
8200663	Cymbalaria muralis	Magnoliopsida	220	Plantae	2016	13	8	1019	60	1.0971088894479122	2.7067395048753284	0.4446855388697889	0	0	0	1	1.006424967735593	correct_baseline
8200663	Cymbalaria muralis	Magnoliopsida	220	Plantae	2017	7	6	1118	62	1.1251904684757572	2.769121291381315	0.457204093691812	0	0	0	1	1.0065718785389837	correct_baseline
8200663	Cymbalaria muralis	Magnoliopsida	220	Plantae	2018	12	9	2069	59	1.1562786807295349	2.8401343385233164	0.4707454747386265	0	0	0	1	1.006689881201365	correct_baseline
8200663	Cymbalaria muralis	Magnoliopsida	220	Plantae	2019	16	8	1697	59	1.1905815689078958	2.9212543471978303	0.4852314464103024	0	0	0	1	1.0067858576164521	correct_baseline
8200663	Cymbalaria muralis	Magnoliopsida	220	Plantae	2020	9	5	2488	63	1.2283325343785592	3.014247731280782	0.5005563409254855	0	0	0	1	1.0068647156999015	correct_baseline
8200663	Cymbalaria muralis	Magnoliopsida	220	Plantae	2021	20	14	3507	54	1.269792969190366	3.121222890677127	0.5165841213779809	0	0	0	1	1.0069300342663456	correct_baseline
8200663	Cymbalaria muralis	Magnoliopsida	220	Plantae	2022	29	16	2882	52	1.3152552508604323	3.2446910106238454	0.5331467215990275	0	0	0	1	1.006984476124119	correct_baseline
8200663	Cymbalaria muralis	Magnoliopsida	220	Plantae	2023	26	18	1698	49	1.365046147679196	3.3876383380025863	0.5500442489361127	0	0	0	1	1.0070300588957868	correct_baseline
8200663	Cymbalaria muralis	Magnoliopsida	220	Plantae	2024	57	21	2459	47	1.4195306896389914	3.5536126150154406	0.5670475645861008	0	0	0	1	1.0070683365867574	correct_baseline
8288647	Pterocarya fraxinifolia	Magnoliopsida	220	Plantae	2016	1	1	1031	67									correct_baseline
8288647	Pterocarya fraxinifolia	Magnoliopsida	220	Plantae	2017	0	0	0	0									correct_baseline
8288647	Pterocarya fraxinifolia	Magnoliopsida	220	Plantae	2018	2	1	2079	67									correct_baseline
8288647	Pterocarya fraxinifolia	Magnoliopsida	220	Plantae	2019	4	4	1709	63									correct_baseline
8288647	Pterocarya fraxinifolia	Magnoliopsida	220	Plantae	2020	8	4	2489	64									correct_baseline
8288647	Pterocarya fraxinifolia	Magnoliopsida	220	Plantae	2021	7	5	3520	63									correct_baseline
8288647	Pterocarya fraxinifolia	Magnoliopsida	220	Plantae	2022	5	4	2906	64									correct_baseline
8288647	Pterocarya fraxinifolia	Magnoliopsida	220	Plantae	2023	0	0	0	0									correct_baseline
8288647	Pterocarya fraxinifolia	Magnoliopsida	220	Plantae	2024	3	3	2513	65									correct_baseline
8298495	Galinsoga quadriradiata	Magnoliopsida	220	Plantae	1980	2	2	909	35	0.7560163694847527	3.0194175003424633	0.1892950381535775	0	0	0	1	0.9657074226120627	correct_baseline
8298495	Galinsoga quadriradiata	Magnoliopsida	220	Plantae	1981	2	2	493	24	0.8125421729876496	2.920578100050705	0.22605962253569906	0	0	0	1	0.9685589794931183	correct_baseline
8298495	Galinsoga quadriradiata	Magnoliopsida	220	Plantae	1982	0	0	0	0	0.8685666418824806	2.8565489041431262	0.26409770555540607	0	0	0	1	0.971264842789357	correct_baseline
8298495	Galinsoga quadriradiata	Magnoliopsida	220	Plantae	1983	1	1	531	27	0.9234323147282587	2.822135166131665	0.3021567677260595	0	0	0	1	0.9737764462401366	correct_baseline
8298495	Galinsoga quadriradiata	Magnoliopsida	220	Plantae	1984	2	1	669	23	0.9764678952429785	2.8120706076819695	0.33907027363947584	0	0	0	1	0.9760300134425671	correct_baseline
8298495	Galinsoga quadriradiata	Magnoliopsida	220	Plantae	1985	0	0	0	0	1.02701090642299	2.8208536616499087	0.3739121303069832	0	0	0	1	0.9779472929146709	correct_baseline
8298495	Galinsoga quadriradiata	Magnoliopsida	220	Plantae	1986	2	2	1407	35	1.074432940815332	2.8427867197295793	0.4060825725325239	0	0	0	1	0.9794387382831532	correct_baseline
8298495	Galinsoga quadriradiata	Magnoliopsida	220	Plantae	1987	0	0	0	0	1.1181656980401764	2.8721979973393013	0.4353093099542238	0	0	0	1	0.9804098587077709	correct_baseline
8298495	Galinsoga quadriradiata	Magnoliopsida	220	Plantae	1988	0	0	0	0	1.1577258013324836	2.9037772191662077	0.4615812198760221	0	0	0	1	0.9807720244252085	correct_baseline
8298495	Galinsoga quadriradiata	Magnoliopsida	220	Plantae	1989	0	0	0	0	1.1927364122315778	2.932931678354764	0.48505055864822566	0	0	0	1	0.9804589415336223	correct_baseline
8298495	Galinsoga quadriradiata	Magnoliopsida	220	Plantae	1990	0	0	0	0	1.2229439193073592	2.9560764371320403	0.5059381452334348	0	0	0	1	0.9794480293529245	correct_baseline
8298495	Galinsoga quadriradiata	Magnoliopsida	220	Plantae	1991	45	30	12401	38	1.248228431391662	2.970802393663559	0.5244624214177674	0	0	0	1	0.9777811530519577	correct_baseline
8298495	Galinsoga quadriradiata	Magnoliopsida	220	Plantae	1992	14	11	5406	43	1.2686073967890015	2.975903261436036	0.5407987376616403	0	0	0	1	0.975574009465217	correct_baseline
8298495	Galinsoga quadriradiata	Magnoliopsida	220	Plantae	1993	17	10	4509	53	1.2842323167883445	2.971275080418625	0.5550656195895515	0	0	0	1	0.9730046525975101	correct_baseline
8298495	Galinsoga quadriradiata	Magnoliopsida	220	Plantae	1994	22	16	6133	49	1.2953791390688727	2.957723519653692	0.5673306185600757	0	0	0	1	0.9702825568981882	correct_baseline
8298495	Galinsoga quadriradiata	Magnoliopsida	220	Plantae	1995	3	3	1347	34	1.30243342877917	2.9367234393763457	0.5776277104124264	0	0	0	1	0.9676116601673266	correct_baseline
8298495	Galinsoga quadriradiata	Magnoliopsida	220	Plantae	1996	2	1	869	39	1.3058717684130652	2.9101734197550995	0.5859791942164645	0	0	0	1	0.9651622638882219	correct_baseline
8298495	Galinsoga quadriradiata	Magnoliopsida	220	Plantae	1997	3	3	1289	54	1.3062410067219437	2.8801784005069977	0.5924166250748923	0	0	0	1	0.9630582969160095	correct_baseline
8298495	Galinsoga quadriradiata	Magnoliopsida	220	Plantae	1998	1	1	648	35	1.3041369653649568	2.848880068796428	0.5969971298756173	0	0	0	1	0.9613779823632771	correct_baseline
8298495	Galinsoga quadriradiata	Magnoliopsida	220	Plantae	1999	0	0	0	0	1.3001840475811108	2.8183408373828125	0.5998133849397097	0	0	0	1	0.960162657710843	correct_baseline
8298495	Galinsoga quadriradiata	Magnoliopsida	220	Plantae	2000	0	0	0	0	1.29501691957649	2.7904759697230763	0.600997406960581	0	0	0	1	0.9594289816787538	correct_baseline
8298495	Galinsoga quadriradiata	Magnoliopsida	220	Plantae	2001	1	1	456	20	1.2892651026709887	2.7670212567742634	0.600719817708592	0	0	0	1	0.9591812094162361	correct_baseline
8298495	Galinsoga quadriradiata	Magnoliopsida	220	Plantae	2002	2	2	444	19	1.2835409703902692	2.749521067672745	0.599187051898044	0	0	0	1	0.9594213306084726	correct_baseline
8298495	Galinsoga quadriradiata	Magnoliopsida	220	Plantae	2003	18	17	4109	50	1.2784313288162468	2.739323034107401	0.5966388929487587	0	0	0	1	0.9601556059728972	correct_baseline
8298495	Galinsoga quadriradiata	Magnoliopsida	220	Plantae	2004	25	22	5023	46	1.2744924976984051	2.7375698759315616	0.5933478231808711	0	0	0	1	0.9613966994902438	correct_baseline
8298495	Galinsoga quadriradiata	Magnoliopsida	220	Plantae	2005	2	2	1589	65	1.2722486183551056	2.745184440911527	0.5896203267016259	0	0	0	1	0.963161286814986	correct_baseline
8298495	Galinsoga quadriradiata	Magnoliopsida	220	Plantae	2006	2	2	195	14	1.2721927952099188	2.7628495143039307	0.5857990092492545	0	0	0	1	0.9654635636002123	correct_baseline
8298495	Galinsoga quadriradiata	Magnoliopsida	220	Plantae	2007	0	0	0	0	1.2747906252966739	2.790988357680815	0.5822636751142387	0	0	0	1	0.9683052587857819	correct_baseline
8298495	Galinsoga quadriradiata	Magnoliopsida	220	Plantae	2008	0	0	0	0	1.2804856732442187	2.8297548514627167	0.5794295426461268	0	0	0	1	0.9716625238838325	correct_baseline
8298495	Galinsoga quadriradiata	Magnoliopsida	220	Plantae	2009	2	2	324	40	1.2897064947512717	2.879043713008535	0.5777414337573419	0	0	0	1	0.9754696751631968	correct_baseline
8298495	Galinsoga quadriradiata	Magnoliopsida	220	Plantae	2010	1	1	386	59	1.3028748860034125	2.9385320820530105	0.577663582080906	0	0	0	1	0.9795999426217683	correct_baseline
8298495	Galinsoga quadriradiata	Magnoliopsida	220	Plantae	2011	3	3	394	65	1.3204151280691618	3.0077643836224834	0.5796651226829389	0	0	0	1	0.9838457337372971	correct_baseline
8298495	Galinsoga quadriradiata	Magnoliopsida	220	Plantae	2012	5	5	908	63	1.3427640946669792	3.086293126287349	0.5842009621735983	0	0	0	1	0.9879080276423439	correct_baseline
8298495	Galinsoga quadriradiata	Magnoliopsida	220	Plantae	2013	4	4	875	63	1.3703821921094719	3.173889192858711	0.5916864888277026	0	0	0	1	0.991416235988632	correct_baseline
8298495	Galinsoga quadriradiata	Magnoliopsida	220	Plantae	2014	2	2	904	65	1.4037651974748542	3.270836121726592	0.6024626903659757	0	0	0	1	0.994001249542441	correct_baseline
8298495	Galinsoga quadriradiata	Magnoliopsida	220	Plantae	2015	0	0	0	0	1.4434571529642313	3.378323883433398	0.616746239950821	0	0	0	1	0.9954059913646086	correct_baseline
8298495	Galinsoga quadriradiata	Magnoliopsida	220	Plantae	2016	1	1	1031	67	1.4900645603934248	3.498958988923728	0.634557993154246	0	0	0	1	0.9955595019299194	correct_baseline
8298495	Galinsoga quadriradiata	Magnoliopsida	220	Plantae	2017	0	0	0	0	1.544272200408618	3.6374096843126025	0.6556249737938304	0	0	0	1	0.9945585265367671	correct_baseline
8298495	Galinsoga quadriradiata	Magnoliopsida	220	Plantae	2018	6	5	2075	63	1.6068609777470275	3.80120735671928	0.6792584459361328	0	0	0	1	0.9925904693669574	correct_baseline
8298495	Galinsoga quadriradiata	Magnoliopsida	220	Plantae	2019	6	4	1707	63	1.6787282689490168	4.001728041618703	0.704227916454969	0	0	0	1	0.9898632348119001	correct_baseline
8298495	Galinsoga quadriradiata	Magnoliopsida	220	Plantae	2020	4	4	2493	64	1.7609113257149085	4.255384773460805	0.7286788062902292	0	0	0	1	0.986567181226816	correct_baseline
8298495	Galinsoga quadriradiata	Magnoliopsida	220	Plantae	2021	12	11	3515	57	1.85461437073566	4.585088763017362	0.750169656884831	0	0	0	1	0.9828611225444082	correct_baseline
8298495	Galinsoga quadriradiata	Magnoliopsida	220	Plantae	2022	7	7	2904	61	1.961240121641892	5.022122829177062	0.7659037712879264	0	0	0	1	0.9788696631097136	correct_baseline
8298495	Galinsoga quadriradiata	Magnoliopsida	220	Plantae	2023	16	9	1708	58	2.0824266066674935	5.6087626029211926	0.7731652913778392	0	0	0	1	0.9746848642637842	correct_baseline
8298495	Galinsoga quadriradiata	Magnoliopsida	220	Plantae	2024	38	23	2478	45	2.220090316459639	6.402294279542547	0.7698491818764116	0	0	0	1	0.9703700086682797	correct_baseline
8373355	Artemisia annua	Magnoliopsida	220	Plantae	2020	1	1	2496	67									correct_baseline
8373355	Artemisia annua	Magnoliopsida	220	Plantae	2021	0	0	0	0									correct_baseline
8373355	Artemisia annua	Magnoliopsida	220	Plantae	2022	0	0	0	0									correct_baseline
8373355	Artemisia annua	Magnoliopsida	220	Plantae	2023	0	0	0	0									correct_baseline
8373355	Artemisia annua	Magnoliopsida	220	Plantae	2024	2	2	2514	66									correct_baseline
8427624	Oxalis corniculata	Magnoliopsida	220	Plantae	1984	2	1	669	23	0.14420076082718283	3.085422900496109	0.006739387141968421	0	0	0	1	0.6757341387417307	correct_baseline
8427624	Oxalis corniculata	Magnoliopsida	220	Plantae	1985	0	0	0	0	0.12656847202821173	2.111504302897202	0.007586808177267598	0	0	0	1	0.7046258253752178	correct_baseline
8427624	Oxalis corniculata	Magnoliopsida	220	Plantae	1986	0	0	0	0	0.11347519943393361	1.536726196923747	0.008379255141447911	0	0	0	1	0.7344707068955958	correct_baseline
8427624	Oxalis corniculata	Magnoliopsida	220	Plantae	1987	0	0	0	0	0.10391381943602912	1.1863648201015655	0.009101822379442466	0	0	0	1	0.7651268555478566	correct_baseline
8427624	Oxalis corniculata	Magnoliopsida	220	Plantae	1988	0	0	0	0	0.09718170415582898	0.9678569162424672	0.009757933702945285	0	0	0	1	0.7963359908163047	correct_baseline
8427624	Oxalis corniculata	Magnoliopsida	220	Plantae	1989	0	0	0	0	0.09279319249634882	0.8303243277630272	0.010370136446395783	0	0	0	1	0.8277097883436856	correct_baseline
8427624	Oxalis corniculata	Magnoliopsida	220	Plantae	1990	0	0	0	0	0.09042083944473366	0.7448551860453634	0.010976533907615656	0	0	0	1	0.8587337869765221	correct_baseline
8427624	Oxalis corniculata	Magnoliopsida	220	Plantae	1991	2	2	12444	66	0.08985552144042588	0.6945536132416581	0.01162475376903931	0	0	0	1	0.8887920031021191	correct_baseline
8427624	Oxalis corniculata	Magnoliopsida	220	Plantae	1992	0	0	0	0	0.09097878154103439	0.669346821055605	0.01236599387689278	0	0	0	1	0.91721591281609	correct_baseline
8427624	Oxalis corniculata	Magnoliopsida	220	Plantae	1993	0	0	0	0	0.09374289864296002	0.6631837287673136	0.01325082426602713	0	0	0	1	0.9433587966116387	correct_baseline
8427624	Oxalis corniculata	Magnoliopsida	220	Plantae	1994	0	0	0	0	0.09815547084132258	0.6724700839181105	0.014327026118317192	0	0	0	1	0.9666869051655228	correct_baseline
8427624	Oxalis corniculata	Magnoliopsida	220	Plantae	1995	1	1	1349	36	0.10426611035358775	0.6951573473747993	0.015638792870882403	0	0	0	1	0.9868622060501254	correct_baseline
8427624	Oxalis corniculata	Magnoliopsida	220	Plantae	1996	1	1	870	39	0.11215337284472922	0.7301814463726142	0.017226374489430745	0	0	0	1	1.0037795081507626	correct_baseline
8427624	Oxalis corniculata	Magnoliopsida	220	Plantae	1997	1	1	1291	56	0.121910454828587	0.7770879179310539	0.019125453701664137	1	0	3	3	1.0175341626059324	correct_baseline
8427624	Oxalis corniculata	Magnoliopsida	220	Plantae	1998	0	0	0	0	0.13362862473142129	0.8357540348744558	0.021365866753240835	1	0	3	3	1.0283354934691549	correct_baseline
8427624	Oxalis corniculata	Magnoliopsida	220	Plantae	1999	0	0	0	0	0.1473779118957568	0.906160748753344	0.023969531834870595	1	0	3	3	1.0364113291732415	correct_baseline
8427624	Oxalis corniculata	Magnoliopsida	220	Plantae	2000	0	0	0	0	0.16318532516439097	0.9881942893130378	0.026947585750085632	1	0	3	3	1.04194373044815	correct_baseline
8427624	Oxalis corniculata	Magnoliopsida	220	Plantae	2001	0	0	0	0	0.18101180171148712	1.0814762204626096	0.030296803331304994	1	0	3	3	1.0450499696571267	correct_baseline
8427624	Oxalis corniculata	Magnoliopsida	220	Plantae	2002	0	0	0	0	0.20073009611698198	1.1852333511019848	0.03399547561640105	1	0	3	3	1.0458031973600195	correct_baseline
8427624	Oxalis corniculata	Magnoliopsida	220	Plantae	2003	11	11	4116	56	0.2221067049095762	1.2982237426513217	0.03799914201618406	1	0	3	3	1.044280420447943	correct_baseline
8427624	Oxalis corniculata	Magnoliopsida	220	Plantae	2004	21	18	5027	50	0.2447914023922011	1.4187301831506816	0.04223694638825921	1	0	3	3	1.0406224415790393	correct_baseline
8427624	Oxalis corniculata	Magnoliopsida	220	Plantae	2005	2	2	1589	65	0.2683177557611096	1.5446181696113357	0.04660984796960796	1	0	3	3	1.0350854043773525	correct_baseline
8427624	Oxalis corniculata	Magnoliopsida	220	Plantae	2006	1	1	196	15	0.29211691370393983	1.6734361954086916	0.05099225862691164	1	0	3	3	1.0280617249878665	correct_baseline
8427624	Oxalis corniculata	Magnoliopsida	220	Plantae	2007	0	0	0	0	0.31554506162467316	1.8025205992660138	0.05523858421161076	1	0	3	3	1.0200584761719955	correct_baseline
8427624	Oxalis corniculata	Magnoliopsida	220	Plantae	2008	0	0	0	0	0.3379225221462044	1.9290649022561033	0.05919532870050212	1	0	3	3	1.0116410229296622	correct_baseline
8427624	Oxalis corniculata	Magnoliopsida	220	Plantae	2009	0	0	0	0	0.35858010081877767	2.0501297987264286	0.06271782829705728	0	0	0	1	1.0033630454792613	correct_baseline
8427624	Oxalis corniculata	Magnoliopsida	220	Plantae	2010	0	0	0	0	0.3769065717004402	2.1626019674713466	0.06568872401289964	0	0	0	1	0.9957009478891854	correct_baseline
8427624	Oxalis corniculata	Magnoliopsida	220	Plantae	2011	1	1	396	67	0.3923906807646461	2.263146375709332	0.0680337993174144	0	0	0	1	0.9889965925006303	correct_baseline
8427624	Oxalis corniculata	Magnoliopsida	220	Plantae	2012	1	1	912	67	0.4046519189276766	2.348222153504565	0.06973070041413042	0	0	0	1	0.9833963517376147	correct_baseline
8427624	Oxalis corniculata	Magnoliopsida	220	Plantae	2013	2	2	877	65	0.41345638559325937	2.41423297042085	0.07080765811844686	0	0	0	1	0.9787574611679325	correct_baseline
8427624	Oxalis corniculata	Magnoliopsida	220	Plantae	2014	2	1	904	66	0.4187167984842688	2.457853688354455	0.07133205616087583	0	0	0	1	0.9744764399569931	correct_baseline
8427624	Oxalis corniculata	Magnoliopsida	220	Plantae	2015	0	0	0	0	0.42047842538790686	2.4765213385528706	0.07139131145948699	0	0	0	1	0.9692553497741835	correct_baseline
8427624	Oxalis corniculata	Magnoliopsida	220	Plantae	2016	5	5	1027	63	0.41889480801279916	2.4690158813988328	0.07106996010113342	0	0	0	1	0.9612596509652988	correct_baseline
8427624	Oxalis corniculata	Magnoliopsida	220	Plantae	2017	1	1	1124	67	0.4141982471648883	2.4360067135328096	0.07042681245556232	0	0	0	1	0.949418722241344	correct_baseline
8427624	Oxalis corniculata	Magnoliopsida	220	Plantae	2018	10	7	2071	61	0.4066700522990365	2.3804257004691096	0.0694751915190252	0	0	0	1	0.9343451200138726	correct_baseline
8427624	Oxalis corniculata	Magnoliopsida	220	Plantae	2019	3	3	1710	64	0.39661470940028903	2.307558383511423	0.06816868809763618	0	0	0	1	0.9172851881641322	correct_baseline
8427624	Oxalis corniculata	Magnoliopsida	220	Plantae	2020	4	4	2493	64	0.3843407090548986	2.2248172010686087	0.06639546861012736	0	0	0	1	0.8991909599733996	correct_baseline
8427624	Oxalis corniculata	Magnoliopsida	220	Plantae	2021	6	5	3521	63	0.37014913981528025	2.1412523232924534	0.06398610019734649	0	0	0	1	0.8806443082748517	correct_baseline
8427624	Oxalis corniculata	Magnoliopsida	220	Plantae	2022	13	10	2898	58	0.35432956806956384	2.0669369536471867	0.06074178633597267	0	0	0	1	0.8619900592932034	correct_baseline
8427624	Oxalis corniculata	Magnoliopsida	220	Plantae	2023	13	9	1711	58	0.3371613879932657	2.012411176790201	0.05648835728236301	0	0	0	1	0.8434325597098745	correct_baseline
8427624	Oxalis corniculata	Magnoliopsida	220	Plantae	2024	26	12	2490	56	0.31891786215048107	1.9883763725740202	0.05115158488177368	0	0	0	1	0.8250896893268941	correct_baseline
8745918	Deroceras invadens	Gastropoda	225	Animalia	2012	3	3	12	4									correct_baseline
8745918	Deroceras invadens	Gastropoda	225	Animalia	2013	0	0	0	0									correct_baseline
8745918	Deroceras invadens	Gastropoda	225	Animalia	2014	0	0	0	0									correct_baseline
8745918	Deroceras invadens	Gastropoda	225	Animalia	2015	0	0	0	0									correct_baseline
8745918	Deroceras invadens	Gastropoda	225	Animalia	2016	0	0	0	0									correct_baseline
8745918	Deroceras invadens	Gastropoda	225	Animalia	2017	0	0	0	0									correct_baseline
8745918	Deroceras invadens	Gastropoda	225	Animalia	2018	2	1	13	2									correct_baseline
8745918	Deroceras invadens	Gastropoda	225	Animalia	2019	1	1	51	10									correct_baseline
8745918	Deroceras invadens	Gastropoda	225	Animalia	2020	5	1	105	10									correct_baseline
8745918	Deroceras invadens	Gastropoda	225	Animalia	2021	4	2	96	29									correct_baseline
8745918	Deroceras invadens	Gastropoda	225	Animalia	2022	1	1	64	22									correct_baseline
8745918	Deroceras invadens	Gastropoda	225	Animalia	2023	2	2	167	43									correct_baseline
8745918	Deroceras invadens	Gastropoda	225	Animalia	2024	3	3	255	42									correct_baseline
8946295	Pontastacus leptodactylus	Malacostraca	229	Animalia	1985	1	1	0	0									correct_baseline
8946295	Pontastacus leptodactylus	Malacostraca	229	Animalia	1986	0	0	0	0									correct_baseline
8946295	Pontastacus leptodactylus	Malacostraca	229	Animalia	1987	0	0	0	0									correct_baseline
8946295	Pontastacus leptodactylus	Malacostraca	229	Animalia	1988	0	0	0	0									correct_baseline
8946295	Pontastacus leptodactylus	Malacostraca	229	Animalia	1989	0	0	0	0									correct_baseline
8946295	Pontastacus leptodactylus	Malacostraca	229	Animalia	1990	0	0	0	0									correct_baseline
8946295	Pontastacus leptodactylus	Malacostraca	229	Animalia	1991	0	0	0	0									correct_baseline
8946295	Pontastacus leptodactylus	Malacostraca	229	Animalia	1992	0	0	0	0									correct_baseline
8946295	Pontastacus leptodactylus	Malacostraca	229	Animalia	1993	0	0	0	0									correct_baseline
8946295	Pontastacus leptodactylus	Malacostraca	229	Animalia	1994	0	0	0	0									correct_baseline
8946295	Pontastacus leptodactylus	Malacostraca	229	Animalia	1995	0	0	0	0									correct_baseline
8946295	Pontastacus leptodactylus	Malacostraca	229	Animalia	1996	0	0	0	0									correct_baseline
8946295	Pontastacus leptodactylus	Malacostraca	229	Animalia	1997	0	0	0	0									correct_baseline
8946295	Pontastacus leptodactylus	Malacostraca	229	Animalia	1998	0	0	0	0									correct_baseline
8946295	Pontastacus leptodactylus	Malacostraca	229	Animalia	1999	0	0	0	0									correct_baseline
8946295	Pontastacus leptodactylus	Malacostraca	229	Animalia	2000	0	0	0	0									correct_baseline
8946295	Pontastacus leptodactylus	Malacostraca	229	Animalia	2001	0	0	0	0									correct_baseline
8946295	Pontastacus leptodactylus	Malacostraca	229	Animalia	2002	0	0	0	0									correct_baseline
8946295	Pontastacus leptodactylus	Malacostraca	229	Animalia	2003	0	0	0	0									correct_baseline
8946295	Pontastacus leptodactylus	Malacostraca	229	Animalia	2004	0	0	0	0									correct_baseline
8946295	Pontastacus leptodactylus	Malacostraca	229	Animalia	2005	0	0	0	0									correct_baseline
8946295	Pontastacus leptodactylus	Malacostraca	229	Animalia	2006	0	0	0	0									correct_baseline
8946295	Pontastacus leptodactylus	Malacostraca	229	Animalia	2007	0	0	0	0									correct_baseline
8946295	Pontastacus leptodactylus	Malacostraca	229	Animalia	2008	0	0	0	0									correct_baseline
8946295	Pontastacus leptodactylus	Malacostraca	229	Animalia	2009	1	1	0	0									correct_baseline
8946295	Pontastacus leptodactylus	Malacostraca	229	Animalia	2010	0	0	0	0									correct_baseline
8946295	Pontastacus leptodactylus	Malacostraca	229	Animalia	2011	0	0	0	0									correct_baseline
8946295	Pontastacus leptodactylus	Malacostraca	229	Animalia	2012	0	0	0	0									correct_baseline
8946295	Pontastacus leptodactylus	Malacostraca	229	Animalia	2013	0	0	0	0									correct_baseline
8946295	Pontastacus leptodactylus	Malacostraca	229	Animalia	2014	0	0	0	0									correct_baseline
8946295	Pontastacus leptodactylus	Malacostraca	229	Animalia	2015	0	0	0	0									correct_baseline
8946295	Pontastacus leptodactylus	Malacostraca	229	Animalia	2016	0	0	0	0									correct_baseline
8946295	Pontastacus leptodactylus	Malacostraca	229	Animalia	2017	0	0	0	0									correct_baseline
8946295	Pontastacus leptodactylus	Malacostraca	229	Animalia	2018	0	0	0	0									correct_baseline
8946295	Pontastacus leptodactylus	Malacostraca	229	Animalia	2019	0	0	0	0									correct_baseline
8946295	Pontastacus leptodactylus	Malacostraca	229	Animalia	2020	0	0	0	0									correct_baseline
8946295	Pontastacus leptodactylus	Malacostraca	229	Animalia	2021	1	1	21	10									correct_baseline
8946295	Pontastacus leptodactylus	Malacostraca	229	Animalia	2022	24	6	36	9									correct_baseline
8946295	Pontastacus leptodactylus	Malacostraca	229	Animalia	2023	1	1	30	15									correct_baseline
8946295	Pontastacus leptodactylus	Malacostraca	229	Animalia	2024	1	1	77	28									correct_baseline
8994150	Oenothera parviflora	Magnoliopsida	220	Plantae	1981	2	2	493	24	0.28276798017332494	3.2422925351918734	0.02466086256666848	0	0	0	1	0.8722640359600327	correct_baseline
8994150	Oenothera parviflora	Magnoliopsida	220	Plantae	1982	0	0	0	0	0.26963855497896566	2.922649799982329	0.024876381129064547	0	0	0	1	0.8771017270322684	correct_baseline
8994150	Oenothera parviflora	Magnoliopsida	220	Plantae	1983	0	0	0	0	0.25769433678497594	2.6605292454947103	0.024959835086759485	0	0	0	1	0.8819530524310863	correct_baseline
8994150	Oenothera parviflora	Magnoliopsida	220	Plantae	1984	2	2	669	22	0.24683053215998452	2.444970900376629	0.02491862442902534	0	0	0	1	0.8868162698973923	correct_baseline
8994150	Oenothera parviflora	Magnoliopsida	220	Plantae	1985	0	0	0	0	0.2369539790932251	2.267333377136842	0.02476353445606418	0	0	0	1	0.8916893152701698	correct_baseline
8994150	Oenothera parviflora	Magnoliopsida	220	Plantae	1986	1	1	1408	36	0.22798183928083215	2.1207613764248623	0.02450804678906914	0	0	0	1	0.8965697356230762	correct_baseline
8994150	Oenothera parviflora	Magnoliopsida	220	Plantae	1987	0	0	0	0	0.21984045748017908	1.999783347137636	0.024167531354969376	0	0	0	1	0.9014546059734021	correct_baseline
8994150	Oenothera parviflora	Magnoliopsida	220	Plantae	1988	0	0	0	0	0.21246436621211387	1.9000059857963392	0.023758402472082468	0	0	0	1	0.906340424658418	correct_baseline
8994150	Oenothera parviflora	Magnoliopsida	220	Plantae	1989	0	0	0	0	0.20579541716906338	1.8178811367400804	0.02329731733931527	0	0	0	1	0.9112229812066296	correct_baseline
8994150	Oenothera parviflora	Magnoliopsida	220	Plantae	1990	0	0	0	0	0.1997820233229817	1.7505270851821997	0.02280047945608917	0	0	0	1	0.9160971887007795	correct_baseline
8994150	Oenothera parviflora	Magnoliopsida	220	Plantae	1991	17	13	12429	55	0.1943784979884987	1.6955909174685315	0.022283087324313892	0	0	0	1	0.9209568707481909	correct_baseline
8994150	Oenothera parviflora	Magnoliopsida	220	Plantae	1992	2	2	5418	52	0.18954447904054061	1.6511420482861663	0.021758945314269695	0	0	0	1	0.9257944907142185	correct_baseline
8994150	Oenothera parviflora	Magnoliopsida	220	Plantae	1993	4	3	4522	60	0.18524442816061595	1.6155895305964973	0.021240233063335005	0	0	0	1	0.9306008086020786	correct_baseline
8994150	Oenothera parviflora	Magnoliopsida	220	Plantae	1994	14	10	6141	55	0.18144719643306895	1.587617618554242	0.020737414796014913	0	0	0	1	0.9353644491932114	correct_baseline
8994150	Oenothera parviflora	Magnoliopsida	220	Plantae	1995	2	2	1348	35	0.17812564886694113	1.5661354249762003	0.020259261286265175	0	0	0	1	0.9400713657234014	correct_baseline
8994150	Oenothera parviflora	Magnoliopsida	220	Plantae	1996	0	0	0	0	0.1752563415105579	1.5502375324094373	0.019812954207041572	0	0	0	1	0.9447041893558692	correct_baseline
8994150	Oenothera parviflora	Magnoliopsida	220	Plantae	1997	4	3	1288	54	0.1728192457801744	1.5391731749154358	0.019404243914054205	0	0	0	1	0.9492414722421814	correct_baseline
8994150	Oenothera parviflora	Magnoliopsida	220	Plantae	1998	1	1	648	35	0.17079751546297972	1.5323221754537129	0.019037635658890842	0	0	0	1	0.9536568709847107	correct_baseline
8994150	Oenothera parviflora	Magnoliopsida	220	Plantae	1999	1	1	683	34	0.16917729259748804	1.529176251906793	0.018716584366862504	0	0	0	1	0.9579183922303267	correct_baseline
8994150	Oenothera parviflora	Magnoliopsida	220	Plantae	2000	0	0	0	0	0.1679475490973772	1.5293246305451464	0.01844368336483368	0	0	0	1	0.9619879475690074	correct_baseline
8994150	Oenothera parviflora	Magnoliopsida	220	Plantae	2001	0	0	0	0	0.16709996158267565	1.5324431564370669	0.018220837127721788	0	0	0	1	0.9658216387705125	correct_baseline
8994150	Oenothera parviflora	Magnoliopsida	220	Plantae	2002	0	0	0	0	0.16662881742769775	1.5382862861451958	0.018049411899088035	0	0	0	1	0.9693713604601889	correct_baseline
8994150	Oenothera parviflora	Magnoliopsida	220	Plantae	2003	14	13	4113	54	0.16653095053982292	1.5466815040227	0.017930360850355088	0	0	0	1	0.9725883054958151	correct_baseline
8994150	Oenothera parviflora	Magnoliopsida	220	Plantae	2004	11	10	5037	58	0.1668057058576164	1.5575258308337465	0.01786432234755511	0	0	0	1	0.9754285331340319	correct_baseline
8994150	Oenothera parviflora	Magnoliopsida	220	Plantae	2005	2	2	1589	65	0.1674549320106607	1.570784200980275	0.017851691045272434	0	0	0	1	0.9778597670317474	correct_baseline
8994150	Oenothera parviflora	Magnoliopsida	220	Plantae	2006	0	0	0	0	0.16848300202605637	1.5864895792481166	0.017892662103185904	0	0	0	1	0.9798673996694625	correct_baseline
8994150	Oenothera parviflora	Magnoliopsida	220	Plantae	2007	0	0	0	0	0.1698968624068263	1.6047447754702489	0.017987248998661227	0	0	0	1	0.9814572809840825	correct_baseline
8994150	Oenothera parviflora	Magnoliopsida	220	Plantae	2008	0	0	0	0	0.17170611135433841	1.625726000978826	0.018135275353089748	0	0	0	1	0.9826540246803658	correct_baseline
8994150	Oenothera parviflora	Magnoliopsida	220	Plantae	2009	1	1	325	41	0.17392310736941863	1.6496882991004953	0.01833634104911088	0	0	0	1	0.9834956728116453	correct_baseline
8994150	Oenothera parviflora	Magnoliopsida	220	Plantae	2010	1	1	386	59	0.1765631099545261	1.6769730783471295	0.01858976282883476	0	0	0	1	0.9840270064456644	correct_baseline
8994150	Oenothera parviflora	Magnoliopsida	220	Plantae	2011	1	1	396	67	0.1796444546622994	1.7080180870719328	0.018894489663302844	0	0	0	1	0.984293686647303	correct_baseline
8994150	Oenothera parviflora	Magnoliopsida	220	Plantae	2012	1	1	912	67	0.18318876530491554	1.7433702989742148	0.019248993603759774	0	0	0	1	0.9843383112556124	correct_baseline
8994150	Oenothera parviflora	Magnoliopsida	220	Plantae	2013	1	1	878	66	0.18722120676616713	1.783702338363202	0.01965113769775334	0	0	0	1	0.9841984064610222	correct_baseline
8994150	Oenothera parviflora	Magnoliopsida	220	Plantae	2014	0	0	0	0	0.1917707825575436	1.829833273329052	0.02009802399965397	0	0	0	1	0.9839058390179692	correct_baseline
8994150	Oenothera parviflora	Magnoliopsida	220	Plantae	2015	0	0	0	0	0.19687068204632727	1.882754858068217	0.020585826818236678	0	0	0	1	0.9834870632266798	correct_baseline
8994150	Oenothera parviflora	Magnoliopsida	220	Plantae	2016	0	0	0	0	0.20255868317542336	1.9436646313889694	0.0211096191529919	0	0	0	1	0.9829637564104399	correct_baseline
8994150	Oenothera parviflora	Magnoliopsida	220	Plantae	2017	0	0	0	0	0.20887761751169925	2.0140077021601424	0.021663203696077285	0	0	0	1	0.982353568445069	correct_baseline
8994150	Oenothera parviflora	Magnoliopsida	220	Plantae	2018	0	0	0	0	0.2158759056256037	2.0955296083583175	0.022238963574551386	0	0	0	1	0.9816708428023284	correct_baseline
8994150	Oenothera parviflora	Magnoliopsida	220	Plantae	2019	1	1	1712	66	0.2236081721472837	2.1903433709119158	0.022827751719234905	0	0	0	1	0.9809272487443322	correct_baseline
8994150	Oenothera parviflora	Magnoliopsida	220	Plantae	2020	1	1	2496	67	0.23213595139545623	2.301014840202995	0.023418840673587186	0	0	0	1	0.9801323088021148	correct_baseline
8994150	Oenothera parviflora	Magnoliopsida	220	Plantae	2021	1	1	3526	67	0.2415284962726257	2.4306717387970656	0.023999955888978297	0	0	0	1	0.9792938267507865	correct_baseline
8994150	Oenothera parviflora	Magnoliopsida	220	Plantae	2022	4	4	2907	64	0.25186370520815354	2.5831435581849833	0.024557414085708735	0	0	0	1	0.978418229504665	correct_baseline
8994150	Oenothera parviflora	Magnoliopsida	220	Plantae	2023	4	3	1720	64	0.26322918436130005	2.7631418348083323	0.025076383205034282	0	0	0	1	0.9775108381341927	correct_baseline
8994150	Oenothera parviflora	Magnoliopsida	220	Plantae	2024	7	5	2509	63	0.2757234651310916	2.9764935396647685	0.02554127136874569	0	0	0	1	0.9765760821659105	correct_baseline
9151957	Medicago sativa	Magnoliopsida	220	Plantae	1983	1	1	531	27	0.18635467842270695	28.595960157809614	0.0012144395914101254	-1	0	-3	0	0.7493885595199178	correct_baseline
9151957	Medicago sativa	Magnoliopsida	220	Plantae	1984	0	0	0	0	0.1561440669693522	23.26258213744575	0.0010480766711827543	-1	0	-3	0	0.7576024579068932	correct_baseline
9151957	Medicago sativa	Magnoliopsida	220	Plantae	1985	0	0	0	0	0.13173844434743276	19.167511303176273	9.054392844524222e-4	-1	0	-3	0	0.7659025796936231	correct_baseline
9151957	Medicago sativa	Magnoliopsida	220	Plantae	1986	1	1	1408	36	0.11191838420596067	15.98875292295298	7.834084861797738e-4	-1	0	-3	0	0.7742893083873198	correct_baseline
9151957	Medicago sativa	Magnoliopsida	220	Plantae	1987	0	0	0	0	0.09573972800732847	13.495526097863102	6.791951238098533e-4	-1	0	-3	0	0.782762932020759	correct_baseline
9151957	Medicago sativa	Magnoliopsida	220	Plantae	1988	0	0	0	0	0.08246787503906192	11.520670630881513	5.903259134262697e-4	-1	0	-3	0	0.7913236197463371	correct_baseline
9151957	Medicago sativa	Magnoliopsida	220	Plantae	1989	0	0	0	0	0.07152852608152771	9.941864233325745	5.146248151574566e-4	-1	0	-3	0	0.7999713919484823	correct_baseline
9151957	Medicago sativa	Magnoliopsida	220	Plantae	1990	0	0	0	0	0.062470589614257506	8.668706599925246	4.501911008023541e-4	-1	0	-3	0	0.8087060817780399	correct_baseline
9151957	Medicago sativa	Magnoliopsida	220	Plantae	1991	12	11	12434	57	0.0549381196510378	7.6337494343702925	3.953754333620878e-4	-1	0	-3	0	0.8175272851873147	correct_baseline
9151957	Medicago sativa	Magnoliopsida	220	Plantae	1992	0	0	0	0	0.04864899061916074	6.786206490786431	0.00034875512430641023	-1	0	-3	0	0.8264342952433373	correct_baseline
9151957	Medicago sativa	Magnoliopsida	220	Plantae	1993	0	0	0	0	0.04337862021352934	6.087501302633804	3.0910953412288894e-4	-1	0	-3	0	0.8354260148650087	correct_baseline
9151957	Medicago sativa	Magnoliopsida	220	Plantae	1994	0	0	0	0	0.03894749147568903	5.508086839723419	2.753963647248958e-4	-1	0	-3	0	0.844500839461507	correct_baseline
9151957	Medicago sativa	Magnoliopsida	220	Plantae	1995	0	0	0	0	0.035211546926268565	5.025153588336547	2.467293815294578e-4	-1	0	-3	0	0.8536564969727948	correct_baseline
9151957	Medicago sativa	Magnoliopsida	220	Plantae	1996	0	0	0	0	0.03205476344683651	4.620963750366843	2.2235791387696468e-4	-1	0	-3	0	0.8628898268312035	correct_baseline
9151957	Medicago sativa	Magnoliopsida	220	Plantae	1997	0	0	0	0	0.029383390347647146	4.281630579925491	2.016483235079165e-4	-1	0	-3	0	0.8721964700205102	correct_baseline
9151957	Medicago sativa	Magnoliopsida	220	Plantae	1998	0	0	0	0	0.027121461580736674	3.9962169207481657	1.8406750505867484e-4	-1	0	-3	0	0.8815704277182379	correct_baseline
9151957	Medicago sativa	Magnoliopsida	220	Plantae	1999	0	0	0	0	0.02520728853795678	3.756064587536919	1.6916838904851812e-4	-1	0	-3	0	0.8910034229270875	correct_baseline
9151957	Medicago sativa	Magnoliopsida	220	Plantae	2000	0	0	0	0	0.023590711112731377	3.554292108292465	1.5657735319669843e-4	-1	0	-3	0	0.90048396293917	correct_baseline
9151957	Medicago sativa	Magnoliopsida	220	Plantae	2001	0	0	0	0	0.022230938092731484	3.3854163084822115	1.4598340748953018e-4	-1	0	-3	0	0.9099959433247904	correct_baseline
9151957	Medicago sativa	Magnoliopsida	220	Plantae	2002	0	0	0	0	0.021094848147104533	3.245065794115572	1.3712899724755215e-4	-1	0	-3	0	0.9195165483989816	correct_baseline
9151957	Medicago sativa	Magnoliopsida	220	Plantae	2003	5	5	4122	62	0.020155653087806834	3.1297632697933793	1.2980226182500914e-4	-1	0	-3	0	0.9290130877450733	correct_baseline
9151957	Medicago sativa	Magnoliopsida	220	Plantae	2004	4	4	5044	64	0.019391848229586332	3.0367599516100996	1.2383059041592368e-4	0	0	0	1	0.9384383003492474	correct_baseline
9151957	Medicago sativa	Magnoliopsida	220	Plantae	2005	0	0	0	0	0.01878639240290447	2.963909881545907	1.1907532739552364e-4	0	0	0	1	0.9477237302402675	correct_baseline
9151957	Medicago sativa	Magnoliopsida	220	Plantae	2006	0	0	0	0	0.018326073868877794	2.9095752545909543	1.1542749510178274e-4	0	0	0	1	0.9567715857055502	correct_baseline
9151957	Medicago sativa	Magnoliopsida	220	Plantae	2007	0	0	0	0	0.018001029079553674	2.872556303649807	1.1280442006000811e-4	0	0	0	1	0.9654483330501626	correct_baseline
9151957	Medicago sativa	Magnoliopsida	220	Plantae	2008	0	0	0	0	0.017804389703386953	2.8520411111815194	1.1114716806404967e-4	0	0	0	1	0.9735895246555344	correct_baseline
9151957	Medicago sativa	Magnoliopsida	220	Plantae	2009	0	0	0	0	0.01773204019551861	2.8475721167555315	1.1041871341742794e-4	0	0	0	1	0.9810309762081842	correct_baseline
9151957	Medicago sativa	Magnoliopsida	220	Plantae	2010	1	1	386	59	0.01778247390603188	2.8590272022104806	1.1060278754053797e-4	0	0	0	1	0.9876683400489323	correct_baseline
9151957	Medicago sativa	Magnoliopsida	220	Plantae	2011	1	1	396	67	0.017956740666639784	2.8866141636577174	1.1170337187023842e-4	0	0	0	1	0.9935068287886765	correct_baseline
9151957	Medicago sativa	Magnoliopsida	220	Plantae	2012	2	1	911	67	0.01825848329719538	2.930878204041745	1.1374481950639744e-4	0	0	0	1	0.9986520409504788	correct_baseline
9151957	Medicago sativa	Magnoliopsida	220	Plantae	2013	1	1	878	66	0.018694064813391958	2.992722871703093	1.1677260950273856e-4	0	0	0	1	1.003253332143492	correct_baseline
9151957	Medicago sativa	Magnoliopsida	220	Plantae	2014	3	3	903	64	0.01927279256901652	3.0734456959980543	1.2085475721662892e-4	0	0	0	1	1.0074525355699	correct_baseline
9151957	Medicago sativa	Magnoliopsida	220	Plantae	2015	0	0	0	0	0.02000725041173867	3.174790700653986	1.2608392388057584e-4	1	0	3	3	1.011362133385567	correct_baseline
9151957	Medicago sativa	Magnoliopsida	220	Plantae	2016	2	2	1030	66	0.020913755482720186	3.299021090566501	1.325802886321959e-4	1	0	3	3	1.0150641452935825	correct_baseline
9151957	Medicago sativa	Magnoliopsida	220	Plantae	2017	1	1	1124	67	0.022012962914436662	3.449016810045293	1.4049526661077673e-4	1	0	3	3	1.0186164283145465	correct_baseline
9151957	Medicago sativa	Magnoliopsida	220	Plantae	2018	0	0	0	0	0.023330649829898114	3.6284034944797696	1.500161771736381e-4	1	0	3	3	1.0220595369765533	correct_baseline
9151957	Medicago sativa	Magnoliopsida	220	Plantae	2019	6	5	1707	62	0.02489872029422289	3.8417217665537278	1.613719863024017e-4	1	0	3	3	1.0254221035234377	correct_baseline
9151957	Medicago sativa	Magnoliopsida	220	Plantae	2020	6	6	2491	62	0.026756485962205527	4.094649118871641	1.7484026598180987e-4	1	0	3	3	1.0287246196796271	correct_baseline
9151957	Medicago sativa	Magnoliopsida	220	Plantae	2021	12	8	3515	60	0.028952294086614226	4.3942911409947465	1.9075552938625797e-4	1	0	3	3	1.0319819905398278	correct_baseline
9151957	Medicago sativa	Magnoliopsida	220	Plantae	2022	11	7	2900	61	0.031545596611815524	4.749565112863162	2.0951911216046047e-4	1	0	3	3	1.0352052415498896	correct_baseline
9151957	Medicago sativa	Magnoliopsida	220	Plantae	2023	8	3	1716	64	0.0346095830354656	5.171707755995334	2.3161077431341784e-4	1	0	3	3	1.0384026637079822	correct_baseline
9151957	Medicago sativa	Magnoliopsida	220	Plantae	2024	15	6	2501	62	0.0382345379546746	5.674951316978081	2.576021909181602e-4	1	0	3	3	1.0415805900153423	correct_baseline
9188840	Epilobium ciliatum	Magnoliopsida	220	Plantae	1980	5	4	906	33	0.1860103349174922	1.201264010422171	0.02880286464584739	0	0	0	1	0.9894678048986344	correct_baseline
9188840	Epilobium ciliatum	Magnoliopsida	220	Plantae	1981	2	1	493	25	0.1969860130902727	1.2141841712776416	0.03195848724693024	0	0	0	1	0.990452041606946	correct_baseline
9188840	Epilobium ciliatum	Magnoliopsida	220	Plantae	1982	0	0	0	0	0.20819921045350673	1.2317466834934725	0.035191417045689406	0	0	0	1	0.991401716681995	correct_baseline
9188840	Epilobium ciliatum	Magnoliopsida	220	Plantae	1983	2	2	530	26	0.21961810416728056	1.2536940898451236	0.038471994140124643	0	0	0	1	0.9923115336332856	correct_baseline
9188840	Epilobium ciliatum	Magnoliopsida	220	Plantae	1984	2	1	669	23	0.2312078472880693	1.2797409640478534	0.041771788314486	0	0	0	1	0.9931752144039435	correct_baseline
9188840	Epilobium ciliatum	Magnoliopsida	220	Plantae	1985	0	0	0	0	0.24293068428204953	1.3095670853327566	0.04506475309796691	0	0	0	1	0.9939852933355795	correct_baseline
9188840	Epilobium ciliatum	Magnoliopsida	220	Plantae	1986	2	2	1407	35	0.2547461020675813	1.3428126640881286	0.04832809389885785	0	0	0	1	0.9947328690355641	correct_baseline
9188840	Epilobium ciliatum	Magnoliopsida	220	Plantae	1987	1	1	506	33	0.2666110166413625	1.3790758802389682	0.05154280138829184	0	0	0	1	0.9954073094887115	correct_baseline
9188840	Epilobium ciliatum	Magnoliopsida	220	Plantae	1988	1	1	175	22	0.2784799948437956	1.4179129181912815	0.0546938437003072	0	0	0	1	0.9959959096212019	correct_baseline
9188840	Epilobium ciliatum	Magnoliopsida	220	Plantae	1989	0	0	0	0	0.2903055103016717	1.4588405921359728	0.05777004682061851	0	0	0	1	0.9964835086839618	correct_baseline
9188840	Epilobium ciliatum	Magnoliopsida	220	Plantae	1990	1	1	250	39	0.3020382320588584	1.501341559950371	0.060763716970744786	0	0	0	1	0.996852090299646	correct_baseline
9188840	Epilobium ciliatum	Magnoliopsida	220	Plantae	1991	44	29	12402	39	0.313627343877404	1.5448720274279262	0.06367007045325271	0	0	0	1	0.9970804144326139	correct_baseline
9188840	Epilobium ciliatum	Magnoliopsida	220	Plantae	1992	10	10	5410	44	0.32502089167189996	1.5888717500454388	0.06648653676432716	0	0	0	1	0.9971437714617749	correct_baseline
9188840	Epilobium ciliatum	Magnoliopsida	220	Plantae	1993	8	5	4518	58	0.33616615603891165	1.6327760491904717	0.06921199298704006	0	0	0	1	0.9970140041703643	correct_baseline
9188840	Epilobium ciliatum	Magnoliopsida	220	Plantae	1994	12	10	6143	55	0.3470100463706533	1.6760294761930334	0.0718459752603386	0	0	0	1	0.9966600039244587	correct_baseline
9188840	Epilobium ciliatum	Magnoliopsida	220	Plantae	1995	7	6	1343	31	0.3574995126075469	1.718100683855915	0.07438789979863122	0	0	0	1	0.9960489227004902	correct_baseline
9188840	Epilobium ciliatum	Magnoliopsida	220	Plantae	1996	1	1	870	39	0.36758197029717327	1.7584980054426014	0.0768363139846406	0	0	0	1	0.9951482963965067	correct_baseline
9188840	Epilobium ciliatum	Magnoliopsida	220	Plantae	1997	7	6	1285	51	0.377205734296066	1.7967851996116881	0.07918818900366281	0	0	0	1	0.9939290790469697	correct_baseline
9188840	Epilobium ciliatum	Magnoliopsida	220	Plantae	1998	0	0	0	0	0.3863204561836865	1.8325968006689208	0.08143826007526363	0	0	0	1	0.9923692215206145	correct_baseline
9188840	Epilobium ciliatum	Magnoliopsida	220	Plantae	1999	5	5	679	30	0.39487756026155624	1.865652519894613	0.08357841877592889	0	0	0	1	0.9904570064817869	correct_baseline
9188840	Epilobium ciliatum	Magnoliopsida	220	Plantae	2000	5	4	925	32	0.4028306728905372	1.8957701772563351	0.0855971641332036	0	0	0	1	0.9881931418169905	correct_baseline
9188840	Epilobium ciliatum	Magnoliopsida	220	Plantae	2001	1	1	456	20	0.41013603987985686	1.9228767033585115	0.0874791248521197	0	0	0	1	0.9855908706752051	correct_baseline
9188840	Epilobium ciliatum	Magnoliopsida	220	Plantae	2002	1	1	445	20	0.416752926685433	1.9470168369163054	0.08920467384142083	0	0	0	1	0.9826740403298343	correct_baseline
9188840	Epilobium ciliatum	Magnoliopsida	220	Plantae	2003	27	24	4100	43	0.4226439963034768	1.9683592495515976	0.09074966759856755	0	0	0	1	0.9794737958691432	correct_baseline
9188840	Epilobium ciliatum	Magnoliopsida	220	Plantae	2004	17	15	5031	53	0.4277756599577336	1.9871999522146817	0.09208535610537566	0	0	0	1	0.9760249029659565	correct_baseline
9188840	Epilobium ciliatum	Magnoliopsida	220	Plantae	2005	3	3	1588	64	0.43211839597284313	2.0039629703857003	0.09317852220702653	0	0	0	1	0.9723625521164508	correct_baseline
9188840	Epilobium ciliatum	Magnoliopsida	220	Plantae	2006	0	0	0	0	0.4356470325982932	2.01919841301552	0.0939919206494739	0	0	0	1	0.9685200797064646	correct_baseline
9188840	Epilobium ciliatum	Magnoliopsida	220	Plantae	2007	0	0	0	0	0.4383409909918096	2.033578198636955	0.094485092588261	0	0	0	1	0.9645276463535221	correct_baseline
9188840	Epilobium ciliatum	Magnoliopsida	220	Plantae	2008	0	0	0	0	0.4401844850807795	2.0478898386566966	0.09461562689960337	0	0	0	1	0.9604116855414921	correct_baseline
9188840	Epilobium ciliatum	Magnoliopsida	220	Plantae	2009	0	0	0	0	0.4411666755870409	2.0630288118539712	0.09434091978270344	0	0	0	1	0.956194870675599	correct_baseline
9188840	Epilobium ciliatum	Magnoliopsida	220	Plantae	2010	0	0	0	0	0.44128177611450664	2.079990196161376	0.09362044412043251	0	0	0	1	0.9518963785202401	correct_baseline
9188840	Epilobium ciliatum	Magnoliopsida	220	Plantae	2011	0	0	0	0	0.44052910984998644	2.0998603542032734	0.09241847737006001	0	0	0	1	0.9475322893629088	correct_baseline
9188840	Epilobium ciliatum	Magnoliopsida	220	Plantae	2012	0	0	0	0	0.4389131161038359	2.123809595542946	0.09070715373556366	0	0	0	1	0.9431160241027933	correct_baseline
9188840	Epilobium ciliatum	Magnoliopsida	220	Plantae	2013	3	3	876	64	0.43644330660671904	2.1530868539275403	0.0884696126096068	0	0	0	1	0.9386587633170708	correct_baseline
9188840	Epilobium ciliatum	Magnoliopsida	220	Plantae	2014	0	0	0	0	0.4331341721695984	2.189017508814231	0.08570292852644526	0	0	0	1	0.9341698226094063	correct_baseline
9188840	Epilobium ciliatum	Magnoliopsida	220	Plantae	2015	0	0	0	0	0.42900504099378345	2.2330055297026523	0.08242045205440461	0	0	0	1	0.9296569756831174	correct_baseline
9188840	Epilobium ciliatum	Magnoliopsida	220	Plantae	2016	0	0	0	0	0.42407989057448414	2.2865411131834708	0.07865319042493679	0	0	0	1	0.925126725717266	correct_baseline
9188840	Epilobium ciliatum	Magnoliopsida	220	Plantae	2017	0	0	0	0	0.4183871157633161	2.3512149096984833	0.07444992710564018	0	0	0	1	0.9205845298887744	correct_baseline
9188840	Epilobium ciliatum	Magnoliopsida	220	Plantae	2018	0	0	0	0	0.41195925613187623	2.4287398111307636	0.06987591998737634	0	0	0	1	0.9160349834085899	correct_baseline
9188840	Epilobium ciliatum	Magnoliopsida	220	Plantae	2019	1	1	1712	66	0.4048326863000971	2.5209811241970685	0.06501020667068724	0	0	0	1	0.9114819695532126	correct_baseline
9188840	Epilobium ciliatum	Magnoliopsida	220	Plantae	2020	0	0	0	0	0.3970472733510649	2.629995838160778	0.0599417440089036	0	0	0	1	0.9069287816827888	correct_baseline
9188840	Epilobium ciliatum	Magnoliopsida	220	Plantae	2021	2	2	3525	66	0.3886460058411749	2.7580816645651742	0.05476477357319719	0	0	0	1	0.9023782224007347	correct_baseline
9188840	Epilobium ciliatum	Magnoliopsida	220	Plantae	2022	3	3	2908	65	0.3796745992252397	2.9078366294361975	0.04957389966051714	0	0	0	1	0.8978326843039556	correct_baseline
9188840	Epilobium ciliatum	Magnoliopsida	220	Plantae	2023	0	0	0	0	0.37018108274638706	3.082230264209031	0.044459375931296126	0	0	0	1	0.8932942159280755	correct_baseline
9188840	Epilobium ciliatum	Magnoliopsida	220	Plantae	2024	3	3	2513	65	0.3602153729879111	3.284687879114835	0.039503027292744373	0	0	0	1	0.8887645759077509	correct_baseline
9752149	Phasianus colchicus	Aves	212	Animalia	1982	1	1	77	43	0.07893358079939679	0.6988419324766887	0.008915478434063106	1	0	3	3	1.038153621022381	correct_baseline
9752149	Phasianus colchicus	Aves	212	Animalia	1983	0	0	0	0	0.08963928741528474	0.7127170173727375	0.011274042365285298	1	0	3	3	1.0358791369042204	correct_baseline
9752149	Phasianus colchicus	Aves	212	Animalia	1984	0	0	0	0	0.10126062150106588	0.7281221529829404	0.014082408322250788	1	0	3	3	1.0335970101611098	correct_baseline
9752149	Phasianus colchicus	Aves	212	Animalia	1985	0	0	0	0	0.11378588306292461	0.7452306254782758	0.017373450233745105	1	0	3	3	1.0313059144870826	correct_baseline
9752149	Phasianus colchicus	Aves	212	Animalia	1986	0	0	0	0	0.12718672441773918	0.7642208909040308	0.02116726074967419	1	0	3	3	1.0290043292783397	correct_baseline
9752149	Phasianus colchicus	Aves	212	Animalia	1987	0	0	0	0	0.1414167276268619	0.7852707208411414	0.025467256478464498	1	0	3	3	1.0266905041386702	correct_baseline
9752149	Phasianus colchicus	Aves	212	Animalia	1988	0	0	0	0	0.1564103136772273	0.8085490069873172	0.030256899721840074	1	0	3	3	1.0243624157346756	correct_baseline
9752149	Phasianus colchicus	Aves	212	Animalia	1989	1	1	81	43	0.17208205873248283	0.834204976850519	0.035497552471346464	1	0	3	3	1.0220177151350385	correct_baseline
9752149	Phasianus colchicus	Aves	212	Animalia	1990	0	0	0	0	0.18832648560209425	0.8623548011143397	0.04112792685030027	1	0	3	3	1.0196536632859114	correct_baseline
9752149	Phasianus colchicus	Aves	212	Animalia	1991	0	0	0	0	0.20501838758666094	0.89306591301517	0.04706543899623715	1	0	3	3	1.0172670517237161	correct_baseline
9752149	Phasianus colchicus	Aves	212	Animalia	1992	0	0	0	0	0.22201372718488024	0.9263397859049045	0.05320951966925712	1	0	3	3	1.0148541049085222	correct_baseline
9752149	Phasianus colchicus	Aves	212	Animalia	1993	0	0	0	0	0.23915113414036251	0.9620943656874316	0.05944662706735236	1	0	3	3	1.0124103598052439	correct_baseline
9752149	Phasianus colchicus	Aves	212	Animalia	1994	0	0	0	0	0.2562540065312909	1.000147739657261	0.06565641580697056	0	0	0	1	1.0099305174125914	correct_baseline
9752149	Phasianus colchicus	Aves	212	Animalia	1995	2	2	86	10	0.27313319583405654	1.0402048456104582	0.07171831873436817	0	0	0	1	1.0074082601523935	correct_baseline
9752149	Phasianus colchicus	Aves	212	Animalia	1996	1	1	57	23	0.28959023307187515	1.0818490131573053	0.07751775161847749	0	0	0	1	1.0048360284558169	correct_baseline
9752149	Phasianus colchicus	Aves	212	Animalia	1997	0	0	0	0	0.30542102937477106	1.1245398625105698	0.08295126593030666	0	0	0	1	1.0022047501253626	correct_baseline
9752149	Phasianus colchicus	Aves	212	Animalia	1998	0	0	0	0	0.3204199616933065	1.1676186027954416	0.08793021249039389	0	0	0	1	0.9995035179962403	correct_baseline
9752149	Phasianus colchicus	Aves	212	Animalia	1999	0	0	0	0	0.33438423420803787	1.2103211531241393	0.09238276617596852	0	0	0	1	0.9967192166846046	correct_baseline
9752149	Phasianus colchicus	Aves	212	Animalia	2000	0	0	0	0	0.34711838929164635	1.2517988497959285	0.09625442314799197	0	0	0	1	0.9938361105295276	correct_baseline
9752149	Phasianus colchicus	Aves	212	Animalia	2001	0	0	0	0	0.3584388297211938	1.291145882816547	0.0995072643314573	0	0	0	1	0.9908354261170811	correct_baseline
9752149	Phasianus colchicus	Aves	212	Animalia	2002	0	0	0	0	0.36817820702589044	1.327432078045498	0.10211836399824688	0	0	0	1	0.987694999138596	correct_baseline
9752149	Phasianus colchicus	Aves	212	Animalia	2003	0	0	0	0	0.37618952996647914	1.3597392354488422	0.10407772223303245	0	0	0	1	0.9843891107862245	correct_baseline
9752149	Phasianus colchicus	Aves	212	Animalia	2004	0	0	0	0	0.38234985245952563	1.3871989608091577	0.10538604324685125	0	0	0	1	0.9808887109737194	correct_baseline
9752149	Phasianus colchicus	Aves	212	Animalia	2005	1	1	214	40	0.3865634117469459	1.409029792974081	0.10605259877864602	0	0	0	1	0.9771622940701293	correct_baseline
9752149	Phasianus colchicus	Aves	212	Animalia	2006	0	0	0	0	0.38876410490207985	1.4245714347071494	0.10609333135434157	0	0	0	1	0.973177705065845	correct_baseline
9752149	Phasianus colchicus	Aves	212	Animalia	2007	0	0	0	0	0.3889172141747999	1.4333140435658387	0.10552928031402443	0	0	0	1	0.9689050236643046	correct_baseline
9752149	Phasianus colchicus	Aves	212	Animalia	2008	0	0	0	0	0.38702031824007194	1.4349208253588854	0.10438535986345042	0	0	0	1	0.9643203248816434	correct_baseline
9752149	Phasianus colchicus	Aves	212	Animalia	2009	0	0	0	0	0.3831033559227679	1.429242582636717	0.10268948259890484	0	0	0	1	0.9594095931827047	correct_baseline
9752149	Phasianus colchicus	Aves	212	Animalia	2010	9	6	5089	62	0.37722784005375415	1.4163233790832641	0.10047200054250817	0	0	0	1	0.9541716425855142	correct_baseline
9752149	Phasianus colchicus	Aves	212	Animalia	2011	11	8	6068	60	0.3694852503053406	1.3963970516737072	0.09776542426064959	0	0	0	1	0.9486189595919909	correct_baseline
9752149	Phasianus colchicus	Aves	212	Animalia	2012	32	7	9531	61	0.3599946636886507	1.3698748923515156	0.09460437490159491	0	0	0	1	0.9427760855232962	correct_baseline
9752149	Phasianus colchicus	Aves	212	Animalia	2013	4	4	10727	64	0.34889970848001584	1.3373253828199427	0.09102572054734559	0	0	0	1	0.9366761176781657	correct_baseline
9752149	Phasianus colchicus	Aves	212	Animalia	2014	20	7	22449	61	0.33636495044395964	1.2994473548315684	0.08706884466422465	0	0	0	1	0.9303565118700304	correct_baseline
9752149	Phasianus colchicus	Aves	212	Animalia	2015	26	8	26381	60	0.32257183832836656	1.2570383259683937	0.0827759891906097	0	0	0	1	0.9238553134312867	correct_baseline
9752149	Phasianus colchicus	Aves	212	Animalia	2016	15	8	25254	60	0.30771434799389913	1.2109600000330518	0.07819260748391861	-1	0	-3	0	0.9172084470901571	correct_baseline
9752149	Phasianus colchicus	Aves	212	Animalia	2017	24	4	29486	64	0.29199447078980834	1.1621030077568173	0.07336765364405802	-1	0	-3	0	0.9104481656419359	correct_baseline
9752149	Phasianus colchicus	Aves	212	Animalia	2018	7	5	33793	63	0.2756176918161293	1.1113528974045714	0.06835372654307921	-1	0	-3	0	0.9036024365511998	correct_baseline
9752149	Phasianus colchicus	Aves	212	Animalia	2019	9	7	2635	49	0.25878859775493235	1.0595591787386192	0.06320698236760332	-1	0	-3	0	0.8966949497544813	correct_baseline
9752149	Phasianus colchicus	Aves	212	Animalia	2020	19	7	2458	50	0.24170674254508215	1.0075089010193223	0.057986732755062956	-1	0	-3	0	0.8897454677984005	correct_baseline
9752149	Phasianus colchicus	Aves	212	Animalia	2021	9	3	3854	58	0.22456288310434566	0.9559058372622813	0.052754661078923244	-1	0	-3	0	0.8827703220527094	correct_baseline
9752149	Phasianus colchicus	Aves	212	Animalia	2022	8	7	4487	54	0.2075356775559138	0.9053558885107175	0.047573620501262535	-1	0	-3	0	0.8757829365899803	correct_baseline
9752149	Phasianus colchicus	Aves	212	Animalia	2023	5	2	5291	59	0.19078891611163099	0.8563588511715358	0.04250602473630491	-1	0	-3	0	0.8687943180215589	correct_baseline
9752149	Phasianus colchicus	Aves	212	Animalia	2024	5	4	6621	62	0.17446933108147666	0.8093062451567686	0.0376119023795764	-1	0	-3	0	0.861813485172382	correct_baseline
9823072	Oxalis stricta	Magnoliopsida	220	Plantae	1981	2	2	493	24	1.1483453345043495	6.921840892689299	0.1905124702693883	0	0	0	1	0.8543410459329425	correct_baseline
9823072	Oxalis stricta	Magnoliopsida	220	Plantae	1982	0	0	0	0	1.0655845448862424	6.005690289851836	0.18906576388381047	0	0	0	1	0.8598175909774787	correct_baseline
9823072	Oxalis stricta	Magnoliopsida	220	Plantae	1983	0	0	0	0	0.9918654713982904	5.26805587266111	0.18674766121172456	0	0	0	1	0.8653078564976364	correct_baseline
9823072	Oxalis stricta	Magnoliopsida	220	Plantae	1984	4	3	667	21	0.9261196254756935	4.670790749022654	0.1836300546905701	0	0	0	1	0.870808706392469	correct_baseline
9823072	Oxalis stricta	Magnoliopsida	220	Plantae	1985	0	0	0	0	0.8674228524794907	4.184589386155815	0.17980794184799848	0	0	0	1	0.8763163922243372	correct_baseline
9823072	Oxalis stricta	Magnoliopsida	220	Plantae	1986	1	1	1408	36	0.8149746282591268	3.7867873190238273	0.1753950218881893	0	0	0	1	0.8818264199800295	correct_baseline
9823072	Oxalis stricta	Magnoliopsida	220	Plantae	1987	0	0	0	0	0.7680805626667071	3.4597418874175667	0.1705178507367659	0	0	0	1	0.8873333842227868	correct_baseline
9823072	Oxalis stricta	Magnoliopsida	220	Plantae	1988	0	0	0	0	0.7261375896638244	3.1896341102208097	0.16530917995678407	0	0	0	1	0.892830761233635	correct_baseline
9823072	Oxalis stricta	Magnoliopsida	220	Plantae	1989	1	1	160	43	0.6886214127687834	2.965577189855518	0.15990123330655173	0	0	0	1	0.8983106514072194	correct_baseline
9823072	Oxalis stricta	Magnoliopsida	220	Plantae	1990	1	1	250	39	0.655075847860605	2.7789492199533785	0.15441965019335255	0	0	0	1	0.9037634600246012	correct_baseline
9823072	Oxalis stricta	Magnoliopsida	220	Plantae	1991	36	28	12410	40	0.6251037657213361	2.622890535934453	0.14897866020923417	0	0	0	1	0.9091775060125138	correct_baseline
9823072	Oxalis stricta	Magnoliopsida	220	Plantae	1992	17	12	5403	42	0.5983593865339117	2.491922564645569	0.1436778014425031	0	0	0	1	0.9145385513514889	correct_baseline
9823072	Oxalis stricta	Magnoliopsida	220	Plantae	1993	14	11	4512	52	0.5745417197831266	2.3816568683951993	0.13860022917313802	0	0	0	1	0.9198292528359725	correct_baseline
9823072	Oxalis stricta	Magnoliopsida	220	Plantae	1994	12	12	6143	53	0.5533889771945826	2.2885716281279165	0.1338124427990809	0	0	0	1	0.9250285572065434	correct_baseline
9823072	Oxalis stricta	Magnoliopsida	220	Plantae	1995	2	2	1348	35	0.5346738147621971	2.2098389771060076	0.12936512169169084	0	0	0	1	0.9301110975614842	correct_baseline
9823072	Oxalis stricta	Magnoliopsida	220	Plantae	1996	2	2	869	38	0.5181992835958725	2.14319103635504	0.12529470913426816	0	0	0	1	0.9350467111003443	correct_baseline
9823072	Oxalis stricta	Magnoliopsida	220	Plantae	1997	5	5	1287	52	0.503795389114902	2.086815699140344	0.1216253999804542	0	0	0	1	0.9398002901443335	correct_baseline
9823072	Oxalis stricta	Magnoliopsida	220	Plantae	1998	1	1	648	35	0.49131617471442707	2.0392755201758814	0.11837124564472686	0	0	0	1	0.9443322877119407	correct_baseline
9823072	Oxalis stricta	Magnoliopsida	220	Plantae	1999	1	1	683	34	0.4806372600130387	1.999444746338798	0.11553816435080282	0	0	0	1	0.9486002754647771	correct_baseline
9823072	Oxalis stricta	Magnoliopsida	220	Plantae	2000	1	1	929	35	0.47165377562083516	1.9664607662222104	0.11312571696243619	0	0	0	1	0.9525618893540757	correct_baseline
9823072	Oxalis stricta	Magnoliopsida	220	Plantae	2001	1	1	456	20	0.4642786464396387	1.939687187897678	0.11112856902119927	0	0	0	1	0.956179161805649	correct_baseline
9823072	Oxalis stricta	Magnoliopsida	220	Plantae	2002	1	1	445	20	0.4584411841462849	1.9186864701162656	0.10953760429066474	0	0	0	1	0.9594235937326286	correct_baseline
9823072	Oxalis stricta	Magnoliopsida	220	Plantae	2003	17	17	4110	50	0.4540859569892887	1.903200596570731	0.10834068500525249	0	0	0	1	0.9622806191683871	correct_baseline
9823072	Oxalis stricta	Magnoliopsida	220	Plantae	2004	24	22	5024	46	0.45117191158030623	1.8931387419220422	0.10752307228806894	0	0	0	1	0.9647519012140862	correct_baseline
9823072	Oxalis stricta	Magnoliopsida	220	Plantae	2005	1	1	1590	66	0.44967172718314746	1.8885712661801677	0.10706753080960242	0	0	0	1	0.9668545636284418	correct_baseline
9823072	Oxalis stricta	Magnoliopsida	220	Plantae	2006	0	0	0	0	0.4495713882674155	1.88972971744111	0.1069541486717874	0	0	0	1	0.9686177157868326	correct_baseline
9823072	Oxalis stricta	Magnoliopsida	220	Plantae	2007	0	0	0	0	0.45086996595442413	1.8970128446026426	0.10715991026530151	0	0	0	1	0.970077626317603	correct_baseline
9823072	Oxalis stricta	Magnoliopsida	220	Plantae	2008	0	0	0	0	0.453579603579184	1.910998942822418	0.10765806938605292	0	0	0	1	0.9712730533965571	correct_baseline
9823072	Oxalis stricta	Magnoliopsida	220	Plantae	2009	1	1	325	41	0.45772570605407215	1.9324651975302196	0.10841738430811897	0	0	0	1	0.9722416940808775	correct_baseline
9823072	Oxalis stricta	Magnoliopsida	220	Plantae	2010	0	0	0	0	0.4633473371728601	1.9624150838417171	0.10940129671490868	0	0	0	1	0.9730180145621733	correct_baseline
9823072	Oxalis stricta	Magnoliopsida	220	Plantae	2011	2	2	395	66	0.4704978335632857	2.002115350127448	0.11056716156421945	0	0	0	1	0.9736322565912702	correct_baseline
9823072	Oxalis stricta	Magnoliopsida	220	Plantae	2012	0	0	0	0	0.47924564881156495	2.053144710767302	0.11186566183100805	0	0	0	1	0.9741102493354554	correct_baseline
9823072	Oxalis stricta	Magnoliopsida	220	Plantae	2013	2	2	877	65	0.48967544648085687	2.117457152489508	0.11324056432703407	0	0	0	1	0.9744736815214413	correct_baseline
9823072	Oxalis stricta	Magnoliopsida	220	Plantae	2014	0	0	0	0	0.5018894664787362	2.197463800475901	0.11462898114988672	0	0	0	1	0.9747405849220134	correct_baseline
9823072	Oxalis stricta	Magnoliopsida	220	Plantae	2015	1	1	761	67	0.5160091956658667	2.2961387006973624	0.11596228482663824	0	0	0	1	0.9749258765131802	correct_baseline
9823072	Oxalis stricta	Magnoliopsida	220	Plantae	2016	0	0	0	0	0.5321773809337468	2.417155793981681	0.11716777440769656	0	0	0	1	0.9750418779911458	correct_baseline
9823072	Oxalis stricta	Magnoliopsida	220	Plantae	2017	0	0	0	0	0.5505604314400494	2.5650669697790587	0.11817110127676794	0	0	0	1	0.9750987764372612	correct_baseline
9823072	Oxalis stricta	Magnoliopsida	220	Plantae	2018	0	0	0	0	0.5713512665425232	2.7455346390693776	0.11889934482501949	0	0	0	1	0.9751050153291875	correct_baseline
9823072	Oxalis stricta	Magnoliopsida	220	Plantae	2019	1	1	1712	66	0.5947726775342337	2.965637091229513	0.119284500112109	0	0	0	1	0.9750676179393847	correct_baseline
9823072	Oxalis stricta	Magnoliopsida	220	Plantae	2020	4	2	2493	66	0.6210812849346613	3.2342714703975286	0.11926703309437346	0	0	0	1	0.9749924507038374	correct_baseline
9823072	Oxalis stricta	Magnoliopsida	220	Plantae	2021	5	5	3522	63	0.6505721892916644	3.5626882043758097	0.1187991059559764	0	0	0	1	0.97488443584191	correct_baseline
9823072	Oxalis stricta	Magnoliopsida	220	Plantae	2022	2	2	2909	66	0.6835844327541396	3.965203141216009	0.11784709636855976	0	0	0	1	0.9747477223205496	correct_baseline
9823072	Oxalis stricta	Magnoliopsida	220	Plantae	2023	6	5	1718	62	0.7205074117596632	4.460150957402077	0.11639313004396358	0	0	0	1	0.9745858232726028	correct_baseline
9823072	Oxalis stricta	Magnoliopsida	220	Plantae	2024	9	7	2507	61	0.7617884088687746	5.0711677288585735	0.11443549314773681	0	0	0	1	0.9744017267804346	correct_baseline
