taxonKey	year	em_status	growth	method
1017419	2022			correct_baseline
1017419	2023			correct_baseline
1017419	2024			correct_baseline
1031394	2022	1	0.8617284480802981	correct_baseline
1031394	2023	1	0.8349417794468951	correct_baseline
1031394	2024	1	0.8087322538950267	correct_baseline
1031400	2022	0	0.5862160717544023	correct_baseline
1031400	2023	0	0.5103804517999598	correct_baseline
1031400	2024	0	0.4422592620149519	correct_baseline
1031684	2022	3	1.139671201299339	correct_baseline
1031684	2023	3	1.1319061025513288	correct_baseline
1031684	2024	3	1.12390066086537	correct_baseline
1031742	2022			correct_baseline
1031742	2023			correct_baseline
1031742	2024			correct_baseline
1047536	2022	3	1.4319807336799784	correct_baseline
1047536	2023	3	1.413899924308199	correct_baseline
1047536	2024	3	1.3954338161940079	correct_baseline
1095946	2022			correct_baseline
1095946	2023			correct_baseline
1095946	2024			correct_baseline
1111797	2022			correct_baseline
1111797	2023			correct_baseline
1111797	2024			correct_baseline
1309600	2022	0	0.6829069223380878	correct_baseline
1309600	2023	0	0.6511499783778805	correct_baseline
1309600	2024	0	0.6207572188979703	correct_baseline
1309606	2022	1	0.6197988141533102	correct_baseline
1309606	2023	1	0.5068711723724236	correct_baseline
1309606	2024	1	0.40896234112877256	correct_baseline
1309652	2022	0	0.5495782916503892	correct_baseline
1309652	2023	2	0.6857487042656818	correct_baseline
1309652	2024	2	0.8060656538423738	correct_baseline
1311477	2022	3	2.6741392957022914	correct_baseline
1311477	2023	3	2.812145991997472	correct_baseline
1311477	2024	3	2.9561853118363723	correct_baseline
1313740	2022			correct_baseline
1313740	2023			correct_baseline
1313740	2024			correct_baseline
1314773	2022	1	0.8183485688197855	correct_baseline
1314773	2023	1	0.810485802410187	correct_baseline
1314773	2024	1	0.8026150812250823	correct_baseline
1316908	2022	3	1.6730278141765886	correct_baseline
1316908	2023	3	1.7693257367534805	correct_baseline
1316908	2024	3	1.871115951965957	correct_baseline
1346919	2022	0	0.3410063808203438	correct_baseline
1346919	2023	0	0.10572598947276941	correct_baseline
1346919	2024	0	0.030100171347612295	correct_baseline
1411953	2022			correct_baseline
1411953	2023			correct_baseline
1411953	2024			correct_baseline
1421091	2022	3	1.316093657635032	correct_baseline
1421091	2023	3	1.281349205369833	correct_baseline
1421091	2024	3	1.2468209837123012	correct_baseline
1577153	2022			correct_baseline
1577153	2023			correct_baseline
1577153	2024			correct_baseline
1579447	2022	3	1.7947401165611847	correct_baseline
1579447	2023	3	1.5667965978140097	correct_baseline
1579447	2024	3	1.2863161987638851	correct_baseline
1622599	2022	0	0.711501544372968	correct_baseline
1622599	2023	0	0.5104496307360631	correct_baseline
1622599	2024	0	0.3532140759075591	correct_baseline
1622658	2022			correct_baseline
1622658	2023			correct_baseline
1622658	2024			correct_baseline
1626096	2022	3	1.1848982888202626	correct_baseline
1626096	2023	1	0.9459001459857144	correct_baseline
1626096	2024	1	0.6769478320208097	correct_baseline
1651430	2022	0	0.6755482207855075	correct_baseline
1651430	2023	0	0.6201579675406579	correct_baseline
1651430	2024	0	0.5690222912118444	correct_baseline
1652212	2022	0	0.33357388339451133	correct_baseline
1652212	2023	0	0.28665541572868836	correct_baseline
1652212	2024	0	0.24625411385740315	correct_baseline
1690429	2022	0	0.8268097230120683	correct_baseline
1690429	2023	0	0.8069635424107212	correct_baseline
1690429	2024	0	0.7875171681239992	correct_baseline
1702101	2022	0	0.42310613802147556	correct_baseline
1702101	2023	0	0.34664861566800426	correct_baseline
1702101	2024	0	0.2833052923289339	correct_baseline
1713034	2022			correct_baseline
1713034	2023			correct_baseline
1713034	2024			correct_baseline
1718308	2022	3	1.1726676874059043	correct_baseline
1718308	2023	3	1.1793246405432076	correct_baseline
1718308	2024	3	1.1858075622082505	correct_baseline
1719204	2022			correct_baseline
1719204	2023			correct_baseline
1719204	2024			correct_baseline
1722299	2022	1	0.7332931439148558	correct_baseline
1722299	2023	1	0.6537549155803187	correct_baseline
1722299	2024	1	0.5820174224055881	correct_baseline
1737131	2022			correct_baseline
1737131	2023			correct_baseline
1737131	2024			correct_baseline
1749449	2022	0	0.8632805207915719	correct_baseline
1749449	2023	0	0.7057672772163317	correct_baseline
1749449	2024	0	0.5709104341689939	correct_baseline
1749580	2022	1	0.870995044995809	correct_baseline
1749580	2023	1	0.8388370042793585	correct_baseline
1749580	2024	1	0.8074488958384826	correct_baseline
1751299	2022	1	1.0098551436279215	correct_baseline
1751299	2023	1	0.9985436663035765	correct_baseline
1751299	2024	1	0.9871104146096612	correct_baseline
1798504	2022			correct_baseline
1798504	2023			correct_baseline
1798504	2024			correct_baseline
1830823	2022			correct_baseline
1830823	2023			correct_baseline
1830823	2024			correct_baseline
1852787	2022			correct_baseline
1852787	2023			correct_baseline
1852787	2024			correct_baseline
1852831	2022			correct_baseline
1852831	2023			correct_baseline
1852831	2024			correct_baseline
1873890	2022			correct_baseline
1873890	2023			correct_baseline
1873890	2024			correct_baseline
1873903	2022			correct_baseline
1873903	2023			correct_baseline
1873903	2024			correct_baseline
1885213	2022			correct_baseline
1885213	2023			correct_baseline
1885213	2024			correct_baseline
1891245	2022			correct_baseline
1891245	2023			correct_baseline
1891245	2024			correct_baseline
1920491	2022			correct_baseline
1920491	2023			correct_baseline
1920491	2024			correct_baseline
1932752	2022			correct_baseline
1932752	2023			correct_baseline
1932752	2024			correct_baseline
1941864	2022			correct_baseline
1941864	2023			correct_baseline
1941864	2024			correct_baseline
1997215	2022	3	1.5670885024801309	correct_baseline
1997215	2023	3	1.6104670514336272	correct_baseline
1997215	2024	3	1.6547876173210472	correct_baseline
1998083	2022			correct_baseline
1998083	2023			correct_baseline
1998083	2024			correct_baseline
1998599	2022			correct_baseline
1998599	2023			correct_baseline
1998599	2024			correct_baseline
2000152	2022			correct_baseline
2000152	2023			correct_baseline
2000152	2024			correct_baseline
2000204	2022	3	1.6272362005196248	correct_baseline
2000204	2023	3	1.379960027448873	correct_baseline
2000204	2024	3	1.0398275538209059	correct_baseline
2008616	2022	0	0.9592204755246572	correct_baseline
2008616	2023	0	0.8026505658818613	correct_baseline
2008616	2024	0	0.6689639274688093	correct_baseline
2020655	2022	3	1.3900308055861228	correct_baseline
2020655	2023	3	1.3796984205119063	correct_baseline
2020655	2024	3	1.3688942401429	correct_baseline
2020686	2022	3	1.177461038036104	correct_baseline
2020686	2023	3	1.1793087385714078	correct_baseline
2020686	2024	3	1.1808928305839708	correct_baseline
2020779	2022			correct_baseline
2020779	2023			correct_baseline
2020779	2024			correct_baseline
2026623	2022			correct_baseline
2026623	2023			correct_baseline
2026623	2024			correct_baseline
2029273	2022			correct_baseline
2029273	2023			correct_baseline
2029273	2024			correct_baseline
2037925	2022	3	1.5724289710941963	correct_baseline
2037925	2023	3	1.5578564391909526	correct_baseline
2037925	2024	3	1.542715278498079	correct_baseline
2037991	2022			correct_baseline
2037991	2023			correct_baseline
2037991	2024			correct_baseline
2038171	2022	3	1.0893843586672112	correct_baseline
2038171	2023	3	1.0835164382912845	correct_baseline
2038171	2024	3	1.077350051724877	correct_baseline
2041682	2022	3	1.3031378639220468	correct_baseline
2041682	2023	3	1.2921672009316028	correct_baseline
2041682	2024	3	1.2811519583769952	correct_baseline
2049296	2022			correct_baseline
2049296	2023			correct_baseline
2049296	2024			correct_baseline
2049661	2022	1	0.8415412380033199	correct_baseline
2049661	2023	1	0.7671629331432045	correct_baseline
2049661	2024	1	0.695112706954524	correct_baseline
2072196	2022			correct_baseline
2072196	2023			correct_baseline
2072196	2024			correct_baseline
2077209	2022			correct_baseline
2077209	2023			correct_baseline
2077209	2024			correct_baseline
2077985	2022			correct_baseline
2077985	2023			correct_baseline
2077985	2024			correct_baseline
2078259	2022			correct_baseline
2078259	2023			correct_baseline
2078259	2024			correct_baseline
2078852	2022	3	2.4440973847851146	correct_baseline
2078852	2023	3	2.5890577421091217	correct_baseline
2078852	2024	3	2.742211158349505	correct_baseline
2080592	2022			correct_baseline
2080592	2023			correct_baseline
2080592	2024			correct_baseline
2092040	2022			correct_baseline
2092040	2023			correct_baseline
2092040	2024			correct_baseline
2095283	2022			correct_baseline
2095283	2023			correct_baseline
2095283	2024			correct_baseline
2115769	2022	1	0.9038892944571433	basic
2115769	2023	1	0.8625056000480761	basic
2115769	2024	1	0.8225929795059259	basic
2128502	2022			correct_baseline
2128502	2023			correct_baseline
2128502	2024			correct_baseline
2142456	2022	0	0.7432188733627143	correct_baseline
2142456	2023	0	0.6676943960267051	correct_baseline
2142456	2024	0	0.5993871936665136	correct_baseline
2149679	2022	0	0.6901195650478207	correct_baseline
2149679	2023	0	0.49222985486489756	correct_baseline
2149679	2024	0	0.3431236563559297	correct_baseline
2153287	2022	3	1.9063557484796998	correct_baseline
2153287	2023	3	1.9858987229913203	correct_baseline
2153287	2024	3	2.0597819362787124	correct_baseline
2157203	2022			correct_baseline
2157203	2023			correct_baseline
2157203	2024			correct_baseline
2157245	2022	0	0.8513469005801868	correct_baseline
2157245	2023	0	0.787618900759006	correct_baseline
2157245	2024	0	0.7280090912249214	correct_baseline
2164198	2022			correct_baseline
2164198	2023			correct_baseline
2164198	2024			correct_baseline
2169430	2022			correct_baseline
2169430	2023			correct_baseline
2169430	2024			correct_baseline
2174528	2022	0	0.8659730283550733	correct_baseline
2174528	2023	0	0.7203115211743454	correct_baseline
2174528	2024	0	0.570577839411598	correct_baseline
2176858	2022			correct_baseline
2176858	2023			correct_baseline
2176858	2024			correct_baseline
2177741	2022	1	0.9563559957282547	correct_baseline
2177741	2023	1	0.9353310582522761	correct_baseline
2177741	2024	1	0.913450416321256	correct_baseline
2188249	2022			correct_baseline
2188249	2023			correct_baseline
2188249	2024			correct_baseline
2204981	2022			correct_baseline
2204981	2023			correct_baseline
2204981	2024			correct_baseline
2211599	2022			correct_baseline
2211599	2023			correct_baseline
2211599	2024			correct_baseline
2217982	2022	3	1.3276448130584417	correct_baseline
2217982	2023	3	1.4580688721453676	correct_baseline
2217982	2024	3	1.6008558466573959	correct_baseline
2220312	2022			correct_baseline
2220312	2023			correct_baseline
2220312	2024			correct_baseline
2220347	2022	3	1.2929510729954552	correct_baseline
2220347	2023	3	1.3339443239871558	correct_baseline
2220347	2024	3	1.372900268264814	correct_baseline
2225772	2022	3	1.4491455170341765	correct_baseline
2225772	2023	3	1.4710836515157455	correct_baseline
2225772	2024	3	1.4930117789683133	correct_baseline
2225776	2022	2	0.9685401851948586	correct_baseline
2225776	2023	2	0.9958820219934573	correct_baseline
2225776	2024	3	1.0235267939224033	correct_baseline
2226990	2022	3	1.0461627567628784	correct_baseline
2226990	2023	3	1.0450239722872114	correct_baseline
2226990	2024	3	1.0438598145861147	correct_baseline
2227289	2022	3	1.5057216304175554	correct_baseline
2227289	2023	3	1.490964752537071	correct_baseline
2227289	2024	3	1.473600685254366	correct_baseline
2227300	2022	3	1.2594457433247448	correct_baseline
2227300	2023	3	1.2483334755350828	correct_baseline
2227300	2024	3	1.2368887182049855	correct_baseline
2227663	2022	3	1.0681191892185147	correct_baseline
2227663	2023	3	1.070143046004784	correct_baseline
2227663	2024	3	1.072127879092848	correct_baseline
2285504	2022			correct_baseline
2285504	2023			correct_baseline
2285504	2024			correct_baseline
2286388	2022			correct_baseline
2286388	2023			correct_baseline
2286388	2024			correct_baseline
2287072	2022	1	0.9757390452944877	correct_baseline
2287072	2023	1	0.9738486854182252	correct_baseline
2287072	2024	1	0.9719215353019023	correct_baseline
2287073	2022	1	0.8807863723768117	correct_baseline
2287073	2023	1	0.8644211488542042	correct_baseline
2287073	2024	1	0.8478831518009693	correct_baseline
2288926	2022			correct_baseline
2288926	2023			correct_baseline
2288926	2024			correct_baseline
2294275	2022			correct_baseline
2294275	2023			correct_baseline
2294275	2024			correct_baseline
2294277	2022	1	0.7305103193681892	correct_baseline
2294277	2023	1	0.67835482465036	correct_baseline
2294277	2024	1	0.6296517659303035	correct_baseline
2294284	2022	0	0.2776147542445947	correct_baseline
2294284	2023	0	0.22889074669247156	correct_baseline
2294284	2024	0	0.18850904992026998	correct_baseline
2295442	2022	1	0.9153443394676516	correct_baseline
2295442	2023	1	0.883824996733583	correct_baseline
2295442	2024	1	0.8532985627400563	correct_baseline
2296807	2022	1	0.3684366624843042	correct_baseline
2296807	2023	1	0.3135897051393277	correct_baseline
2296807	2024	1	0.2667279303240403	correct_baseline
2297108	2022	0	0.5021930239933738	correct_baseline
2297108	2023	0	0.4491639658265893	correct_baseline
2297108	2024	0	0.4015568772185511	correct_baseline
2307726	2022			correct_baseline
2307726	2023			correct_baseline
2307726	2024			correct_baseline
2320810	2022			correct_baseline
2320810	2023			correct_baseline
2320810	2024			correct_baseline
2327735	2022	3	1.1442941393853459	correct_baseline
2327735	2023	3	1.1539860020725503	correct_baseline
2327735	2024	3	1.1636600238450119	correct_baseline
2337607	2022	0	0.359074889196042	basic
2337607	2023	0	0.30614030554729066	basic
2337607	2024	0	0.2601327849264736	basic
2362030	2022	1	0.9555536674120244	basic
2362030	2023	1	0.9321136247849818	basic
2362030	2024	1	0.9089121050068496	basic
2362868	2022	1	0.9019085941998835	basic
2362868	2023	1	0.8886593178221974	basic
2362868	2024	1	0.875280784453566	basic
2366634	2022	1	0.8490978459028953	basic
2366634	2023	1	0.8235640320059399	basic
2366634	2024	1	0.7983751805061542	basic
2367742	2022	0	0.7609885577030668	basic
2367742	2023	0	0.7470259603890447	basic
2367742	2024	0	0.7332967558093328	basic
2367911	2022	0	0.12950433423314892	basic
2367911	2023	3	2.922055682114716	basic
2367911	2024	3	34.86891642758818	basic
2379089	2022	0	0.7312893562001932	basic
2379089	2023	1	0.6727492302062812	basic
2379089	2024	1	0.6136777657546529	basic
2379245	2022	0	0.7025629555729258	basic
2379245	2023	0	0.42741645678147067	basic
2379245	2024	0	0.2427992983600924	basic
2382155	2022	0	0.8135741524981295	basic
2382155	2023	0	0.7895053196625196	basic
2382155	2024	0	0.7660232765878424	basic
2394486	2022	3	1.1629317358044577	basic
2394486	2023	3	1.170444349700354	basic
2394486	2024	3	1.177426114229776	basic
2426640	2022	2	0.9894969641355136	correct_baseline
2426640	2023	3	1.0914089683047232	correct_baseline
2426640	2024	3	1.195913518380032	correct_baseline
2426661	2022	3	1.081964788388932	correct_baseline
2426661	2023	3	1.1106890478367797	correct_baseline
2426661	2024	3	1.1400689837731979	correct_baseline
2427091	2022	1	0.7971883428449669	correct_baseline
2427091	2023	1	0.7678384114229441	correct_baseline
2427091	2024	1	0.7392951826956105	correct_baseline
2435035	2022	3	1.0159972882531392	correct_baseline
2435035	2023	1	0.9980245933827462	correct_baseline
2435035	2024	1	0.9765727340833444	correct_baseline
2436940	2022	3	1.142334205368085	correct_baseline
2436940	2023	3	1.1432132374472972	correct_baseline
2436940	2024	3	1.1438233954446828	correct_baseline
2437282	2022			correct_baseline
2437282	2023			correct_baseline
2437282	2024			correct_baseline
2437397	2022			correct_baseline
2437397	2023			correct_baseline
2437397	2024			correct_baseline
2437450	2022	0	0.9404375304319224	correct_baseline
2437450	2023	0	0.8912482810238563	correct_baseline
2437450	2024	0	0.8443583287804999	correct_baseline
2437619	2022			correct_baseline
2437619	2023			correct_baseline
2437619	2024			correct_baseline
2439261	2022	3	1.3032908357169557	correct_baseline
2439261	2023	3	1.303141823804343	correct_baseline
2439261	2024	3	1.302636771072005	correct_baseline
2439270	2022			correct_baseline
2439270	2023			correct_baseline
2439270	2024			correct_baseline
2440196	2022			correct_baseline
2440196	2023			correct_baseline
2440196	2024			correct_baseline
2440946	2022	0	0.8926231957025567	correct_baseline
2440946	2023	0	0.8269640562969245	correct_baseline
2440946	2024	0	0.7654678705329281	correct_baseline
2440954	2022			correct_baseline
2440954	2023			correct_baseline
2440954	2024			correct_baseline
2441905	2022			correct_baseline
2441905	2023			correct_baseline
2441905	2024			correct_baseline
2443002	2022	1	0.9745023246578157	correct_baseline
2443002	2023	1	0.9658602037929283	correct_baseline
2443002	2024	1	0.9570905361269944	correct_baseline
2445034	2022			correct_baseline
2445034	2023			correct_baseline
2445034	2024			correct_baseline
2455615	2022	1	0.7298909195758607	correct_baseline
2455615	2023	1	0.6286318789891262	correct_baseline
2455615	2024	1	0.5304208281660212	correct_baseline
2469188	2022	1	0.7394780835704727	correct_baseline
2469188	2023	1	0.7247476573461094	correct_baseline
2469188	2024	1	0.7084180981269325	correct_baseline
2473341	2022	3	1.0474271506349733	correct_baseline
2473341	2023	1	1.0069394685501956	correct_baseline
2473341	2024	1	0.964228421025982	correct_baseline
2473477	2022	3	1.068287003972841	correct_baseline
2473477	2023	3	1.0597746451966341	correct_baseline
2473477	2024	3	1.0510833839521372	correct_baseline
2474029	2022			correct_baseline
2474029	2023			correct_baseline
2474029	2024			correct_baseline
2474051	2022	1	0.961528173965545	correct_baseline
2474051	2023	1	0.9566000628660305	correct_baseline
2474051	2024	1	0.951513370271652	correct_baseline
2474416	2022			correct_baseline
2474416	2023			correct_baseline
2474416	2024			correct_baseline
2474936	2022	1	0.7958892938617737	correct_baseline
2474936	2023	1	0.7786438685881959	correct_baseline
2474936	2024	1	0.7615532976969587	correct_baseline
2475235	2022			correct_baseline
2475235	2023			correct_baseline
2475235	2024			correct_baseline
2475648	2022	2	0.9994035624057134	correct_baseline
2475648	2023	3	1.0167718083694852	correct_baseline
2475648	2024	3	1.034124916389038	correct_baseline
2479226	2022	3	1.1599503009999514	correct_baseline
2479226	2023	3	1.1599602050898081	correct_baseline
2479226	2024	3	1.159945862229019	correct_baseline
2479311	2022	0	0.5766955822029256	correct_baseline
2479311	2023	0	0.5288008057328879	correct_baseline
2479311	2024	0	0.4847186431074375	correct_baseline
2479329	2022			correct_baseline
2479329	2023			correct_baseline
2479329	2024			correct_baseline
2479407	2022	3	1.0657512188248388	correct_baseline
2479407	2023	3	1.0589696924844532	correct_baseline
2479407	2024	3	1.0520315361582855	correct_baseline
2479544	2022			correct_baseline
2479544	2023			correct_baseline
2479544	2024			correct_baseline
2479798	2022	1	0.9184193558556683	correct_baseline
2479798	2023	1	0.8805147982628166	correct_baseline
2479798	2024	1	0.8432430385095483	correct_baseline
2479804	2022			correct_baseline
2479804	2023			correct_baseline
2479804	2024			correct_baseline
2479925	2022			correct_baseline
2479925	2023			correct_baseline
2479925	2024			correct_baseline
2479977	2022	1	0.9848363039824606	correct_baseline
2479977	2023	1	0.979285672663883	correct_baseline
2479977	2024	1	0.973673477835187	correct_baseline
2480350	2022	1	1.00998608870544	correct_baseline
2480350	2023	3	1.0140378120067657	correct_baseline
2480350	2024	3	1.0179964377395392	correct_baseline
2480372	2022	0	0.3694916520058895	correct_baseline
2480372	2023	0	0.2384560593762576	correct_baseline
2480372	2024	0	0.1512648020662187	correct_baseline
2480410	2022	1	1.0038201154873592	correct_baseline
2480410	2023	1	0.9837936157255949	correct_baseline
2480410	2024	1	0.9638915389399717	correct_baseline
2480446	2022			correct_baseline
2480446	2023			correct_baseline
2480446	2024			correct_baseline
2480491	2022	1	0.70417556502879175	correct_baseline
2480491	2023	1	0.6856998199542533	correct_baseline
2480491	2024	1	0.6673853748103321	correct_baseline
2480524	2022	0	0.5009008860996124	correct_baseline
2480524	2023	0	0.46986156902993115	correct_baseline
2480524	2024	0	0.44053993759275734	correct_baseline
2480649	2022			correct_baseline
2480649	2023			correct_baseline
2480649	2024			correct_baseline
2480685	2022	1	0.7572591334998022	correct_baseline
2480685	2023	1	0.7528452066603805	correct_baseline
2480685	2024	1	0.7482333900350147	correct_baseline
2480764	2022	1	0.8272570544511434	correct_baseline
2480764	2023	1	0.8214883382459843	correct_baseline
2480764	2024	1	0.8156959816062609	correct_baseline
2480773	2022	1	0.8492156532752019	correct_baseline
2480773	2023	1	0.8303485485417963	correct_baseline
2480773	2024	1	0.8114693021470795	correct_baseline
2480906	2022	0	0.7059481032071735	correct_baseline
2480906	2023	0	0.6951236914897632	correct_baseline
2480906	2024	0	0.6844439528211997	correct_baseline
2481062	2022	0	0.8448643348003589	correct_baseline
2481062	2023	0	0.8375983046618781	correct_baseline
2481062	2024	0	0.8303817348934686	correct_baseline
2481134	2022	1	0.8580920210745591	correct_baseline
2481134	2023	1	0.8607697779394801	correct_baseline
2481134	2024	1	0.8632747476317245	correct_baseline
2481263	2022	0	0.7884530458505994	correct_baseline
2481263	2023	0	0.7822425661647063	correct_baseline
2481263	2024	0	0.7760573290218673	correct_baseline
2481670	2022			correct_baseline
2481670	2023			correct_baseline
2481670	2024			correct_baseline
2481703	2022	0	0.6104495301678554	correct_baseline
2481703	2023	0	0.6045912899308956	correct_baseline
2481703	2024	0	0.5986653101152978	correct_baseline
2481719	2022	0	0.7047876666244461	correct_baseline
2481719	2023	0	0.6956124854583835	correct_baseline
2481719	2024	0	0.6864918631202134	correct_baseline
2481744	2022	0	0.6618098602283938	correct_baseline
2481744	2023	0	0.6507736846380067	correct_baseline
2481744	2024	0	0.6399048810321546	correct_baseline
2481959	2022	0	0.8579728791558989	correct_baseline
2481959	2023	0	0.8508400346652949	correct_baseline
2481959	2024	0	0.843758554113358	correct_baseline
2481962	2022	0	0.8417648932498906	correct_baseline
2481962	2023	0	0.8338090606007947	correct_baseline
2481962	2024	0	0.8259127916675199	correct_baseline
2484605	2022	1	0.5975817181185613	correct_baseline
2484605	2023	1	0.5840678111858456	correct_baseline
2484605	2024	1	0.570522548425107	correct_baseline
2486132	2022			correct_baseline
2486132	2023			correct_baseline
2486132	2024			correct_baseline
2489075	2022			correct_baseline
2489075	2023			correct_baseline
2489075	2024			correct_baseline
2490384	2022			correct_baseline
2490384	2023			correct_baseline
2490384	2024			correct_baseline
2492867	2022	0	0.6881312728051492	correct_baseline
2492867	2023	0	0.6793777281733948	correct_baseline
2492867	2024	0	0.6703844946576756	correct_baseline
2493618	2022			correct_baseline
2493618	2023			correct_baseline
2493618	2024			correct_baseline
2493633	2022	1	0.8593108440389888	correct_baseline
2493633	2023	1	0.809837622767734	correct_baseline
2493633	2024	1	0.7622072330810571	correct_baseline
2494303	2022	3	1.043114522488078	correct_baseline
2494303	2023	3	1.0121947972439005	correct_baseline
2494303	2024	1	0.9817714584675282	correct_baseline
2495414	2022	3	1.228757709765403	correct_baseline
2495414	2023	3	1.2436631592511582	correct_baseline
2495414	2024	3	1.2584282261225554	correct_baseline
2495494	2022	1	0.8022628853108623	correct_baseline
2495494	2023	1	0.6722203469161102	correct_baseline
2495494	2024	1	0.5574942237296794	correct_baseline
2497701	2022			correct_baseline
2497701	2023			correct_baseline
2497701	2024			correct_baseline
2498015	2022	1	0.9469861302181518	correct_baseline
2498015	2023	1	0.9286854339298325	correct_baseline
2498015	2024	1	0.9104989687856895	correct_baseline
2498026	2022	0	0.5452123039212001	correct_baseline
2498026	2023	0	0.5162305324325228	correct_baseline
2498026	2024	0	0.4885684602199315	correct_baseline
2498034	2022	1	0.9654156789465184	correct_baseline
2498034	2023	1	0.9545695377173057	correct_baseline
2498034	2024	1	0.9437458160507461	correct_baseline
2498035	2022	3	1.0441221294838654	correct_baseline
2498035	2023	3	1.0368355835041039	correct_baseline
2498035	2024	3	1.0295836565692262	correct_baseline
2498046	2022	1	0.9317398652070055	correct_baseline
2498046	2023	1	0.912151527038085	correct_baseline
2498046	2024	1	0.8928283870131951	correct_baseline
2498090	2022	1	0.904172278436429	correct_baseline
2498090	2023	0	0.8918736954900035	correct_baseline
2498090	2024	0	0.8797065077681618	correct_baseline
2498094	2022	1	0.9306287210311753	correct_baseline
2498094	2023	1	0.9261622615223287	correct_baseline
2498094	2024	1	0.9208995318991657	correct_baseline
2498161	2022	1	0.7912493990491829	correct_baseline
2498161	2023	1	0.7852184471206047	correct_baseline
2498161	2024	1	0.7791534636079464	correct_baseline
2498163	2022	1	0.9019389437521708	correct_baseline
2498163	2023	1	0.8783900066923571	correct_baseline
2498163	2024	1	0.8547002297795044	correct_baseline
2498167	2022	0	0.7872349259861828	correct_baseline
2498167	2023	0	0.7795901388227671	correct_baseline
2498167	2024	0	0.7719942377268058	correct_baseline
2498252	2022	3	1.0415856611186411	correct_baseline
2498252	2023	3	1.0337051268356348	correct_baseline
2498252	2024	3	1.0257096999450246	correct_baseline
2498259	2022	0	0.6441549492032698	correct_baseline
2498259	2023	0	0.6191760020173696	correct_baseline
2498259	2024	0	0.5950244769309802	correct_baseline
2498305	2022	0	0.6995996100278443	correct_baseline
2498305	2023	0	0.686461050951139	correct_baseline
2498305	2024	0	0.6734367323767	correct_baseline
2498329	2022	3	1.1961452316942123	correct_baseline
2498329	2023	3	1.2292997076768368	correct_baseline
2498329	2024	3	1.2618311709684913	correct_baseline
2498344	2022	3	1.163975570297799	correct_baseline
2498344	2023	3	1.1896200102575318	correct_baseline
2498344	2024	3	1.2156228108617742	correct_baseline
2498384	2022	1	0.9512757857296944	correct_baseline
2498384	2023	1	0.9322850542901431	correct_baseline
2498384	2024	1	0.9135798443432713	correct_baseline
2498387	2022	0	0.8400394609987276	correct_baseline
2498387	2023	0	0.7926827788486485	correct_baseline
2498387	2024	0	0.7477212125552771	correct_baseline
2498388	2022	1	1.007779937161544	correct_baseline
2498388	2023	1	1.0016193912497273	correct_baseline
2498388	2024	1	0.995370240115541	correct_baseline
2498402	2022	3	1.0175844542805594	correct_baseline
2498402	2023	3	1.0114258533664278	correct_baseline
2498402	2024	1	1.0051111403552846	correct_baseline
2498408	2022	1	0.9273113302774842	correct_baseline
2498408	2023	1	0.9136691620721971	correct_baseline
2498408	2024	1	0.8997416287658883	correct_baseline
2501248	2022	3	1.2097568699305805	correct_baseline
2501248	2023	3	1.206630990421181	correct_baseline
2501248	2024	3	1.2029949530446626	correct_baseline
2502810	2022			basic
2502810	2023			basic
2502810	2024			basic
2515351	2022			correct_baseline
2515351	2023			correct_baseline
2515351	2024			correct_baseline
2516075	2022	1	0.8673605447941575	correct_baseline
2516075	2023	1	0.8574633825232545	correct_baseline
2516075	2024	1	0.8476466802002359	correct_baseline
2516419	2022	1	0.7702980432956612	correct_baseline
2516419	2023	1	0.7421491664356906	correct_baseline
2516419	2024	1	0.7141551718681349	correct_baseline
2516809	2022	0	0.7641851057287748	correct_baseline
2516809	2023	0	0.738552771292042	correct_baseline
2516809	2024	0	0.7135794637349532	correct_baseline
2537743	2022			correct_baseline
2537743	2023			correct_baseline
2537743	2024			correct_baseline
2598552	2022	0	0.802696772421971	correct_baseline
2598552	2023	0	0.7859499956532322	correct_baseline
2598552	2024	0	0.769528307167598	correct_baseline
2650107	2022	3	1.0781121656597081	correct_baseline
2650107	2023	3	1.0786552092593829	correct_baseline
2650107	2024	3	1.079109093906363	correct_baseline
2650827	2022	3	1.0222641998529978	correct_baseline
2650827	2023	1	0.9252729992807246	correct_baseline
2650827	2024	1	0.8338124563902621	correct_baseline
2650829	2022			correct_baseline
2650829	2023			correct_baseline
2650829	2024			correct_baseline
2650903	2022	3	1.0199784676113717	correct_baseline
2650903	2023	3	1.0250235216088224	correct_baseline
2650903	2024	3	1.0300524205775332	correct_baseline
2651122	2022			correct_baseline
2651122	2023			correct_baseline
2651122	2024			correct_baseline
2651816	2022	3	1.020079261810307	correct_baseline
2651816	2023	3	1.017949727180361	correct_baseline
2651816	2024	3	1.015627870122794	correct_baseline
2651826	2022	3	1.1727175769678748	correct_baseline
2651826	2023	3	1.181574115117179	correct_baseline
2651826	2024	3	1.189871734077537	correct_baseline
2677047	2022	3	1.0750675026725764	correct_baseline
2677047	2023	3	1.0782224150130653	correct_baseline
2677047	2024	3	1.0813783595578816	correct_baseline
2683866	2022	3	1.0154079517207566	correct_baseline
2683866	2023	1	0.9885623666486336	correct_baseline
2683866	2024	1	0.962192673028994	correct_baseline
2684120	2022	1	0.6650106334340162	correct_baseline
2684120	2023	1	0.6375284480634061	correct_baseline
2684120	2024	1	0.6101734508541625	correct_baseline
2684171	2022	3	1.143480294790031	correct_baseline
2684171	2023	3	1.149966716427539	correct_baseline
2684171	2024	3	1.1563838187759823	correct_baseline
2684178	2022	1	0.9911980606537243	correct_baseline
2684178	2023	1	0.9929817352718235	correct_baseline
2684178	2024	1	0.9947109082097164	correct_baseline
2684191	2022	0	0.7626079755122537	correct_baseline
2684191	2023	0	0.7023819478646256	correct_baseline
2684191	2024	0	0.6466044079840878	correct_baseline
2684984	2022			correct_baseline
2684984	2023			correct_baseline
2684984	2024			correct_baseline
2685361	2022	3	1.0448721780303698	correct_baseline
2685361	2023	3	1.0435474966051759	correct_baseline
2685361	2024	3	1.0421679347247397	correct_baseline
2685484	2022	1	0.9438595169664526	correct_baseline
2685484	2023	1	0.9386507911236358	correct_baseline
2685484	2024	1	0.9334208466842372	correct_baseline
2685552	2022	1	0.9426711721944506	correct_baseline
2685552	2023	1	0.9423026985228588	correct_baseline
2685552	2024	1	0.9418142890048583	correct_baseline
2685796	2022	1	0.9482434818391859	correct_baseline
2685796	2023	1	0.9475415979131496	correct_baseline
2685796	2024	1	0.9467266048210019	correct_baseline
2686157	2022	3	1.0395059544921827	correct_baseline
2686157	2023	3	1.0391103962376171	correct_baseline
2686157	2024	3	1.0385838740925606	correct_baseline
2686212	2022	1	0.910349240641886	correct_baseline
2686212	2023	1	0.9037662738308752	correct_baseline
2686212	2024	1	0.8971266690605815	correct_baseline
2687182	2022			correct_baseline
2687182	2023			correct_baseline
2687182	2024			correct_baseline
2687210	2022	1	0.9111227651635333	correct_baseline
2687210	2023	1	0.8760632784776258	correct_baseline
2687210	2024	1	0.842060437892337	correct_baseline
2687885	2022			correct_baseline
2687885	2023			correct_baseline
2687885	2024			correct_baseline
2688189	2022	0	0.7454890741343656	correct_baseline
2688189	2023	0	0.6751381325366264	correct_baseline
2688189	2024	0	0.6110214070178606	correct_baseline
2700768	2022	1	0.7965300355934726	correct_baseline
2700768	2023	1	0.7241807289569843	correct_baseline
2700768	2024	1	0.6573522677045788	correct_baseline
2701578	2022	1	0.7763949562174133	correct_baseline
2701578	2023	1	0.7731483466345107	correct_baseline
2701578	2024	1	0.7699026109028855	correct_baseline
2701612	2022			correct_baseline
2701612	2023			correct_baseline
2701612	2024			correct_baseline
2701879	2022			correct_baseline
2701879	2023			correct_baseline
2701879	2024			correct_baseline
2701986	2022	3	1.098019567606281	correct_baseline
2701986	2023	3	1.1052375505086647	correct_baseline
2701986	2024	3	1.112491331667082	correct_baseline
2702058	2022	1	0.7447196774155567	correct_baseline
2702058	2023	1	0.7106325614351992	correct_baseline
2702058	2024	1	0.6741157209990309	correct_baseline
2702084	2022	3	1.0896355386758187	correct_baseline
2702084	2023	3	1.093272712643395	correct_baseline
2702084	2024	3	1.0968251128851871	correct_baseline
2702727	2022	0	0.9367828345543192	correct_baseline
2702727	2023	0	0.9315383624065425	correct_baseline
2702727	2024	0	0.9262910186545811	correct_baseline
2702792	2022	1	0.9801979948247844	correct_baseline
2702792	2023	1	0.974647304408517	correct_baseline
2702792	2024	1	0.9682515192157418	correct_baseline
2702808	2022	3	1.1610247852028144	correct_baseline
2702808	2023	3	1.1765716095460155	correct_baseline
2702808	2024	3	1.1921121556690388	correct_baseline
2702816	2022	1	0.9188169611388218	correct_baseline
2702816	2023	1	0.9080957204346263	correct_baseline
2702816	2024	1	0.8972996955490808	correct_baseline
2702822	2022	1	1.0065809737639067	correct_baseline
2702822	2023	1	1.0052015174018316	correct_baseline
2702822	2024	1	1.0037622466957563	correct_baseline
2703041	2022			correct_baseline
2703041	2023			correct_baseline
2703041	2024			correct_baseline
2703663	2022	1	0.7831024892861238	correct_baseline
2703663	2023	1	0.7752411782675103	correct_baseline
2703663	2024	1	0.7674442155816239	correct_baseline
2703670	2022	1	0.9708605177683632	correct_baseline
2703670	2023	1	0.969054822766445	correct_baseline
2703670	2024	1	0.9672409243270643	correct_baseline
2703698	2022	0	0.7617137699392107	correct_baseline
2703698	2023	0	0.7087353112419977	correct_baseline
2703698	2024	0	0.6586078520422356	correct_baseline
2703712	2022	0	0.7745639867164125	correct_baseline
2703712	2023	0	0.7639660007981566	correct_baseline
2703712	2024	0	0.7534010273513512	correct_baseline
2703721	2022	3	1.078405810421543	correct_baseline
2703721	2023	3	1.0773365770556815	correct_baseline
2703721	2024	3	1.0760588127816613	correct_baseline
2703723	2022	3	1.1534853229836881	correct_baseline
2703723	2023	3	1.157027265728934	correct_baseline
2703723	2024	3	1.1605231702431702	correct_baseline
2703740	2022			correct_baseline
2703740	2023			correct_baseline
2703740	2024			correct_baseline
2703760	2022	3	1.1314568010084267	correct_baseline
2703760	2023	3	1.132202523360863	correct_baseline
2703760	2024	3	1.13293623026597	correct_baseline
2704038	2022	3	1.0761890488687114	correct_baseline
2704038	2023	3	1.1155939983991547	correct_baseline
2704038	2024	3	1.1555942061441078	correct_baseline
2704194	2022	0	0.5377501461022212	correct_baseline
2704194	2023	0	0.3725461553604242	correct_baseline
2704194	2024	0	0.25049231816662565	correct_baseline
2704394	2022	1	0.8949599628277496	correct_baseline
2704394	2023	1	0.8891101630260616	correct_baseline
2704394	2024	1	0.8832237137189194	correct_baseline
2704523	2022	1	0.9619425905756804	correct_baseline
2704523	2023	1	0.9566152707879724	correct_baseline
2704523	2024	1	0.9507502161127638	correct_baseline
2704757	2022	3	1.2778200148310435	correct_baseline
2704757	2023	3	1.291330421362272	correct_baseline
2704757	2024	3	1.3047262122051588	correct_baseline
2704949	2022	1	0.9044863877202982	correct_baseline
2704949	2023	1	0.8894261762341513	correct_baseline
2704949	2024	1	0.8743536597446062	correct_baseline
2705031	2022	1	0.9436688101265479	correct_baseline
2705031	2023	1	0.9438502796777963	correct_baseline
2705031	2024	1	0.9438828789912621	correct_baseline
2705081	2022	1	0.9462728319355456	correct_baseline
2705081	2023	1	0.9476391029553325	correct_baseline
2705081	2024	1	0.9488337397378742	correct_baseline
2705090	2022	3	1.1265248233214955	correct_baseline
2705090	2023	3	1.1306122956881857	correct_baseline
2705090	2024	3	1.1347089642232913	correct_baseline
2705144	2022	1	0.8810077075166307	correct_baseline
2705144	2023	1	0.8858449972927726	correct_baseline
2705144	2024	1	0.8902066970882347	correct_baseline
2705162	2022	3	1.020662079930904	correct_baseline
2705162	2023	3	1.0199060476022472	correct_baseline
2705162	2024	3	1.0191440675797876	correct_baseline
2705181	2022	3	1.2837868182441743	correct_baseline
2705181	2023	3	1.2999383841807866	correct_baseline
2705181	2024	3	1.3162812776955866	correct_baseline
2705185	2022	3	1.1911750142344597	correct_baseline
2705185	2023	3	1.199853052596864	correct_baseline
2705185	2024	3	1.208565108324116	correct_baseline
2705290	2022	3	1.1624616717960332	correct_baseline
2705290	2023	3	1.1681464459351494	correct_baseline
2705290	2024	3	1.1738463300148063	correct_baseline
2705295	2022	0	0.7990364904655547	correct_baseline
2705295	2023	0	0.7307381956375906	correct_baseline
2705295	2024	0	0.6666536146112108	correct_baseline
2705300	2022			correct_baseline
2705300	2023			correct_baseline
2705300	2024			correct_baseline
2705369	2022	0	0.7656359342700524	correct_baseline
2705369	2023	1	0.7593022636446678	correct_baseline
2705369	2024	1	0.7528828860596152	correct_baseline
2705378	2022	1	0.7996304614959364	correct_baseline
2705378	2023	1	0.7921436167331153	correct_baseline
2705378	2024	1	0.7839955845928808	correct_baseline
2705400	2022	1	0.9020687033075628	correct_baseline
2705400	2023	1	0.8829006844111362	correct_baseline
2705400	2024	1	0.8636572688617098	correct_baseline
2705401	2022	1	0.8870800756315129	correct_baseline
2705401	2023	1	0.8793675319613542	correct_baseline
2705401	2024	1	0.8717128934570892	correct_baseline
2705449	2022	1	1.0002985022526363	correct_baseline
2705449	2023	1	0.9983529090156233	correct_baseline
2705449	2024	1	0.9964065012723825	correct_baseline
2705953	2022	3	1.046240826559699	correct_baseline
2705953	2023	3	1.0492569200495776	correct_baseline
2705953	2024	3	1.0520225618880006	correct_baseline
2705966	2022	3	1.0677363575808543	correct_baseline
2705966	2023	3	1.071812457556009	correct_baseline
2705966	2024	3	1.0755589282272484	correct_baseline
2705972	2022	1	0.9561450947863693	correct_baseline
2705972	2023	1	0.9447552440520697	correct_baseline
2705972	2024	1	0.9332551035352231	correct_baseline
2706002	2022	0	0.6921688556469808	correct_baseline
2706002	2023	0	0.6821888788061525	correct_baseline
2706002	2024	0	0.672195640909392	correct_baseline
2706026	2022	0	0.7022836437979804	correct_baseline
2706026	2023	0	0.6725543460384988	correct_baseline
2706026	2024	0	0.6434892781020463	correct_baseline
2706052	2022	0	0.6694491058343011	correct_baseline
2706052	2023	0	0.646095473434973	correct_baseline
2706052	2024	0	0.6232918943906939	correct_baseline
2706056	2022	3	1.2424824976764717	correct_baseline
2706056	2023	3	1.2481403160115812	correct_baseline
2706056	2024	3	1.2534596942534735	correct_baseline
2706406	2022			correct_baseline
2706406	2023			correct_baseline
2706406	2024			correct_baseline
2715482	2022	3	1.2166065490985245	correct_baseline
2715482	2023	3	1.2204476350469136	correct_baseline
2715482	2024	3	1.224173585597635	correct_baseline
2716226	2022	3	1.2154938354311773	correct_baseline
2716226	2023	3	1.2236147807462179	correct_baseline
2716226	2024	3	1.2317752098647268	correct_baseline
2716838	2022	3	1.073709638061291	correct_baseline
2716838	2023	3	1.160870404987038	correct_baseline
2716838	2024	3	1.2541459158698036	correct_baseline
2717467	2022			correct_baseline
2717467	2023			correct_baseline
2717467	2024			correct_baseline
2718377	2022			correct_baseline
2718377	2023			correct_baseline
2718377	2024			correct_baseline
2720120	2022			correct_baseline
2720120	2023			correct_baseline
2720120	2024			correct_baseline
2720269	2022			correct_baseline
2720269	2023			correct_baseline
2720269	2024			correct_baseline
2722515	2022	0	0.5971761868951445	correct_baseline
2722515	2023	0	0.45748124210356217	correct_baseline
2722515	2024	0	0.3493683722562153	correct_baseline
2726360	2022	3	1.199119619565652	correct_baseline
2726360	2023	3	1.2420774331877917	correct_baseline
2726360	2024	3	1.2835995830223754	correct_baseline
2726538	2022			correct_baseline
2726538	2023			correct_baseline
2726538	2024			correct_baseline
2726539	2022			correct_baseline
2726539	2023			correct_baseline
2726539	2024			correct_baseline
2739071	2022	3	1.0384105517892144	correct_baseline
2739071	2023	1	0.9880019289761457	correct_baseline
2739071	2024	1	0.9297390818626801	correct_baseline
2747489	2022			correct_baseline
2747489	2023			correct_baseline
2747489	2024			correct_baseline
2747564	2022	3	1.3371901019900823	correct_baseline
2747564	2023	3	1.3277265915827472	correct_baseline
2747564	2024	3	1.3179379971253546	correct_baseline
2747567	2022	3	1.2616039486749695	correct_baseline
2747567	2023	3	1.2735018788452872	correct_baseline
2747567	2024	3	1.2854699055475869	correct_baseline
2747718	2022			correct_baseline
2747718	2023			correct_baseline
2747718	2024			correct_baseline
2747750	2022	1	0.7606303697425701	correct_baseline
2747750	2023	1	0.7487894509491941	correct_baseline
2747750	2024	1	0.7366723297403706	correct_baseline
2747939	2022	3	1.3564688234538207	correct_baseline
2747939	2023	3	1.561582118618127	correct_baseline
2747939	2024	3	1.7766088789256973	correct_baseline
2753146	2022	1	0.9678181841324479	correct_baseline
2753146	2023	1	0.9707587516735923	correct_baseline
2753146	2024	1	0.9736531838225326	correct_baseline
2762737	2022			correct_baseline
2762737	2023			correct_baseline
2762737	2024			correct_baseline
2764179	2022	1	0.8397866998681361	correct_baseline
2764179	2023	1	0.8195992650009705	correct_baseline
2764179	2024	1	0.7969212979847249	correct_baseline
2765156	2022	3	1.1718559207383152	correct_baseline
2765156	2023	3	1.1739580967232692	correct_baseline
2765156	2024	3	1.1759388410698641	correct_baseline
2765272	2022	3	1.250403477405028	correct_baseline
2765272	2023	3	1.2594957036191308	correct_baseline
2765272	2024	3	1.2685528356395905	correct_baseline
2766030	2022	3	1.143433312477157	correct_baseline
2766030	2023	3	1.148598537273246	correct_baseline
2766030	2024	3	1.1536808281723616	correct_baseline
2767229	2022			correct_baseline
2767229	2023			correct_baseline
2767229	2024			correct_baseline
2767271	2022	0	0.556894171663353	correct_baseline
2767271	2023	0	0.29371313393618703	correct_baseline
2767271	2024	0	0.14906565088321103	correct_baseline
2767275	2022	0	0.9136546731879853	correct_baseline
2767275	2023	0	0.5236028635213984	correct_baseline
2767275	2024	0	0.28481887497273256	correct_baseline
2767428	2022			correct_baseline
2767428	2023			correct_baseline
2767428	2024			correct_baseline
2769766	2022	1	0.784582529869151	correct_baseline
2769766	2023	1	0.7563604393982725	correct_baseline
2769766	2024	1	0.7279048446339557	correct_baseline
2772082	2022			correct_baseline
2772082	2023			correct_baseline
2772082	2024			correct_baseline
2772094	2022	1	0.8892783954452874	correct_baseline
2772094	2023	1	0.8663759991226574	correct_baseline
2772094	2024	1	0.8436541877343389	correct_baseline
2772174	2022	3	1.0929705807941648	correct_baseline
2772174	2023	3	1.0986925768436617	correct_baseline
2772174	2024	3	1.104417951379285	correct_baseline
2772666	2022	3	1.2671958237135221	correct_baseline
2772666	2023	3	1.2807734953241852	correct_baseline
2772666	2024	3	1.2938615192799163	correct_baseline
2773281	2022	1	0.9887087871726989	correct_baseline
2773281	2023	1	0.9900314513272812	correct_baseline
2773281	2024	1	0.9913139001848151	correct_baseline
2773453	2022	3	1.132813875760012	correct_baseline
2773453	2023	3	1.141223071393595	correct_baseline
2773453	2024	3	1.1485159928846451	correct_baseline
2775530	2022	1	0.843894649655064	correct_baseline
2775530	2023	1	0.8279212383560367	correct_baseline
2775530	2024	1	0.8116319761803237	correct_baseline
2775619	2022	1	0.9909253789032828	correct_baseline
2775619	2023	1	0.975507704601236	correct_baseline
2775619	2024	1	0.9595790811091132	correct_baseline
2781074	2022	3	1.1638628460081508	correct_baseline
2781074	2023	3	1.1717083543135423	correct_baseline
2781074	2024	3	1.1795837728431928	correct_baseline
2781103	2022	1	0.9603333535440405	correct_baseline
2781103	2023	1	0.9551440167395848	correct_baseline
2781103	2024	1	0.9472241800722996	correct_baseline
2840931	2022	3	1.5372186593340817	correct_baseline
2840931	2023	3	1.5666467207956074	correct_baseline
2840931	2024	3	1.5961758587957309	correct_baseline
2855338	2022			correct_baseline
2855338	2023			correct_baseline
2855338	2024			correct_baseline
2855356	2022	3	1.1665719117257223	correct_baseline
2855356	2023	3	1.1715575680508494	correct_baseline
2855356	2024	3	1.1765591277123157	correct_baseline
2855398	2022			correct_baseline
2855398	2023			correct_baseline
2855398	2024			correct_baseline
2855439	2022	1	0.9628224063150184	correct_baseline
2855439	2023	1	0.810217958628355	correct_baseline
2855439	2024	1	0.6544461818858118	correct_baseline
2855705	2022			correct_baseline
2855705	2023			correct_baseline
2855705	2024			correct_baseline
2855823	2022			correct_baseline
2855823	2023			correct_baseline
2855823	2024			correct_baseline
2855825	2022			correct_baseline
2855825	2023			correct_baseline
2855825	2024			correct_baseline
2855860	2022	3	1.0584478877133427	correct_baseline
2855860	2023	3	1.0322138319769714	correct_baseline
2855860	2024	1	1.0059564959629412	correct_baseline
2855893	2022			correct_baseline
2855893	2023			correct_baseline
2855893	2024			correct_baseline
2856037	2022			correct_baseline
2856037	2023			correct_baseline
2856037	2024			correct_baseline
2856457	2022	0	0.7418066229344856	correct_baseline
2856457	2023	1	0.5482780145890986	correct_baseline
2856457	2024	1	0.38420792901199874	correct_baseline
2856780	2022			correct_baseline
2856780	2023			correct_baseline
2856780	2024			correct_baseline
2856920	2022	3	1.0524231097338699	correct_baseline
2856920	2023	1	1.0042070513256383	correct_baseline
2856920	2024	1	0.9546296087023878	correct_baseline
2857017	2022	3	1.2065592885412522	correct_baseline
2857017	2023	3	1.218955179846487	correct_baseline
2857017	2024	3	1.2305296899350382	correct_baseline
2857697	2022			correct_baseline
2857697	2023			correct_baseline
2857697	2024			correct_baseline
2858581	2022	1	0.8478655935682924	correct_baseline
2858581	2023	1	0.820512794088471	correct_baseline
2858581	2024	1	0.7931805432197941	correct_baseline
2858846	2022			correct_baseline
2858846	2023			correct_baseline
2858846	2024			correct_baseline
2858963	2022			correct_baseline
2858963	2023			correct_baseline
2858963	2024			correct_baseline
2859597	2022	0	0.801786132454848	correct_baseline
2859597	2023	0	0.6742982611220014	correct_baseline
2859597	2024	0	0.5658769652877891	correct_baseline
2865448	2022	0	0.7946629165647636	correct_baseline
2865448	2023	0	0.7730341120612552	correct_baseline
2865448	2024	0	0.7518159987621834	correct_baseline
2865524	2022			correct_baseline
2865524	2023			correct_baseline
2865524	2024			correct_baseline
2865565	2022	1	0.8513629426058421	correct_baseline
2865565	2023	1	0.8490507341345452	correct_baseline
2865565	2024	1	0.8459054669286732	correct_baseline
2866850	2022			correct_baseline
2866850	2023			correct_baseline
2866850	2024			correct_baseline
2867614	2022	1	0.8902591393083309	correct_baseline
2867614	2023	1	0.8673193853647345	correct_baseline
2867614	2024	1	0.8447049659602361	correct_baseline
2867631	2022	0	0.5642077027422229	correct_baseline
2867631	2023	0	0.4150834627634982	correct_baseline
2867631	2024	0	0.302622854521402	correct_baseline
2868827	2022	0	0.7602603780173522	correct_baseline
2868827	2023	0	0.6673422861714424	correct_baseline
2868827	2024	0	0.5836655517891568	correct_baseline
2869311	2022			correct_baseline
2869311	2023			correct_baseline
2869311	2024			correct_baseline
2869597	2022			correct_baseline
2869597	2023			correct_baseline
2869597	2024			correct_baseline
2870583	2022	1	0.9051640227293278	correct_baseline
2870583	2023	1	0.8043224540224	correct_baseline
2870583	2024	1	0.7088233486455987	correct_baseline
2873769	2022	3	1.069678319200188	correct_baseline
2873769	2023	3	1.0724894175474802	correct_baseline
2873769	2024	3	1.0752163044741114	correct_baseline
2873861	2022	3	1.121299557974906	correct_baseline
2873861	2023	3	1.1268464446445277	correct_baseline
2873861	2024	3	1.1322399993581358	correct_baseline
2873877	2022	0	0.8697045215831283	correct_baseline
2873877	2023	0	0.674584470889444	correct_baseline
2873877	2024	0	0.5192283041645008	correct_baseline
2873926	2022	0	0.668190204975759	correct_baseline
2873926	2023	0	0.4458070433052885	correct_baseline
2873926	2024	0	0.28583954356974767	correct_baseline
2873991	2022	3	1.114214599324996	correct_baseline
2873991	2023	3	1.1186653770979977	correct_baseline
2873991	2024	3	1.1229653090082057	correct_baseline
2874199	2022	1	0.924642233448588	correct_baseline
2874199	2023	1	0.9230064241278358	correct_baseline
2874199	2024	1	0.9204912012774125	correct_baseline
2874508	2022	1	0.916466596779618	correct_baseline
2874508	2023	1	0.8929084492376561	correct_baseline
2874508	2024	1	0.8689640956389676	correct_baseline
2874570	2022	3	1.0121550400529264	correct_baseline
2874570	2023	3	1.011067641537844	correct_baseline
2874570	2024	1	1.0099437787613412	correct_baseline
2874621	2022	1	0.9500730619465786	correct_baseline
2874621	2023	1	0.9491636270245161	correct_baseline
2874621	2024	1	0.9482024609691161	correct_baseline
2874706	2022	1	0.8734797235698492	correct_baseline
2874706	2023	1	0.856395171726097	correct_baseline
2874706	2024	1	0.8329680491152567	correct_baseline
2875968	2022	3	1.03117546295186	correct_baseline
2875968	2023	3	1.0367425839437163	correct_baseline
2875968	2024	3	1.042243524505544	correct_baseline
2876049	2022	3	1.2496529352981973	correct_baseline
2876049	2023	3	1.2772776854963332	correct_baseline
2876049	2024	3	1.3031095470979426	correct_baseline
2876571	2022	1	0.8141408198848706	correct_baseline
2876571	2023	1	0.8132082631955826	correct_baseline
2876571	2024	1	0.8080751735195225	correct_baseline
2876607	2022	3	1.069571326411034	correct_baseline
2876607	2023	3	1.0622505199888892	correct_baseline
2876607	2024	3	1.0545460803209552	correct_baseline
2879098	2022	3	1.509443092116129	correct_baseline
2879098	2023	3	1.5384080248497813	correct_baseline
2879098	2024	3	1.5677445108333024	correct_baseline
2879520	2022	3	1.4501877763699613	correct_baseline
2879520	2023	3	1.4929420356156813	correct_baseline
2879520	2024	3	1.5345232927452472	correct_baseline
2880539	2022	1	1.000065883807746	correct_baseline
2880539	2023	1	1.000077560558685	correct_baseline
2880539	2024	1	1.0000850506097658	correct_baseline
2880580	2022	3	1.083156325424997	correct_baseline
2880580	2023	3	1.088893471155236	correct_baseline
2880580	2024	3	1.0946194980562174	correct_baseline
2882841	2022			correct_baseline
2882841	2023			correct_baseline
2882841	2024			correct_baseline
2882849	2022	3	1.0331881238142333	correct_baseline
2882849	2023	3	1.0350629593661895	correct_baseline
2882849	2024	3	1.0365777126888043	correct_baseline
2888323	2022	3	1.176775432224096	correct_baseline
2888323	2023	3	1.18638716873513	correct_baseline
2888323	2024	3	1.1959976752776937	correct_baseline
2888380	2022	3	1.296279122328868	correct_baseline
2888380	2023	3	1.3090302977936719	correct_baseline
2888380	2024	3	1.3218637999499392	correct_baseline
2888435	2022			correct_baseline
2888435	2023			correct_baseline
2888435	2024			correct_baseline
2888437	2022			correct_baseline
2888437	2023			correct_baseline
2888437	2024			correct_baseline
2888439	2022	3	1.1680096623307605	correct_baseline
2888439	2023	3	1.1726728288697699	correct_baseline
2888439	2024	3	1.177345829217557	correct_baseline
2888513	2022	3	1.1808983455703763	correct_baseline
2888513	2023	3	1.1840095955009018	correct_baseline
2888513	2024	3	1.186912353995015	correct_baseline
2888553	2022	3	1.0640464945385448	correct_baseline
2888553	2023	3	1.0664401921091613	correct_baseline
2888553	2024	3	1.0683970979829915	correct_baseline
2888564	2022			correct_baseline
2888564	2023			correct_baseline
2888564	2024			correct_baseline
2888579	2022	3	1.04405886531659	correct_baseline
2888579	2023	3	1.0453814028154786	correct_baseline
2888579	2024	3	1.046504744799435	correct_baseline
2888585	2022	0	0.7023519422909313	correct_baseline
2888585	2023	0	0.4814601792679111	correct_baseline
2888585	2024	0	0.32440886243574973	correct_baseline
2888622	2022	3	1.1672973245875726	correct_baseline
2888622	2023	3	1.1966361706384694	correct_baseline
2888622	2024	3	1.2224155243348918	correct_baseline
2888625	2022	3	1.1284348756681728	correct_baseline
2888625	2023	3	1.1317179263289092	correct_baseline
2888625	2024	3	1.1348979196530706	correct_baseline
2888636	2022	1	0.9632657976125493	correct_baseline
2888636	2023	1	0.9634188955738892	correct_baseline
2888636	2024	1	0.963539968271883	correct_baseline
2888740	2022	3	1.3408945138291881	correct_baseline
2888740	2023	3	1.3523490585700453	correct_baseline
2888740	2024	3	1.363892892256872	correct_baseline
2888797	2022	3	1.2097090111301922	correct_baseline
2888797	2023	3	1.2793563113916946	correct_baseline
2888797	2024	3	1.3479386537744804	correct_baseline
2888806	2022	3	1.5424651498007853	correct_baseline
2888806	2023	3	1.5896073328498037	correct_baseline
2888806	2024	3	1.6326653465885663	correct_baseline
2888814	2022	3	1.2193371476084636	correct_baseline
2888814	2023	3	1.2271988626072468	correct_baseline
2888814	2024	3	1.2345162997329258	correct_baseline
2888859	2022	3	1.0675277714728837	correct_baseline
2888859	2023	1	0.9043867605303203	correct_baseline
2888859	2024	1	0.7346485366172476	correct_baseline
2888867	2022	1	0.8081252829766975	correct_baseline
2888867	2023	1	0.8014212926328574	correct_baseline
2888867	2024	1	0.794727143349013	correct_baseline
2888978	2022	1	0.901182355631458	correct_baseline
2888978	2023	1	0.898873832524727	correct_baseline
2888978	2024	1	0.8963099612778399	correct_baseline
2889019	2022	1	0.8529089125334867	correct_baseline
2889019	2023	1	0.8378891386996596	correct_baseline
2889019	2024	1	0.8228963033278337	correct_baseline
2889023	2022	0	0.6716352870410842	correct_baseline
2889023	2023	0	0.651742733157015	correct_baseline
2889023	2024	0	0.6323573610824175	correct_baseline
2889037	2022			correct_baseline
2889037	2023			correct_baseline
2889037	2024			correct_baseline
2889088	2022	3	1.0221676070165284	correct_baseline
2889088	2023	3	1.0223828234555077	correct_baseline
2889088	2024	3	1.0225929012906887	correct_baseline
2889173	2022	1	0.9015865209687877	correct_baseline
2889173	2023	1	0.8787537734764472	correct_baseline
2889173	2024	1	0.8562341752929505	correct_baseline
2889229	2022	1	0.9423178705697491	correct_baseline
2889229	2023	1	0.9435360235401764	correct_baseline
2889229	2024	1	0.9447338813283105	correct_baseline
2889304	2022	3	1.0282732623816313	correct_baseline
2889304	2023	3	1.039423796856591	correct_baseline
2889304	2024	3	1.0504954766166632	correct_baseline
2889358	2022			correct_baseline
2889358	2023			correct_baseline
2889358	2024			correct_baseline
2889373	2022	3	1.257530058493269	correct_baseline
2889373	2023	3	1.2652873004338865	correct_baseline
2889373	2024	3	1.2730848860193238	correct_baseline
2889378	2022	3	1.1181788878778747	correct_baseline
2889378	2023	3	1.1231127158869	correct_baseline
2889378	2024	3	1.1280507473289048	correct_baseline
2889934	2022			correct_baseline
2889934	2023			correct_baseline
2889934	2024			correct_baseline
2890013	2022	1	0.7821952366511855	correct_baseline
2890013	2023	1	0.6714798739688964	correct_baseline
2890013	2024	1	0.5618878713568194	correct_baseline
2890035	2022	3	1.0214461565055486	correct_baseline
2890035	2023	1	0.9865965041854119	correct_baseline
2890035	2024	1	0.9517229732226956	correct_baseline
2890122	2022	3	1.2778881131925761	correct_baseline
2890122	2023	3	1.2842494797354358	correct_baseline
2890122	2024	3	1.2903421910307562	correct_baseline
2890287	2022	3	1.3444236126467592	correct_baseline
2890287	2023	3	1.3611061733607188	correct_baseline
2890287	2024	3	1.377962950353807	correct_baseline
2890502	2022	3	1.2112090034691294	correct_baseline
2890502	2023	3	1.220777190007561	correct_baseline
2890502	2024	3	1.2304051795232234	correct_baseline
2890541	2022	3	1.0701387142685197	correct_baseline
2890541	2023	3	1.062902506765341	correct_baseline
2890541	2024	3	1.0556795634924705	correct_baseline
2890739	2022			correct_baseline
2890739	2023			correct_baseline
2890739	2024			correct_baseline
2890995	2022	0	0.5789496725639454	correct_baseline
2890995	2023	0	0.43441509209613577	correct_baseline
2890995	2024	0	0.3183900777150442	correct_baseline
2891079	2022	3	1.1264854638844977	correct_baseline
2891079	2023	3	1.1310852537251048	correct_baseline
2891079	2024	3	1.1356633861009227	correct_baseline
2891390	2022	3	1.0504882315777004	correct_baseline
2891390	2023	3	1.0523796486053347	correct_baseline
2891390	2024	3	1.0542665520088275	correct_baseline
2891664	2022			correct_baseline
2891664	2023			correct_baseline
2891664	2024			correct_baseline
2891677	2022	0	0.6469564558572115	correct_baseline
2891677	2023	0	0.16604473329975228	correct_baseline
2891677	2024	0	0.033635768979703703	correct_baseline
2891707	2022	3	1.1360168123804222	correct_baseline
2891707	2023	3	1.126287946675918	correct_baseline
2891707	2024	3	1.1158998951864951	correct_baseline
2891755	2022	3	1.1166248437712802	correct_baseline
2891755	2023	3	1.1155680627381035	correct_baseline
2891755	2024	3	1.1140984145590913	correct_baseline
2891770	2022	3	1.3187741966478825	correct_baseline
2891770	2023	3	1.3258432235183033	correct_baseline
2891770	2024	3	1.3326841995832994	correct_baseline
2891774	2022	3	1.6543854687413684	correct_baseline
2891774	2023	3	1.8415454366062833	correct_baseline
2891774	2024	3	2.0426960824719083	correct_baseline
2891782	2022	3	1.196661800798184	correct_baseline
2891782	2023	3	1.1910378151070742	correct_baseline
2891782	2024	3	1.185105064339512	correct_baseline
2891783	2022	3	1.1472344192651844	correct_baseline
2891783	2023	3	1.1530887526320033	correct_baseline
2891783	2024	3	1.1588568062229534	correct_baseline
2913169	2022	3	1.1125687832758786	correct_baseline
2913169	2023	3	1.113999143496263	correct_baseline
2913169	2024	3	1.115011902773339	correct_baseline
2913219	2022	1	0.9194959490334199	correct_baseline
2913219	2023	1	0.9177882143912239	correct_baseline
2913219	2024	1	0.912048871101359	correct_baseline
2914404	2022			correct_baseline
2914404	2023			correct_baseline
2914404	2024			correct_baseline
2914590	2022	3	1.218872786795277	correct_baseline
2914590	2023	3	1.2328816321926075	correct_baseline
2914590	2024	3	1.2438785596788031	correct_baseline
2925366	2022	1	0.9381696908280693	correct_baseline
2925366	2023	1	0.9354235504657481	correct_baseline
2925366	2024	1	0.9326684086889733	correct_baseline
2925496	2022			correct_baseline
2925496	2023			correct_baseline
2925496	2024			correct_baseline
2925514	2022	3	1.1897006262864476	correct_baseline
2925514	2023	3	1.184065550501944	correct_baseline
2925514	2024	3	1.178330365308463	correct_baseline
2925527	2022	3	1.4247389781816275	correct_baseline
2925527	2023	3	1.4952894145313476	correct_baseline
2925527	2024	3	1.5614949478921427	correct_baseline
2925756	2022	3	1.0566394445568452	correct_baseline
2925756	2023	3	1.0565853142294745	correct_baseline
2925756	2024	3	1.0564150179378147	correct_baseline
2925816	2022	0	0.7761721955892047	correct_baseline
2925816	2023	0	0.42085649342645076	correct_baseline
2925816	2024	0	0.21195534689659304	correct_baseline
2925870	2022	3	1.2438817451652668	correct_baseline
2925870	2023	3	1.257984364532943	correct_baseline
2925870	2024	3	1.2718670123904456	correct_baseline
2925895	2022	0	0.9817133881749082	correct_baseline
2925895	2023	0	0.7529797629735164	correct_baseline
2925895	2024	0	0.5731606017484552	correct_baseline
2926042	2022	2	0.9992351666174027	correct_baseline
2926042	2023	3	1.024145157091324	correct_baseline
2926042	2024	3	1.0482154776592372	correct_baseline
2926045	2022	3	1.248805284873887	correct_baseline
2926045	2023	3	1.2650171261314571	correct_baseline
2926045	2024	3	1.2812418422666123	correct_baseline
2926048	2022	1	0.9324377392564782	correct_baseline
2926048	2023	1	0.9333478221291452	correct_baseline
2926048	2024	1	0.9341058820950506	correct_baseline
2926066	2022	3	1.0789576071354094	correct_baseline
2926066	2023	3	1.0828194049403757	correct_baseline
2926066	2024	3	1.0863599536640476	correct_baseline
2926110	2022	3	1.3487050045222748	correct_baseline
2926110	2023	3	1.361723342931909	correct_baseline
2926110	2024	3	1.3747811963810146	correct_baseline
2926130	2022	3	1.3338031607176293	correct_baseline
2926130	2023	3	1.325401617761206	correct_baseline
2926130	2024	3	1.3164427194843347	correct_baseline
2926572	2022	1	0.950932548111388	correct_baseline
2926572	2023	1	0.9517671405658682	correct_baseline
2926572	2024	1	0.952145582617839	correct_baseline
2926681	2022			correct_baseline
2926681	2023			correct_baseline
2926681	2024			correct_baseline
2926884	2022	1	0.9053980765190415	correct_baseline
2926884	2023	1	0.9033108210615193	correct_baseline
2926884	2024	1	0.9011357648488547	correct_baseline
2926885	2022	1	0.8091952464424025	correct_baseline
2926885	2023	1	0.800733377697377	correct_baseline
2926885	2024	1	0.7918119908518525	correct_baseline
2926992	2022	3	1.1346555416087132	correct_baseline
2926992	2023	3	1.0120173476571432	correct_baseline
2926992	2024	1	0.8992948422285341	correct_baseline
2926995	2022	1	0.9867191876903406	correct_baseline
2926995	2023	1	0.9869214605135349	correct_baseline
2926995	2024	1	0.9871142538731461	correct_baseline
2927000	2022			correct_baseline
2927000	2023			correct_baseline
2927000	2024			correct_baseline
2927004	2022	1	0.9793141421627305	correct_baseline
2927004	2023	1	0.9667504865831061	correct_baseline
2927004	2024	1	0.9527489158529815	correct_baseline
2927028	2022	3	1.1874365493033199	correct_baseline
2927028	2023	3	1.1927160181284915	correct_baseline
2927028	2024	3	1.19789672732651	correct_baseline
2927045	2022			correct_baseline
2927045	2023			correct_baseline
2927045	2024			correct_baseline
2927174	2022			correct_baseline
2927174	2023			correct_baseline
2927174	2024			correct_baseline
2927220	2022	1	0.9681563733490464	correct_baseline
2927220	2023	1	0.9759075708768841	correct_baseline
2927220	2024	1	0.9834738050834578	correct_baseline
2927230	2022	3	1.0632824089366333	correct_baseline
2927230	2023	3	1.0649384225304714	correct_baseline
2927230	2024	3	1.06652433462722	correct_baseline
2927305	2022	1	0.984332134721042	correct_baseline
2927305	2023	1	0.9318065470121436	correct_baseline
2927305	2024	1	0.8801634657034588	correct_baseline
2927727	2022	1	0.8530491131058195	correct_baseline
2927727	2023	1	0.7008506903611131	correct_baseline
2927727	2024	1	0.5626972008569197	correct_baseline
2927744	2022			correct_baseline
2927744	2023			correct_baseline
2927744	2024			correct_baseline
2927850	2022	3	1.043449111412324	correct_baseline
2927850	2023	3	1.0426457893028152	correct_baseline
2927850	2024	3	1.0418323573795147	correct_baseline
2928026	2022	3	1.2311914981845942	correct_baseline
2928026	2023	3	1.2473075450688758	correct_baseline
2928026	2024	3	1.2633692451402507	correct_baseline
2928034	2022			correct_baseline
2928034	2023			correct_baseline
2928034	2024			correct_baseline
2928226	2022	3	1.2941527485715865	correct_baseline
2928226	2023	3	1.3070487093563767	correct_baseline
2928226	2024	3	1.3196727007839901	correct_baseline
2928238	2022			correct_baseline
2928238	2023			correct_baseline
2928238	2024			correct_baseline
2928538	2022	1	0.7747116544730396	correct_baseline
2928538	2023	1	0.7637340433908656	correct_baseline
2928538	2024	1	0.7526752926177651	correct_baseline
2928576	2022	3	1.1326052458300475	correct_baseline
2928576	2023	3	1.1397234623112802	correct_baseline
2928576	2024	3	1.1455005789056953	correct_baseline
2928666	2022			correct_baseline
2928666	2023			correct_baseline
2928666	2024			correct_baseline
2928668	2022			correct_baseline
2928668	2023			correct_baseline
2928668	2024			correct_baseline
2928751	2022	3	1.2073232810364842	correct_baseline
2928751	2023	3	1.213206482841042	correct_baseline
2928751	2024	3	1.2190860639590115	correct_baseline
2928755	2022	1	0.7606162591139559	correct_baseline
2928755	2023	1	0.7519695922800711	correct_baseline
2928755	2024	1	0.7434071046269789	correct_baseline
2928759	2022			correct_baseline
2928759	2023			correct_baseline
2928759	2024			correct_baseline
2928761	2022			correct_baseline
2928761	2023			correct_baseline
2928761	2024			correct_baseline
2928767	2022	0	0.8785166054844413	correct_baseline
2928767	2023	0	0.7031595423488358	correct_baseline
2928767	2024	0	0.5552207422422554	correct_baseline
2928774	2022	1	0.8178472925179198	correct_baseline
2928774	2023	1	0.8141946551769713	correct_baseline
2928774	2024	1	0.8104892548387361	correct_baseline
2928775	2022	1	0.8579158286663414	correct_baseline
2928775	2023	1	0.8580223292846092	correct_baseline
2928775	2024	1	0.8579890461348177	correct_baseline
2928835	2022	3	1.1638010947411246	correct_baseline
2928835	2023	3	1.1686534132333732	correct_baseline
2928835	2024	3	1.1733553952840643	correct_baseline
2928859	2022	3	1.1425116982862746	correct_baseline
2928859	2023	3	1.1462097640262994	correct_baseline
2928859	2024	3	1.149863637063298	correct_baseline
2928905	2022			correct_baseline
2928905	2023			correct_baseline
2928905	2024			correct_baseline
2929505	2022	3	1.1043100878922998	correct_baseline
2929505	2023	3	1.109141469551038	correct_baseline
2929505	2024	3	1.1139603852793138	correct_baseline
2929800	2022	1	0.7128652632735668	correct_baseline
2929800	2023	1	0.7044269626659784	correct_baseline
2929800	2024	1	0.6960804830363423	correct_baseline
2930137	2022	3	1.0892776310961305	correct_baseline
2930137	2023	3	1.0885271549681896	correct_baseline
2930137	2024	3	1.087649580829737	correct_baseline
2930222	2022	1	0.855478473114667	correct_baseline
2930222	2023	1	0.8508043023990285	correct_baseline
2930222	2024	1	0.8461337024354417	correct_baseline
2930262	2022	3	1.0536158988003044	correct_baseline
2930262	2023	3	1.0409745741336613	correct_baseline
2930262	2024	3	1.027868413916499	correct_baseline
2930805	2022	1	0.9214920266288859	correct_baseline
2930805	2023	1	0.9180904003764406	correct_baseline
2930805	2024	1	0.9146852582203107	correct_baseline
2931104	2022	3	1.090159144528878	correct_baseline
2931104	2023	3	1.0999536596598412	correct_baseline
2931104	2024	3	1.1076085252973302	correct_baseline
2931237	2022	3	1.0593808007473526	correct_baseline
2931237	2023	3	1.0601336631653904	correct_baseline
2931237	2024	3	1.0608826299290752	correct_baseline
2932147	2022	1	0.9623007353072041	correct_baseline
2932147	2023	1	0.9540859716084459	correct_baseline
2932147	2024	1	0.9456904082711836	correct_baseline
2932184	2022	0	0.7320386394961551	correct_baseline
2932184	2023	0	0.7256074963880809	correct_baseline
2932184	2024	0	0.7192227832836217	correct_baseline
2932872	2022	1	1.0000706155312211	correct_baseline
2932872	2023	1	0.9952541303223982	correct_baseline
2932872	2024	1	0.9903473163191565	correct_baseline
2932944	2022	1	0.7920865178306506	correct_baseline
2932944	2023	1	0.7907821661530595	correct_baseline
2932944	2024	1	0.788986009292961	correct_baseline
2943190	2022	1	0.6877163030144925	correct_baseline
2943190	2023	1	0.689713407256828	correct_baseline
2943190	2024	1	0.689936162409515	correct_baseline
2947311	2022			correct_baseline
2947311	2023			correct_baseline
2947311	2024			correct_baseline
2956441	2022	1	1.0033145208143568	correct_baseline
2956441	2023	1	1.0030867679140894	correct_baseline
2956441	2024	1	1.0027257373531546	correct_baseline
2959443	2022	3	1.0265186566000337	correct_baseline
2959443	2023	3	1.031044136761533	correct_baseline
2959443	2024	3	1.0355412813158433	correct_baseline
2963569	2022	1	0.778316683707733	correct_baseline
2963569	2023	1	0.7710211422273887	correct_baseline
2963569	2024	1	0.76369130402723	correct_baseline
2963817	2022	1	0.8372386221684651	correct_baseline
2963817	2023	1	0.8342091874272198	correct_baseline
2963817	2024	1	0.8311725783198433	correct_baseline
2964025	2022	3	1.0601304971352306	correct_baseline
2964025	2023	3	1.0831121050494827	correct_baseline
2964025	2024	3	1.1028649933261563	correct_baseline
2964355	2022	3	1.2167748454679264	correct_baseline
2964355	2023	3	1.2260228706729104	correct_baseline
2964355	2024	3	1.2352156395361116	correct_baseline
2965331	2022	3	1.2688493947037898	correct_baseline
2965331	2023	3	1.275281054390481	correct_baseline
2965331	2024	3	1.2810871619806494	correct_baseline
2965354	2022	0	0.7515342806426392	correct_baseline
2965354	2023	0	0.7114637184863402	correct_baseline
2965354	2024	0	0.6730566424578596	correct_baseline
2965531	2022	1	1.0059152640919868	correct_baseline
2965531	2023	1	1.0056083585594704	correct_baseline
2965531	2024	1	1.0052911569407479	correct_baseline
2971016	2022	3	1.1819864880787134	correct_baseline
2971016	2023	3	1.1890595939759034	correct_baseline
2971016	2024	3	1.1961657560800474	correct_baseline
2971024	2022			correct_baseline
2971024	2023			correct_baseline
2971024	2024			correct_baseline
2971095	2022	3	1.164286385461537	correct_baseline
2971095	2023	3	1.1617570568506688	correct_baseline
2971095	2024	3	1.158951316446174	correct_baseline
2972595	2022	3	1.0318137240381986	correct_baseline
2972595	2023	3	1.0131877738083352	correct_baseline
2972595	2024	1	0.9944862852267585	correct_baseline
2974753	2022	0	0.7664006133710176	correct_baseline
2974753	2023	0	0.7451704540437349	correct_baseline
2974753	2024	0	0.7242443330602357	correct_baseline
2974811	2022	3	1.6682500387212271	correct_baseline
2974811	2023	3	2.0073081612185946	correct_baseline
2974811	2024	3	2.4040889135205874	correct_baseline
2974832	2022	3	1.2780399024831328	correct_baseline
2974832	2023	3	1.2914750120952179	correct_baseline
2974832	2024	3	1.3050214500472417	correct_baseline
2974901	2022			correct_baseline
2974901	2023			correct_baseline
2974901	2024			correct_baseline
2974921	2022	1	0.9130104658740283	correct_baseline
2974921	2023	1	0.9094668143996997	correct_baseline
2974921	2024	1	0.9059297141187309	correct_baseline
2975132	2022	1	0.7771753420505907	correct_baseline
2975132	2023	1	0.7709439076460098	correct_baseline
2975132	2024	1	0.7647440925425694	correct_baseline
2975309	2022	0	0.8570384272388859	correct_baseline
2975309	2023	0	0.85558917686663	correct_baseline
2975309	2024	1	0.8539941257045742	correct_baseline
2975667	2022	3	1.2585113998646016	correct_baseline
2975667	2023	3	1.226413906860231	correct_baseline
2975667	2024	3	1.194016209300251	correct_baseline
2984306	2022			correct_baseline
2984306	2023			correct_baseline
2984306	2024			correct_baseline
2984366	2022	2	1.2813957382306647	correct_baseline
2984366	2023	2	1.1875989307801333	correct_baseline
2984366	2024	2	1.096199285519065	correct_baseline
2984492	2022			correct_baseline
2984492	2023			correct_baseline
2984492	2024			correct_baseline
2984532	2022	0	0.8828546621894555	correct_baseline
2984532	2023	0	0.743494513866375	correct_baseline
2984532	2024	0	0.6227692152513158	correct_baseline
2984676	2022	1	0.99702755991617	correct_baseline
2984676	2023	1	1.0003809733377496	correct_baseline
2984676	2024	1	1.003693419454566	correct_baseline
2985863	2022	1	0.9253290143402585	correct_baseline
2985863	2023	1	0.9187549673663509	correct_baseline
2985863	2024	1	0.911974836451487	correct_baseline
2985949	2022	1	0.981995314557089	correct_baseline
2985949	2023	1	0.9830214579519843	correct_baseline
2985949	2024	1	0.9840389502775331	correct_baseline
2985964	2022	3	1.0171029450668063	correct_baseline
2985964	2023	3	1.0257833029576133	correct_baseline
2985964	2024	3	1.0342711623434366	correct_baseline
2985965	2022	3	1.1440241529147444	correct_baseline
2985965	2023	3	1.1478251489728486	correct_baseline
2985965	2024	3	1.1515763449729508	correct_baseline
2985994	2022			correct_baseline
2985994	2023			correct_baseline
2985994	2024			correct_baseline
2985995	2022			correct_baseline
2985995	2023			correct_baseline
2985995	2024			correct_baseline
2986045	2022	1	0.8086855373989452	correct_baseline
2986045	2023	1	0.7772125301146244	correct_baseline
2986045	2024	1	0.7458883988886658	correct_baseline
2986111	2022	1	0.9451778643983154	correct_baseline
2986111	2023	1	0.9422634235932312	correct_baseline
2986111	2024	1	0.9393268104536154	correct_baseline
2986130	2022	3	1.1508857890503323	correct_baseline
2986130	2023	3	1.1486543901796398	correct_baseline
2986130	2024	3	1.146390762753001	correct_baseline
2986184	2022	3	1.1282414213019683	correct_baseline
2986184	2023	3	1.128585625725953	correct_baseline
2986184	2024	3	1.1283759926733548	correct_baseline
2987948	2022			correct_baseline
2987948	2023			correct_baseline
2987948	2024			correct_baseline
2988188	2022	3	1.0555273224612316	correct_baseline
2988188	2023	3	1.0528003432465265	correct_baseline
2988188	2024	3	1.0500177208199113	correct_baseline
2988354	2022	3	1.0579060681547283	correct_baseline
2988354	2023	3	1.0623806771382323	correct_baseline
2988354	2024	3	1.0668210899994148	correct_baseline
2992543	2022	3	1.052257952412517	correct_baseline
2992543	2023	3	1.0424625069320634	correct_baseline
2992543	2024	3	1.0323657583067523	correct_baseline
2993761	2022	1	0.9080400313872105	correct_baseline
2993761	2023	1	0.9050924536743559	correct_baseline
2993761	2024	1	0.9021081286762803	correct_baseline
2994229	2022			correct_baseline
2994229	2023			correct_baseline
2994229	2024			correct_baseline
2994912	2022	1	0.9371300430020676	correct_baseline
2994912	2023	1	0.9333342037414147	correct_baseline
2994912	2024	1	0.9292813680286922	correct_baseline
2995149	2022	3	1.103617949142517	correct_baseline
2995149	2023	3	1.0837573231163005	correct_baseline
2995149	2024	3	1.0626200192504236	correct_baseline
2996525	2022	3	1.0648520839336213	correct_baseline
2996525	2023	3	1.0625945081504211	correct_baseline
2996525	2024	3	1.0580864797830103	correct_baseline
3000406	2022			correct_baseline
3000406	2023			correct_baseline
3000406	2024			correct_baseline
3000610	2022	3	1.0290634708660749	correct_baseline
3000610	2023	3	1.029106362511098	correct_baseline
3000610	2024	3	1.029093160032727	correct_baseline
3000679	2022	3	1.1027440643188444	correct_baseline
3000679	2023	3	1.1111165653818789	correct_baseline
3000679	2024	3	1.1182360829176698	correct_baseline
3001244	2022	1	0.9874880195530257	correct_baseline
3001244	2023	1	0.9856761717404834	correct_baseline
3001244	2024	1	0.9835928827616752	correct_baseline
3003244	2022	3	1.0459286808645587	correct_baseline
3003244	2023	3	1.0303002194676034	correct_baseline
3003244	2024	3	1.0144826474547484	correct_baseline
3003709	2022	3	1.0597679896021612	correct_baseline
3003709	2023	3	1.0619340256309324	correct_baseline
3003709	2024	3	1.0640567788438868	correct_baseline
3003979	2022	3	1.2562797238142105	correct_baseline
3003979	2023	3	1.263836680780927	correct_baseline
3003979	2024	3	1.271100786341732	correct_baseline
3012089	2022	3	1.1704441568641004	correct_baseline
3012089	2023	3	1.159166877245845	correct_baseline
3012089	2024	3	1.1469446929374583	correct_baseline
3015457	2022	0	0.683461878196894	correct_baseline
3015457	2023	0	0.5421525858484694	correct_baseline
3015457	2024	0	0.42592259257613124	correct_baseline
3020871	2022	0	0.845935097653652	correct_baseline
3020871	2023	0	0.7183118889500935	correct_baseline
3020871	2024	0	0.6063213396566598	correct_baseline
3021496	2022	3	1.138732491932726	correct_baseline
3021496	2023	3	1.1339663386987673	correct_baseline
3021496	2024	3	1.129188833411892	correct_baseline
3021730	2022	3	1.159885629843376	correct_baseline
3021730	2023	3	1.1651785223387707	correct_baseline
3021730	2024	3	1.170225682292892	correct_baseline
3021850	2022	3	1.0580924764814506	correct_baseline
3021850	2023	3	1.0618545224923062	correct_baseline
3021850	2024	3	1.065483907419848	correct_baseline
3021922	2022	3	1.2006440420697522	correct_baseline
3021922	2023	3	1.2182913203763819	correct_baseline
3021922	2024	3	1.235586900657602	correct_baseline
3022203	2022	3	1.1666961727793197	correct_baseline
3022203	2023	3	1.2234903114859141	correct_baseline
3022203	2024	3	1.2818641622124747	correct_baseline
3022609	2022	0	0.4432503459834989	correct_baseline
3022609	2023	0	0.30232522300713505	correct_baseline
3022609	2024	0	0.20311615950290823	correct_baseline
3022668	2022	1	0.7263830838270694	correct_baseline
3022668	2023	1	0.7187133719864238	correct_baseline
3022668	2024	1	0.7111180330772222	correct_baseline
3024109	2022	3	1.0340862651186131	correct_baseline
3024109	2023	3	1.0244681339589548	correct_baseline
3024109	2024	3	1.014473265859195	correct_baseline
3025617	2022	1	0.9000883801460147	correct_baseline
3025617	2023	1	0.8882544545457738	correct_baseline
3025617	2024	1	0.8764712587099465	correct_baseline
3025858	2022	1	0.8661795009988031	correct_baseline
3025858	2023	1	0.8604534701390351	correct_baseline
3025858	2024	1	0.8547376930668368	correct_baseline
3025896	2022	1	0.8275252733214664	correct_baseline
3025896	2023	1	0.7911628667042412	correct_baseline
3025896	2024	1	0.754705279279499	correct_baseline
3026024	2022	0	0.6067846131091132	correct_baseline
3026024	2023	0	0.5887458616223866	correct_baseline
3026024	2024	1	0.5697689665218785	correct_baseline
3026035	2022			correct_baseline
3026035	2023			correct_baseline
3026035	2024			correct_baseline
3026040	2022	0	0.6074788558022995	correct_baseline
3026040	2023	0	0.5001913315910715	correct_baseline
3026040	2024	0	0.40915090161224027	correct_baseline
3026049	2022			correct_baseline
3026049	2023			correct_baseline
3026049	2024			correct_baseline
3026074	2022	1	0.9287843586582715	correct_baseline
3026074	2023	1	0.9098087400688587	correct_baseline
3026074	2024	1	0.8904622474435547	correct_baseline
3026092	2022	1	0.7925511252647212	correct_baseline
3026092	2023	1	0.7482708915589736	correct_baseline
3026092	2024	1	0.7040771980330209	correct_baseline
3026162	2022	1	1.0009533088288998	correct_baseline
3026162	2023	1	0.9637492113295015	correct_baseline
3026162	2024	1	0.9260683038608278	correct_baseline
3026294	2022	3	1.1299475873388252	correct_baseline
3026294	2023	3	1.1159805897401376	correct_baseline
3026294	2024	3	1.1015571864910827	correct_baseline
3026334	2022	1	0.9432749964993918	correct_baseline
3026334	2023	1	0.9400540677676628	correct_baseline
3026334	2024	1	0.9367775867981833	correct_baseline
3026454	2022	1	0.8986316858973331	correct_baseline
3026454	2023	1	0.8978816195646223	correct_baseline
3026454	2024	1	0.8971220711757643	correct_baseline
3026585	2022	3	1.2683282236690212	correct_baseline
3026585	2023	3	1.2776353618402427	correct_baseline
3026585	2024	3	1.2868922211044924	correct_baseline
3026622	2022	1	0.8404286382820325	correct_baseline
3026622	2023	1	0.8384931220911569	correct_baseline
3026622	2024	1	0.836541255556777	correct_baseline
3026819	2022	0	0.7186499219184228	correct_baseline
3026819	2023	0	0.7039943920935996	correct_baseline
3026819	2024	0	0.6893555786587596	correct_baseline
3027159	2022	1	0.9109450058990614	correct_baseline
3027159	2023	1	0.8938935091411062	correct_baseline
3027159	2024	1	0.8768145026009748	correct_baseline
3028528	2022	0	0.7966157465374959	correct_baseline
3028528	2023	0	0.7206870072683416	correct_baseline
3028528	2024	0	0.6509661140043076	correct_baseline
3029912	2022	0	0.8011643323770806	correct_baseline
3029912	2023	0	0.7868149296729309	correct_baseline
3029912	2024	0	0.7724657592180514	correct_baseline
3031774	2022	3	1.0327766835963765	correct_baseline
3031774	2023	3	1.0298410601814794	correct_baseline
3031774	2024	3	1.0268051539618432	correct_baseline
3032442	2022			correct_baseline
3032442	2023			correct_baseline
3032442	2024			correct_baseline
3032611	2022	1	0.9713024859400289	correct_baseline
3032611	2023	1	0.9321282553389061	correct_baseline
3032611	2024	1	0.8921451988408685	correct_baseline
3032653	2022			correct_baseline
3032653	2023			correct_baseline
3032653	2024			correct_baseline
3032698	2022	3	1.1839885051355858	correct_baseline
3032698	2023	3	1.195356275724375	correct_baseline
3032698	2024	3	1.2067941705814698	correct_baseline
3033077	2022	1	0.9812094281490228	correct_baseline
3033077	2023	1	0.9763019712815101	correct_baseline
3033077	2024	1	0.9713320292422385	correct_baseline
3033227	2022	3	1.1776529066653731	correct_baseline
3033227	2023	3	1.1859742548197643	correct_baseline
3033227	2024	3	1.1943400903746169	correct_baseline
3033242	2022	3	1.3255182596136779	correct_baseline
3033242	2023	3	1.3440056409622194	correct_baseline
3033242	2024	3	1.362679798040709	correct_baseline
3033261	2022	1	0.9734970088231396	correct_baseline
3033261	2023	1	0.9755809849120074	correct_baseline
3033261	2024	1	0.9771830255317073	correct_baseline
3033289	2022			correct_baseline
3033289	2023			correct_baseline
3033289	2024			correct_baseline
3033434	2022	1	0.7717046630856181	correct_baseline
3033434	2023	1	0.765814941648473	correct_baseline
3033434	2024	1	0.7599393544977862	correct_baseline
3033518	2022	3	1.1654639254625407	correct_baseline
3033518	2023	3	1.1737835265290075	correct_baseline
3033518	2024	3	1.1812049097498198	correct_baseline
3033535	2022	1	0.7327970097286759	correct_baseline
3033535	2023	1	0.7081559053153815	correct_baseline
3033535	2024	1	0.6798418740778662	correct_baseline
3033543	2022			correct_baseline
3033543	2023			correct_baseline
3033543	2024			correct_baseline
3033833	2022	3	1.1024438076981777	correct_baseline
3033833	2023	3	1.1074551554671443	correct_baseline
3033833	2024	3	1.1124815662872982	correct_baseline
3033865	2022	3	1.3444374479686516	correct_baseline
3033865	2023	3	1.3551677669387698	correct_baseline
3033865	2024	3	1.3659765004979831	correct_baseline
3033896	2022	3	1.1387001773745922	correct_baseline
3033896	2023	3	1.1458630727507413	correct_baseline
3033896	2024	3	1.1530240537436625	correct_baseline
3033965	2022	1	0.8910902291117732	correct_baseline
3033965	2023	1	0.890718803684311	correct_baseline
3033965	2024	1	0.8902231500845209	correct_baseline
3034015	2022	0	0.8854613061693294	correct_baseline
3034015	2023	0	0.6597032650092367	correct_baseline
3034015	2024	0	0.48332041007963794	correct_baseline
3034046	2022	3	1.236574219653404	correct_baseline
3034046	2023	3	1.2396140936890612	correct_baseline
3034046	2024	3	1.236784023228614	correct_baseline
3034182	2022	3	1.1293094577916043	correct_baseline
3034182	2023	3	1.131757542435977	correct_baseline
3034182	2024	3	1.1342049783388108	correct_baseline
3034393	2022	3	1.055659715828095	correct_baseline
3034393	2023	3	1.0578445624996078	correct_baseline
3034393	2024	3	1.0599757541369241	correct_baseline
3034646	2022	1	0.881261519879579	correct_baseline
3034646	2023	1	0.8774397466261294	correct_baseline
3034646	2024	1	0.8736202987268433	correct_baseline
3034681	2022	3	1.0546345157083845	correct_baseline
3034681	2023	3	1.0557758176031988	correct_baseline
3034681	2024	3	1.056715225285866	correct_baseline
3034782	2022	3	1.2222966297997357	correct_baseline
3034782	2023	3	1.2388327061403772	correct_baseline
3034782	2024	3	1.2537386823803043	correct_baseline
3034825	2022	3	1.1180619178733455	correct_baseline
3034825	2023	3	1.1173297214342985	correct_baseline
3034825	2024	3	1.1165188768049816	correct_baseline
3034871	2022	3	1.092310741319419	correct_baseline
3034871	2023	3	1.0863205854044697	correct_baseline
3034871	2024	3	1.0798551717345268	correct_baseline
3034915	2022	1	0.933843898335087	correct_baseline
3034915	2023	1	0.9308770366024464	correct_baseline
3034915	2024	1	0.9273794285343178	correct_baseline
3034922	2022	3	1.1845463710151212	correct_baseline
3034922	2023	3	1.1907255559176035	correct_baseline
3034922	2024	3	1.1969286986335954	correct_baseline
3036033	2022			correct_baseline
3036033	2023			correct_baseline
3036033	2024			correct_baseline
3036892	2022	3	1.05461876746835	correct_baseline
3036892	2023	3	1.0343206022472635	correct_baseline
3036892	2024	3	1.013123427253729	correct_baseline
3039046	2022			correct_baseline
3039046	2023			correct_baseline
3039046	2024			correct_baseline
3039194	2022	3	1.169219533760654	correct_baseline
3039194	2023	3	1.1754325521035567	correct_baseline
3039194	2024	3	1.1813990804223422	correct_baseline
3039203	2022	0	0.8411061511034875	correct_baseline
3039203	2023	0	0.8204214245115179	correct_baseline
3039203	2024	0	0.7999977341844428	correct_baseline
3039209	2022	3	1.098788438792934	correct_baseline
3039209	2023	3	1.104552427336487	correct_baseline
3039209	2024	3	1.1103250344239743	correct_baseline
3039267	2022	1	0.9849083460006957	correct_baseline
3039267	2023	1	0.9895838903509027	correct_baseline
3039267	2024	1	0.9936975025253555	correct_baseline
3039269	2022	3	1.709636195891206	correct_baseline
3039269	2023	3	1.7871484281687826	correct_baseline
3039269	2024	3	1.865968952946543	correct_baseline
3039270	2022	1	0.8981632384892297	correct_baseline
3039270	2023	1	0.8959414016113489	correct_baseline
3039270	2024	1	0.8929204358535591	correct_baseline
3040184	2022	1	0.9487265779769408	correct_baseline
3040184	2023	1	0.946530059970632	correct_baseline
3040184	2024	1	0.9443123605195575	correct_baseline
3040185	2022	3	1.040907682063424	correct_baseline
3040185	2023	3	1.0496026558303269	correct_baseline
3040185	2024	3	1.0581191922925755	correct_baseline
3040233	2022	3	1.057027338125032	correct_baseline
3040233	2023	3	1.060861222081566	correct_baseline
3040233	2024	3	1.0645147372850203	correct_baseline
3040254	2022	1	0.8940625920718308	correct_baseline
3040254	2023	1	0.8808029865798187	correct_baseline
3040254	2024	1	0.8675012880414318	correct_baseline
3040999	2022	1	0.8063242313896707	correct_baseline
3040999	2023	1	0.7681294140056866	correct_baseline
3040999	2024	1	0.7261920926036312	correct_baseline
3041022	2022	3	1.1813913093536377	correct_baseline
3041022	2023	3	1.192053877030217	correct_baseline
3041022	2024	3	1.2025629626552246	correct_baseline
3042291	2022	3	1.2727123820372181	correct_baseline
3042291	2023	3	1.2840768277137038	correct_baseline
3042291	2024	3	1.2955382626210983	correct_baseline
3042416	2022	0	0.6491297620302815	correct_baseline
3042416	2023	0	0.6248108890814346	correct_baseline
3042416	2024	0	0.5995382544391173	correct_baseline
3042636	2022	0	0.8835773013921849	correct_baseline
3042636	2023	0	0.87770466776311	correct_baseline
3042636	2024	0	0.8718670503008434	correct_baseline
3042751	2022	1	0.9165262566454763	correct_baseline
3042751	2023	1	0.9069096957708992	correct_baseline
3042751	2024	1	0.8970734684959387	correct_baseline
3042845	2022	3	1.0286988666198045	correct_baseline
3042845	2023	3	1.0300888487431092	correct_baseline
3042845	2024	3	1.0314720269639293	correct_baseline
3045803	2022			correct_baseline
3045803	2023			correct_baseline
3045803	2024			correct_baseline
3046015	2022	3	1.0508365560818733	correct_baseline
3046015	2023	3	1.0502301611204996	correct_baseline
3046015	2024	3	1.0493608180862661	correct_baseline
3046736	2022			correct_baseline
3046736	2023			correct_baseline
3046736	2024			correct_baseline
3046812	2022	1	1.0061963433509629	correct_baseline
3046812	2023	1	1.0039952642632124	correct_baseline
3046812	2024	1	1.0017908999567238	correct_baseline
3046851	2022	3	1.2908623941503592	correct_baseline
3046851	2023	3	1.3363748140806113	correct_baseline
3046851	2024	3	1.3808470811621414	correct_baseline
3046875	2022	1	0.8429045505477436	correct_baseline
3046875	2023	1	0.8298725159947313	correct_baseline
3046875	2024	1	0.8168268803708653	correct_baseline
3046929	2022	1	0.892037503617534	correct_baseline
3046929	2023	1	0.8663403785838875	correct_baseline
3046929	2024	1	0.8408541326417222	correct_baseline
3047621	2022	3	1.4083885147305246	correct_baseline
3047621	2023	3	1.4363906656033283	correct_baseline
3047621	2024	3	1.4644655076236393	correct_baseline
3048203	2022	3	1.224410335861495	correct_baseline
3048203	2023	3	1.2318907520135554	correct_baseline
3048203	2024	3	1.2394114559614169	correct_baseline
3048532	2022			correct_baseline
3048532	2023			correct_baseline
3048532	2024			correct_baseline
3050364	2022	3	1.0775469188369575	correct_baseline
3050364	2023	3	1.0813275632546775	correct_baseline
3050364	2024	3	1.0851151935406536	correct_baseline
3050595	2022	3	1.013643761461428	correct_baseline
3050595	2023	3	1.0131018338101974	correct_baseline
3050595	2024	3	1.012554468789435	correct_baseline
3053406	2022	3	1.0693760399401364	correct_baseline
3053406	2023	3	1.0715228560556238	correct_baseline
3053406	2024	3	1.0734431314235469	correct_baseline
3053522	2022	3	1.2477005995805732	correct_baseline
3053522	2023	3	1.252452779482071	correct_baseline
3053522	2024	3	1.2568040438837187	correct_baseline
3054110	2022	3	1.0660870191219252	correct_baseline
3054110	2023	3	1.0944119278454034	correct_baseline
3054110	2024	3	1.1226764244966754	correct_baseline
3054117	2022	0	0.48310180796825064	correct_baseline
3054117	2023	0	0.2653646844443757	correct_baseline
3054117	2024	0	0.141363193132063	correct_baseline
3054357	2022	3	1.1449840782151421	correct_baseline
3054357	2023	3	1.1498113335887097	correct_baseline
3054357	2024	3	1.1546290013479774	correct_baseline
3054368	2022	3	1.1153417825708136	correct_baseline
3054368	2023	3	1.1133862075716146	correct_baseline
3054368	2024	3	1.1114281695813146	correct_baseline
3064056	2022	3	1.1405964924665373	correct_baseline
3064056	2023	3	1.145272993559836	correct_baseline
3064056	2024	3	1.149935724271447	correct_baseline
3064221	2022	3	1.1615752270234196	correct_baseline
3064221	2023	3	1.1774983765597618	correct_baseline
3064221	2024	3	1.193435925828293	correct_baseline
3064282	2022	1	0.7436687244716135	correct_baseline
3064282	2023	1	0.7357464627218331	correct_baseline
3064282	2024	1	0.727787629869419	correct_baseline
3064669	2022			correct_baseline
3064669	2023			correct_baseline
3064669	2024			correct_baseline
3065244	2022	1	0.8414414294923875	correct_baseline
3065244	2023	1	0.7948916597451997	correct_baseline
3065244	2024	1	0.7468390515782469	correct_baseline
3066965	2022	3	1.2179902910797236	correct_baseline
3066965	2023	3	1.233902576396936	correct_baseline
3066965	2024	3	1.2497503192035435	correct_baseline
3067054	2022			correct_baseline
3067054	2023			correct_baseline
3067054	2024			correct_baseline
3067119	2022	3	1.284538398285977	correct_baseline
3067119	2023	3	1.295771737246497	correct_baseline
3067119	2024	3	1.307017869342362	correct_baseline
3067353	2022	3	1.3547275150899918	correct_baseline
3067353	2023	3	1.382481571329924	correct_baseline
3067353	2024	3	1.4099049882113126	correct_baseline
3067891	2022	3	1.118697546910538	correct_baseline
3067891	2023	3	1.1199920963786505	correct_baseline
3067891	2024	3	1.1208898506832499	correct_baseline
3069053	2022	3	1.19203170157165	correct_baseline
3069053	2023	3	1.2195181498401524	correct_baseline
3069053	2024	3	1.246789701741583	correct_baseline
3069460	2022	3	1.1470509584352246	correct_baseline
3069460	2023	3	1.1531816440571416	correct_baseline
3069460	2024	3	1.1563607410157069	correct_baseline
3082244	2022	3	1.1923132380147243	correct_baseline
3082244	2023	3	1.1935686230059028	correct_baseline
3082244	2024	3	1.1948021111757332	correct_baseline
3082274	2022			correct_baseline
3082274	2023			correct_baseline
3082274	2024			correct_baseline
3082279	2022			correct_baseline
3082279	2023			correct_baseline
3082279	2024			correct_baseline
3082297	2022			correct_baseline
3082297	2023			correct_baseline
3082297	2024			correct_baseline
3083488	2022			correct_baseline
3083488	2023			correct_baseline
3083488	2024			correct_baseline
3083647	2022	0	0.8469281571645066	correct_baseline
3083647	2023	0	0.6814784863152944	correct_baseline
3083647	2024	0	0.5422846778286534	correct_baseline
3083680	2022	1	0.7436273280107613	correct_baseline
3083680	2023	1	0.7450256804700958	correct_baseline
3083680	2024	1	0.7458378954883658	correct_baseline
3083761	2022	3	1.2490198846873137	correct_baseline
3083761	2023	3	1.2637895991049959	correct_baseline
3083761	2024	3	1.2786684659419105	correct_baseline
3083920	2022	0	0.8004464285327949	correct_baseline
3083920	2023	0	0.7901978162545934	correct_baseline
3083920	2024	0	0.7800447933564546	correct_baseline
3083975	2022	3	1.081243724149747	correct_baseline
3083975	2023	3	1.0841773739057046	correct_baseline
3083975	2024	3	1.0870721058913688	correct_baseline
3084015	2022	3	1.2230811868599127	correct_baseline
3084015	2023	3	1.231651564310973	correct_baseline
3084015	2024	3	1.2402428686203013	correct_baseline
3084022	2022	3	1.4618071662458034	correct_baseline
3084022	2023	3	1.4757515697038024	correct_baseline
3084022	2024	3	1.4897730446076594	correct_baseline
3084719	2022	3	1.2778073388842541	correct_baseline
3084719	2023	3	1.2835281218019328	correct_baseline
3084719	2024	3	1.2892615241612997	correct_baseline
3084742	2022	3	1.1944173944595406	correct_baseline
3084742	2023	3	1.2048392622772477	correct_baseline
3084742	2024	3	1.2147097994076006	correct_baseline
3085357	2022			correct_baseline
3085357	2023			correct_baseline
3085357	2024			correct_baseline
3085360	2022	3	1.2733901392008946	correct_baseline
3085360	2023	3	1.2730572735597252	correct_baseline
3085360	2024	3	1.2723263002640097	correct_baseline
3085381	2022	3	1.2089006937736875	correct_baseline
3085381	2023	3	1.208251627417341	correct_baseline
3085381	2024	3	1.2074761968095398	correct_baseline
3085420	2022	1	0.7185375206236966	correct_baseline
3085420	2023	1	0.7100273048754149	correct_baseline
3085420	2024	1	0.7015947026770747	correct_baseline
3085421	2022	3	1.253917710973777	correct_baseline
3085421	2023	3	1.1249917759432868	correct_baseline
3085421	2024	1	1.0033962180265523	correct_baseline
3085438	2022	3	1.0622007336811694	correct_baseline
3085438	2023	3	1.061535652008037	correct_baseline
3085438	2024	3	1.060821254055227	correct_baseline
3085623	2022	3	1.2987020910733518	correct_baseline
3085623	2023	3	1.3120695365830253	correct_baseline
3085623	2024	3	1.3254941398360607	correct_baseline
3086240	2022	3	1.144886659263724	correct_baseline
3086240	2023	3	1.1539019072379446	correct_baseline
3086240	2024	3	1.162620946505814	correct_baseline
3088310	2022	3	1.2374765062398858	correct_baseline
3088310	2023	3	1.248740626723888	correct_baseline
3088310	2024	3	1.2599579747064893	correct_baseline
3088481	2022	1	0.828917966524924	correct_baseline
3088481	2023	1	0.8175963605967973	correct_baseline
3088481	2024	1	0.806174453404894	correct_baseline
3088488	2022	1	0.9116646340930865	correct_baseline
3088488	2023	1	0.9071888151159356	correct_baseline
3088488	2024	1	0.9025329173511459	correct_baseline
3089146	2022	3	1.613504718599613	correct_baseline
3089146	2023	3	1.6540655220277891	correct_baseline
3089146	2024	3	1.6926286849137453	correct_baseline
3089154	2022	0	0.7790062750779599	correct_baseline
3089154	2023	0	0.7716237312974172	correct_baseline
3089154	2024	0	0.764299230975072	correct_baseline
3092576	2022			correct_baseline
3092576	2023			correct_baseline
3092576	2024			correct_baseline
3092691	2022			correct_baseline
3092691	2023			correct_baseline
3092691	2024			correct_baseline
3096529	2022	1	0.9240455123439825	correct_baseline
3096529	2023	1	0.9279609033510915	correct_baseline
3096529	2024	1	0.9316333986103866	correct_baseline
3098912	2022	3	1.2236290363122497	correct_baseline
3098912	2023	3	1.2336534945720516	correct_baseline
3098912	2024	3	1.2437136780618467	correct_baseline
3098951	2022	0	0.7010612838517428	correct_baseline
3098951	2023	0	0.418634772248612	correct_baseline
3098951	2024	0	0.20409015877994585	correct_baseline
3101184	2022	1	0.9221107418723413	correct_baseline
3101184	2023	1	0.9208129902803719	correct_baseline
3101184	2024	1	0.9193575066375731	correct_baseline
3101193	2022	3	1.1716095414147716	correct_baseline
3101193	2023	3	1.1727265366440578	correct_baseline
3101193	2024	3	1.1737327843406462	correct_baseline
3103082	2022	3	1.2403283970008872	correct_baseline
3103082	2023	3	1.2975541041934637	correct_baseline
3103082	2024	3	1.3523925794723546	correct_baseline
3103158	2022			correct_baseline
3103158	2023			correct_baseline
3103158	2024			correct_baseline
3103180	2022			correct_baseline
3103180	2023			correct_baseline
3103180	2024			correct_baseline
3103791	2022	3	1.1192783990770392	correct_baseline
3103791	2023	3	1.117489965450864	correct_baseline
3103791	2024	3	1.1154781249455936	correct_baseline
3104106	2022			correct_baseline
3104106	2023			correct_baseline
3104106	2024			correct_baseline
3104314	2022			correct_baseline
3104314	2023			correct_baseline
3104314	2024			correct_baseline
3105508	2022			correct_baseline
3105508	2023			correct_baseline
3105508	2024			correct_baseline
3105768	2022			correct_baseline
3105768	2023			correct_baseline
3105768	2024			correct_baseline
3109086	2022	3	1.1394846758472221	correct_baseline
3109086	2023	3	1.1395832775480181	correct_baseline
3109086	2024	3	1.1396773126062172	correct_baseline
3109117	2022	0	0.6764498397141998	correct_baseline
3109117	2023	0	0.6681288586679132	correct_baseline
3109117	2024	0	0.6599065624705269	correct_baseline
3111754	2022			correct_baseline
3111754	2023			correct_baseline
3111754	2024			correct_baseline
3112110	2022	1	0.87695435072902	correct_baseline
3112110	2023	1	0.869335555442141	correct_baseline
3112110	2024	1	0.8613478871787346	correct_baseline
3112361	2022	0	0.5188376083683246	correct_baseline
3112361	2023	0	0.27138208453862406	correct_baseline
3112361	2024	0	0.12272951070502389	correct_baseline
3112364	2022	0	0.8783723443042438	correct_baseline
3112364	2023	0	0.6555981768909115	correct_baseline
3112364	2024	0	0.4743105223963521	correct_baseline
3113637	2022	1	0.8028002983356233	correct_baseline
3113637	2023	1	0.8003094485283458	correct_baseline
3113637	2024	1	0.7977847866036344	correct_baseline
3114225	2022	3	1.3831958768365773	correct_baseline
3114225	2023	3	1.4037330765232634	correct_baseline
3114225	2024	3	1.423648480318843	correct_baseline
3114229	2022	3	1.2446829589271458	correct_baseline
3114229	2023	3	1.2545113573946474	correct_baseline
3114229	2024	3	1.26438785123987	correct_baseline
3114643	2022	3	1.0606090693352241	correct_baseline
3114643	2023	3	1.0640758964609731	correct_baseline
3114643	2024	3	1.0675448969748675	correct_baseline
3114667	2022			correct_baseline
3114667	2023			correct_baseline
3114667	2024			correct_baseline
3117449	2022	3	1.3323071136956017	correct_baseline
3117449	2023	3	1.3417292635110512	correct_baseline
3117449	2024	3	1.3512112482878471	correct_baseline
3118254	2022	1	0.7998014943500036	correct_baseline
3118254	2023	1	0.7975956837843643	correct_baseline
3118254	2024	1	0.7953281084062288	correct_baseline
3118430	2022	3	1.1830840712404873	correct_baseline
3118430	2023	3	1.191133035329934	correct_baseline
3118430	2024	3	1.199092881949562	correct_baseline
3118526	2022			correct_baseline
3118526	2023			correct_baseline
3118526	2024			correct_baseline
3119175	2022	3	1.0288278903540904	correct_baseline
3119175	2023	3	1.027250440934032	correct_baseline
3119175	2024	3	1.0254508994252927	correct_baseline
3119181	2022	3	1.0704477323200252	correct_baseline
3119181	2023	3	1.0677361922363462	correct_baseline
3119181	2024	3	1.0648191204987267	correct_baseline
3120024	2022			correct_baseline
3120024	2023			correct_baseline
3120024	2024			correct_baseline
3120284	2022	3	1.2261765665110917	correct_baseline
3120284	2023	3	1.2361164505640092	correct_baseline
3120284	2024	3	1.2461239783257814	correct_baseline
3120692	2022	3	1.4526535902382862	correct_baseline
3120692	2023	3	1.5622457172308504	correct_baseline
3120692	2024	3	1.665202150611966	correct_baseline
3120790	2022	1	0.9991772876232006	correct_baseline
3120790	2023	1	0.9965002315021274	correct_baseline
3120790	2024	1	0.993715880167246	correct_baseline
3121088	2022			correct_baseline
3121088	2023			correct_baseline
3121088	2024			correct_baseline
3121226	2022	1	0.9688570202860287	correct_baseline
3121226	2023	1	0.9539184178317609	correct_baseline
3121226	2024	1	0.9387130913141158	correct_baseline
3121258	2022	1	0.8202039894304703	correct_baseline
3121258	2023	1	0.7759639929357016	correct_baseline
3121258	2024	1	0.7318596457742668	correct_baseline
3121562	2022			correct_baseline
3121562	2023			correct_baseline
3121562	2024			correct_baseline
3121581	2022	1	0.6903381427332216	correct_baseline
3121581	2023	1	0.6832773448565074	correct_baseline
3121581	2024	1	0.6762570397715781	correct_baseline
3122924	2022	3	1.3072653481267067	correct_baseline
3122924	2023	3	1.298480315284215	correct_baseline
3122924	2024	3	1.2891098703138424	correct_baseline
3123663	2022	3	1.045059104419652	correct_baseline
3123663	2023	3	1.0475799561781887	correct_baseline
3123663	2024	3	1.050092268628801	correct_baseline
3127727	2022	1	0.9019477657467041	correct_baseline
3127727	2023	1	0.8996206125657573	correct_baseline
3127727	2024	1	0.897264866561741	correct_baseline
3128225	2022	2	0.910098241790457	correct_baseline
3128225	2023	2	0.9222394594897854	correct_baseline
3128225	2024	2	0.9340851177294991	correct_baseline
3128888	2022	1	0.8189032502862692	correct_baseline
3128888	2023	1	0.8156374080195138	correct_baseline
3128888	2024	1	0.8123472532592909	correct_baseline
3131614	2022	0	0.937693323016134	correct_baseline
3131614	2023	0	0.6397200402574363	correct_baseline
3131614	2024	0	0.418837700722961	correct_baseline
3132570	2022	3	1.1134590935104285	correct_baseline
3132570	2023	3	1.118937841587133	correct_baseline
3132570	2024	3	1.1241945553409125	correct_baseline
3133887	2022	0	0.5624655713607815	correct_baseline
3133887	2023	0	0.3539021744973037	correct_baseline
3133887	2024	0	0.21898454360575068	correct_baseline
3133938	2022	3	1.2515502913777785	correct_baseline
3133938	2023	3	1.2676850800976645	correct_baseline
3133938	2024	3	1.2835656102098227	correct_baseline
3133950	2022	0	0.9072878535764605	correct_baseline
3133950	2023	0	0.643791262277316	correct_baseline
3133950	2024	0	0.4502634092229227	correct_baseline
3134867	2022			correct_baseline
3134867	2023			correct_baseline
3134867	2024			correct_baseline
3136320	2022	3	1.1273411771398774	correct_baseline
3136320	2023	3	1.1340220693650593	correct_baseline
3136320	2024	3	1.1407164532630298	correct_baseline
3137829	2022			correct_baseline
3137829	2023			correct_baseline
3137829	2024			correct_baseline
3138195	2022			correct_baseline
3138195	2023			correct_baseline
3138195	2024			correct_baseline
3138327	2022	1	0.9876839340937795	correct_baseline
3138327	2023	1	0.9849680336378843	correct_baseline
3138327	2024	1	0.9822449850763348	correct_baseline
3139003	2022	1	0.7831978791192719	correct_baseline
3139003	2023	1	0.7791273105177109	correct_baseline
3139003	2024	1	0.7747709314838925	correct_baseline
3140436	2022	1	0.6898166292303208	correct_baseline
3140436	2023	1	0.6825287706676052	correct_baseline
3140436	2024	1	0.6752477719890505	correct_baseline
3141890	2022	3	1.0523289756198655	correct_baseline
3141890	2023	3	1.0529007783294109	correct_baseline
3141890	2024	3	1.0532362435724418	correct_baseline
3145214	2022	3	1.1752468410316022	correct_baseline
3145214	2023	3	1.1799661313532637	correct_baseline
3145214	2024	3	1.1846932163671813	correct_baseline
3146683	2022	3	1.1302293447926908	correct_baseline
3146683	2023	3	1.1251382651799713	correct_baseline
3146683	2024	3	1.1200401935182533	correct_baseline
3146717	2022	3	1.1309303403627542	correct_baseline
3146717	2023	3	1.126575889138955	correct_baseline
3146717	2024	3	1.120248305685422	correct_baseline
3146791	2022	3	1.130977720141896	correct_baseline
3146791	2023	3	1.1346649350917881	correct_baseline
3146791	2024	3	1.1380767221259949	correct_baseline
3147018	2022	0	0.8425410799712827	correct_baseline
3147018	2023	0	0.7794459158756715	correct_baseline
3147018	2024	0	0.7189359898808013	correct_baseline
3147168	2022	3	1.341206585555681	correct_baseline
3147168	2023	3	1.3562610560824333	correct_baseline
3147168	2024	3	1.3713760363039962	correct_baseline
3147815	2022	1	0.9868151291994074	correct_baseline
3147815	2023	1	0.9886239731781956	correct_baseline
3147815	2024	1	0.9903843637732102	correct_baseline
3148340	2022	3	1.171748785021265	correct_baseline
3148340	2023	3	1.1785228646957764	correct_baseline
3148340	2024	3	1.1853089068124152	correct_baseline
3150935	2022			correct_baseline
3150935	2023			correct_baseline
3150935	2024			correct_baseline
3151558	2022	3	1.1180400563843818	correct_baseline
3151558	2023	3	1.1222596559700497	correct_baseline
3151558	2024	3	1.1264173127425496	correct_baseline
3151618	2022	1	0.9893535799436108	correct_baseline
3151618	2023	1	0.9890137274868226	correct_baseline
3151618	2024	1	0.9886621227502875	correct_baseline
3152372	2022	1	0.8406987134519812	correct_baseline
3152372	2023	1	0.8333148158055225	correct_baseline
3152372	2024	1	0.8259829637748523	correct_baseline
3152377	2022	1	0.9430866971833355	correct_baseline
3152377	2023	1	0.9396763073262182	correct_baseline
3152377	2024	1	0.9361815281881294	correct_baseline
3152378	2022	3	1.080594136117667	correct_baseline
3152378	2023	3	1.0790540320250455	correct_baseline
3152378	2024	3	1.0773221511571822	correct_baseline
3152521	2022	1	0.9901337847653754	correct_baseline
3152521	2023	1	0.9889035149183627	correct_baseline
3152521	2024	1	0.9876641836940291	correct_baseline
3152560	2022	3	1.0617616815684643	correct_baseline
3152560	2023	3	1.0647059611256338	correct_baseline
3152560	2024	3	1.0673243949648263	correct_baseline
3152583	2022	1	0.9496497169708793	correct_baseline
3152583	2023	1	0.9447860906787479	correct_baseline
3152583	2024	1	0.9398071531064013	correct_baseline
3152614	2022	1	0.9959143089046082	correct_baseline
3152614	2023	1	0.9955699004292876	correct_baseline
3152614	2024	1	0.995220372841333	correct_baseline
3152816	2022	1	0.9690317746732462	correct_baseline
3152816	2023	1	0.9687544658243193	correct_baseline
3152816	2024	1	0.9684270421253003	correct_baseline
3152824	2022	3	1.0630422428470965	correct_baseline
3152824	2023	3	1.0673753189679962	correct_baseline
3152824	2024	3	1.0716870497635564	correct_baseline
3152861	2022	1	1.0047130673683842	correct_baseline
3152861	2023	1	1.005241580925102	correct_baseline
3152861	2024	1	1.0057310610455286	correct_baseline
3164340	2022			correct_baseline
3164340	2023			correct_baseline
3164340	2024			correct_baseline
3169120	2022	1	0.8693292574943914	correct_baseline
3169120	2023	1	0.8692439793232444	correct_baseline
3169120	2024	1	0.8691128419034179	correct_baseline
3169137	2022	3	1.143207382851713	correct_baseline
3169137	2023	3	1.149406978459483	correct_baseline
3169137	2024	3	1.1556124074060985	correct_baseline
3169331	2022			correct_baseline
3169331	2023			correct_baseline
3169331	2024			correct_baseline
3169340	2022	3	1.0414336674699982	correct_baseline
3169340	2023	3	1.0163534978954258	correct_baseline
3169340	2024	1	0.9914785886427535	correct_baseline
3169391	2022	0	0.48526902478466744	correct_baseline
3169391	2023	0	0.20543561930354085	correct_baseline
3169391	2024	0	0.07706729160042626	correct_baseline
3169708	2022	3	1.217033636691914	correct_baseline
3169708	2023	3	1.223001020468996	correct_baseline
3169708	2024	3	1.2289914548746386	correct_baseline
3169756	2022			correct_baseline
3169756	2023			correct_baseline
3169756	2024			correct_baseline
3170040	2022	3	1.093141514468344	correct_baseline
3170040	2023	3	1.0829533655096069	correct_baseline
3170040	2024	3	1.0713346032230597	correct_baseline
3170247	2022	3	1.0135254005349643	correct_baseline
3170247	2023	3	1.0162207598477246	correct_baseline
3170247	2024	3	1.0188438111647673	correct_baseline
3170823	2022	2	1.2863884242701065	correct_baseline
3170823	2023	2	1.226230697144499	correct_baseline
3170823	2024	2	1.1664975987005803	correct_baseline
3170862	2022			correct_baseline
3170862	2023			correct_baseline
3170862	2024			correct_baseline
3171304	2022			correct_baseline
3171304	2023			correct_baseline
3171304	2024			correct_baseline
3171888	2022	1	0.8587465704173146	correct_baseline
3171888	2023	1	0.8547846831382683	correct_baseline
3171888	2024	1	0.8507793623735126	correct_baseline
3171948	2022	3	1.1534026239474058	correct_baseline
3171948	2023	3	1.1564007547074444	correct_baseline
3171948	2024	3	1.159394293346517	correct_baseline
3171951	2022	1	0.9715609480494021	correct_baseline
3171951	2023	1	0.9747763950286775	correct_baseline
3171951	2024	1	0.9779294615532568	correct_baseline
3171952	2022	3	1.0201253546352245	correct_baseline
3171952	2023	1	0.8793890214602325	correct_baseline
3171952	2024	1	0.7485404659956131	correct_baseline
3171954	2022	1	0.935104997711461	correct_baseline
3171954	2023	1	0.9334763449671781	correct_baseline
3171954	2024	1	0.9318328786669761	correct_baseline
3172001	2022	3	1.2304782685622115	correct_baseline
3172001	2023	3	1.2391347085959095	correct_baseline
3172001	2024	3	1.247844718554296	correct_baseline
3172059	2022	3	1.0208984122515694	correct_baseline
3172059	2023	3	1.0244984456790134	correct_baseline
3172059	2024	3	1.028074044728715	correct_baseline
3172068	2022	3	1.1699374881033433	correct_baseline
3172068	2023	3	1.1127602829287955	correct_baseline
3172068	2024	3	1.0531229286013992	correct_baseline
3172077	2022	3	1.2964043304035666	correct_baseline
3172077	2023	3	1.3130336395335622	correct_baseline
3172077	2024	3	1.3296280648107743	correct_baseline
3172100	2022	3	1.079660766969059	correct_baseline
3172100	2023	3	1.0833706689791411	correct_baseline
3172100	2024	3	1.08692948667306	correct_baseline
3172104	2022	3	1.1412005382160704	correct_baseline
3172104	2023	3	1.164096743559288	correct_baseline
3172104	2024	3	1.1870774739658834	correct_baseline
3172118	2022	3	1.188590455419319	correct_baseline
3172118	2023	3	1.1967977026344665	correct_baseline
3172118	2024	3	1.205051303506161	correct_baseline
3172266	2022	1	0.9550298392985949	correct_baseline
3172266	2023	1	0.9542917491929973	correct_baseline
3172266	2024	1	0.9535152685710712	correct_baseline
3172276	2022			correct_baseline
3172276	2023			correct_baseline
3172276	2024			correct_baseline
3172291	2022	3	1.153123468832258	correct_baseline
3172291	2023	3	1.1584832119375372	correct_baseline
3172291	2024	3	1.1638601212326494	correct_baseline
3172347	2022	3	1.2013461130902756	correct_baseline
3172347	2023	3	1.2064103128163217	correct_baseline
3172347	2024	3	1.2114256057952415	correct_baseline
3172348	2022	1	0.8012820560200545	correct_baseline
3172348	2023	1	0.793225846399847	correct_baseline
3172348	2024	1	0.78504910191416	correct_baseline
3172549	2022	3	1.3059087566075909	correct_baseline
3172549	2023	3	1.3791124868060052	correct_baseline
3172549	2024	3	1.4503332900511077	correct_baseline
3172615	2022	3	1.214921411039428	correct_baseline
3172615	2023	3	1.2232706476349362	correct_baseline
3172615	2024	3	1.2316395589603266	correct_baseline
3173338	2022	3	1.1323019690899194	correct_baseline
3173338	2023	3	1.1346751794568009	correct_baseline
3173338	2024	3	1.136913495244091	correct_baseline
3188735	2022			correct_baseline
3188735	2023			correct_baseline
3188735	2024			correct_baseline
3188830	2022	3	1.337555248048577	correct_baseline
3188830	2023	3	1.4257691105715375	correct_baseline
3188830	2024	3	1.5035553153120707	correct_baseline
3188894	2022	3	1.2732961206049078	correct_baseline
3188894	2023	3	1.287288151582133	correct_baseline
3188894	2024	3	1.3011927947517736	correct_baseline
3188924	2022	0	0.8597125893021745	correct_baseline
3188924	2023	0	0.8392359600807667	correct_baseline
3188924	2024	0	0.8190124795489729	correct_baseline
3189073	2022	3	1.2119777130658516	correct_baseline
3189073	2023	3	1.1710759516661353	correct_baseline
3189073	2024	3	1.1275599305652437	correct_baseline
3189497	2022	1	0.9018133279599563	correct_baseline
3189497	2023	1	0.8426709058096051	correct_baseline
3189497	2024	1	0.7856939884315652	correct_baseline
3189762	2022	3	1.145315970578957	correct_baseline
3189762	2023	3	1.1509526280438838	correct_baseline
3189762	2024	3	1.1566084396936227	correct_baseline
3189815	2022	3	1.0847976333651457	correct_baseline
3189815	2023	3	1.088453550199078	correct_baseline
3189815	2024	3	1.091914511580682	correct_baseline
3189828	2022	1	0.941505820387578	correct_baseline
3189828	2023	1	0.943707794754462	correct_baseline
3189828	2024	1	0.9458436956611862	correct_baseline
3189837	2022	1	1.0067896918032935	correct_baseline
3189837	2023	1	0.988499971958096	correct_baseline
3189837	2024	1	0.9702343225276671	correct_baseline
3189843	2022	0	0.6094306543281239	correct_baseline
3189843	2023	0	0.46853315468719364	correct_baseline
3189843	2024	0	0.3535760240996907	correct_baseline
3189866	2022	3	1.1074593259464913	correct_baseline
3189866	2023	3	1.1069108932083653	correct_baseline
3189866	2024	3	1.106154949238087	correct_baseline
3189882	2022	3	1.0312123116095835	correct_baseline
3189882	2023	3	1.035419403256554	correct_baseline
3189882	2024	3	1.0395927542510524	correct_baseline
3190382	2022	3	1.0466507241909617	correct_baseline
3190382	2023	3	1.0480280951040317	correct_baseline
3190382	2024	3	1.049304927387496	correct_baseline
3190411	2022	1	0.9992945241904924	correct_baseline
3190411	2023	1	1.0028281283650156	correct_baseline
3190411	2024	1	1.0055175689733156	correct_baseline
3190522	2022			correct_baseline
3190522	2023			correct_baseline
3190522	2024			correct_baseline
3190538	2022	2	1.1208501183774244	correct_baseline
3190538	2023	2	1.0823257832019377	correct_baseline
3190538	2024	2	1.0441305722936625	correct_baseline
3190653	2022	3	1.21013967116918	correct_baseline
3190653	2023	3	1.2152786448176438	correct_baseline
3190653	2024	3	1.2200681116182275	correct_baseline
3197314	2022	3	1.0739760563845864	correct_baseline
3197314	2023	3	1.042436267038716	correct_baseline
3197314	2024	3	1.0111063200871024	correct_baseline
3602683	2022	3	1.2098787135468814	correct_baseline
3602683	2023	3	1.1994281982426263	correct_baseline
3602683	2024	3	1.1885096031510238	correct_baseline
3610757	2022	3	1.141818710401408	correct_baseline
3610757	2023	3	1.1469099040634694	correct_baseline
3610757	2024	3	1.1520067998687167	correct_baseline
3633319	2022	1	0.8737892164879105	correct_baseline
3633319	2023	1	0.8677895560454146	correct_baseline
3633319	2024	1	0.8617402178402592	correct_baseline
3642531	2022			correct_baseline
3642531	2023			correct_baseline
3642531	2024			correct_baseline
3663237	2022			correct_baseline
3663237	2023			correct_baseline
3663237	2024			correct_baseline
3664589	2022	2	1.0384387372880755	correct_baseline
3664589	2023	0	0.7659505429751471	correct_baseline
3664589	2024	0	0.5509273771680123	correct_baseline
3666422	2022	1	0.7707386644976265	correct_baseline
3666422	2023	1	0.7596455883925142	correct_baseline
3666422	2024	1	0.7486129743371837	correct_baseline
3666776	2022	0	0.7170588335020887	correct_baseline
3666776	2023	0	0.592387243610971	correct_baseline
3666776	2024	0	0.48499433663849806	correct_baseline
3667238	2022			correct_baseline
3667238	2023			correct_baseline
3667238	2024			correct_baseline
3678949	2022			correct_baseline
3678949	2023			correct_baseline
3678949	2024			correct_baseline
3686235	2022	3	1.076704164191423	correct_baseline
3686235	2023	3	1.0776973923285729	correct_baseline
3686235	2024	3	1.078145652867153	correct_baseline
3690997	2022	3	1.1875293212200395	correct_baseline
3690997	2023	3	1.2001686213144822	correct_baseline
3690997	2024	3	1.211098660461688	correct_baseline
3693541	2022			correct_baseline
3693541	2023			correct_baseline
3693541	2024			correct_baseline
3711564	2022	1	0.965842791389444	correct_baseline
3711564	2023	1	0.966424601319604	correct_baseline
3711564	2024	1	0.9666096376610082	correct_baseline
3711846	2022			correct_baseline
3711846	2023			correct_baseline
3711846	2024			correct_baseline
3725062	2022	1	0.8766388926749881	correct_baseline
3725062	2023	1	0.8732390381471193	correct_baseline
3725062	2024	1	0.8698370157989382	correct_baseline
3729273	2022			correct_baseline
3729273	2023			correct_baseline
3729273	2024			correct_baseline
3741446	2022			correct_baseline
3741446	2023			correct_baseline
3741446	2024			correct_baseline
3756650	2022	0	0.9541303768532026	correct_baseline
3756650	2023	0	0.6786843878347035	correct_baseline
3756650	2024	0	0.4643223251253923	correct_baseline
3767816	2022	1	0.762330611301139	correct_baseline
3767816	2023	1	0.7578242352325675	correct_baseline
3767816	2024	1	0.7533263172363462	correct_baseline
3797084	2022	3	1.0753676155308751	correct_baseline
3797084	2023	3	1.0781715998517567	correct_baseline
3797084	2024	3	1.0809740568076946	correct_baseline
3814157	2022			correct_baseline
3814157	2023			correct_baseline
3814157	2024			correct_baseline
3883959	2022			correct_baseline
3883959	2023			correct_baseline
3883959	2024			correct_baseline
3886505	2022	0	0.9924748034931552	correct_baseline
3886505	2023	0	0.8000653122782083	correct_baseline
3886505	2024	0	0.6296405567816533	correct_baseline
3892732	2022	1	0.8016115033312583	correct_baseline
3892732	2023	1	0.5700424056687112	correct_baseline
3892732	2024	1	0.3873780631318616	correct_baseline
3896282	2022			correct_baseline
3896282	2023			correct_baseline
3896282	2024			correct_baseline
3922888	2022	1	0.791577345005342	correct_baseline
3922888	2023	1	0.7934363782014172	correct_baseline
3922888	2024	1	0.7949481592295085	correct_baseline
3924221	2022			correct_baseline
3924221	2023			correct_baseline
3924221	2024			correct_baseline
3933415	2022	1	0.9482903563852336	correct_baseline
3933415	2023	1	0.9445861507775756	correct_baseline
3933415	2024	1	0.9363931326385003	correct_baseline
3935079	2022			correct_baseline
3935079	2023			correct_baseline
3935079	2024			correct_baseline
3935421	2022			correct_baseline
3935421	2023			correct_baseline
3935421	2024			correct_baseline
3940326	2022	3	1.0382102072945063	correct_baseline
3940326	2023	3	1.04166886918884	correct_baseline
3940326	2024	3	1.045089752186146	correct_baseline
3940423	2022			correct_baseline
3940423	2023			correct_baseline
3940423	2024			correct_baseline
3981543	2022	3	1.1976185640318384	correct_baseline
3981543	2023	3	1.208309002215618	correct_baseline
3981543	2024	3	1.2174847193199543	correct_baseline
3988701	2022	0	0.5767078067089818	correct_baseline
3988701	2023	0	0.5538806879024407	correct_baseline
3988701	2024	0	0.5316789606530111	correct_baseline
4013762	2022	0	0.8479996582288561	correct_baseline
4013762	2023	0	0.5127733727903775	correct_baseline
4013762	2024	0	0.2930440793006858	correct_baseline
4021919	2022	1	0.6300170471584854	correct_baseline
4021919	2023	1	0.6206587804093375	correct_baseline
4021919	2024	1	0.6112801697587145	correct_baseline
4034001	2022			correct_baseline
4034001	2023			correct_baseline
4034001	2024			correct_baseline
4038485	2022	0	0.7319047486574313	correct_baseline
4038485	2023	1	0.7103455220016098	correct_baseline
4038485	2024	1	0.6884241577010541	correct_baseline
4046493	2022			correct_baseline
4046493	2023			correct_baseline
4046493	2024			correct_baseline
4048240	2022	1	0.9823728578771146	correct_baseline
4048240	2023	1	0.9798501355778608	correct_baseline
4048240	2024	1	0.9772167846731221	correct_baseline
4063383	2022	3	1.3182690355878777	correct_baseline
4063383	2023	3	1.3441272704023972	correct_baseline
4063383	2024	3	1.3701669178064815	correct_baseline
4067281	2022	0	0.9884758763412678	correct_baseline
4067281	2023	0	0.7777774184895762	correct_baseline
4067281	2024	0	0.5977398670945726	correct_baseline
4067302	2022	3	1.1651305353696095	correct_baseline
4067302	2023	3	1.174847821805967	correct_baseline
4067302	2024	3	1.1842927381451889	correct_baseline
4086523	2022			correct_baseline
4086523	2023			correct_baseline
4086523	2024			correct_baseline
4097656	2022	1	0.9150282770646716	correct_baseline
4097656	2023	1	0.9130061437920558	correct_baseline
4097656	2024	1	0.91087606955558	correct_baseline
4102952	2022	1	1.00404864740089	correct_baseline
4102952	2023	1	0.7477821560257026	correct_baseline
4102952	2024	1	0.5180822793193128	correct_baseline
4123394	2022	1	0.7952876464989251	correct_baseline
4123394	2023	1	0.7884397292587544	correct_baseline
4123394	2024	1	0.7816244331460468	correct_baseline
4123912	2022	3	1.0188042280819205	correct_baseline
4123912	2023	3	1.0616800010173049	correct_baseline
4123912	2024	3	1.0984955944862649	correct_baseline
4125308	2022	1	0.9196644146843939	correct_baseline
4125308	2023	1	0.9135310071297863	correct_baseline
4125308	2024	1	0.9074162918992756	correct_baseline
4127352	2022	1	0.9295802011802378	correct_baseline
4127352	2023	1	0.9395018785673013	correct_baseline
4127352	2024	1	0.9467174513970977	correct_baseline
4129181	2022	1	0.9602928333754629	correct_baseline
4129181	2023	1	0.9585330408301734	correct_baseline
4129181	2024	1	0.9567665650602004	correct_baseline
4129708	2022	3	1.0342749065427812	correct_baseline
4129708	2023	3	1.039447966967737	correct_baseline
4129708	2024	3	1.0445040727805819	correct_baseline
4131042	2022			correct_baseline
4131042	2023			correct_baseline
4131042	2024			correct_baseline
4133390	2022	1	0.6643806449693641	correct_baseline
4133390	2023	1	0.6545159237780175	correct_baseline
4133390	2024	1	0.6447045143198855	correct_baseline
4142326	2022			correct_baseline
4142326	2023			correct_baseline
4142326	2024			correct_baseline
4201607	2022	3	1.230204974247636	correct_baseline
4201607	2023	3	1.2113317499863554	correct_baseline
4201607	2024	3	1.1921135234717382	correct_baseline
4201695	2022			correct_baseline
4201695	2023			correct_baseline
4201695	2024			correct_baseline
4201709	2022			correct_baseline
4201709	2023			correct_baseline
4201709	2024			correct_baseline
4205640	2022			correct_baseline
4205640	2023			correct_baseline
4205640	2024			correct_baseline
4206362	2022	0	0.46736744347017317	correct_baseline
4206362	2023	0	0.23322116662022244	correct_baseline
4206362	2024	0	0.11251129864941878	correct_baseline
4245384	2022	1	0.9379618260718198	correct_baseline
4245384	2023	1	0.9386176817931736	correct_baseline
4245384	2024	1	0.9392565563532421	correct_baseline
4259350	2022			correct_baseline
4259350	2023			correct_baseline
4259350	2024			correct_baseline
4264680	2022	3	1.2034880295563959	correct_baseline
4264680	2023	3	1.1711534275680213	correct_baseline
4264680	2024	3	1.1390933071353062	correct_baseline
4270548	2022	1	0.7019372933492495	correct_baseline
4270548	2023	1	0.5511851118936746	correct_baseline
4270548	2024	1	0.41655560622264987	correct_baseline
4285968	2022	1	0.7666007983350368	basic
4285968	2023	1	0.6939460444839994	basic
4285968	2024	1	0.6080366023415282	basic
4286942	2022	3	1.0512483735591591	basic
4286942	2023	3	1.0471939123593774	basic
4286942	2024	3	1.0431328862514464	basic
4286975	2022	1	0.9353714523858383	basic
4286975	2023	1	0.9259868393200341	basic
4286975	2024	1	0.9166287158757932	basic
4315705	2022	0	0.8015276477286178	correct_baseline
4315705	2023	0	0.7938637536930455	correct_baseline
4315705	2024	0	0.7862019316454589	correct_baseline
4362965	2022			correct_baseline
4362965	2023			correct_baseline
4362965	2024			correct_baseline
4372686	2022	2	1.0972673275999272	correct_baseline
4372686	2023	0	0.8860202034628173	correct_baseline
4372686	2024	0	0.6993953103925167	correct_baseline
4382841	2022	3	1.2122355635773594	correct_baseline
4382841	2023	3	1.2362819707571626	correct_baseline
4382841	2024	3	1.2605183054209324	correct_baseline
4400961	2022			correct_baseline
4400961	2023			correct_baseline
4400961	2024			correct_baseline
4408455	2022	0	0.7509851478462292	correct_baseline
4408455	2023	0	0.7409379483639685	correct_baseline
4408455	2024	0	0.7307239779620078	correct_baseline
4409643	2022	0	0.7428841137644886	basic
4409643	2023	0	0.7294205572443992	basic
4409643	2024	0	0.7160162083315585	basic
4427319	2022	3	1.3247756882356918	correct_baseline
4427319	2023	3	1.3277208174866908	correct_baseline
4427319	2024	3	1.3200089128274364	correct_baseline
4460066	2022	3	1.1001907161931197	correct_baseline
4460066	2023	1	0.9837205045389552	correct_baseline
4460066	2024	1	0.8696264298633862	correct_baseline
4483961	2022	3	1.0595276634848003	correct_baseline
4483961	2023	3	1.0331105735682529	correct_baseline
4483961	2024	1	1.007090053395358	correct_baseline
4483971	2022	1	0.8950539514886646	correct_baseline
4483971	2023	1	0.8444308408310295	correct_baseline
4483971	2024	1	0.7917390737784464	correct_baseline
4484009	2022			correct_baseline
4484009	2023			correct_baseline
4484009	2024			correct_baseline
4484176	2022	1	0.9333417767786808	correct_baseline
4484176	2023	1	0.8797527077579677	correct_baseline
4484176	2024	1	0.8286355096974576	correct_baseline
4485843	2022			correct_baseline
4485843	2023			correct_baseline
4485843	2024			correct_baseline
4486243	2022	2	0.9365790210740026	correct_baseline
4486243	2023	3	1.2279382553335145	correct_baseline
4486243	2024	3	1.523659952502931	correct_baseline
4486297	2022	0	0.5407129425434853	correct_baseline
4486297	2023	0	0.49057642830226106	correct_baseline
4486297	2024	0	0.4448671335359918	correct_baseline
4486365	2022	0	0.727217523335467	correct_baseline
4486365	2023	0	0.5281868865021827	correct_baseline
4486365	2024	0	0.37221023185717145	correct_baseline
4486382	2022	1	0.7569016172175606	correct_baseline
4486382	2023	1	0.7264292584174333	correct_baseline
4486382	2024	1	0.6967923190510438	correct_baseline
4487370	2022			correct_baseline
4487370	2023			correct_baseline
4487370	2024			correct_baseline
4487598	2022			correct_baseline
4487598	2023			correct_baseline
4487598	2024			correct_baseline
4487799	2022			correct_baseline
4487799	2023			correct_baseline
4487799	2024			correct_baseline
4488821	2022	1	0.9087290879380443	correct_baseline
4488821	2023	1	0.9239689029308131	correct_baseline
4488821	2024	1	0.9304376472530409	correct_baseline
4497124	2022	0	0.5403616285275894	correct_baseline
4497124	2023	0	0.4998568648055535	correct_baseline
4497124	2024	0	0.46226932823205563	correct_baseline
4497180	2022	1	0.8478055006618469	correct_baseline
4497180	2023	1	0.8173250021928289	correct_baseline
4497180	2024	1	0.7873600610496571	correct_baseline
4528100	2022	3	1.110336268694278	correct_baseline
4528100	2023	3	1.0650305045684623	correct_baseline
4528100	2024	3	1.0205150652551045	correct_baseline
4532122	2022	3	1.0405041359651788	correct_baseline
4532122	2023	1	0.9516371356477031	correct_baseline
4532122	2024	1	0.8673552811817993	correct_baseline
4544661	2022			correct_baseline
4544661	2023			correct_baseline
4544661	2024			correct_baseline
4553469	2022	1	0.9010826715160388	correct_baseline
4553469	2023	1	0.827917490382805	correct_baseline
4553469	2024	1	0.7392057760406036	correct_baseline
4559541	2022	3	1.074130726761971	correct_baseline
4559541	2023	3	1.0729867946974374	correct_baseline
4559541	2024	3	1.0711761380721856	correct_baseline
4562529	2022			correct_baseline
4562529	2023			correct_baseline
4562529	2024			correct_baseline
4562917	2022	1	0.7196613269466636	correct_baseline
4562917	2023	1	0.6836867379339552	correct_baseline
4562917	2024	1	0.6492645505678143	correct_baseline
4564216	2022			correct_baseline
4564216	2023			correct_baseline
4564216	2024			correct_baseline
4565039	2022	0	0.9145016019115074	correct_baseline
4565039	2023	0	0.8649017439102574	correct_baseline
4565039	2024	0	0.817902086693571	correct_baseline
4565061	2022	3	1.0501373121227626	correct_baseline
4565061	2023	3	1.026918531822414	correct_baseline
4565061	2024	1	1.0040679159804784	correct_baseline
4565134	2022	1	0.3574844932086263	correct_baseline
4565134	2023	1	0.2892237303106944	correct_baseline
4565134	2024	1	0.2337130518075943	correct_baseline
4565140	2022			correct_baseline
4565140	2023			correct_baseline
4565140	2024			correct_baseline
4567717	2022	1	0.6363367830559267	correct_baseline
4567717	2023	1	0.581197895622537	correct_baseline
4567717	2024	1	0.5306068353340528	correct_baseline
4568269	2022	0	0.6804489744586918	correct_baseline
4568269	2023	0	0.629034372089746	correct_baseline
4568269	2024	0	0.5813168985682902	correct_baseline
4598225	2022	1	0.7140459685284494	correct_baseline
4598225	2023	1	0.6669224940383585	correct_baseline
4598225	2024	1	0.6212145257614522	correct_baseline
4845776	2022	1	0.826393414113989	correct_baseline
4845776	2023	1	0.7543905215272109	correct_baseline
4845776	2024	1	0.6863425772220338	correct_baseline
4926336	2022	1	0.9804986255229174	correct_baseline
4926336	2023	1	0.9773203375484985	correct_baseline
4926336	2024	1	0.9738264079383426	correct_baseline
4932232	2022	3	1.1083157305559526	correct_baseline
4932232	2023	3	1.1106209125400175	correct_baseline
4932232	2024	3	1.1126935184285032	correct_baseline
4933624	2022	3	1.2420212560522264	correct_baseline
4933624	2023	3	1.2375142910365804	correct_baseline
4933624	2024	3	1.2315760680352594	correct_baseline
4939668	2022	1	0.8713814406946176	correct_baseline
4939668	2023	1	0.8682171702619157	correct_baseline
4939668	2024	1	0.8649425477031302	correct_baseline
4984851	2022			correct_baseline
4984851	2023			correct_baseline
4984851	2024			correct_baseline
4985072	2022			correct_baseline
4985072	2023			correct_baseline
4985072	2024			correct_baseline
4989904	2022	0	0.9020880601678852	correct_baseline
4989904	2023	0	0.7711779879039287	correct_baseline
4989904	2024	0	0.6568009206721797	correct_baseline
4990176	2022	1	0.7331588267921523	correct_baseline
4990176	2023	1	0.7012345531934294	correct_baseline
4990176	2024	1	0.6706340374476937	correct_baseline
5041422	2022			correct_baseline
5041422	2023			correct_baseline
5041422	2024			correct_baseline
5041466	2022			correct_baseline
5041466	2023			correct_baseline
5041466	2024			correct_baseline
5073820	2022			correct_baseline
5073820	2023			correct_baseline
5073820	2024			correct_baseline
5123474	2022	0	0.9211928345961754	correct_baseline
5123474	2023	0	0.6548551564507372	correct_baseline
5123474	2024	0	0.4540964598887419	correct_baseline
5151589	2022			correct_baseline
5151589	2023			correct_baseline
5151589	2024			correct_baseline
5152536	2022			correct_baseline
5152536	2023			correct_baseline
5152536	2024			correct_baseline
5152543	2022			correct_baseline
5152543	2023			correct_baseline
5152543	2024			correct_baseline
5153082	2022			correct_baseline
5153082	2023			correct_baseline
5153082	2024			correct_baseline
5154481	2022	3	1.4922628860344065	correct_baseline
5154481	2023	3	1.4887973920697701	correct_baseline
5154481	2024	3	1.4838491393106958	correct_baseline
5156102	2022	3	1.1265235739377288	correct_baseline
5156102	2023	3	1.0903744831881894	correct_baseline
5156102	2024	3	1.0552221974978895	correct_baseline
5179027	2022	3	1.5580787525162267	correct_baseline
5179027	2023	3	1.5376508476489954	correct_baseline
5179027	2024	3	1.514824526142272	correct_baseline
5185431	2022			correct_baseline
5185431	2023			correct_baseline
5185431	2024			correct_baseline
5188971	2022	3	1.1240785329721805	correct_baseline
5188971	2023	3	1.1255209682054368	correct_baseline
5188971	2024	3	1.1261299038433008	correct_baseline
5189032	2022			correct_baseline
5189032	2023			correct_baseline
5189032	2024			correct_baseline
5189713	2022	1	0.7528286258861819	correct_baseline
5189713	2023	1	0.7369459145351825	correct_baseline
5189713	2024	1	0.7213345359993066	correct_baseline
5189806	2022	0	0.8325683702466288	correct_baseline
5189806	2023	0	0.8180615533920048	correct_baseline
5189806	2024	0	0.8037945155030167	correct_baseline
5191102	2022	0	0.2524643387715134	correct_baseline
5191102	2023	0	0.20880454419177005	correct_baseline
5191102	2024	0	0.17227881764080846	correct_baseline
5192470	2022	0	0.7459095218700361	correct_baseline
5192470	2023	0	0.7308545439289261	correct_baseline
5192470	2024	0	0.7160520008866	correct_baseline
5204019	2022			basic
5204019	2023			basic
5204019	2024			basic
5218786	2022	3	1.0779270293942023	correct_baseline
5218786	2023	3	1.0404245063154305	correct_baseline
5218786	2024	1	1.003909801082794	correct_baseline
5219681	2022			correct_baseline
5219681	2023			correct_baseline
5219681	2024			correct_baseline
5219858	2022	3	1.011439078948245	correct_baseline
5219858	2023	3	1.0345355732847865	correct_baseline
5219858	2024	3	1.0578733558037992	correct_baseline
5220136	2022	1	0.9193657956255012	correct_baseline
5220136	2023	1	0.8785224308594113	correct_baseline
5220136	2024	1	0.8392830886082211	correct_baseline
5220170	2022			correct_baseline
5220170	2023			correct_baseline
5220170	2024			correct_baseline
5227775	2022			correct_baseline
5227775	2023			correct_baseline
5227775	2024			correct_baseline
5227966	2022	3	1.148462679404103	correct_baseline
5227966	2023	3	1.1681231482784564	correct_baseline
5227966	2024	3	1.187676732730182	correct_baseline
5228033	2022			correct_baseline
5228033	2023			correct_baseline
5228033	2024			correct_baseline
5228034	2022	3	1.0548754799649724	correct_baseline
5228034	2023	3	1.0504305265583744	correct_baseline
5228034	2024	3	1.045723429369009	correct_baseline
5228080	2022			correct_baseline
5228080	2023			correct_baseline
5228080	2024			correct_baseline
5228229	2022	0	0.1977471257239356	correct_baseline
5228229	2023	0	0.11974040838585982	correct_baseline
5228229	2024	0	0.07194068221431497	correct_baseline
5229055	2022	3	1.1430969459179994	correct_baseline
5229055	2023	3	1.1445617836497775	correct_baseline
5229055	2024	3	1.145828720831348	correct_baseline
5229204	2022			correct_baseline
5229204	2023			correct_baseline
5229204	2024			correct_baseline
5229205	2022	3	1.3466017448858176	correct_baseline
5229205	2023	3	1.368583263770244	correct_baseline
5229205	2024	3	1.390568818904584	correct_baseline
5229249	2022	1	0.871328951448732	correct_baseline
5229249	2023	1	0.8669902985801731	correct_baseline
5229249	2024	1	0.8620786433571997	correct_baseline
5231398	2022	1	0.9384738588227022	correct_baseline
5231398	2023	1	0.9441501886492117	correct_baseline
5231398	2024	1	0.9490445694630641	correct_baseline
5232432	2022	1	0.5138347460068357	correct_baseline
5232432	2023	1	0.4049183712071642	correct_baseline
5232432	2024	1	0.3163483197826411	correct_baseline
5232437	2022	3	1.106863436423237	correct_baseline
5232437	2023	3	1.115121936975577	correct_baseline
5232437	2024	3	1.1233235373150685	correct_baseline
5232445	2022	1	0.5179682218707508	correct_baseline
5232445	2023	1	0.5091398360390024	correct_baseline
5232445	2024	1	0.5004232158813516	correct_baseline
5232451	2022	0	0.6784071813270028	correct_baseline
5232451	2023	0	0.6612455764633105	correct_baseline
5232451	2024	0	0.644269398568011	correct_baseline
5232452	2022	1	0.9944531706915656	correct_baseline
5232452	2023	1	0.9937918281191829	correct_baseline
5232452	2024	1	0.9930507689798556	correct_baseline
5275404	2022	1	0.5473901012708867	correct_baseline
5275404	2023	1	0.46286209100270664	correct_baseline
5275404	2024	1	0.3858437327248146	correct_baseline
5275415	2022	2	0.9261861435448955	correct_baseline
5275415	2023	2	0.940478791348614	correct_baseline
5275415	2024	2	0.9545095894741201	correct_baseline
5281901	2022	3	1.2048849906537424	correct_baseline
5281901	2023	3	1.2212248875016332	correct_baseline
5281901	2024	3	1.2377029006238018	correct_baseline
5284237	2022	3	1.090605048831936	correct_baseline
5284237	2023	3	1.0963519167101727	correct_baseline
5284237	2024	3	1.1018181356311028	correct_baseline
5284809	2022	1	1.0060166657468523	correct_baseline
5284809	2023	1	1.0063418266875288	correct_baseline
5284809	2024	1	1.0066417728748775	correct_baseline
5284827	2022	0	0.7660681761065822	correct_baseline
5284827	2023	0	0.7457907506557573	correct_baseline
5284827	2024	0	0.7259195785313727	correct_baseline
5284884	2022	1	0.7730507696371893	correct_baseline
5284884	2023	1	0.7659696257823112	correct_baseline
5284884	2024	1	0.7588091730241997	correct_baseline
5284950	2022	3	1.0203869413938023	correct_baseline
5284950	2023	3	1.0109524309240012	correct_baseline
5284950	2024	1	1.0011936240620376	correct_baseline
5284982	2022	1	0.9538602394158752	correct_baseline
5284982	2023	1	0.9133040044721377	correct_baseline
5284982	2024	1	0.8741703200876214	correct_baseline
5285074	2022			correct_baseline
5285074	2023			correct_baseline
5285074	2024			correct_baseline
5285565	2022	3	1.136339700273055	correct_baseline
5285565	2023	3	1.1434164005318563	correct_baseline
5285565	2024	3	1.1505000867149708	correct_baseline
5285637	2022	3	1.053830536866845	correct_baseline
5285637	2023	3	1.0555687194336911	correct_baseline
5285637	2024	3	1.0572901849749177	correct_baseline
5289503	2022	0	0.5625326969272099	correct_baseline
5289503	2023	0	0.47544348517218454	correct_baseline
5289503	2024	0	0.39268415745148716	correct_baseline
5289643	2022	1	0.9799564950978038	correct_baseline
5289643	2023	1	0.9780010121692725	correct_baseline
5289643	2024	1	0.9760426639647638	correct_baseline
5289666	2022	1	0.9149822969780057	correct_baseline
5289666	2023	1	0.9127626147973807	correct_baseline
5289666	2024	1	0.9104549951398694	correct_baseline
5289679	2022	1	0.8654315994752756	correct_baseline
5289679	2023	1	0.8637069310391154	correct_baseline
5289679	2024	1	0.8619770895953733	correct_baseline
5289684	2022	3	1.0708189904358862	correct_baseline
5289684	2023	3	1.072842877621201	correct_baseline
5289684	2024	3	1.0748134008772123	correct_baseline
5289686	2022	3	1.1026745962553126	correct_baseline
5289686	2023	3	1.140042040150468	correct_baseline
5289686	2024	3	1.1783137692190293	correct_baseline
5289693	2022	3	1.211154635360711	correct_baseline
5289693	2023	3	1.2170368906737399	correct_baseline
5289693	2024	3	1.2229430322380301	correct_baseline
5289698	2022	1	0.9419255293376135	correct_baseline
5289698	2023	1	0.9349647547569306	correct_baseline
5289698	2024	1	0.92782647118305706	correct_baseline
5289744	2022	3	1.0361517870628891	correct_baseline
5289744	2023	3	1.0374795003196489	correct_baseline
5289744	2024	3	1.0388050865270384	correct_baseline
5289756	2022	0	0.8072635874190989	correct_baseline
5289756	2023	0	0.7941871376186381	correct_baseline
5289756	2024	0	0.7812207889295164	correct_baseline
5289833	2022	0	0.9105063041014629	correct_baseline
5289833	2023	0	0.7953777316674944	correct_baseline
5289833	2024	0	0.6874740413639759	correct_baseline
5289906	2022	3	1.0288217899643122	correct_baseline
5289906	2023	3	1.037585437318685	correct_baseline
5289906	2024	3	1.0462090836551217	correct_baseline
5289913	2022	3	1.200276727217721	correct_baseline
5289913	2023	3	1.216573956560313	correct_baseline
5289913	2024	3	1.229279991415593	correct_baseline
5289917	2022	3	1.103445039573233	correct_baseline
5289917	2023	3	1.107667038210389	correct_baseline
5289917	2024	3	1.1118938661658944	correct_baseline
5289919	2022	3	1.1248020075255796	correct_baseline
5289919	2023	3	1.1102112681281344	correct_baseline
5289919	2024	3	1.0956045678724997	correct_baseline
5289972	2022	3	1.172479592595895	correct_baseline
5289972	2023	3	1.182301975339587	correct_baseline
5289972	2024	3	1.1920036323585472	correct_baseline
5289998	2022	1	0.9457664075189229	correct_baseline
5289998	2023	1	0.9445282198138896	correct_baseline
5289998	2024	1	0.9432789118854529	correct_baseline
5290052	2022	3	1.0150927018548896	correct_baseline
5290052	2023	3	1.0161544686230004	correct_baseline
5290052	2024	3	1.0171997261365038	correct_baseline
5290177	2022	3	1.3133655473949037	correct_baseline
5290177	2023	3	1.3254174407786925	correct_baseline
5290177	2024	3	1.3368699127869559	correct_baseline
5290192	2022			correct_baseline
5290192	2023			correct_baseline
5290192	2024			correct_baseline
5290242	2022	1	0.8740242965317981	correct_baseline
5290242	2023	1	0.8712046090629926	correct_baseline
5290242	2024	1	0.8683470007381948	correct_baseline
5296178	2022	3	1.1111976708560813	correct_baseline
5296178	2023	3	1.1131961246067703	correct_baseline
5296178	2024	3	1.1151737063889857	correct_baseline
5296218	2022			correct_baseline
5296218	2023			correct_baseline
5296218	2024			correct_baseline
5296432	2022			correct_baseline
5296432	2023			correct_baseline
5296432	2024			correct_baseline
5297966	2022			correct_baseline
5297966	2023			correct_baseline
5297966	2024			correct_baseline
5298069	2022	3	1.1164590826132232	correct_baseline
5298069	2023	3	1.1223536929250597	correct_baseline
5298069	2024	3	1.1282427919424909	correct_baseline
5298126	2022	3	1.075800461157548	correct_baseline
5298126	2023	1	1.0011089866034293	correct_baseline
5298126	2024	1	0.9256224013125848	correct_baseline
5298675	2022			correct_baseline
5298675	2023			correct_baseline
5298675	2024			correct_baseline
5298765	2022	3	1.1093087496898253	correct_baseline
5298765	2023	3	1.1026562686738484	correct_baseline
5298765	2024	3	1.0949222426800884	correct_baseline
5299536	2022	3	1.1244511612491634	correct_baseline
5299536	2023	3	1.1146024552919325	correct_baseline
5299536	2024	3	1.1036043122944204	correct_baseline
5300716	2022			correct_baseline
5300716	2023			correct_baseline
5300716	2024			correct_baseline
5303040	2022			correct_baseline
5303040	2023			correct_baseline
5303040	2024			correct_baseline
5304187	2022			correct_baseline
5304187	2023			correct_baseline
5304187	2024			correct_baseline
5304257	2022	1	0.9352513585424679	correct_baseline
5304257	2023	1	0.9264069035592861	correct_baseline
5304257	2024	1	0.9176248740231328	correct_baseline
5304294	2022	3	1.378405980953671	correct_baseline
5304294	2023	3	1.392132841675473	correct_baseline
5304294	2024	3	1.405597908841525	correct_baseline
5324959	2022			correct_baseline
5324959	2023			correct_baseline
5324959	2024			correct_baseline
5328593	2022	3	1.3043900824176549	correct_baseline
5328593	2023	3	1.3114374983372448	correct_baseline
5328593	2024	3	1.3166544666715394	correct_baseline
5328909	2022	3	1.2534195208510772	correct_baseline
5328909	2023	3	1.2787104320488356	correct_baseline
5328909	2024	3	1.3024743945007784	correct_baseline
5329212	2022	3	1.0764838729631945	correct_baseline
5329212	2023	3	1.0786722428808675	correct_baseline
5329212	2024	3	1.080860195499684	correct_baseline
5329263	2022	1	0.9003176118552667	correct_baseline
5329263	2023	1	0.8193021521598007	correct_baseline
5329263	2024	1	0.7417395938957319	correct_baseline
5330001	2022			correct_baseline
5330001	2023			correct_baseline
5330001	2024			correct_baseline
5330085	2022	3	1.3446748491152833	correct_baseline
5330085	2023	3	1.4295446147054334	correct_baseline
5330085	2024	3	1.516056438553845	correct_baseline
5330661	2022	3	1.210585596229239	correct_baseline
5330661	2023	3	1.2109411820408964	correct_baseline
5330661	2024	3	1.2110786801527884	correct_baseline
5331238	2022			correct_baseline
5331238	2023			correct_baseline
5331238	2024			correct_baseline
5332305	2022			correct_baseline
5332305	2023			correct_baseline
5332305	2024			correct_baseline
5333294	2022	3	1.129706796812642	correct_baseline
5333294	2023	3	1.142896398311605	correct_baseline
5333294	2024	3	1.1559763505706153	correct_baseline
5334194	2022	1	0.8391317159866174	correct_baseline
5334194	2023	1	0.8346113678594058	correct_baseline
5334194	2024	1	0.8297540882324042	correct_baseline
5334227	2022	1	0.9799101661245453	correct_baseline
5334227	2023	1	0.9796326838939332	correct_baseline
5334227	2024	1	0.9791284878686132	correct_baseline
5334240	2022	3	1.2045890965513386	correct_baseline
5334240	2023	3	1.2112142678779048	correct_baseline
5334240	2024	3	1.2177829251637389	correct_baseline
5334242	2022	3	1.175396572156848	correct_baseline
5334242	2023	3	1.1849682134412312	correct_baseline
5334242	2024	3	1.1944818011316205	correct_baseline
5334351	2022	3	1.202246009143393	correct_baseline
5334351	2023	3	1.207777676155014	correct_baseline
5334351	2024	3	1.213314333139224	correct_baseline
5334527	2022			correct_baseline
5334527	2023			correct_baseline
5334527	2024			correct_baseline
5341112	2022			correct_baseline
5341112	2023			correct_baseline
5341112	2024			correct_baseline
5341201	2022	3	1.3612014085350557	correct_baseline
5341201	2023	3	1.3890157421882856	correct_baseline
5341201	2024	3	1.4168842477726298	correct_baseline
5341203	2022	3	1.0510822273770963	correct_baseline
5341203	2023	3	1.0549976202890017	correct_baseline
5341203	2024	3	1.0572754992259459	correct_baseline
5341204	2022	1	0.9757382454306109	correct_baseline
5341204	2023	1	0.9559812576355281	correct_baseline
5341204	2024	1	0.9362526160618371	correct_baseline
5341373	2022	3	1.444509272672943	correct_baseline
5341373	2023	3	1.5103022435548963	correct_baseline
5341373	2024	3	1.5741999023507618	correct_baseline
5341387	2022	1	0.7972228783331827	correct_baseline
5341387	2023	1	0.7874043101632601	correct_baseline
5341387	2024	1	0.7776053662375925	correct_baseline
5341442	2022	3	1.090718597691959	correct_baseline
5341442	2023	3	1.0964643329137995	correct_baseline
5341442	2024	3	1.1021717827479156	correct_baseline
5341497	2022	3	1.2312000127889038	correct_baseline
5341497	2023	3	1.2235459048501738	correct_baseline
5341497	2024	3	1.2130588089187944	correct_baseline
5341501	2022	3	1.2724612145171952	correct_baseline
5341501	2023	3	1.2776349754740146	correct_baseline
5341501	2024	3	1.2824588621611506	correct_baseline
5341540	2022			correct_baseline
5341540	2023			correct_baseline
5341540	2024			correct_baseline
5341548	2022			correct_baseline
5341548	2023			correct_baseline
5341548	2024			correct_baseline
5341558	2022	0	0.5365008585868289	correct_baseline
5341558	2023	0	0.3286364412611928	correct_baseline
5341558	2024	0	0.18485085205728086	correct_baseline
5341754	2022	3	1.2683167615867807	correct_baseline
5341754	2023	3	1.276841265959406	correct_baseline
5341754	2024	3	1.285403365278345	correct_baseline
5341784	2022	3	1.0484476047002158	correct_baseline
5341784	2023	3	1.0470934174039175	correct_baseline
5341784	2024	3	1.04572228203656	correct_baseline
5347846	2022	3	1.066396518877302	correct_baseline
5347846	2023	3	1.0686422666707365	correct_baseline
5347846	2024	3	1.0708801987392667	correct_baseline
5350005	2022	3	1.2881440215832254	correct_baseline
5350005	2023	3	1.29572911793539	correct_baseline
5350005	2024	3	1.3033444682214343	correct_baseline
5350466	2022			correct_baseline
5350466	2023			correct_baseline
5350466	2024			correct_baseline
5352251	2022	3	1.2349805839236339	correct_baseline
5352251	2023	3	1.2563312924430399	correct_baseline
5352251	2024	3	1.2777987864744538	correct_baseline
5353590	2022	3	1.1798338647689686	correct_baseline
5353590	2023	3	1.1990607711089654	correct_baseline
5353590	2024	3	1.216255557777082	correct_baseline
5354707	2022	3	1.0239182825229176	correct_baseline
5354707	2023	3	1.0317317186564352	correct_baseline
5354707	2024	3	1.0391284891062658	correct_baseline
5355395	2022	3	1.1201084707135576	correct_baseline
5355395	2023	3	1.1266530184736534	correct_baseline
5355395	2024	3	1.1331901812179896	correct_baseline
5356345	2022	3	1.0735930148867954	correct_baseline
5356345	2023	3	1.0725727950416721	correct_baseline
5356345	2024	3	1.0714482700694468	correct_baseline
5356488	2022			correct_baseline
5356488	2023			correct_baseline
5356488	2024			correct_baseline
5356514	2022	1	0.9008890548316806	correct_baseline
5356514	2023	1	0.8970453594923363	correct_baseline
5356514	2024	1	0.8931602156761939	correct_baseline
5356517	2022	3	1.270653724229263	correct_baseline
5356517	2023	3	1.2736424677714528	correct_baseline
5356517	2024	3	1.2763421150923433	correct_baseline
5356662	2022			correct_baseline
5356662	2023			correct_baseline
5356662	2024			correct_baseline
5356704	2022	0	0.6009334306260786	correct_baseline
5356704	2023	0	0.5945832572778565	correct_baseline
5356704	2024	0	0.5882644364234767	correct_baseline
5357407	2022	3	1.0900426414221158	correct_baseline
5357407	2023	3	1.091387085758772	correct_baseline
5357407	2024	3	1.092669870192251	correct_baseline
5358265	2022			correct_baseline
5358265	2023			correct_baseline
5358265	2024			correct_baseline
5358266	2022	3	1.242201498669884	correct_baseline
5358266	2023	3	1.2586620164923705	correct_baseline
5358266	2024	3	1.275243385143116	correct_baseline
5358694	2022	3	1.1477919636227005	correct_baseline
5358694	2023	3	1.1687469314470562	correct_baseline
5358694	2024	3	1.1895383681726415	correct_baseline
5358907	2022	3	1.0126938669967227	correct_baseline
5358907	2023	3	1.0155416505304125	correct_baseline
5358907	2024	3	1.0183544427875968	correct_baseline
5359175	2022	3	1.1168434295991205	correct_baseline
5359175	2023	3	1.1220147086406476	correct_baseline
5359175	2024	3	1.127200490721292	correct_baseline
5359249	2022			correct_baseline
5359249	2023			correct_baseline
5359249	2024			correct_baseline
5359378	2022	3	1.2980220127200335	correct_baseline
5359378	2023	3	1.310501715651178	correct_baseline
5359378	2024	3	1.3226511501183695	correct_baseline
5359395	2022			correct_baseline
5359395	2023			correct_baseline
5359395	2024			correct_baseline
5359660	2022	1	0.8876639820009758	correct_baseline
5359660	2023	1	0.8830215322599259	correct_baseline
5359660	2024	1	0.8783930631808496	correct_baseline
5360475	2022			correct_baseline
5360475	2023			correct_baseline
5360475	2024			correct_baseline
5361762	2022	1	0.6732986156508612	correct_baseline
5361762	2023	1	0.5893097640848007	correct_baseline
5361762	2024	1	0.5115006844679517	correct_baseline
5361785	2022	1	0.9425455007441347	correct_baseline
5361785	2023	1	0.9299905155200786	correct_baseline
5361785	2024	1	0.9175762288132457	correct_baseline
5361880	2022	3	1.2226678294026747	correct_baseline
5361880	2023	3	1.229324891215035	correct_baseline
5361880	2024	3	1.236008977164718	correct_baseline
5361888	2022	1	0.8920341744863741	correct_baseline
5361888	2023	1	0.8910789781913021	correct_baseline
5361888	2024	1	0.8900862301811052	correct_baseline
5361889	2022			correct_baseline
5361889	2023			correct_baseline
5361889	2024			correct_baseline
5361909	2022	3	1.1426647437125563	correct_baseline
5361909	2023	3	1.1258822768854966	correct_baseline
5361909	2024	3	1.108427747337319	correct_baseline
5361944	2022	1	0.8097791798409669	correct_baseline
5361944	2023	1	0.8042293744389051	correct_baseline
5361944	2024	1	0.7986768270105049	correct_baseline
5361982	2022	1	0.9107990667619749	correct_baseline
5361982	2023	1	0.9109664140853021	correct_baseline
5361982	2024	1	0.9110092042264891	correct_baseline
5362004	2022	3	1.1188489690380965	correct_baseline
5362004	2023	3	1.1214558517532882	correct_baseline
5362004	2024	3	1.1238664447855014	correct_baseline
5362054	2022	1	0.9251072619696167	correct_baseline
5362054	2023	1	0.9025723570442213	correct_baseline
5362054	2024	1	0.8798612332012132	correct_baseline
5362136	2022	1	0.7792322003614629	correct_baseline
5362136	2023	1	0.7746790980189604	correct_baseline
5362136	2024	1	0.7701064471533793	correct_baseline
5362215	2022	3	1.1088619051819555	correct_baseline
5362215	2023	3	1.1113508737906674	correct_baseline
5362215	2024	3	1.1137985441965568	correct_baseline
5362573	2022	1	0.9319028761443462	correct_baseline
5362573	2023	1	0.9282654900839419	correct_baseline
5362573	2024	1	0.9245660195199465	correct_baseline
5363613	2022	3	1.058665007884217	correct_baseline
5363613	2023	3	1.063847677940563	correct_baseline
5363613	2024	3	1.0690281942295874	correct_baseline
5363627	2022	1	0.6909750188135891	correct_baseline
5363627	2023	1	0.6816736247157072	correct_baseline
5363627	2024	1	0.672440231295135	correct_baseline
5365305	2022	1	0.9065451990076218	correct_baseline
5365305	2023	1	0.8865133980499253	correct_baseline
5365305	2024	1	0.8666682417124197	correct_baseline
5365705	2022	0	0.8529195971569954	correct_baseline
5365705	2023	0	0.8145118961119944	correct_baseline
5365705	2024	0	0.7775154082688894	correct_baseline
5365717	2022	3	1.2771603113706014	correct_baseline
5365717	2023	3	1.2818241360742566	correct_baseline
5365717	2024	3	1.2864944556260118	correct_baseline
5367294	2022	3	1.1477029798558145	correct_baseline
5367294	2023	3	1.1529458230088079	correct_baseline
5367294	2024	3	1.1582063137150402	correct_baseline
5369784	2022	3	1.219091276301773	correct_baseline
5369784	2023	3	1.2256962562693343	correct_baseline
5369784	2024	3	1.2322790680178164	correct_baseline
5370006	2022	0	0.680410585799241	correct_baseline
5370006	2023	0	0.531900859017237	correct_baseline
5370006	2024	0	0.4094308308435091	correct_baseline
5370380	2022	3	1.072875220678418	correct_baseline
5370380	2023	3	1.075986582118871	correct_baseline
5370380	2024	3	1.0790668794096954	correct_baseline
5371450	2022	3	1.092540929957679	correct_baseline
5371450	2023	3	1.0919796949951763	correct_baseline
5371450	2024	3	1.0883817967795366	correct_baseline
5371605	2022			correct_baseline
5371605	2023			correct_baseline
5371605	2024			correct_baseline
5371655	2022			correct_baseline
5371655	2023			correct_baseline
5371655	2024			correct_baseline
5371699	2022	1	0.9160683914651137	correct_baseline
5371699	2023	1	0.9158512255425217	correct_baseline
5371699	2024	1	0.9156165823954031	correct_baseline
5371700	2022			correct_baseline
5371700	2023			correct_baseline
5371700	2024			correct_baseline
5371702	2022	3	1.2385229188814593	correct_baseline
5371702	2023	3	1.2477739042832336	correct_baseline
5371702	2024	3	1.2570542793250028	correct_baseline
5371709	2022			correct_baseline
5371709	2023			correct_baseline
5371709	2024			correct_baseline
5371746	2022	3	1.2324109774050722	correct_baseline
5371746	2023	3	1.242370602594533	correct_baseline
5371746	2024	3	1.2523967478495077	correct_baseline
5371753	2022	3	1.3659126170755362	correct_baseline
5371753	2023	3	1.4024773227204708	correct_baseline
5371753	2024	3	1.4377785219447603	correct_baseline
5371772	2022	1	0.9814613425898376	correct_baseline
5371772	2023	1	0.980189863338787	correct_baseline
5371772	2024	1	0.9785042641216034	correct_baseline
5371808	2022	3	1.0989718050194834	correct_baseline
5371808	2023	3	1.0995354681809337	correct_baseline
5371808	2024	3	1.1000943110629564	correct_baseline
5371889	2022	1	0.9012773841685315	correct_baseline
5371889	2023	1	0.9007540780631005	correct_baseline
5371889	2024	1	0.9001835072102348	correct_baseline
5372392	2022	3	1.016269840970373	correct_baseline
5372392	2023	1	0.999425331552465	correct_baseline
5372392	2024	1	0.9822245589232168	correct_baseline
5372614	2022	1	0.8310467478057371	correct_baseline
5372614	2023	1	0.8285735045843925	correct_baseline
5372614	2024	1	0.826004191803425	correct_baseline
5372639	2022	3	1.0392864887262097	correct_baseline
5372639	2023	3	1.0310700680777891	correct_baseline
5372639	2024	3	1.0227234788015565	correct_baseline
5372647	2022	1	0.9493424185480626	correct_baseline
5372647	2023	1	0.9450564115508895	correct_baseline
5372647	2024	1	0.9407421792986609	correct_baseline
5372655	2022	3	1.2120205530710584	correct_baseline
5372655	2023	3	1.2275172329088202	correct_baseline
5372655	2024	3	1.2417446401262666	correct_baseline
5372875	2022			correct_baseline
5372875	2023			correct_baseline
5372875	2024			correct_baseline
5373124	2022			correct_baseline
5373124	2023			correct_baseline
5373124	2024			correct_baseline
5373160	2022	0	0.6015096245988741	correct_baseline
5373160	2023	0	0.29407880020397015	correct_baseline
5373160	2024	0	0.13364380572646814	correct_baseline
5373324	2022	3	1.2695497212220734	correct_baseline
5373324	2023	3	1.2808549661066482	correct_baseline
5373324	2024	3	1.292043138031046	correct_baseline
5373358	2022	3	1.32281947388402	correct_baseline
5373358	2023	3	1.3341684652614776	correct_baseline
5373358	2024	3	1.3451531801893402	correct_baseline
5373368	2022	3	1.0624658395990945	correct_baseline
5373368	2023	3	1.0539881108018854	correct_baseline
5373368	2024	3	1.045354271342752	correct_baseline
5374118	2022	2	1.1383934146207988	correct_baseline
5374118	2023	2	1.0280356028834086	correct_baseline
5374118	2024	0	0.9251487693757456	correct_baseline
5374614	2022	1	0.928001601741354	correct_baseline
5374614	2023	1	0.9259357544730287	correct_baseline
5374614	2024	1	0.9238707116873279	correct_baseline
5374672	2022	3	1.1024660634298888	correct_baseline
5374672	2023	3	1.1009406399943829	correct_baseline
5374672	2024	3	1.0988023813441334	correct_baseline
5374922	2022	1	0.8248714700782676	correct_baseline
5374922	2023	1	0.8197485828562974	correct_baseline
5374922	2024	1	0.8146288633102888	correct_baseline
5375012	2022			correct_baseline
5375012	2023			correct_baseline
5375012	2024			correct_baseline
5375020	2022	1	0.7612488006901665	correct_baseline
5375020	2023	1	0.6472977075152168	correct_baseline
5375020	2024	1	0.5445158948784478	correct_baseline
5375920	2022	3	1.1037713187268632	correct_baseline
5375920	2023	3	1.1068543774271717	correct_baseline
5375920	2024	3	1.1096078554703288	correct_baseline
5376179	2022			correct_baseline
5376179	2023			correct_baseline
5376179	2024			correct_baseline
5376309	2022	1	0.995970353929368	correct_baseline
5376309	2023	1	0.9647854209124309	correct_baseline
5376309	2024	1	0.9249158531138187	correct_baseline
5376565	2022	1	0.9492350988796502	correct_baseline
5376565	2023	1	0.9489017494633574	correct_baseline
5376565	2024	1	0.9485614079294583	correct_baseline
5376648	2022	3	1.1433223647750004	correct_baseline
5376648	2023	3	1.1472200978628375	correct_baseline
5376648	2024	3	1.151037766870975	correct_baseline
5376692	2022	3	1.1358063376836647	correct_baseline
5376692	2023	3	1.1392052757283435	correct_baseline
5376692	2024	3	1.1425967587842658	correct_baseline
5376846	2022	1	0.8747580691139588	correct_baseline
5376846	2023	1	0.8739372247891396	correct_baseline
5376846	2024	1	0.8727988749066474	correct_baseline
5376961	2022	3	1.1246298418369032	correct_baseline
5376961	2023	3	1.1269390764416842	correct_baseline
5376961	2024	3	1.128920909197652	correct_baseline
5377060	2022	3	1.189816639453452	correct_baseline
5377060	2023	3	1.202958467595511	correct_baseline
5377060	2024	3	1.2160025992826744	correct_baseline
5377064	2022	3	1.0147638358594968	correct_baseline
5377064	2023	3	1.0143245749641059	correct_baseline
5377064	2024	3	1.013879796611414	correct_baseline
5377163	2022			correct_baseline
5377163	2023			correct_baseline
5377163	2024			correct_baseline
5377303	2022	3	1.0875166878879496	correct_baseline
5377303	2023	3	1.0915059861308336	correct_baseline
5377303	2024	3	1.0954964144536343	correct_baseline
5377378	2022			correct_baseline
5377378	2023			correct_baseline
5377378	2024			correct_baseline
5377778	2022	3	1.022068214088438	correct_baseline
5377778	2023	3	1.0213345647211156	correct_baseline
5377778	2024	3	1.0205459543904283	correct_baseline
5380041	2022	1	0.895756862088182	correct_baseline
5380041	2023	1	0.8978771798804113	correct_baseline
5380041	2024	1	0.8998069350804617	correct_baseline
5383936	2022	1	0.7904074430514729	correct_baseline
5383936	2023	1	0.7805388113718279	correct_baseline
5383936	2024	1	0.7707810872118198	correct_baseline
5383969	2022	3	1.1453897982372043	correct_baseline
5383969	2023	3	1.1531583018639644	correct_baseline
5383969	2024	3	1.160895455040341	correct_baseline
5383971	2022			correct_baseline
5383971	2023			correct_baseline
5383971	2024			correct_baseline
5384334	2022	1	0.8529079901430571	correct_baseline
5384334	2023	1	0.8489206917161606	correct_baseline
5384334	2024	1	0.8449409022585713	correct_baseline
5384361	2022	1	0.9022302125994643	correct_baseline
5384361	2023	1	0.8918345360627765	correct_baseline
5384361	2024	1	0.8813683130294128	correct_baseline
5384364	2022	3	1.2476490111950425	correct_baseline
5384364	2023	3	1.2703375789939728	correct_baseline
5384364	2024	3	1.2930495327793396	correct_baseline
5384390	2022	3	1.0852819951473451	correct_baseline
5384390	2023	3	1.1037178849825757	correct_baseline
5384390	2024	3	1.1185973223880423	correct_baseline
5384395	2022	1	0.964231142948826	correct_baseline
5384395	2023	1	0.9621261141120875	correct_baseline
5384395	2024	1	0.9600096451759133	correct_baseline
5384396	2022	3	1.1610196382036042	correct_baseline
5384396	2023	3	1.1741933144808052	correct_baseline
5384396	2024	3	1.1866815394140844	correct_baseline
5384466	2022	0	0.771484531727306	correct_baseline
5384466	2023	0	0.5180910782660952	correct_baseline
5384466	2024	0	0.3291593785716772	correct_baseline
5384741	2022	3	1.4117445947388816	correct_baseline
5384741	2023	3	1.422859625049008	correct_baseline
5384741	2024	3	1.4339334985703307	correct_baseline
5384818	2022	1	1.0080103238627407	correct_baseline
5384818	2023	1	1.0079357508854272	correct_baseline
5384818	2024	1	1.007801542916918	correct_baseline
5384848	2022	3	1.0494357199922326	correct_baseline
5384848	2023	3	1.0494610984041415	correct_baseline
5384848	2024	3	1.0493827937123579	correct_baseline
5384931	2022	3	1.209316300354713	correct_baseline
5384931	2023	3	1.105271138064732	correct_baseline
5384931	2024	1	0.9949712790001182	correct_baseline
5384932	2022	3	1.2631779828598797	correct_baseline
5384932	2023	3	1.3419072751828673	correct_baseline
5384932	2024	3	1.4185139186852405	correct_baseline
5384950	2022			correct_baseline
5384950	2023			correct_baseline
5384950	2024			correct_baseline
5386938	2022	3	1.262905043343666	correct_baseline
5386938	2023	3	1.2753757162690231	correct_baseline
5386938	2024	3	1.2878386898416836	correct_baseline
5387639	2022	3	1.5062671353994506	correct_baseline
5387639	2023	3	1.5868974526152726	correct_baseline
5387639	2024	3	1.6196085714961752	correct_baseline
5388595	2022	3	1.0697981635041631	correct_baseline
5388595	2023	3	1.0742366552131248	correct_baseline
5388595	2024	3	1.0785352296578274	correct_baseline
5389017	2022	3	1.2255988589805473	correct_baseline
5389017	2023	3	1.2279957884528294	correct_baseline
5389017	2024	3	1.2301280556590701	correct_baseline
5389029	2022	3	1.0366838340847198	correct_baseline
5389029	2023	3	1.0374332949668441	correct_baseline
5389029	2024	3	1.0381799124627331	correct_baseline
5389173	2022	3	1.1812403438787074	correct_baseline
5389173	2023	3	1.190767592798842	correct_baseline
5389173	2024	3	1.2003529053566946	correct_baseline
5390636	2022	1	0.8145212779565261	correct_baseline
5390636	2023	1	0.806344125876373	correct_baseline
5390636	2024	1	0.79819044996397	correct_baseline
5391480	2022	3	1.2468738586699084	correct_baseline
5391480	2023	3	1.2489366327505795	correct_baseline
5391480	2024	3	1.2508398630501183	correct_baseline
5391599	2022	1	0.9807126435439861	correct_baseline
5391599	2023	1	0.9845322487032919	correct_baseline
5391599	2024	1	0.9873238034822118	correct_baseline
5391845	2022	1	0.7895354489041547	correct_baseline
5391845	2023	1	0.7831244802944362	correct_baseline
5391845	2024	1	0.776753327598994	correct_baseline
5392083	2022	0	0.6292208094625099	correct_baseline
5392083	2023	0	0.6011889844774168	correct_baseline
5392083	2024	0	0.5741419439907465	correct_baseline
5392145	2022	3	1.0995702882125697	correct_baseline
5392145	2023	3	1.106113989792114	correct_baseline
5392145	2024	3	1.112658817295108	correct_baseline
5392174	2022	3	1.2273965500978998	correct_baseline
5392174	2023	3	1.240303120077172	correct_baseline
5392174	2024	3	1.253113960838629	correct_baseline
5392243	2022	3	1.1187628857422924	correct_baseline
5392243	2023	3	1.1232957540222759	correct_baseline
5392243	2024	3	1.1278020084172102	correct_baseline
5392683	2022	3	1.2200052734799889	correct_baseline
5392683	2023	3	1.2309647822171923	correct_baseline
5392683	2024	3	1.2420105257748435	correct_baseline
5392859	2022	3	1.3276220787112751	correct_baseline
5392859	2023	3	1.3619426400198127	correct_baseline
5392859	2024	3	1.3931949779070245	correct_baseline
5392883	2022	1	0.9455681555644947	correct_baseline
5392883	2023	1	0.9470707211012243	correct_baseline
5392883	2024	1	0.9485495367253937	correct_baseline
5395475	2022			correct_baseline
5395475	2023			correct_baseline
5395475	2024			correct_baseline
5396125	2022			correct_baseline
5396125	2023			correct_baseline
5396125	2024			correct_baseline
5396474	2022	1	0.8763072390857906	correct_baseline
5396474	2023	1	0.8831925128797526	correct_baseline
5396474	2024	1	0.8886713951414299	correct_baseline
5400552	2022			correct_baseline
5400552	2023			correct_baseline
5400552	2024			correct_baseline
5401007	2022	1	0.8387836613380845	correct_baseline
5401007	2023	1	0.798714410943255	correct_baseline
5401007	2024	1	0.7582623028843751	correct_baseline
5401760	2022	1	0.9789359506977199	correct_baseline
5401760	2023	1	0.9815703659476447	correct_baseline
5401760	2024	1	0.9841429493288482	correct_baseline
5403272	2022	3	1.146857713460531	correct_baseline
5403272	2023	3	1.1553087062862404	correct_baseline
5403272	2024	3	1.1637682266259406	correct_baseline
5403541	2022			correct_baseline
5403541	2023			correct_baseline
5403541	2024			correct_baseline
5406741	2022	1	0.9101817463010349	correct_baseline
5406741	2023	1	0.9073933455076327	correct_baseline
5406741	2024	1	0.904598363632675	correct_baseline
5406789	2022	2	1.0211168304835587	correct_baseline
5406789	2023	0	0.8863076874606879	correct_baseline
5406789	2024	0	0.7666894464112769	correct_baseline
5407810	2022	3	1.1897654232181454	correct_baseline
5407810	2023	3	1.2327153189994733	correct_baseline
5407810	2024	3	1.2740579177426896	correct_baseline
5408087	2022	3	1.262027913873708	correct_baseline
5408087	2023	3	1.2696103956790554	correct_baseline
5408087	2024	3	1.2771913756287563	correct_baseline
5408682	2022	3	1.3115772778496204	correct_baseline
5408682	2023	3	1.3473801115708388	correct_baseline
5408682	2024	3	1.3820606800164803	correct_baseline
5409120	2022			correct_baseline
5409120	2023			correct_baseline
5409120	2024			correct_baseline
5410151	2022	3	1.3220134863173392	correct_baseline
5410151	2023	3	1.3251944167977863	correct_baseline
5410151	2024	3	1.3279329713494668	correct_baseline
5410210	2022	1	0.7079459328561212	correct_baseline
5410210	2023	1	0.695930037310313	correct_baseline
5410210	2024	1	0.6837849148883315	correct_baseline
5410411	2022	3	1.3793589121695493	correct_baseline
5410411	2023	3	1.38882241467764	correct_baseline
5410411	2024	3	1.3983033877365771	correct_baseline
5410826	2022			correct_baseline
5410826	2023			correct_baseline
5410826	2024			correct_baseline
5411392	2022			correct_baseline
5411392	2023			correct_baseline
5411392	2024			correct_baseline
5411408	2022	3	1.0238294382436395	correct_baseline
5411408	2023	3	1.0266139682477349	correct_baseline
5411408	2024	3	1.0293897612321588	correct_baseline
5411453	2022			correct_baseline
5411453	2023			correct_baseline
5411453	2024			correct_baseline
5414239	2022	3	1.0101847728413178	correct_baseline
5414239	2023	1	0.9738616135658994	correct_baseline
5414239	2024	1	0.9377586263813453	correct_baseline
5414551	2022	0	0.9375121173916816	correct_baseline
5414551	2023	0	0.7557086162079996	correct_baseline
5414551	2024	0	0.5928628746815192	correct_baseline
5414932	2022			correct_baseline
5414932	2023			correct_baseline
5414932	2024			correct_baseline
5414959	2022			correct_baseline
5414959	2023			correct_baseline
5414959	2024			correct_baseline
5415009	2022	1	0.9443225646161003	correct_baseline
5415009	2023	1	0.9444473035828048	correct_baseline
5415009	2024	1	0.944537187931185	correct_baseline
5415012	2022	0	0.9856525797430555	correct_baseline
5415012	2023	0	0.8732322167572615	correct_baseline
5415012	2024	0	0.7701883253726465	correct_baseline
5415016	2022	3	1.3650776931302122	correct_baseline
5415016	2023	3	1.3899330153143106	correct_baseline
5415016	2024	3	1.4146606186847897	correct_baseline
5415039	2022	3	1.1071946112064708	correct_baseline
5415039	2023	3	1.1102889787533599	correct_baseline
5415039	2024	3	1.1133836120992124	correct_baseline
5415054	2022	1	0.889314217474745	correct_baseline
5415054	2023	1	0.8853917315841914	correct_baseline
5415054	2024	1	0.8814741713461073	correct_baseline
5415453	2022			correct_baseline
5415453	2023			correct_baseline
5415453	2024			correct_baseline
5415455	2022	0	0.7323593057989907	correct_baseline
5415455	2023	0	0.49411837657519125	correct_baseline
5415455	2024	0	0.31718466853629723	correct_baseline
5415463	2022			correct_baseline
5415463	2023			correct_baseline
5415463	2024			correct_baseline
5420957	2022			correct_baseline
5420957	2023			correct_baseline
5420957	2024			correct_baseline
5420978	2022			correct_baseline
5420978	2023			correct_baseline
5420978	2024			correct_baseline
5420991	2022	1	0.9256148601022195	correct_baseline
5420991	2023	1	0.9185434966459449	correct_baseline
5420991	2024	1	0.9114527947734172	correct_baseline
5421039	2022	3	1.2307712560543702	correct_baseline
5421039	2023	3	1.2314039148994427	correct_baseline
5421039	2024	3	1.2318214372904983	correct_baseline
5421180	2022	3	1.0417630402743316	correct_baseline
5421180	2023	3	1.0480619275723593	correct_baseline
5421180	2024	3	1.0536909213584085	correct_baseline
5530829	2022			correct_baseline
5530829	2023			correct_baseline
5530829	2024			correct_baseline
5530881	2022	3	1.1525805598525287	correct_baseline
5530881	2023	3	1.158735447394585	correct_baseline
5530881	2024	3	1.1647013827603154	correct_baseline
5533814	2022			correct_baseline
5533814	2023			correct_baseline
5533814	2024			correct_baseline
5538946	2022	1	0.8443441323023527	correct_baseline
5538946	2023	1	0.8383716373524822	correct_baseline
5538946	2024	1	0.8277243749330643	correct_baseline
5549949	2022			correct_baseline
5549949	2023			correct_baseline
5549949	2024			correct_baseline
5551241	2022	3	1.139409391514208	correct_baseline
5551241	2023	3	1.1453609454600417	correct_baseline
5551241	2024	3	1.151286520880542	correct_baseline
5554574	2022	1	0.7828444396857371	correct_baseline
5554574	2023	1	0.7731348678354545	correct_baseline
5554574	2024	1	0.7633231347253967	correct_baseline
5559837	2022	1	0.9095819273831792	correct_baseline
5559837	2023	1	0.9075873784641217	correct_baseline
5559837	2024	1	0.9054771735803602	correct_baseline
5561475	2022	3	1.0378362129999927	correct_baseline
5561475	2023	1	0.9887609427305456	correct_baseline
5561475	2024	1	0.93977722894019	correct_baseline
5567694	2022	1	0.8864545902883023	correct_baseline
5567694	2023	1	0.8809781346360108	correct_baseline
5567694	2024	1	0.8754813760896129	correct_baseline
5568339	2022	3	1.1360545292958315	correct_baseline
5568339	2023	3	1.1420297463234461	correct_baseline
5568339	2024	3	1.1480143869189698	correct_baseline
5568428	2022	1	0.8665221620293582	correct_baseline
5568428	2023	1	0.8638714849038014	correct_baseline
5568428	2024	1	0.8600852108203326	correct_baseline
5568446	2022	3	1.0734744355546206	correct_baseline
5568446	2023	3	1.0764512792854983	correct_baseline
5568446	2024	3	1.0794316268414548	correct_baseline
5582033	2022	3	1.067695177391064	correct_baseline
5582033	2023	3	1.0736221155206052	correct_baseline
5582033	2024	3	1.078824959226286	correct_baseline
5584240	2022	1	0.7529841709695552	correct_baseline
5584240	2023	1	0.7440216601761023	correct_baseline
5584240	2024	1	0.734739929037148	correct_baseline
5584611	2022	3	1.2018384793876868	correct_baseline
5584611	2023	3	1.2368658701886246	correct_baseline
5584611	2024	3	1.269342059596174	correct_baseline
5587240	2022	1	0.9639924696802155	correct_baseline
5587240	2023	1	0.9654273526775964	correct_baseline
5587240	2024	1	0.9666747171325003	correct_baseline
5598598	2022			correct_baseline
5598598	2023			correct_baseline
5598598	2024			correct_baseline
5598839	2022			correct_baseline
5598839	2023			correct_baseline
5598839	2024			correct_baseline
5598915	2022	0	0.9486966891297242	correct_baseline
5598915	2023	0	0.9142970369739882	correct_baseline
5598915	2024	0	0.8803630052699782	correct_baseline
5671747	2022	1	0.9919399101477695	correct_baseline
5671747	2023	1	0.9620763880482425	correct_baseline
5671747	2024	1	0.9325628994591552	correct_baseline
5676646	2022	1	0.8497025429499854	correct_baseline
5676646	2023	1	0.818445032039347	correct_baseline
5676646	2024	1	0.7854828571581398	correct_baseline
5701337	2022			correct_baseline
5701337	2023			correct_baseline
5701337	2024			correct_baseline
5712981	2022			correct_baseline
5712981	2023			correct_baseline
5712981	2024			correct_baseline
5774728	2022			correct_baseline
5774728	2023			correct_baseline
5774728	2024			correct_baseline
5806954	2022	3	1.4514495595908545	correct_baseline
5806954	2023	3	1.4688697957046126	correct_baseline
5806954	2024	3	1.4834511014262195	correct_baseline
5825913	2022	1	1.000462643920084	correct_baseline
5825913	2023	1	0.9991193118652586	correct_baseline
5825913	2024	1	0.9977361945107668	correct_baseline
5828216	2022	1	0.7584554972556109	correct_baseline
5828216	2023	1	0.7077018844127532	correct_baseline
5828216	2024	1	0.6582266586002377	correct_baseline
5831060	2022	0	0.7441853545115347	correct_baseline
5831060	2023	0	0.5024121465609429	correct_baseline
5831060	2024	0	0.3305138780838685	correct_baseline
5846290	2022	3	1.026780632057566	correct_baseline
5846290	2023	3	1.04277818582098	correct_baseline
5846290	2024	3	1.0586842332331912	correct_baseline
5851603	2022	3	1.3098023581929978	basic
5851603	2023	3	1.3947671349741584	basic
5851603	2024	3	1.481384319276413	basic
5864277	2022	1	0.9561663886513927	correct_baseline
5864277	2023	1	0.9632499597819294	correct_baseline
5864277	2024	1	0.9703077238582088	correct_baseline
5892120	2022	2	0.9540593365416475	basic
5892120	2023	2	0.9826619617295499	basic
5892120	2024	2	1.009722316727522	basic
5930559	2022	3	1.1547915047498163	correct_baseline
5930559	2023	3	1.157187942396103	correct_baseline
5930559	2024	3	1.1595254588709525	correct_baseline
5959231	2022	1	0.9919605975739213	correct_baseline
5959231	2023	1	0.9539432612507366	correct_baseline
5959231	2024	1	0.916773447318025	correct_baseline
6027089	2022	3	1.4462706678308705	correct_baseline
6027089	2023	3	1.4848392335018255	correct_baseline
6027089	2024	3	1.5218034457719243	correct_baseline
6027176	2022			correct_baseline
6027176	2023			correct_baseline
6027176	2024			correct_baseline
6063730	2022	1	0.940046264779353	correct_baseline
6063730	2023	1	0.9347185716771752	correct_baseline
6063730	2024	1	0.9292693372757344	correct_baseline
6085036	2022	3	1.0462880639147267	correct_baseline
6085036	2023	3	1.050514221022153	correct_baseline
6085036	2024	3	1.0547273384756544	correct_baseline
6096602	2022	3	1.1638017961976992	correct_baseline
6096602	2023	3	1.167120590941609	correct_baseline
6096602	2024	3	1.1702858063047954	correct_baseline
6098843	2022	2	1.3891469633469409	correct_baseline
6098843	2023	2	1.1412535551113103	correct_baseline
6098843	2024	0	0.9215559691001854	correct_baseline
6100941	2022			correct_baseline
6100941	2023			correct_baseline
6100941	2024			correct_baseline
6100962	2022			correct_baseline
6100962	2023			correct_baseline
6100962	2024			correct_baseline
6101223	2022			correct_baseline
6101223	2023			correct_baseline
6101223	2024			correct_baseline
6101224	2022			correct_baseline
6101224	2023			correct_baseline
6101224	2024			correct_baseline
6109534	2022	3	1.0925373703134256	correct_baseline
6109534	2023	3	1.0976362854643764	correct_baseline
6109534	2024	3	1.1025954811259655	correct_baseline
6109535	2022	3	1.068902083820168	correct_baseline
6109535	2023	3	1.070947400720475	correct_baseline
6109535	2024	3	1.0727950323659958	correct_baseline
6109611	2022	3	1.2238407129928062	correct_baseline
6109611	2023	3	1.238358079153514	correct_baseline
6109611	2024	3	1.2521096248633654	correct_baseline
6109637	2022	3	1.1389285574677364	correct_baseline
6109637	2023	3	1.1442410889196997	correct_baseline
6109637	2024	3	1.1495717335297093	correct_baseline
6109699	2022			correct_baseline
6109699	2023			correct_baseline
6109699	2024			correct_baseline
6132234	2022			correct_baseline
6132234	2023			correct_baseline
6132234	2024			correct_baseline
6157026	2022	0	0.7660598020218986	correct_baseline
6157026	2023	0	0.7509066671465339	correct_baseline
6157026	2024	0	0.7360377452683438	correct_baseline
6157035	2022	0	0.5926244114803635	correct_baseline
6157035	2023	0	0.4956463262695634	correct_baseline
6157035	2024	0	0.4121266824019343	correct_baseline
6159223	2022			correct_baseline
6159223	2023			correct_baseline
6159223	2024			correct_baseline
6161327	2022			correct_baseline
6161327	2023			correct_baseline
6161327	2024			correct_baseline
6164210	2022			correct_baseline
6164210	2023			correct_baseline
6164210	2024			correct_baseline
6300805	2022	1	0.881612585092074	correct_baseline
6300805	2023	1	0.8711298370564474	correct_baseline
6300805	2024	1	0.8605032042640345	correct_baseline
6362904	2022	1	0.7859776189823683	correct_baseline
6362904	2023	1	0.7604747890431922	correct_baseline
6362904	2024	1	0.7343844405528146	correct_baseline
6363863	2022			correct_baseline
6363863	2023			correct_baseline
6363863	2024			correct_baseline
6369819	2022	1	0.6944581681812098	correct_baseline
6369819	2023	1	0.6969524924054673	correct_baseline
6369819	2024	1	0.6940065872202451	correct_baseline
6374953	2022			correct_baseline
6374953	2023			correct_baseline
6374953	2024			correct_baseline
6376340	2022	1	1.0070704360795477	correct_baseline
6376340	2023	1	1.0018610599319875	correct_baseline
6376340	2024	1	0.9951425468058017	correct_baseline
6387003	2022	0	0.9717902695846884	correct_baseline
6387003	2023	0	0.8882990309143847	correct_baseline
6387003	2024	0	0.8089976006991499	correct_baseline
6391417	2022	3	1.0455508220981495	correct_baseline
6391417	2023	3	1.055524247186045	correct_baseline
6391417	2024	3	1.0649979378000676	correct_baseline
6409536	2022	0	0.5955769486643145	correct_baseline
6409536	2023	0	0.5857295597973525	correct_baseline
6409536	2024	0	0.5760273562231436	correct_baseline
6411098	2022	0	0.8602716280937078	correct_baseline
6411098	2023	0	0.8510793548503405	correct_baseline
6411098	2024	0	0.8419786163190411	correct_baseline
6443709	2022	3	1.1313743658920814	correct_baseline
6443709	2023	3	1.1340006076880778	correct_baseline
6443709	2024	3	1.1364353801472622	correct_baseline
6449041	2022	1	0.7750693806915339	correct_baseline
6449041	2023	1	0.7701584141826767	correct_baseline
6449041	2024	1	0.7652723544883663	correct_baseline
6476679	2022	3	1.2700399302072716	basic
6476679	2023	3	1.6678848937616688	basic
6476679	2024	3	1.9551419325445651	basic
6550091	2022	1	0.7426931955505053	correct_baseline
6550091	2023	1	0.733015375477022	correct_baseline
6550091	2024	1	0.7200009404536739	correct_baseline
7062200	2022	1	0.8811193226222572	correct_baseline
7062200	2023	1	0.8630147569799185	correct_baseline
7062200	2024	1	0.8449184046648558	correct_baseline
7068379	2022	1	0.9192415680836462	correct_baseline
7068379	2023	1	0.9090336720409825	correct_baseline
7068379	2024	1	0.898797904547088	correct_baseline
7068845	2022	1	0.938281165139087	correct_baseline
7068845	2023	1	0.9359433560531899	correct_baseline
7068845	2024	1	0.9333632670439915	correct_baseline
7095665	2022	3	1.0188908586153502	correct_baseline
7095665	2023	3	1.0331297738467229	correct_baseline
7095665	2024	3	1.0473018933316407	correct_baseline
7102937	2022	3	1.0681648710232945	correct_baseline
7102937	2023	3	1.0713398639635967	correct_baseline
7102937	2024	3	1.074353050283932	correct_baseline
7111792	2022	1	0.9186768638531153	correct_baseline
7111792	2023	1	0.918499412774191	correct_baseline
7111792	2024	1	0.9180843381401598	correct_baseline
7127354	2022	0	0.9678112598347688	correct_baseline
7127354	2023	0	0.7244450023071561	correct_baseline
7127354	2024	0	0.5227340145509449	correct_baseline
7127810	2022	0	0.9138582857292813	correct_baseline
7127810	2023	0	0.6697355311944557	correct_baseline
7127810	2024	0	0.4847747498675822	correct_baseline
7135755	2022	3	1.2052936020904075	correct_baseline
7135755	2023	3	1.216670998295102	correct_baseline
7135755	2024	3	1.2280951470289525	correct_baseline
7156971	2022	0	0.8107504015008343	correct_baseline
7156971	2023	0	0.7388099821923916	correct_baseline
7156971	2024	0	0.6719766121078943	correct_baseline
7157952	2022			correct_baseline
7157952	2023			correct_baseline
7157952	2024			correct_baseline
7158449	2022			correct_baseline
7158449	2023			correct_baseline
7158449	2024			correct_baseline
7162908	2022			correct_baseline
7162908	2023			correct_baseline
7162908	2024			correct_baseline
7172720	2022	1	0.9180829844609121	correct_baseline
7172720	2023	1	0.9184212029613735	correct_baseline
7172720	2024	1	0.9187218844491918	correct_baseline
7172831	2022			correct_baseline
7172831	2023			correct_baseline
7172831	2024			correct_baseline
7224157	2022	1	0.8987614073443901	correct_baseline
7224157	2023	1	0.896716189414514	correct_baseline
7224157	2024	1	0.8946714403132159	correct_baseline
7224427	2022	2	0.8951716130332296	correct_baseline
7224427	2023	2	0.9073443143304865	correct_baseline
7224427	2024	2	0.9192812412738208	correct_baseline
7225471	2022	1	0.9659247726641286	correct_baseline
7225471	2023	1	0.9643566728105388	correct_baseline
7225471	2024	1	0.9626245115586382	correct_baseline
7226776	2022	2	0.9008811331982608	correct_baseline
7226776	2023	2	0.9299708625776437	correct_baseline
7226776	2024	2	0.9593018202878403	correct_baseline
7226794	2022	0	0.7705539994646583	correct_baseline
7226794	2023	0	0.7605451360541419	correct_baseline
7226794	2024	0	0.750597683063811	correct_baseline
7230699	2022	1	0.769695433692811	correct_baseline
7230699	2023	1	0.7550431686538518	correct_baseline
7230699	2024	1	0.7404909471835965	correct_baseline
7263145	2022	2	0.9896034736051101	correct_baseline
7263145	2023	3	1.0430904575743352	correct_baseline
7263145	2024	3	1.0976146277666037	correct_baseline
7266343	2022	1	0.9139613345573658	correct_baseline
7266343	2023	1	0.8777547919799774	correct_baseline
7266343	2024	1	0.8371997857635116	correct_baseline
7267630	2022	1	0.619363011830054	correct_baseline
7267630	2023	1	0.6075940932617269	correct_baseline
7267630	2024	1	0.5959477519451438	correct_baseline
7291264	2022	3	1.2210388403062553	correct_baseline
7291264	2023	3	1.195717140797595	correct_baseline
7291264	2024	3	1.167457286910655	correct_baseline
7291643	2022			correct_baseline
7291643	2023			correct_baseline
7291643	2024			correct_baseline
7298987	2022			correct_baseline
7298987	2023			correct_baseline
7298987	2024			correct_baseline
7303104	2022	1	0.760369614217621	correct_baseline
7303104	2023	1	0.7419974357091338	correct_baseline
7303104	2024	1	0.724008657769656	correct_baseline
7307327	2022			correct_baseline
7307327	2023			correct_baseline
7307327	2024			correct_baseline
7308335	2022	1	0.8918381729528638	correct_baseline
7308335	2023	1	0.8893269896431769	correct_baseline
7308335	2024	1	0.8868142507299512	correct_baseline
7309012	2022	1	0.7209174727548154	correct_baseline
7309012	2023	1	0.717352109782665	correct_baseline
7309012	2024	1	0.7137568081705632	correct_baseline
7313595	2022	3	1.0383157443512512	correct_baseline
7313595	2023	3	1.043242952365138	correct_baseline
7313595	2024	3	1.0480940085725976	correct_baseline
7315063	2022	3	1.312383223834432	correct_baseline
7315063	2023	3	1.3296390170071308	correct_baseline
7315063	2024	3	1.3457216074612652	correct_baseline
7315072	2022	3	1.2211162214777431	correct_baseline
7315072	2023	3	1.230045542472241	correct_baseline
7315072	2024	3	1.238943359194403	correct_baseline
7315286	2022	1	0.8730526413366251	correct_baseline
7315286	2023	1	0.8448636834920533	correct_baseline
7315286	2024	1	0.8170412309994018	correct_baseline
7319302	2022	1	0.9952017396045472	correct_baseline
7319302	2023	1	0.9960420574996768	correct_baseline
7319302	2024	1	0.9968752935602044	correct_baseline
7322292	2022	2	0.8874288530510658	correct_baseline
7322292	2023	2	0.9216290424324954	correct_baseline
7322292	2024	2	0.9525519641688146	correct_baseline
7322529	2022	2	0.8919886886010624	correct_baseline
7322529	2023	2	0.9109573602763656	correct_baseline
7322529	2024	2	0.9289629477473063	correct_baseline
7325877	2022			correct_baseline
7325877	2023			correct_baseline
7325877	2024			correct_baseline
7327990	2022	3	1.1219300927839881	correct_baseline
7327990	2023	3	1.1295321678479429	correct_baseline
7327990	2024	3	1.1368124223864697	correct_baseline
7331861	2022	1	0.841936509158456	correct_baseline
7331861	2023	1	0.8352038214595988	correct_baseline
7331861	2024	1	0.8284867661560154	correct_baseline
7332415	2022	3	1.2408750614634911	correct_baseline
7332415	2023	3	1.2885983979930618	correct_baseline
7332415	2024	3	1.3354716565142204	correct_baseline
7334368	2022			correct_baseline
7334368	2023			correct_baseline
7334368	2024			correct_baseline
7344766	2022			correct_baseline
7344766	2023			correct_baseline
7344766	2024			correct_baseline
7346102	2022	3	1.1759389214320877	correct_baseline
7346102	2023	3	1.1785591155038602	correct_baseline
7346102	2024	3	1.1811535348032094	correct_baseline
7350989	2022	1	0.8251892892376302	correct_baseline
7350989	2023	1	0.8172324061920062	correct_baseline
7350989	2024	1	0.8093084401063713	correct_baseline
7358677	2022	1	0.837659480707196	correct_baseline
7358677	2023	1	0.8016370161881227	correct_baseline
7358677	2024	1	0.7613810227919607	correct_baseline
7358948	2022	3	1.1517356502287843	correct_baseline
7358948	2023	3	1.1946105942696539	correct_baseline
7358948	2024	3	1.2386705918073284	correct_baseline
7393329	2022			correct_baseline
7393329	2023			correct_baseline
7393329	2024			correct_baseline
7400250	2022	1	0.939813098879043	correct_baseline
7400250	2023	1	0.9235059464376566	correct_baseline
7400250	2024	1	0.9071322182067909	correct_baseline
7403263	2022	3	1.0218175767204758	correct_baseline
7403263	2023	3	1.0154912146795199	correct_baseline
7403263	2024	1	1.0089138305171865	correct_baseline
7409013	2022	1	0.8103268378939587	correct_baseline
7409013	2023	1	0.8027707924023104	correct_baseline
7409013	2024	1	0.7952737780723209	correct_baseline
7427542	2022			correct_baseline
7427542	2023			correct_baseline
7427542	2024			correct_baseline
7433196	2022	3	1.2416384484588132	correct_baseline
7433196	2023	3	1.2659615213614408	correct_baseline
7433196	2024	3	1.2899143926481274	correct_baseline
7437751	2022	3	1.117381528639118	correct_baseline
7437751	2023	3	1.1183294499487955	correct_baseline
7437751	2024	3	1.1150356958562826	correct_baseline
7443846	2022	3	1.216640407482386	correct_baseline
7443846	2023	3	1.2272303826477755	correct_baseline
7443846	2024	3	1.237819637733513	correct_baseline
7461690	2022			correct_baseline
7461690	2023			correct_baseline
7461690	2024			correct_baseline
7466434	2022	3	1.1962416680788273	correct_baseline
7466434	2023	3	1.201077757844592	correct_baseline
7466434	2024	3	1.2059268858365964	correct_baseline
7520678	2022			correct_baseline
7520678	2023			correct_baseline
7520678	2024			correct_baseline
7540164	2022	0	0.6367135310384274	correct_baseline
7540164	2023	0	0.5847906522593174	correct_baseline
7540164	2024	0	0.5370350884524322	correct_baseline
7544073	2022			correct_baseline
7544073	2023			correct_baseline
7544073	2024			correct_baseline
7560711	2022	0	0.7720149229145316	correct_baseline
7560711	2023	0	0.5846538977488533	correct_baseline
7560711	2024	0	0.4318796041261491	correct_baseline
7564934	2022			correct_baseline
7564934	2023			correct_baseline
7564934	2024			correct_baseline
7619206	2022			correct_baseline
7619206	2023			correct_baseline
7619206	2024			correct_baseline
7627205	2022	3	1.0313964760448329	correct_baseline
7627205	2023	3	1.0337724834601945	correct_baseline
7627205	2024	3	1.0355034408476513	correct_baseline
7636833	2022			correct_baseline
7636833	2023			correct_baseline
7636833	2024			correct_baseline
7645931	2022	0	0.6280935371671545	correct_baseline
7645931	2023	0	0.6167785023271474	correct_baseline
7645931	2024	0	0.6056206459942665	correct_baseline
7671397	2022	3	1.153755390162757	correct_baseline
7671397	2023	3	1.1611022932390747	correct_baseline
7671397	2024	3	1.168101565672175	correct_baseline
7678610	2022	3	1.1765902503686485	correct_baseline
7678610	2023	3	1.1842024738755152	correct_baseline
7678610	2024	3	1.1916785817029185	correct_baseline
7681436	2022	0	0.9761335403312323	correct_baseline
7681436	2023	0	0.845036516599059	correct_baseline
7681436	2024	0	0.7232470992439026	correct_baseline
7695021	2022	1	0.5870664668657671	correct_baseline
7695021	2023	1	0.5724936791774693	correct_baseline
7695021	2024	1	0.557211642820407	correct_baseline
7732986	2022	0	0.8444693169564909	correct_baseline
7732986	2023	0	0.8356763719274362	correct_baseline
7732986	2024	0	0.8269655796925413	correct_baseline
7733140	2022	3	1.192086632405267	correct_baseline
7733140	2023	3	1.2016292773487	correct_baseline
7733140	2024	3	1.2111710139644039	correct_baseline
7738766	2022	0	0.7152304343576428	correct_baseline
7738766	2023	0	0.6919618313588694	correct_baseline
7738766	2024	0	0.6692313219346316	correct_baseline
7740617	2022			correct_baseline
7740617	2023			correct_baseline
7740617	2024			correct_baseline
7747216	2022	1	0.9046318496272957	correct_baseline
7747216	2023	1	0.888984780528818	correct_baseline
7747216	2024	1	0.8734221172361516	correct_baseline
7749287	2022	1	0.866567856087466	correct_baseline
7749287	2023	1	0.8645452255661055	correct_baseline
7749287	2024	1	0.8621378793712012	correct_baseline
7753992	2022			correct_baseline
7753992	2023			correct_baseline
7753992	2024			correct_baseline
7763534	2022	3	1.0568703242275954	correct_baseline
7763534	2023	3	1.0196297609252951	correct_baseline
7763534	2024	1	0.9826851753147283	correct_baseline
7764700	2022	0	0.8496693532994728	correct_baseline
7764700	2023	0	0.8316797060804267	correct_baseline
7764700	2024	0	0.8139358619761667	correct_baseline
7790614	2022	1	0.9048862488590399	correct_baseline
7790614	2023	1	0.9039229637694781	correct_baseline
7790614	2024	1	0.9029007839935164	correct_baseline
7795888	2022	3	1.2573187535047337	correct_baseline
7795888	2023	3	1.2658302563095611	correct_baseline
7795888	2024	3	1.2743878016624905	correct_baseline
7802465	2022	3	1.1928610226882934	correct_baseline
7802465	2023	3	1.1530016478637617	correct_baseline
7802465	2024	3	1.1127013352893274	correct_baseline
7810918	2022	3	1.100912718051537	correct_baseline
7810918	2023	3	1.1059924099377365	correct_baseline
7810918	2024	3	1.1110734718502366	correct_baseline
7818643	2022	1	0.9043909572752876	correct_baseline
7818643	2023	1	0.9083589258734985	correct_baseline
7818643	2024	1	0.9053670953740182	correct_baseline
7820753	2022	3	1.2490062108007036	correct_baseline
7820753	2023	3	1.2555324892382977	correct_baseline
7820753	2024	3	1.2601763695343229	correct_baseline
7828157	2022	1	0.9204696229738245	correct_baseline
7828157	2023	1	0.8945191076589931	correct_baseline
7828157	2024	1	0.8674672383418004	correct_baseline
7844167	2022	3	1.1362604038719737	correct_baseline
7844167	2023	3	1.1420800579536712	correct_baseline
7844167	2024	3	1.1479177523084727	correct_baseline
7855120	2022			correct_baseline
7855120	2023			correct_baseline
7855120	2024			correct_baseline
7881150	2022	1	0.9806004803986367	correct_baseline
7881150	2023	1	0.9532365010548277	correct_baseline
7881150	2024	1	0.9261119177989726	correct_baseline
7889822	2022			correct_baseline
7889822	2023			correct_baseline
7889822	2024			correct_baseline
7901652	2022	3	1.2053801702864158	correct_baseline
7901652	2023	3	1.2123385036426935	correct_baseline
7901652	2024	3	1.2139350404577867	correct_baseline
7902463	2022			correct_baseline
7902463	2023			correct_baseline
7902463	2024			correct_baseline
7903057	2022	3	1.138059614606187	correct_baseline
7903057	2023	3	1.1480891261758328	correct_baseline
7903057	2024	3	1.1578695653361797	correct_baseline
7903764	2022	3	1.076056264693805	correct_baseline
7903764	2023	3	1.0826463607769528	correct_baseline
7903764	2024	3	1.087071099510661	correct_baseline
7905507	2022			correct_baseline
7905507	2023			correct_baseline
7905507	2024			correct_baseline
7915783	2022	1	0.9988544778583323	correct_baseline
7915783	2023	1	0.9867857108255866	correct_baseline
7915783	2024	1	0.974403379727746	correct_baseline
7925720	2022			correct_baseline
7925720	2023			correct_baseline
7925720	2024			correct_baseline
7967494	2022	1	0.9331176991212334	correct_baseline
7967494	2023	1	0.9321523342979993	correct_baseline
7967494	2024	1	0.9311242722477859	correct_baseline
7978544	2022	1	0.9073760098874143	correct_baseline
7978544	2023	1	0.8867911652434378	correct_baseline
7978544	2024	1	0.8662901035865214	correct_baseline
7989836	2022	0	0.7228074023015525	correct_baseline
7989836	2023	0	0.4898853127995302	correct_baseline
7989836	2024	0	0.321722892152254	correct_baseline
8002952	2022	3	1.2611319865739372	correct_baseline
8002952	2023	3	1.2748934894033859	correct_baseline
8002952	2024	3	1.2883829333641135	correct_baseline
8012439	2022	3	1.2561146751430379	correct_baseline
8012439	2023	3	1.2719448183695592	correct_baseline
8012439	2024	3	1.287682108365765	correct_baseline
8014163	2022	0	0.8152706940231065	correct_baseline
8014163	2023	0	0.7610083995828945	correct_baseline
8014163	2024	0	0.7102598508421276	correct_baseline
8031875	2022			correct_baseline
8031875	2023			correct_baseline
8031875	2024			correct_baseline
8042568	2022			correct_baseline
8042568	2023			correct_baseline
8042568	2024			correct_baseline
8052025	2022			correct_baseline
8052025	2023			correct_baseline
8052025	2024			correct_baseline
8080743	2022	0	0.9819471946701738	correct_baseline
8080743	2023	0	0.8745545495825024	correct_baseline
8080743	2024	0	0.7753936404291003	correct_baseline
8091998	2022	3	1.04717811853525	correct_baseline
8091998	2023	3	1.0492086593513394	correct_baseline
8091998	2024	3	1.051226811314885	correct_baseline
8116963	2022			correct_baseline
8116963	2023			correct_baseline
8116963	2024			correct_baseline
8133114	2022	3	1.0588437148017498	correct_baseline
8133114	2023	3	1.0625264666829033	correct_baseline
8133114	2024	3	1.066174542996183	correct_baseline
8149049	2022	3	1.0179073728708523	correct_baseline
8149049	2023	3	1.021008605340003	correct_baseline
8149049	2024	3	1.0240441465404877	correct_baseline
8149923	2022	3	1.1140102357994082	correct_baseline
8149923	2023	3	1.109443411754525	correct_baseline
8149923	2024	3	1.104418697783708	correct_baseline
8153538	2022	1	0.643061779001081	correct_baseline
8153538	2023	1	0.6311399931246148	correct_baseline
8153538	2024	1	0.6192119765246868	correct_baseline
8168344	2022	0	0.7323414258054367	correct_baseline
8168344	2023	0	0.6883105369254812	correct_baseline
8168344	2024	0	0.6459698470086727	correct_baseline
8170635	2022	3	1.2122327588875377	correct_baseline
8170635	2023	3	1.1814868184194518	correct_baseline
8170635	2024	3	1.1488894740380817	correct_baseline
8183217	2022	1	0.8874866652821419	correct_baseline
8183217	2023	1	0.8831819450930541	correct_baseline
8183217	2024	1	0.8788851760895436	correct_baseline
8190077	2022	3	1.0234831892898737	correct_baseline
8190077	2023	3	1.0586436583890309	correct_baseline
8190077	2024	3	1.0943552431325116	correct_baseline
8190231	2022	3	1.1392553040908158	correct_baseline
8190231	2023	3	1.1391336245473371	correct_baseline
8190231	2024	3	1.138952265899999	correct_baseline
8193111	2022	1	0.9987680646884931	correct_baseline
8193111	2023	1	0.9803365511027149	correct_baseline
8193111	2024	1	0.9619380933150982	correct_baseline
8200663	2022	3	1.2925973656168133	correct_baseline
8200663	2023	3	1.3041193545430185	correct_baseline
8200663	2024	3	1.3155424937813622	correct_baseline
8210972	2022			correct_baseline
8210972	2023			correct_baseline
8210972	2024			correct_baseline
8287616	2022			correct_baseline
8287616	2023			correct_baseline
8287616	2024			correct_baseline
8288647	2022			correct_baseline
8288647	2023			correct_baseline
8288647	2024			correct_baseline
8288930	2022	0	0.7082070087421469	correct_baseline
8288930	2023	0	0.6801055858190107	correct_baseline
8288930	2024	0	0.6527752853844588	correct_baseline
8298495	2022	3	1.2564552348320268	correct_baseline
8298495	2023	3	1.2722790460981366	correct_baseline
8298495	2024	3	1.288028648385304	correct_baseline
8313153	2022	3	1.0238886549367472	correct_baseline
8313153	2023	3	1.0223545295815784	correct_baseline
8313153	2024	3	1.0208059262238633	correct_baseline
8323485	2022	1	0.8289637499302107	correct_baseline
8323485	2023	1	0.6490852062848257	correct_baseline
8323485	2024	1	0.4863725616959099	correct_baseline
8332019	2022	1	0.9845852344359362	correct_baseline
8332019	2023	1	0.9861459910424267	correct_baseline
8332019	2024	1	0.9876849686768493	correct_baseline
8335191	2022	3	1.0545697815617396	correct_baseline
8335191	2023	3	1.098459717112624	correct_baseline
8335191	2024	3	1.141892541161519	correct_baseline
8342911	2022			correct_baseline
8342911	2023			correct_baseline
8342911	2024			correct_baseline
8358048	2022	3	1.1352865292933056	correct_baseline
8358048	2023	3	1.171260327280332	correct_baseline
8358048	2024	3	1.1908113683512573	correct_baseline
8362005	2022	0	0.7979992894781263	correct_baseline
8362005	2023	2	0.8794038658875684	correct_baseline
8362005	2024	2	0.9512808682034373	correct_baseline
8373355	2022	3	1.2006132929572617	correct_baseline
8373355	2023	3	1.2113632397688026	correct_baseline
8373355	2024	3	1.2221850727666481	correct_baseline
8400045	2022			correct_baseline
8400045	2023			correct_baseline
8400045	2024			correct_baseline
8406661	2022			correct_baseline
8406661	2023			correct_baseline
8406661	2024			correct_baseline
8408816	2022			correct_baseline
8408816	2023			correct_baseline
8408816	2024			correct_baseline
8418338	2022			correct_baseline
8418338	2023			correct_baseline
8418338	2024			correct_baseline
8421432	2022			correct_baseline
8421432	2023			correct_baseline
8421432	2024			correct_baseline
8427624	2022	3	1.3228086289218497	correct_baseline
8427624	2023	3	1.3389284558483283	correct_baseline
8427624	2024	3	1.354959773603025	correct_baseline
8485639	2022	3	1.2769619094973834	correct_baseline
8485639	2023	3	1.3504428465442981	correct_baseline
8485639	2024	3	1.4277599817962183	correct_baseline
8537667	2022	3	1.141715397658505	correct_baseline
8537667	2023	3	1.1426071915988645	correct_baseline
8537667	2024	3	1.1416619753830344	correct_baseline
8542672	2022			correct_baseline
8542672	2023			correct_baseline
8542672	2024			correct_baseline
8584304	2022	3	1.0378813152886488	correct_baseline
8584304	2023	3	1.0295059030694746	correct_baseline
8584304	2024	3	1.0209548717313004	correct_baseline
8599762	2022	0	0.6701211500840112	correct_baseline
8599762	2023	0	0.3596875348152808	correct_baseline
8599762	2024	0	0.17110301680400086	correct_baseline
8699607	2022	3	1.0925176608782046	correct_baseline
8699607	2023	3	1.093135910238569	correct_baseline
8699607	2024	3	1.093510890903466	correct_baseline
8701771	2022	3	1.4490785783194609	basic
8701771	2023	3	1.7256453208610407	basic
8701771	2024	3	2.038764794450955	basic
8740315	2022			basic
8740315	2023			basic
8740315	2024			basic
8741260	2022	3	1.343839015550929	correct_baseline
8741260	2023	3	1.3568689370999611	correct_baseline
8741260	2024	3	1.3698501028311545	correct_baseline
8745918	2022	1	0.692744075276915	correct_baseline
8745918	2023	1	0.6960828272585228	correct_baseline
8745918	2024	1	0.697640745443312	correct_baseline
8790531	2022			correct_baseline
8790531	2023			correct_baseline
8790531	2024			correct_baseline
8848208	2022	3	1.1175676253303128	correct_baseline
8848208	2023	3	1.1247410604956538	correct_baseline
8848208	2024	3	1.1319411257318837	correct_baseline
8889878	2022	1	0.9497078288567994	correct_baseline
8889878	2023	1	0.9125945987594666	correct_baseline
8889878	2024	1	0.876495975346924	correct_baseline
8898408	2022			correct_baseline
8898408	2023			correct_baseline
8898408	2024			correct_baseline
8909595	2022	3	1.1868327409349833	correct_baseline
8909595	2023	3	1.194652052572314	correct_baseline
8909595	2024	3	1.202379757577826	correct_baseline
8909809	2022			correct_baseline
8909809	2023			correct_baseline
8909809	2024			correct_baseline
8911082	2022	3	1.2341744985144383	correct_baseline
8911082	2023	3	1.257493968250059	correct_baseline
8911082	2024	3	1.2809718474530882	correct_baseline
8946295	2022	3	1.0803807084700165	correct_baseline
8946295	2023	3	1.0864165282170546	correct_baseline
8946295	2024	3	1.0922066434002036	correct_baseline
8969026	2022	1	0.9986073954128074	correct_baseline
8969026	2023	1	0.9981122403476455	correct_baseline
8969026	2024	1	0.9975037823474074	correct_baseline
8993502	2022	0	0.6904404231392479	correct_baseline
8993502	2023	0	0.5625646937554148	correct_baseline
8993502	2024	0	0.4538987602895825	correct_baseline
8994150	2022	1	0.9725403557905749	correct_baseline
8994150	2023	1	0.9707980951179486	correct_baseline
8994150	2024	1	0.9690550690044858	correct_baseline
9018536	2022			correct_baseline
9018536	2023			correct_baseline
9018536	2024			correct_baseline
9073641	2022	3	1.0844509453195157	correct_baseline
9073641	2023	3	1.0875626596442192	correct_baseline
9073641	2024	3	1.0906495463450905	correct_baseline
9078997	2022			correct_baseline
9078997	2023			correct_baseline
9078997	2024			correct_baseline
9080185	2022	3	1.1507626503084551	correct_baseline
9080185	2023	3	1.1575657445534062	correct_baseline
9080185	2024	3	1.1643817300970625	correct_baseline
9139578	2022			correct_baseline
9139578	2023			correct_baseline
9139578	2024			correct_baseline
9148577	2022	1	0.95235008877719185	correct_baseline
9148577	2023	1	0.9509708296753427	correct_baseline
9148577	2024	1	0.9495907529305998	correct_baseline
9151957	2022	3	1.2563171161754552	correct_baseline
9151957	2023	3	1.2677117251210686	correct_baseline
9151957	2024	3	1.2790289554484435	correct_baseline
9153437	2022	3	1.0234646037572255	correct_baseline
9153437	2023	3	1.056899479674464	correct_baseline
9153437	2024	3	1.0908124336011642	correct_baseline
9177060	2022	3	1.0173032212650281	correct_baseline
9177060	2023	3	1.0170840774742995	correct_baseline
9177060	2024	3	1.0166193026957762	correct_baseline
9182765	2022	1	0.785875994718506	correct_baseline
9182765	2023	1	0.78028278938756	correct_baseline
9182765	2024	1	0.7746685419512653	correct_baseline
9185677	2022			correct_baseline
9185677	2023			correct_baseline
9185677	2024			correct_baseline
9188840	2022	3	1.0151549719199147	correct_baseline
9188840	2023	3	1.0175409096562735	correct_baseline
9188840	2024	3	1.0198208617485551	correct_baseline
9202318	2022	3	1.1488734687068995	correct_baseline
9202318	2023	3	1.1520054423911814	correct_baseline
9202318	2024	3	1.1551398196989484	correct_baseline
9206251	2022	3	1.0190099127450283	correct_baseline
9206251	2023	3	1.0152204276936367	correct_baseline
9206251	2024	3	1.0110432643311207	correct_baseline
9235549	2022	0	0.629112350171143	correct_baseline
9235549	2023	0	0.6226693156511359	correct_baseline
9235549	2024	0	0.6161379898088092	correct_baseline
9254355	2022			correct_baseline
9254355	2023			correct_baseline
9254355	2024			correct_baseline
9305555	2022	3	1.010981607058996	correct_baseline
9305555	2023	1	0.9718758090492322	correct_baseline
9305555	2024	1	0.931095673725645	correct_baseline
9326020	2022	1	0.846324581771481	correct_baseline
9326020	2023	1	0.7787173178111317	correct_baseline
9326020	2024	1	0.7140969916782219	correct_baseline
9340142	2022			correct_baseline
9340142	2023			correct_baseline
9340142	2024			correct_baseline
9350124	2022	1	0.911359244433687	correct_baseline
9350124	2023	1	0.9085948910326813	correct_baseline
9350124	2024	1	0.9058225319489182	correct_baseline
9376410	2022			correct_baseline
9376410	2023			correct_baseline
9376410	2024			correct_baseline
9382645	2022			correct_baseline
9382645	2023			correct_baseline
9382645	2024			correct_baseline
9398259	2022	3	1.0482307058370786	correct_baseline
9398259	2023	3	1.0400226515833886	correct_baseline
9398259	2024	3	1.0317389762846014	correct_baseline
9419993	2022	3	1.0447286340888131	correct_baseline
9419993	2023	3	1.0468102341020735	correct_baseline
9419993	2024	3	1.0486819758056827	correct_baseline
9422220	2022	0	0.6689820761169203	correct_baseline
9422220	2023	0	0.6614423093549942	correct_baseline
9422220	2024	0	0.6539606029608418	correct_baseline
9440906	2022			correct_baseline
9440906	2023			correct_baseline
9440906	2024			correct_baseline
9442269	2022			correct_baseline
9442269	2023			correct_baseline
9442269	2024			correct_baseline
9451184	2022	0	0.8450592431829945	correct_baseline
9451184	2023	0	0.6556222649447784	correct_baseline
9451184	2024	0	0.5038593461134786	correct_baseline
9496048	2022	3	1.0321333071281684	correct_baseline
9496048	2023	3	1.0396007586813247	correct_baseline
9496048	2024	3	1.0466110658168488	correct_baseline
9508460	2022	1	0.9329937813538165	correct_baseline
9508460	2023	1	0.9237791535078728	correct_baseline
9508460	2024	1	0.9143217955330206	correct_baseline
9520065	2022	0	0.5795664766871573	correct_baseline
9520065	2023	0	0.560448441325935	correct_baseline
9520065	2024	0	0.5419416898388102	correct_baseline
9592414	2022			correct_baseline
9592414	2023			correct_baseline
9592414	2024			correct_baseline
9606290	2022			correct_baseline
9606290	2023			correct_baseline
9606290	2024			correct_baseline
9673106	2022	0	0.7308333354690996	correct_baseline
9673106	2023	0	0.711679292639793	correct_baseline
9673106	2024	0	0.6923061281220246	correct_baseline
9752149	2022	3	1.0551634453406713	correct_baseline
9752149	2023	3	1.0520401226194023	correct_baseline
9752149	2024	3	1.0488193694552093	correct_baseline
9823072	2022	3	1.1758057352819564	correct_baseline
9823072	2023	3	1.186221480039745	correct_baseline
9823072	2024	3	1.196468187361382	correct_baseline
9890104	2022	0	0.40219994984779256	correct_baseline
9890104	2023	0	0.34488094672850644	correct_baseline
9890104	2024	0	0.29507169503070574	correct_baseline
10071055	2022	3	1.0814485834253365	correct_baseline
10071055	2023	3	1.082498515778518	correct_baseline
10071055	2024	3	1.083536769325821	correct_baseline
10095118	2022	3	1.070623831215374	correct_baseline
10095118	2023	3	1.0843835295362618	correct_baseline
10095118	2024	3	1.098071425446653	correct_baseline
10755213	2022	1	0.7495185671268254	correct_baseline
10755213	2023	1	0.7352678765974685	correct_baseline
10755213	2024	1	0.7204724291744157	correct_baseline
10769750	2022	1	0.8374327702292732	correct_baseline
10769750	2023	1	0.8336742406199928	correct_baseline
10769750	2024	1	0.8299104422767833	correct_baseline
10786206	2022	1	0.8920553615279564	correct_baseline
10786206	2023	1	0.8957732131205721	correct_baseline
10786206	2024	1	0.8990135859153782	correct_baseline
10801424	2022			correct_baseline
10801424	2023			correct_baseline
10801424	2024			correct_baseline
10852031	2022			correct_baseline
10852031	2023			correct_baseline
10852031	2024			correct_baseline
10902460	2022			correct_baseline
10902460	2023			correct_baseline
10902460	2024			correct_baseline
10953644	2022			correct_baseline
10953644	2023			correct_baseline
10953644	2024			correct_baseline
11007246	2022	3	1.164277163077956	correct_baseline
11007246	2023	3	1.1663952737333696	correct_baseline
11007246	2024	3	1.168304880167467	correct_baseline
11064584	2022			correct_baseline
11064584	2023			correct_baseline
11064584	2024			correct_baseline
11104870	2022			correct_baseline
11104870	2023			correct_baseline
11104870	2024			correct_baseline
11162940	2022	1	0.9341100881518503	correct_baseline
11162940	2023	1	0.9334301938447258	correct_baseline
11162940	2024	1	0.9327413157678688	correct_baseline
11742641	2022			correct_baseline
11742641	2023			correct_baseline
11742641	2024			correct_baseline
11921804	2022			correct_baseline
11921804	2023			correct_baseline
11921804	2024			correct_baseline
12187916	2022	1	0.7710791752254879	correct_baseline
12187916	2023	1	0.7596664343111973	correct_baseline
12187916	2024	1	0.7482628010030251	correct_baseline
