taxonKey	year	em_status	growth	method
1017419	2022			correct_baseline
1017419	2023			correct_baseline
1017419	2024			correct_baseline
1031394	2022	1	0.6358664684139567	correct_baseline
1031394	2023	1	0.46183461354679756	correct_baseline
1031394	2024	1	0.3249759685176528	correct_baseline
1031400	2022			correct_baseline
1031400	2023			correct_baseline
1031400	2024			correct_baseline
1031684	2022			correct_baseline
1031684	2023			correct_baseline
1031684	2024			correct_baseline
1031742	2022			correct_baseline
1031742	2023			correct_baseline
1031742	2024			correct_baseline
1047536	2022	3	1.1967788791539276	correct_baseline
1047536	2023	3	1.1554054291745177	correct_baseline
1047536	2024	3	1.1130558944124087	correct_baseline
1095946	2022			correct_baseline
1095946	2023			correct_baseline
1095946	2024			correct_baseline
1309600	2022	0	0.5708251684136373	correct_baseline
1309600	2023	0	0.48154484104930617	correct_baseline
1309600	2024	0	0.4021829577679783	correct_baseline
1309652	2022	1	0.7264324671714337	correct_baseline
1309652	2023	1	0.8650581964366048	correct_baseline
1309652	2024	1	0.8294656350561971	correct_baseline
1311477	2022	2	2.121069015815486	correct_baseline
1311477	2023	2	1.7120401737187918	correct_baseline
1311477	2024	2	1.3426203588625465	correct_baseline
1346919	2022			correct_baseline
1346919	2023			correct_baseline
1346919	2024			correct_baseline
1411953	2022			correct_baseline
1411953	2023			correct_baseline
1411953	2024			correct_baseline
1421091	2022	3	1.0161951910680578	correct_baseline
1421091	2023	1	0.9729985036390658	correct_baseline
1421091	2024	1	0.9301477883299112	correct_baseline
1577153	2022			correct_baseline
1577153	2023			correct_baseline
1577153	2024			correct_baseline
1579447	2022			correct_baseline
1579447	2023			correct_baseline
1579447	2024			correct_baseline
1622599	2022			correct_baseline
1622599	2023			correct_baseline
1622599	2024			correct_baseline
1622658	2022			correct_baseline
1622658	2023			correct_baseline
1622658	2024			correct_baseline
1626096	2022			correct_baseline
1626096	2023			correct_baseline
1626096	2024			correct_baseline
1690429	2022	1	0.8870064616472126	correct_baseline
1690429	2023	1	0.8725421064789274	correct_baseline
1690429	2024	1	0.8582261728942854	correct_baseline
1718308	2022	3	1.0788313856897105	correct_baseline
1718308	2023	3	1.0831826429643836	correct_baseline
1718308	2024	3	1.087514880588954	correct_baseline
1737131	2022			correct_baseline
1737131	2023			correct_baseline
1737131	2024			correct_baseline
1749449	2022			correct_baseline
1749449	2023			correct_baseline
1749449	2024			correct_baseline
1749580	2022			correct_baseline
1749580	2023			correct_baseline
1749580	2024			correct_baseline
1751299	2022			correct_baseline
1751299	2023			correct_baseline
1751299	2024			correct_baseline
1852787	2022			correct_baseline
1852787	2023			correct_baseline
1852787	2024			correct_baseline
1852831	2022			correct_baseline
1852831	2023			correct_baseline
1852831	2024			correct_baseline
1920491	2022			correct_baseline
1920491	2023			correct_baseline
1920491	2024			correct_baseline
1941864	2022			correct_baseline
1941864	2023			correct_baseline
1941864	2024			correct_baseline
1997215	2022			correct_baseline
1997215	2023			correct_baseline
1997215	2024			correct_baseline
2000204	2022			correct_baseline
2000204	2023			correct_baseline
2000204	2024			correct_baseline
2008616	2022			correct_baseline
2008616	2023			correct_baseline
2008616	2024			correct_baseline
2020655	2022	3	1.3396908677145627	correct_baseline
2020655	2023	3	1.2982917490253578	correct_baseline
2020655	2024	3	1.2535906617292343	correct_baseline
2020686	2022			correct_baseline
2020686	2023			correct_baseline
2020686	2024			correct_baseline
2029273	2022			correct_baseline
2029273	2023			correct_baseline
2029273	2024			correct_baseline
2037925	2022	2	1.4417471057020703	correct_baseline
2037925	2023	2	1.2971974652436227	correct_baseline
2037925	2024	2	1.1325768573255528	correct_baseline
2038171	2022			correct_baseline
2038171	2023			correct_baseline
2038171	2024			correct_baseline
2041682	2022	2	1.012860249625061	correct_baseline
2041682	2023	0	0.9719013956419598	correct_baseline
2041682	2024	0	0.9322900699954282	correct_baseline
2049661	2022			correct_baseline
2049661	2023			correct_baseline
2049661	2024			correct_baseline
2077985	2022			correct_baseline
2077985	2023			correct_baseline
2077985	2024			correct_baseline
2078852	2022			correct_baseline
2078852	2023			correct_baseline
2078852	2024			correct_baseline
2095283	2022			correct_baseline
2095283	2023			correct_baseline
2095283	2024			correct_baseline
2115769	2022	1	0.8756233644482047	basic
2115769	2023	1	0.831073546234253	basic
2115769	2024	1	0.7883593605700905	basic
2142456	2022	1	0.7407924778583223	correct_baseline
2142456	2023	1	0.7092695157738647	correct_baseline
2142456	2024	1	0.6785455184157433	correct_baseline
2149679	2022			correct_baseline
2149679	2023			correct_baseline
2149679	2024			correct_baseline
2153287	2022			correct_baseline
2153287	2023			correct_baseline
2153287	2024			correct_baseline
2157203	2022			correct_baseline
2157203	2023			correct_baseline
2157203	2024			correct_baseline
2157245	2022	0	0.5865003407983708	correct_baseline
2157245	2023	0	0.5350068671335153	correct_baseline
2157245	2024	0	0.48737937027983863	correct_baseline
2169430	2022			correct_baseline
2169430	2023			correct_baseline
2169430	2024			correct_baseline
2174528	2022			correct_baseline
2174528	2023			correct_baseline
2174528	2024			correct_baseline
2176858	2022			correct_baseline
2176858	2023			correct_baseline
2176858	2024			correct_baseline
2177741	2022			correct_baseline
2177741	2023			correct_baseline
2177741	2024			correct_baseline
2211599	2022			correct_baseline
2211599	2023			correct_baseline
2211599	2024			correct_baseline
2217982	2022	3	1.5369856032693157	correct_baseline
2217982	2023	3	1.7980449667103406	correct_baseline
2217982	2024	3	2.1022007811210868	correct_baseline
2220347	2022			correct_baseline
2220347	2023			correct_baseline
2220347	2024			correct_baseline
2225772	2022	3	1.211242315382223	correct_baseline
2225772	2023	3	1.202179622590131	correct_baseline
2225772	2024	3	1.1924114286082779	correct_baseline
2225776	2022	3	1.1240021460237208	correct_baseline
2225776	2023	3	1.1449728874498049	correct_baseline
2225776	2024	3	1.1660311910837433	correct_baseline
2227289	2022			correct_baseline
2227289	2023			correct_baseline
2227289	2024			correct_baseline
2227300	2022	3	1.3291658754558517	correct_baseline
2227300	2023	3	1.3361499417050497	correct_baseline
2227300	2024	3	1.3426696490173327	correct_baseline
2227663	2022	1	0.9923109282080761	correct_baseline
2227663	2023	1	0.9981723291102671	correct_baseline
2227663	2024	1	1.0039214133236103	correct_baseline
2286388	2022			correct_baseline
2286388	2023			correct_baseline
2286388	2024			correct_baseline
2287072	2022	0	0.7286705973377153	correct_baseline
2287072	2023	0	0.7117877541554771	correct_baseline
2287072	2024	0	0.6952785577961986	correct_baseline
2288926	2022			correct_baseline
2288926	2023			correct_baseline
2288926	2024			correct_baseline
2294277	2022	1	0.9098523093233671	correct_baseline
2294277	2023	1	0.8816474694207012	correct_baseline
2294277	2024	1	0.853566270678488	correct_baseline
2295442	2022	1	0.9852944468016199	correct_baseline
2295442	2023	1	0.9805407877617475	correct_baseline
2295442	2024	1	0.9745884576340377	correct_baseline
2296807	2022			correct_baseline
2296807	2023			correct_baseline
2296807	2024			correct_baseline
2297108	2022			correct_baseline
2297108	2023			correct_baseline
2297108	2024			correct_baseline
2320810	2022			correct_baseline
2320810	2023			correct_baseline
2320810	2024			correct_baseline
2327735	2022	1	0.873167352469938	correct_baseline
2327735	2023	1	0.7616922641240227	correct_baseline
2327735	2024	1	0.6578523324054174	correct_baseline
2337607	2022	0	0.6462957639752699	basic
2337607	2023	0	0.5924800273304877	basic
2337607	2024	0	0.5423916233540959	basic
2362030	2022	3	1.0285137346460411	basic
2362030	2023	3	1.0244530334251136	basic
2362030	2024	3	1.0202832120943826	basic
2362868	2022	1	0.9370638229216706	basic
2362868	2023	1	0.9267635876947705	basic
2362868	2024	1	0.9163783555700912	basic
2366634	2022	1	0.9309617307474916	basic
2366634	2023	1	0.9210516478069231	basic
2366634	2024	1	0.9109839870541159	basic
2367911	2022			basic
2367911	2023			basic
2367911	2024			basic
2379089	2022	1	0.9127970435984304	basic
2379089	2023	1	0.8387645996684411	basic
2379089	2024	1	0.7597746991834075	basic
2379245	2022			basic
2379245	2023			basic
2379245	2024			basic
2382155	2022	1	0.9262185100358512	basic
2382155	2023	1	0.9168863236366219	basic
2382155	2024	1	0.9074837690579809	basic
2394486	2022	3	1.0753581743486704	basic
2394486	2023	3	1.075226028212814	basic
2394486	2024	3	1.0747815459841181	basic
2426640	2022	0	0.11648816935032223	correct_baseline
2426640	2023	0	0.09897151785926264	correct_baseline
2426640	2024	0	0.08407887152660211	correct_baseline
2426661	2022	3	1.2004739754469105	correct_baseline
2426661	2023	3	1.2539106506910875	correct_baseline
2426661	2024	3	1.3082248717811629	correct_baseline
2427091	2022	1	0.7085816897006962	correct_baseline
2427091	2023	1	0.688456800452237	correct_baseline
2427091	2024	1	0.668642551837763	correct_baseline
2435035	2022	1	0.9850677625376996	correct_baseline
2435035	2023	1	0.9394963351837262	correct_baseline
2435035	2024	1	0.8939066648317471	correct_baseline
2436940	2022	3	1.402266218945386	correct_baseline
2436940	2023	3	1.4337511548808557	correct_baseline
2436940	2024	3	1.4656689971136492	correct_baseline
2437450	2022	1	1.0031574623169204	correct_baseline
2437450	2023	1	0.995206204400053	correct_baseline
2437450	2024	1	0.9871706877690163	correct_baseline
2437619	2022			correct_baseline
2437619	2023			correct_baseline
2437619	2024			correct_baseline
2439261	2022	3	1.5500841971497843	correct_baseline
2439261	2023	3	1.5786941882540937	correct_baseline
2439261	2024	3	1.6074776262369739	correct_baseline
2439270	2022	1	0.9084836768363365	correct_baseline
2439270	2023	1	0.9073092536088387	correct_baseline
2439270	2024	1	0.9061132447044635	correct_baseline
2440946	2022			correct_baseline
2440946	2023			correct_baseline
2440946	2024			correct_baseline
2440954	2022			correct_baseline
2440954	2023			correct_baseline
2440954	2024			correct_baseline
2443002	2022			correct_baseline
2443002	2023			correct_baseline
2443002	2024			correct_baseline
2473341	2022	1	1.0007952984797976	correct_baseline
2473341	2023	1	1.0004756973418576	correct_baseline
2473341	2024	1	0.9997113806193993	correct_baseline
2473477	2022			correct_baseline
2473477	2023			correct_baseline
2473477	2024			correct_baseline
2474416	2022			correct_baseline
2474416	2023			correct_baseline
2474416	2024			correct_baseline
2475648	2022			correct_baseline
2475648	2023			correct_baseline
2475648	2024			correct_baseline
2479226	2022	3	1.0692770125222835	correct_baseline
2479226	2023	3	1.0603250022361426	correct_baseline
2479226	2024	3	1.0513642444957914	correct_baseline
2479311	2022			correct_baseline
2479311	2023			correct_baseline
2479311	2024			correct_baseline
2479329	2022			correct_baseline
2479329	2023			correct_baseline
2479329	2024			correct_baseline
2479407	2022			correct_baseline
2479407	2023			correct_baseline
2479407	2024			correct_baseline
2479798	2022	1	0.9396114500120849	correct_baseline
2479798	2023	1	0.9242080384532712	correct_baseline
2479798	2024	1	0.9088877662729843	correct_baseline
2480372	2022			correct_baseline
2480372	2023			correct_baseline
2480372	2024			correct_baseline
2480410	2022			correct_baseline
2480410	2023			correct_baseline
2480410	2024			correct_baseline
2480491	2022	1	0.8410635554625708	correct_baseline
2480491	2023	1	0.8277736994125022	correct_baseline
2480491	2024	1	0.8144986353202528	correct_baseline
2480685	2022	3	1.0615245111049119	correct_baseline
2480685	2023	3	1.077815989328796	correct_baseline
2480685	2024	3	1.0941276813250889	correct_baseline
2480764	2022	1	0.9129908556615153	correct_baseline
2480764	2023	1	0.9018584749453128	correct_baseline
2480764	2024	1	0.890564821831348	correct_baseline
2480773	2022	3	1.0236888947135823	correct_baseline
2480773	2023	3	1.0256500173602296	correct_baseline
2480773	2024	3	1.027385699205867	correct_baseline
2480906	2022	1	0.9972737305671941	correct_baseline
2480906	2023	1	0.9980981070272701	correct_baseline
2480906	2024	1	0.9987487767597774	correct_baseline
2481062	2022	1	0.923387532683088	correct_baseline
2481062	2023	1	0.9197318047895441	correct_baseline
2481062	2024	1	0.9160153281346854	correct_baseline
2481263	2022	1	0.8366857928806943	correct_baseline
2481263	2023	1	0.8331337044626032	correct_baseline
2481263	2024	1	0.829495129659588	correct_baseline
2481703	2022	0	0.6296824600464556	correct_baseline
2481703	2023	0	0.6105546544125894	correct_baseline
2481703	2024	0	0.5919621420148893	correct_baseline
2481719	2022	0	0.70900586540863475	correct_baseline
2481719	2023	0	0.6829168975374552	correct_baseline
2481719	2024	0	0.6575665930592773	correct_baseline
2481744	2022	0	0.7224944305590709	correct_baseline
2481744	2023	0	0.7027088100409321	correct_baseline
2481744	2024	0	0.683172474312832	correct_baseline
2481959	2022	1	0.8916040193408808	correct_baseline
2481959	2023	1	0.8806772039205993	correct_baseline
2481959	2024	1	0.869752184595606	correct_baseline
2481962	2022	0	0.8368807501770406	correct_baseline
2481962	2023	0	0.8300680448361223	correct_baseline
2481962	2024	0	0.8232352037915178	correct_baseline
2486132	2022			correct_baseline
2486132	2023			correct_baseline
2486132	2024			correct_baseline
2492867	2022	0	0.8235800071021983	correct_baseline
2492867	2023	0	0.8206352947586785	correct_baseline
2492867	2024	1	0.8176165996691726	correct_baseline
2493633	2022			correct_baseline
2493633	2023			correct_baseline
2493633	2024			correct_baseline
2494303	2022	1	0.9975848176124854	correct_baseline
2494303	2023	1	0.9793571348999127	correct_baseline
2494303	2024	1	0.9612200645662635	correct_baseline
2495414	2022	3	1.1382125848784301	correct_baseline
2495414	2023	3	1.1263224830234688	correct_baseline
2495414	2024	3	1.1143419792272236	correct_baseline
2498015	2022	0	0.9253809338379788	correct_baseline
2498015	2023	0	0.9053000685076817	correct_baseline
2498015	2024	0	0.8855768438907768	correct_baseline
2498026	2022	0	0.6805764490263307	correct_baseline
2498026	2023	0	0.6507767500389072	correct_baseline
2498026	2024	0	0.6220905778209675	correct_baseline
2498034	2022	1	0.819234472494369	correct_baseline
2498034	2023	1	0.7789460216134486	correct_baseline
2498034	2024	1	0.7396419867675156	correct_baseline
2498035	2022	1	0.995232452161829	correct_baseline
2498035	2023	1	0.985609127460414	correct_baseline
2498035	2024	1	0.9760075434097129	correct_baseline
2498046	2022	1	0.9926259746938564	correct_baseline
2498046	2023	1	0.988343579311251	correct_baseline
2498046	2024	1	0.9839883278111868	correct_baseline
2498090	2022			correct_baseline
2498090	2023			correct_baseline
2498090	2024			correct_baseline
2498161	2022	3	1.1587977376756995	correct_baseline
2498161	2023	3	1.1631478962212636	correct_baseline
2498161	2024	3	1.164743290880576	correct_baseline
2498163	2022			correct_baseline
2498163	2023			correct_baseline
2498163	2024			correct_baseline
2498167	2022	1	0.910884043928072	correct_baseline
2498167	2023	1	0.9083610263945081	correct_baseline
2498167	2024	1	0.9057747967373321	correct_baseline
2498252	2022	3	1.025259928092832	correct_baseline
2498252	2023	3	1.0185511110067114	correct_baseline
2498252	2024	3	1.011838722024818	correct_baseline
2498259	2022	0	0.8537064487171246	correct_baseline
2498259	2023	0	0.8447342669220852	correct_baseline
2498259	2024	0	0.8358099764422966	correct_baseline
2498305	2022	0	0.8543685253653592	correct_baseline
2498305	2023	0	0.8450189487425506	correct_baseline
2498305	2024	0	0.8356660683426078	correct_baseline
2498329	2022	1	0.9487803856649146	correct_baseline
2498329	2023	1	0.9490260110213028	correct_baseline
2498329	2024	1	0.9484388497240773	correct_baseline
2498344	2022	3	1.048943421310309	correct_baseline
2498344	2023	3	1.0500138638381018	correct_baseline
2498344	2024	3	1.051051085171942	correct_baseline
2498384	2022	3	1.0133949925791352	correct_baseline
2498384	2023	1	1.00748476041087	correct_baseline
2498384	2024	1	1.0015223650092029	correct_baseline
2498387	2022	3	1.0501067586929356	correct_baseline
2498387	2023	3	1.0483144234612665	correct_baseline
2498387	2024	3	1.0464720966455927	correct_baseline
2498388	2022	1	1.0081329761291467	correct_baseline
2498388	2023	1	1.002706725703799	correct_baseline
2498388	2024	1	0.9972833293007745	correct_baseline
2498402	2022	1	0.9187668866962956	correct_baseline
2498402	2023	1	0.9020950402965707	correct_baseline
2498402	2024	1	0.8855734369116056	correct_baseline
2498408	2022	1	0.9285801157997369	correct_baseline
2498408	2023	1	0.9250428005305023	correct_baseline
2498408	2024	1	0.9214275624851042	correct_baseline
2501248	2022			correct_baseline
2501248	2023			correct_baseline
2501248	2024			correct_baseline
2516075	2022	0	0.8134649967853604	correct_baseline
2516075	2023	0	0.7997677900363741	correct_baseline
2516075	2024	0	0.7862400123161979	correct_baseline
2537743	2022			correct_baseline
2537743	2023			correct_baseline
2537743	2024			correct_baseline
2598552	2022			correct_baseline
2598552	2023			correct_baseline
2598552	2024			correct_baseline
2650107	2022	3	1.1313297578141714	correct_baseline
2650107	2023	3	1.1354416531047253	correct_baseline
2650107	2024	3	1.1395561936171354	correct_baseline
2650827	2022	1	0.9084537197603388	correct_baseline
2650827	2023	1	0.8532107807062639	correct_baseline
2650827	2024	1	0.79551794568801	correct_baseline
2650903	2022	1	0.633246835981831	correct_baseline
2650903	2023	1	0.5776047175380897	correct_baseline
2650903	2024	1	0.5264714383143777	correct_baseline
2651122	2022			correct_baseline
2651122	2023			correct_baseline
2651122	2024			correct_baseline
2651826	2022			correct_baseline
2651826	2023			correct_baseline
2651826	2024			correct_baseline
2677047	2022	3	1.035581674988393	correct_baseline
2677047	2023	3	1.0366528486843725	correct_baseline
2677047	2024	3	1.0377218223333553	correct_baseline
2683866	2022	3	1.143386046299707	correct_baseline
2683866	2023	3	1.185308024152726	correct_baseline
2683866	2024	3	1.226925042579606	correct_baseline
2684171	2022	3	1.0827047147082307	correct_baseline
2684171	2023	3	1.174851127683665	correct_baseline
2684171	2024	3	1.2683099117441727	correct_baseline
2685361	2022	1	0.9639783485952834	correct_baseline
2685361	2023	1	0.9646937483566026	correct_baseline
2685361	2024	1	0.9653323438135155	correct_baseline
2685484	2022			correct_baseline
2685484	2023			correct_baseline
2685484	2024			correct_baseline
2685796	2022	1	0.9016491727235454	correct_baseline
2685796	2023	1	0.8893989952038307	correct_baseline
2685796	2024	1	0.8770710303465246	correct_baseline
2686157	2022	0	0.7646417197662518	correct_baseline
2686157	2023	0	0.747126267733554	correct_baseline
2686157	2024	0	0.7298642074011982	correct_baseline
2686212	2022	1	0.8398620648081376	correct_baseline
2686212	2023	1	0.8296392862606585	correct_baseline
2686212	2024	1	0.819432863781546	correct_baseline
2687210	2022	1	0.9529041233725957	correct_baseline
2687210	2023	1	0.9371290876827062	correct_baseline
2687210	2024	1	0.9210485171466961	correct_baseline
2701578	2022	1	0.9504230183164286	correct_baseline
2701578	2023	1	0.9504203570098958	correct_baseline
2701578	2024	1	0.9499135332984514	correct_baseline
2701612	2022			correct_baseline
2701612	2023			correct_baseline
2701612	2024			correct_baseline
2701879	2022			correct_baseline
2701879	2023			correct_baseline
2701879	2024			correct_baseline
2701986	2022	3	1.089223619556323	correct_baseline
2701986	2023	3	1.0939252083692192	correct_baseline
2701986	2024	3	1.0986352857314179	correct_baseline
2702058	2022	1	0.857835241962408	correct_baseline
2702058	2023	1	0.7917204368543904	correct_baseline
2702058	2024	1	0.7236093552283217	correct_baseline
2702084	2022	3	1.1033266223462397	correct_baseline
2702084	2023	3	1.1071038877835448	correct_baseline
2702084	2024	3	1.1108220897934875	correct_baseline
2702727	2022	1	0.9867393521616443	correct_baseline
2702727	2023	1	0.9835342119692947	correct_baseline
2702727	2024	1	0.9802224843001771	correct_baseline
2702792	2022			correct_baseline
2702792	2023			correct_baseline
2702792	2024			correct_baseline
2702808	2022	3	1.2373249132759596	correct_baseline
2702808	2023	3	1.263741921280576	correct_baseline
2702808	2024	3	1.2906374839622403	correct_baseline
2702816	2022	1	0.9256880908299947	correct_baseline
2702816	2023	1	0.9067022869544473	correct_baseline
2702816	2024	1	0.8877361560661011	correct_baseline
2703698	2022	0	0.562125389874143	correct_baseline
2703698	2023	0	0.49663481991791925	correct_baseline
2703698	2024	0	0.4383276301079953	correct_baseline
2703721	2022			correct_baseline
2703721	2023			correct_baseline
2703721	2024			correct_baseline
2703723	2022			correct_baseline
2703723	2023			correct_baseline
2703723	2024			correct_baseline
2703760	2022	3	1.0167039078001587	correct_baseline
2703760	2023	3	1.014388538043205	correct_baseline
2703760	2024	3	1.0120590788342607	correct_baseline
2704194	2022			correct_baseline
2704194	2023			correct_baseline
2704194	2024			correct_baseline
2704523	2022			correct_baseline
2704523	2023			correct_baseline
2704523	2024			correct_baseline
2704757	2022			correct_baseline
2704757	2023			correct_baseline
2704757	2024			correct_baseline
2704949	2022	3	1.019634453453995	correct_baseline
2704949	2023	3	1.016391700347903	correct_baseline
2704949	2024	3	1.0131227489191852	correct_baseline
2705081	2022			correct_baseline
2705081	2023			correct_baseline
2705081	2024			correct_baseline
2705090	2022	3	1.1313148540374978	correct_baseline
2705090	2023	3	1.1361914354392542	correct_baseline
2705090	2024	3	1.1408923241478373	correct_baseline
2705144	2022	1	0.9965576264538817	correct_baseline
2705144	2023	1	0.9914834246819437	correct_baseline
2705144	2024	1	0.98615444165129	correct_baseline
2705162	2022	3	1.0164721669232677	correct_baseline
2705162	2023	3	1.0163380723800541	correct_baseline
2705162	2024	3	1.0159840021533928	correct_baseline
2705181	2022	3	1.2055697583653264	correct_baseline
2705181	2023	3	1.2198417662865755	correct_baseline
2705181	2024	3	1.2341756627647513	correct_baseline
2705185	2022	3	1.1243529774876195	correct_baseline
2705185	2023	3	1.1322063820377672	correct_baseline
2705185	2024	3	1.1400975287210937	correct_baseline
2705290	2022	3	1.1374294871782586	correct_baseline
2705290	2023	3	1.142274426742969	correct_baseline
2705290	2024	3	1.1470997950704724	correct_baseline
2705378	2022	1	0.866668742252395	correct_baseline
2705378	2023	1	0.8603389095669314	correct_baseline
2705378	2024	1	0.8539045023312911	correct_baseline
2705400	2022	0	0.9059902037164957	correct_baseline
2705400	2023	0	0.8824129765405111	correct_baseline
2705400	2024	0	0.8593563761428445	correct_baseline
2705401	2022	1	0.9706037488975819	correct_baseline
2705401	2023	1	0.9659543088102713	correct_baseline
2705401	2024	1	0.9612933810896453	correct_baseline
2705449	2022	3	1.055602512851266	correct_baseline
2705449	2023	3	1.0565744191349455	correct_baseline
2705449	2024	3	1.0575349870806316	correct_baseline
2705953	2022	1	0.9351935910070015	correct_baseline
2705953	2023	1	0.9311521401164988	correct_baseline
2705953	2024	1	0.92688677568118	correct_baseline
2705966	2022	1	1.001472270533852	correct_baseline
2705966	2023	1	1.0021987859531116	correct_baseline
2705966	2024	1	1.0026262983923253	correct_baseline
2705972	2022	3	1.0326252880200542	correct_baseline
2705972	2023	3	1.0316471238271683	correct_baseline
2705972	2024	3	1.0305362264098414	correct_baseline
2706026	2022			correct_baseline
2706026	2023			correct_baseline
2706026	2024			correct_baseline
2706056	2022	1	0.8837939911905438	correct_baseline
2706056	2023	1	0.8248175657559522	correct_baseline
2706056	2024	1	0.7693353079015066	correct_baseline
2715482	2022	3	1.2765738796710102	correct_baseline
2715482	2023	3	1.2843610434144312	correct_baseline
2715482	2024	3	1.2919565235209076	correct_baseline
2716226	2022	3	1.2497372511896907	correct_baseline
2716226	2023	3	1.2595587245664444	correct_baseline
2716226	2024	3	1.2694105847465287	correct_baseline
2717467	2022	1	0.7774463805885586	correct_baseline
2717467	2023	1	0.755983863706193	correct_baseline
2717467	2024	1	0.714638318523212	correct_baseline
2718377	2022			correct_baseline
2718377	2023			correct_baseline
2718377	2024			correct_baseline
2722515	2022			correct_baseline
2722515	2023			correct_baseline
2722515	2024			correct_baseline
2726538	2022			correct_baseline
2726538	2023			correct_baseline
2726538	2024			correct_baseline
2739071	2022			correct_baseline
2739071	2023			correct_baseline
2739071	2024			correct_baseline
2747564	2022	3	1.3593965858141077	correct_baseline
2747564	2023	3	1.374203367647295	correct_baseline
2747564	2024	3	1.3887119204170788	correct_baseline
2747567	2022	3	1.2567643335045082	correct_baseline
2747567	2023	3	1.272718011005107	correct_baseline
2747567	2024	3	1.288648067461323	correct_baseline
2747750	2022			correct_baseline
2747750	2023			correct_baseline
2747750	2024			correct_baseline
2747939	2022	3	1.5089377855876247	correct_baseline
2747939	2023	3	1.6086072975736494	correct_baseline
2747939	2024	3	1.714007625588794	correct_baseline
2765272	2022	3	1.2069642675108887	correct_baseline
2765272	2023	3	1.215324164516739	correct_baseline
2765272	2024	3	1.2236091574677839	correct_baseline
2766030	2022	3	1.093118828619614	correct_baseline
2766030	2023	3	1.088653754712052	correct_baseline
2766030	2024	3	1.0838706773434899	correct_baseline
2767271	2022			correct_baseline
2767271	2023			correct_baseline
2767271	2024			correct_baseline
2767275	2022			correct_baseline
2767275	2023			correct_baseline
2767275	2024			correct_baseline
2767428	2022			correct_baseline
2767428	2023			correct_baseline
2767428	2024			correct_baseline
2772082	2022			correct_baseline
2772082	2023			correct_baseline
2772082	2024			correct_baseline
2772174	2022	1	0.9365237523478055	correct_baseline
2772174	2023	1	0.9294948496750093	correct_baseline
2772174	2024	1	0.9224452172840909	correct_baseline
2772666	2022	3	1.1842858448571831	correct_baseline
2772666	2023	3	1.193760927425108	correct_baseline
2772666	2024	3	1.2032110405131615	correct_baseline
2773281	2022			correct_baseline
2773281	2023			correct_baseline
2773281	2024			correct_baseline
2773453	2022			correct_baseline
2773453	2023			correct_baseline
2773453	2024			correct_baseline
2775530	2022	0	0.5588115274394351	correct_baseline
2775530	2023	0	0.47133823614949305	correct_baseline
2775530	2024	0	0.3956754539997121	correct_baseline
2775619	2022	1	0.9922938231548541	correct_baseline
2775619	2023	1	0.9586175189889085	correct_baseline
2775619	2024	1	0.9252369358107745	correct_baseline
2781074	2022	3	1.1748388858884304	correct_baseline
2781074	2023	3	1.1812264057330037	correct_baseline
2781074	2024	3	1.1875542539228447	correct_baseline
2781103	2022			correct_baseline
2781103	2023			correct_baseline
2781103	2024			correct_baseline
2840931	2022	3	1.0310529999989237	correct_baseline
2840931	2023	3	1.0385045459072992	correct_baseline
2840931	2024	3	1.0457257179966106	correct_baseline
2855356	2022	3	1.2082850098731477	correct_baseline
2855356	2023	3	1.2154879509068635	correct_baseline
2855356	2024	3	1.2225927386514417	correct_baseline
2855398	2022			correct_baseline
2855398	2023			correct_baseline
2855398	2024			correct_baseline
2855439	2022			correct_baseline
2855439	2023			correct_baseline
2855439	2024			correct_baseline
2855705	2022			correct_baseline
2855705	2023			correct_baseline
2855705	2024			correct_baseline
2855860	2022	3	1.0963616507876341	correct_baseline
2855860	2023	3	1.0996164425087556	correct_baseline
2855860	2024	3	1.1028481304549176	correct_baseline
2855893	2022			correct_baseline
2855893	2023			correct_baseline
2855893	2024			correct_baseline
2856780	2022			correct_baseline
2856780	2023			correct_baseline
2856780	2024			correct_baseline
2856920	2022			correct_baseline
2856920	2023			correct_baseline
2856920	2024			correct_baseline
2857017	2022			correct_baseline
2857017	2023			correct_baseline
2857017	2024			correct_baseline
2858581	2022	1	0.9716601536337305	correct_baseline
2858581	2023	1	0.9692117411673139	correct_baseline
2858581	2024	1	0.9666974590399277	correct_baseline
2859597	2022			correct_baseline
2859597	2023			correct_baseline
2859597	2024			correct_baseline
2865448	2022	1	0.8641624960633113	correct_baseline
2865448	2023	1	0.8612851054052552	correct_baseline
2865448	2024	1	0.8583218871668492	correct_baseline
2865565	2022	2	0.9880403801239844	correct_baseline
2865565	2023	2	1.0005303370608558	correct_baseline
2865565	2024	3	1.0127218359527792	correct_baseline
2867614	2022	1	0.9190092707989247	correct_baseline
2867614	2023	1	0.895871614717422	correct_baseline
2867614	2024	1	0.8730508465040269	correct_baseline
2867631	2022	0	0.6909699861200918	correct_baseline
2867631	2023	0	0.5406005815244833	correct_baseline
2867631	2024	0	0.4175501887785617	correct_baseline
2869311	2022	1	0.8538496736994652	correct_baseline
2869311	2023	1	0.8083133297292807	correct_baseline
2869311	2024	1	0.7647985264597356	correct_baseline
2869597	2022			correct_baseline
2869597	2023			correct_baseline
2869597	2024			correct_baseline
2873769	2022	3	1.0625666649170833	correct_baseline
2873769	2023	3	1.0654248158034298	correct_baseline
2873769	2024	3	1.068281475164473	correct_baseline
2873861	2022	3	1.2678083793277302	correct_baseline
2873861	2023	3	1.2861374330747384	correct_baseline
2873861	2024	3	1.304258280503948	correct_baseline
2873877	2022	1	0.7530041251820517	correct_baseline
2873877	2023	1	0.6304505487885309	correct_baseline
2873877	2024	1	0.521618076963823	correct_baseline
2873926	2022			correct_baseline
2873926	2023			correct_baseline
2873926	2024			correct_baseline
2873991	2022	1	0.9783694897709758	correct_baseline
2873991	2023	1	0.9772359421786976	correct_baseline
2873991	2024	1	0.9760399156679881	correct_baseline
2874508	2022			correct_baseline
2874508	2023			correct_baseline
2874508	2024			correct_baseline
2874570	2022			correct_baseline
2874570	2023			correct_baseline
2874570	2024			correct_baseline
2875968	2022			correct_baseline
2875968	2023			correct_baseline
2875968	2024			correct_baseline
2876049	2022	3	1.033497927077044	correct_baseline
2876049	2023	3	1.035076136168202	correct_baseline
2876049	2024	3	1.0357838965261092	correct_baseline
2876607	2022	3	1.1290391839798324	correct_baseline
2876607	2023	3	1.1337710681255184	correct_baseline
2876607	2024	3	1.1383551681934432	correct_baseline
2879098	2022	0	1.004496957269567	correct_baseline
2879098	2023	0	0.7448798156252792	correct_baseline
2879098	2024	0	0.5323967998179645	correct_baseline
2879520	2022			correct_baseline
2879520	2023			correct_baseline
2879520	2024			correct_baseline
2880539	2022	3	1.1976285851525135	correct_baseline
2880539	2023	3	1.211502636250601	correct_baseline
2880539	2024	3	1.2253042006629298	correct_baseline
2880580	2022			correct_baseline
2880580	2023			correct_baseline
2880580	2024			correct_baseline
2882849	2022	3	1.0360391494777048	correct_baseline
2882849	2023	3	1.0183879806943075	correct_baseline
2882849	2024	1	1.0003543879540011	correct_baseline
2888323	2022			correct_baseline
2888323	2023			correct_baseline
2888323	2024			correct_baseline
2888380	2022	0	0.651925308846643	correct_baseline
2888380	2023	0	0.45351311024052054	correct_baseline
2888380	2024	0	0.3050149140325072	correct_baseline
2888435	2022			correct_baseline
2888435	2023			correct_baseline
2888435	2024			correct_baseline
2888437	2022			correct_baseline
2888437	2023			correct_baseline
2888437	2024			correct_baseline
2888439	2022	3	1.2313750186556525	correct_baseline
2888439	2023	3	1.2272450537270054	correct_baseline
2888439	2024	3	1.222575485035998	correct_baseline
2888513	2022	3	1.119502678927393	correct_baseline
2888513	2023	3	1.12363254560547	correct_baseline
2888513	2024	3	1.127406076753299	correct_baseline
2888553	2022	1	0.8892156794892974	correct_baseline
2888553	2023	1	0.8799492661609275	correct_baseline
2888553	2024	1	0.8703131125456659	correct_baseline
2888579	2022			correct_baseline
2888579	2023			correct_baseline
2888579	2024			correct_baseline
2888585	2022			correct_baseline
2888585	2023			correct_baseline
2888585	2024			correct_baseline
2888625	2022	3	1.1301047785767804	correct_baseline
2888625	2023	3	1.1367048495025098	correct_baseline
2888625	2024	3	1.142658623005775	correct_baseline
2888740	2022	3	1.2061139807942263	correct_baseline
2888740	2023	3	1.206085995719998	correct_baseline
2888740	2024	3	1.205671247085805	correct_baseline
2888797	2022			correct_baseline
2888797	2023			correct_baseline
2888797	2024			correct_baseline
2888814	2022			correct_baseline
2888814	2023			correct_baseline
2888814	2024			correct_baseline
2888867	2022			correct_baseline
2888867	2023			correct_baseline
2888867	2024			correct_baseline
2889019	2022	1	0.8896647973300735	correct_baseline
2889019	2023	1	0.884469705828411	correct_baseline
2889019	2024	1	0.8789667096083366	correct_baseline
2889088	2022	3	1.0385342479695054	correct_baseline
2889088	2023	3	1.0399836823396988	correct_baseline
2889088	2024	3	1.041416595755584	correct_baseline
2889173	2022	3	1.1646585323421663	correct_baseline
2889173	2023	3	1.168284309359035	correct_baseline
2889173	2024	3	1.1718228790496228	correct_baseline
2889229	2022			correct_baseline
2889229	2023			correct_baseline
2889229	2024			correct_baseline
2889373	2022	3	1.2993574317277834	correct_baseline
2889373	2023	3	1.3097540385575062	correct_baseline
2889373	2024	3	1.320181318385454	correct_baseline
2889934	2022	3	1.1247209739898993	correct_baseline
2889934	2023	3	1.1324503130777268	correct_baseline
2889934	2024	3	1.1399229304096428	correct_baseline
2890035	2022	0	0.8464524226213902	correct_baseline
2890035	2023	0	0.6857130124979366	correct_baseline
2890035	2024	0	0.5480649339392956	correct_baseline
2890122	2022	3	1.2919834978346882	correct_baseline
2890122	2023	3	1.3092714334541333	correct_baseline
2890122	2024	3	1.326541194416476	correct_baseline
2890287	2022	3	1.2176791323581349	correct_baseline
2890287	2023	3	1.2296929998044774	correct_baseline
2890287	2024	3	1.2413359386503655	correct_baseline
2890502	2022	3	1.1908507066231973	correct_baseline
2890502	2023	3	1.1996025585914627	correct_baseline
2890502	2024	3	1.2083382596666217	correct_baseline
2890541	2022	3	1.15228114434619	correct_baseline
2890541	2023	3	1.1575945214671182	correct_baseline
2890541	2024	3	1.1626152094079076	correct_baseline
2890739	2022			correct_baseline
2890739	2023			correct_baseline
2890739	2024			correct_baseline
2890995	2022			correct_baseline
2890995	2023			correct_baseline
2890995	2024			correct_baseline
2891079	2022	0	0.8218688046389356	correct_baseline
2891079	2023	0	0.674009152178386	correct_baseline
2891079	2024	0	0.548798645018977	correct_baseline
2891390	2022	3	1.0919134973244278	correct_baseline
2891390	2023	3	1.0762835251393936	correct_baseline
2891390	2024	3	1.060363925521048	correct_baseline
2891664	2022			correct_baseline
2891664	2023			correct_baseline
2891664	2024			correct_baseline
2891707	2022	3	1.1444755131606152	correct_baseline
2891707	2023	3	1.1499249467261479	correct_baseline
2891707	2024	3	1.1552900820103498	correct_baseline
2891755	2022			correct_baseline
2891755	2023			correct_baseline
2891755	2024			correct_baseline
2891770	2022	3	1.1288214389857891	correct_baseline
2891770	2023	3	1.1272032596447124	correct_baseline
2891770	2024	3	1.1254293180178365	correct_baseline
2891774	2022	1	1.0074897684602055	correct_baseline
2891774	2023	1	1.007978528160971	correct_baseline
2891774	2024	1	1.007767540368071	correct_baseline
2891782	2022	3	1.1018830414992395	correct_baseline
2891782	2023	3	1.0856507597671312	correct_baseline
2891782	2024	3	1.0694946140150325	correct_baseline
2891783	2022	3	1.0582375483117026	correct_baseline
2891783	2023	3	1.0625730112348926	correct_baseline
2891783	2024	3	1.0667299848118372	correct_baseline
2913169	2022			correct_baseline
2913169	2023			correct_baseline
2913169	2024			correct_baseline
2914404	2022			correct_baseline
2914404	2023			correct_baseline
2914404	2024			correct_baseline
2914590	2022			correct_baseline
2914590	2023			correct_baseline
2914590	2024			correct_baseline
2925496	2022			correct_baseline
2925496	2023			correct_baseline
2925496	2024			correct_baseline
2925514	2022	3	1.1263501471858217	correct_baseline
2925514	2023	3	1.1021811574839422	correct_baseline
2925514	2024	3	1.0782639713247706	correct_baseline
2925527	2022	1	0.8204843194422452	correct_baseline
2925527	2023	1	0.7442517154993636	correct_baseline
2925527	2024	1	0.674950139538121	correct_baseline
2925870	2022	3	1.1871635379021008	correct_baseline
2925870	2023	3	1.1943332358202334	correct_baseline
2925870	2024	3	1.201485418823321	correct_baseline
2925895	2022	2	1.0188926297998662	correct_baseline
2925895	2023	0	0.6172685233666779	correct_baseline
2925895	2024	0	0.3286670668971704	correct_baseline
2926045	2022	1	0.9241632231171807	correct_baseline
2926045	2023	1	0.8688377480459721	correct_baseline
2926045	2024	1	0.8157377617349421	correct_baseline
2926066	2022	3	1.0183739267761573	correct_baseline
2926066	2023	3	1.0196733635661865	correct_baseline
2926066	2024	3	1.020942927728378	correct_baseline
2926110	2022	3	1.4073036880329575	correct_baseline
2926110	2023	3	1.4258766080939025	correct_baseline
2926110	2024	3	1.4446496699184286	correct_baseline
2926130	2022	3	1.1355223742152196	correct_baseline
2926130	2023	3	1.107480534279964	correct_baseline
2926130	2024	3	1.0797893585605651	correct_baseline
2926572	2022			correct_baseline
2926572	2023			correct_baseline
2926572	2024			correct_baseline
2926992	2022	0	0.8805161194921016	correct_baseline
2926992	2023	0	0.4499411581258109	correct_baseline
2926992	2024	0	0.1972365086508078	correct_baseline
2927000	2022			correct_baseline
2927000	2023			correct_baseline
2927000	2024			correct_baseline
2927004	2022	3	1.040281909741823	correct_baseline
2927004	2023	3	1.04270075127446	correct_baseline
2927004	2024	3	1.0449362279563457	correct_baseline
2927028	2022	0	0.9050825957299172	correct_baseline
2927028	2023	0	0.7269222875016715	correct_baseline
2927028	2024	0	0.5758363975470848	correct_baseline
2927174	2022			correct_baseline
2927174	2023			correct_baseline
2927174	2024			correct_baseline
2927230	2022	0	0.7704102073000296	correct_baseline
2927230	2023	0	0.6286512572049623	correct_baseline
2927230	2024	0	0.5073510132570442	correct_baseline
2927305	2022	0	0.9178377459065362	correct_baseline
2927305	2023	0	0.8549803725112709	correct_baseline
2927305	2024	0	0.7950017514785902	correct_baseline
2928026	2022			correct_baseline
2928026	2023			correct_baseline
2928026	2024			correct_baseline
2928226	2022	0	0.950605581351635	correct_baseline
2928226	2023	0	0.8701699818920585	correct_baseline
2928226	2024	0	0.7961029019447211	correct_baseline
2928576	2022			correct_baseline
2928576	2023			correct_baseline
2928576	2024			correct_baseline
2928751	2022	3	1.214782950958311	correct_baseline
2928751	2023	3	1.2197384199025727	correct_baseline
2928751	2024	3	1.224487974324952	correct_baseline
2928761	2022			correct_baseline
2928761	2023			correct_baseline
2928761	2024			correct_baseline
2928835	2022	3	1.1086284313834367	correct_baseline
2928835	2023	3	1.1114447044685785	correct_baseline
2928835	2024	3	1.1139093715837165	correct_baseline
2928859	2022	3	1.0571920406489559	correct_baseline
2928859	2023	3	1.0505122044581963	correct_baseline
2928859	2024	3	1.0433109591573149	correct_baseline
2929800	2022			correct_baseline
2929800	2023			correct_baseline
2929800	2024			correct_baseline
2930137	2022	3	1.0922024412413875	correct_baseline
2930137	2023	3	1.0933529812818683	correct_baseline
2930137	2024	3	1.0942922106117885	correct_baseline
2930262	2022	1	0.9375624370489622	correct_baseline
2930262	2023	1	0.9041570643476429	correct_baseline
2930262	2024	1	0.8712202695693715	correct_baseline
2930805	2022	1	0.9368492601805435	correct_baseline
2930805	2023	1	0.9321410745218278	correct_baseline
2930805	2024	1	0.9274004481456063	correct_baseline
2931237	2022	3	1.0443714256642656	correct_baseline
2931237	2023	3	1.0451785474656328	correct_baseline
2931237	2024	3	1.0457344886215396	correct_baseline
2932147	2022	1	0.9827928354907641	correct_baseline
2932147	2023	1	0.9840249456207313	correct_baseline
2932147	2024	1	0.9851838375527853	correct_baseline
2932872	2022	3	1.0108513574278246	correct_baseline
2932872	2023	1	1.009579327467119	correct_baseline
2932872	2024	1	1.0080393682691309	correct_baseline
2956441	2022	3	1.091942391714697	correct_baseline
2956441	2023	3	1.0973029552232445	correct_baseline
2956441	2024	3	1.1019405059980365	correct_baseline
2959443	2022			correct_baseline
2959443	2023			correct_baseline
2959443	2024			correct_baseline
2963817	2022	1	0.9558620824849977	correct_baseline
2963817	2023	1	0.9557509142058126	correct_baseline
2963817	2024	1	0.9555408047604133	correct_baseline
2964025	2022			correct_baseline
2964025	2023			correct_baseline
2964025	2024			correct_baseline
2964355	2022	3	1.2028712768483198	correct_baseline
2964355	2023	3	1.2117150139407076	correct_baseline
2964355	2024	3	1.2202155979283875	correct_baseline
2965331	2022	3	1.0987371300960902	correct_baseline
2965331	2023	3	1.0775271774236612	correct_baseline
2965331	2024	3	1.0561399117006234	correct_baseline
2965354	2022	1	0.8815847655656729	correct_baseline
2965354	2023	1	0.8657184242449624	correct_baseline
2965354	2024	0	0.8499045073980052	correct_baseline
2965531	2022	0	0.8572199215489889	correct_baseline
2965531	2023	0	0.8519273628527526	correct_baseline
2965531	2024	0	0.8466503183438417	correct_baseline
2971095	2022	3	1.1803720570096576	correct_baseline
2971095	2023	3	1.186454078188118	correct_baseline
2971095	2024	3	1.192428667742038	correct_baseline
2972595	2022	3	1.0585588789987135	correct_baseline
2972595	2023	3	1.0627975632901225	correct_baseline
2972595	2024	3	1.0667952523717918	correct_baseline
2974753	2022	1	0.9300702847419376	correct_baseline
2974753	2023	1	0.9243131965317815	correct_baseline
2974753	2024	1	0.9184741955069488	correct_baseline
2974832	2022	3	1.2200750027887146	correct_baseline
2974832	2023	3	1.2308355747199897	correct_baseline
2974832	2024	3	1.2414750779337393	correct_baseline
2974921	2022	0	0.8752904044063302	correct_baseline
2974921	2023	0	0.8700171196193023	correct_baseline
2974921	2024	0	0.8647565998834207	correct_baseline
2975667	2022	3	1.2168703496119189	correct_baseline
2975667	2023	3	1.2261157452883213	correct_baseline
2975667	2024	3	1.2353151198880592	correct_baseline
2984366	2022	3	1.1518310935947065	correct_baseline
2984366	2023	3	1.1402235215698149	correct_baseline
2984366	2024	3	1.1272465714750217	correct_baseline
2984532	2022			correct_baseline
2984532	2023			correct_baseline
2984532	2024			correct_baseline
2984676	2022	1	0.8029994260128623	correct_baseline
2984676	2023	1	0.7505018112700751	correct_baseline
2984676	2024	1	0.7007243024623779	correct_baseline
2985949	2022	3	1.0230915910633533	correct_baseline
2985949	2023	3	1.0314392866539328	correct_baseline
2985949	2024	3	1.039574109793758	correct_baseline
2985964	2022			correct_baseline
2985964	2023			correct_baseline
2985964	2024			correct_baseline
2985965	2022	3	1.1960086651115236	correct_baseline
2985965	2023	3	1.2105570684525149	correct_baseline
2985965	2024	3	1.2248717211476439	correct_baseline
2986045	2022	3	1.1297998801389186	correct_baseline
2986045	2023	3	1.1351208375220097	correct_baseline
2986045	2024	3	1.1403142471352017	correct_baseline
2986111	2022	3	1.0462505748756419	correct_baseline
2986111	2023	3	1.046385229685734	correct_baseline
2986111	2024	3	1.0464572430426256	correct_baseline
2986130	2022	3	1.112647140230675	correct_baseline
2986130	2023	3	1.111995919288624	correct_baseline
2986130	2024	3	1.1112192158617096	correct_baseline
2986184	2022	1	0.9851375154649606	correct_baseline
2986184	2023	1	0.9849843991764614	correct_baseline
2986184	2024	1	0.9847840626810868	correct_baseline
2988188	2022	3	1.1227776889544268	correct_baseline
2988188	2023	3	1.1246468469315392	correct_baseline
2988188	2024	3	1.1259832664140308	correct_baseline
2988354	2022	3	1.0282598794265165	correct_baseline
2988354	2023	1	0.981997168827258	correct_baseline
2988354	2024	1	0.9368908097379097	correct_baseline
2992543	2022	3	1.0858853361328171	correct_baseline
2992543	2023	3	1.0897252954807086	correct_baseline
2992543	2024	3	1.0935225014032748	correct_baseline
2994229	2022			correct_baseline
2994229	2023			correct_baseline
2994229	2024			correct_baseline
2995149	2022	3	1.0953971100391098	correct_baseline
2995149	2023	3	1.0995300182473868	correct_baseline
2995149	2024	3	1.1034983010196566	correct_baseline
2996525	2022	3	1.0844464429758516	correct_baseline
2996525	2023	3	1.0583797352937765	correct_baseline
2996525	2024	3	1.0324625571206452	correct_baseline
3000610	2022	3	1.0341392891858043	correct_baseline
3000610	2023	3	1.0345987980917193	correct_baseline
3000610	2024	3	1.0345851232623686	correct_baseline
3001244	2022	3	1.0532423071971098	correct_baseline
3001244	2023	3	1.065129750963104	correct_baseline
3001244	2024	3	1.0769276442789235	correct_baseline
3003244	2022	0	0.8605618217862527	correct_baseline
3003244	2023	0	0.7894497164095793	correct_baseline
3003244	2024	0	0.723202422390194	correct_baseline
3003979	2022	3	1.1843996371406977	correct_baseline
3003979	2023	3	1.187856578021572	correct_baseline
3003979	2024	3	1.191064894789571	correct_baseline
3012089	2022	3	1.3082783076934206	correct_baseline
3012089	2023	3	1.3231990183816724	correct_baseline
3012089	2024	3	1.3381975570673568	correct_baseline
3020871	2022	3	1.0246397929608213	correct_baseline
3020871	2023	3	1.0120829025072302	correct_baseline
3020871	2024	1	0.9985524882053199	correct_baseline
3021496	2022	3	1.0671546147839714	correct_baseline
3021496	2023	3	1.0285071097573635	correct_baseline
3021496	2024	1	0.9906993365438092	correct_baseline
3021730	2022	3	1.2889511464626848	correct_baseline
3021730	2023	3	1.2948904063033315	correct_baseline
3021730	2024	3	1.3002428103405814	correct_baseline
3021850	2022	3	1.1918496395859148	correct_baseline
3021850	2023	3	1.205559050806945	correct_baseline
3021850	2024	3	1.2192764064774249	correct_baseline
3021922	2022	3	1.1189768528713315	correct_baseline
3021922	2023	3	1.1274431929519324	correct_baseline
3021922	2024	3	1.1351594802201082	correct_baseline
3022203	2022	1	0.9992340513266446	correct_baseline
3022203	2023	1	0.9973234047526701	correct_baseline
3022203	2024	1	0.9953606221577538	correct_baseline
3024109	2022	3	1.2231795511758106	correct_baseline
3024109	2023	3	1.241802571455342	correct_baseline
3024109	2024	3	1.2604822324452518	correct_baseline
3025617	2022	1	0.9170904764861334	correct_baseline
3025617	2023	1	0.9059116902256629	correct_baseline
3025617	2024	1	0.8946294045751602	correct_baseline
3025896	2022	1	0.9394938541580763	correct_baseline
3025896	2023	1	0.9329505502684473	correct_baseline
3025896	2024	1	0.9244767063772638	correct_baseline
3026040	2022			correct_baseline
3026040	2023			correct_baseline
3026040	2024			correct_baseline
3026074	2022	1	0.7914335488065509	correct_baseline
3026074	2023	1	0.727406184697212	correct_baseline
3026074	2024	1	0.6674993817470304	correct_baseline
3026092	2022			correct_baseline
3026092	2023			correct_baseline
3026092	2024			correct_baseline
3026162	2022			correct_baseline
3026162	2023			correct_baseline
3026162	2024			correct_baseline
3026294	2022	3	1.0653750889012403	correct_baseline
3026294	2023	3	1.0672300946092026	correct_baseline
3026294	2024	3	1.0689918618874557	correct_baseline
3026334	2022			correct_baseline
3026334	2023			correct_baseline
3026334	2024			correct_baseline
3026454	2022	1	0.8845150112205857	correct_baseline
3026454	2023	1	0.8830604299585608	correct_baseline
3026454	2024	1	0.8815747300830608	correct_baseline
3026585	2022	3	1.0895852293984374	correct_baseline
3026585	2023	3	1.097498576069928	correct_baseline
3026585	2024	3	1.1040291866191756	correct_baseline
3026622	2022			correct_baseline
3026622	2023			correct_baseline
3026622	2024			correct_baseline
3026819	2022	1	0.8968905838142919	correct_baseline
3026819	2023	1	0.8946828010867899	correct_baseline
3026819	2024	1	0.8924113751439581	correct_baseline
3027159	2022	0	0.7694147033802891	correct_baseline
3027159	2023	0	0.7178465132058472	correct_baseline
3027159	2024	0	0.669346599221584	correct_baseline
3028528	2022	0	0.7609322453792409	correct_baseline
3028528	2023	0	0.6960771421207144	correct_baseline
3028528	2024	0	0.6355811880430123	correct_baseline
3031774	2022	3	1.0461226207943222	correct_baseline
3031774	2023	3	1.0479460311590787	correct_baseline
3031774	2024	3	1.049562517781089	correct_baseline
3032442	2022			correct_baseline
3032442	2023			correct_baseline
3032442	2024			correct_baseline
3032653	2022			correct_baseline
3032653	2023			correct_baseline
3032653	2024			correct_baseline
3032698	2022	3	1.195616009367699	correct_baseline
3032698	2023	3	1.2033927163310894	correct_baseline
3032698	2024	3	1.2110118508546044	correct_baseline
3033077	2022	0	0.7948068364505666	correct_baseline
3033077	2023	0	0.7229849690492003	correct_baseline
3033077	2024	0	0.6565322283561015	correct_baseline
3033227	2022	3	1.085615511793821	correct_baseline
3033227	2023	3	1.0517724384574059	correct_baseline
3033227	2024	3	1.0174239367178446	correct_baseline
3033242	2022	0	0.835337019148248	correct_baseline
3033242	2023	0	0.5578464866268272	correct_baseline
3033242	2024	0	0.35191192889451445	correct_baseline
3033518	2022			correct_baseline
3033518	2023			correct_baseline
3033518	2024			correct_baseline
3033833	2022	3	1.2007007032150159	correct_baseline
3033833	2023	3	1.2066930809606538	correct_baseline
3033833	2024	3	1.2121145539441465	correct_baseline
3033865	2022	3	1.1347726816420831	correct_baseline
3033865	2023	3	1.138634685042422	correct_baseline
3033865	2024	3	1.1422814817848133	correct_baseline
3033896	2022	3	1.1469823655707287	correct_baseline
3033896	2023	3	1.1586838858568032	correct_baseline
3033896	2024	3	1.1699068267560058	correct_baseline
3034015	2022			correct_baseline
3034015	2023			correct_baseline
3034015	2024			correct_baseline
3034182	2022	1	0.9448608510084247	correct_baseline
3034182	2023	1	0.9414373294985516	correct_baseline
3034182	2024	1	0.9379882554598509	correct_baseline
3034393	2022	3	1.0753987915439909	correct_baseline
3034393	2023	3	1.0761581659849273	correct_baseline
3034393	2024	3	1.0768456154028045	correct_baseline
3034646	2022	0	0.7160696019895472	correct_baseline
3034646	2023	0	0.6468249718046302	correct_baseline
3034646	2024	0	0.5833571298090213	correct_baseline
3034681	2022	3	1.1029544488003238	correct_baseline
3034681	2023	3	1.1075272826887437	correct_baseline
3034681	2024	3	1.1120722955757019	correct_baseline
3034782	2022			correct_baseline
3034782	2023			correct_baseline
3034782	2024			correct_baseline
3034825	2022	3	1.0660962761777046	correct_baseline
3034825	2023	3	1.0616100209407442	correct_baseline
3034825	2024	3	1.0570313095509263	correct_baseline
3034915	2022			correct_baseline
3034915	2023			correct_baseline
3034915	2024			correct_baseline
3034922	2022	3	1.1996086017627547	correct_baseline
3034922	2023	3	1.2061679750930483	correct_baseline
3034922	2024	3	1.2127184287262833	correct_baseline
3036033	2022			correct_baseline
3036033	2023			correct_baseline
3036033	2024			correct_baseline
3036892	2022	3	1.1711371717285544	correct_baseline
3036892	2023	3	1.1504695828960692	correct_baseline
3036892	2024	3	1.124259129930076	correct_baseline
3039046	2022			correct_baseline
3039046	2023			correct_baseline
3039046	2024			correct_baseline
3039194	2022	3	1.063868232109533	correct_baseline
3039194	2023	3	1.0663959942121188	correct_baseline
3039194	2024	3	1.0688163955152392	correct_baseline
3039203	2022	1	1.000379667824237	correct_baseline
3039203	2023	1	1.0010952913198135	correct_baseline
3039203	2024	1	1.0017923396916588	correct_baseline
3039209	2022	3	1.1143441931818054	correct_baseline
3039209	2023	3	1.1214662948966396	correct_baseline
3039209	2024	3	1.1284676144234975	correct_baseline
3039267	2022	3	1.1559107186508197	correct_baseline
3039267	2023	3	1.1693442902515336	correct_baseline
3039267	2024	3	1.1825105806118412	correct_baseline
3039269	2022	3	1.1876520541472082	correct_baseline
3039269	2023	3	1.1690719290369047	correct_baseline
3039269	2024	3	1.1501782620331116	correct_baseline
3039270	2022			correct_baseline
3039270	2023			correct_baseline
3039270	2024			correct_baseline
3040185	2022	3	1.2439887578667197	correct_baseline
3040185	2023	3	1.279171830559097	correct_baseline
3040185	2024	3	1.3151139137516812	correct_baseline
3040233	2022	3	1.2030975962891026	correct_baseline
3040233	2023	3	1.2210676871071764	correct_baseline
3040233	2024	3	1.239004554820048	correct_baseline
3040254	2022			correct_baseline
3040254	2023			correct_baseline
3040254	2024			correct_baseline
3040999	2022			correct_baseline
3040999	2023			correct_baseline
3040999	2024			correct_baseline
3041022	2022	3	1.2149934801391262	correct_baseline
3041022	2023	3	1.2293147003636447	correct_baseline
3041022	2024	3	1.2433357204925484	correct_baseline
3042291	2022	3	1.2282315057377928	correct_baseline
3042291	2023	3	1.2361547111886353	correct_baseline
3042291	2024	3	1.2436470617104254	correct_baseline
3042636	2022	0	0.9196098687295877	correct_baseline
3042636	2023	0	0.9153592635705886	correct_baseline
3042636	2024	0	0.911118647201688	correct_baseline
3042845	2022	3	1.0610549470108368	correct_baseline
3042845	2023	3	1.0645684698503177	correct_baseline
3042845	2024	3	1.0679486343850093	correct_baseline
3045803	2022			correct_baseline
3045803	2023			correct_baseline
3045803	2024			correct_baseline
3046015	2022			correct_baseline
3046015	2023			correct_baseline
3046015	2024			correct_baseline
3046736	2022	3	1.0368337249191093	correct_baseline
3046736	2023	3	1.0336713910906703	correct_baseline
3046736	2024	3	1.0301923816274485	correct_baseline
3046812	2022	3	1.0504684304540781	correct_baseline
3046812	2023	3	1.0505656348279442	correct_baseline
3046812	2024	3	1.050614719743629	correct_baseline
3046929	2022	1	0.8978986535122083	correct_baseline
3046929	2023	1	0.8945397505006585	correct_baseline
3046929	2024	1	0.8911767467146129	correct_baseline
3047621	2022	3	1.3171996813648852	correct_baseline
3047621	2023	3	1.3286766427045564	correct_baseline
3047621	2024	3	1.3402068175161	correct_baseline
3048203	2022	3	1.2066573796037132	correct_baseline
3048203	2023	3	1.2132193997724003	correct_baseline
3048203	2024	3	1.2197779665145725	correct_baseline
3048532	2022			correct_baseline
3048532	2023			correct_baseline
3048532	2024			correct_baseline
3050595	2022	3	1.144664041922874	correct_baseline
3050595	2023	3	1.1478400440026695	correct_baseline
3050595	2024	3	1.150589786499583	correct_baseline
3053406	2022	1	1.0029259420787524	correct_baseline
3053406	2023	1	1.0027227186679357	correct_baseline
3053406	2024	1	1.002458157179029	correct_baseline
3053522	2022	3	1.2170782617212494	correct_baseline
3053522	2023	3	1.224610744045399	correct_baseline
3053522	2024	3	1.2319844869073002	correct_baseline
3054357	2022	3	1.0327861831445637	correct_baseline
3054357	2023	1	0.9944405660257257	correct_baseline
3054357	2024	1	0.956737953641428	correct_baseline
3054368	2022	3	1.1610873194804334	correct_baseline
3054368	2023	3	1.1636432204715326	correct_baseline
3054368	2024	3	1.166179544409062	correct_baseline
3064056	2022			correct_baseline
3064056	2023			correct_baseline
3064056	2024			correct_baseline
3064221	2022			correct_baseline
3064221	2023			correct_baseline
3064221	2024			correct_baseline
3064669	2022			correct_baseline
3064669	2023			correct_baseline
3064669	2024			correct_baseline
3065244	2022			correct_baseline
3065244	2023			correct_baseline
3065244	2024			correct_baseline
3066965	2022	3	1.245963193662127	correct_baseline
3066965	2023	3	1.2561629795307332	correct_baseline
3066965	2024	3	1.2661518065510755	correct_baseline
3067119	2022	3	1.2826793756740944	correct_baseline
3067119	2023	3	1.2569329007433538	correct_baseline
3067119	2024	3	1.2303913756720695	correct_baseline
3067353	2022	3	1.2687572633451822	correct_baseline
3067353	2023	3	1.2843979216696468	correct_baseline
3067353	2024	3	1.2990806687962273	correct_baseline
3067891	2022			correct_baseline
3067891	2023			correct_baseline
3067891	2024			correct_baseline
3069460	2022			correct_baseline
3069460	2023			correct_baseline
3069460	2024			correct_baseline
3082244	2022	3	1.1996021537482893	correct_baseline
3082244	2023	3	1.2070867000090904	correct_baseline
3082244	2024	3	1.2145397985255255	correct_baseline
3082279	2022			correct_baseline
3082279	2023			correct_baseline
3082279	2024			correct_baseline
3083647	2022			correct_baseline
3083647	2023			correct_baseline
3083647	2024			correct_baseline
3083680	2022			correct_baseline
3083680	2023			correct_baseline
3083680	2024			correct_baseline
3083761	2022			correct_baseline
3083761	2023			correct_baseline
3083761	2024			correct_baseline
3083975	2022	3	1.1220689588149515	correct_baseline
3083975	2023	3	1.128076451120695	correct_baseline
3083975	2024	3	1.133793763459592	correct_baseline
3084015	2022	3	1.3356691907400644	correct_baseline
3084015	2023	3	1.3527352241639523	correct_baseline
3084015	2024	3	1.3698413004090184	correct_baseline
3084022	2022	3	1.3367060342687724	correct_baseline
3084022	2023	3	1.349350208028376	correct_baseline
3084022	2024	3	1.3619536729275459	correct_baseline
3084719	2022	3	1.2946761640700946	correct_baseline
3084719	2023	3	1.305664823997808	correct_baseline
3084719	2024	3	1.3166781907499312	correct_baseline
3084742	2022	3	1.073885886620219	correct_baseline
3084742	2023	3	1.074454744502975	correct_baseline
3084742	2024	3	1.0749545230976967	correct_baseline
3085357	2022			correct_baseline
3085357	2023			correct_baseline
3085357	2024			correct_baseline
3085360	2022	3	1.203509567237783	correct_baseline
3085360	2023	3	1.213630322610512	correct_baseline
3085360	2024	3	1.2236850166590125	correct_baseline
3085381	2022	1	0.9960628673999482	correct_baseline
3085381	2023	1	0.9628480547813725	correct_baseline
3085381	2024	1	0.9289363884076389	correct_baseline
3085420	2022			correct_baseline
3085420	2023			correct_baseline
3085420	2024			correct_baseline
3085421	2022	3	1.0967029625405005	correct_baseline
3085421	2023	1	0.927118706485195	correct_baseline
3085421	2024	1	0.7603018271397013	correct_baseline
3085438	2022	3	1.1219704328051399	correct_baseline
3085438	2023	3	1.1229298068440738	correct_baseline
3085438	2024	3	1.12342120150307	correct_baseline
3085623	2022	3	1.1052692548632634	correct_baseline
3085623	2023	3	1.110166239049349	correct_baseline
3085623	2024	3	1.1140609730760858	correct_baseline
3086240	2022	1	0.8815925311716128	correct_baseline
3086240	2023	1	0.7358543398549607	correct_baseline
3086240	2024	1	0.6042857518675286	correct_baseline
3088310	2022	3	1.0215802810549974	correct_baseline
3088310	2023	1	1.0045586037009837	correct_baseline
3088310	2024	1	0.9865557463331793	correct_baseline
3089146	2022	3	1.148685394802316	correct_baseline
3089146	2023	3	1.1516789547893183	correct_baseline
3089146	2024	3	1.153871178462894	correct_baseline
3089154	2022	1	0.829254899677522	correct_baseline
3089154	2023	1	0.8241011764959975	correct_baseline
3089154	2024	1	0.8188413800123067	correct_baseline
3092576	2022			correct_baseline
3092576	2023			correct_baseline
3092576	2024			correct_baseline
3092691	2022			correct_baseline
3092691	2023			correct_baseline
3092691	2024			correct_baseline
3096529	2022			correct_baseline
3096529	2023			correct_baseline
3096529	2024			correct_baseline
3098912	2022	0	0.7594644703277182	correct_baseline
3098912	2023	0	0.6066010704279463	correct_baseline
3098912	2024	0	0.4804368029764207	correct_baseline
3098951	2022			correct_baseline
3098951	2023			correct_baseline
3098951	2024			correct_baseline
3101193	2022			correct_baseline
3101193	2023			correct_baseline
3101193	2024			correct_baseline
3103082	2022			correct_baseline
3103082	2023			correct_baseline
3103082	2024			correct_baseline
3103791	2022	3	1.1023254495819002	correct_baseline
3103791	2023	3	1.107857930213031	correct_baseline
3103791	2024	3	1.1132742227985026	correct_baseline
3104106	2022			correct_baseline
3104106	2023			correct_baseline
3104106	2024			correct_baseline
3109086	2022	3	1.1228030991589588	correct_baseline
3109086	2023	3	1.12243923820276	correct_baseline
3109086	2024	3	1.1219537073317285	correct_baseline
3111754	2022			correct_baseline
3111754	2023			correct_baseline
3111754	2024			correct_baseline
3112110	2022	1	0.9576155919100168	correct_baseline
3112110	2023	1	0.9218371832773232	correct_baseline
3112110	2024	1	0.8861981838540919	correct_baseline
3112364	2022			correct_baseline
3112364	2023			correct_baseline
3112364	2024			correct_baseline
3113637	2022			correct_baseline
3113637	2023			correct_baseline
3113637	2024			correct_baseline
3114225	2022	3	1.2552732935331963	correct_baseline
3114225	2023	3	1.2682189143836744	correct_baseline
3114225	2024	3	1.281151438591215	correct_baseline
3114229	2022	3	1.0810870386138474	correct_baseline
3114229	2023	3	1.083340548439189	correct_baseline
3114229	2024	3	1.0854844316944943	correct_baseline
3114643	2022	3	1.1193925178311979	correct_baseline
3114643	2023	3	1.123267661027154	correct_baseline
3114643	2024	3	1.126816809004841	correct_baseline
3117449	2022	3	1.163647061461596	correct_baseline
3117449	2023	3	1.162069965934465	correct_baseline
3117449	2024	3	1.16027265086765	correct_baseline
3118430	2022	3	1.1777865046269493	correct_baseline
3118430	2023	3	1.1837221138903018	correct_baseline
3118430	2024	3	1.1896779080842237	correct_baseline
3118526	2022			correct_baseline
3118526	2023			correct_baseline
3118526	2024			correct_baseline
3119175	2022	3	1.024545163489908	correct_baseline
3119175	2023	3	1.0210494770385456	correct_baseline
3119175	2024	3	1.0173254135777434	correct_baseline
3119181	2022	3	1.0718042882615222	correct_baseline
3119181	2023	3	1.0755664095531177	correct_baseline
3119181	2024	3	1.0792619181021526	correct_baseline
3120284	2022	3	1.1115851779232875	correct_baseline
3120284	2023	3	1.1177409453853169	correct_baseline
3120284	2024	3	1.1238488034536616	correct_baseline
3120692	2022	3	1.099489754154316	correct_baseline
3120692	2023	3	1.1188200843542682	correct_baseline
3120692	2024	3	1.137771433471346	correct_baseline
3120790	2022	1	0.9878203792517178	correct_baseline
3120790	2023	1	0.9833199267258125	correct_baseline
3120790	2024	1	0.978162411008046	correct_baseline
3121226	2022	3	1.0101442212854477	correct_baseline
3121226	2023	1	1.0097851308106824	correct_baseline
3121226	2024	1	1.009326666703829	correct_baseline
3121258	2022			correct_baseline
3121258	2023			correct_baseline
3121258	2024			correct_baseline
3121581	2022			correct_baseline
3121581	2023			correct_baseline
3121581	2024			correct_baseline
3122924	2022	3	1.125810034165039	correct_baseline
3122924	2023	3	1.1118209700540158	correct_baseline
3122924	2024	3	1.0977787034861397	correct_baseline
3123663	2022	0	0.7987747910519721	correct_baseline
3123663	2023	0	0.7445885860517094	correct_baseline
3123663	2024	0	0.6933527760375113	correct_baseline
3127727	2022			correct_baseline
3127727	2023			correct_baseline
3127727	2024			correct_baseline
3128225	2022	3	1.0203696018316881	correct_baseline
3128225	2023	3	1.0211076772234384	correct_baseline
3128225	2024	3	1.02123379603074	correct_baseline
3131614	2022	0	0.8224414393303606	correct_baseline
3131614	2023	0	0.612787318136702	correct_baseline
3131614	2024	0	0.4417787942353402	correct_baseline
3132570	2022	3	1.091004871541664	correct_baseline
3132570	2023	3	1.0970292735312783	correct_baseline
3132570	2024	3	1.1028637342148135	correct_baseline
3133887	2022			correct_baseline
3133887	2023			correct_baseline
3133887	2024			correct_baseline
3133938	2022	3	1.0791655436424654	correct_baseline
3133938	2023	3	1.049554431786415	correct_baseline
3133938	2024	3	1.015176105100367	correct_baseline
3133950	2022	0	0.9594417272440805	correct_baseline
3133950	2023	0	0.5807762240835855	correct_baseline
3133950	2024	0	0.3290015827932764	correct_baseline
3136320	2022	1	0.988531032015239	correct_baseline
3136320	2023	1	0.9898403534735128	correct_baseline
3136320	2024	1	0.9911125106376434	correct_baseline
3137829	2022			correct_baseline
3137829	2023			correct_baseline
3137829	2024			correct_baseline
3138195	2022			correct_baseline
3138195	2023			correct_baseline
3138195	2024			correct_baseline
3138327	2022	1	0.9619495386178889	correct_baseline
3138327	2023	1	0.9573794124688391	correct_baseline
3138327	2024	1	0.9520052218434792	correct_baseline
3145214	2022	0	0.87405110460931	correct_baseline
3145214	2023	0	0.7672906967007587	correct_baseline
3145214	2024	0	0.6717395870920722	correct_baseline
3146683	2022	3	1.170354318828908	correct_baseline
3146683	2023	3	1.169905255788666	correct_baseline
3146683	2024	3	1.1692891706897424	correct_baseline
3146717	2022			correct_baseline
3146717	2023			correct_baseline
3146717	2024			correct_baseline
3146791	2022	3	1.1674557882505638	correct_baseline
3146791	2023	3	1.1816501984966585	correct_baseline
3146791	2024	3	1.1958974959040447	correct_baseline
3147018	2022	0	0.735123523765704	correct_baseline
3147018	2023	0	0.6529702424088727	correct_baseline
3147018	2024	0	0.5781290020534064	correct_baseline
3147168	2022	3	1.2356661858953206	correct_baseline
3147168	2023	3	1.2375164602120639	correct_baseline
3147168	2024	3	1.2388792615649986	correct_baseline
3147815	2022			correct_baseline
3147815	2023			correct_baseline
3147815	2024			correct_baseline
3148340	2022	0	0.6167469370602344	correct_baseline
3148340	2023	0	0.45065504025428177	correct_baseline
3148340	2024	0	0.325201574283094	correct_baseline
3150935	2022			correct_baseline
3150935	2023			correct_baseline
3150935	2024			correct_baseline
3151558	2022	3	1.0228158660844489	correct_baseline
3151558	2023	3	1.0245426003697624	correct_baseline
3151558	2024	3	1.0262263927654416	correct_baseline
3152372	2022	1	0.8221001680094837	correct_baseline
3152372	2023	1	0.8164327162999987	correct_baseline
3152372	2024	1	0.8104842656788978	correct_baseline
3152377	2022			correct_baseline
3152377	2023			correct_baseline
3152377	2024			correct_baseline
3152521	2022	3	1.176598915454208	correct_baseline
3152521	2023	3	1.23429014280632	correct_baseline
3152521	2024	3	1.2937177360734367	correct_baseline
3152560	2022	1	0.9270368568203099	correct_baseline
3152560	2023	1	0.9257100566742105	correct_baseline
3152560	2024	1	0.9243360016736236	correct_baseline
3152583	2022	0	0.5677608934156021	correct_baseline
3152583	2023	0	0.3508432952340294	correct_baseline
3152583	2024	0	0.21086548560482463	correct_baseline
3152614	2022	1	0.9757537651901497	correct_baseline
3152614	2023	1	0.9747240917353723	correct_baseline
3152614	2024	1	0.9736776124213112	correct_baseline
3152824	2022			correct_baseline
3152824	2023			correct_baseline
3152824	2024			correct_baseline
3169137	2022	3	1.211863810131203	correct_baseline
3169137	2023	3	1.224430316128698	correct_baseline
3169137	2024	3	1.2368846778996674	correct_baseline
3169340	2022	3	1.1457403456151987	correct_baseline
3169340	2023	3	1.1495374494124022	correct_baseline
3169340	2024	3	1.1533093163302564	correct_baseline
3169708	2022	3	1.249731883669966	correct_baseline
3169708	2023	3	1.2585350952612724	correct_baseline
3169708	2024	3	1.2673743910583848	correct_baseline
3169756	2022			correct_baseline
3169756	2023			correct_baseline
3169756	2024			correct_baseline
3170247	2022			correct_baseline
3170247	2023			correct_baseline
3170247	2024			correct_baseline
3170823	2022	3	1.2762438337710311	correct_baseline
3170823	2023	3	1.1729511900536298	correct_baseline
3170823	2024	3	1.0604796608083549	correct_baseline
3171304	2022			correct_baseline
3171304	2023			correct_baseline
3171304	2024			correct_baseline
3171888	2022	0	0.6994569788130509	correct_baseline
3171888	2023	0	0.6147877053769858	correct_baseline
3171888	2024	0	0.5397269557399326	correct_baseline
3171948	2022	3	1.0710988905638432	correct_baseline
3171948	2023	3	1.0593620987315866	correct_baseline
3171948	2024	3	1.0473870481048229	correct_baseline
3171951	2022			correct_baseline
3171951	2023			correct_baseline
3171951	2024			correct_baseline
3171952	2022	0	0.8787357303477615	correct_baseline
3171952	2023	0	0.6900719197716336	correct_baseline
3171952	2024	0	0.5262403985764081	correct_baseline
3171954	2022			correct_baseline
3171954	2023			correct_baseline
3171954	2024			correct_baseline
3172001	2022	3	1.1494813079730097	correct_baseline
3172001	2023	3	1.1528510401026633	correct_baseline
3172001	2024	3	1.1558382731806462	correct_baseline
3172059	2022	0	0.7892250197776999	correct_baseline
3172059	2023	0	0.7833067918667389	correct_baseline
3172059	2024	0	0.7773832778993336	correct_baseline
3172068	2022			correct_baseline
3172068	2023			correct_baseline
3172068	2024			correct_baseline
3172077	2022	3	1.2763434609781559	correct_baseline
3172077	2023	3	1.2947620315824602	correct_baseline
3172077	2024	3	1.313336472573888	correct_baseline
3172100	2022	3	1.0628064942086166	correct_baseline
3172100	2023	3	1.0657990600522016	correct_baseline
3172100	2024	3	1.0685744580666354	correct_baseline
3172104	2022	3	1.0961920895240895	correct_baseline
3172104	2023	3	1.1053186502942693	correct_baseline
3172104	2024	3	1.114138754400528	correct_baseline
3172118	2022	3	1.0692730425504073	correct_baseline
3172118	2023	3	1.0757208066824278	correct_baseline
3172118	2024	3	1.0816230808928473	correct_baseline
3172266	2022			correct_baseline
3172266	2023			correct_baseline
3172266	2024			correct_baseline
3172291	2022	3	1.203022324318445	correct_baseline
3172291	2023	3	1.2110100466235494	correct_baseline
3172291	2024	3	1.2186143041767674	correct_baseline
3172347	2022	3	1.156610725278491	correct_baseline
3172347	2023	3	1.1619434367096586	correct_baseline
3172347	2024	3	1.1672126584365734	correct_baseline
3172348	2022	1	0.8012571196141375	correct_baseline
3172348	2023	1	0.7555971472823242	correct_baseline
3172348	2024	1	0.7119778863989503	correct_baseline
3172549	2022			correct_baseline
3172549	2023			correct_baseline
3172549	2024			correct_baseline
3172615	2022	3	1.1498197361663722	correct_baseline
3172615	2023	3	1.131734535779121	correct_baseline
3172615	2024	3	1.111779801195332	correct_baseline
3173338	2022	3	1.16231509308868	correct_baseline
3173338	2023	3	1.166141473916453	correct_baseline
3173338	2024	3	1.1698182803562769	correct_baseline
3188830	2022			correct_baseline
3188830	2023			correct_baseline
3188830	2024			correct_baseline
3188894	2022	3	1.2190286624481161	correct_baseline
3188894	2023	3	1.2356269474049375	correct_baseline
3188894	2024	3	1.2522699750955315	correct_baseline
3188924	2022	0	0.9179119013811359	correct_baseline
3188924	2023	0	0.9146481319921675	correct_baseline
3188924	2024	0	0.9113904953855928	correct_baseline
3189073	2022			correct_baseline
3189073	2023			correct_baseline
3189073	2024			correct_baseline
3189762	2022	3	1.097079096532773	correct_baseline
3189762	2023	3	1.0999652681945593	correct_baseline
3189762	2024	3	1.1028303998126332	correct_baseline
3189815	2022	3	1.1731814372756657	correct_baseline
3189815	2023	3	1.186607534747657	correct_baseline
3189815	2024	3	1.1998975766988282	correct_baseline
3189828	2022			correct_baseline
3189828	2023			correct_baseline
3189828	2024			correct_baseline
3189837	2022	1	0.842049366105956	correct_baseline
3189837	2023	1	0.7723089667936136	correct_baseline
3189837	2024	1	0.7067933477008385	correct_baseline
3189866	2022	3	1.1173923693119099	correct_baseline
3189866	2023	3	1.1204251619426269	correct_baseline
3189866	2024	3	1.1233936377011813	correct_baseline
3189882	2022			correct_baseline
3189882	2023			correct_baseline
3189882	2024			correct_baseline
3190382	2022	1	0.9320047690840187	correct_baseline
3190382	2023	1	0.9112201951732019	correct_baseline
3190382	2024	1	0.888957962322022	correct_baseline
3190522	2022			correct_baseline
3190522	2023			correct_baseline
3190522	2024			correct_baseline
3190538	2022	3	1.1006955271091374	correct_baseline
3190538	2023	3	1.0779169900769248	correct_baseline
3190538	2024	3	1.055196281003102	correct_baseline
3190653	2022	3	1.213981926270455	correct_baseline
3190653	2023	3	1.2186077246385554	correct_baseline
3190653	2024	3	1.2226306404542697	correct_baseline
3197314	2022	3	1.0345536732452387	correct_baseline
3197314	2023	1	0.9921574373610847	correct_baseline
3197314	2024	1	0.9492567116939333	correct_baseline
3602683	2022	3	1.1193849923531005	correct_baseline
3602683	2023	1	1.0069250010948718	correct_baseline
3602683	2024	1	0.8912786127146297	correct_baseline
3610757	2022	1	0.8933805100901058	correct_baseline
3610757	2023	1	0.8881054041440727	correct_baseline
3610757	2024	1	0.8828085946729132	correct_baseline
3663237	2022	1	0.8978729150066629	correct_baseline
3663237	2023	1	0.8546646729425785	correct_baseline
3663237	2024	1	0.8089763105466009	correct_baseline
3664589	2022			correct_baseline
3664589	2023			correct_baseline
3664589	2024			correct_baseline
3666776	2022	0	0.8118849934544671	correct_baseline
3666776	2023	0	0.7243522141572104	correct_baseline
3666776	2024	0	0.6419928752199678	correct_baseline
3686235	2022			correct_baseline
3686235	2023			correct_baseline
3686235	2024			correct_baseline
3690997	2022	3	1.3606536338309632	correct_baseline
3690997	2023	3	1.402813181935701	correct_baseline
3690997	2024	3	1.4452720218379578	correct_baseline
3711564	2022			correct_baseline
3711564	2023			correct_baseline
3711564	2024			correct_baseline
3711846	2022			correct_baseline
3711846	2023			correct_baseline
3711846	2024			correct_baseline
3725062	2022	1	0.7998345411693493	correct_baseline
3725062	2023	1	0.7945775318038059	correct_baseline
3725062	2024	1	0.7893354760291346	correct_baseline
3756650	2022	0	0.7548983368446996	correct_baseline
3756650	2023	0	0.31306583209320216	correct_baseline
3756650	2024	0	0.11815174484952809	correct_baseline
3797084	2022	3	1.06037785447764	correct_baseline
3797084	2023	3	1.0629751378416052	correct_baseline
3797084	2024	3	1.0655522360391283	correct_baseline
3814157	2022			correct_baseline
3814157	2023			correct_baseline
3814157	2024			correct_baseline
3886505	2022	1	0.9449846603399135	correct_baseline
3886505	2023	1	0.8316615563284007	correct_baseline
3886505	2024	1	0.7208197566329773	correct_baseline
3924221	2022			correct_baseline
3924221	2023			correct_baseline
3924221	2024			correct_baseline
3940423	2022			correct_baseline
3940423	2023			correct_baseline
3940423	2024			correct_baseline
3981543	2022	3	1.2210493920060044	correct_baseline
3981543	2023	3	1.230007348852605	correct_baseline
3981543	2024	3	1.2383463890010773	correct_baseline
4013762	2022	0	0.8245525976358645	correct_baseline
4013762	2023	0	0.4757353788254347	correct_baseline
4013762	2024	0	0.2576581345470853	correct_baseline
4034001	2022			correct_baseline
4034001	2023			correct_baseline
4034001	2024			correct_baseline
4038485	2022			correct_baseline
4038485	2023			correct_baseline
4038485	2024			correct_baseline
4048240	2022	3	1.1338158397623566	correct_baseline
4048240	2023	3	1.1592237793039326	correct_baseline
4048240	2024	3	1.183983649127284	correct_baseline
4063383	2022	3	1.0990945803969836	correct_baseline
4063383	2023	3	1.0912375151222373	correct_baseline
4063383	2024	3	1.0750494510470208	correct_baseline
4067281	2022	0	0.9078493077562253	correct_baseline
4067281	2023	0	0.6879573787404458	correct_baseline
4067281	2024	0	0.5057283651172129	correct_baseline
4067302	2022	0	0.7835611167664418	correct_baseline
4067302	2023	0	0.5476488793715767	correct_baseline
4067302	2024	0	0.37557377116232793	correct_baseline
4086523	2022			correct_baseline
4086523	2023			correct_baseline
4086523	2024			correct_baseline
4102952	2022			correct_baseline
4102952	2023			correct_baseline
4102952	2024			correct_baseline
4123394	2022			correct_baseline
4123394	2023			correct_baseline
4123394	2024			correct_baseline
4123912	2022			correct_baseline
4123912	2023			correct_baseline
4123912	2024			correct_baseline
4125308	2022	3	1.0116195629893459	correct_baseline
4125308	2023	1	1.009606318893162	correct_baseline
4125308	2024	1	1.0075230023983484	correct_baseline
4127352	2022			correct_baseline
4127352	2023			correct_baseline
4127352	2024			correct_baseline
4129181	2022	3	1.1683567332097602	correct_baseline
4129181	2023	3	1.1886925058104156	correct_baseline
4129181	2024	3	1.2090386635704218	correct_baseline
4129708	2022	3	1.067406285808544	correct_baseline
4129708	2023	3	1.075459828618512	correct_baseline
4129708	2024	3	1.0834333051699931	correct_baseline
4133390	2022			correct_baseline
4133390	2023			correct_baseline
4133390	2024			correct_baseline
4201607	2022	3	1.2274118004504861	correct_baseline
4201607	2023	3	1.2363176193731908	correct_baseline
4201607	2024	3	1.2447861599769956	correct_baseline
4201695	2022			correct_baseline
4201695	2023			correct_baseline
4201695	2024			correct_baseline
4201709	2022			correct_baseline
4201709	2023			correct_baseline
4201709	2024			correct_baseline
4264680	2022	0	0.7421422889775902	correct_baseline
4264680	2023	0	0.6972543239459391	correct_baseline
4264680	2024	0	0.6548524191424865	correct_baseline
4270548	2022			correct_baseline
4270548	2023			correct_baseline
4270548	2024			correct_baseline
4285968	2022			basic
4285968	2023			basic
4285968	2024			basic
4286942	2022	3	1.0572158421315867	basic
4286942	2023	3	1.0507871035301868	basic
4286942	2024	3	1.0442823475356207	basic
4286975	2022	3	1.0180259314122229	basic
4286975	2023	3	1.0123013864256072	basic
4286975	2024	1	1.0065101171115296	basic
4372686	2022	2	1.131321030938473	correct_baseline
4372686	2023	2	1.0422084333280555	correct_baseline
4372686	2024	0	0.958473441157959	correct_baseline
4382841	2022	3	1.0231367464410803	correct_baseline
4382841	2023	3	1.0226478693195553	correct_baseline
4382841	2024	3	1.0219058362666722	correct_baseline
4408455	2022	1	0.8387999914629526	correct_baseline
4408455	2023	1	0.8345291828328958	correct_baseline
4408455	2024	1	0.8301109107359568	correct_baseline
4409643	2022	0	0.8128623613697817	basic
4409643	2023	0	0.8007963480325451	basic
4409643	2024	0	0.788874695067945	basic
4427319	2022			correct_baseline
4427319	2023			correct_baseline
4427319	2024			correct_baseline
4460066	2022	3	1.1422854393352735	correct_baseline
4460066	2023	1	0.981557493068746	correct_baseline
4460066	2024	1	0.8281366810109152	correct_baseline
4483961	2022			correct_baseline
4483961	2023			correct_baseline
4483961	2024			correct_baseline
4483971	2022			correct_baseline
4483971	2023			correct_baseline
4483971	2024			correct_baseline
4484009	2022			correct_baseline
4484009	2023			correct_baseline
4484009	2024			correct_baseline
4484176	2022	3	1.1017315917545107	correct_baseline
4484176	2023	3	1.0826470863745241	correct_baseline
4484176	2024	3	1.06227759629503	correct_baseline
4485843	2022			correct_baseline
4485843	2023			correct_baseline
4485843	2024			correct_baseline
4486243	2022			correct_baseline
4486243	2023			correct_baseline
4486243	2024			correct_baseline
4486297	2022			correct_baseline
4486297	2023			correct_baseline
4486297	2024			correct_baseline
4486365	2022	0	0.5656274288153738	correct_baseline
4486365	2023	0	0.48702556171206596	correct_baseline
4486365	2024	0	0.4187073450757948	correct_baseline
4487370	2022			correct_baseline
4487370	2023			correct_baseline
4487370	2024			correct_baseline
4487598	2022			correct_baseline
4487598	2023			correct_baseline
4487598	2024			correct_baseline
4488821	2022			correct_baseline
4488821	2023			correct_baseline
4488821	2024			correct_baseline
4528100	2022			correct_baseline
4528100	2023			correct_baseline
4528100	2024			correct_baseline
4532122	2022	2	1.249411307520193	correct_baseline
4532122	2023	2	1.0722532116597494	correct_baseline
4532122	2024	0	0.9040960551879428	correct_baseline
4544661	2022			correct_baseline
4544661	2023			correct_baseline
4544661	2024			correct_baseline
4553469	2022			correct_baseline
4553469	2023			correct_baseline
4553469	2024			correct_baseline
4559541	2022			correct_baseline
4559541	2023			correct_baseline
4559541	2024			correct_baseline
4562529	2022			correct_baseline
4562529	2023			correct_baseline
4562529	2024			correct_baseline
4562917	2022	1	1.0026434845147594	correct_baseline
4562917	2023	1	0.9842414171594575	correct_baseline
4562917	2024	1	0.9659687683548412	correct_baseline
4565039	2022	3	1.2130734250527175	correct_baseline
4565039	2023	3	1.2126884611078417	correct_baseline
4565039	2024	3	1.2111604376248766	correct_baseline
4565061	2022			correct_baseline
4565061	2023			correct_baseline
4565061	2024			correct_baseline
4565134	2022			correct_baseline
4565134	2023			correct_baseline
4565134	2024			correct_baseline
4567717	2022	1	0.7249979446238904	correct_baseline
4567717	2023	1	0.6965410532807217	correct_baseline
4567717	2024	1	0.6688823571001413	correct_baseline
4568269	2022	0	0.49665050239405795	correct_baseline
4568269	2023	0	0.44190629401450876	correct_baseline
4568269	2024	0	0.39250744049251524	correct_baseline
4598225	2022			correct_baseline
4598225	2023			correct_baseline
4598225	2024			correct_baseline
4926336	2022			correct_baseline
4926336	2023			correct_baseline
4926336	2024			correct_baseline
4933624	2022	3	1.1392617581269258	correct_baseline
4933624	2023	3	1.1218469994150828	correct_baseline
4933624	2024	3	1.101433246749383	correct_baseline
4939668	2022			correct_baseline
4939668	2023			correct_baseline
4939668	2024			correct_baseline
4989904	2022	3	1.1741052070210691	correct_baseline
4989904	2023	3	1.139206352283649	correct_baseline
4989904	2024	3	1.1009897013239534	correct_baseline
5041466	2022			correct_baseline
5041466	2023			correct_baseline
5041466	2024			correct_baseline
5123474	2022			correct_baseline
5123474	2023			correct_baseline
5123474	2024			correct_baseline
5154481	2022			correct_baseline
5154481	2023			correct_baseline
5154481	2024			correct_baseline
5156102	2022	3	1.3009594186061266	correct_baseline
5156102	2023	3	1.2884403200376142	correct_baseline
5156102	2024	3	1.2758042127489777	correct_baseline
5179027	2022			correct_baseline
5179027	2023			correct_baseline
5179027	2024			correct_baseline
5185431	2022			correct_baseline
5185431	2023			correct_baseline
5185431	2024			correct_baseline
5188971	2022	3	1.0563876479201275	correct_baseline
5188971	2023	3	1.0426925162525373	correct_baseline
5188971	2024	3	1.0270995051347696	correct_baseline
5189713	2022			correct_baseline
5189713	2023			correct_baseline
5189713	2024			correct_baseline
5189806	2022	1	0.47004606854219655	correct_baseline
5189806	2023	1	0.4345113551764369	correct_baseline
5189806	2024	1	0.400894066788703	correct_baseline
5191102	2022			correct_baseline
5191102	2023			correct_baseline
5191102	2024			correct_baseline
5192470	2022	0	0.37606623450509746	correct_baseline
5192470	2023	0	0.3458227607406684	correct_baseline
5192470	2024	0	0.3178041015723115	correct_baseline
5204019	2022			basic
5204019	2023			basic
5204019	2024			basic
5218786	2022	3	1.2435671293769837	correct_baseline
5218786	2023	3	1.2533349800812728	correct_baseline
5218786	2024	3	1.2630873441941999	correct_baseline
5219858	2022	2	0.9926613521320248	correct_baseline
5219858	2023	3	1.0115904717237625	correct_baseline
5219858	2024	3	1.0305254681949383	correct_baseline
5220136	2022	3	1.2171451572798848	correct_baseline
5220136	2023	3	1.234929922105699	correct_baseline
5220136	2024	3	1.2527574740653427	correct_baseline
5227775	2022			correct_baseline
5227775	2023			correct_baseline
5227775	2024			correct_baseline
5228034	2022			correct_baseline
5228034	2023			correct_baseline
5228034	2024			correct_baseline
5228080	2022			correct_baseline
5228080	2023			correct_baseline
5228080	2024			correct_baseline
5229055	2022			correct_baseline
5229055	2023			correct_baseline
5229055	2024			correct_baseline
5229204	2022			correct_baseline
5229204	2023			correct_baseline
5229204	2024			correct_baseline
5229205	2022			correct_baseline
5229205	2023			correct_baseline
5229205	2024			correct_baseline
5229249	2022	1	0.9960873471911698	correct_baseline
5229249	2023	1	0.996534373786213	correct_baseline
5229249	2024	1	0.9966331640986844	correct_baseline
5232437	2022	1	1.0076786334850802	correct_baseline
5232437	2023	1	1.0005689108673144	correct_baseline
5232437	2024	1	0.9934968437989128	correct_baseline
5232451	2022	1	0.8002966009273733	correct_baseline
5232451	2023	1	0.7787754792605479	correct_baseline
5232451	2024	1	0.7576352907929313	correct_baseline
5232452	2022	1	0.8797780789364247	correct_baseline
5232452	2023	1	0.864874246924141	correct_baseline
5232452	2024	1	0.8501454920690864	correct_baseline
5281901	2022	3	1.1134602421941417	correct_baseline
5281901	2023	3	1.1164596709427035	correct_baseline
5281901	2024	3	1.1194634560730847	correct_baseline
5284237	2022			correct_baseline
5284237	2023			correct_baseline
5284237	2024			correct_baseline
5284809	2022	3	1.0153173655034953	correct_baseline
5284809	2023	3	1.0171454807323856	correct_baseline
5284809	2024	3	1.0189629182985673	correct_baseline
5284884	2022	1	0.9448506829374838	correct_baseline
5284884	2023	1	0.9422844095054396	correct_baseline
5284884	2024	1	0.9396699087643654	correct_baseline
5284950	2022			correct_baseline
5284950	2023			correct_baseline
5284950	2024			correct_baseline
5284982	2022	1	0.9754450081269642	correct_baseline
5284982	2023	1	0.9691502081737455	correct_baseline
5284982	2024	1	0.9618220870180251	correct_baseline
5285565	2022	3	1.0314491960124101	correct_baseline
5285565	2023	3	1.0320316771421592	correct_baseline
5285565	2024	3	1.032596938309358	correct_baseline
5285637	2022	1	0.8801972678686608	correct_baseline
5285637	2023	1	0.875459869785052	correct_baseline
5285637	2024	1	0.8707439596967597	correct_baseline
5289503	2022			correct_baseline
5289503	2023			correct_baseline
5289503	2024			correct_baseline
5289643	2022	1	0.8753260032683169	correct_baseline
5289643	2023	1	0.8710062549313755	correct_baseline
5289643	2024	1	0.8666983291801305	correct_baseline
5289666	2022	3	1.0294196464910548	correct_baseline
5289666	2023	3	1.0295576171624068	correct_baseline
5289666	2024	3	1.0296361426412517	correct_baseline
5289684	2022	3	1.0796652018153154	correct_baseline
5289684	2023	3	1.0826980550370888	correct_baseline
5289684	2024	3	1.085625257684533	correct_baseline
5289686	2022	3	1.0137761752397885	correct_baseline
5289686	2023	3	1.0121048098688306	correct_baseline
5289686	2024	3	1.0104231174982166	correct_baseline
5289693	2022	3	1.231940719785848	correct_baseline
5289693	2023	3	1.2397746832419136	correct_baseline
5289693	2024	3	1.2476386087209432	correct_baseline
5289744	2022	3	1.0170407466743625	correct_baseline
5289744	2023	3	1.0176191772365581	correct_baseline
5289744	2024	3	1.0180755069109573	correct_baseline
5289756	2022	0	0.926964870303856	correct_baseline
5289756	2023	0	0.9241027297175354	correct_baseline
5289756	2024	0	0.921244690812547	correct_baseline
5289833	2022	1	0.8432912373491722	correct_baseline
5289833	2023	1	0.8119341294973269	correct_baseline
5289833	2024	1	0.7803289324189832	correct_baseline
5289906	2022	0	0.5478865167919749	correct_baseline
5289906	2023	0	0.2490811532436275	correct_baseline
5289906	2024	0	0.09442396464611845	correct_baseline
5289913	2022			correct_baseline
5289913	2023			correct_baseline
5289913	2024			correct_baseline
5289917	2022	3	1.1370442208921705	correct_baseline
5289917	2023	3	1.1433569914360424	correct_baseline
5289917	2024	3	1.1494651904489948	correct_baseline
5289919	2022	3	1.1849209673431687	correct_baseline
5289919	2023	3	1.1829069382800468	correct_baseline
5289919	2024	3	1.1803985586126655	correct_baseline
5289972	2022	3	1.1506633507567696	correct_baseline
5289972	2023	3	1.1615049966033852	correct_baseline
5289972	2024	3	1.1723453983503873	correct_baseline
5290052	2022	3	1.0194411426630154	correct_baseline
5290052	2023	3	1.0214783454545056	correct_baseline
5290052	2024	3	1.0234620236703535	correct_baseline
5290177	2022	3	1.1733412416134514	correct_baseline
5290177	2023	3	1.1799365346661517	correct_baseline
5290177	2024	3	1.1865261174105952	correct_baseline
5296178	2022	1	0.9157112565710529	correct_baseline
5296178	2023	1	0.9145811149352907	correct_baseline
5296178	2024	1	0.9133657952506027	correct_baseline
5298069	2022	3	1.0917977858605978	correct_baseline
5298069	2023	3	1.097241239358686	correct_baseline
5298069	2024	3	1.102619357261258	correct_baseline
5298126	2022			correct_baseline
5298126	2023			correct_baseline
5298126	2024			correct_baseline
5298765	2022			correct_baseline
5298765	2023			correct_baseline
5298765	2024			correct_baseline
5299536	2022	1	0.9835260200495778	correct_baseline
5299536	2023	1	0.982450484655208	correct_baseline
5299536	2024	1	0.9813160565656374	correct_baseline
5304187	2022			correct_baseline
5304187	2023			correct_baseline
5304187	2024			correct_baseline
5304257	2022	3	1.0451384251604852	correct_baseline
5304257	2023	3	1.0437176861255981	correct_baseline
5304257	2024	3	1.0422193871015073	correct_baseline
5304294	2022	3	1.3801284963210694	correct_baseline
5304294	2023	3	1.3940067723648821	correct_baseline
5304294	2024	3	1.4079350272059588	correct_baseline
5328593	2022	3	1.0745831169221445	correct_baseline
5328593	2023	3	1.0389969875654876	correct_baseline
5328593	2024	1	1.002885684401985	correct_baseline
5328909	2022	3	1.2528906765600527	correct_baseline
5328909	2023	3	1.23021294430861	correct_baseline
5328909	2024	3	1.2014225272803434	correct_baseline
5329212	2022	1	1.0088108253837855	correct_baseline
5329212	2023	1	1.0088418889082937	correct_baseline
5329212	2024	1	1.0088647202324825	correct_baseline
5329263	2022	1	0.8564763018787068	correct_baseline
5329263	2023	1	0.8436806549162952	correct_baseline
5329263	2024	1	0.8306853547659644	correct_baseline
5330085	2022			correct_baseline
5330085	2023			correct_baseline
5330085	2024			correct_baseline
5330661	2022	3	1.2185311651699062	correct_baseline
5330661	2023	3	1.2258041269449653	correct_baseline
5330661	2024	3	1.233103419773385	correct_baseline
5331238	2022			correct_baseline
5331238	2023			correct_baseline
5331238	2024			correct_baseline
5333294	2022	3	1.2968011845784797	correct_baseline
5333294	2023	3	1.334637530736463	correct_baseline
5333294	2024	3	1.373445372863576	correct_baseline
5334227	2022			correct_baseline
5334227	2023			correct_baseline
5334227	2024			correct_baseline
5334240	2022	1	0.8518593527026216	correct_baseline
5334240	2023	1	0.7235745425638155	correct_baseline
5334240	2024	1	0.6012223913433847	correct_baseline
5334242	2022	3	1.0214060956277717	correct_baseline
5334242	2023	3	1.023073524262094	correct_baseline
5334242	2024	3	1.024081090253082	correct_baseline
5334351	2022	3	1.1387144438075607	correct_baseline
5334351	2023	3	1.1437504140426362	correct_baseline
5334351	2024	3	1.148182905491736	correct_baseline
5341201	2022	3	1.1679834668660063	correct_baseline
5341201	2023	3	1.1808713826620592	correct_baseline
5341201	2024	3	1.1936509907593615	correct_baseline
5341204	2022	3	1.0122997635991748	correct_baseline
5341204	2023	3	1.011206267284689	correct_baseline
5341204	2024	3	1.0100869187230193	correct_baseline
5341373	2022			correct_baseline
5341373	2023			correct_baseline
5341373	2024			correct_baseline
5341387	2022	0	0.4635818057376462	correct_baseline
5341387	2023	0	0.36421248630366776	correct_baseline
5341387	2024	0	0.2850714409980382	correct_baseline
5341497	2022	1	0.9867681035545128	correct_baseline
5341497	2023	1	0.8660172660012583	correct_baseline
5341497	2024	1	0.7465212132660058	correct_baseline
5341501	2022	3	1.2566904884434924	correct_baseline
5341501	2023	3	1.2635970229735527	correct_baseline
5341501	2024	3	1.2702279889987875	correct_baseline
5341754	2022	3	1.2484670944863956	correct_baseline
5341754	2023	3	1.2576281855079097	correct_baseline
5341754	2024	3	1.2667605972550375	correct_baseline
5347846	2022	0	0.7874706174667313	correct_baseline
5347846	2023	0	0.6701071675673682	correct_baseline
5347846	2024	0	0.5675927047705893	correct_baseline
5350005	2022	3	1.163103049153209	correct_baseline
5350005	2023	3	1.1677265378765083	correct_baseline
5350005	2024	3	1.1720969337515055	correct_baseline
5352251	2022	3	1.305082302859497	correct_baseline
5352251	2023	3	1.344154043482075	correct_baseline
5352251	2024	3	1.3842407665710077	correct_baseline
5354707	2022			correct_baseline
5354707	2023			correct_baseline
5354707	2024			correct_baseline
5355395	2022			correct_baseline
5355395	2023			correct_baseline
5355395	2024			correct_baseline
5356345	2022	1	1.0066615402655221	correct_baseline
5356345	2023	1	1.005370214422593	correct_baseline
5356345	2024	1	1.0039965949130163	correct_baseline
5356514	2022			correct_baseline
5356514	2023			correct_baseline
5356514	2024			correct_baseline
5356517	2022	3	1.2227598349483555	correct_baseline
5356517	2023	3	1.2224975643468383	correct_baseline
5356517	2024	3	1.2218796013835487	correct_baseline
5356662	2022			correct_baseline
5356662	2023			correct_baseline
5356662	2024			correct_baseline
5357407	2022	1	0.9785231841311365	correct_baseline
5357407	2023	1	0.9771576522298022	correct_baseline
5357407	2024	1	0.9754623276646562	correct_baseline
5358265	2022			correct_baseline
5358265	2023			correct_baseline
5358265	2024			correct_baseline
5358266	2022	1	0.8953326658542696	correct_baseline
5358266	2023	1	0.8969180997859157	correct_baseline
5358266	2024	1	0.898324196249313	correct_baseline
5358694	2022	1	0.9093712256813781	correct_baseline
5358694	2023	1	0.9107608662063009	correct_baseline
5358694	2024	1	0.9117352651918531	correct_baseline
5358907	2022	3	1.071481233062762	correct_baseline
5358907	2023	3	1.0825440375512194	correct_baseline
5358907	2024	3	1.0933905893806575	correct_baseline
5359175	2022	3	1.1353460052979971	correct_baseline
5359175	2023	3	1.1410060408421168	correct_baseline
5359175	2024	3	1.1466587812075077	correct_baseline
5359249	2022			correct_baseline
5359249	2023			correct_baseline
5359249	2024			correct_baseline
5359378	2022	3	1.387710136236872	correct_baseline
5359378	2023	3	1.4044846695269304	correct_baseline
5359378	2024	3	1.4213758364441555	correct_baseline
5361762	2022	0	0.5475027319243211	correct_baseline
5361762	2023	0	0.3947681283885137	correct_baseline
5361762	2024	0	0.28071940648048926	correct_baseline
5361785	2022	0	0.95556936326640185	correct_baseline
5361785	2023	0	0.9377119282537669	correct_baseline
5361785	2024	0	0.920045076443096	correct_baseline
5361880	2022	3	1.1102369623485187	correct_baseline
5361880	2023	3	1.1156676847442215	correct_baseline
5361880	2024	3	1.121083102819001	correct_baseline
5361888	2022			correct_baseline
5361888	2023			correct_baseline
5361888	2024			correct_baseline
5361909	2022	1	0.9896636879284832	correct_baseline
5361909	2023	1	0.9487370980893566	correct_baseline
5361909	2024	1	0.9083793956270094	correct_baseline
5362004	2022	3	1.0933176124004216	correct_baseline
5362004	2023	3	1.1000853237540216	correct_baseline
5362004	2024	3	1.1063894916325778	correct_baseline
5362054	2022	3	1.0139691331972986	correct_baseline
5362054	2023	1	0.98520373934404315	correct_baseline
5362054	2024	1	0.9569395804124048	correct_baseline
5362215	2022			correct_baseline
5362215	2023			correct_baseline
5362215	2024			correct_baseline
5362573	2022	3	1.0721370836028643	correct_baseline
5362573	2023	3	1.0704355824073608	correct_baseline
5362573	2024	3	1.068175826038772	correct_baseline
5363613	2022	3	1.084579531339073	correct_baseline
5363613	2023	3	1.089562952965075	correct_baseline
5363613	2024	3	1.093597609821795	correct_baseline
5365305	2022	0	0.8715495598628207	correct_baseline
5365305	2023	0	0.8674524191055075	correct_baseline
5365305	2024	0	0.8633631133219163	correct_baseline
5365705	2022	0	0.8535943012675812	correct_baseline
5365705	2023	0	0.8099969339246388	correct_baseline
5365705	2024	0	0.7683420272996787	correct_baseline
5365717	2022	3	1.262440358755476	correct_baseline
5365717	2023	3	1.2683574437619396	correct_baseline
5365717	2024	3	1.2742171721136832	correct_baseline
5367294	2022	3	1.1356644799051856	correct_baseline
5367294	2023	3	1.1411313416907778	correct_baseline
5367294	2024	3	1.1466100363861829	correct_baseline
5369784	2022	3	1.1889993620644843	correct_baseline
5369784	2023	3	1.1491920700510343	correct_baseline
5369784	2024	3	1.1098566392484048	correct_baseline
5370006	2022			correct_baseline
5370006	2023			correct_baseline
5370006	2024			correct_baseline
5370380	2022			correct_baseline
5370380	2023			correct_baseline
5370380	2024			correct_baseline
5371450	2022	3	1.0870740381626984	correct_baseline
5371450	2023	3	1.0930072660276877	correct_baseline
5371450	2024	3	1.0984677867247181	correct_baseline
5371605	2022			correct_baseline
5371605	2023			correct_baseline
5371605	2024			correct_baseline
5371702	2022	0	0.8246064453708198	correct_baseline
5371702	2023	0	0.6918357902415809	correct_baseline
5371702	2024	0	0.5768930738274511	correct_baseline
5371709	2022			correct_baseline
5371709	2023			correct_baseline
5371709	2024			correct_baseline
5371746	2022	3	1.0402085005070687	correct_baseline
5371746	2023	3	1.0428788569429561	correct_baseline
5371746	2024	3	1.045475537791246	correct_baseline
5371753	2022			correct_baseline
5371753	2023			correct_baseline
5371753	2024			correct_baseline
5371772	2022	1	0.9370893745751132	correct_baseline
5371772	2023	1	0.9333852665409027	correct_baseline
5371772	2024	1	0.9295787634082476	correct_baseline
5371808	2022	3	1.0824944992662433	correct_baseline
5371808	2023	3	1.0836498183549734	correct_baseline
5371808	2024	3	1.0847865071935328	correct_baseline
5371889	2022	1	0.7270582575485808	correct_baseline
5371889	2023	1	0.6635065985401158	correct_baseline
5371889	2024	1	0.6039106872983808	correct_baseline
5372392	2022	0	0.8229531542064756	correct_baseline
5372392	2023	0	0.7607962316463798	correct_baseline
5372392	2024	0	0.7026824046696144	correct_baseline
5372639	2022	1	1.0073876306740028	correct_baseline
5372639	2023	1	0.9571128269346276	correct_baseline
5372639	2024	1	0.9084754456148417	correct_baseline
5372647	2022	1	0.927820174245329	correct_baseline
5372647	2023	1	0.9241853630534298	correct_baseline
5372647	2024	1	0.9204497619793213	correct_baseline
5372655	2022			correct_baseline
5372655	2023			correct_baseline
5372655	2024			correct_baseline
5373124	2022			correct_baseline
5373124	2023			correct_baseline
5373124	2024			correct_baseline
5373160	2022	0	0.6933810203329216	correct_baseline
5373160	2023	0	0.36239293578933485	correct_baseline
5373160	2024	0	0.16244342392681996	correct_baseline
5373324	2022	3	1.2564989499129033	correct_baseline
5373324	2023	3	1.2639362220485895	correct_baseline
5373324	2024	3	1.271128104234824	correct_baseline
5373358	2022	0	1.0026084770479589	correct_baseline
5373358	2023	0	0.9352863264535837	correct_baseline
5373358	2024	0	0.8719217381186539	correct_baseline
5373368	2022	3	1.1275601619364646	correct_baseline
5373368	2023	3	1.1218726670523465	correct_baseline
5373368	2024	3	1.1157670754126605	correct_baseline
5374118	2022	0	0.9536877503098123	correct_baseline
5374118	2023	0	0.7590936273773778	correct_baseline
5374118	2024	0	0.5881398392643664	correct_baseline
5374614	2022	3	1.0121462788939959	correct_baseline
5374614	2023	3	1.013244354927571	correct_baseline
5374614	2024	3	1.0142291403846428	correct_baseline
5374672	2022	1	0.9958636209613457	correct_baseline
5374672	2023	1	0.9942974602839532	correct_baseline
5374672	2024	1	0.9921314558026106	correct_baseline
5375012	2022			correct_baseline
5375012	2023			correct_baseline
5375012	2024			correct_baseline
5375920	2022	3	1.247548386373099	correct_baseline
5375920	2023	3	1.2652452242703165	correct_baseline
5375920	2024	3	1.282962006311707	correct_baseline
5376565	2022	1	0.9721726687458032	correct_baseline
5376565	2023	1	0.9726188475054212	correct_baseline
5376565	2024	1	0.9730167754620502	correct_baseline
5376648	2022	3	1.131097114677615	correct_baseline
5376648	2023	3	1.13471887180174	correct_baseline
5376648	2024	3	1.138123711323809	correct_baseline
5376692	2022	3	1.1100681149810037	correct_baseline
5376692	2023	3	1.116128870756616	correct_baseline
5376692	2024	3	1.1221611996659604	correct_baseline
5376961	2022	3	1.1208037172895913	correct_baseline
5376961	2023	3	1.1214427505837279	correct_baseline
5376961	2024	3	1.1217149896539191	correct_baseline
5377060	2022	3	1.1395861063874209	correct_baseline
5377060	2023	3	1.1444073088463684	correct_baseline
5377060	2024	3	1.1490671157139143	correct_baseline
5377378	2022			correct_baseline
5377378	2023			correct_baseline
5377378	2024			correct_baseline
5383969	2022	3	1.0614565332394108	correct_baseline
5383969	2023	3	1.0724478423579433	correct_baseline
5383969	2024	3	1.0794167593987358	correct_baseline
5384361	2022	1	0.9231139239300887	correct_baseline
5384361	2023	1	0.9195729035020755	correct_baseline
5384361	2024	1	0.916007114645939	correct_baseline
5384364	2022	3	1.196552407817541	correct_baseline
5384364	2023	3	1.199060059733282	correct_baseline
5384364	2024	3	1.201532392080409	correct_baseline
5384466	2022			correct_baseline
5384466	2023			correct_baseline
5384466	2024			correct_baseline
5384741	2022	3	1.293550216295409	correct_baseline
5384741	2023	3	1.3007762549600126	correct_baseline
5384741	2024	3	1.3079261104153213	correct_baseline
5384848	2022	1	0.9060303669988572	correct_baseline
5384848	2023	1	0.8626571887864679	correct_baseline
5384848	2024	1	0.8202868671759086	correct_baseline
5384931	2022			correct_baseline
5384931	2023			correct_baseline
5384931	2024			correct_baseline
5384932	2022			correct_baseline
5384932	2023			correct_baseline
5384932	2024			correct_baseline
5386938	2022	3	1.2167897393731288	correct_baseline
5386938	2023	3	1.2295963382982522	correct_baseline
5386938	2024	3	1.242375395244807	correct_baseline
5388595	2022			correct_baseline
5388595	2023			correct_baseline
5388595	2024			correct_baseline
5389017	2022	3	1.1667688053402574	correct_baseline
5389017	2023	3	1.1701828345836336	correct_baseline
5389017	2024	3	1.1734415513988146	correct_baseline
5389029	2022	3	1.0478787832967376	correct_baseline
5389029	2023	3	1.0499259593136436	correct_baseline
5389029	2024	3	1.051969803684372	correct_baseline
5389173	2022	3	1.0651009450813949	correct_baseline
5389173	2023	3	1.068110534565493	correct_baseline
5389173	2024	3	1.0709738156388084	correct_baseline
5391480	2022	3	1.2021106294685773	correct_baseline
5391480	2023	3	1.2096339067588482	correct_baseline
5391480	2024	3	1.2171245548957799	correct_baseline
5392083	2022	0	0.8575768751646289	correct_baseline
5392083	2023	0	0.854302718048917	correct_baseline
5392083	2024	0	0.8510298810380913	correct_baseline
5392145	2022			correct_baseline
5392145	2023			correct_baseline
5392145	2024			correct_baseline
5392174	2022	3	1.1602353592238213	correct_baseline
5392174	2023	3	1.166374287275977	correct_baseline
5392174	2024	3	1.172429582104139	correct_baseline
5392243	2022	0	0.8506203458358702	correct_baseline
5392243	2023	1	0.5144751812700483	correct_baseline
5392243	2024	1	0.2809799328252539	correct_baseline
5392683	2022	3	1.050128726674047	correct_baseline
5392683	2023	3	1.0607884248896164	correct_baseline
5392683	2024	3	1.0710147536968107	correct_baseline
5392859	2022			correct_baseline
5392859	2023			correct_baseline
5392859	2024			correct_baseline
5392883	2022			correct_baseline
5392883	2023			correct_baseline
5392883	2024			correct_baseline
5396125	2022			correct_baseline
5396125	2023			correct_baseline
5396125	2024			correct_baseline
5396474	2022			correct_baseline
5396474	2023			correct_baseline
5396474	2024			correct_baseline
5401007	2022			correct_baseline
5401007	2023			correct_baseline
5401007	2024			correct_baseline
5401760	2022			correct_baseline
5401760	2023			correct_baseline
5401760	2024			correct_baseline
5403272	2022			correct_baseline
5403272	2023			correct_baseline
5403272	2024			correct_baseline
5403541	2022			correct_baseline
5403541	2023			correct_baseline
5403541	2024			correct_baseline
5406789	2022	0	0.9871445868424098	correct_baseline
5406789	2023	0	0.8673767680655952	correct_baseline
5406789	2024	0	0.7580056271672176	correct_baseline
5408087	2022	3	1.2449451744505382	correct_baseline
5408087	2023	3	1.2580964413589402	correct_baseline
5408087	2024	3	1.2707098017731813	correct_baseline
5408682	2022			correct_baseline
5408682	2023			correct_baseline
5408682	2024			correct_baseline
5410151	2022	2	1.0380357617684064	correct_baseline
5410151	2023	0	0.835221826439709	correct_baseline
5410151	2024	0	0.6586999878152814	correct_baseline
5410411	2022	3	1.3535282102650823	correct_baseline
5410411	2023	3	1.3616813751991985	correct_baseline
5410411	2024	3	1.3691866861745727	correct_baseline
5411408	2022	1	0.9308323805632468	correct_baseline
5411408	2023	1	0.9269187250621512	correct_baseline
5411408	2024	1	0.9229612597949608	correct_baseline
5414239	2022	1	0.893124068407312	correct_baseline
5414239	2023	1	0.8323535706189369	correct_baseline
5414239	2024	1	0.7748814600388398	correct_baseline
5414551	2022			correct_baseline
5414551	2023			correct_baseline
5414551	2024			correct_baseline
5414932	2022			correct_baseline
5414932	2023			correct_baseline
5414932	2024			correct_baseline
5415012	2022	0	0.8243690461657568	correct_baseline
5415012	2023	0	0.5574401902074512	correct_baseline
5415012	2024	0	0.361649573745879	correct_baseline
5415016	2022	3	1.0162163801109674	correct_baseline
5415016	2023	1	0.8144733343131966	correct_baseline
5415016	2024	1	0.61021130791133	correct_baseline
5415039	2022	3	1.172312560188519	correct_baseline
5415039	2023	3	1.1788003241471943	correct_baseline
5415039	2024	3	1.1853037850155046	correct_baseline
5415453	2022			correct_baseline
5415453	2023			correct_baseline
5415453	2024			correct_baseline
5415455	2022			correct_baseline
5415455	2023			correct_baseline
5415455	2024			correct_baseline
5415463	2022			correct_baseline
5415463	2023			correct_baseline
5415463	2024			correct_baseline
5420978	2022			correct_baseline
5420978	2023			correct_baseline
5420978	2024			correct_baseline
5420991	2022			correct_baseline
5420991	2023			correct_baseline
5420991	2024			correct_baseline
5421039	2022	0	0.988196912413449	correct_baseline
5421039	2023	0	0.9355947672266078	correct_baseline
5421039	2024	0	0.8851670969707766	correct_baseline
5421180	2022			correct_baseline
5421180	2023			correct_baseline
5421180	2024			correct_baseline
5533814	2022			correct_baseline
5533814	2023			correct_baseline
5533814	2024			correct_baseline
5538946	2022	1	0.9911683504228267	correct_baseline
5538946	2023	1	1.0011080009266933	correct_baseline
5538946	2024	3	1.0107100114356513	correct_baseline
5549949	2022			correct_baseline
5549949	2023			correct_baseline
5549949	2024			correct_baseline
5551241	2022			correct_baseline
5551241	2023			correct_baseline
5551241	2024			correct_baseline
5561475	2022	1	1.005866210859484	correct_baseline
5561475	2023	1	1.0091844133094088	correct_baseline
5561475	2024	3	1.0119164683426423	correct_baseline
5567694	2022			correct_baseline
5567694	2023			correct_baseline
5567694	2024			correct_baseline
5568339	2022	1	0.9991971508729258	correct_baseline
5568339	2023	1	0.9976529635392738	correct_baseline
5568339	2024	1	0.9959980317624674	correct_baseline
5568446	2022	3	1.1116702385778687	correct_baseline
5568446	2023	3	1.1150542700018655	correct_baseline
5568446	2024	3	1.1181367331052947	correct_baseline
5582033	2022			correct_baseline
5582033	2023			correct_baseline
5582033	2024			correct_baseline
5598598	2022			correct_baseline
5598598	2023			correct_baseline
5598598	2024			correct_baseline
5598915	2022	0	0.9546021334207191	correct_baseline
5598915	2023	0	0.9175526232975387	correct_baseline
5598915	2024	0	0.8816989923526825	correct_baseline
5712981	2022			correct_baseline
5712981	2023			correct_baseline
5712981	2024			correct_baseline
5806954	2022			correct_baseline
5806954	2023			correct_baseline
5806954	2024			correct_baseline
5825913	2022	1	1.0080461114341055	correct_baseline
5825913	2023	1	1.0059624333066597	correct_baseline
5825913	2024	1	1.003738773771951	correct_baseline
5828216	2022			correct_baseline
5828216	2023			correct_baseline
5828216	2024			correct_baseline
5831060	2022	2	1.015122798574552	correct_baseline
5831060	2023	0	0.7963822329467926	correct_baseline
5831060	2024	0	0.6068079919826628	correct_baseline
5846290	2022			correct_baseline
5846290	2023			correct_baseline
5846290	2024			correct_baseline
5851603	2022	3	1.0796832975566089	basic
5851603	2023	3	1.0814696350724746	basic
5851603	2024	3	1.0831394050462588	basic
5930559	2022	3	1.2630654991767778	correct_baseline
5930559	2023	3	1.2512978599335733	correct_baseline
5930559	2024	3	1.234305855768098	correct_baseline
5959231	2022			correct_baseline
5959231	2023			correct_baseline
5959231	2024			correct_baseline
6027089	2022	3	1.2676170553511152	correct_baseline
6027089	2023	3	1.2521566414554304	correct_baseline
6027089	2024	3	1.2335262960436555	correct_baseline
6085036	2022	1	0.9229514911245345	correct_baseline
6085036	2023	1	0.9236292202518908	correct_baseline
6085036	2024	1	0.9242646036156217	correct_baseline
6096602	2022	3	1.0954427309242858	correct_baseline
6096602	2023	3	1.0950659002700178	correct_baseline
6096602	2024	3	1.0945622585786394	correct_baseline
6098843	2022	3	1.1705294861272142	correct_baseline
6098843	2023	3	1.0153337928052697	correct_baseline
6098843	2024	1	0.8275489229837651	correct_baseline
6109534	2022	3	1.1168109410130256	correct_baseline
6109534	2023	3	1.121108827965439	correct_baseline
6109534	2024	3	1.1252323736447438	correct_baseline
6109535	2022	3	1.047995177280387	correct_baseline
6109535	2023	3	1.0498317406609792	correct_baseline
6109535	2024	3	1.0515260253787366	correct_baseline
6109611	2022	3	1.1315005965895573	correct_baseline
6109611	2023	3	1.1378832117232258	correct_baseline
6109611	2024	3	1.1441981097077256	correct_baseline
6109637	2022	3	1.0958133831631838	correct_baseline
6109637	2023	3	1.0981021091746401	correct_baseline
6109637	2024	3	1.1001587644966582	correct_baseline
6157026	2022	0	0.5345064329188353	correct_baseline
6157026	2023	0	0.48035923289222415	correct_baseline
6157026	2024	0	0.43122089649981404	correct_baseline
6157035	2022	0	0.5989612876153159	correct_baseline
6157035	2023	0	0.5054360835883032	correct_baseline
6157035	2024	0	0.4234564171394809	correct_baseline
6164210	2022			correct_baseline
6164210	2023			correct_baseline
6164210	2024			correct_baseline
6300805	2022	1	0.856448284074735	correct_baseline
6300805	2023	1	0.8515306318848659	correct_baseline
6300805	2024	1	0.8465457802712566	correct_baseline
6362904	2022	3	1.0265688947290408	correct_baseline
6362904	2023	1	1.0060479231577093	correct_baseline
6362904	2024	1	0.9854869015851548	correct_baseline
6363863	2022			correct_baseline
6363863	2023			correct_baseline
6363863	2024			correct_baseline
6369819	2022			correct_baseline
6369819	2023			correct_baseline
6369819	2024			correct_baseline
6376340	2022	3	1.050634309808762	correct_baseline
6376340	2023	3	1.0467035856353284	correct_baseline
6376340	2024	3	1.0424805315257302	correct_baseline
6387003	2022	0	0.8654606927908288	correct_baseline
6387003	2023	0	0.7557912849605383	correct_baseline
6387003	2024	0	0.6468408424483584	correct_baseline
6409536	2022	0	0.7849155653307469	correct_baseline
6409536	2023	1	0.7800806435057582	correct_baseline
6409536	2024	1	0.7752020021224783	correct_baseline
6411098	2022	0	0.6874386190365731	correct_baseline
6411098	2023	0	0.618296433736272	correct_baseline
6411098	2024	0	0.5557902040417575	correct_baseline
6443709	2022	3	1.1444339325488126	correct_baseline
6443709	2023	3	1.1414757697172713	correct_baseline
6443709	2024	3	1.1378971418622725	correct_baseline
6476679	2022			basic
6476679	2023			basic
6476679	2024			basic
7062200	2022	0	0.7604668822013242	correct_baseline
7062200	2023	0	0.7224521625044475	correct_baseline
7062200	2024	0	0.6861660829899369	correct_baseline
7068379	2022	0	0.8372188215910354	correct_baseline
7068379	2023	0	0.8215504828939383	correct_baseline
7068379	2024	0	0.8059259239992449	correct_baseline
7095665	2022	3	1.0964830812494273	correct_baseline
7095665	2023	3	1.1083964835765647	correct_baseline
7095665	2024	3	1.1200154835037082	correct_baseline
7102937	2022			correct_baseline
7102937	2023			correct_baseline
7102937	2024			correct_baseline
7111792	2022	3	1.0147861708603783	correct_baseline
7111792	2023	3	1.0125591076399796	correct_baseline
7111792	2024	1	1.0100202695515965	correct_baseline
7127354	2022			correct_baseline
7127354	2023			correct_baseline
7127354	2024			correct_baseline
7127810	2022	0	0.9458065943430781	correct_baseline
7127810	2023	0	0.8384950183733452	correct_baseline
7127810	2024	0	0.7399754015819011	correct_baseline
7135755	2022	3	1.0766478139221454	correct_baseline
7135755	2023	3	1.0400517266195626	correct_baseline
7135755	2024	1	1.0039712729227834	correct_baseline
7156971	2022			correct_baseline
7156971	2023			correct_baseline
7156971	2024			correct_baseline
7162908	2022			correct_baseline
7162908	2023			correct_baseline
7162908	2024			correct_baseline
7172831	2022			correct_baseline
7172831	2023			correct_baseline
7172831	2024			correct_baseline
7224157	2022	1	0.9318797409805403	correct_baseline
7224157	2023	1	0.9318766882975794	correct_baseline
7224157	2024	1	0.9316667131478152	correct_baseline
7224427	2022	0	0.8671857313194203	correct_baseline
7224427	2023	0	0.862541467669863	correct_baseline
7224427	2024	0	0.8579092502978333	correct_baseline
7225471	2022	1	0.8838147078962972	correct_baseline
7225471	2023	1	0.8788212545275381	correct_baseline
7225471	2024	1	0.873709248578394	correct_baseline
7226776	2022	1	0.932885124486313	correct_baseline
7226776	2023	1	0.934001603722509	correct_baseline
7226776	2024	1	0.9346487917403619	correct_baseline
7263145	2022			correct_baseline
7263145	2023			correct_baseline
7263145	2024			correct_baseline
7291264	2022	3	1.0855676091489377	correct_baseline
7291264	2023	3	1.0501107275859913	correct_baseline
7291264	2024	3	1.0139528367964379	correct_baseline
7291643	2022			correct_baseline
7291643	2023			correct_baseline
7291643	2024			correct_baseline
7315072	2022			correct_baseline
7315072	2023			correct_baseline
7315072	2024			correct_baseline
7315286	2022	1	0.9395482815593967	correct_baseline
7315286	2023	1	0.905336949136156	correct_baseline
7315286	2024	1	0.871744217518868	correct_baseline
7327990	2022	3	1.2081028252510202	correct_baseline
7327990	2023	3	1.2056646690491646	correct_baseline
7327990	2024	3	1.2028256169679148	correct_baseline
7332415	2022			correct_baseline
7332415	2023			correct_baseline
7332415	2024			correct_baseline
7344766	2022			correct_baseline
7344766	2023			correct_baseline
7344766	2024			correct_baseline
7346102	2022	3	1.1163597176215647	correct_baseline
7346102	2023	3	1.1191491493181267	correct_baseline
7346102	2024	3	1.1211921035426602	correct_baseline
7400250	2022	0	0.8725384904604204	correct_baseline
7400250	2023	0	0.8265182627313207	correct_baseline
7400250	2024	0	0.7825166615761939	correct_baseline
7403263	2022	1	0.9600927777661601	correct_baseline
7403263	2023	1	0.9608917640034655	correct_baseline
7403263	2024	1	0.9616338898775392	correct_baseline
7433196	2022			correct_baseline
7433196	2023			correct_baseline
7433196	2024			correct_baseline
7437751	2022			correct_baseline
7437751	2023			correct_baseline
7437751	2024			correct_baseline
7461690	2022			correct_baseline
7461690	2023			correct_baseline
7461690	2024			correct_baseline
7466434	2022	3	1.1518854409967902	correct_baseline
7466434	2023	3	1.1577866176301777	correct_baseline
7466434	2024	3	1.1636639669752182	correct_baseline
7540164	2022	0	0.653354804907837	correct_baseline
7540164	2023	0	0.6104747805164444	correct_baseline
7540164	2024	0	0.5702432329339494	correct_baseline
7627205	2022	3	1.1658389343851656	correct_baseline
7627205	2023	3	1.1729063672452968	correct_baseline
7627205	2024	3	1.1799135776130845	correct_baseline
7636833	2022			correct_baseline
7636833	2023			correct_baseline
7636833	2024			correct_baseline
7645931	2022	1	0.9827771088537326	correct_baseline
7645931	2023	1	0.9949103043660464	correct_baseline
7645931	2024	1	1.0062282725994933	correct_baseline
7671397	2022	1	1.0021036799609762	correct_baseline
7671397	2023	1	0.9988748663464996	correct_baseline
7671397	2024	1	0.9950157406380966	correct_baseline
7678610	2022	3	1.327113048791804	correct_baseline
7678610	2023	3	1.340041722018384	correct_baseline
7678610	2024	3	1.3530057170311782	correct_baseline
7681436	2022			correct_baseline
7681436	2023			correct_baseline
7681436	2024			correct_baseline
7695021	2022			correct_baseline
7695021	2023			correct_baseline
7695021	2024			correct_baseline
7733140	2022	3	1.225840108019651	correct_baseline
7733140	2023	3	1.2424214776540736	correct_baseline
7733140	2024	3	1.2590766217271832	correct_baseline
7738766	2022			correct_baseline
7738766	2023			correct_baseline
7738766	2024			correct_baseline
7740617	2022			correct_baseline
7740617	2023			correct_baseline
7740617	2024			correct_baseline
7747216	2022	3	1.0369931499693443	correct_baseline
7747216	2023	3	1.0381300548229222	correct_baseline
7747216	2024	3	1.039256624855859	correct_baseline
7763534	2022			correct_baseline
7763534	2023			correct_baseline
7763534	2024			correct_baseline
7764700	2022			correct_baseline
7764700	2023			correct_baseline
7764700	2024			correct_baseline
7795888	2022	3	1.2833489894584569	correct_baseline
7795888	2023	3	1.2954827893930758	correct_baseline
7795888	2024	3	1.3076815048524655	correct_baseline
7802465	2022	3	1.1515132117705054	correct_baseline
7802465	2023	3	1.0942743822389827	correct_baseline
7802465	2024	3	1.035461984808923	correct_baseline
7810918	2022	3	1.0291470239194982	correct_baseline
7810918	2023	3	1.0294945845404286	correct_baseline
7810918	2024	3	1.0297797392147645	correct_baseline
7818643	2022			correct_baseline
7818643	2023			correct_baseline
7818643	2024			correct_baseline
7820753	2022	3	1.2150832029160183	correct_baseline
7820753	2023	3	1.2122328585382027	correct_baseline
7820753	2024	3	1.208183494236503	correct_baseline
7828157	2022	0	0.6248462946451356	correct_baseline
7828157	2023	0	0.4261395169365892	correct_baseline
7828157	2024	0	0.2833636460763287	correct_baseline
7844167	2022	3	1.1695726497685124	correct_baseline
7844167	2023	3	1.1759868694606523	correct_baseline
7844167	2024	3	1.1820814047474877	correct_baseline
7855120	2022			correct_baseline
7855120	2023			correct_baseline
7855120	2024			correct_baseline
7881150	2022			correct_baseline
7881150	2023			correct_baseline
7881150	2024			correct_baseline
7889822	2022	0	0.770795824969709	correct_baseline
7889822	2023	0	0.7110722956711474	correct_baseline
7889822	2024	0	0.6554719841056224	correct_baseline
7901652	2022			correct_baseline
7901652	2023			correct_baseline
7901652	2024			correct_baseline
7903057	2022	3	1.1705871271029447	correct_baseline
7903057	2023	3	1.1784191314897117	correct_baseline
7903057	2024	3	1.1859239399138084	correct_baseline
7905507	2022	1	1.005911061568607	correct_baseline
7905507	2023	1	1.001108816551706	correct_baseline
7905507	2024	1	0.9955563222367453	correct_baseline
7915783	2022	0	0.8791524431937775	correct_baseline
7915783	2023	0	0.8158319019024435	correct_baseline
7915783	2024	0	0.7563951519373943	correct_baseline
7978544	2022	1	0.9610472469958233	correct_baseline
7978544	2023	1	0.9293392491393001	correct_baseline
7978544	2024	1	0.8982087418198466	correct_baseline
7989836	2022	0	0.708086282703692	correct_baseline
7989836	2023	0	0.4427370251630137	correct_baseline
7989836	2024	0	0.25575542991475536	correct_baseline
8002952	2022	3	1.1710167248036247	correct_baseline
8002952	2023	3	1.1771119625436761	correct_baseline
8002952	2024	3	1.1832231924369068	correct_baseline
8012439	2022	3	1.2271064171474644	correct_baseline
8012439	2023	3	1.2459531069038234	correct_baseline
8012439	2024	3	1.2648855884005819	correct_baseline
8014163	2022	3	1.1693005112458885	correct_baseline
8014163	2023	3	1.1941702131133087	correct_baseline
8014163	2024	3	1.2038461801827747	correct_baseline
8080743	2022			correct_baseline
8080743	2023			correct_baseline
8080743	2024			correct_baseline
8091998	2022	1	0.9990894073003549	correct_baseline
8091998	2023	1	0.9991979300223	correct_baseline
8091998	2024	1	0.9992521935421497	correct_baseline
8133114	2022			correct_baseline
8133114	2023			correct_baseline
8133114	2024			correct_baseline
8149923	2022			correct_baseline
8149923	2023			correct_baseline
8149923	2024			correct_baseline
8168344	2022	0	0.6121548103675795	correct_baseline
8168344	2023	0	0.5343721644226613	correct_baseline
8168344	2024	0	0.4662596366258986	correct_baseline
8170635	2022	3	1.178277645237302	correct_baseline
8170635	2023	3	1.1857601569398517	correct_baseline
8170635	2024	3	1.1923698357429662	correct_baseline
8183217	2022	3	1.0310737364625473	correct_baseline
8183217	2023	3	1.030508409485257	correct_baseline
8183217	2024	3	1.0299083929259425	correct_baseline
8190077	2022	3	1.0918844536010073	correct_baseline
8190077	2023	3	1.094475877243663	correct_baseline
8190077	2024	3	1.097064098244019	correct_baseline
8190231	2022	3	1.1793380722586801	correct_baseline
8190231	2023	3	1.1844083423707905	correct_baseline
8190231	2024	3	1.1886546870502972	correct_baseline
8193111	2022	3	1.0166252379099718	correct_baseline
8193111	2023	3	1.0127255282021161	correct_baseline
8193111	2024	1	1.0086359771850377	correct_baseline
8200663	2022	3	1.2374185848279509	correct_baseline
8200663	2023	3	1.2503141830317643	correct_baseline
8200663	2024	3	1.2631769954860463	correct_baseline
8288647	2022	0	0.7837095044021406	correct_baseline
8288647	2023	0	0.6402355551620379	correct_baseline
8288647	2024	0	0.5184755944312213	correct_baseline
8288930	2022	0	0.5712951188325232	correct_baseline
8288930	2023	0	0.5071479220262219	correct_baseline
8288930	2024	0	0.4499061616236215	correct_baseline
8298495	2022	3	1.1854064894368868	correct_baseline
8298495	2023	3	1.1992264847269312	correct_baseline
8298495	2024	3	1.2130589053526428	correct_baseline
8313153	2022	3	1.09526169335348	correct_baseline
8313153	2023	3	1.097147184931389	correct_baseline
8313153	2024	3	1.0989983659010876	correct_baseline
8323485	2022			correct_baseline
8323485	2023			correct_baseline
8323485	2024			correct_baseline
8332019	2022			correct_baseline
8332019	2023			correct_baseline
8332019	2024			correct_baseline
8358048	2022			correct_baseline
8358048	2023			correct_baseline
8358048	2024			correct_baseline
8362005	2022			correct_baseline
8362005	2023			correct_baseline
8362005	2024			correct_baseline
8373355	2022			correct_baseline
8373355	2023			correct_baseline
8373355	2024			correct_baseline
8406661	2022			correct_baseline
8406661	2023			correct_baseline
8406661	2024			correct_baseline
8427624	2022	3	1.1995198829391096	correct_baseline
8427624	2023	3	1.195344316231969	correct_baseline
8427624	2024	3	1.1909184830493602	correct_baseline
8485639	2022	3	1.3106212460324547	correct_baseline
8485639	2023	3	1.3508438746776412	correct_baseline
8485639	2024	3	1.3892757886618834	correct_baseline
8537667	2022	3	1.0639590079798995	correct_baseline
8537667	2023	3	1.0796829981511906	correct_baseline
8537667	2024	3	1.094941628391178	correct_baseline
8584304	2022	3	1.0183801464566091	correct_baseline
8584304	2023	3	1.0189257320520244	correct_baseline
8584304	2024	3	1.0194505571055772	correct_baseline
8599762	2022	0	0.6884057071752444	correct_baseline
8599762	2023	0	0.4339822318042164	correct_baseline
8599762	2024	0	0.2519920432009546	correct_baseline
8701771	2022	3	1.550300533040508	basic
8701771	2023	3	2.2464117535320622	basic
8701771	2024	3	3.022810647770156	basic
8741260	2022	2	1.0375014969295964	correct_baseline
8741260	2023	0	0.9345560228852107	correct_baseline
8741260	2024	0	0.8372445772317629	correct_baseline
8745918	2022	2	0.9172656796986257	correct_baseline
8745918	2023	3	1.0411187869813339	correct_baseline
8745918	2024	3	1.1690964286472587	correct_baseline
8848208	2022			correct_baseline
8848208	2023			correct_baseline
8848208	2024			correct_baseline
8909595	2022	3	1.0789215287539553	correct_baseline
8909595	2023	3	1.0915053587935557	correct_baseline
8909595	2024	3	1.1038379481170297	correct_baseline
8911082	2022	3	1.1419028884622666	correct_baseline
8911082	2023	3	1.1456231619608155	correct_baseline
8911082	2024	3	1.1489680812965912	correct_baseline
8946295	2022	1	0.8675659320585319	correct_baseline
8946295	2023	1	0.8652469698907391	correct_baseline
8946295	2024	1	0.8628669888525003	correct_baseline
8994150	2022	3	1.0897120622697718	correct_baseline
8994150	2023	3	1.0956249026950942	correct_baseline
8994150	2024	3	1.1013583475147797	correct_baseline
9018536	2022			correct_baseline
9018536	2023			correct_baseline
9018536	2024			correct_baseline
9073641	2022	1	0.8799973337174053	correct_baseline
9073641	2023	1	0.87751626335547	correct_baseline
9073641	2024	1	0.8744000395118828	correct_baseline
9080185	2022	1	0.9615561844036521	correct_baseline
9080185	2023	1	0.9635741911609488	correct_baseline
9080185	2024	1	0.9654965562070702	correct_baseline
9148577	2022	3	1.0342276516868987	correct_baseline
9148577	2023	3	1.0422625141505355	correct_baseline
9148577	2024	3	1.0501756985450725	correct_baseline
9151957	2022	3	1.2987293021404414	correct_baseline
9151957	2023	3	1.316677469169678	correct_baseline
9151957	2024	3	1.3346522219931387	correct_baseline
9153437	2022			correct_baseline
9153437	2023			correct_baseline
9153437	2024			correct_baseline
9177060	2022	3	1.0463478921096823	correct_baseline
9177060	2023	3	1.048832016808104	correct_baseline
9177060	2024	3	1.051249358990822	correct_baseline
9188840	2022	1	0.9995532231665671	correct_baseline
9188840	2023	1	1.0022013820354607	correct_baseline
9188840	2024	1	1.004721982727795	correct_baseline
9202318	2022	3	1.125230401616822	correct_baseline
9202318	2023	3	1.1313529516128948	correct_baseline
9202318	2024	3	1.1374684006210884	correct_baseline
9206251	2022	3	1.1358368531023784	correct_baseline
9206251	2023	3	1.1388601002590595	correct_baseline
9206251	2024	3	1.141832481504387	correct_baseline
9305555	2022	3	1.2242440056182957	correct_baseline
9305555	2023	3	1.2490922934570463	correct_baseline
9305555	2024	3	1.274018725789792	correct_baseline
9326020	2022	1	0.8907874382860493	correct_baseline
9326020	2023	1	0.8632313974705405	correct_baseline
9326020	2024	1	0.8363011524413471	correct_baseline
9376410	2022			correct_baseline
9376410	2023			correct_baseline
9376410	2024			correct_baseline
9382645	2022			correct_baseline
9382645	2023			correct_baseline
9382645	2024			correct_baseline
9398259	2022	1	0.9364030910234339	correct_baseline
9398259	2023	1	0.9241039472256545	correct_baseline
9398259	2024	1	0.9118682075947616	correct_baseline
9419993	2022	3	1.0254719277030617	correct_baseline
9419993	2023	1	0.9989223350940056	correct_baseline
9419993	2024	1	0.9662517563269193	correct_baseline
9442269	2022			correct_baseline
9442269	2023			correct_baseline
9442269	2024			correct_baseline
9451184	2022	0	0.955565854284892	correct_baseline
9451184	2023	0	0.872553667164497	correct_baseline
9451184	2024	0	0.7916675341382724	correct_baseline
9508460	2022	1	0.9192744181473319	correct_baseline
9508460	2023	1	0.9159125809896468	correct_baseline
9508460	2024	1	0.9124686834663174	correct_baseline
9520065	2022	0	0.3631295953574272	correct_baseline
9520065	2023	0	0.33820235598832254	correct_baseline
9520065	2024	0	0.31497629028736984	correct_baseline
9673106	2022			correct_baseline
9673106	2023			correct_baseline
9673106	2024			correct_baseline
9752149	2022	3	1.178149945612062	correct_baseline
9752149	2023	3	1.1812347227671929	correct_baseline
9752149	2024	3	1.1843090405723706	correct_baseline
9823072	2022	3	1.1067676246680243	correct_baseline
9823072	2023	3	1.1142606200538838	correct_baseline
9823072	2024	3	1.1216465507876507	correct_baseline
9890104	2022			correct_baseline
9890104	2023			correct_baseline
9890104	2024			correct_baseline
10071055	2022	3	1.0849380887768152	correct_baseline
10071055	2023	3	1.0855616803701247	correct_baseline
10071055	2024	3	1.0859246386384294	correct_baseline
10095118	2022			correct_baseline
10095118	2023			correct_baseline
10095118	2024			correct_baseline
10801424	2022			correct_baseline
10801424	2023			correct_baseline
10801424	2024			correct_baseline
11007246	2022			correct_baseline
11007246	2023			correct_baseline
11007246	2024			correct_baseline
11162940	2022	1	0.887827756702444	correct_baseline
11162940	2023	1	0.8855162676085032	correct_baseline
11162940	2024	1	0.8831917644441143	correct_baseline
