taxonKey	year	em_status	growth	method
1017419	2022			correct_baseline
1017419	2023			correct_baseline
1017419	2024			correct_baseline
1031394	2022	1	0.8554268654854043	correct_baseline
1031394	2023	1	0.8204256818820524	correct_baseline
1031394	2024	1	0.7865635357304589	correct_baseline
1031400	2022	0	0.6759934952010799	correct_baseline
1031400	2023	0	0.6268778100178004	correct_baseline
1031400	2024	0	0.5810149566759477	correct_baseline
1031684	2022	3	1.1556742801246664	correct_baseline
1031684	2023	3	1.1528190796929694	correct_baseline
1031684	2024	3	1.1495465470584283	correct_baseline
1031742	2022			correct_baseline
1031742	2023			correct_baseline
1031742	2024			correct_baseline
1047536	2022	3	1.5346214370577134	correct_baseline
1047536	2023	3	1.5499667046534924	correct_baseline
1047536	2024	3	1.5653699746056748	correct_baseline
1095946	2022			correct_baseline
1095946	2023			correct_baseline
1095946	2024			correct_baseline
1111797	2022			correct_baseline
1111797	2023			correct_baseline
1111797	2024			correct_baseline
1309600	2022	0	0.6249221926062637	correct_baseline
1309600	2023	0	0.5588366793467561	correct_baseline
1309600	2024	0	0.4974958424581199	correct_baseline
1309606	2022			correct_baseline
1309606	2023			correct_baseline
1309606	2024			correct_baseline
1309652	2022	0	0.44841605337802243	correct_baseline
1309652	2023	2	0.7264296444282468	correct_baseline
1309652	2024	3	1.090497908950608	correct_baseline
1311477	2022	3	2.086614222527454	correct_baseline
1311477	2023	3	2.1472317016899227	correct_baseline
1311477	2024	3	2.2088761890107027	correct_baseline
1313740	2022			correct_baseline
1313740	2023			correct_baseline
1313740	2024			correct_baseline
1314773	2022	0	0.7976229538731583	correct_baseline
1314773	2023	0	0.7877561055773323	correct_baseline
1314773	2024	0	0.7778976529128018	correct_baseline
1316908	2022			correct_baseline
1316908	2023			correct_baseline
1316908	2024			correct_baseline
1346919	2022	0	0.5500762184395833	correct_baseline
1346919	2023	0	0.24232798069088207	correct_baseline
1346919	2024	0	0.099326311114649	correct_baseline
1411953	2022			correct_baseline
1411953	2023			correct_baseline
1411953	2024			correct_baseline
1421091	2022	3	1.4347007593964325	correct_baseline
1421091	2023	3	1.451517570288017	correct_baseline
1421091	2024	3	1.468343000611555	correct_baseline
1577153	2022			correct_baseline
1577153	2023			correct_baseline
1577153	2024			correct_baseline
1579447	2022	3	1.7462022423040426	correct_baseline
1579447	2023	3	1.6598011802809516	correct_baseline
1579447	2024	3	1.4853009337380796	correct_baseline
1622599	2022	0	0.862465697865697	correct_baseline
1622599	2023	0	0.5528352766951165	correct_baseline
1622599	2024	0	0.33584755432887503	correct_baseline
1622658	2022			correct_baseline
1622658	2023			correct_baseline
1622658	2024			correct_baseline
1626096	2022	3	1.2506914266367686	correct_baseline
1626096	2023	3	1.221271015911786	correct_baseline
1626096	2024	3	1.1773077140273016	correct_baseline
1651430	2022			correct_baseline
1651430	2023			correct_baseline
1651430	2024			correct_baseline
1652212	2022			correct_baseline
1652212	2023			correct_baseline
1652212	2024			correct_baseline
1690429	2022	0	0.8446029792258248	correct_baseline
1690429	2023	0	0.824826713548687	correct_baseline
1690429	2024	0	0.8054405260976908	correct_baseline
1702101	2022	0	0.46756744502209896	correct_baseline
1702101	2023	0	0.3638254601197812	correct_baseline
1702101	2024	0	0.2816464354858556	correct_baseline
1713034	2022			correct_baseline
1713034	2023			correct_baseline
1713034	2024			correct_baseline
1718308	2022	3	1.144192467851351	correct_baseline
1718308	2023	3	1.1502538669205182	correct_baseline
1718308	2024	3	1.1562454427571707	correct_baseline
1719204	2022			correct_baseline
1719204	2023			correct_baseline
1719204	2024			correct_baseline
1722299	2022			correct_baseline
1722299	2023			correct_baseline
1722299	2024			correct_baseline
1737131	2022			correct_baseline
1737131	2023			correct_baseline
1737131	2024			correct_baseline
1749449	2022	3	1.0859419391703624	correct_baseline
1749449	2023	1	0.9898030640369563	correct_baseline
1749449	2024	1	0.8941256302037783	correct_baseline
1749580	2022	1	0.8686371508178091	correct_baseline
1749580	2023	1	0.8390616382472436	correct_baseline
1749580	2024	1	0.8098275716026517	correct_baseline
1751299	2022	3	1.0163374291886316	correct_baseline
1751299	2023	1	1.00595818782077	correct_baseline
1751299	2024	1	0.9954127098792908	correct_baseline
1798504	2022			correct_baseline
1798504	2023			correct_baseline
1798504	2024			correct_baseline
1830823	2022			correct_baseline
1830823	2023			correct_baseline
1830823	2024			correct_baseline
1852787	2022			correct_baseline
1852787	2023			correct_baseline
1852787	2024			correct_baseline
1852831	2022			correct_baseline
1852831	2023			correct_baseline
1852831	2024			correct_baseline
1873890	2022			correct_baseline
1873890	2023			correct_baseline
1873890	2024			correct_baseline
1873903	2022			correct_baseline
1873903	2023			correct_baseline
1873903	2024			correct_baseline
1885213	2022			correct_baseline
1885213	2023			correct_baseline
1885213	2024			correct_baseline
1891245	2022			correct_baseline
1891245	2023			correct_baseline
1891245	2024			correct_baseline
1920491	2022			correct_baseline
1920491	2023			correct_baseline
1920491	2024			correct_baseline
1932752	2022			correct_baseline
1932752	2023			correct_baseline
1932752	2024			correct_baseline
1941864	2022			correct_baseline
1941864	2023			correct_baseline
1941864	2024			correct_baseline
1997215	2022	3	1.5797479634469325	correct_baseline
1997215	2023	3	1.6232826810671155	correct_baseline
1997215	2024	3	1.6678105404837615	correct_baseline
1998083	2022			correct_baseline
1998083	2023			correct_baseline
1998083	2024			correct_baseline
1998599	2022			correct_baseline
1998599	2023			correct_baseline
1998599	2024			correct_baseline
2000152	2022			correct_baseline
2000152	2023			correct_baseline
2000152	2024			correct_baseline
2000204	2022	3	1.321507035038022	correct_baseline
2000204	2023	3	1.2936910168779954	correct_baseline
2000204	2024	3	1.2625268368504796	correct_baseline
2008616	2022	1	0.9479444445298358	correct_baseline
2008616	2023	3	1.0626859886364806	correct_baseline
2008616	2024	3	1.083397318666808	correct_baseline
2020655	2022	3	1.3636753203124914	correct_baseline
2020655	2023	3	1.3579510268139898	correct_baseline
2020655	2024	3	1.3516065455287336	correct_baseline
2020686	2022	3	1.0856660887081793	correct_baseline
2020686	2023	3	1.0739151360920933	correct_baseline
2020686	2024	3	1.0621171453767044	correct_baseline
2020779	2022			correct_baseline
2020779	2023			correct_baseline
2020779	2024			correct_baseline
2026623	2022			correct_baseline
2026623	2023			correct_baseline
2026623	2024			correct_baseline
2029273	2022			correct_baseline
2029273	2023			correct_baseline
2029273	2024			correct_baseline
2037925	2022	3	1.4700106723107338	correct_baseline
2037925	2023	3	1.410128083817909	correct_baseline
2037925	2024	3	1.3410510520183185	correct_baseline
2037991	2022			correct_baseline
2037991	2023			correct_baseline
2037991	2024			correct_baseline
2038171	2022	3	1.1038344699989333	correct_baseline
2038171	2023	3	1.1052179000965836	correct_baseline
2038171	2024	3	1.1063006630043581	correct_baseline
2041682	2022	3	1.2460412189990182	correct_baseline
2041682	2023	3	1.2344252357508911	correct_baseline
2041682	2024	3	1.2228033272147318	correct_baseline
2049296	2022			correct_baseline
2049296	2023			correct_baseline
2049296	2024			correct_baseline
2049661	2022	1	0.8905056164686334	correct_baseline
2049661	2023	1	0.8478661855281608	correct_baseline
2049661	2024	1	0.8050615593113474	correct_baseline
2072196	2022			correct_baseline
2072196	2023			correct_baseline
2072196	2024			correct_baseline
2077209	2022			correct_baseline
2077209	2023			correct_baseline
2077209	2024			correct_baseline
2077985	2022			correct_baseline
2077985	2023			correct_baseline
2077985	2024			correct_baseline
2078259	2022			correct_baseline
2078259	2023			correct_baseline
2078259	2024			correct_baseline
2078852	2022	2	1.470106223181648	correct_baseline
2078852	2023	2	1.180060436011405	correct_baseline
2078852	2024	0	0.9281062084429235	correct_baseline
2080592	2022			correct_baseline
2080592	2023			correct_baseline
2080592	2024			correct_baseline
2092040	2022			correct_baseline
2092040	2023			correct_baseline
2092040	2024			correct_baseline
2095283	2022			correct_baseline
2095283	2023			correct_baseline
2095283	2024			correct_baseline
2115769	2022	1	0.9013946878774685	basic
2115769	2023	1	0.8614026245237756	basic
2115769	2024	1	0.8227747865579981	basic
2128502	2022			correct_baseline
2128502	2023			correct_baseline
2128502	2024			correct_baseline
2142456	2022	0	0.7330163528676668	correct_baseline
2142456	2023	0	0.6765008041871774	correct_baseline
2142456	2024	0	0.6238158800604799	correct_baseline
2149679	2022	0	0.6964055276150225	correct_baseline
2149679	2023	0	0.6573368769847565	correct_baseline
2149679	2024	0	0.6202906342909931	correct_baseline
2153287	2022	3	1.8159976069455368	correct_baseline
2153287	2023	3	1.8700333525149617	correct_baseline
2153287	2024	3	1.9239966632743348	correct_baseline
2157203	2022			correct_baseline
2157203	2023			correct_baseline
2157203	2024			correct_baseline
2157245	2022	0	0.6772199081683201	correct_baseline
2157245	2023	0	0.6040952496893619	correct_baseline
2157245	2024	0	0.5384432344610932	correct_baseline
2164198	2022			correct_baseline
2164198	2023			correct_baseline
2164198	2024			correct_baseline
2169430	2022			correct_baseline
2169430	2023			correct_baseline
2169430	2024			correct_baseline
2174528	2022			correct_baseline
2174528	2023			correct_baseline
2174528	2024			correct_baseline
2176858	2022			correct_baseline
2176858	2023			correct_baseline
2176858	2024			correct_baseline
2177741	2022	1	0.9189222347050946	correct_baseline
2177741	2023	1	0.8980954148725536	correct_baseline
2177741	2024	1	0.8767646394105487	correct_baseline
2188249	2022			correct_baseline
2188249	2023			correct_baseline
2188249	2024			correct_baseline
2204981	2022			correct_baseline
2204981	2023			correct_baseline
2204981	2024			correct_baseline
2211599	2022			correct_baseline
2211599	2023			correct_baseline
2211599	2024			correct_baseline
2217982	2022	3	1.5771771957316512	correct_baseline
2217982	2023	3	1.8051985655070526	correct_baseline
2217982	2024	3	2.065896075302269	correct_baseline
2220312	2022	1	0.8778014052760655	correct_baseline
2220312	2023	1	0.8672264056536472	correct_baseline
2220312	2024	1	0.8566226857056696	correct_baseline
2220347	2022	3	1.1937057266083413	correct_baseline
2220347	2023	3	1.2185103267634316	correct_baseline
2220347	2024	3	1.2385907174085762	correct_baseline
2225772	2022	3	1.1786637495422594	correct_baseline
2225772	2023	3	1.159002995092644	correct_baseline
2225772	2024	3	1.1394026880274315	correct_baseline
2225776	2022	3	1.0530020612905324	correct_baseline
2225776	2023	3	1.0444106349988482	correct_baseline
2225776	2024	3	1.0356649692764621	correct_baseline
2226990	2022	3	1.057834139716061	correct_baseline
2226990	2023	3	1.0557813062041568	correct_baseline
2226990	2024	3	1.053712707858194	correct_baseline
2227289	2022	3	1.3646194435985688	correct_baseline
2227289	2023	3	1.3614589697168842	correct_baseline
2227289	2024	3	1.3550079822696337	correct_baseline
2227300	2022	3	1.354945319181717	correct_baseline
2227300	2023	3	1.3728914158608745	correct_baseline
2227300	2024	3	1.3909611692955082	correct_baseline
2227663	2022	1	0.9784605031691825	correct_baseline
2227663	2023	1	0.978227407712947	correct_baseline
2227663	2024	1	0.9779441658368168	correct_baseline
2285504	2022			correct_baseline
2285504	2023			correct_baseline
2285504	2024			correct_baseline
2286388	2022			correct_baseline
2286388	2023			correct_baseline
2286388	2024			correct_baseline
2287072	2022	1	0.9756325727508043	correct_baseline
2287072	2023	1	0.9728739968936881	correct_baseline
2287072	2024	1	0.9701006025180141	correct_baseline
2287073	2022			correct_baseline
2287073	2023			correct_baseline
2287073	2024			correct_baseline
2288926	2022			correct_baseline
2288926	2023			correct_baseline
2288926	2024			correct_baseline
2294275	2022			correct_baseline
2294275	2023			correct_baseline
2294275	2024			correct_baseline
2294277	2022	1	0.8754998929432743	correct_baseline
2294277	2023	1	0.8441682888680108	correct_baseline
2294277	2024	1	0.8137044783454412	correct_baseline
2294284	2022	0	0.32297952963957627	correct_baseline
2294284	2023	0	0.27618413316843893	correct_baseline
2294284	2024	0	0.23585799830669643	correct_baseline
2295442	2022	1	0.9678676224066337	correct_baseline
2295442	2023	1	0.9395452222259564	correct_baseline
2295442	2024	1	0.9119346333789373	correct_baseline
2296807	2022	1	0.5155756115585369	correct_baseline
2296807	2023	1	0.4591286012470688	correct_baseline
2296807	2024	1	0.4085540907837912	correct_baseline
2297108	2022	0	0.5949352750750363	correct_baseline
2297108	2023	0	0.5511094097437778	correct_baseline
2297108	2024	0	0.5102819942085304	correct_baseline
2307726	2022			correct_baseline
2307726	2023			correct_baseline
2307726	2024			correct_baseline
2320810	2022			correct_baseline
2320810	2023			correct_baseline
2320810	2024			correct_baseline
2327735	2022	3	1.025488190038441	correct_baseline
2327735	2023	3	1.0212224015161195	correct_baseline
2327735	2024	3	1.0168625610629596	correct_baseline
2337607	2022	0	0.6022129714930629	basic
2337607	2023	0	0.5424424169186234	basic
2337607	2024	0	0.4876625666786905	basic
2362030	2022	1	0.9793894526002985	basic
2362030	2023	1	0.9610475697513223	basic
2362030	2024	1	0.9427414691645795	basic
2362868	2022	1	0.99539918822969	basic
2362868	2023	1	0.9900006229532577	basic
2362868	2024	1	0.984267662782768	basic
2366634	2022	1	0.9995049733472463	basic
2366634	2023	1	0.9994716381329116	basic
2366634	2024	1	0.9992063905967962	basic
2367742	2022			basic
2367742	2023			basic
2367742	2024			basic
2367911	2022			basic
2367911	2023			basic
2367911	2024			basic
2379089	2022	0	0.8469855668776168	basic
2379089	2023	0	0.7778834152699599	basic
2379089	2024	0	0.7111690207005872	basic
2379245	2022			basic
2379245	2023			basic
2379245	2024			basic
2382155	2022	1	0.9055028263214454	basic
2382155	2023	1	0.8920460967510861	basic
2382155	2024	1	0.8787026062878273	basic
2394486	2022	3	1.1207803138179186	basic
2394486	2023	3	1.126232893102352	basic
2394486	2024	3	1.1314044294188264	basic
2426640	2022	0	0.31917145520772666	correct_baseline
2426640	2023	0	0.2958310361672317	correct_baseline
2426640	2024	0	0.27397134152056063	correct_baseline
2426661	2022	3	1.2079289068670491	correct_baseline
2426661	2023	3	1.2527175975450833	correct_baseline
2426661	2024	3	1.2990707382019342	correct_baseline
2427091	2022	0	0.6661128208840581	correct_baseline
2427091	2023	0	0.6437855014992602	correct_baseline
2427091	2024	0	0.6220978762586755	correct_baseline
2435035	2022	3	1.2149043110490254	correct_baseline
2435035	2023	3	1.2119740932041327	correct_baseline
2435035	2024	3	1.2089373155660532	correct_baseline
2436940	2022	3	1.1271058615412304	correct_baseline
2436940	2023	3	1.1241077787671945	correct_baseline
2436940	2024	3	1.120883503715525	correct_baseline
2437282	2022			correct_baseline
2437282	2023			correct_baseline
2437282	2024			correct_baseline
2437397	2022			correct_baseline
2437397	2023			correct_baseline
2437397	2024			correct_baseline
2437450	2022	1	0.9911861857401009	correct_baseline
2437450	2023	1	0.9754884388698312	correct_baseline
2437450	2024	1	0.9599105488398414	correct_baseline
2437619	2022			correct_baseline
2437619	2023			correct_baseline
2437619	2024			correct_baseline
2439261	2022	3	1.3370440300616158	correct_baseline
2439261	2023	3	1.337185863698024	correct_baseline
2439261	2024	3	1.33691920900085	correct_baseline
2439270	2022	3	1.0815933751875348	correct_baseline
2439270	2023	3	1.0871261599693551	correct_baseline
2439270	2024	3	1.0925208123973795	correct_baseline
2440196	2022			correct_baseline
2440196	2023			correct_baseline
2440196	2024			correct_baseline
2440946	2022	0	0.9634142105110065	correct_baseline
2440946	2023	0	0.9008412425492187	correct_baseline
2440946	2024	0	0.8418286894221073	correct_baseline
2440954	2022			correct_baseline
2440954	2023			correct_baseline
2440954	2024			correct_baseline
2441905	2022			correct_baseline
2441905	2023			correct_baseline
2441905	2024			correct_baseline
2443002	2022	1	0.9045749692548656	correct_baseline
2443002	2023	1	0.8931899320165941	correct_baseline
2443002	2024	1	0.881939077502744	correct_baseline
2445034	2022			correct_baseline
2445034	2023			correct_baseline
2445034	2024			correct_baseline
2455615	2022	1	0.7876401869439332	correct_baseline
2455615	2023	1	0.6999182061393215	correct_baseline
2455615	2024	1	0.6120111225912526	correct_baseline
2469188	2022	1	0.9490493593893626	correct_baseline
2469188	2023	1	0.9249299779854315	correct_baseline
2469188	2024	1	0.9000780910603298	correct_baseline
2473341	2022	1	0.9611786686287843	correct_baseline
2473341	2023	1	0.8281027432198107	correct_baseline
2473341	2024	1	0.7052635989472582	correct_baseline
2473477	2022	3	1.108067723948581	correct_baseline
2473477	2023	3	1.1099784812932705	correct_baseline
2473477	2024	3	1.1115696847236096	correct_baseline
2474029	2022			correct_baseline
2474029	2023			correct_baseline
2474029	2024			correct_baseline
2474051	2022	1	0.948939009415417	correct_baseline
2474051	2023	1	0.9441957033249448	correct_baseline
2474051	2024	1	0.939308847438115	correct_baseline
2474416	2022			correct_baseline
2474416	2023			correct_baseline
2474416	2024			correct_baseline
2474936	2022	1	0.8821094130611319	correct_baseline
2474936	2023	1	0.8742614398642237	correct_baseline
2474936	2024	1	0.8661195830528127	correct_baseline
2475235	2022			correct_baseline
2475235	2023			correct_baseline
2475235	2024			correct_baseline
2475648	2022			correct_baseline
2475648	2023			correct_baseline
2475648	2024			correct_baseline
2479226	2022	3	1.085198164363723	correct_baseline
2479226	2023	3	1.0840006737756949	correct_baseline
2479226	2024	3	1.082784421333697	correct_baseline
2479311	2022			correct_baseline
2479311	2023			correct_baseline
2479311	2024			correct_baseline
2479329	2022			correct_baseline
2479329	2023			correct_baseline
2479329	2024			correct_baseline
2479407	2022	3	1.0583155290140718	correct_baseline
2479407	2023	3	1.0611201615788899	correct_baseline
2479407	2024	3	1.0638098627802233	correct_baseline
2479544	2022			correct_baseline
2479544	2023			correct_baseline
2479544	2024			correct_baseline
2479798	2022	1	1.0000050505512537	correct_baseline
2479798	2023	1	0.9897505159611611	correct_baseline
2479798	2024	1	0.9794275889171834	correct_baseline
2479804	2022			correct_baseline
2479804	2023			correct_baseline
2479804	2024			correct_baseline
2479925	2022			correct_baseline
2479925	2023			correct_baseline
2479925	2024			correct_baseline
2479977	2022	1	0.9769799085601081	correct_baseline
2479977	2023	1	0.9670203800657782	correct_baseline
2479977	2024	1	0.9569332147105918	correct_baseline
2480350	2022	0	0.6705565643807267	correct_baseline
2480350	2023	0	0.6604803652608056	correct_baseline
2480350	2024	0	0.6504703412064634	correct_baseline
2480372	2022	0	0.5440096861327027	correct_baseline
2480372	2023	0	0.46644555614928346	correct_baseline
2480372	2024	1	0.39696148613164883	correct_baseline
2480410	2022	3	1.0558575214448425	correct_baseline
2480410	2023	3	1.0496258311853102	correct_baseline
2480410	2024	3	1.0430312628603138	correct_baseline
2480446	2022			correct_baseline
2480446	2023			correct_baseline
2480446	2024			correct_baseline
2480491	2022	0	0.7748695067149171	correct_baseline
2480491	2023	0	0.7668756779098327	correct_baseline
2480491	2024	0	0.7588734387008705	correct_baseline
2480524	2022	0	0.5090824290768469	correct_baseline
2480524	2023	0	0.4772205439872822	correct_baseline
2480524	2024	0	0.44711117756701696	correct_baseline
2480649	2022			correct_baseline
2480649	2023			correct_baseline
2480649	2024			correct_baseline
2480685	2022			correct_baseline
2480685	2023			correct_baseline
2480685	2024			correct_baseline
2480764	2022	1	0.8644228684693949	correct_baseline
2480764	2023	1	0.8603474464612749	correct_baseline
2480764	2024	1	0.8562158132290323	correct_baseline
2480773	2022	1	0.7775172334512978	correct_baseline
2480773	2023	1	0.7776599626739128	correct_baseline
2480773	2024	1	0.7773036236301945	correct_baseline
2480906	2022	0	0.7367575652224193	correct_baseline
2480906	2023	0	0.7283604971211747	correct_baseline
2480906	2024	0	0.7199950746528136	correct_baseline
2481062	2022	0	0.8237031962775628	correct_baseline
2481062	2023	0	0.8170563712838088	correct_baseline
2481062	2024	0	0.8104463329135637	correct_baseline
2481134	2022	1	0.8095228691195901	correct_baseline
2481134	2023	1	0.8091884016490645	correct_baseline
2481134	2024	1	0.8085478021835167	correct_baseline
2481263	2022	0	0.7768929147065801	correct_baseline
2481263	2023	0	0.769408000563518	correct_baseline
2481263	2024	0	0.7619755199617162	correct_baseline
2481670	2022			correct_baseline
2481670	2023			correct_baseline
2481670	2024			correct_baseline
2481703	2022	0	0.6066010871318828	correct_baseline
2481703	2023	0	0.5957432720347778	correct_baseline
2481703	2024	0	0.5849314242597057	correct_baseline
2481719	2022	0	0.6870522804401078	correct_baseline
2481719	2023	0	0.6740600268792886	correct_baseline
2481719	2024	0	0.6611547282303503	correct_baseline
2481744	2022	0	0.6227862878609082	correct_baseline
2481744	2023	0	0.610863334537777	correct_baseline
2481744	2024	0	0.5991538643272553	correct_baseline
2481959	2022	0	0.7917833012528951	correct_baseline
2481959	2023	0	0.783611698737071	correct_baseline
2481959	2024	0	0.7755151188170294	correct_baseline
2481962	2022	0	0.787025590308069	correct_baseline
2481962	2023	0	0.7784412055103003	correct_baseline
2481962	2024	0	0.7699359851922963	correct_baseline
2484605	2022	0	0.5714001695304941	correct_baseline
2484605	2023	0	0.556758750807211	correct_baseline
2484605	2024	0	0.5424748168779012	correct_baseline
2486132	2022			correct_baseline
2486132	2023			correct_baseline
2486132	2024			correct_baseline
2489075	2022			correct_baseline
2489075	2023			correct_baseline
2489075	2024			correct_baseline
2490384	2022			correct_baseline
2490384	2023			correct_baseline
2490384	2024			correct_baseline
2492867	2022	0	0.6551653650969715	correct_baseline
2492867	2023	0	0.6427474336950895	correct_baseline
2492867	2024	0	0.6301782371117626	correct_baseline
2493618	2022			correct_baseline
2493618	2023			correct_baseline
2493618	2024			correct_baseline
2493633	2022	0	0.8830683379539415	correct_baseline
2493633	2023	0	0.8149347649083989	correct_baseline
2493633	2024	0	0.7504143187243336	correct_baseline
2494303	2022	3	1.0984183671113796	correct_baseline
2494303	2023	3	1.0812938072477971	correct_baseline
2494303	2024	3	1.0640189400979234	correct_baseline
2495414	2022	3	1.1705346172129778	correct_baseline
2495414	2023	3	1.1781678526192503	correct_baseline
2495414	2024	3	1.1856267992810505	correct_baseline
2495494	2022	3	1.1559439352315022	correct_baseline
2495494	2023	3	1.1653263406164462	correct_baseline
2495494	2024	3	1.1741505506990024	correct_baseline
2497701	2022			correct_baseline
2497701	2023			correct_baseline
2497701	2024			correct_baseline
2498015	2022	1	0.9489263758938404	correct_baseline
2498015	2023	1	0.9363592387209652	correct_baseline
2498015	2024	0	0.9238732932938561	correct_baseline
2498026	2022	0	0.5586874274044392	correct_baseline
2498026	2023	0	0.5321814597817265	correct_baseline
2498026	2024	0	0.5066786082635221	correct_baseline
2498034	2022	3	1.0683936719293774	correct_baseline
2498034	2023	3	1.0856445961344645	correct_baseline
2498034	2024	3	1.1029114264330924	correct_baseline
2498035	2022	3	1.0731857372989388	correct_baseline
2498035	2023	3	1.0845629818295308	correct_baseline
2498035	2024	3	1.0959644211240451	correct_baseline
2498046	2022	3	1.0584118961737654	correct_baseline
2498046	2023	3	1.0593243505264573	correct_baseline
2498046	2024	3	1.0598979259838683	correct_baseline
2498090	2022	0	0.8959850556955735	correct_baseline
2498090	2023	0	0.8864359219603282	correct_baseline
2498090	2024	0	0.8769147963952614	correct_baseline
2498094	2022	1	0.9292530275727366	correct_baseline
2498094	2023	1	0.9187025385097648	correct_baseline
2498094	2024	1	0.90803326424962	correct_baseline
2498161	2022	3	1.1616599591564905	correct_baseline
2498161	2023	3	1.1748736338635295	correct_baseline
2498161	2024	3	1.1867254726745273	correct_baseline
2498163	2022	1	0.9080344738744677	correct_baseline
2498163	2023	1	0.8931544398740523	correct_baseline
2498163	2024	1	0.878302776680893	correct_baseline
2498167	2022	0	0.753840326567104	correct_baseline
2498167	2023	0	0.7457392348417222	correct_baseline
2498167	2024	0	0.7377065988391878	correct_baseline
2498252	2022	1	0.9775465453273852	correct_baseline
2498252	2023	1	0.965592919299123	correct_baseline
2498252	2024	1	0.9537567230345658	correct_baseline
2498259	2022	0	0.6298434251769971	correct_baseline
2498259	2023	0	0.6068157602556155	correct_baseline
2498259	2024	0	0.5844640485854101	correct_baseline
2498305	2022	0	0.7324458421028698	correct_baseline
2498305	2023	0	0.7143375106406219	correct_baseline
2498305	2024	0	0.6964658804354875	correct_baseline
2498329	2022	3	1.0220630333656664	correct_baseline
2498329	2023	3	1.02113255137142	correct_baseline
2498329	2024	3	1.0190367510782365	correct_baseline
2498344	2022	3	1.1292444962174712	correct_baseline
2498344	2023	3	1.1521410679971702	correct_baseline
2498344	2024	3	1.1754274713376918	correct_baseline
2498384	2022	1	1.0090291948786052	correct_baseline
2498384	2023	1	0.9988498918184678	correct_baseline
2498384	2024	1	0.9885679691201538	correct_baseline
2498387	2022	3	1.0212145245746838	correct_baseline
2498387	2023	1	1.0089520483796504	correct_baseline
2498387	2024	1	0.9965359431053863	correct_baseline
2498388	2022	3	1.0193029164716167	correct_baseline
2498388	2023	3	1.0194393816374863	correct_baseline
2498388	2024	3	1.0194736626559606	correct_baseline
2498402	2022	3	1.0192026211886243	correct_baseline
2498402	2023	1	1.008278709866428	correct_baseline
2498402	2024	1	0.9972388460165329	correct_baseline
2498408	2022	1	0.9791452244856917	correct_baseline
2498408	2023	1	0.9811537838312135	correct_baseline
2498408	2024	1	0.9829822622873248	correct_baseline
2501248	2022	3	1.1854525516264791	correct_baseline
2501248	2023	3	1.185856954291887	correct_baseline
2501248	2024	3	1.1858166100155128	correct_baseline
2502810	2022			basic
2502810	2023			basic
2502810	2024			basic
2515351	2022			correct_baseline
2515351	2023			correct_baseline
2515351	2024			correct_baseline
2516075	2022	1	0.8574259503980739	correct_baseline
2516075	2023	1	0.8475816858370271	correct_baseline
2516075	2024	1	0.8378177895909594	correct_baseline
2516419	2022	1	0.7806302000287508	correct_baseline
2516419	2023	1	0.7510621175522897	correct_baseline
2516419	2024	1	0.7216242781692843	correct_baseline
2516809	2022	0	0.7692590790425817	correct_baseline
2516809	2023	0	0.7462166365712533	correct_baseline
2516809	2024	0	0.7236421054908464	correct_baseline
2537743	2022			correct_baseline
2537743	2023			correct_baseline
2537743	2024			correct_baseline
2598552	2022	0	0.8056378560787699	correct_baseline
2598552	2023	0	0.7893524384168477	correct_baseline
2598552	2024	0	0.7733742035397247	correct_baseline
2650107	2022	3	1.1229924800650353	correct_baseline
2650107	2023	3	1.1277380758307922	correct_baseline
2650107	2024	3	1.132495107757054	correct_baseline
2650827	2022	3	1.0479601667702059	correct_baseline
2650827	2023	3	1.029105759205653	correct_baseline
2650827	2024	3	1.0103126120264512	correct_baseline
2650829	2022	3	1.0507668149844893	correct_baseline
2650829	2023	3	1.0500312510566836	correct_baseline
2650829	2024	3	1.0490684873519287	correct_baseline
2650903	2022	1	0.8958636361449692	correct_baseline
2650903	2023	1	0.8494517833831526	correct_baseline
2650903	2024	1	0.8047699391998113	correct_baseline
2651122	2022			correct_baseline
2651122	2023			correct_baseline
2651122	2024			correct_baseline
2651816	2022	3	1.0330813433116173	correct_baseline
2651816	2023	3	1.0293193061445356	correct_baseline
2651816	2024	3	1.0252954026470142	correct_baseline
2651826	2022	3	1.0202700692852955	correct_baseline
2651826	2023	3	1.0164183624521983	correct_baseline
2651826	2024	3	1.012457263436844	correct_baseline
2677047	2022	3	1.0292523556050668	correct_baseline
2677047	2023	3	1.0302447907264938	correct_baseline
2677047	2024	3	1.031228767261313	correct_baseline
2683866	2022	3	1.0781044770019472	correct_baseline
2683866	2023	3	1.0609509683807339	correct_baseline
2683866	2024	3	1.0438664385816554	correct_baseline
2684120	2022	1	0.6362699738965024	correct_baseline
2684120	2023	1	0.6324464504208659	correct_baseline
2684120	2024	1	0.6285903346927214	correct_baseline
2684171	2022	3	1.0648577887120265	correct_baseline
2684171	2023	3	1.061982957011049	correct_baseline
2684171	2024	3	1.0589099234735337	correct_baseline
2684178	2022	1	0.9794268846021128	correct_baseline
2684178	2023	1	0.9809168240813703	correct_baseline
2684178	2024	1	0.9823616049122644	correct_baseline
2684191	2022	0	0.7599059761065023	correct_baseline
2684191	2023	0	0.7013101162292554	correct_baseline
2684191	2024	0	0.6469176313867662	correct_baseline
2684984	2022			correct_baseline
2684984	2023			correct_baseline
2684984	2024			correct_baseline
2685361	2022	3	1.037163928309868	correct_baseline
2685361	2023	3	1.0358986485206407	correct_baseline
2685361	2024	3	1.034587095224799	correct_baseline
2685484	2022	1	0.9324575716572019	correct_baseline
2685484	2023	1	0.9262828155442298	correct_baseline
2685484	2024	1	0.9201119821218703	correct_baseline
2685552	2022	1	0.9384660492107523	correct_baseline
2685552	2023	1	0.939079946462942	correct_baseline
2685552	2024	1	0.9395498011038401	correct_baseline
2685796	2022	1	0.923840357253864	correct_baseline
2685796	2023	1	0.9266586827277521	correct_baseline
2685796	2024	1	0.9293879146398888	correct_baseline
2686157	2022	3	1.0855606349062354	correct_baseline
2686157	2023	3	1.0921252582480983	correct_baseline
2686157	2024	3	1.0986964768736596	correct_baseline
2686212	2022	1	0.9899117458230076	correct_baseline
2686212	2023	1	0.9910512524852921	correct_baseline
2686212	2024	1	0.9921597692423154	correct_baseline
2687182	2022	1	0.8716992734893786	correct_baseline
2687182	2023	1	0.8577421304645212	correct_baseline
2687182	2024	1	0.8436523125878743	correct_baseline
2687210	2022	1	0.9049245629520394	correct_baseline
2687210	2023	1	0.8770290730481688	correct_baseline
2687210	2024	1	0.8496772258966532	correct_baseline
2687885	2022			correct_baseline
2687885	2023			correct_baseline
2687885	2024			correct_baseline
2688189	2022	1	0.9859757907877015	correct_baseline
2688189	2023	1	0.9521969574728155	correct_baseline
2688189	2024	1	0.9189972094102589	correct_baseline
2700768	2022	1	0.7318569220800257	correct_baseline
2700768	2023	1	0.6462764390072685	correct_baseline
2700768	2024	1	0.5701730172278014	correct_baseline
2701578	2022	1	0.8851174483986843	correct_baseline
2701578	2023	1	0.8848019012484528	correct_baseline
2701578	2024	1	0.8837782782305671	correct_baseline
2701612	2022			correct_baseline
2701612	2023			correct_baseline
2701612	2024			correct_baseline
2701879	2022			correct_baseline
2701879	2023			correct_baseline
2701879	2024			correct_baseline
2701986	2022	3	1.027866818467525	correct_baseline
2701986	2023	3	1.0307514738149302	correct_baseline
2701986	2024	3	1.0336334815822865	correct_baseline
2702058	2022	1	0.7711006396851977	correct_baseline
2702058	2023	1	0.7527110656454253	correct_baseline
2702058	2024	1	0.7344668355962305	correct_baseline
2702084	2022	3	1.0746700690331663	correct_baseline
2702084	2023	3	1.0789490910839796	correct_baseline
2702084	2024	3	1.0830624707656982	correct_baseline
2702727	2022	0	0.935148351621035	correct_baseline
2702727	2023	0	0.9310368211778302	correct_baseline
2702727	2024	0	0.9269398201192213	correct_baseline
2702792	2022			correct_baseline
2702792	2023			correct_baseline
2702792	2024			correct_baseline
2702808	2022	3	1.1896690744054998	correct_baseline
2702808	2023	3	1.213120365415042	correct_baseline
2702808	2024	3	1.2367923866111552	correct_baseline
2702816	2022	1	0.8949102752613269	correct_baseline
2702816	2023	1	0.8800696028695073	correct_baseline
2702816	2024	1	0.8651024886987257	correct_baseline
2702822	2022	1	0.887813930441292	correct_baseline
2702822	2023	1	0.8683804519004716	correct_baseline
2702822	2024	1	0.8488676166124564	correct_baseline
2703041	2022			correct_baseline
2703041	2023			correct_baseline
2703041	2024			correct_baseline
2703663	2022	1	0.9015821858285668	correct_baseline
2703663	2023	1	0.8971490217236149	correct_baseline
2703663	2024	1	0.8927114263268833	correct_baseline
2703670	2022	1	0.9828100201246073	correct_baseline
2703670	2023	1	0.9813530787573013	correct_baseline
2703670	2024	1	0.9797535448397064	correct_baseline
2703698	2022	1	0.9516696835598468	correct_baseline
2703698	2023	1	0.9507464404906892	correct_baseline
2703698	2024	1	0.9497904282028672	correct_baseline
2703712	2022	1	0.8513911567071777	correct_baseline
2703712	2023	1	0.8430769688859847	correct_baseline
2703712	2024	1	0.8348298557896111	correct_baseline
2703721	2022	3	1.0957126308068053	correct_baseline
2703721	2023	3	1.1003183107499734	correct_baseline
2703721	2024	3	1.1045545473155118	correct_baseline
2703723	2022	3	1.0975516613657474	correct_baseline
2703723	2023	3	1.1014043192466572	correct_baseline
2703723	2024	3	1.104725571764813	correct_baseline
2703740	2022			correct_baseline
2703740	2023			correct_baseline
2703740	2024			correct_baseline
2703760	2022	3	1.0981437190284853	correct_baseline
2703760	2023	3	1.09861325613329	correct_baseline
2703760	2024	3	1.0990642299213436	correct_baseline
2704038	2022	3	1.035403435046317	correct_baseline
2704038	2023	3	1.0575339843950826	correct_baseline
2704038	2024	3	1.0794389710194596	correct_baseline
2704194	2022	0	0.4176553445442237	correct_baseline
2704194	2023	0	0.2708710229220132	correct_baseline
2704194	2024	0	0.16691723786123447	correct_baseline
2704394	2022	1	0.9673658838556701	correct_baseline
2704394	2023	1	0.9690706381722428	correct_baseline
2704394	2024	1	0.9705440099672632	correct_baseline
2704523	2022	0	0.93897879665347	correct_baseline
2704523	2023	0	0.893121810001374	correct_baseline
2704523	2024	0	0.8490530931521069	correct_baseline
2704757	2022	3	1.269803527612599	correct_baseline
2704757	2023	3	1.2809983449428715	correct_baseline
2704757	2024	3	1.2917808152184473	correct_baseline
2704949	2022	1	0.8769463795108964	correct_baseline
2704949	2023	1	0.842538416240227	correct_baseline
2704949	2024	1	0.8089625035235489	correct_baseline
2705031	2022			correct_baseline
2705031	2023			correct_baseline
2705031	2024			correct_baseline
2705081	2022	3	1.01933804456799	correct_baseline
2705081	2023	3	1.0261788916158745	correct_baseline
2705081	2024	3	1.0327235403840576	correct_baseline
2705090	2022	3	1.110221545957957	correct_baseline
2705090	2023	3	1.113681081726091	correct_baseline
2705090	2024	3	1.1171447273599424	correct_baseline
2705144	2022	1	0.9441140313085242	correct_baseline
2705144	2023	1	0.9435422787288315	correct_baseline
2705144	2024	1	0.9424780870913	correct_baseline
2705162	2022	3	1.0822293877401277	correct_baseline
2705162	2023	3	1.0837556398754462	correct_baseline
2705162	2024	3	1.085275428994739	correct_baseline
2705181	2022	3	1.3130790413145546	correct_baseline
2705181	2023	3	1.3234628023544222	correct_baseline
2705181	2024	3	1.3334158058937795	correct_baseline
2705185	2022	3	1.1217207559892437	correct_baseline
2705185	2023	3	1.1191999838756606	correct_baseline
2705185	2024	3	1.1163781815930982	correct_baseline
2705290	2022	3	1.1990313613117014	correct_baseline
2705290	2023	3	1.2066390730347791	correct_baseline
2705290	2024	3	1.214274702773343	correct_baseline
2705295	2022			correct_baseline
2705295	2023			correct_baseline
2705295	2024			correct_baseline
2705300	2022			correct_baseline
2705300	2023			correct_baseline
2705300	2024			correct_baseline
2705369	2022	0	0.7690217998274547	correct_baseline
2705369	2023	0	0.7628516287246979	correct_baseline
2705369	2024	0	0.7566435956438362	correct_baseline
2705378	2022	1	0.9259534284606765	correct_baseline
2705378	2023	1	0.9253712141311269	correct_baseline
2705378	2024	1	0.924284111464089	correct_baseline
2705400	2022	1	0.8879011481611598	correct_baseline
2705400	2023	1	0.8642493613751547	correct_baseline
2705400	2024	1	0.8408859507278224	correct_baseline
2705401	2022	1	0.963970720413078	correct_baseline
2705401	2023	1	0.9590061611561018	correct_baseline
2705401	2024	1	0.9540566539711729	correct_baseline
2705449	2022	3	1.0199027274006276	correct_baseline
2705449	2023	3	1.0185763692306442	correct_baseline
2705449	2024	3	1.01724660044385	correct_baseline
2705953	2022	3	1.0908847490807514	correct_baseline
2705953	2023	3	1.1018924983504828	correct_baseline
2705953	2024	3	1.1124162484740694	correct_baseline
2705966	2022	3	1.1556976392540925	correct_baseline
2705966	2023	3	1.1540718845103302	correct_baseline
2705966	2024	3	1.1516458970842687	correct_baseline
2705972	2022	1	0.9810384414276465	correct_baseline
2705972	2023	1	0.9753694918150897	correct_baseline
2705972	2024	1	0.9694307758963212	correct_baseline
2706002	2022	1	0.8401391851980513	correct_baseline
2706002	2023	1	0.8371904629619673	correct_baseline
2706002	2024	1	0.8339778218143187	correct_baseline
2706026	2022	0	0.7466583852152092	correct_baseline
2706026	2023	0	0.7100356777908572	correct_baseline
2706026	2024	0	0.6747790842847616	correct_baseline
2706052	2022	0	0.8468475250397004	correct_baseline
2706052	2023	0	0.8394226817607524	correct_baseline
2706052	2024	0	0.8320048997007758	correct_baseline
2706056	2022	3	1.168487048284901	correct_baseline
2706056	2023	3	1.1289096321081362	correct_baseline
2706056	2024	3	1.0898766316382296	correct_baseline
2706406	2022			correct_baseline
2706406	2023			correct_baseline
2706406	2024			correct_baseline
2715482	2022	3	1.2355308934879816	correct_baseline
2715482	2023	3	1.2301380165720983	correct_baseline
2715482	2024	3	1.2242026257017535	correct_baseline
2716226	2022	3	1.2298955506741813	correct_baseline
2716226	2023	3	1.2389083034660722	correct_baseline
2716226	2024	3	1.247958702491254	correct_baseline
2716838	2022			correct_baseline
2716838	2023			correct_baseline
2716838	2024			correct_baseline
2717467	2022			correct_baseline
2717467	2023			correct_baseline
2717467	2024			correct_baseline
2718377	2022			correct_baseline
2718377	2023			correct_baseline
2718377	2024			correct_baseline
2720120	2022			correct_baseline
2720120	2023			correct_baseline
2720120	2024			correct_baseline
2720269	2022			correct_baseline
2720269	2023			correct_baseline
2720269	2024			correct_baseline
2722515	2022	0	0.5643815793142098	correct_baseline
2722515	2023	0	0.43294500360399596	correct_baseline
2722515	2024	0	0.33060560974707887	correct_baseline
2726360	2022			correct_baseline
2726360	2023			correct_baseline
2726360	2024			correct_baseline
2726538	2022			correct_baseline
2726538	2023			correct_baseline
2726538	2024			correct_baseline
2726539	2022			correct_baseline
2726539	2023			correct_baseline
2726539	2024			correct_baseline
2739071	2022	1	0.9888544603610863	correct_baseline
2739071	2023	1	0.9256474281476155	correct_baseline
2739071	2024	1	0.8652509680845013	correct_baseline
2747489	2022			correct_baseline
2747489	2023			correct_baseline
2747489	2024			correct_baseline
2747564	2022	3	1.3736060727833068	correct_baseline
2747564	2023	3	1.3793752582701653	correct_baseline
2747564	2024	3	1.3846056909476963	correct_baseline
2747567	2022	3	1.3072021202060806	correct_baseline
2747567	2023	3	1.316522447626007	correct_baseline
2747567	2024	3	1.3250238369325293	correct_baseline
2747718	2022			correct_baseline
2747718	2023			correct_baseline
2747718	2024			correct_baseline
2747750	2022	1	0.9184371400438426	correct_baseline
2747750	2023	1	0.912395939873772	correct_baseline
2747750	2024	1	0.9057239296531433	correct_baseline
2747939	2022	3	1.371297354456235	correct_baseline
2747939	2023	3	1.531388555577013	correct_baseline
2747939	2024	3	1.6887156726381776	correct_baseline
2753146	2022	3	1.100236340915346	correct_baseline
2753146	2023	3	1.1070492331470798	correct_baseline
2753146	2024	3	1.1138483667215127	correct_baseline
2762737	2022			correct_baseline
2762737	2023			correct_baseline
2762737	2024			correct_baseline
2764179	2022			correct_baseline
2764179	2023			correct_baseline
2764179	2024			correct_baseline
2765156	2022	3	1.0831051901930213	correct_baseline
2765156	2023	3	1.0803093815629117	correct_baseline
2765156	2024	3	1.0770554826108238	correct_baseline
2765272	2022	3	1.3548082346354207	correct_baseline
2765272	2023	3	1.36850145797689	correct_baseline
2765272	2024	3	1.3821792074589538	correct_baseline
2766030	2022	3	1.2111099509222694	correct_baseline
2766030	2023	3	1.2217526964031848	correct_baseline
2766030	2024	3	1.2323361919470264	correct_baseline
2767229	2022			correct_baseline
2767229	2023			correct_baseline
2767229	2024			correct_baseline
2767271	2022	0	0.5136048647981952	correct_baseline
2767271	2023	0	0.27075744016236913	correct_baseline
2767271	2024	0	0.13788196259197458	correct_baseline
2767275	2022	0	0.8179594696133254	correct_baseline
2767275	2023	0	0.5199558380162923	correct_baseline
2767275	2024	0	0.3141597657562513	correct_baseline
2767428	2022			correct_baseline
2767428	2023			correct_baseline
2767428	2024			correct_baseline
2769766	2022			correct_baseline
2769766	2023			correct_baseline
2769766	2024			correct_baseline
2772082	2022			correct_baseline
2772082	2023			correct_baseline
2772082	2024			correct_baseline
2772094	2022	0	0.8296806567494139	correct_baseline
2772094	2023	0	0.7868011339250481	correct_baseline
2772094	2024	0	0.7457603294841773	correct_baseline
2772174	2022	3	1.1657580858313672	correct_baseline
2772174	2023	3	1.1752036369605698	correct_baseline
2772174	2024	3	1.1846800481534037	correct_baseline
2772666	2022	3	1.3121174972681873	correct_baseline
2772666	2023	3	1.3188205892498406	correct_baseline
2772666	2024	3	1.3244491794402176	correct_baseline
2773281	2022	3	1.0725352802970514	correct_baseline
2773281	2023	3	1.0776776975368372	correct_baseline
2773281	2024	3	1.0827638973074927	correct_baseline
2773453	2022	3	1.1584431617838304	correct_baseline
2773453	2023	3	1.1625103680485456	correct_baseline
2773453	2024	3	1.165475904112911	correct_baseline
2775530	2022			correct_baseline
2775530	2023			correct_baseline
2775530	2024			correct_baseline
2775619	2022	1	0.9714492737323617	correct_baseline
2775619	2023	1	0.9290400755935472	correct_baseline
2775619	2024	1	0.8874363124206219	correct_baseline
2781074	2022	3	1.246168128697986	correct_baseline
2781074	2023	3	1.257377591579686	correct_baseline
2781074	2024	3	1.268648376399431	correct_baseline
2781103	2022	1	0.8598545599858952	correct_baseline
2781103	2023	1	0.8096387407905968	correct_baseline
2781103	2024	1	0.7610238174069204	correct_baseline
2840931	2022	3	1.124310454390547	correct_baseline
2840931	2023	3	1.1313853650566037	correct_baseline
2840931	2024	3	1.1384898244551005	correct_baseline
2855338	2022			correct_baseline
2855338	2023			correct_baseline
2855338	2024			correct_baseline
2855356	2022	3	1.1352055401739272	correct_baseline
2855356	2023	3	1.13858435556781	correct_baseline
2855356	2024	3	1.1417650474769825	correct_baseline
2855398	2022	1	0.9754611663948978	correct_baseline
2855398	2023	1	0.807568705494922	correct_baseline
2855398	2024	1	0.6531686363751303	correct_baseline
2855439	2022	0	0.9099051992186461	correct_baseline
2855439	2023	0	0.6903654703676008	correct_baseline
2855439	2024	0	0.5003549993144579	correct_baseline
2855705	2022			correct_baseline
2855705	2023			correct_baseline
2855705	2024			correct_baseline
2855823	2022			correct_baseline
2855823	2023			correct_baseline
2855823	2024			correct_baseline
2855825	2022			correct_baseline
2855825	2023			correct_baseline
2855825	2024			correct_baseline
2855860	2022	3	1.1780898651735532	correct_baseline
2855860	2023	3	1.1847113574372008	correct_baseline
2855860	2024	3	1.1913494128727116	correct_baseline
2855893	2022			correct_baseline
2855893	2023			correct_baseline
2855893	2024			correct_baseline
2856037	2022			correct_baseline
2856037	2023			correct_baseline
2856037	2024			correct_baseline
2856457	2022	0	0.7021231585007116	correct_baseline
2856457	2023	0	0.6021455306247128	correct_baseline
2856457	2024	0	0.5157510303571105	correct_baseline
2856780	2022			correct_baseline
2856780	2023			correct_baseline
2856780	2024			correct_baseline
2856920	2022			correct_baseline
2856920	2023			correct_baseline
2856920	2024			correct_baseline
2857017	2022	3	1.0359779841164343	correct_baseline
2857017	2023	1	0.9664172636252379	correct_baseline
2857017	2024	1	0.8982885639896833	correct_baseline
2857697	2022	1	0.8240297156248978	correct_baseline
2857697	2023	1	0.77903959182973	correct_baseline
2857697	2024	1	0.735814727425242	correct_baseline
2858581	2022	3	1.0210962699276565	correct_baseline
2858581	2023	3	1.023966336895481	correct_baseline
2858581	2024	3	1.0267792313125483	correct_baseline
2858846	2022			correct_baseline
2858846	2023			correct_baseline
2858846	2024			correct_baseline
2858963	2022			correct_baseline
2858963	2023			correct_baseline
2858963	2024			correct_baseline
2859597	2022	0	0.5749296849583951	correct_baseline
2859597	2023	0	0.4452788631992259	correct_baseline
2859597	2024	0	0.3399393103399398	correct_baseline
2865448	2022	0	0.7865108767306357	correct_baseline
2865448	2023	0	0.7594665174888021	correct_baseline
2865448	2024	0	0.7330867791428581	correct_baseline
2865524	2022			correct_baseline
2865524	2023			correct_baseline
2865524	2024			correct_baseline
2865565	2022	1	1.009590455881915	correct_baseline
2865565	2023	3	1.0180254438182181	correct_baseline
2865565	2024	3	1.0259424895349107	correct_baseline
2866850	2022			correct_baseline
2866850	2023			correct_baseline
2866850	2024			correct_baseline
2867614	2022	0	0.8727190362663029	correct_baseline
2867614	2023	0	0.8376520351862741	correct_baseline
2867614	2024	0	0.8036423984613427	correct_baseline
2867631	2022	0	0.6086011757135598	correct_baseline
2867631	2023	0	0.47110392978177973	correct_baseline
2867631	2024	0	0.36178044274083115	correct_baseline
2868827	2022	0	0.7236520930902679	correct_baseline
2868827	2023	0	0.6324011657292379	correct_baseline
2868827	2024	0	0.5514812223256382	correct_baseline
2869311	2022	3	1.1701966753814157	correct_baseline
2869311	2023	3	1.1556885071460465	correct_baseline
2869311	2024	3	1.140821854770943	correct_baseline
2869597	2022			correct_baseline
2869597	2023			correct_baseline
2869597	2024			correct_baseline
2870583	2022	0	0.6443971926384305	correct_baseline
2870583	2023	0	0.5266221768582863	correct_baseline
2870583	2024	0	0.4267249434083768	correct_baseline
2873769	2022	3	1.051915672815193	correct_baseline
2873769	2023	3	1.053441360683385	correct_baseline
2873769	2024	3	1.0548927954911704	correct_baseline
2873861	2022	3	1.1005385053956718	correct_baseline
2873861	2023	3	1.1090929139150787	correct_baseline
2873861	2024	3	1.1172973854410948	correct_baseline
2873877	2022	1	0.947571036907653	correct_baseline
2873877	2023	1	0.956834087772077	correct_baseline
2873877	2024	1	0.9658634100051163	correct_baseline
2873926	2022	1	0.7855041411524055	correct_baseline
2873926	2023	1	0.6932590629081649	correct_baseline
2873926	2024	1	0.6023754929995648	correct_baseline
2873991	2022	1	0.9966985850064086	correct_baseline
2873991	2023	1	0.9977569638522202	correct_baseline
2873991	2024	1	0.9983502825585688	correct_baseline
2874199	2022			correct_baseline
2874199	2023			correct_baseline
2874199	2024			correct_baseline
2874508	2022			correct_baseline
2874508	2023			correct_baseline
2874508	2024			correct_baseline
2874570	2022	1	0.8891738729719932	correct_baseline
2874570	2023	1	0.8842326238488	correct_baseline
2874570	2024	1	0.8792893492940093	correct_baseline
2874621	2022	1	0.9361535254763806	correct_baseline
2874621	2023	1	0.9343929110926562	correct_baseline
2874621	2024	1	0.9325970208864424	correct_baseline
2874706	2022	1	0.7069368793647414	correct_baseline
2874706	2023	1	0.6906117301855074	correct_baseline
2874706	2024	1	0.6745599397886304	correct_baseline
2875968	2022	1	0.9511659328680838	correct_baseline
2875968	2023	1	0.940918803283069	correct_baseline
2875968	2024	1	0.9259830560510278	correct_baseline
2876049	2022	3	1.1661207329792347	correct_baseline
2876049	2023	3	1.1860364334120257	correct_baseline
2876049	2024	3	1.2027063275265726	correct_baseline
2876571	2022	1	0.7338166665189476	correct_baseline
2876571	2023	1	0.723601473192716	correct_baseline
2876571	2024	1	0.7132915822402349	correct_baseline
2876607	2022	1	1.0040444705998688	correct_baseline
2876607	2023	1	1.0036084707127808	correct_baseline
2876607	2024	1	1.0031468501850234	correct_baseline
2879098	2022	3	1.2308018891990993	correct_baseline
2879098	2023	3	1.2476024621193553	correct_baseline
2879098	2024	3	1.2640930101012173	correct_baseline
2879520	2022	3	1.1303778143747083	correct_baseline
2879520	2023	3	1.137951521983598	correct_baseline
2879520	2024	3	1.1455303856665449	correct_baseline
2880539	2022	3	1.0797034408487303	correct_baseline
2880539	2023	3	1.0907706983196965	correct_baseline
2880539	2024	3	1.101541398450743	correct_baseline
2880580	2022	1	0.9786809544809801	correct_baseline
2880580	2023	1	0.9814320857977199	correct_baseline
2880580	2024	1	0.9841027723334502	correct_baseline
2882841	2022			correct_baseline
2882841	2023			correct_baseline
2882841	2024			correct_baseline
2882849	2022	3	1.1146890100476092	correct_baseline
2882849	2023	3	1.1387183027916448	correct_baseline
2882849	2024	3	1.159329697712055	correct_baseline
2888323	2022	1	0.9440130925961829	correct_baseline
2888323	2023	1	0.9486520952759471	correct_baseline
2888323	2024	1	0.9457218625646379	correct_baseline
2888380	2022	1	0.9361575501902517	correct_baseline
2888380	2023	1	0.9357556067462092	correct_baseline
2888380	2024	1	0.9353056117146706	correct_baseline
2888435	2022	1	0.9213864711667843	correct_baseline
2888435	2023	1	0.9152261551176745	correct_baseline
2888435	2024	1	0.9031789575183291	correct_baseline
2888437	2022			correct_baseline
2888437	2023			correct_baseline
2888437	2024			correct_baseline
2888439	2022	3	1.0474782970434282	correct_baseline
2888439	2023	3	1.0476875862224482	correct_baseline
2888439	2024	3	1.047891972285294	correct_baseline
2888513	2022	3	1.0730231039526048	correct_baseline
2888513	2023	3	1.0748770108201295	correct_baseline
2888513	2024	3	1.0764973597158654	correct_baseline
2888553	2022	1	0.9426161829697596	correct_baseline
2888553	2023	1	0.9579419779440365	correct_baseline
2888553	2024	1	0.9686079526445066	correct_baseline
2888564	2022			correct_baseline
2888564	2023			correct_baseline
2888564	2024			correct_baseline
2888579	2022	1	0.9481009621501665	correct_baseline
2888579	2023	1	0.9471559709020893	correct_baseline
2888579	2024	1	0.9459142330524004	correct_baseline
2888585	2022	0	0.733338749336173	correct_baseline
2888585	2023	0	0.6052964898789237	correct_baseline
2888585	2024	0	0.49360075368923784	correct_baseline
2888622	2022	1	0.9137666306592258	correct_baseline
2888622	2023	1	0.9140566536487952	correct_baseline
2888622	2024	1	0.9124827030034044	correct_baseline
2888625	2022	3	1.0220635815093089	correct_baseline
2888625	2023	3	1.0227410786171638	correct_baseline
2888625	2024	3	1.0232896587056706	correct_baseline
2888636	2022	1	0.9479178707677773	correct_baseline
2888636	2023	1	0.9475029783406855	correct_baseline
2888636	2024	1	0.9470596897385567	correct_baseline
2888740	2022	3	1.1908714229327546	correct_baseline
2888740	2023	3	1.1962880542353258	correct_baseline
2888740	2024	3	1.2017205906556048	correct_baseline
2888797	2022	2	0.887791072020156	correct_baseline
2888797	2023	2	0.9140362692086964	correct_baseline
2888797	2024	2	0.9388305580991895	correct_baseline
2888806	2022	3	1.172853654494497	correct_baseline
2888806	2023	3	1.1033925557047304	correct_baseline
2888806	2024	3	1.0304034007517249	correct_baseline
2888814	2022	3	1.114453864360244	correct_baseline
2888814	2023	3	1.1288167071982396	correct_baseline
2888814	2024	3	1.1386873530967423	correct_baseline
2888859	2022	3	1.1600912596057618	correct_baseline
2888859	2023	3	1.087000297818745	correct_baseline
2888859	2024	3	1.010718356080971	correct_baseline
2888867	2022	0	0.6120086100990179	correct_baseline
2888867	2023	0	0.5875118050000749	correct_baseline
2888867	2024	0	0.5628424100732234	correct_baseline
2888978	2022	1	0.8479313831758307	correct_baseline
2888978	2023	1	0.848543522938278	correct_baseline
2888978	2024	1	0.8489267940765971	correct_baseline
2889019	2022	0	0.8362006486122149	correct_baseline
2889019	2023	0	0.8244804878101154	correct_baseline
2889019	2024	0	0.8125974185115162	correct_baseline
2889023	2022	0	0.6680794210850673	correct_baseline
2889023	2023	0	0.6305800135235887	correct_baseline
2889023	2024	0	0.5924350523029269	correct_baseline
2889037	2022	0	0.7599824930318476	correct_baseline
2889037	2023	1	0.7478462365137727	correct_baseline
2889037	2024	1	0.7349925478249189	correct_baseline
2889088	2022			correct_baseline
2889088	2023			correct_baseline
2889088	2024			correct_baseline
2889173	2022	3	1.061664704850825	correct_baseline
2889173	2023	3	1.0627701384415018	correct_baseline
2889173	2024	3	1.0638047327572282	correct_baseline
2889229	2022	1	0.8351988691482276	correct_baseline
2889229	2023	1	0.8337069157576935	correct_baseline
2889229	2024	1	0.8321946052976611	correct_baseline
2889304	2022	3	1.0473307758486625	correct_baseline
2889304	2023	3	1.0689143181365033	correct_baseline
2889304	2024	3	1.0903533982089422	correct_baseline
2889358	2022			correct_baseline
2889358	2023			correct_baseline
2889358	2024			correct_baseline
2889373	2022	3	1.1526664014059467	correct_baseline
2889373	2023	3	1.1567220574862835	correct_baseline
2889373	2024	3	1.1607859843339803	correct_baseline
2889378	2022	3	1.1848481100059067	correct_baseline
2889378	2023	3	1.1973080294463776	correct_baseline
2889378	2024	3	1.2084104192346437	correct_baseline
2889934	2022	1	0.8417643514433641	correct_baseline
2889934	2023	1	0.8346722494688548	correct_baseline
2889934	2024	1	0.8272903975167304	correct_baseline
2890013	2022	1	0.8110278510192372	correct_baseline
2890013	2023	1	0.8236938726763617	correct_baseline
2890013	2024	1	0.8344494988467087	correct_baseline
2890035	2022	1	0.9657204025873768	correct_baseline
2890035	2023	1	0.95587389797173	correct_baseline
2890035	2024	1	0.9446935472430009	correct_baseline
2890122	2022	3	1.1098072280146611	correct_baseline
2890122	2023	3	1.1134198711246557	correct_baseline
2890122	2024	3	1.1169831967872788	correct_baseline
2890287	2022	1	1.0083928083681248	correct_baseline
2890287	2023	3	1.0101291124722003	correct_baseline
2890287	2024	3	1.0118424453633572	correct_baseline
2890502	2022	3	1.1145863173521116	correct_baseline
2890502	2023	3	1.1201523307162873	correct_baseline
2890502	2024	3	1.1253837500321144	correct_baseline
2890541	2022	3	1.1429537242789325	correct_baseline
2890541	2023	3	1.1412295644890862	correct_baseline
2890541	2024	3	1.1394657394834742	correct_baseline
2890739	2022			correct_baseline
2890739	2023			correct_baseline
2890739	2024			correct_baseline
2890995	2022	1	0.6230010894419777	correct_baseline
2890995	2023	1	0.6009873081846883	correct_baseline
2890995	2024	1	0.5611484813750147	correct_baseline
2891079	2022	1	0.8150499229497788	correct_baseline
2891079	2023	1	0.8095293581336526	correct_baseline
2891079	2024	1	0.8040218162049645	correct_baseline
2891390	2022	1	0.9555505801847425	correct_baseline
2891390	2023	1	0.9571151784734503	correct_baseline
2891390	2024	1	0.9584081673382138	correct_baseline
2891664	2022	1	0.9974959053497452	correct_baseline
2891664	2023	1	0.9958805763132417	correct_baseline
2891664	2024	1	0.992037308691078	correct_baseline
2891677	2022	2	0.9064021514890571	correct_baseline
2891677	2023	2	0.9367580029744553	correct_baseline
2891677	2024	2	0.9648531041141488	correct_baseline
2891707	2022	1	0.9040010149983023	correct_baseline
2891707	2023	1	0.9008613901153205	correct_baseline
2891707	2024	1	0.8977146597923332	correct_baseline
2891755	2022	3	1.0287325956272497	correct_baseline
2891755	2023	3	1.0368611508396381	correct_baseline
2891755	2024	3	1.0417909958850806	correct_baseline
2891770	2022	3	1.1550399721656528	correct_baseline
2891770	2023	3	1.1373255995247156	correct_baseline
2891770	2024	3	1.1192129778919677	correct_baseline
2891774	2022	3	1.2981429533609403	correct_baseline
2891774	2023	3	1.311413964980899	correct_baseline
2891774	2024	3	1.3246745532895883	correct_baseline
2891782	2022	3	1.1083871777525736	correct_baseline
2891782	2023	3	1.1088736502801353	correct_baseline
2891782	2024	3	1.1088602819475852	correct_baseline
2891783	2022	3	1.1248423090415802	correct_baseline
2891783	2023	3	1.1309004546538264	correct_baseline
2891783	2024	3	1.136880584554884	correct_baseline
2913169	2022	1	0.9692633435315681	correct_baseline
2913169	2023	1	0.9744595789189241	correct_baseline
2913169	2024	1	0.9789474477420195	correct_baseline
2913219	2022			correct_baseline
2913219	2023			correct_baseline
2913219	2024			correct_baseline
2914404	2022	1	0.7094640754803448	correct_baseline
2914404	2023	1	0.6935420786419213	correct_baseline
2914404	2024	1	0.6766295008347716	correct_baseline
2914590	2022	3	1.160597829991484	correct_baseline
2914590	2023	3	1.1744169583286914	correct_baseline
2914590	2024	3	1.1842494118683624	correct_baseline
2925366	2022	1	0.8997319620960549	correct_baseline
2925366	2023	1	0.8970268908574534	correct_baseline
2925366	2024	1	0.8943067467082196	correct_baseline
2925496	2022			correct_baseline
2925496	2023			correct_baseline
2925496	2024			correct_baseline
2925514	2022	3	1.1219917190172863	correct_baseline
2925514	2023	3	1.1100592112531529	correct_baseline
2925514	2024	3	1.097886871077785	correct_baseline
2925527	2022	3	1.3457659855107487	correct_baseline
2925527	2023	3	1.4188092228061115	correct_baseline
2925527	2024	3	1.485366624633738	correct_baseline
2925756	2022	1	0.8661578885226421	correct_baseline
2925756	2023	1	0.8613654237968243	correct_baseline
2925756	2024	1	0.8563454984628454	correct_baseline
2925816	2022	0	0.7632523690974267	correct_baseline
2925816	2023	0	0.42043951558736564	correct_baseline
2925816	2024	0	0.219162884276921	correct_baseline
2925870	2022	3	1.0759011683163846	correct_baseline
2925870	2023	3	1.0771363025914071	correct_baseline
2925870	2024	3	1.0783622900376857	correct_baseline
2925895	2022	3	1.1721005857118603	correct_baseline
2925895	2023	3	1.1943450198660126	correct_baseline
2925895	2024	3	1.2151976287767687	correct_baseline
2926042	2022			correct_baseline
2926042	2023			correct_baseline
2926042	2024			correct_baseline
2926045	2022	1	1.007181780393717	correct_baseline
2926045	2023	3	1.0144871900767218	correct_baseline
2926045	2024	3	1.0215769389375189	correct_baseline
2926048	2022	0	0.718020657144613	correct_baseline
2926048	2023	0	0.7159346474681787	correct_baseline
2926048	2024	0	0.713734756628386	correct_baseline
2926066	2022	3	1.095055580825691	correct_baseline
2926066	2023	3	1.1021653384869676	correct_baseline
2926066	2024	3	1.1086727775246232	correct_baseline
2926110	2022	3	1.1560789138338459	correct_baseline
2926110	2023	3	1.1615666072087618	correct_baseline
2926110	2024	3	1.1670751488992466	correct_baseline
2926130	2022	3	1.1757065221426763	correct_baseline
2926130	2023	3	1.1792322364315149	correct_baseline
2926130	2024	3	1.1820470563511463	correct_baseline
2926572	2022			correct_baseline
2926572	2023			correct_baseline
2926572	2024			correct_baseline
2926681	2022			correct_baseline
2926681	2023			correct_baseline
2926681	2024			correct_baseline
2926884	2022	1	0.9643619470753244	correct_baseline
2926884	2023	1	0.9677024736052976	correct_baseline
2926884	2024	1	0.9708864432787813	correct_baseline
2926885	2022	1	0.7870340830351694	correct_baseline
2926885	2023	1	0.7871730684298048	correct_baseline
2926885	2024	1	0.7866790678073479	correct_baseline
2926992	2022	3	1.3414156558511763	correct_baseline
2926992	2023	3	1.3125095001934541	correct_baseline
2926992	2024	3	1.2745499240526121	correct_baseline
2926995	2022	0	0.7924944237164647	correct_baseline
2926995	2023	0	0.7869273604639943	correct_baseline
2926995	2024	0	0.7813940300458191	correct_baseline
2927000	2022			correct_baseline
2927000	2023			correct_baseline
2927000	2024			correct_baseline
2927004	2022	1	0.8223435150529731	correct_baseline
2927004	2023	1	0.8048514984389404	correct_baseline
2927004	2024	1	0.7862137310412751	correct_baseline
2927028	2022	1	1.005275924176417	correct_baseline
2927028	2023	1	1.0050223678329202	correct_baseline
2927028	2024	1	1.0044565621565757	correct_baseline
2927045	2022			correct_baseline
2927045	2023			correct_baseline
2927045	2024			correct_baseline
2927174	2022	3	1.0199203070158658	correct_baseline
2927174	2023	3	1.0765450298964845	correct_baseline
2927174	2024	3	1.0924352961681398	correct_baseline
2927220	2022			correct_baseline
2927220	2023			correct_baseline
2927220	2024			correct_baseline
2927230	2022	1	0.9595332632619278	correct_baseline
2927230	2023	1	0.9593550147593399	correct_baseline
2927230	2024	1	0.9591116208610607	correct_baseline
2927305	2022	1	0.9852917003956444	correct_baseline
2927305	2023	1	0.9833022110150604	correct_baseline
2927305	2024	1	0.9808780772823322	correct_baseline
2927727	2022	2	0.9122752773562597	correct_baseline
2927727	2023	2	0.9314561601810042	correct_baseline
2927727	2024	2	0.9496071938703927	correct_baseline
2927744	2022			correct_baseline
2927744	2023			correct_baseline
2927744	2024			correct_baseline
2927850	2022	1	0.8716524805341793	correct_baseline
2927850	2023	1	0.8666039943330004	correct_baseline
2927850	2024	1	0.8615783010387277	correct_baseline
2928026	2022	3	1.112098372991384	correct_baseline
2928026	2023	3	1.1242807427262735	correct_baseline
2928026	2024	3	1.1362534230484467	correct_baseline
2928034	2022			correct_baseline
2928034	2023			correct_baseline
2928034	2024			correct_baseline
2928226	2022	3	1.1228082210764434	correct_baseline
2928226	2023	3	1.1271356428346972	correct_baseline
2928226	2024	3	1.1310210345482024	correct_baseline
2928238	2022			correct_baseline
2928238	2023			correct_baseline
2928238	2024			correct_baseline
2928538	2022	1	0.838183310170437	correct_baseline
2928538	2023	1	0.8328177578007081	correct_baseline
2928538	2024	1	0.8274742717410498	correct_baseline
2928576	2022	3	1.0909412846106457	correct_baseline
2928576	2023	3	1.0956368926721607	correct_baseline
2928576	2024	3	1.096618769113345	correct_baseline
2928666	2022			correct_baseline
2928666	2023			correct_baseline
2928666	2024			correct_baseline
2928668	2022			correct_baseline
2928668	2023			correct_baseline
2928668	2024			correct_baseline
2928751	2022	3	1.1525395083404748	correct_baseline
2928751	2023	3	1.1591143087897766	correct_baseline
2928751	2024	3	1.1655022224811626	correct_baseline
2928755	2022	1	0.9898640992306835	correct_baseline
2928755	2023	1	0.9877842680235436	correct_baseline
2928755	2024	1	0.9856896749274635	correct_baseline
2928759	2022			correct_baseline
2928759	2023			correct_baseline
2928759	2024			correct_baseline
2928761	2022	1	0.8795211775483582	correct_baseline
2928761	2023	1	0.8671873906180999	correct_baseline
2928761	2024	1	0.8537182713292392	correct_baseline
2928767	2022			correct_baseline
2928767	2023			correct_baseline
2928767	2024			correct_baseline
2928774	2022	1	0.7567132989791552	correct_baseline
2928774	2023	1	0.7539298909762884	correct_baseline
2928774	2024	1	0.7510659395812017	correct_baseline
2928775	2022	1	0.784534797165286	correct_baseline
2928775	2023	1	0.7846701726378348	correct_baseline
2928775	2024	1	0.784627836216225	correct_baseline
2928835	2022	1	0.974769511664429	correct_baseline
2928835	2023	1	0.9749596244326537	correct_baseline
2928835	2024	1	0.9749812016757191	correct_baseline
2928859	2022	3	1.0976346511760393	correct_baseline
2928859	2023	3	1.1033024855788631	correct_baseline
2928859	2024	3	1.108332561023261	correct_baseline
2928905	2022			correct_baseline
2928905	2023			correct_baseline
2928905	2024			correct_baseline
2929505	2022	3	1.0773708309709102	correct_baseline
2929505	2023	3	1.0825981913036218	correct_baseline
2929505	2024	3	1.0875199018407558	correct_baseline
2929800	2022	1	0.8583269942349262	correct_baseline
2929800	2023	1	0.8574399848476888	correct_baseline
2929800	2024	1	0.8558487597757882	correct_baseline
2930137	2022	3	1.082234711045621	correct_baseline
2930137	2023	3	1.0802317476949737	correct_baseline
2930137	2024	3	1.0782256499399114	correct_baseline
2930222	2022	1	0.9526344995633964	correct_baseline
2930222	2023	1	0.9558492676807647	correct_baseline
2930222	2024	1	0.956846997051277	correct_baseline
2930262	2022	1	0.9912472784258973	correct_baseline
2930262	2023	1	0.9778855229121624	correct_baseline
2930262	2024	1	0.9638782486943024	correct_baseline
2930805	2022	1	0.8262814196136118	correct_baseline
2930805	2023	1	0.8206139211337109	correct_baseline
2930805	2024	1	0.8149724759238527	correct_baseline
2931104	2022			correct_baseline
2931104	2023			correct_baseline
2931104	2024			correct_baseline
2931237	2022	1	0.9443442155762248	correct_baseline
2931237	2023	1	0.9418715558749865	correct_baseline
2931237	2024	1	0.939402298977639	correct_baseline
2932147	2022	1	0.9524969424130032	correct_baseline
2932147	2023	1	0.9508186970255076	correct_baseline
2932147	2024	1	0.9491348007891576	correct_baseline
2932184	2022	0	0.655462821645403	correct_baseline
2932184	2023	0	0.6480290739950356	correct_baseline
2932184	2024	0	0.6401779306652905	correct_baseline
2932872	2022	1	0.8010782835230161	correct_baseline
2932872	2023	0	0.7862307547090115	correct_baseline
2932872	2024	0	0.7714407187191861	correct_baseline
2932944	2022	1	0.8575610146534975	correct_baseline
2932944	2023	1	0.86792983093742615	correct_baseline
2932944	2024	1	0.8775816295412033	correct_baseline
2943190	2022	1	0.6333006491604827	correct_baseline
2943190	2023	1	0.6369759572404649	correct_baseline
2943190	2024	1	0.6388434328414376	correct_baseline
2947311	2022			correct_baseline
2947311	2023			correct_baseline
2947311	2024			correct_baseline
2956441	2022	1	0.8888664945377637	correct_baseline
2956441	2023	1	0.8886109132509598	correct_baseline
2956441	2024	1	0.8881401613068128	correct_baseline
2959443	2022	1	0.9210434375772818	correct_baseline
2959443	2023	1	0.9059139712870024	correct_baseline
2959443	2024	1	0.8858053021422011	correct_baseline
2963569	2022	0	0.6899252830271457	correct_baseline
2963569	2023	0	0.6846843130088692	correct_baseline
2963569	2024	0	0.6793072069507583	correct_baseline
2963817	2022	1	0.7443807633928788	correct_baseline
2963817	2023	1	0.7390102061233974	correct_baseline
2963817	2024	1	0.7336619976606479	correct_baseline
2964025	2022			correct_baseline
2964025	2023			correct_baseline
2964025	2024			correct_baseline
2964355	2022	3	1.114231412869085	correct_baseline
2964355	2023	3	1.133066641970398	correct_baseline
2964355	2024	3	1.1515690109337244	correct_baseline
2965331	2022	3	1.0260419965002379	correct_baseline
2965331	2023	3	1.027855671444054	correct_baseline
2965331	2024	3	1.0291600485503472	correct_baseline
2965354	2022	0	0.7555990900121017	correct_baseline
2965354	2023	0	0.725989001005208	correct_baseline
2965354	2024	0	0.6970267624422323	correct_baseline
2965531	2022	3	1.034380147313046	correct_baseline
2965531	2023	3	1.0360931791057149	correct_baseline
2965531	2024	3	1.037530030628292	correct_baseline
2971016	2022	1	0.9883214767550942	correct_baseline
2971016	2023	1	0.9885352585292146	correct_baseline
2971016	2024	1	0.9887449386510191	correct_baseline
2971024	2022			correct_baseline
2971024	2023			correct_baseline
2971024	2024			correct_baseline
2971095	2022	3	1.0958130897687641	correct_baseline
2971095	2023	3	1.1024202668725471	correct_baseline
2971095	2024	3	1.1088118832580511	correct_baseline
2972595	2022	3	1.0583919431097895	correct_baseline
2972595	2023	3	1.0611600730704296	correct_baseline
2972595	2024	3	1.063931719024902	correct_baseline
2974753	2022	1	0.8333209890416858	correct_baseline
2974753	2023	1	0.8229096465332474	correct_baseline
2974753	2024	1	0.8124329412208843	correct_baseline
2974811	2022	3	1.1215363731752805	correct_baseline
2974811	2023	3	1.149384372639881	correct_baseline
2974811	2024	3	1.1685496505026516	correct_baseline
2974832	2022	3	1.0243003381842182	correct_baseline
2974832	2023	3	1.027191530834631	correct_baseline
2974832	2024	3	1.0300746527567999	correct_baseline
2974901	2022			correct_baseline
2974901	2023			correct_baseline
2974901	2024			correct_baseline
2974921	2022	1	0.8511780811772863	correct_baseline
2974921	2023	1	0.8459455916013856	correct_baseline
2974921	2024	1	0.8407406256286211	correct_baseline
2975132	2022	1	0.6953284049936852	correct_baseline
2975132	2023	1	0.6875002322162478	correct_baseline
2975132	2024	1	0.6797452659729334	correct_baseline
2975309	2022	1	0.9743666106395076	correct_baseline
2975309	2023	1	0.9767246965639194	correct_baseline
2975309	2024	1	0.978990655374188	correct_baseline
2975667	2022	3	1.153681815865822	correct_baseline
2975667	2023	3	1.1307161040089553	correct_baseline
2975667	2024	3	1.1062789292247104	correct_baseline
2984306	2022	1	0.7207700019157616	correct_baseline
2984306	2023	1	0.6996289141290902	correct_baseline
2984306	2024	1	0.6768892353283311	correct_baseline
2984366	2022	3	1.1338942422529104	correct_baseline
2984366	2023	3	1.1355722268262385	correct_baseline
2984366	2024	3	1.136881318737644	correct_baseline
2984492	2022			correct_baseline
2984492	2023			correct_baseline
2984492	2024			correct_baseline
2984532	2022	3	1.0161690646254018	correct_baseline
2984532	2023	1	0.9893913086341145	correct_baseline
2984532	2024	1	0.9576685255749169	correct_baseline
2984676	2022	1	0.8702277369886691	correct_baseline
2984676	2023	1	0.8680040572938156	correct_baseline
2984676	2024	1	0.8657370540144991	correct_baseline
2985863	2022	1	0.843116126666202	correct_baseline
2985863	2023	1	0.8384653061986219	correct_baseline
2985863	2024	1	0.8338131261153707	correct_baseline
2985949	2022	1	0.8693256830186844	correct_baseline
2985949	2023	1	0.864993101496748	correct_baseline
2985949	2024	1	0.8597995908154978	correct_baseline
2985964	2022			correct_baseline
2985964	2023			correct_baseline
2985964	2024			correct_baseline
2985965	2022	3	1.0226775032451882	correct_baseline
2985965	2023	3	1.0225645652191544	correct_baseline
2985965	2024	3	1.0223922773650835	correct_baseline
2985994	2022			correct_baseline
2985994	2023			correct_baseline
2985994	2024			correct_baseline
2985995	2022			correct_baseline
2985995	2023			correct_baseline
2985995	2024			correct_baseline
2986045	2022	0	0.4278196754024591	correct_baseline
2986045	2023	0	0.39652795907456423	correct_baseline
2986045	2024	0	0.3664690165979951	correct_baseline
2986111	2022	1	0.8856842914808946	correct_baseline
2986111	2023	1	0.8811322173779685	correct_baseline
2986111	2024	1	0.8765635267215954	correct_baseline
2986130	2022	3	1.0532067028796945	correct_baseline
2986130	2023	3	1.049392228664026	correct_baseline
2986130	2024	3	1.0455536330128539	correct_baseline
2986184	2022	1	0.8792471174690336	correct_baseline
2986184	2023	1	0.8745766884417362	correct_baseline
2986184	2024	1	0.8699264704628359	correct_baseline
2987948	2022			correct_baseline
2987948	2023			correct_baseline
2987948	2024			correct_baseline
2988188	2022	1	0.9221822665537872	correct_baseline
2988188	2023	1	0.9175399291443331	correct_baseline
2988188	2024	1	0.9128439232587434	correct_baseline
2988354	2022	1	0.7502564369557212	correct_baseline
2988354	2023	1	0.7439024156634186	correct_baseline
2988354	2024	1	0.7375564361500668	correct_baseline
2992543	2022	1	1.0063131848453983	correct_baseline
2992543	2023	1	0.9968457858651117	correct_baseline
2992543	2024	1	0.9870064465292553	correct_baseline
2993761	2022	1	0.8061396582000409	correct_baseline
2993761	2023	1	0.8014417439756847	correct_baseline
2993761	2024	1	0.7967203671077521	correct_baseline
2994229	2022			correct_baseline
2994229	2023			correct_baseline
2994229	2024			correct_baseline
2994912	2022	0	0.716268859805503	correct_baseline
2994912	2023	0	0.7131714061692079	correct_baseline
2994912	2024	0	0.7098331597274149	correct_baseline
2995149	2022	1	0.8610199959516919	correct_baseline
2995149	2023	1	0.8594323106060499	correct_baseline
2995149	2024	1	0.8578068905528005	correct_baseline
2996525	2022	3	1.029670052697239	correct_baseline
2996525	2023	3	1.0344424535988093	correct_baseline
2996525	2024	3	1.0364667932609908	correct_baseline
3000406	2022	1	0.7773798239607498	correct_baseline
3000406	2023	1	0.7902659575545913	correct_baseline
3000406	2024	1	0.8006654120757007	correct_baseline
3000610	2022	1	0.9590037572825391	correct_baseline
3000610	2023	1	0.9579512574032644	correct_baseline
3000610	2024	1	0.9568339384235632	correct_baseline
3000679	2022	3	1.0501708741119649	correct_baseline
3000679	2023	3	1.0641409593938285	correct_baseline
3000679	2024	3	1.0748848123826296	correct_baseline
3001244	2022	1	0.9254419714505776	correct_baseline
3001244	2023	1	0.9299612018618214	correct_baseline
3001244	2024	1	0.9341094306403571	correct_baseline
3003244	2022	1	0.9709286123224625	correct_baseline
3003244	2023	1	0.9624843199582034	correct_baseline
3003244	2024	1	0.9537940958516717	correct_baseline
3003709	2022	1	0.8406053035942888	correct_baseline
3003709	2023	1	0.8371226721806045	correct_baseline
3003709	2024	1	0.8336138713990602	correct_baseline
3003979	2022	3	1.0548607939663577	correct_baseline
3003979	2023	3	1.0573227944888162	correct_baseline
3003979	2024	3	1.0594836739776785	correct_baseline
3012089	2022	3	1.0748678002246823	correct_baseline
3012089	2023	3	1.0690421747539356	correct_baseline
3012089	2024	3	1.0620342499401287	correct_baseline
3015457	2022	1	0.7514765028968257	correct_baseline
3015457	2023	1	0.7520745774047904	correct_baseline
3015457	2024	1	0.7521978147746801	correct_baseline
3020871	2022	1	0.9392320804397927	correct_baseline
3020871	2023	1	0.9341142239541615	correct_baseline
3020871	2024	1	0.9277158076706823	correct_baseline
3021496	2022	3	1.0757786660684157	correct_baseline
3021496	2023	3	1.071535536597409	correct_baseline
3021496	2024	3	1.067263885002301	correct_baseline
3021730	2022	1	0.9781468915543504	correct_baseline
3021730	2023	1	0.9794851285536466	correct_baseline
3021730	2024	1	0.9803746728894074	correct_baseline
3021850	2022	3	1.1317838867415326	correct_baseline
3021850	2023	3	1.1480179393666756	correct_baseline
3021850	2024	3	1.163951636346746	correct_baseline
3021922	2022	3	1.0930011139855917	correct_baseline
3021922	2023	3	1.1079710711679247	correct_baseline
3021922	2024	3	1.1221143921411276	correct_baseline
3022203	2022	3	1.045033830962903	correct_baseline
3022203	2023	3	1.0459834963183097	correct_baseline
3022203	2024	3	1.046479076352758	correct_baseline
3022609	2022	0	0.5623219161896246	correct_baseline
3022609	2023	0	0.5568055989302959	correct_baseline
3022609	2024	1	0.5502314783769024	correct_baseline
3022668	2022	1	0.6838691575879113	correct_baseline
3022668	2023	1	0.6765522316421018	correct_baseline
3022668	2024	1	0.6689180897951812	correct_baseline
3024109	2022	3	1.1217205600869558	correct_baseline
3024109	2023	3	1.138195639114084	correct_baseline
3024109	2024	3	1.1542294174595193	correct_baseline
3025617	2022	0	0.8076167140298715	correct_baseline
3025617	2023	0	0.7947192078125601	correct_baseline
3025617	2024	0	0.7819213844745221	correct_baseline
3025858	2022	1	0.8004435842747618	correct_baseline
3025858	2023	1	0.7951766578995354	correct_baseline
3025858	2024	1	0.7899156637739035	correct_baseline
3025896	2022	0	0.6072554036197794	correct_baseline
3025896	2023	0	0.5899196239912338	correct_baseline
3025896	2024	0	0.5730210360011407	correct_baseline
3026024	2022	1	0.6580632443878525	correct_baseline
3026024	2023	1	0.6489501889748733	correct_baseline
3026024	2024	1	0.6381889093235874	correct_baseline
3026035	2022			correct_baseline
3026035	2023			correct_baseline
3026035	2024			correct_baseline
3026040	2022	0	0.6574219780803134	correct_baseline
3026040	2023	0	0.5950667436995485	correct_baseline
3026040	2024	0	0.5349078177936276	correct_baseline
3026049	2022			correct_baseline
3026049	2023			correct_baseline
3026049	2024			correct_baseline
3026074	2022	0	0.6451354942811537	correct_baseline
3026074	2023	0	0.6071927396212069	correct_baseline
3026074	2024	0	0.5691839250116016	correct_baseline
3026092	2022	1	0.7150564201365309	correct_baseline
3026092	2023	1	0.6640453155182143	correct_baseline
3026092	2024	0	0.6114277447959545	correct_baseline
3026162	2022	1	0.7445857079468425	correct_baseline
3026162	2023	1	0.7345799170412046	correct_baseline
3026162	2024	1	0.7246593014622088	correct_baseline
3026294	2022	1	0.7697173816372299	correct_baseline
3026294	2023	1	0.7533993805222912	correct_baseline
3026294	2024	0	0.7370113510868466	correct_baseline
3026334	2022	1	0.7773436004105706	correct_baseline
3026334	2023	1	0.7708556755665164	correct_baseline
3026334	2024	1	0.7643769752007882	correct_baseline
3026454	2022	1	0.8951451047584944	correct_baseline
3026454	2023	1	0.8938192943707698	correct_baseline
3026454	2024	1	0.8924885136977523	correct_baseline
3026585	2022	3	1.1728501038364851	correct_baseline
3026585	2023	3	1.178380585177699	correct_baseline
3026585	2024	3	1.1835519606437248	correct_baseline
3026622	2022	1	0.9954848665962855	correct_baseline
3026622	2023	1	0.99897200709908	correct_baseline
3026622	2024	1	1.0024370993282876	correct_baseline
3026819	2022	0	0.7431655686370175	correct_baseline
3026819	2023	0	0.7364989568533912	correct_baseline
3026819	2024	0	0.7298831745625486	correct_baseline
3027159	2022	1	0.9008506912659888	correct_baseline
3027159	2023	1	0.8903005492738792	correct_baseline
3027159	2024	1	0.879505492150538	correct_baseline
3028528	2022	0	0.7981866570605577	correct_baseline
3028528	2023	0	0.7461342944503844	correct_baseline
3028528	2024	0	0.6963182146098865	correct_baseline
3029912	2022	0	0.7137034152780647	correct_baseline
3029912	2023	0	0.6992184239087641	correct_baseline
3029912	2024	0	0.6846755137227007	correct_baseline
3031774	2022	1	1.0037609966963525	correct_baseline
3031774	2023	1	1.0039006321127084	correct_baseline
3031774	2024	1	1.0040379669770239	correct_baseline
3032442	2022			correct_baseline
3032442	2023			correct_baseline
3032442	2024			correct_baseline
3032611	2022	1	0.8901870706295439	correct_baseline
3032611	2023	1	0.8759976040796484	correct_baseline
3032611	2024	1	0.8591701921623308	correct_baseline
3032653	2022			correct_baseline
3032653	2023			correct_baseline
3032653	2024			correct_baseline
3032698	2022	3	1.1335161227010038	correct_baseline
3032698	2023	3	1.1411788314517655	correct_baseline
3032698	2024	3	1.1488626870985057	correct_baseline
3033077	2022	0	0.8773124960270873	correct_baseline
3033077	2023	0	0.8305657078760358	correct_baseline
3033077	2024	0	0.7826118634868268	correct_baseline
3033227	2022	3	1.0708916957642636	correct_baseline
3033227	2023	3	1.0540203239281254	correct_baseline
3033227	2024	3	1.0342437198111463	correct_baseline
3033242	2022	3	1.1331687842829175	correct_baseline
3033242	2023	3	1.1445935860194423	correct_baseline
3033242	2024	3	1.1560260153901984	correct_baseline
3033261	2022	1	0.8446615006405531	correct_baseline
3033261	2023	1	0.8464940545809329	correct_baseline
3033261	2024	1	0.8479488475863938	correct_baseline
3033289	2022			correct_baseline
3033289	2023			correct_baseline
3033289	2024			correct_baseline
3033434	2022	1	0.5672074241745491	correct_baseline
3033434	2023	1	0.5575837024979721	correct_baseline
3033434	2024	1	0.5481109582839852	correct_baseline
3033518	2022	1	0.9193098889133247	correct_baseline
3033518	2023	1	0.9204636015307793	correct_baseline
3033518	2024	1	0.9209213209557576	correct_baseline
3033535	2022	1	0.6904906507564047	correct_baseline
3033535	2023	1	0.6823952245339856	correct_baseline
3033535	2024	1	0.6742518683452445	correct_baseline
3033543	2022			correct_baseline
3033543	2023			correct_baseline
3033543	2024			correct_baseline
3033833	2022	1	0.9909759004704686	correct_baseline
3033833	2023	1	0.9926376763298982	correct_baseline
3033833	2024	1	0.9941235059130903	correct_baseline
3033865	2022	3	1.1532350953993495	correct_baseline
3033865	2023	3	1.1713139235689825	correct_baseline
3033865	2024	3	1.189092790674484	correct_baseline
3033896	2022	3	1.106408408063001	correct_baseline
3033896	2023	3	1.1136148775534627	correct_baseline
3033896	2024	3	1.118856372479173	correct_baseline
3033965	2022			correct_baseline
3033965	2023			correct_baseline
3033965	2024			correct_baseline
3034015	2022	2	0.965756620258858	correct_baseline
3034015	2023	2	0.9839371652343152	correct_baseline
3034015	2024	2	1.0006711121426912	correct_baseline
3034046	2022	3	1.173809591757735	correct_baseline
3034046	2023	3	1.0883590315377314	correct_baseline
3034046	2024	1	0.9949028866454696	correct_baseline
3034182	2022	1	1.0043508658220988	correct_baseline
3034182	2023	1	1.0026166075912817	correct_baseline
3034182	2024	1	1.0008795130585109	correct_baseline
3034393	2022	3	1.0556273768443538	correct_baseline
3034393	2023	3	1.057375026110212	correct_baseline
3034393	2024	3	1.0590198745477357	correct_baseline
3034646	2022	0	0.7423610161872338	correct_baseline
3034646	2023	0	0.7345462627464394	correct_baseline
3034646	2024	0	0.726802629130778	correct_baseline
3034681	2022	1	0.9286374895659779	correct_baseline
3034681	2023	1	0.9263124336567272	correct_baseline
3034681	2024	1	0.923779322477614	correct_baseline
3034782	2022	3	1.0349777377835483	correct_baseline
3034782	2023	3	1.045703209953063	correct_baseline
3034782	2024	3	1.0561298202658387	correct_baseline
3034825	2022	3	1.0374686390762162	correct_baseline
3034825	2023	3	1.0353532765506153	correct_baseline
3034825	2024	3	1.0331389553487793	correct_baseline
3034871	2022	1	0.7994175183882379	correct_baseline
3034871	2023	1	0.7945987373168627	correct_baseline
3034871	2024	1	0.7898003066890749	correct_baseline
3034915	2022	0	0.7226856040772459	correct_baseline
3034915	2023	0	0.6231671627849105	correct_baseline
3034915	2024	0	0.5335757623807255	correct_baseline
3034922	2022	3	1.045193726007258	correct_baseline
3034922	2023	3	1.0462086528116101	correct_baseline
3034922	2024	3	1.047219439872363	correct_baseline
3036033	2022	1	0.9406519868813956	correct_baseline
3036033	2023	1	0.9385217492230477	correct_baseline
3036033	2024	1	0.9363179314686499	correct_baseline
3036892	2022	3	1.0810676754232005	correct_baseline
3036892	2023	3	1.0612736691538973	correct_baseline
3036892	2024	3	1.0394831493673518	correct_baseline
3039046	2022			correct_baseline
3039046	2023			correct_baseline
3039046	2024			correct_baseline
3039194	2022	1	0.9494154611454488	correct_baseline
3039194	2023	1	0.9465597682417531	correct_baseline
3039194	2024	1	0.9436973284979768	correct_baseline
3039203	2022	0	0.8041013020419212	correct_baseline
3039203	2023	0	0.7894996833738004	correct_baseline
3039203	2024	0	0.7748323135124512	correct_baseline
3039209	2022	0	0.7877490991065792	correct_baseline
3039209	2023	0	0.7841053118983562	correct_baseline
3039209	2024	0	0.780464670333779	correct_baseline
3039267	2022	3	1.0228736269564933	correct_baseline
3039267	2023	3	1.0435947663340317	correct_baseline
3039267	2024	3	1.0628177553465905	correct_baseline
3039269	2022	3	1.0854424975838273	correct_baseline
3039269	2023	3	1.0883142909877872	correct_baseline
3039269	2024	3	1.0907976402012813	correct_baseline
3039270	2022	1	0.8427680364191368	correct_baseline
3039270	2023	1	0.8576338334361965	correct_baseline
3039270	2024	1	0.868621020382	correct_baseline
3040184	2022	1	0.9098083275373227	correct_baseline
3040184	2023	1	0.906594564115108	correct_baseline
3040184	2024	1	0.9033685432869322	correct_baseline
3040185	2022	3	1.049459917742156	correct_baseline
3040185	2023	3	1.0732169575141461	correct_baseline
3040185	2024	3	1.096955655546749	correct_baseline
3040233	2022	3	1.0310491530873889	correct_baseline
3040233	2023	3	1.0492886736485263	correct_baseline
3040233	2024	3	1.06728512381465	correct_baseline
3040254	2022	1	0.8428465837908024	correct_baseline
3040254	2023	1	0.8385510696967833	correct_baseline
3040254	2024	1	0.8338915599136765	correct_baseline
3040999	2022			correct_baseline
3040999	2023			correct_baseline
3040999	2024			correct_baseline
3041022	2022	3	1.0892623700840365	correct_baseline
3041022	2023	3	1.1023035908059649	correct_baseline
3041022	2024	3	1.1150338753601454	correct_baseline
3042291	2022	3	1.0750932648758222	correct_baseline
3042291	2023	3	1.0789989034431324	correct_baseline
3042291	2024	3	1.082915415936935	correct_baseline
3042416	2022	0	0.6520539943323986	correct_baseline
3042416	2023	0	0.6395983808995194	correct_baseline
3042416	2024	0	0.6273429285557413	correct_baseline
3042636	2022	0	0.8316898376049445	correct_baseline
3042636	2023	0	0.8250724825070953	correct_baseline
3042636	2024	0	0.8184204282118077	correct_baseline
3042751	2022	1	0.9134329252806096	correct_baseline
3042751	2023	1	0.91258326151692	correct_baseline
3042751	2024	1	0.9117262910163952	correct_baseline
3042845	2022	0	0.6664414351809068	correct_baseline
3042845	2023	0	0.6577363190590374	correct_baseline
3042845	2024	0	0.649141035839413	correct_baseline
3045803	2022			correct_baseline
3045803	2023			correct_baseline
3045803	2024			correct_baseline
3046015	2022	3	1.2291982032362736	correct_baseline
3046015	2023	3	1.160772295477498	correct_baseline
3046015	2024	3	1.0841501996838911	correct_baseline
3046736	2022			correct_baseline
3046736	2023			correct_baseline
3046736	2024			correct_baseline
3046812	2022	1	0.9021423632184307	correct_baseline
3046812	2023	1	0.8969379183063158	correct_baseline
3046812	2024	1	0.8917548363033955	correct_baseline
3046851	2022	3	1.1589456303267114	correct_baseline
3046851	2023	3	1.164679452276442	correct_baseline
3046851	2024	3	1.1698077023499678	correct_baseline
3046875	2022	0	0.8000268502881394	correct_baseline
3046875	2023	0	0.7935084434911582	correct_baseline
3046875	2024	0	0.7870352124141557	correct_baseline
3046929	2022	1	0.9540109320096245	correct_baseline
3046929	2023	1	0.9523300040402076	correct_baseline
3046929	2024	1	0.9501215876722666	correct_baseline
3047621	2022	3	1.2877955617146706	correct_baseline
3047621	2023	3	1.3017514767195097	correct_baseline
3047621	2024	3	1.315286923184887	correct_baseline
3048203	2022	3	1.081062430975986	correct_baseline
3048203	2023	3	1.0835497503299478	correct_baseline
3048203	2024	3	1.0860386221170888	correct_baseline
3048532	2022			correct_baseline
3048532	2023			correct_baseline
3048532	2024			correct_baseline
3050364	2022	1	0.9312172042720505	correct_baseline
3050364	2023	1	0.9299666257051393	correct_baseline
3050364	2024	1	0.9287132946142426	correct_baseline
3050595	2022	1	1.004345065179738	correct_baseline
3050595	2023	1	1.0033830816042595	correct_baseline
3050595	2024	1	1.0024176096688915	correct_baseline
3053406	2022	1	0.910686583635953	correct_baseline
3053406	2023	1	0.9082321023448584	correct_baseline
3053406	2024	1	0.9057784957539017	correct_baseline
3053522	2022	3	1.1101025686697852	correct_baseline
3053522	2023	3	1.1177406745994187	correct_baseline
3053522	2024	3	1.1250938599727713	correct_baseline
3054110	2022	2	0.9833797652609616	correct_baseline
3054110	2023	2	1.0060305238578193	correct_baseline
3054110	2024	3	1.0282369220841416	correct_baseline
3054117	2022	0	0.5461179931977855	correct_baseline
3054117	2023	0	0.364445227873672	correct_baseline
3054117	2024	0	0.23715358074078524	correct_baseline
3054357	2022	1	0.9963378073041319	correct_baseline
3054357	2023	1	0.9952033759845983	correct_baseline
3054357	2024	1	0.9940356553832546	correct_baseline
3054368	2022	1	1.0071695875165085	correct_baseline
3054368	2023	1	1.0021872168135482	correct_baseline
3054368	2024	1	0.9972232079701131	correct_baseline
3064056	2022	3	1.043954743122781	correct_baseline
3064056	2023	3	1.0480036142227886	correct_baseline
3064056	2024	3	1.0507965720661803	correct_baseline
3064221	2022	3	1.144934468616395	correct_baseline
3064221	2023	3	1.160722340660745	correct_baseline
3064221	2024	3	1.1762390357526666	correct_baseline
3064282	2022	1	0.8028041180100974	correct_baseline
3064282	2023	1	0.8006511077865813	correct_baseline
3064282	2024	1	0.7982379544834471	correct_baseline
3064669	2022	1	0.9966595622043307	correct_baseline
3064669	2023	1	0.9851905699631855	correct_baseline
3064669	2024	1	0.9719230386207885	correct_baseline
3065244	2022			correct_baseline
3065244	2023			correct_baseline
3065244	2024			correct_baseline
3066965	2022	3	1.1973748176915981	correct_baseline
3066965	2023	3	1.2226913892435811	correct_baseline
3066965	2024	3	1.2479726891080274	correct_baseline
3067054	2022			correct_baseline
3067054	2023			correct_baseline
3067054	2024			correct_baseline
3067119	2022	3	1.2481555303373226	correct_baseline
3067119	2023	3	1.2595521917031232	correct_baseline
3067119	2024	3	1.2709370940828582	correct_baseline
3067353	2022	3	1.2554349631662685	correct_baseline
3067353	2023	3	1.2765984843631386	correct_baseline
3067353	2024	3	1.2971489934011462	correct_baseline
3067891	2022	3	1.1109899417766624	correct_baseline
3067891	2023	3	1.1173093373501166	correct_baseline
3067891	2024	3	1.1222128130285682	correct_baseline
3069053	2022			correct_baseline
3069053	2023			correct_baseline
3069053	2024			correct_baseline
3069460	2022	3	1.120214931434274	correct_baseline
3069460	2023	3	1.1289159958960913	correct_baseline
3069460	2024	3	1.135185790990019	correct_baseline
3082244	2022	3	1.1925139896102166	correct_baseline
3082244	2023	3	1.1949280897183234	correct_baseline
3082244	2024	3	1.1973159079926494	correct_baseline
3082274	2022			correct_baseline
3082274	2023			correct_baseline
3082274	2024			correct_baseline
3082279	2022			correct_baseline
3082279	2023			correct_baseline
3082279	2024			correct_baseline
3082297	2022			correct_baseline
3082297	2023			correct_baseline
3082297	2024			correct_baseline
3083488	2022			correct_baseline
3083488	2023			correct_baseline
3083488	2024			correct_baseline
3083647	2022	1	0.9360106024664069	correct_baseline
3083647	2023	1	0.9421585776929754	correct_baseline
3083647	2024	1	0.9435808112745642	correct_baseline
3083680	2022			correct_baseline
3083680	2023			correct_baseline
3083680	2024			correct_baseline
3083761	2022	1	0.8405892442988363	correct_baseline
3083761	2023	1	0.8408846604347755	correct_baseline
3083761	2024	1	0.8411114700602822	correct_baseline
3083920	2022	1	0.7536834076359223	correct_baseline
3083920	2023	1	0.7409827812093572	correct_baseline
3083920	2024	1	0.7274483269177472	correct_baseline
3083975	2022	1	0.9378035065527598	correct_baseline
3083975	2023	1	0.9364771573539531	correct_baseline
3083975	2024	1	0.9351294751156041	correct_baseline
3084015	2022	3	1.157169210424719	correct_baseline
3084015	2023	3	1.1628796693638737	correct_baseline
3084015	2024	3	1.1685780304716997	correct_baseline
3084022	2022	3	1.4394320273554944	correct_baseline
3084022	2023	3	1.453435767916965	correct_baseline
3084022	2024	3	1.4674995443539534	correct_baseline
3084719	2022	3	1.2350890818073272	correct_baseline
3084719	2023	3	1.2391290704212279	correct_baseline
3084719	2024	3	1.243136535929572	correct_baseline
3084742	2022	3	1.0592003826389158	correct_baseline
3084742	2023	3	1.0786257344846164	correct_baseline
3084742	2024	3	1.0968306074421106	correct_baseline
3085357	2022	1	0.8949056604696869	correct_baseline
3085357	2023	1	0.8956168781979585	correct_baseline
3085357	2024	1	0.8956012605770628	correct_baseline
3085360	2022	3	1.1676063080943173	correct_baseline
3085360	2023	3	1.1786046602846318	correct_baseline
3085360	2024	3	1.1892274336228592	correct_baseline
3085381	2022	3	1.1743180570206002	correct_baseline
3085381	2023	3	1.1736461482842202	correct_baseline
3085381	2024	3	1.1726654047968164	correct_baseline
3085420	2022	1	0.6742701312290431	correct_baseline
3085420	2023	1	0.6644450609410087	correct_baseline
3085420	2024	1	0.6547472525598459	correct_baseline
3085421	2022	3	1.1749269844339785	correct_baseline
3085421	2023	3	1.196456491601228	correct_baseline
3085421	2024	3	1.2164709791436297	correct_baseline
3085438	2022	1	0.8693557545565065	correct_baseline
3085438	2023	1	0.8630636719820247	correct_baseline
3085438	2024	1	0.8568095691607576	correct_baseline
3085623	2022	3	1.1359885990165137	correct_baseline
3085623	2023	3	1.142634014730476	correct_baseline
3085623	2024	3	1.1492211282719593	correct_baseline
3086240	2022	3	1.043993834026124	correct_baseline
3086240	2023	3	1.0460969518680838	correct_baseline
3086240	2024	3	1.0476280534554736	correct_baseline
3088310	2022	3	1.0871935658539962	correct_baseline
3088310	2023	3	1.0913220093158968	correct_baseline
3088310	2024	3	1.0952969236712682	correct_baseline
3088481	2022	1	0.7882321459571824	correct_baseline
3088481	2023	1	0.7816232767628704	correct_baseline
3088481	2024	1	0.7745170306177764	correct_baseline
3088488	2022	1	0.894596556894124	correct_baseline
3088488	2023	1	0.8927390114165172	correct_baseline
3088488	2024	1	0.8906472493122406	correct_baseline
3089146	2022	1	0.9000398807596993	correct_baseline
3089146	2023	1	0.8934618246135784	correct_baseline
3089146	2024	1	0.8865650845543568	correct_baseline
3089154	2022	1	0.7154440275839262	correct_baseline
3089154	2023	1	0.7084092343213461	correct_baseline
3089154	2024	1	0.7011209243957486	correct_baseline
3092576	2022			correct_baseline
3092576	2023			correct_baseline
3092576	2024			correct_baseline
3092691	2022			correct_baseline
3092691	2023			correct_baseline
3092691	2024			correct_baseline
3096529	2022	1	0.7018864740975153	correct_baseline
3096529	2023	1	0.6990277256684434	correct_baseline
3096529	2024	1	0.696015972540887	correct_baseline
3098912	2022	1	0.8351242179740671	correct_baseline
3098912	2023	1	0.8308490983568584	correct_baseline
3098912	2024	1	0.8265625421724432	correct_baseline
3098951	2022	0	0.6649311610713498	correct_baseline
3098951	2023	0	0.4408554236534045	correct_baseline
3098951	2024	0	0.2784458353240929	correct_baseline
3101184	2022	1	0.7812326901223358	correct_baseline
3101184	2023	1	0.7802795204068153	correct_baseline
3101184	2024	1	0.775023621750901	correct_baseline
3101193	2022	1	1.0054594834388515	correct_baseline
3101193	2023	1	0.9985503860976624	correct_baseline
3101193	2024	1	0.9915198394480739	correct_baseline
3103082	2022	3	1.1238839874411095	correct_baseline
3103082	2023	3	1.1716433089842677	correct_baseline
3103082	2024	3	1.2162116854902785	correct_baseline
3103158	2022			correct_baseline
3103158	2023			correct_baseline
3103158	2024			correct_baseline
3103180	2022			correct_baseline
3103180	2023			correct_baseline
3103180	2024			correct_baseline
3103791	2022	3	1.052785409918531	correct_baseline
3103791	2023	3	1.0597091307230002	correct_baseline
3103791	2024	3	1.0663944843757174	correct_baseline
3104106	2022			correct_baseline
3104106	2023			correct_baseline
3104106	2024			correct_baseline
3104314	2022			correct_baseline
3104314	2023			correct_baseline
3104314	2024			correct_baseline
3105508	2022			correct_baseline
3105508	2023			correct_baseline
3105508	2024			correct_baseline
3105768	2022	1	0.801828437362146	correct_baseline
3105768	2023	1	0.811225793017223	correct_baseline
3105768	2024	1	0.8192530231779517	correct_baseline
3109086	2022	3	1.0832448888001072	correct_baseline
3109086	2023	3	1.0816288598928716	correct_baseline
3109086	2024	3	1.080012736460808	correct_baseline
3109117	2022	0	0.6685194490147016	correct_baseline
3109117	2023	0	0.6598817558158117	correct_baseline
3109117	2024	0	0.6513524839966044	correct_baseline
3111754	2022			correct_baseline
3111754	2023			correct_baseline
3111754	2024			correct_baseline
3112110	2022			correct_baseline
3112110	2023			correct_baseline
3112110	2024			correct_baseline
3112361	2022	0	0.45375106012557087	correct_baseline
3112361	2023	0	0.2807548017487918	correct_baseline
3112361	2024	0	0.16934076092977296	correct_baseline
3112364	2022	0	0.8224297555557804	correct_baseline
3112364	2023	0	0.5469561596013279	correct_baseline
3112364	2024	0	0.3523547670680296	correct_baseline
3113637	2022	1	0.8158561237594455	correct_baseline
3113637	2023	1	0.8131967968645968	correct_baseline
3113637	2024	1	0.8105083152273395	correct_baseline
3114225	2022	3	1.2429509216807861	correct_baseline
3114225	2023	3	1.2648935468698725	correct_baseline
3114225	2024	3	1.2850903952519281	correct_baseline
3114229	2022	3	1.0181294018523708	correct_baseline
3114229	2023	3	1.01903110637476	correct_baseline
3114229	2024	3	1.0199061574025354	correct_baseline
3114643	2022	3	1.0388331984078265	correct_baseline
3114643	2023	3	1.0411175040744378	correct_baseline
3114643	2024	3	1.043398513321819	correct_baseline
3114667	2022			correct_baseline
3114667	2023			correct_baseline
3114667	2024			correct_baseline
3117449	2022	3	1.1972112496094924	correct_baseline
3117449	2023	3	1.199037304529756	correct_baseline
3117449	2024	3	1.2007181319820208	correct_baseline
3118254	2022	0	0.6092216332449524	correct_baseline
3118254	2023	0	0.602349824392416	correct_baseline
3118254	2024	0	0.5955251729683949	correct_baseline
3118430	2022	3	1.029114968404818	correct_baseline
3118430	2023	3	1.0297078915610143	correct_baseline
3118430	2024	3	1.030298772485539	correct_baseline
3118526	2022	3	1.0137190965780436	correct_baseline
3118526	2023	3	1.0385561241179733	correct_baseline
3118526	2024	3	1.062034701135358	correct_baseline
3119175	2022	1	0.9647912084017941	correct_baseline
3119175	2023	1	0.964525717605849	correct_baseline
3119175	2024	1	0.9639027061112896	correct_baseline
3119181	2022	3	1.017254034978337	correct_baseline
3119181	2023	3	1.0162962060950564	correct_baseline
3119181	2024	3	1.0152198013195415	correct_baseline
3120024	2022	3	1.081192557001559	correct_baseline
3120024	2023	3	1.116737773471007	correct_baseline
3120024	2024	3	1.152106248591842	correct_baseline
3120284	2022	1	0.8961779398761913	correct_baseline
3120284	2023	1	0.8795529281697188	correct_baseline
3120284	2024	1	0.8623948296482966	correct_baseline
3120692	2022	3	1.0850945117957889	correct_baseline
3120692	2023	3	1.1099703818370537	correct_baseline
3120692	2024	3	1.1343798285951814	correct_baseline
3120790	2022	1	0.9495428535110025	correct_baseline
3120790	2023	1	0.9524072032232651	correct_baseline
3120790	2024	1	0.9540179617764004	correct_baseline
3121088	2022			correct_baseline
3121088	2023			correct_baseline
3121088	2024			correct_baseline
3121226	2022	1	0.9858494008567247	correct_baseline
3121226	2023	1	0.974961659302397	correct_baseline
3121226	2024	1	0.9635751065438195	correct_baseline
3121258	2022			correct_baseline
3121258	2023			correct_baseline
3121258	2024			correct_baseline
3121562	2022			correct_baseline
3121562	2023			correct_baseline
3121562	2024			correct_baseline
3121581	2022	1	0.7097808178144656	correct_baseline
3121581	2023	1	0.7053123018780758	correct_baseline
3121581	2024	1	0.7007110686569916	correct_baseline
3122924	2022	3	1.2921249292497516	correct_baseline
3122924	2023	3	1.2896840603478557	correct_baseline
3122924	2024	3	1.286534267676452	correct_baseline
3123663	2022	1	0.9999863201751938	correct_baseline
3123663	2023	1	1.0014067166089442	correct_baseline
3123663	2024	1	1.002492177614383	correct_baseline
3127727	2022	0	0.7089758645797197	correct_baseline
3127727	2023	0	0.7019179627259619	correct_baseline
3127727	2024	0	0.6949021792918053	correct_baseline
3128225	2022	2	0.7811804796468199	correct_baseline
3128225	2023	2	0.8019297050504611	correct_baseline
3128225	2024	2	0.8221150227708766	correct_baseline
3128888	2022	1	0.766363398937825	correct_baseline
3128888	2023	1	0.7619274613795075	correct_baseline
3128888	2024	1	0.7574754258076354	correct_baseline
3131614	2022	2	0.9191921366654185	correct_baseline
3131614	2023	2	0.9577577609631689	correct_baseline
3131614	2024	2	0.9963347115331883	correct_baseline
3132570	2022	3	1.017056438568557	correct_baseline
3132570	2023	3	1.0236867157479472	correct_baseline
3132570	2024	3	1.0300289611221884	correct_baseline
3133887	2022	0	0.6451667026577325	correct_baseline
3133887	2023	0	0.4911423659886818	correct_baseline
3133887	2024	0	0.36888627815131125	correct_baseline
3133938	2022	1	1.0040988152929968	correct_baseline
3133938	2023	1	1.0089920994834558	correct_baseline
3133938	2024	3	1.0134326675310983	correct_baseline
3133950	2022	3	1.1038920402914507	correct_baseline
3133950	2023	3	1.0917297978656844	correct_baseline
3133950	2024	3	1.0742733757436702	correct_baseline
3134867	2022			correct_baseline
3134867	2023			correct_baseline
3134867	2024			correct_baseline
3136320	2022	3	1.1509732035926856	correct_baseline
3136320	2023	3	1.1782812848862332	correct_baseline
3136320	2024	3	1.2033653090022025	correct_baseline
3137829	2022			correct_baseline
3137829	2023			correct_baseline
3137829	2024			correct_baseline
3138195	2022			correct_baseline
3138195	2023			correct_baseline
3138195	2024			correct_baseline
3138327	2022	0	0.7742987330465084	correct_baseline
3138327	2023	0	0.7662197088404906	correct_baseline
3138327	2024	0	0.7582140510842131	correct_baseline
3139003	2022	1	0.7150790958983667	correct_baseline
3139003	2023	1	0.7155922728789281	correct_baseline
3139003	2024	1	0.7155825911002717	correct_baseline
3140436	2022	1	0.8044947383050114	correct_baseline
3140436	2023	1	0.8077599812799938	correct_baseline
3140436	2024	1	0.8083434854234377	correct_baseline
3141890	2022	1	0.8997426798780901	correct_baseline
3141890	2023	1	0.8958107166360092	correct_baseline
3141890	2024	1	0.891889082638805	correct_baseline
3145214	2022	1	1.0083374780862036	correct_baseline
3145214	2023	1	1.0069874973866162	correct_baseline
3145214	2024	1	1.005630867771439	correct_baseline
3146683	2022	3	1.1444974951383005	correct_baseline
3146683	2023	3	1.141660213127711	correct_baseline
3146683	2024	3	1.1387778516011366	correct_baseline
3146717	2022	1	0.9847187544488653	correct_baseline
3146717	2023	1	0.9773761572875583	correct_baseline
3146717	2024	1	0.9699978199991713	correct_baseline
3146791	2022	3	1.113696546238242	correct_baseline
3146791	2023	3	1.1291254490925215	correct_baseline
3146791	2024	3	1.1444090132522933	correct_baseline
3147018	2022			correct_baseline
3147018	2023			correct_baseline
3147018	2024			correct_baseline
3147168	2022	3	1.2104359392910153	correct_baseline
3147168	2023	3	1.216236667886869	correct_baseline
3147168	2024	3	1.2217805641247879	correct_baseline
3147815	2022	1	0.7817452002548239	correct_baseline
3147815	2023	1	0.7759628611905324	correct_baseline
3147815	2024	1	0.7701916167043615	correct_baseline
3148340	2022	1	0.8072115421287239	correct_baseline
3148340	2023	1	0.8018790949130278	correct_baseline
3148340	2024	1	0.7965618206986802	correct_baseline
3150935	2022			correct_baseline
3150935	2023			correct_baseline
3150935	2024			correct_baseline
3151558	2022	1	0.9841003164501111	correct_baseline
3151558	2023	1	0.9832866910341365	correct_baseline
3151558	2024	1	0.982469919744962	correct_baseline
3151618	2022	1	0.8556950932955998	correct_baseline
3151618	2023	1	0.8508204964931955	correct_baseline
3151618	2024	1	0.8459661181683363	correct_baseline
3152372	2022	1	0.8467901567789147	correct_baseline
3152372	2023	1	0.8437181468523218	correct_baseline
3152372	2024	1	0.8401218956413142	correct_baseline
3152377	2022	0	0.7781887687369985	correct_baseline
3152377	2023	0	0.7729205703030081	correct_baseline
3152377	2024	0	0.7675400282960276	correct_baseline
3152378	2022	1	0.9989304206536379	correct_baseline
3152378	2023	1	0.998034812948024	correct_baseline
3152378	2024	1	0.9971185121318875	correct_baseline
3152521	2022	3	1.227305508870997	correct_baseline
3152521	2023	3	1.2357713666029566	correct_baseline
3152521	2024	3	1.24428603506652	correct_baseline
3152560	2022	1	0.8657641067569105	correct_baseline
3152560	2023	1	0.8614564422655494	correct_baseline
3152560	2024	1	0.8571522658944029	correct_baseline
3152583	2022	0	0.6056689015814152	correct_baseline
3152583	2023	0	0.5885950980525763	correct_baseline
3152583	2024	0	0.5707544179306872	correct_baseline
3152614	2022			correct_baseline
3152614	2023			correct_baseline
3152614	2024			correct_baseline
3152816	2022	1	0.9336229907513062	correct_baseline
3152816	2023	1	0.9364534510250244	correct_baseline
3152816	2024	1	0.9377015986226401	correct_baseline
3152824	2022	1	0.9433476003363357	correct_baseline
3152824	2023	1	0.9424404000750808	correct_baseline
3152824	2024	1	0.9414896443761418	correct_baseline
3152861	2022	1	0.8977398822465266	correct_baseline
3152861	2023	1	0.895569189882927	correct_baseline
3152861	2024	1	0.8933506559572457	correct_baseline
3164340	2022	2	0.9155899150041902	correct_baseline
3164340	2023	2	0.9427607350453157	correct_baseline
3164340	2024	2	0.9677405533490859	correct_baseline
3169120	2022	1	0.7659968070829228	correct_baseline
3169120	2023	1	0.7649098039184502	correct_baseline
3169120	2024	1	0.7637647438363951	correct_baseline
3169137	2022	3	1.1449260641299042	correct_baseline
3169137	2023	3	1.1517689484183369	correct_baseline
3169137	2024	3	1.1586219218951161	correct_baseline
3169331	2022			correct_baseline
3169331	2023			correct_baseline
3169331	2024			correct_baseline
3169340	2022	1	0.9642780602887032	correct_baseline
3169340	2023	1	0.9624450586738617	correct_baseline
3169340	2024	1	0.9606112973566545	correct_baseline
3169391	2022	0	0.6291382053573392	correct_baseline
3169391	2023	0	0.545088526134617	correct_baseline
3169391	2024	0	0.4591663371805793	correct_baseline
3169708	2022	3	1.070029214541408	correct_baseline
3169708	2023	3	1.0709040252693691	correct_baseline
3169708	2024	3	1.071774593815745	correct_baseline
3169756	2022			correct_baseline
3169756	2023			correct_baseline
3169756	2024			correct_baseline
3170040	2022	3	1.0843857731114628	correct_baseline
3170040	2023	3	1.085011653030983	correct_baseline
3170040	2024	3	1.0829573967895065	correct_baseline
3170247	2022	1	0.8912079691931628	correct_baseline
3170247	2023	1	0.8893928408492656	correct_baseline
3170247	2024	1	0.8875068414549395	correct_baseline
3170823	2022	3	1.3011883160961715	correct_baseline
3170823	2023	3	1.2827914390741308	correct_baseline
3170823	2024	3	1.2629804387569104	correct_baseline
3170862	2022			correct_baseline
3170862	2023			correct_baseline
3170862	2024			correct_baseline
3171304	2022			correct_baseline
3171304	2023			correct_baseline
3171304	2024			correct_baseline
3171888	2022	0	0.7364826318096908	correct_baseline
3171888	2023	0	0.6722316988891888	correct_baseline
3171888	2024	0	0.6086345677437824	correct_baseline
3171948	2022	3	1.0578011640619633	correct_baseline
3171948	2023	3	1.0584152013409969	correct_baseline
3171948	2024	3	1.0590201861194926	correct_baseline
3171951	2022	1	0.8483990430890379	correct_baseline
3171951	2023	1	0.8465805252723861	correct_baseline
3171951	2024	1	0.8447104468579264	correct_baseline
3171952	2022	3	1.0273049546217632	correct_baseline
3171952	2023	3	1.0350614057044425	correct_baseline
3171952	2024	3	1.0412630241635676	correct_baseline
3171954	2022	3	1.0116817173724078	correct_baseline
3171954	2023	3	1.015433006329011	correct_baseline
3171954	2024	3	1.0183277320646762	correct_baseline
3172001	2022	3	1.076942591085947	correct_baseline
3172001	2023	3	1.0798340261028485	correct_baseline
3172001	2024	3	1.082728186600253	correct_baseline
3172059	2022	1	0.8057082013750219	correct_baseline
3172059	2023	1	0.8021853734477395	correct_baseline
3172059	2024	1	0.7986589528443007	correct_baseline
3172068	2022	3	1.262345639333227	correct_baseline
3172068	2023	3	1.233596541165182	correct_baseline
3172068	2024	3	1.19727376731517	correct_baseline
3172077	2022	3	1.2336846177874257	correct_baseline
3172077	2023	3	1.2532181138493617	correct_baseline
3172077	2024	3	1.272594227324762	correct_baseline
3172100	2022			correct_baseline
3172100	2023			correct_baseline
3172100	2024			correct_baseline
3172104	2022	3	1.0982555131772223	correct_baseline
3172104	2023	3	1.1243579870708722	correct_baseline
3172104	2024	3	1.1504593283459854	correct_baseline
3172118	2022	3	1.105365554043624	correct_baseline
3172118	2023	3	1.116714862583374	correct_baseline
3172118	2024	3	1.1274683454716428	correct_baseline
3172266	2022	1	0.9411136650509768	correct_baseline
3172266	2023	1	0.9404884422521058	correct_baseline
3172266	2024	1	0.9397982919075903	correct_baseline
3172276	2022			correct_baseline
3172276	2023			correct_baseline
3172276	2024			correct_baseline
3172291	2022			correct_baseline
3172291	2023			correct_baseline
3172291	2024			correct_baseline
3172347	2022	1	0.9100228252086188	correct_baseline
3172347	2023	1	0.9058813361633228	correct_baseline
3172347	2024	1	0.9016613226807288	correct_baseline
3172348	2022	1	0.9892936674190113	correct_baseline
3172348	2023	1	0.9790706993452072	correct_baseline
3172348	2024	1	0.965722893921802	correct_baseline
3172549	2022	3	1.2300857398609468	correct_baseline
3172549	2023	3	1.2859266136748564	correct_baseline
3172549	2024	3	1.3308706294140071	correct_baseline
3172615	2022	3	1.0927163068056176	correct_baseline
3172615	2023	3	1.0967669633010462	correct_baseline
3172615	2024	3	1.1007976525371441	correct_baseline
3173338	2022	3	1.0665188121262312	correct_baseline
3173338	2023	3	1.0650233814446564	correct_baseline
3173338	2024	3	1.063526985813775	correct_baseline
3188735	2022			correct_baseline
3188735	2023			correct_baseline
3188735	2024			correct_baseline
3188830	2022			correct_baseline
3188830	2023			correct_baseline
3188830	2024			correct_baseline
3188894	2022	3	1.1681757476019412	correct_baseline
3188894	2023	3	1.179365350692785	correct_baseline
3188894	2024	3	1.1902508151650344	correct_baseline
3188924	2022	0	0.835017373879863	correct_baseline
3188924	2023	0	0.824158362435707	correct_baseline
3188924	2024	0	0.8132543732981923	correct_baseline
3189073	2022	3	1.3196230759212102	correct_baseline
3189073	2023	3	1.3034950194078418	correct_baseline
3189073	2024	3	1.2757021994100555	correct_baseline
3189497	2022	1	0.8356216919364385	correct_baseline
3189497	2023	1	0.832125247977953	correct_baseline
3189497	2024	1	0.828571325188838	correct_baseline
3189762	2022	3	1.0626819879739253	correct_baseline
3189762	2023	3	1.0665498541933622	correct_baseline
3189762	2024	3	1.0699827389496148	correct_baseline
3189815	2022	1	0.9904860536239848	correct_baseline
3189815	2023	1	0.9923058807016968	correct_baseline
3189815	2024	1	0.9938130475808535	correct_baseline
3189828	2022	1	0.8725467882599893	correct_baseline
3189828	2023	1	0.8726740610503945	correct_baseline
3189828	2024	1	0.8727407949357754	correct_baseline
3189837	2022	1	0.8948628234708246	correct_baseline
3189837	2023	1	0.8816572405565062	correct_baseline
3189837	2024	1	0.8678111402861948	correct_baseline
3189843	2022	0	0.6084648560289727	correct_baseline
3189843	2023	0	0.5915767392816654	correct_baseline
3189843	2024	0	0.5740151532820852	correct_baseline
3189866	2022	3	1.0383150680173372	correct_baseline
3189866	2023	3	1.0372285316185026	correct_baseline
3189866	2024	3	1.0357795068187394	correct_baseline
3189882	2022			correct_baseline
3189882	2023			correct_baseline
3189882	2024			correct_baseline
3190382	2022	1	0.8833667413086885	correct_baseline
3190382	2023	1	0.8806757736672505	correct_baseline
3190382	2024	1	0.8778957796062689	correct_baseline
3190411	2022	1	0.7913897271396363	correct_baseline
3190411	2023	1	0.7976003394302023	correct_baseline
3190411	2024	1	0.8022096763757534	correct_baseline
3190522	2022	0	0.7542365071447525	correct_baseline
3190522	2023	0	0.7516268638312015	correct_baseline
3190522	2024	0	0.7488815380980788	correct_baseline
3190538	2022	3	1.1371365829424886	correct_baseline
3190538	2023	3	1.1358582237851855	correct_baseline
3190538	2024	3	1.1342617310572314	correct_baseline
3190653	2022	3	1.106102131340418	correct_baseline
3190653	2023	3	1.1053671098031297	correct_baseline
3190653	2024	3	1.1042779773151765	correct_baseline
3197314	2022	3	1.0766259250058234	correct_baseline
3197314	2023	3	1.0571114290552353	correct_baseline
3197314	2024	3	1.037105123855364	correct_baseline
3602683	2022	3	1.1211979394227432	correct_baseline
3602683	2023	3	1.1418258092354083	correct_baseline
3602683	2024	3	1.1594270898868522	correct_baseline
3610757	2022	3	1.0532866720399483	correct_baseline
3610757	2023	3	1.0590562151795186	correct_baseline
3610757	2024	3	1.0641944675448776	correct_baseline
3633319	2022	1	0.8684641262203142	correct_baseline
3633319	2023	1	0.8662424413455063	correct_baseline
3633319	2024	1	0.8637709079344561	correct_baseline
3642531	2022			correct_baseline
3642531	2023			correct_baseline
3642531	2024			correct_baseline
3663237	2022	0	0.8045956163172755	correct_baseline
3663237	2023	0	0.7292475788818258	correct_baseline
3663237	2024	0	0.657412206187256	correct_baseline
3664589	2022	3	1.249353980002065	correct_baseline
3664589	2023	3	1.2899406782911618	correct_baseline
3664589	2024	3	1.3295673389538754	correct_baseline
3666422	2022	1	0.758672115347871	correct_baseline
3666422	2023	1	0.7509267324101764	correct_baseline
3666422	2024	1	0.743139411351781	correct_baseline
3666776	2022	0	0.8374787203280373	correct_baseline
3666776	2023	0	0.7919924833518316	correct_baseline
3666776	2024	0	0.747347516299907	correct_baseline
3667238	2022			correct_baseline
3667238	2023			correct_baseline
3667238	2024			correct_baseline
3678949	2022			correct_baseline
3678949	2023			correct_baseline
3678949	2024			correct_baseline
3686235	2022	1	0.9580958400809698	correct_baseline
3686235	2023	1	0.9642009742211589	correct_baseline
3686235	2024	1	0.9696125542016985	correct_baseline
3690997	2022	3	1.1345782833196052	correct_baseline
3690997	2023	3	1.1354807828106919	correct_baseline
3690997	2024	3	1.1336057282729912	correct_baseline
3693541	2022			correct_baseline
3693541	2023			correct_baseline
3693541	2024			correct_baseline
3711564	2022	1	0.9277415127225327	correct_baseline
3711564	2023	1	0.9333869294486999	correct_baseline
3711564	2024	1	0.9380730823119637	correct_baseline
3711846	2022			correct_baseline
3711846	2023			correct_baseline
3711846	2024			correct_baseline
3725062	2022	1	0.7676013810216936	correct_baseline
3725062	2023	1	0.7613523730810802	correct_baseline
3725062	2024	1	0.7551451798002277	correct_baseline
3729273	2022			correct_baseline
3729273	2023			correct_baseline
3729273	2024			correct_baseline
3741446	2022			correct_baseline
3741446	2023			correct_baseline
3741446	2024			correct_baseline
3756650	2022	0	0.9443304394229992	correct_baseline
3756650	2023	0	0.5696906478217403	correct_baseline
3756650	2024	0	0.3258004635609786	correct_baseline
3767816	2022	1	0.695668760758765	correct_baseline
3767816	2023	1	0.6889811852008698	correct_baseline
3767816	2024	1	0.681756725037755	correct_baseline
3797084	2022	1	0.8945929823773935	correct_baseline
3797084	2023	1	0.891525958139947	correct_baseline
3797084	2024	1	0.8884641052679569	correct_baseline
3814157	2022			correct_baseline
3814157	2023			correct_baseline
3814157	2024			correct_baseline
3883959	2022			correct_baseline
3883959	2023			correct_baseline
3883959	2024			correct_baseline
3886505	2022	3	1.1511062245558126	correct_baseline
3886505	2023	3	1.1846880741507189	correct_baseline
3886505	2024	3	1.2171293830977885	correct_baseline
3892732	2022	1	0.6904102393792185	correct_baseline
3892732	2023	1	0.6615393932593703	correct_baseline
3892732	2024	1	0.6318954661550933	correct_baseline
3896282	2022			correct_baseline
3896282	2023			correct_baseline
3896282	2024			correct_baseline
3922888	2022	3	1.0738291295327294	correct_baseline
3922888	2023	3	1.1066235854526967	correct_baseline
3922888	2024	3	1.1387334049289841	correct_baseline
3924221	2022			correct_baseline
3924221	2023			correct_baseline
3924221	2024			correct_baseline
3933415	2022	1	0.9743218391323664	correct_baseline
3933415	2023	1	0.9640681584568767	correct_baseline
3933415	2024	1	0.9537664622722142	correct_baseline
3935079	2022			correct_baseline
3935079	2023			correct_baseline
3935079	2024			correct_baseline
3935421	2022			correct_baseline
3935421	2023			correct_baseline
3935421	2024			correct_baseline
3940326	2022	1	0.8589853133342011	correct_baseline
3940326	2023	1	0.8580469234577027	correct_baseline
3940326	2024	1	0.8570570131054502	correct_baseline
3940423	2022	1	0.7601512452071124	correct_baseline
3940423	2023	1	0.7431738648769193	correct_baseline
3940423	2024	1	0.7254528048967374	correct_baseline
3981543	2022	3	1.2053512882983772	correct_baseline
3981543	2023	3	1.2122935219380524	correct_baseline
3981543	2024	3	1.21530761124484	correct_baseline
3988701	2022	1	0.7968897400641743	correct_baseline
3988701	2023	1	0.7896799681167881	correct_baseline
3988701	2024	1	0.782529536921605	correct_baseline
4013762	2022	0	0.7742855333787231	correct_baseline
4013762	2023	0	0.5108446879021217	correct_baseline
4013762	2024	0	0.3150567415520861	correct_baseline
4021919	2022	1	0.8165097287660062	correct_baseline
4021919	2023	1	0.8151863357034514	correct_baseline
4021919	2024	1	0.8136063251747828	correct_baseline
4034001	2022			correct_baseline
4034001	2023			correct_baseline
4034001	2024			correct_baseline
4038485	2022	0	0.7345731789745084	correct_baseline
4038485	2023	0	0.6921231901465248	correct_baseline
4038485	2024	0	0.6503371920855102	correct_baseline
4046493	2022			correct_baseline
4046493	2023			correct_baseline
4046493	2024			correct_baseline
4048240	2022	1	0.9495529735125972	correct_baseline
4048240	2023	1	0.9520211032881422	correct_baseline
4048240	2024	1	0.9529206253801228	correct_baseline
4063383	2022	3	1.1446975132649664	correct_baseline
4063383	2023	3	1.1644647036830926	correct_baseline
4063383	2024	3	1.1835301425162261	correct_baseline
4067281	2022	3	1.1314357177374286	correct_baseline
4067281	2023	3	1.1573521168704197	correct_baseline
4067281	2024	3	1.1815739472227487	correct_baseline
4067302	2022	3	1.1064374138801845	correct_baseline
4067302	2023	3	1.1107951256915236	correct_baseline
4067302	2024	3	1.1145423379328747	correct_baseline
4086523	2022			correct_baseline
4086523	2023			correct_baseline
4086523	2024			correct_baseline
4097656	2022	1	0.7603657745050363	correct_baseline
4097656	2023	1	0.7547560457374466	correct_baseline
4097656	2024	1	0.7490892607143237	correct_baseline
4102952	2022	3	1.0740612866116115	correct_baseline
4102952	2023	1	1.0077414306731125	correct_baseline
4102952	2024	1	0.9401838940258191	correct_baseline
4123394	2022	1	0.7946916474783651	correct_baseline
4123394	2023	1	0.7875743079925228	correct_baseline
4123394	2024	1	0.7805050196216627	correct_baseline
4123912	2022	1	0.9847847408821058	correct_baseline
4123912	2023	1	0.9803846798441627	correct_baseline
4123912	2024	1	0.9737428947257211	correct_baseline
4125308	2022	3	1.0507140011808844	correct_baseline
4125308	2023	3	1.049481944352911	correct_baseline
4125308	2024	3	1.0482145943234273	correct_baseline
4127352	2022	1	0.9273960196357725	correct_baseline
4127352	2023	1	0.932151866443081	correct_baseline
4127352	2024	1	0.9363211176073097	correct_baseline
4129181	2022	3	1.0267098255928369	correct_baseline
4129181	2023	3	1.0273320936650976	correct_baseline
4129181	2024	3	1.0279430214929217	correct_baseline
4129708	2022	3	1.0924398774440611	correct_baseline
4129708	2023	3	1.1097797822001105	correct_baseline
4129708	2024	3	1.1271362136954808	correct_baseline
4131042	2022			correct_baseline
4131042	2023			correct_baseline
4131042	2024			correct_baseline
4133390	2022	0	0.6014112126098713	correct_baseline
4133390	2023	0	0.47025124628652426	correct_baseline
4133390	2024	0	0.3643337176778319	correct_baseline
4142326	2022			correct_baseline
4142326	2023			correct_baseline
4142326	2024			correct_baseline
4201607	2022	3	1.1083817438009254	correct_baseline
4201607	2023	3	1.1114389338990855	correct_baseline
4201607	2024	3	1.1141527497824364	correct_baseline
4201695	2022			correct_baseline
4201695	2023			correct_baseline
4201695	2024			correct_baseline
4201709	2022			correct_baseline
4201709	2023			correct_baseline
4201709	2024			correct_baseline
4205640	2022			correct_baseline
4205640	2023			correct_baseline
4205640	2024			correct_baseline
4206362	2022	0	0.621947586910236	correct_baseline
4206362	2023	0	0.4946126812228597	correct_baseline
4206362	2024	0	0.3856168433016733	correct_baseline
4245384	2022	1	0.7709206031985025	correct_baseline
4245384	2023	1	0.7664495842994836	correct_baseline
4245384	2024	1	0.7619713564718896	correct_baseline
4259350	2022	0	0.7492704828103873	correct_baseline
4259350	2023	0	0.7399602269187565	correct_baseline
4259350	2024	0	0.7303310008403578	correct_baseline
4264680	2022	3	1.3916523038211142	correct_baseline
4264680	2023	3	1.4156592482159251	correct_baseline
4264680	2024	3	1.439979554396494	correct_baseline
4270548	2022	1	0.8627559293465457	correct_baseline
4270548	2023	1	0.8113920358840129	correct_baseline
4270548	2024	1	0.7625146480174502	correct_baseline
4285968	2022	0	0.8033223283274621	basic
4285968	2023	0	0.7488057124743748	basic
4285968	2024	0	0.697630465007709	basic
4286942	2022	3	1.015489406284678	basic
4286942	2023	1	1.0100234747105734	basic
4286942	2024	1	1.0045643063548237	basic
4286975	2022	3	1.036566522091057	basic
4286975	2023	3	1.03301520290828	basic
4286975	2024	3	1.0294082185958435	basic
4315705	2022	0	0.7863021131849433	correct_baseline
4315705	2023	0	0.7772707188994219	correct_baseline
4315705	2024	0	0.7683071759848858	correct_baseline
4362965	2022			correct_baseline
4362965	2023			correct_baseline
4362965	2024			correct_baseline
4372686	2022	0	0.870914532357086	correct_baseline
4372686	2023	0	0.6376175664470046	correct_baseline
4372686	2024	0	0.45880116665533555	correct_baseline
4382841	2022	3	1.0790340722697433	correct_baseline
4382841	2023	3	1.086303371944798	correct_baseline
4382841	2024	3	1.0933484408503777	correct_baseline
4400961	2022			correct_baseline
4400961	2023			correct_baseline
4400961	2024			correct_baseline
4408455	2022	0	0.7181350715377186	correct_baseline
4408455	2023	0	0.708964062246083	correct_baseline
4408455	2024	0	0.6998656982402286	correct_baseline
4409643	2022	0	0.816191199069937	basic
4409643	2023	0	0.8048295866648519	basic
4409643	2024	0	0.7936188622994591	basic
4427319	2022	3	1.5622655513244894	correct_baseline
4427319	2023	3	1.6009372400261574	correct_baseline
4427319	2024	3	1.6376695277770719	correct_baseline
4460066	2022	2	1.1822068709092395	correct_baseline
4460066	2023	2	1.0177514982127103	correct_baseline
4460066	2024	0	0.8639878114172762	correct_baseline
4483961	2022	3	1.0750326135559338	correct_baseline
4483961	2023	3	1.0604940959799174	correct_baseline
4483961	2024	3	1.045727504102452	correct_baseline
4483971	2022			correct_baseline
4483971	2023			correct_baseline
4483971	2024			correct_baseline
4484009	2022			correct_baseline
4484009	2023			correct_baseline
4484009	2024			correct_baseline
4484176	2022	1	0.9056013588853457	correct_baseline
4484176	2023	1	0.8493471318270316	correct_baseline
4484176	2024	1	0.7889594733843874	correct_baseline
4485843	2022			correct_baseline
4485843	2023			correct_baseline
4485843	2024			correct_baseline
4486243	2022	3	1.302739616458595	correct_baseline
4486243	2023	3	1.1592631772820323	correct_baseline
4486243	2024	3	1.0246909472951797	correct_baseline
4486297	2022	0	0.4492655831262242	correct_baseline
4486297	2023	0	0.38792265549054245	correct_baseline
4486297	2024	0	0.33474344299846276	correct_baseline
4486365	2022	1	0.6873473282532728	correct_baseline
4486365	2023	1	0.5292176867712095	correct_baseline
4486365	2024	1	0.39948943383795926	correct_baseline
4486382	2022	1	0.5891097903112613	correct_baseline
4486382	2023	0	0.46151674212823923	correct_baseline
4486382	2024	0	0.3547651034691428	correct_baseline
4487370	2022			correct_baseline
4487370	2023			correct_baseline
4487370	2024			correct_baseline
4487598	2022			correct_baseline
4487598	2023			correct_baseline
4487598	2024			correct_baseline
4487799	2022			correct_baseline
4487799	2023			correct_baseline
4487799	2024			correct_baseline
4488821	2022	0	0.7064137981701337	correct_baseline
4488821	2023	1	0.6724951698033592	correct_baseline
4488821	2024	1	0.6368667125742975	correct_baseline
4497124	2022	0	0.5005972995667476	correct_baseline
4497124	2023	0	0.428943268914808	correct_baseline
4497124	2024	0	0.36461448592855045	correct_baseline
4497180	2022			correct_baseline
4497180	2023			correct_baseline
4497180	2024			correct_baseline
4528100	2022	1	0.9724592814936635	correct_baseline
4528100	2023	1	0.9048744611500589	correct_baseline
4528100	2024	1	0.8409674049124892	correct_baseline
4532122	2022	2	1.0292745463400945	correct_baseline
4532122	2023	0	0.8818045518077389	correct_baseline
4532122	2024	0	0.7506343504001954	correct_baseline
4544661	2022			correct_baseline
4544661	2023			correct_baseline
4544661	2024			correct_baseline
4553469	2022	1	0.799403641369075	correct_baseline
4553469	2023	1	0.7846446276081218	correct_baseline
4553469	2024	1	0.7687288942200675	correct_baseline
4559541	2022	3	1.0336480923163525	correct_baseline
4559541	2023	3	1.02674731233797	correct_baseline
4559541	2024	3	1.0195475901399131	correct_baseline
4562529	2022			correct_baseline
4562529	2023			correct_baseline
4562529	2024			correct_baseline
4562917	2022	1	0.7208360162373155	correct_baseline
4562917	2023	1	0.6942797948088784	correct_baseline
4562917	2024	1	0.6684648708234499	correct_baseline
4564216	2022			correct_baseline
4564216	2023			correct_baseline
4564216	2024			correct_baseline
4565039	2022	3	1.1468574663775157	correct_baseline
4565039	2023	3	1.1303871468700553	correct_baseline
4565039	2024	3	1.11057657855843	correct_baseline
4565061	2022	1	0.9606738543751584	correct_baseline
4565061	2023	1	0.9324148948952148	correct_baseline
4565061	2024	1	0.9048276033840985	correct_baseline
4565134	2022	1	0.48362832020197666	correct_baseline
4565134	2023	1	0.409388944222414	correct_baseline
4565134	2024	1	0.3460764603741385	correct_baseline
4565140	2022			correct_baseline
4565140	2023			correct_baseline
4565140	2024			correct_baseline
4567717	2022	1	0.7031530466403987	correct_baseline
4567717	2023	1	0.6501561544603348	correct_baseline
4567717	2024	1	0.6008515087685643	correct_baseline
4568269	2022	0	0.7426723465657916	correct_baseline
4568269	2023	0	0.6991845126183436	correct_baseline
4568269	2024	0	0.6580091703549162	correct_baseline
4598225	2022	1	0.9513152526626648	correct_baseline
4598225	2023	1	0.9297421980801537	correct_baseline
4598225	2024	1	0.9049841612249597	correct_baseline
4845776	2022			correct_baseline
4845776	2023			correct_baseline
4845776	2024			correct_baseline
4926336	2022	1	0.8909376446886612	correct_baseline
4926336	2023	1	0.8891277962682955	correct_baseline
4926336	2024	1	0.8869590365020625	correct_baseline
4932232	2022	3	1.0793798756461561	correct_baseline
4932232	2023	3	1.084701207300166	correct_baseline
4932232	2024	3	1.0893482784826476	correct_baseline
4933624	2022	3	1.12807053774033	correct_baseline
4933624	2023	3	1.1329250531727013	correct_baseline
4933624	2024	3	1.1366138812356228	correct_baseline
4939668	2022	1	0.8194524788345363	correct_baseline
4939668	2023	1	0.8171534145964576	correct_baseline
4939668	2024	1	0.8146735290571584	correct_baseline
4984851	2022			correct_baseline
4984851	2023			correct_baseline
4984851	2024			correct_baseline
4985072	2022			correct_baseline
4985072	2023			correct_baseline
4985072	2024			correct_baseline
4989904	2022	3	1.0622955145816375	correct_baseline
4989904	2023	1	0.9962658750235025	correct_baseline
4989904	2024	1	0.9309388291310186	correct_baseline
4990176	2022	1	0.8083502937901654	correct_baseline
4990176	2023	1	0.780925506725642	correct_baseline
4990176	2024	1	0.7543223152029427	correct_baseline
5041422	2022			correct_baseline
5041422	2023			correct_baseline
5041422	2024			correct_baseline
5041466	2022			correct_baseline
5041466	2023			correct_baseline
5041466	2024			correct_baseline
5073820	2022			correct_baseline
5073820	2023			correct_baseline
5073820	2024			correct_baseline
5123474	2022	0	0.8750624289548884	correct_baseline
5123474	2023	0	0.5534352881014519	correct_baseline
5123474	2024	0	0.3376475798762714	correct_baseline
5151589	2022			correct_baseline
5151589	2023			correct_baseline
5151589	2024			correct_baseline
5152536	2022			correct_baseline
5152536	2023			correct_baseline
5152536	2024			correct_baseline
5152543	2022			correct_baseline
5152543	2023			correct_baseline
5152543	2024			correct_baseline
5153082	2022			correct_baseline
5153082	2023			correct_baseline
5153082	2024			correct_baseline
5154481	2022	3	1.5476108346158652	correct_baseline
5154481	2023	3	1.5767840720535056	correct_baseline
5154481	2024	3	1.60426073937315	correct_baseline
5156102	2022	3	1.2203228314330203	correct_baseline
5156102	2023	3	1.198559622249831	correct_baseline
5156102	2024	3	1.17706836718011	correct_baseline
5179027	2022			correct_baseline
5179027	2023			correct_baseline
5179027	2024			correct_baseline
5185431	2022			correct_baseline
5185431	2023			correct_baseline
5185431	2024			correct_baseline
5188971	2022	3	1.249265329837357	correct_baseline
5188971	2023	3	1.263291676180491	correct_baseline
5188971	2024	3	1.277288608757517	correct_baseline
5189032	2022			correct_baseline
5189032	2023			correct_baseline
5189032	2024			correct_baseline
5189713	2022	1	0.7252830365243366	correct_baseline
5189713	2023	1	0.7071305798327759	correct_baseline
5189713	2024	1	0.6893760873216431	correct_baseline
5189806	2022	0	0.8293634598422223	correct_baseline
5189806	2023	0	0.8145395793435123	correct_baseline
5189806	2024	0	0.7999672510100821	correct_baseline
5191102	2022	0	0.376728618656867	correct_baseline
5191102	2023	0	0.3286481658583101	correct_baseline
5191102	2024	0	0.28598142259741177	correct_baseline
5192470	2022	0	0.7518619939361261	correct_baseline
5192470	2023	0	0.7380358338414447	correct_baseline
5192470	2024	0	0.7244563825433908	correct_baseline
5204019	2022	3	1.0333616704238746	basic
5204019	2023	3	1.033704810251454	basic
5204019	2024	3	1.033767076038343	basic
5218786	2022	3	1.1017141019895629	correct_baseline
5218786	2023	3	1.074366516890151	correct_baseline
5218786	2024	3	1.0474989989151593	correct_baseline
5219681	2022			correct_baseline
5219681	2023			correct_baseline
5219681	2024			correct_baseline
5219858	2022	1	0.7551036274914185	correct_baseline
5219858	2023	1	0.7447624567112178	correct_baseline
5219858	2024	1	0.7342726764162052	correct_baseline
5220136	2022	3	1.031424418697326	correct_baseline
5220136	2023	1	1.0098067604722887	correct_baseline
5220136	2024	1	0.9885013870233493	correct_baseline
5220170	2022			correct_baseline
5220170	2023			correct_baseline
5220170	2024			correct_baseline
5227775	2022			correct_baseline
5227775	2023			correct_baseline
5227775	2024			correct_baseline
5227966	2022			correct_baseline
5227966	2023			correct_baseline
5227966	2024			correct_baseline
5228033	2022	1	0.8735672719016537	correct_baseline
5228033	2023	1	0.6876081431845873	correct_baseline
5228033	2024	1	0.5265020446307132	correct_baseline
5228034	2022	3	1.0925437180471491	correct_baseline
5228034	2023	3	1.092611888640498	correct_baseline
5228034	2024	3	1.0923466323118816	correct_baseline
5228080	2022			correct_baseline
5228080	2023			correct_baseline
5228080	2024			correct_baseline
5228229	2022			correct_baseline
5228229	2023			correct_baseline
5228229	2024			correct_baseline
5229055	2022	3	1.0378805841981276	correct_baseline
5229055	2023	3	1.0308245711984685	correct_baseline
5229055	2024	3	1.0236904944087966	correct_baseline
5229204	2022			correct_baseline
5229204	2023			correct_baseline
5229204	2024			correct_baseline
5229205	2022	3	1.190683063523808	correct_baseline
5229205	2023	3	1.205937898719175	correct_baseline
5229205	2024	3	1.2207303915714838	correct_baseline
5229249	2022	1	0.9339300462187127	correct_baseline
5229249	2023	1	0.9336418557348168	correct_baseline
5229249	2024	1	0.9328007241068269	correct_baseline
5231398	2022			correct_baseline
5231398	2023			correct_baseline
5231398	2024			correct_baseline
5232432	2022			correct_baseline
5232432	2023			correct_baseline
5232432	2024			correct_baseline
5232437	2022	3	1.0340031882518401	correct_baseline
5232437	2023	3	1.032779195344362	correct_baseline
5232437	2024	3	1.0315242680233092	correct_baseline
5232445	2022	1	0.8164870935456046	correct_baseline
5232445	2023	1	0.8121973620138193	correct_baseline
5232445	2024	1	0.8078545449693302	correct_baseline
5232451	2022	0	0.7241342445140337	correct_baseline
5232451	2023	0	0.7153476991200188	correct_baseline
5232451	2024	0	0.7066488136788602	correct_baseline
5232452	2022	1	0.9537721585625638	correct_baseline
5232452	2023	1	0.9499860303683744	correct_baseline
5232452	2024	1	0.9461023987362553	correct_baseline
5275404	2022	1	0.8278980325670039	correct_baseline
5275404	2023	1	0.8142312354818152	correct_baseline
5275404	2024	1	0.8005780047330182	correct_baseline
5275415	2022	2	0.9979883377056248	correct_baseline
5275415	2023	3	1.0123847584281507	correct_baseline
5275415	2024	3	1.0266335887969178	correct_baseline
5281901	2022	3	1.192633685729405	correct_baseline
5281901	2023	3	1.2154954568497627	correct_baseline
5281901	2024	3	1.2387489614823246	correct_baseline
5284237	2022	3	1.0261630289791408	correct_baseline
5284237	2023	3	1.0316670588335501	correct_baseline
5284237	2024	3	1.0371518973147995	correct_baseline
5284809	2022	1	0.9604970760091925	correct_baseline
5284809	2023	1	0.9539491492039126	correct_baseline
5284809	2024	1	0.9473653830932844	correct_baseline
5284827	2022	1	0.8233890220748824	correct_baseline
5284827	2023	1	0.8143653930183606	correct_baseline
5284827	2024	1	0.805248984730837	correct_baseline
5284884	2022	0	0.8314076617933746	correct_baseline
5284884	2023	0	0.8233054534832396	correct_baseline
5284884	2024	0	0.8152720931278288	correct_baseline
5284950	2022	3	1.0688695193293727	correct_baseline
5284950	2023	3	1.0736919779929182	correct_baseline
5284950	2024	3	1.0783024566432209	correct_baseline
5284982	2022	0	0.9499809189908397	correct_baseline
5284982	2023	0	0.9144731089513598	correct_baseline
5284982	2024	0	0.8799664100074098	correct_baseline
5285074	2022			correct_baseline
5285074	2023			correct_baseline
5285074	2024			correct_baseline
5285565	2022	0	0.9468038258897363	correct_baseline
5285565	2023	0	0.9216052801132664	correct_baseline
5285565	2024	0	0.8968913591068434	correct_baseline
5285637	2022	1	0.978355482933783	correct_baseline
5285637	2023	1	0.9761631200599473	correct_baseline
5285637	2024	1	0.9738849569890061	correct_baseline
5289503	2022	1	0.7854786351782772	correct_baseline
5289503	2023	1	0.7411375336884767	correct_baseline
5289503	2024	1	0.6989014824278453	correct_baseline
5289643	2022	1	0.9158753114432169	correct_baseline
5289643	2023	1	0.9120798999806017	correct_baseline
5289643	2024	1	0.9082934144728055	correct_baseline
5289666	2022	3	1.0544643600906165	correct_baseline
5289666	2023	3	1.0583231925799508	correct_baseline
5289666	2024	3	1.0617468460583463	correct_baseline
5289679	2022	1	0.8332510563924719	correct_baseline
5289679	2023	1	0.8301005078950799	correct_baseline
5289679	2024	1	0.8269520433872478	correct_baseline
5289684	2022	3	1.0790606253913666	correct_baseline
5289684	2023	3	1.0833214425616653	correct_baseline
5289684	2024	3	1.0874198193386309	correct_baseline
5289686	2022	1	0.9991620585574801	correct_baseline
5289686	2023	1	0.9970512788155594	correct_baseline
5289686	2024	1	0.9949359758810082	correct_baseline
5289693	2022	3	1.187472224890394	correct_baseline
5289693	2023	3	1.1925244124038459	correct_baseline
5289693	2024	3	1.197591764774882	correct_baseline
5289698	2022	1	0.9564607899819396	correct_baseline
5289698	2023	1	0.9464149375582527	correct_baseline
5289698	2024	1	0.9362198266020552	correct_baseline
5289744	2022			correct_baseline
5289744	2023			correct_baseline
5289744	2024			correct_baseline
5289756	2022	0	0.8347379180777552	correct_baseline
5289756	2023	0	0.8196968043418142	correct_baseline
5289756	2024	0	0.8047839207145163	correct_baseline
5289833	2022	0	0.9674119817805429	correct_baseline
5289833	2023	0	0.8606036373387891	correct_baseline
5289833	2024	0	0.7589952259083603	correct_baseline
5289906	2022	1	0.9734318364158248	correct_baseline
5289906	2023	1	0.9651971908646192	correct_baseline
5289906	2024	1	0.955796951199271	correct_baseline
5289913	2022	3	1.0487791872311163	correct_baseline
5289913	2023	3	1.0476558216420802	correct_baseline
5289913	2024	3	1.0461913012040274	correct_baseline
5289917	2022	3	1.1291880468707278	correct_baseline
5289917	2023	3	1.134767200726412	correct_baseline
5289917	2024	3	1.1400212922116302	correct_baseline
5289919	2022	3	1.1240981929397795	correct_baseline
5289919	2023	3	1.1089029258059375	correct_baseline
5289919	2024	3	1.0935639266856696	correct_baseline
5289972	2022	3	1.093473569218918	correct_baseline
5289972	2023	3	1.1016984099431726	correct_baseline
5289972	2024	3	1.1097854852247897	correct_baseline
5289998	2022	1	0.924497088934528	correct_baseline
5289998	2023	1	0.9231550141877478	correct_baseline
5289998	2024	1	0.9215450720434308	correct_baseline
5290052	2022	3	1.1488604455756746	correct_baseline
5290052	2023	3	1.1550278680767398	correct_baseline
5290052	2024	3	1.1611986355718975	correct_baseline
5290177	2022	3	1.1705632705560174	correct_baseline
5290177	2023	3	1.1704884232474329	correct_baseline
5290177	2024	3	1.1699135962179255	correct_baseline
5290192	2022			correct_baseline
5290192	2023			correct_baseline
5290192	2024			correct_baseline
5290242	2022	1	0.9260017099570763	correct_baseline
5290242	2023	1	0.9264940942580372	correct_baseline
5290242	2024	1	0.9269021134149955	correct_baseline
5296178	2022	3	1.0119609325328816	correct_baseline
5296178	2023	3	1.010358607947272	correct_baseline
5296178	2024	1	1.008728961896195	correct_baseline
5296218	2022			correct_baseline
5296218	2023			correct_baseline
5296218	2024			correct_baseline
5296432	2022			correct_baseline
5296432	2023			correct_baseline
5296432	2024			correct_baseline
5297966	2022			correct_baseline
5297966	2023			correct_baseline
5297966	2024			correct_baseline
5298069	2022	3	1.1860716835309049	correct_baseline
5298069	2023	3	1.1966102071813591	correct_baseline
5298069	2024	3	1.2066940247245592	correct_baseline
5298126	2022	3	1.0480877823173094	correct_baseline
5298126	2023	1	0.9575504225917583	correct_baseline
5298126	2024	1	0.8680054875676854	correct_baseline
5298675	2022			correct_baseline
5298675	2023			correct_baseline
5298675	2024			correct_baseline
5298765	2022	3	1.0400071558156796	correct_baseline
5298765	2023	1	1.0049937674452845	correct_baseline
5298765	2024	1	0.9702022317587788	correct_baseline
5299536	2022	3	1.1213073134036542	correct_baseline
5299536	2023	3	1.104965889905199	correct_baseline
5299536	2024	3	1.0880179905233427	correct_baseline
5300716	2022			correct_baseline
5300716	2023			correct_baseline
5300716	2024			correct_baseline
5303040	2022			correct_baseline
5303040	2023			correct_baseline
5303040	2024			correct_baseline
5304187	2022			correct_baseline
5304187	2023			correct_baseline
5304187	2024			correct_baseline
5304257	2022	3	1.0167221259782153	correct_baseline
5304257	2023	3	1.0120025614217165	correct_baseline
5304257	2024	1	1.0072739117441094	correct_baseline
5304294	2022	3	1.4161405365623672	correct_baseline
5304294	2023	3	1.4288401609515713	correct_baseline
5304294	2024	3	1.4411824933515254	correct_baseline
5324959	2022			correct_baseline
5324959	2023			correct_baseline
5324959	2024			correct_baseline
5328593	2022	3	1.1109556327309484	correct_baseline
5328593	2023	3	1.0529061967629738	correct_baseline
5328593	2024	1	0.9926903814759367	correct_baseline
5328909	2022	3	1.2053194320299017	correct_baseline
5328909	2023	3	1.2150207028273363	correct_baseline
5328909	2024	3	1.2243995452059488	correct_baseline
5329212	2022	3	1.0225821092613925	correct_baseline
5329212	2023	3	1.0230488224643912	correct_baseline
5329212	2024	3	1.0235109224776533	correct_baseline
5329263	2022	3	1.0508736529824303	correct_baseline
5329263	2023	1	0.980437262499467	correct_baseline
5329263	2024	1	0.9107044974565274	correct_baseline
5330001	2022			correct_baseline
5330001	2023			correct_baseline
5330001	2024			correct_baseline
5330085	2022	3	1.0115039993543122	correct_baseline
5330085	2023	1	0.9807178331675815	correct_baseline
5330085	2024	1	0.9482843108665298	correct_baseline
5330661	2022	3	1.2449377013809904	correct_baseline
5330661	2023	3	1.2518402309163474	correct_baseline
5330661	2024	3	1.2587694271977243	correct_baseline
5331238	2022			correct_baseline
5331238	2023			correct_baseline
5331238	2024			correct_baseline
5332305	2022			correct_baseline
5332305	2023			correct_baseline
5332305	2024			correct_baseline
5333294	2022	3	1.146908409439519	correct_baseline
5333294	2023	3	1.1701098732954889	correct_baseline
5333294	2024	3	1.1932954079755014	correct_baseline
5334194	2022			correct_baseline
5334194	2023			correct_baseline
5334194	2024			correct_baseline
5334227	2022	1	0.8537447365017233	correct_baseline
5334227	2023	1	0.8515673373483799	correct_baseline
5334227	2024	1	0.8491924338737689	correct_baseline
5334240	2022	3	1.053774986319091	correct_baseline
5334240	2023	3	1.0557198265391132	correct_baseline
5334240	2024	3	1.057589019073905	correct_baseline
5334242	2022	3	1.1053976706471098	correct_baseline
5334242	2023	3	1.110976113306442	correct_baseline
5334242	2024	3	1.1164679387296124	correct_baseline
5334351	2022	3	1.1111785943347137	correct_baseline
5334351	2023	3	1.1137546847101798	correct_baseline
5334351	2024	3	1.1163185008848935	correct_baseline
5334527	2022			correct_baseline
5334527	2023			correct_baseline
5334527	2024			correct_baseline
5341112	2022	1	0.8470952437575886	correct_baseline
5341112	2023	1	0.8444136071292843	correct_baseline
5341112	2024	1	0.8393400062229077	correct_baseline
5341201	2022	3	1.1897452521498706	correct_baseline
5341201	2023	3	1.23557951681765	correct_baseline
5341201	2024	3	1.28236720327333	correct_baseline
5341203	2022	0	0.7476013022325041	correct_baseline
5341203	2023	1	0.7504066872946735	correct_baseline
5341203	2024	1	0.7517137189608009	correct_baseline
5341204	2022	1	0.9399173405371998	correct_baseline
5341204	2023	1	0.9365373116711475	correct_baseline
5341204	2024	1	0.9330886781229243	correct_baseline
5341373	2022	3	1.1803864700984867	correct_baseline
5341373	2023	3	1.1877702830163577	correct_baseline
5341373	2024	3	1.1951671563396684	correct_baseline
5341387	2022	1	0.7357576579719322	correct_baseline
5341387	2023	1	0.7257640934414075	correct_baseline
5341387	2024	1	0.715726164489112	correct_baseline
5341442	2022	0	0.8100298307241562	correct_baseline
5341442	2023	0	0.8067098523007062	correct_baseline
5341442	2024	0	0.8033534410918622	correct_baseline
5341497	2022	3	1.2104485294566543	correct_baseline
5341497	2023	3	1.2295698567634452	correct_baseline
5341497	2024	3	1.2485839787691702	correct_baseline
5341501	2022	3	1.067874321980248	correct_baseline
5341501	2023	3	1.0664672362636132	correct_baseline
5341501	2024	3	1.0648192589808787	correct_baseline
5341540	2022			correct_baseline
5341540	2023			correct_baseline
5341540	2024			correct_baseline
5341548	2022			correct_baseline
5341548	2023			correct_baseline
5341548	2024			correct_baseline
5341558	2022			correct_baseline
5341558	2023			correct_baseline
5341558	2024			correct_baseline
5341754	2022	3	1.1295821809836875	correct_baseline
5341754	2023	3	1.132563310663887	correct_baseline
5341754	2024	3	1.135533250296664	correct_baseline
5341784	2022	1	0.8461436846646505	correct_baseline
5341784	2023	1	0.8391086819757981	correct_baseline
5341784	2024	1	0.8321186208917561	correct_baseline
5347846	2022	1	0.9248094208312179	correct_baseline
5347846	2023	1	0.9227190412509019	correct_baseline
5347846	2024	1	0.9206245233924454	correct_baseline
5350005	2022	3	1.1424719370534664	correct_baseline
5350005	2023	3	1.1459750829475803	correct_baseline
5350005	2024	3	1.1493046436500456	correct_baseline
5350466	2022			correct_baseline
5350466	2023			correct_baseline
5350466	2024			correct_baseline
5352251	2022	3	1.1383146639044674	correct_baseline
5352251	2023	3	1.1626599989634552	correct_baseline
5352251	2024	3	1.187118798187414	correct_baseline
5353590	2022	3	1.046048699400888	correct_baseline
5353590	2023	3	1.0641031373329148	correct_baseline
5353590	2024	3	1.076476713183454	correct_baseline
5354707	2022	3	1.1264821305961248	correct_baseline
5354707	2023	3	1.1465953609198818	correct_baseline
5354707	2024	3	1.166137490837029	correct_baseline
5355395	2022	1	1.0007533092950331	correct_baseline
5355395	2023	1	1.0096073183565506	correct_baseline
5355395	2024	3	1.016980395983731	correct_baseline
5356345	2022	1	0.9818837086895983	correct_baseline
5356345	2023	1	0.9805796767391247	correct_baseline
5356345	2024	1	0.9792712651787022	correct_baseline
5356488	2022			correct_baseline
5356488	2023			correct_baseline
5356488	2024			correct_baseline
5356514	2022	1	0.8600280076340634	correct_baseline
5356514	2023	1	0.8558533539384461	correct_baseline
5356514	2024	1	0.8516452755257953	correct_baseline
5356517	2022	3	1.1416753775708064	correct_baseline
5356517	2023	3	1.1459845093563112	correct_baseline
5356517	2024	3	1.1501212942417667	correct_baseline
5356662	2022			correct_baseline
5356662	2023			correct_baseline
5356662	2024			correct_baseline
5356704	2022	1	0.5797127817873884	correct_baseline
5356704	2023	1	0.571522949591292	correct_baseline
5356704	2024	1	0.5634346839708756	correct_baseline
5357407	2022	1	0.8854193216826808	correct_baseline
5357407	2023	1	0.8802907010749531	correct_baseline
5357407	2024	1	0.875134223158837	correct_baseline
5358265	2022			correct_baseline
5358265	2023			correct_baseline
5358265	2024			correct_baseline
5358266	2022	1	0.8367914924332358	correct_baseline
5358266	2023	1	0.8370006581606021	correct_baseline
5358266	2024	1	0.837182875569504	correct_baseline
5358694	2022	3	1.196863856954441	correct_baseline
5358694	2023	3	1.2077066886026486	correct_baseline
5358694	2024	3	1.2175598676479558	correct_baseline
5358907	2022	1	0.8858305442797955	correct_baseline
5358907	2023	1	0.8854040332637098	correct_baseline
5358907	2024	1	0.8849405742477694	correct_baseline
5359175	2022	3	1.1157589222247049	correct_baseline
5359175	2023	3	1.1242517047294989	correct_baseline
5359175	2024	3	1.1322579317239687	correct_baseline
5359249	2022			correct_baseline
5359249	2023			correct_baseline
5359249	2024			correct_baseline
5359378	2022	3	1.0546710945537798	correct_baseline
5359378	2023	3	1.0581812100410664	correct_baseline
5359378	2024	3	1.0612449198398661	correct_baseline
5359395	2022			correct_baseline
5359395	2023			correct_baseline
5359395	2024			correct_baseline
5359660	2022	1	0.8586882601999343	correct_baseline
5359660	2023	1	0.8536566442416219	correct_baseline
5359660	2024	1	0.8486452947724431	correct_baseline
5360475	2022			correct_baseline
5360475	2023			correct_baseline
5360475	2024			correct_baseline
5361762	2022	0	0.6756841391228182	correct_baseline
5361762	2023	0	0.6550380290076078	correct_baseline
5361762	2024	0	0.6348084529174928	correct_baseline
5361785	2022	1	0.9583002777446732	correct_baseline
5361785	2023	1	0.9181732228198153	correct_baseline
5361785	2024	1	0.8777605770437413	correct_baseline
5361880	2022	3	1.1106099667785447	correct_baseline
5361880	2023	3	1.1130492301672856	correct_baseline
5361880	2024	3	1.1154863804948711	correct_baseline
5361888	2022	1	0.7777769461455846	correct_baseline
5361888	2023	1	0.7773906782762833	correct_baseline
5361888	2024	1	0.7759451165658396	correct_baseline
5361889	2022	1	0.6623293943737468	correct_baseline
5361889	2023	1	0.6571372443749177	correct_baseline
5361889	2024	1	0.6519224399593291	correct_baseline
5361909	2022	1	0.9926381035072338	correct_baseline
5361909	2023	1	0.975363433742297	correct_baseline
5361909	2024	1	0.9569416902228453	correct_baseline
5361944	2022	1	0.9345785099372691	correct_baseline
5361944	2023	1	0.9373989109558913	correct_baseline
5361944	2024	1	0.9386394923915253	correct_baseline
5361982	2022	1	0.9021619895046984	correct_baseline
5361982	2023	1	0.900751795122228	correct_baseline
5361982	2024	1	0.8992353083425173	correct_baseline
5362004	2022	1	0.991662605777166	correct_baseline
5362004	2023	1	0.9927667174868214	correct_baseline
5362004	2024	1	0.9936099466211844	correct_baseline
5362054	2022	3	1.0109679186681708	correct_baseline
5362054	2023	3	1.0112479474410714	correct_baseline
5362054	2024	3	1.011486868491642	correct_baseline
5362136	2022	1	0.7657536885050319	correct_baseline
5362136	2023	1	0.7610176441993698	correct_baseline
5362136	2024	1	0.7562711675279051	correct_baseline
5362215	2022	3	1.0246340582025142	correct_baseline
5362215	2023	3	1.0260257927209402	correct_baseline
5362215	2024	3	1.0273719903957346	correct_baseline
5362573	2022	0	0.7451543565266144	correct_baseline
5362573	2023	0	0.7369045984628964	correct_baseline
5362573	2024	0	0.7286633493503935	correct_baseline
5363613	2022	1	0.9671082421514063	correct_baseline
5363613	2023	1	0.9760009519973957	correct_baseline
5363613	2024	1	0.9828649952033756	correct_baseline
5363627	2022	1	0.6292438145062353	correct_baseline
5363627	2023	1	0.6280557865579538	correct_baseline
5363627	2024	1	0.6247169518718256	correct_baseline
5365305	2022	0	0.860216149492058	correct_baseline
5365305	2023	0	0.8516632060764229	correct_baseline
5365305	2024	0	0.8430399566462058	correct_baseline
5365705	2022	0	0.8481805059105606	correct_baseline
5365705	2023	0	0.8431165879876182	correct_baseline
5365705	2024	0	0.8380799427126675	correct_baseline
5365717	2022	3	1.2616741637813438	correct_baseline
5365717	2023	3	1.2658481065382834	correct_baseline
5365717	2024	3	1.2700217211665807	correct_baseline
5367294	2022	1	0.9650704709049012	correct_baseline
5367294	2023	1	0.9639362329668664	correct_baseline
5367294	2024	1	0.9627995927917251	correct_baseline
5369784	2022	3	1.235094419792311	correct_baseline
5369784	2023	3	1.2433808903478543	correct_baseline
5369784	2024	3	1.2516636995231567	correct_baseline
5370006	2022	1	0.8037349301268721	correct_baseline
5370006	2023	1	0.7843073660047866	correct_baseline
5370006	2024	1	0.7635939196984157	correct_baseline
5370380	2022	0	0.7762672702435329	correct_baseline
5370380	2023	0	0.7705993175695454	correct_baseline
5370380	2024	0	0.7649344246222187	correct_baseline
5371450	2022	3	1.0352455293738223	correct_baseline
5371450	2023	3	1.0427946568799435	correct_baseline
5371450	2024	3	1.050218713106525	correct_baseline
5371605	2022			correct_baseline
5371605	2023			correct_baseline
5371605	2024			correct_baseline
5371655	2022			correct_baseline
5371655	2023			correct_baseline
5371655	2024			correct_baseline
5371699	2022	0	0.7429211346771605	correct_baseline
5371699	2023	0	0.7380990107840755	correct_baseline
5371699	2024	0	0.7333002642816154	correct_baseline
5371700	2022			correct_baseline
5371700	2023			correct_baseline
5371700	2024			correct_baseline
5371702	2022	3	1.1049650470486228	correct_baseline
5371702	2023	3	1.117914726474546	correct_baseline
5371702	2024	3	1.1291555251884282	correct_baseline
5371709	2022			correct_baseline
5371709	2023			correct_baseline
5371709	2024			correct_baseline
5371746	2022	1	1.0060974575212003	correct_baseline
5371746	2023	1	1.0075057747395832	correct_baseline
5371746	2024	1	1.0089076916771131	correct_baseline
5371753	2022	3	1.3087192587563532	correct_baseline
5371753	2023	3	1.3365721680206306	correct_baseline
5371753	2024	3	1.3631703244494373	correct_baseline
5371772	2022	0	0.6517898527816146	correct_baseline
5371772	2023	0	0.642583617820315	correct_baseline
5371772	2024	0	0.6334948044115947	correct_baseline
5371808	2022	1	0.9952109217444399	correct_baseline
5371808	2023	1	0.992997621709902	correct_baseline
5371808	2024	1	0.9907855269224177	correct_baseline
5371889	2022	1	0.9188278881732549	correct_baseline
5371889	2023	1	0.9188484682720894	correct_baseline
5371889	2024	1	0.9185778972572074	correct_baseline
5372392	2022	0	0.683050617184937	correct_baseline
5372392	2023	0	0.65582995110295494	correct_baseline
5372392	2024	0	0.6284494372818975	correct_baseline
5372614	2022	0	0.7989969063995868	correct_baseline
5372614	2023	1	0.8003177231802102	correct_baseline
5372614	2024	1	0.8015222421775298	correct_baseline
5372639	2022	1	0.9422944922411333	correct_baseline
5372639	2023	1	0.9339689748447965	correct_baseline
5372639	2024	1	0.9204479113497163	correct_baseline
5372647	2022	1	0.8769054092434574	correct_baseline
5372647	2023	1	0.8721011151269851	correct_baseline
5372647	2024	1	0.8673190535648568	correct_baseline
5372655	2022	3	1.1705279138510174	correct_baseline
5372655	2023	3	1.1828133887317895	correct_baseline
5372655	2024	3	1.1933136316717639	correct_baseline
5372875	2022			correct_baseline
5372875	2023			correct_baseline
5372875	2024			correct_baseline
5373124	2022			correct_baseline
5373124	2023			correct_baseline
5373124	2024			correct_baseline
5373160	2022	0	0.5609234485747165	correct_baseline
5373160	2023	0	0.1754753820477621	correct_baseline
5373160	2024	0	0.05009144653671357	correct_baseline
5373324	2022	3	1.1574419764886104	correct_baseline
5373324	2023	3	1.1688497007923493	correct_baseline
5373324	2024	3	1.1799077092165025	correct_baseline
5373358	2022	3	1.058352197887923	correct_baseline
5373358	2023	3	1.0581719151687032	correct_baseline
5373358	2024	3	1.057630398661103	correct_baseline
5373368	2022	3	1.0754744496149522	correct_baseline
5373368	2023	3	1.0698111912339578	correct_baseline
5373368	2024	3	1.0638283986008068	correct_baseline
5374118	2022	3	1.1368934133497488	correct_baseline
5374118	2023	3	1.1507788459640873	correct_baseline
5374118	2024	3	1.1643428348407796	correct_baseline
5374614	2022	1	0.8952092846431983	correct_baseline
5374614	2023	1	0.8943908763218679	correct_baseline
5374614	2024	1	0.8934175461876672	correct_baseline
5374672	2022	3	1.0225746470087282	correct_baseline
5374672	2023	3	1.0225405311734108	correct_baseline
5374672	2024	3	1.022317493323727	correct_baseline
5374922	2022	3	1.0325228663414219	correct_baseline
5374922	2023	3	1.0351961303822403	correct_baseline
5374922	2024	3	1.037827181939151	correct_baseline
5375012	2022			correct_baseline
5375012	2023			correct_baseline
5375012	2024			correct_baseline
5375020	2022	1	0.8013210122267019	correct_baseline
5375020	2023	1	0.7858189348368069	correct_baseline
5375020	2024	1	0.7697776770876328	correct_baseline
5375920	2022	3	1.0326086558480567	correct_baseline
5375920	2023	3	1.0375108281411431	correct_baseline
5375920	2024	3	1.0416317053163093	correct_baseline
5376179	2022			correct_baseline
5376179	2023			correct_baseline
5376179	2024			correct_baseline
5376309	2022	1	0.9870318737263072	correct_baseline
5376309	2023	1	0.9948369414378165	correct_baseline
5376309	2024	1	1.0021173987195438	correct_baseline
5376565	2022	0	0.7220223151874152	correct_baseline
5376565	2023	0	0.7146480665725234	correct_baseline
5376565	2024	0	0.70724205998613765	correct_baseline
5376648	2022	3	1.0509854645544987	correct_baseline
5376648	2023	3	1.05216161194075	correct_baseline
5376648	2024	3	1.0532885460079076	correct_baseline
5376692	2022	1	0.9700312117456527	correct_baseline
5376692	2023	1	0.9690461499604808	correct_baseline
5376692	2024	1	0.9680431658804904	correct_baseline
5376846	2022	1	0.7606998590444338	correct_baseline
5376846	2023	1	0.7564163692590348	correct_baseline
5376846	2024	1	0.7517334659231887	correct_baseline
5376961	2022	3	1.0442283066229783	correct_baseline
5376961	2023	3	1.048416427432877	correct_baseline
5376961	2024	3	1.0521505103499114	correct_baseline
5377060	2022	3	1.0936082419070066	correct_baseline
5377060	2023	3	1.1087827701610264	correct_baseline
5377060	2024	3	1.1237673524165464	correct_baseline
5377064	2022			correct_baseline
5377064	2023			correct_baseline
5377064	2024			correct_baseline
5377163	2022			correct_baseline
5377163	2023			correct_baseline
5377163	2024			correct_baseline
5377303	2022	0	0.8417964578229119	correct_baseline
5377303	2023	0	0.8384672872568889	correct_baseline
5377303	2024	0	0.8350416270203999	correct_baseline
5377378	2022			correct_baseline
5377378	2023			correct_baseline
5377378	2024			correct_baseline
5377778	2022	1	0.900610211983127	correct_baseline
5377778	2023	1	0.8970521437660041	correct_baseline
5377778	2024	1	0.8934442840498888	correct_baseline
5380041	2022			correct_baseline
5380041	2023			correct_baseline
5380041	2024			correct_baseline
5383936	2022	0	0.6943805569171556	correct_baseline
5383936	2023	0	0.6826553777123991	correct_baseline
5383936	2024	0	0.6711158434642116	correct_baseline
5383969	2022	3	1.083591279569312	correct_baseline
5383969	2023	3	1.0928163280125636	correct_baseline
5383969	2024	3	1.1019993152008463	correct_baseline
5383971	2022			correct_baseline
5383971	2023			correct_baseline
5383971	2024			correct_baseline
5384334	2022	1	0.7840742010505498	correct_baseline
5384334	2023	1	0.778576232685675	correct_baseline
5384334	2024	1	0.7731107600340675	correct_baseline
5384361	2022	1	0.9321437071443552	correct_baseline
5384361	2023	1	0.9287312553067312	correct_baseline
5384361	2024	1	0.9253265177461967	correct_baseline
5384364	2022	3	1.173286112756867	correct_baseline
5384364	2023	3	1.179350353306697	correct_baseline
5384364	2024	3	1.1851966679904038	correct_baseline
5384390	2022	3	1.0898668756767453	correct_baseline
5384390	2023	3	1.1127546620855155	correct_baseline
5384390	2024	3	1.130893900367828	correct_baseline
5384395	2022	1	0.9317343945024481	correct_baseline
5384395	2023	1	0.9280670727998879	correct_baseline
5384395	2024	1	0.9242563137048216	correct_baseline
5384396	2022	1	0.9304733092703839	correct_baseline
5384396	2023	1	0.9324202620966134	correct_baseline
5384396	2024	1	0.9338788403359245	correct_baseline
5384466	2022	1	0.8535609765874516	correct_baseline
5384466	2023	1	0.866982490354225	correct_baseline
5384466	2024	1	0.8785271807230823	correct_baseline
5384741	2022	3	1.3155227552726034	correct_baseline
5384741	2023	3	1.3230754767960142	correct_baseline
5384741	2024	3	1.3306459176825396	correct_baseline
5384818	2022	3	1.0968080836329053	correct_baseline
5384818	2023	3	1.1096927872407714	correct_baseline
5384818	2024	3	1.1207039385499025	correct_baseline
5384848	2022	1	0.9475171634683899	correct_baseline
5384848	2023	1	0.9448473361105861	correct_baseline
5384848	2024	1	0.9420512924763007	correct_baseline
5384931	2022	3	1.372788141936929	correct_baseline
5384931	2023	3	1.4457833129462745	correct_baseline
5384931	2024	3	1.5204584502212892	correct_baseline
5384932	2022			correct_baseline
5384932	2023			correct_baseline
5384932	2024			correct_baseline
5384950	2022			correct_baseline
5384950	2023			correct_baseline
5384950	2024			correct_baseline
5386938	2022	3	1.1136361006394506	correct_baseline
5386938	2023	3	1.1207068569349323	correct_baseline
5386938	2024	3	1.1274797984823839	correct_baseline
5387639	2022	3	1.3296023295111608	correct_baseline
5387639	2023	3	1.4132915561879225	correct_baseline
5387639	2024	3	1.4851920107514607	correct_baseline
5388595	2022	1	0.9066055353124507	correct_baseline
5388595	2023	1	0.9078786599738954	correct_baseline
5388595	2024	1	0.9089112667024232	correct_baseline
5389017	2022	3	1.178017537310507	correct_baseline
5389017	2023	3	1.1842671790299515	correct_baseline
5389017	2024	3	1.190219280909899	correct_baseline
5389029	2022	1	0.9560131788634044	correct_baseline
5389029	2023	1	0.9543141254993368	correct_baseline
5389029	2024	1	0.9526159932240655	correct_baseline
5389173	2022	1	0.9902373438139672	correct_baseline
5389173	2023	1	0.9915080935143906	correct_baseline
5389173	2024	1	0.9927635568273787	correct_baseline
5390636	2022	0	0.6415520730501304	correct_baseline
5390636	2023	0	0.6315938481892988	correct_baseline
5390636	2024	0	0.6217423265024687	correct_baseline
5391480	2022	1	0.935577631999043	correct_baseline
5391480	2023	1	0.9316486134424661	correct_baseline
5391480	2024	1	0.9277185715761755	correct_baseline
5391599	2022	1	0.9276393758938932	correct_baseline
5391599	2023	1	0.9280537691284564	correct_baseline
5391599	2024	1	0.9278418979209148	correct_baseline
5391845	2022	1	0.7463422636562966	correct_baseline
5391845	2023	1	0.7386903153626866	correct_baseline
5391845	2024	1	0.7311056049873605	correct_baseline
5392083	2022	0	0.7104089852366846	correct_baseline
5392083	2023	0	0.6935430233357196	correct_baseline
5392083	2024	0	0.6767891117852999	correct_baseline
5392145	2022	3	1.0306051307806166	correct_baseline
5392145	2023	3	1.0356759152259936	correct_baseline
5392145	2024	3	1.0407432914352805	correct_baseline
5392174	2022	3	1.1495384635365145	correct_baseline
5392174	2023	3	1.161187240390547	correct_baseline
5392174	2024	3	1.1726473340224648	correct_baseline
5392243	2022	1	0.9772718388893439	correct_baseline
5392243	2023	1	0.9776354440296322	correct_baseline
5392243	2024	1	0.9779506089616647	correct_baseline
5392683	2022	1	0.9346867899522712	correct_baseline
5392683	2023	1	0.9343067974043993	correct_baseline
5392683	2024	1	0.9339186331499212	correct_baseline
5392859	2022	3	1.2853051309802666	correct_baseline
5392859	2023	3	1.3213075168527812	correct_baseline
5392859	2024	3	1.3543862815212775	correct_baseline
5392883	2022	3	1.0610690891447454	correct_baseline
5392883	2023	3	1.0676172876948857	correct_baseline
5392883	2024	3	1.0741585438326793	correct_baseline
5395475	2022	1	0.806744200358515	correct_baseline
5395475	2023	1	0.7985021313702032	correct_baseline
5395475	2024	1	0.7890922083469032	correct_baseline
5396125	2022	1	0.8619431812618181	correct_baseline
5396125	2023	1	0.8532809725931323	correct_baseline
5396125	2024	1	0.8411056422727371	correct_baseline
5396474	2022	1	0.8689058789398821	correct_baseline
5396474	2023	1	0.8769427608445092	correct_baseline
5396474	2024	1	0.8833318348381314	correct_baseline
5400552	2022			correct_baseline
5400552	2023			correct_baseline
5400552	2024			correct_baseline
5401007	2022	0	0.7160846361421053	correct_baseline
5401007	2023	0	0.7111687124626734	correct_baseline
5401007	2024	0	0.7061711629822488	correct_baseline
5401760	2022	0	0.8402940902406435	correct_baseline
5401760	2023	1	0.8377382444899406	correct_baseline
5401760	2024	1	0.8351393899988161	correct_baseline
5403272	2022			correct_baseline
5403272	2023			correct_baseline
5403272	2024			correct_baseline
5403541	2022			correct_baseline
5403541	2023			correct_baseline
5403541	2024			correct_baseline
5406741	2022	1	0.7570655492131454	correct_baseline
5406741	2023	1	0.7496582013460279	correct_baseline
5406741	2024	1	0.7423140589343977	correct_baseline
5406789	2022	3	1.0828138234207303	correct_baseline
5406789	2023	3	1.075288733311237	correct_baseline
5406789	2024	3	1.067441372675081	correct_baseline
5407810	2022			correct_baseline
5407810	2023			correct_baseline
5407810	2024			correct_baseline
5408087	2022	3	1.1812392280191784	correct_baseline
5408087	2023	3	1.1872848102135163	correct_baseline
5408087	2024	3	1.1933164620210137	correct_baseline
5408682	2022	3	1.2274098819694619	correct_baseline
5408682	2023	3	1.2723879654052663	correct_baseline
5408682	2024	3	1.3092352888884073	correct_baseline
5409120	2022			correct_baseline
5409120	2023			correct_baseline
5409120	2024			correct_baseline
5410151	2022	3	1.2307718611449023	correct_baseline
5410151	2023	3	1.2526351490697607	correct_baseline
5410151	2024	3	1.270706445210905	correct_baseline
5410210	2022	1	0.8020859368829061	correct_baseline
5410210	2023	1	0.8030743006063547	correct_baseline
5410210	2024	1	0.8030758902443079	correct_baseline
5410411	2022	3	1.1977812811854216	correct_baseline
5410411	2023	3	1.1993834879160004	correct_baseline
5410411	2024	3	1.2009302951213756	correct_baseline
5410826	2022			correct_baseline
5410826	2023			correct_baseline
5410826	2024			correct_baseline
5411392	2022			correct_baseline
5411392	2023			correct_baseline
5411392	2024			correct_baseline
5411408	2022	1	0.7402824596408859	correct_baseline
5411408	2023	1	0.7399404250973778	correct_baseline
5411408	2024	1	0.7387834754723293	correct_baseline
5411453	2022			correct_baseline
5411453	2023			correct_baseline
5411453	2024			correct_baseline
5414239	2022	0	0.996840690814654	correct_baseline
5414239	2023	0	0.9402360335861446	correct_baseline
5414239	2024	0	0.8845771468266919	correct_baseline
5414551	2022	3	1.0916706727936913	correct_baseline
5414551	2023	3	1.09605599499265	correct_baseline
5414551	2024	3	1.0961239430036298	correct_baseline
5414932	2022			correct_baseline
5414932	2023			correct_baseline
5414932	2024			correct_baseline
5414959	2022			correct_baseline
5414959	2023			correct_baseline
5414959	2024			correct_baseline
5415009	2022	1	0.9652899309427692	correct_baseline
5415009	2023	1	0.9784447230911606	correct_baseline
5415009	2024	1	0.9896349443442196	correct_baseline
5415012	2022	3	1.0449360158379186	correct_baseline
5415012	2023	3	1.049704924547486	correct_baseline
5415012	2024	3	1.0539827575209766	correct_baseline
5415016	2022	3	1.2050429879471307	correct_baseline
5415016	2023	3	1.2305491649802185	correct_baseline
5415016	2024	3	1.255562174792138	correct_baseline
5415039	2022	1	0.8673466714266337	correct_baseline
5415039	2023	1	0.8629248964538697	correct_baseline
5415039	2024	1	0.8585210831935118	correct_baseline
5415054	2022	0	0.5474874303793431	correct_baseline
5415054	2023	0	0.5356081111605402	correct_baseline
5415054	2024	0	0.5239799119087514	correct_baseline
5415453	2022			correct_baseline
5415453	2023			correct_baseline
5415453	2024			correct_baseline
5415455	2022	1	0.862459741214981	correct_baseline
5415455	2023	1	0.8544287145922381	correct_baseline
5415455	2024	1	0.8436008761418841	correct_baseline
5415463	2022			correct_baseline
5415463	2023			correct_baseline
5415463	2024			correct_baseline
5420957	2022			correct_baseline
5420957	2023			correct_baseline
5420957	2024			correct_baseline
5420978	2022			correct_baseline
5420978	2023			correct_baseline
5420978	2024			correct_baseline
5420991	2022	3	1.0957347178407861	correct_baseline
5420991	2023	3	1.0980840655136814	correct_baseline
5420991	2024	3	1.100319689134257	correct_baseline
5421039	2022	3	1.0391006668126708	correct_baseline
5421039	2023	3	1.022944075134979	correct_baseline
5421039	2024	1	1.0052425006135584	correct_baseline
5421180	2022	3	1.0405556627758075	correct_baseline
5421180	2023	3	1.04268240745489	correct_baseline
5421180	2024	3	1.0423311171645093	correct_baseline
5530829	2022			correct_baseline
5530829	2023			correct_baseline
5530829	2024			correct_baseline
5530881	2022	3	1.1223511869809997	correct_baseline
5530881	2023	3	1.1307494053621867	correct_baseline
5530881	2024	3	1.1384629565705044	correct_baseline
5533814	2022			correct_baseline
5533814	2023			correct_baseline
5533814	2024			correct_baseline
5538946	2022	1	0.8742986795636255	correct_baseline
5538946	2023	1	0.8687052580100838	correct_baseline
5538946	2024	1	0.8627646263748641	correct_baseline
5549949	2022			correct_baseline
5549949	2023			correct_baseline
5549949	2024			correct_baseline
5551241	2022	3	1.1134180464438828	correct_baseline
5551241	2023	3	1.1184373235949507	correct_baseline
5551241	2024	3	1.123423414965851	correct_baseline
5554574	2022	1	0.7156962136880692	correct_baseline
5554574	2023	1	0.7038331694132496	correct_baseline
5554574	2024	1	0.6920276108990644	correct_baseline
5559837	2022			correct_baseline
5559837	2023			correct_baseline
5559837	2024			correct_baseline
5561475	2022	3	1.0373700520453784	correct_baseline
5561475	2023	3	1.0304826745755191	correct_baseline
5561475	2024	3	1.0229583465430832	correct_baseline
5567694	2022	1	0.8606853621616629	correct_baseline
5567694	2023	1	0.8566603281533781	correct_baseline
5567694	2024	1	0.8525704679934473	correct_baseline
5568339	2022	1	0.9585438871921788	correct_baseline
5568339	2023	1	0.9580931910239023	correct_baseline
5568339	2024	1	0.9575153175504479	correct_baseline
5568428	2022	1	0.7681204502729531	correct_baseline
5568428	2023	1	0.762138330024886	correct_baseline
5568428	2024	1	0.7541214848415196	correct_baseline
5568446	2022	3	1.0285031461995637	correct_baseline
5568446	2023	3	1.0298324798499807	correct_baseline
5568446	2024	3	1.0311603384658177	correct_baseline
5582033	2022	3	1.1129190935133049	correct_baseline
5582033	2023	3	1.1339004452763295	correct_baseline
5582033	2024	3	1.1517261575957325	correct_baseline
5584240	2022			correct_baseline
5584240	2023			correct_baseline
5584240	2024			correct_baseline
5584611	2022			correct_baseline
5584611	2023			correct_baseline
5584611	2024			correct_baseline
5587240	2022	1	0.9630276209571822	correct_baseline
5587240	2023	1	0.9649170272041272	correct_baseline
5587240	2024	1	0.9665658459236404	correct_baseline
5598598	2022	3	1.0762464054855316	correct_baseline
5598598	2023	3	1.0818685649829474	correct_baseline
5598598	2024	3	1.0850775700559228	correct_baseline
5598839	2022			correct_baseline
5598839	2023			correct_baseline
5598839	2024			correct_baseline
5598915	2022	0	0.9467957810430657	correct_baseline
5598915	2023	0	0.9022494351842282	correct_baseline
5598915	2024	0	0.8574636208058715	correct_baseline
5671747	2022	3	1.171518647282818	correct_baseline
5671747	2023	3	1.162213871189095	correct_baseline
5671747	2024	3	1.1525569654788788	correct_baseline
5676646	2022	1	0.8228579240036542	correct_baseline
5676646	2023	1	0.8138251534260027	correct_baseline
5676646	2024	1	0.804692242632315	correct_baseline
5701337	2022			correct_baseline
5701337	2023			correct_baseline
5701337	2024			correct_baseline
5712981	2022			correct_baseline
5712981	2023			correct_baseline
5712981	2024			correct_baseline
5774728	2022			correct_baseline
5774728	2023			correct_baseline
5774728	2024			correct_baseline
5806954	2022	3	1.4888497673024073	correct_baseline
5806954	2023	3	1.5177368720450342	correct_baseline
5806954	2024	3	1.5463798949587324	correct_baseline
5825913	2022	1	0.9834984270460455	correct_baseline
5825913	2023	1	0.9809421974419108	correct_baseline
5825913	2024	1	0.9783601797058219	correct_baseline
5828216	2022	1	0.7769975063261348	correct_baseline
5828216	2023	1	0.7045569636244772	correct_baseline
5828216	2024	1	0.6371691665216664	correct_baseline
5831060	2022	1	0.9121858603660794	correct_baseline
5831060	2023	1	0.7998939134590023	correct_baseline
5831060	2024	1	0.6900187923020356	correct_baseline
5846290	2022	1	0.8696186092237289	correct_baseline
5846290	2023	1	0.8758376180861718	correct_baseline
5846290	2024	1	0.8799329164440732	correct_baseline
5851603	2022	1	0.9473314283729312	basic
5851603	2023	1	0.9365233952954594	basic
5851603	2024	1	0.9257723451040993	basic
5864277	2022	1	0.9630654679834126	correct_baseline
5864277	2023	1	0.9713629042105676	correct_baseline
5864277	2024	1	0.9796317067772845	correct_baseline
5892120	2022	2	0.9256683393072537	basic
5892120	2023	2	0.9471546517089341	basic
5892120	2024	2	0.9668373584715085	basic
5930559	2022	3	1.0528154664918006	correct_baseline
5930559	2023	3	1.0522490862106832	correct_baseline
5930559	2024	3	1.0516301356266489	correct_baseline
5959231	2022	3	1.1684215105518871	correct_baseline
5959231	2023	3	1.1859049300294124	correct_baseline
5959231	2024	3	1.2026679965634741	correct_baseline
6027089	2022	3	1.358285196573652	correct_baseline
6027089	2023	3	1.3297176789597949	correct_baseline
6027089	2024	3	1.288945502504312	correct_baseline
6027176	2022			correct_baseline
6027176	2023			correct_baseline
6027176	2024			correct_baseline
6063730	2022	1	0.9725802242575905	correct_baseline
6063730	2023	1	0.972981733538628	correct_baseline
6063730	2024	1	0.9733794631971426	correct_baseline
6085036	2022	1	0.9793459700447917	correct_baseline
6085036	2023	1	0.9805716208375653	correct_baseline
6085036	2024	1	0.9817705472735948	correct_baseline
6096602	2022	3	1.0786161924613442	correct_baseline
6096602	2023	3	1.076289403634957	correct_baseline
6096602	2024	3	1.0738262973299524	correct_baseline
6098843	2022	3	1.355953947753423	correct_baseline
6098843	2023	3	1.1701625050658289	correct_baseline
6098843	2024	1	0.9901888264212153	correct_baseline
6100941	2022			correct_baseline
6100941	2023			correct_baseline
6100941	2024			correct_baseline
6100962	2022			correct_baseline
6100962	2023			correct_baseline
6100962	2024			correct_baseline
6101223	2022			correct_baseline
6101223	2023			correct_baseline
6101223	2024			correct_baseline
6101224	2022			correct_baseline
6101224	2023			correct_baseline
6101224	2024			correct_baseline
6109534	2022	3	1.0658409535264675	correct_baseline
6109534	2023	3	1.0725101724340163	correct_baseline
6109534	2024	3	1.0789050477944542	correct_baseline
6109535	2022	1	1.0033323849268527	correct_baseline
6109535	2023	1	1.0078219388770409	correct_baseline
6109535	2024	3	1.0120866332832612	correct_baseline
6109611	2022	3	1.127601687059885	correct_baseline
6109611	2023	3	1.1441004841307056	correct_baseline
6109611	2024	3	1.158576661220269	correct_baseline
6109637	2022	3	1.074849907854786	correct_baseline
6109637	2023	3	1.0778969032247698	correct_baseline
6109637	2024	3	1.0809448385550926	correct_baseline
6109699	2022			correct_baseline
6109699	2023			correct_baseline
6109699	2024			correct_baseline
6132234	2022			correct_baseline
6132234	2023			correct_baseline
6132234	2024			correct_baseline
6157026	2022	0	0.783225044897001	correct_baseline
6157026	2023	0	0.7685320383266486	correct_baseline
6157026	2024	0	0.7541002137835263	correct_baseline
6157035	2022	0	0.6180555156209591	correct_baseline
6157035	2023	0	0.5206306675569166	correct_baseline
6157035	2024	0	0.43586819816769246	correct_baseline
6159223	2022			correct_baseline
6159223	2023			correct_baseline
6159223	2024			correct_baseline
6161327	2022			correct_baseline
6161327	2023			correct_baseline
6161327	2024			correct_baseline
6164210	2022			correct_baseline
6164210	2023			correct_baseline
6164210	2024			correct_baseline
6300805	2022	1	0.8001325571655151	correct_baseline
6300805	2023	1	0.7951382756568022	correct_baseline
6300805	2024	1	0.7901721379001643	correct_baseline
6362904	2022	1	0.943773008615628	correct_baseline
6362904	2023	1	0.9140233483153938	correct_baseline
6362904	2024	1	0.8834913272896047	correct_baseline
6363863	2022			correct_baseline
6363863	2023			correct_baseline
6363863	2024			correct_baseline
6369819	2022	1	0.6750134309172092	correct_baseline
6369819	2023	1	0.6590575316668748	correct_baseline
6369819	2024	1	0.6425339973113029	correct_baseline
6374953	2022			correct_baseline
6374953	2023			correct_baseline
6374953	2024			correct_baseline
6376340	2022	1	0.9063804698447149	correct_baseline
6376340	2023	1	0.905360548071585	correct_baseline
6376340	2024	1	0.9041257786546204	correct_baseline
6387003	2022	0	0.93146798473112	correct_baseline
6387003	2023	0	0.8173920381184796	correct_baseline
6387003	2024	0	0.7096119264021771	correct_baseline
6391417	2022	1	0.9518368276626412	correct_baseline
6391417	2023	1	0.9592730559808045	correct_baseline
6391417	2024	1	0.9659910506619813	correct_baseline
6409536	2022	1	0.6266450735340164	correct_baseline
6409536	2023	1	0.6063312762812696	correct_baseline
6409536	2024	1	0.5853817364961198	correct_baseline
6411098	2022	1	0.9178459766622713	correct_baseline
6411098	2023	1	0.9106184303948602	correct_baseline
6411098	2024	1	0.9034403854049055	correct_baseline
6443709	2022	1	0.9763893147003309	correct_baseline
6443709	2023	1	0.9731170876880343	correct_baseline
6443709	2024	1	0.9698474688647948	correct_baseline
6449041	2022	1	0.8440923336329201	correct_baseline
6449041	2023	1	0.8408551131705058	correct_baseline
6449041	2024	1	0.8375696660668501	correct_baseline
6476679	2022	3	1.4840237514615875	basic
6476679	2023	3	1.6032103747010116	basic
6476679	2024	3	1.7266779866130548	basic
6550091	2022	1	0.7896257251524497	correct_baseline
6550091	2023	1	0.7713025131888862	correct_baseline
6550091	2024	1	0.7514690123636856	correct_baseline
7062200	2022	0	0.7971847802744958	correct_baseline
7062200	2023	0	0.7716998118002895	correct_baseline
7062200	2024	0	0.7467828158359897	correct_baseline
7068379	2022			correct_baseline
7068379	2023			correct_baseline
7068379	2024			correct_baseline
7068845	2022	1	0.9129359303629367	correct_baseline
7068845	2023	1	0.917156710871921	correct_baseline
7068845	2024	1	0.9199910412335526	correct_baseline
7095665	2022	1	0.9279956846504203	correct_baseline
7095665	2023	1	0.9245978708042243	correct_baseline
7095665	2024	1	0.9212100608426159	correct_baseline
7102937	2022			correct_baseline
7102937	2023			correct_baseline
7102937	2024			correct_baseline
7111792	2022	1	0.8412318972583291	correct_baseline
7111792	2023	1	0.8342675976069596	correct_baseline
7111792	2024	1	0.827000465161823	correct_baseline
7127354	2022	1	0.997588659571625	correct_baseline
7127354	2023	1	0.9917288715919331	correct_baseline
7127354	2024	1	0.9831355447998565	correct_baseline
7127810	2022	0	0.9675406400962213	correct_baseline
7127810	2023	0	0.7915691380763422	correct_baseline
7127810	2024	0	0.6409181582660948	correct_baseline
7135755	2022	3	1.1135882485658652	correct_baseline
7135755	2023	3	1.1214251056802529	correct_baseline
7135755	2024	3	1.1291861896124198	correct_baseline
7156971	2022			correct_baseline
7156971	2023			correct_baseline
7156971	2024			correct_baseline
7157952	2022			correct_baseline
7157952	2023			correct_baseline
7157952	2024			correct_baseline
7158449	2022			correct_baseline
7158449	2023			correct_baseline
7158449	2024			correct_baseline
7162908	2022	1	0.8283376724161519	correct_baseline
7162908	2023	1	0.8282752303783026	correct_baseline
7162908	2024	1	0.8249078109924295	correct_baseline
7172720	2022	1	0.7713233590031465	correct_baseline
7172720	2023	1	0.7663692662651943	correct_baseline
7172720	2024	1	0.7614082828400979	correct_baseline
7172831	2022			correct_baseline
7172831	2023			correct_baseline
7172831	2024			correct_baseline
7224157	2022	3	1.0123889532620638	correct_baseline
7224157	2023	3	1.028695008098173	correct_baseline
7224157	2024	3	1.0446972063716629	correct_baseline
7224427	2022	2	0.8399640322599567	correct_baseline
7224427	2023	2	0.8670438714982592	correct_baseline
7224427	2024	2	0.8938938018033414	correct_baseline
7225471	2022	1	0.8906547172624255	correct_baseline
7225471	2023	1	0.8873139003656451	correct_baseline
7225471	2024	1	0.8838420474000994	correct_baseline
7226776	2022	1	0.9658714232433122	correct_baseline
7226776	2023	1	0.9778441649311242	correct_baseline
7226776	2024	1	0.989170647581997	correct_baseline
7226794	2022	1	0.938306932451751	correct_baseline
7226794	2023	1	0.9398443424303828	correct_baseline
7226794	2024	1	0.9411359959683926	correct_baseline
7230699	2022	1	0.7183600852135638	correct_baseline
7230699	2023	1	0.698061121276749	correct_baseline
7230699	2024	1	0.6781530206285511	correct_baseline
7263145	2022	2	0.9508842150224881	correct_baseline
7263145	2023	2	0.9896355542877648	correct_baseline
7263145	2024	3	1.0275666881194143	correct_baseline
7266343	2022	0	0.7833837618082489	correct_baseline
7266343	2023	0	0.6428350592479318	correct_baseline
7266343	2024	0	0.518215372470459	correct_baseline
7267630	2022	0	0.6597314036480807	correct_baseline
7267630	2023	0	0.6535227940270052	correct_baseline
7267630	2024	0	0.6471922589044152	correct_baseline
7291264	2022	3	1.2663030610808186	correct_baseline
7291264	2023	3	1.296106779257693	correct_baseline
7291264	2024	3	1.3223941927016767	correct_baseline
7291643	2022			correct_baseline
7291643	2023			correct_baseline
7291643	2024			correct_baseline
7298987	2022			correct_baseline
7298987	2023			correct_baseline
7298987	2024			correct_baseline
7303104	2022	1	0.6923609182939422	correct_baseline
7303104	2023	1	0.6808095653634509	correct_baseline
7303104	2024	1	0.6671893732300799	correct_baseline
7307327	2022	3	1.1014071195235224	correct_baseline
7307327	2023	3	1.1295019343398707	correct_baseline
7307327	2024	3	1.1527116539906348	correct_baseline
7308335	2022	0	0.6671497520889176	correct_baseline
7308335	2023	0	0.658836758157381	correct_baseline
7308335	2024	0	0.6506233337819388	correct_baseline
7309012	2022	1	0.8144993606844259	correct_baseline
7309012	2023	1	0.819520812943093	correct_baseline
7309012	2024	1	0.8243574225130005	correct_baseline
7313595	2022	0	0.6807738671304906	correct_baseline
7313595	2023	0	0.675091308449049	correct_baseline
7313595	2024	0	0.6694335539387125	correct_baseline
7315063	2022	3	1.2493050077892518	correct_baseline
7315063	2023	3	1.2863203357961552	correct_baseline
7315063	2024	3	1.319766839915082	correct_baseline
7315072	2022	3	1.1395278880862587	correct_baseline
7315072	2023	3	1.1451608079743183	correct_baseline
7315072	2024	3	1.1507343615667849	correct_baseline
7315286	2022	1	0.8189688150078119	correct_baseline
7315286	2023	1	0.8116528358538949	correct_baseline
7315286	2024	1	0.8043928689625685	correct_baseline
7319302	2022	1	0.845963325144046	correct_baseline
7319302	2023	1	0.8417637556217631	correct_baseline
7319302	2024	1	0.8375781951496062	correct_baseline
7322292	2022	1	0.7228655153434701	correct_baseline
7322292	2023	1	0.7132705039964358	correct_baseline
7322292	2024	1	0.7033098135058895	correct_baseline
7322529	2022	1	0.7639253894586794	correct_baseline
7322529	2023	1	0.7370446741364595	correct_baseline
7322529	2024	1	0.7098468135525304	correct_baseline
7325877	2022	1	0.8956948514951615	correct_baseline
7325877	2023	1	0.8945153922530035	correct_baseline
7325877	2024	1	0.8926632658077852	correct_baseline
7327990	2022	3	1.0523683583817105	correct_baseline
7327990	2023	3	1.050235321329846	correct_baseline
7327990	2024	3	1.0472475197225866	correct_baseline
7331861	2022	1	0.6404682818243329	correct_baseline
7331861	2023	1	0.632990391228358	correct_baseline
7331861	2024	1	0.6254085799206417	correct_baseline
7332415	2022	3	1.1115977282776757	correct_baseline
7332415	2023	3	1.1450844480542692	correct_baseline
7332415	2024	3	1.1779519205011644	correct_baseline
7334368	2022			correct_baseline
7334368	2023			correct_baseline
7334368	2024			correct_baseline
7344766	2022			correct_baseline
7344766	2023			correct_baseline
7344766	2024			correct_baseline
7346102	2022	3	1.1544429137402907	correct_baseline
7346102	2023	3	1.1575330623157356	correct_baseline
7346102	2024	3	1.1606018649794165	correct_baseline
7350989	2022	1	0.8029994838111344	correct_baseline
7350989	2023	1	0.7965507704052169	correct_baseline
7350989	2024	1	0.7900957951267564	correct_baseline
7358677	2022	1	0.7328646690721178	correct_baseline
7358677	2023	1	0.7151381414678014	correct_baseline
7358677	2024	1	0.6948732216036541	correct_baseline
7358948	2022	3	1.0581789520462048	correct_baseline
7358948	2023	3	1.0912984147136435	correct_baseline
7358948	2024	3	1.1252075817234384	correct_baseline
7393329	2022			correct_baseline
7393329	2023			correct_baseline
7393329	2024			correct_baseline
7400250	2022	1	0.9383900468931565	correct_baseline
7400250	2023	1	0.9267260001557974	correct_baseline
7400250	2024	1	0.914744020750941	correct_baseline
7403263	2022	1	0.8627560644918546	correct_baseline
7403263	2023	1	0.8580500589610024	correct_baseline
7403263	2024	1	0.8533538801757229	correct_baseline
7409013	2022	0	0.6778189890578776	correct_baseline
7409013	2023	0	0.667292629849894	correct_baseline
7409013	2024	0	0.6569216641378298	correct_baseline
7427542	2022			correct_baseline
7427542	2023			correct_baseline
7427542	2024			correct_baseline
7433196	2022	3	1.2486781649572298	correct_baseline
7433196	2023	3	1.2715627310524613	correct_baseline
7433196	2024	3	1.293650649248937	correct_baseline
7437751	2022	3	1.0948121636443158	correct_baseline
7437751	2023	3	1.088770995366256	correct_baseline
7437751	2024	3	1.079631232847033	correct_baseline
7443846	2022			correct_baseline
7443846	2023			correct_baseline
7443846	2024			correct_baseline
7461690	2022			correct_baseline
7461690	2023			correct_baseline
7461690	2024			correct_baseline
7466434	2022	3	1.1524540145954023	correct_baseline
7466434	2023	3	1.1560114068919203	correct_baseline
7466434	2024	3	1.1595736696398766	correct_baseline
7520678	2022			correct_baseline
7520678	2023			correct_baseline
7520678	2024			correct_baseline
7540164	2022	0	0.6627152275307517	correct_baseline
7540164	2023	0	0.6131385383614522	correct_baseline
7540164	2024	0	0.5671992083622539	correct_baseline
7544073	2022			correct_baseline
7544073	2023			correct_baseline
7544073	2024			correct_baseline
7560711	2022	1	0.8893582574250632	correct_baseline
7560711	2023	1	0.896303289773818	correct_baseline
7560711	2024	1	0.9015802060770418	correct_baseline
7564934	2022			correct_baseline
7564934	2023			correct_baseline
7564934	2024			correct_baseline
7619206	2022			correct_baseline
7619206	2023			correct_baseline
7619206	2024			correct_baseline
7627205	2022	1	0.8353075432529693	correct_baseline
7627205	2023	1	0.829832128240187	correct_baseline
7627205	2024	1	0.8243693182142923	correct_baseline
7636833	2022			correct_baseline
7636833	2023			correct_baseline
7636833	2024			correct_baseline
7645931	2022	1	0.7407863693485198	correct_baseline
7645931	2023	1	0.7317010926384984	correct_baseline
7645931	2024	1	0.7226868464911738	correct_baseline
7671397	2022	3	1.120607455677758	correct_baseline
7671397	2023	3	1.1331728523261446	correct_baseline
7671397	2024	3	1.1451238779582258	correct_baseline
7678610	2022	3	1.3211778268059389	correct_baseline
7678610	2023	3	1.3860665898001392	correct_baseline
7678610	2024	3	1.4527582904709078	correct_baseline
7681436	2022	1	0.9472013113893454	correct_baseline
7681436	2023	1	0.9551669577305973	correct_baseline
7681436	2024	1	0.962402690222961	correct_baseline
7695021	2022	0	0.7716826945978316	correct_baseline
7695021	2023	1	0.7651947737453175	correct_baseline
7695021	2024	1	0.7579612641292717	correct_baseline
7732986	2022	0	0.7181023590214413	correct_baseline
7732986	2023	0	0.6892470131933459	correct_baseline
7732986	2024	0	0.6614142409937726	correct_baseline
7733140	2022	3	1.1915627870078789	correct_baseline
7733140	2023	3	1.2041832275827087	correct_baseline
7733140	2024	3	1.216821276674978	correct_baseline
7738766	2022	0	0.7909392674296843	correct_baseline
7738766	2023	0	0.767034234201271	correct_baseline
7738766	2024	0	0.74355644770598	correct_baseline
7740617	2022			correct_baseline
7740617	2023			correct_baseline
7740617	2024			correct_baseline
7747216	2022	1	0.9600978471391478	correct_baseline
7747216	2023	1	0.958985499844898	correct_baseline
7747216	2024	1	0.9578683491042783	correct_baseline
7749287	2022	1	0.904038235588705	correct_baseline
7749287	2023	1	0.9097803276067884	correct_baseline
7749287	2024	1	0.9143762531926359	correct_baseline
7753992	2022			correct_baseline
7753992	2023			correct_baseline
7753992	2024			correct_baseline
7763534	2022	3	1.2506407251058391	correct_baseline
7763534	2023	3	1.2549594766521264	correct_baseline
7763534	2024	3	1.258026548998529	correct_baseline
7764700	2022	0	0.8677954181510464	correct_baseline
7764700	2023	0	0.8251523756156343	correct_baseline
7764700	2024	0	0.782691717624144	correct_baseline
7790614	2022	1	0.8294001799973113	correct_baseline
7790614	2023	1	0.82702751636491	correct_baseline
7790614	2024	1	0.8246030657814193	correct_baseline
7795888	2022	3	1.3379028989214667	correct_baseline
7795888	2023	3	1.3493340935269813	correct_baseline
7795888	2024	3	1.3606505705443037	correct_baseline
7802465	2022	3	1.1944245269073595	correct_baseline
7802465	2023	3	1.201155303608836	correct_baseline
7802465	2024	3	1.2047593160053922	correct_baseline
7810918	2022	1	0.9254103876063401	correct_baseline
7810918	2023	1	0.9246222329546558	correct_baseline
7810918	2024	1	0.9235612884319081	correct_baseline
7818643	2022	1	0.9409670597487962	correct_baseline
7818643	2023	1	0.9496147578292884	correct_baseline
7818643	2024	1	0.9576896079660605	correct_baseline
7820753	2022	3	1.3493508205319726	correct_baseline
7820753	2023	3	1.366599350509327	correct_baseline
7820753	2024	3	1.3826245643071045	correct_baseline
7828157	2022	0	0.7257375924800944	correct_baseline
7828157	2023	0	0.718753455885734	correct_baseline
7828157	2024	0	0.7118053890636042	correct_baseline
7844167	2022	1	0.9910464919194711	correct_baseline
7844167	2023	1	0.9931218852906432	correct_baseline
7844167	2024	1	0.9948107003185848	correct_baseline
7855120	2022			correct_baseline
7855120	2023			correct_baseline
7855120	2024			correct_baseline
7881150	2022	1	0.8953165266915497	correct_baseline
7881150	2023	1	0.7799673386573582	correct_baseline
7881150	2024	1	0.6731376585665964	correct_baseline
7889822	2022	0	0.8550837192543905	correct_baseline
7889822	2023	0	0.844413955722232	correct_baseline
7889822	2024	0	0.8334440475902799	correct_baseline
7901652	2022	3	1.2521608180424346	correct_baseline
7901652	2023	3	1.349139087139329	correct_baseline
7901652	2024	3	1.4494850043652385	correct_baseline
7902463	2022			correct_baseline
7902463	2023			correct_baseline
7902463	2024			correct_baseline
7903057	2022	3	1.0558014016027473	correct_baseline
7903057	2023	3	1.062770657858735	correct_baseline
7903057	2024	3	1.0692706274832868	correct_baseline
7903764	2022	1	0.8283097689462916	correct_baseline
7903764	2023	1	0.8363127826760897	correct_baseline
7903764	2024	1	0.8413689631489392	correct_baseline
7905507	2022	3	1.0240572571385738	correct_baseline
7905507	2023	3	1.0246816158014405	correct_baseline
7905507	2024	3	1.0253014364618867	correct_baseline
7915783	2022	1	0.8874882554534019	correct_baseline
7915783	2023	1	0.8712627785636803	correct_baseline
7915783	2024	1	0.8547281733808472	correct_baseline
7925720	2022			correct_baseline
7925720	2023			correct_baseline
7925720	2024			correct_baseline
7967494	2022	1	0.8270957351062054	correct_baseline
7967494	2023	1	0.822828671489342	correct_baseline
7967494	2024	1	0.8185448258626098	correct_baseline
7978544	2022	1	0.936128462414902	correct_baseline
7978544	2023	1	0.9104617908025217	correct_baseline
7978544	2024	1	0.8845631529920788	correct_baseline
7989836	2022	0	0.833154254711686	correct_baseline
7989836	2023	0	0.679111679534834	correct_baseline
7989836	2024	0	0.5432933761184555	correct_baseline
8002952	2022	3	1.1843670901967562	correct_baseline
8002952	2023	3	1.1851337255588055	correct_baseline
8002952	2024	3	1.18533745978003	correct_baseline
8012439	2022	3	1.1522483940507666	correct_baseline
8012439	2023	3	1.1673054961720044	correct_baseline
8012439	2024	3	1.1821542858782679	correct_baseline
8014163	2022	1	0.8551394631071133	correct_baseline
8014163	2023	1	0.8033635006342636	correct_baseline
8014163	2024	1	0.7515070966893811	correct_baseline
8031875	2022			correct_baseline
8031875	2023			correct_baseline
8031875	2024			correct_baseline
8042568	2022	1	0.7993905561085253	correct_baseline
8042568	2023	1	0.8126064029311543	correct_baseline
8042568	2024	1	0.8241036572113155	correct_baseline
8052025	2022			correct_baseline
8052025	2023			correct_baseline
8052025	2024			correct_baseline
8080743	2022	0	0.8871364552718842	correct_baseline
8080743	2023	0	0.753943010506365	correct_baseline
8080743	2024	0	0.6359385035764616	correct_baseline
8091998	2022	3	1.1027137425726674	correct_baseline
8091998	2023	3	1.1160297716618723	correct_baseline
8091998	2024	3	1.1273488643094667	correct_baseline
8116963	2022			correct_baseline
8116963	2023			correct_baseline
8116963	2024			correct_baseline
8133114	2022	3	1.0671809344327392	correct_baseline
8133114	2023	3	1.0719270822683091	correct_baseline
8133114	2024	3	1.0766248441196073	correct_baseline
8149049	2022	1	0.7330963380287806	correct_baseline
8149049	2023	1	0.7273148601967526	correct_baseline
8149049	2024	1	0.7215226830282749	correct_baseline
8149923	2022	3	1.1364659966089163	correct_baseline
8149923	2023	3	1.137081406217213	correct_baseline
8149923	2024	3	1.1371021882771524	correct_baseline
8153538	2022	1	0.773902052838264	correct_baseline
8153538	2023	1	0.7724404364636962	correct_baseline
8153538	2024	1	0.7704100206292237	correct_baseline
8168344	2022	0	0.7488262632927737	correct_baseline
8168344	2023	0	0.6649112819046085	correct_baseline
8168344	2024	0	0.5866760318264642	correct_baseline
8170635	2022	3	1.048860983618546	correct_baseline
8170635	2023	3	1.0499050446124694	correct_baseline
8170635	2024	3	1.0508656008469703	correct_baseline
8183217	2022	1	0.7847618198094574	correct_baseline
8183217	2023	1	0.7773909883869143	correct_baseline
8183217	2024	1	0.7700788811129595	correct_baseline
8190077	2022	1	0.9593915994194582	correct_baseline
8190077	2023	1	0.967635020201257	correct_baseline
8190077	2024	1	0.9750308151606857	correct_baseline
8190231	2022	3	1.2164740082207481	correct_baseline
8190231	2023	3	1.2220697113847188	correct_baseline
8190231	2024	3	1.2271057361157292	correct_baseline
8193111	2022	1	0.9121885004175682	correct_baseline
8193111	2023	1	0.9102736264083358	correct_baseline
8193111	2024	1	0.9083608758487126	correct_baseline
8200663	2022	3	1.1913976927792331	correct_baseline
8200663	2023	3	1.2015455351568882	correct_baseline
8200663	2024	3	1.2114600783911942	correct_baseline
8210972	2022			correct_baseline
8210972	2023			correct_baseline
8210972	2024			correct_baseline
8287616	2022	3	1.0249549073119897	correct_baseline
8287616	2023	3	1.0328146844398032	correct_baseline
8287616	2024	1	0.9890666150376634	correct_baseline
8288647	2022	0	0.8015383537325507	correct_baseline
8288647	2023	0	0.7335634328649138	correct_baseline
8288647	2024	0	0.6649190706397736	correct_baseline
8288930	2022	0	0.7003158842384768	correct_baseline
8288930	2023	0	0.6565194420597584	correct_baseline
8288930	2024	0	0.6145331706895514	correct_baseline
8298495	2022	3	1.1568401408370095	correct_baseline
8298495	2023	3	1.1761303527696996	correct_baseline
8298495	2024	3	1.1953028839149573	correct_baseline
8313153	2022	1	0.9053309532772494	correct_baseline
8313153	2023	1	0.9003531058349811	correct_baseline
8313153	2024	1	0.8953892546180675	correct_baseline
8323485	2022	0	0.6853776746049286	correct_baseline
8323485	2023	0	0.49153562031822995	correct_baseline
8323485	2024	0	0.33889397095880797	correct_baseline
8332019	2022	1	0.9914370184994904	correct_baseline
8332019	2023	1	0.9919963855585908	correct_baseline
8332019	2024	1	0.9918636815797524	correct_baseline
8335191	2022	3	1.029879819904908	correct_baseline
8335191	2023	3	1.048470106099455	correct_baseline
8335191	2024	3	1.0656733488474046	correct_baseline
8342911	2022	1	0.8406982000098521	correct_baseline
8342911	2023	1	0.8518991683383966	correct_baseline
8342911	2024	1	0.862699944529929	correct_baseline
8358048	2022			correct_baseline
8358048	2023			correct_baseline
8358048	2024			correct_baseline
8362005	2022	1	0.984088156227717	correct_baseline
8362005	2023	1	0.9521349352449012	correct_baseline
8362005	2024	1	0.9206442887808135	correct_baseline
8373355	2022	1	0.973283134226569	correct_baseline
8373355	2023	1	0.97466072438984	correct_baseline
8373355	2024	1	0.9754847439609547	correct_baseline
8400045	2022			correct_baseline
8400045	2023			correct_baseline
8400045	2024			correct_baseline
8406661	2022			correct_baseline
8406661	2023			correct_baseline
8406661	2024			correct_baseline
8408816	2022			correct_baseline
8408816	2023			correct_baseline
8408816	2024			correct_baseline
8418338	2022			correct_baseline
8418338	2023			correct_baseline
8418338	2024			correct_baseline
8421432	2022			correct_baseline
8421432	2023			correct_baseline
8421432	2024			correct_baseline
8427624	2022	3	1.2160101886034844	correct_baseline
8427624	2023	3	1.2231737899146378	correct_baseline
8427624	2024	3	1.230011935434576	correct_baseline
8485639	2022	3	1.5354665284668962	correct_baseline
8485639	2023	3	1.6757557409503234	correct_baseline
8485639	2024	3	1.8289722949858358	correct_baseline
8537667	2022	3	1.0879816231993977	correct_baseline
8537667	2023	3	1.121792298406025	correct_baseline
8537667	2024	3	1.1516119280727988	correct_baseline
8542672	2022			correct_baseline
8542672	2023			correct_baseline
8542672	2024			correct_baseline
8584304	2022	3	1.12451419910739	correct_baseline
8584304	2023	3	1.1285415314723037	correct_baseline
8584304	2024	3	1.1325780033583057	correct_baseline
8599762	2022	0	0.5869256140825501	correct_baseline
8599762	2023	0	0.34784618491669306	correct_baseline
8599762	2024	0	0.1884062988415091	correct_baseline
8699607	2022	3	1.0884897899554362	correct_baseline
8699607	2023	3	1.0897731400484865	correct_baseline
8699607	2024	3	1.0908824201426597	correct_baseline
8701771	2022	3	1.8029810072990136	basic
8701771	2023	3	2.068937710732139	basic
8701771	2024	3	2.348937715503742	basic
8740315	2022			basic
8740315	2023			basic
8740315	2024			basic
8741260	2022	3	1.0884921666963978	correct_baseline
8741260	2023	3	1.019256771686132	correct_baseline
8741260	2024	1	0.9520994961659547	correct_baseline
8745918	2022	2	0.8000563696821674	correct_baseline
8745918	2023	2	0.8287143935709366	correct_baseline
8745918	2024	2	0.8559125600138211	correct_baseline
8790531	2022			correct_baseline
8790531	2023			correct_baseline
8790531	2024			correct_baseline
8848208	2022	3	1.0415072413210782	correct_baseline
8848208	2023	3	1.0450354595624676	correct_baseline
8848208	2024	3	1.0485547812778495	correct_baseline
8889878	2022	1	0.8483111317621101	correct_baseline
8889878	2023	1	0.8176722403361368	correct_baseline
8889878	2024	1	0.7879073504149013	correct_baseline
8898408	2022			correct_baseline
8898408	2023			correct_baseline
8898408	2024			correct_baseline
8909595	2022	3	1.0830935570642273	correct_baseline
8909595	2023	3	1.0868759374985257	correct_baseline
8909595	2024	3	1.090579419049147	correct_baseline
8909809	2022			correct_baseline
8909809	2023			correct_baseline
8909809	2024			correct_baseline
8911082	2022	3	1.2210832057091079	correct_baseline
8911082	2023	3	1.2523957204565863	correct_baseline
8911082	2024	3	1.283910767060084	correct_baseline
8946295	2022	1	0.8425683365498147	correct_baseline
8946295	2023	1	0.8100614506853845	correct_baseline
8946295	2024	1	0.778455624447117	correct_baseline
8969026	2022	1	0.8877199597086703	correct_baseline
8969026	2023	1	0.8886520155548051	correct_baseline
8969026	2024	1	0.8893853833690241	correct_baseline
8993502	2022			correct_baseline
8993502	2023			correct_baseline
8993502	2024			correct_baseline
8994150	2022	1	0.9985491043727462	correct_baseline
8994150	2023	1	0.9975377588564773	correct_baseline
8994150	2024	1	0.9965191320655014	correct_baseline
9018536	2022			correct_baseline
9018536	2023			correct_baseline
9018536	2024			correct_baseline
9073641	2022	3	1.0660679659692074	correct_baseline
9073641	2023	3	1.0692006861014371	correct_baseline
9073641	2024	3	1.072308392709829	correct_baseline
9078997	2022			correct_baseline
9078997	2023			correct_baseline
9078997	2024			correct_baseline
9080185	2022	1	0.9935993519944601	correct_baseline
9080185	2023	1	0.9884372296024801	correct_baseline
9080185	2024	1	0.9828383797487479	correct_baseline
9139578	2022			correct_baseline
9139578	2023			correct_baseline
9139578	2024			correct_baseline
9148577	2022	1	0.977430887825512	correct_baseline
9148577	2023	1	0.9787865924858824	correct_baseline
9148577	2024	1	0.9799786580685627	correct_baseline
9151957	2022	3	1.1718494512121524	correct_baseline
9151957	2023	3	1.1862678992733589	correct_baseline
9151957	2024	3	1.2004049889820538	correct_baseline
9153437	2022	2	0.8317352082835192	correct_baseline
9153437	2023	2	0.8517996385493268	correct_baseline
9153437	2024	2	0.8714749896601293	correct_baseline
9177060	2022	0	0.8962519961239163	correct_baseline
9177060	2023	0	0.8490751337740232	correct_baseline
9177060	2024	0	0.803953626912727	correct_baseline
9182765	2022			correct_baseline
9182765	2023			correct_baseline
9182765	2024			correct_baseline
9185677	2022			correct_baseline
9185677	2023			correct_baseline
9185677	2024			correct_baseline
9188840	2022	1	0.9161440535420556	correct_baseline
9188840	2023	1	0.9138242105186777	correct_baseline
9188840	2024	1	0.9114677081218474	correct_baseline
9202318	2022	1	0.950493640861724	correct_baseline
9202318	2023	1	0.9475816715793184	correct_baseline
9202318	2024	1	0.9446741493976123	correct_baseline
9206251	2022	1	0.9315114531221154	correct_baseline
9206251	2023	1	0.9222735830726395	correct_baseline
9206251	2024	1	0.9127632060786245	correct_baseline
9235549	2022	0	0.6388523892956833	correct_baseline
9235549	2023	0	0.6317764700865042	correct_baseline
9235549	2024	0	0.6244160989231957	correct_baseline
9254355	2022			correct_baseline
9254355	2023			correct_baseline
9254355	2024			correct_baseline
9305555	2022	3	1.1071705968879837	correct_baseline
9305555	2023	3	1.1310340393462521	correct_baseline
9305555	2024	3	1.154871736315535	correct_baseline
9326020	2022	1	0.981911667408919	correct_baseline
9326020	2023	1	0.9382009535660795	correct_baseline
9326020	2024	1	0.8945496416100498	correct_baseline
9340142	2022			correct_baseline
9340142	2023			correct_baseline
9340142	2024			correct_baseline
9350124	2022	1	0.6576666942994732	correct_baseline
9350124	2023	1	0.6487733355596508	correct_baseline
9350124	2024	1	0.6399915075306651	correct_baseline
9376410	2022			correct_baseline
9376410	2023			correct_baseline
9376410	2024			correct_baseline
9382645	2022			correct_baseline
9382645	2023			correct_baseline
9382645	2024			correct_baseline
9398259	2022	1	0.9997432453945978	correct_baseline
9398259	2023	1	0.992879877380107	correct_baseline
9398259	2024	1	0.9858739554335579	correct_baseline
9419993	2022	3	1.0482676692837458	correct_baseline
9419993	2023	3	1.0579844946594676	correct_baseline
9419993	2024	3	1.0664329122565284	correct_baseline
9422220	2022	0	0.700706839075242	correct_baseline
9422220	2023	0	0.6909101909100419	correct_baseline
9422220	2024	0	0.681224173512917	correct_baseline
9440906	2022			correct_baseline
9440906	2023			correct_baseline
9440906	2024			correct_baseline
9442269	2022			correct_baseline
9442269	2023			correct_baseline
9442269	2024			correct_baseline
9451184	2022	3	1.0531575818591703	correct_baseline
9451184	2023	1	0.9926492478320238	correct_baseline
9451184	2024	1	0.9326531527186881	correct_baseline
9496048	2022	3	1.029674268536438	correct_baseline
9496048	2023	3	1.0383196079159773	correct_baseline
9496048	2024	3	1.046623866620252	correct_baseline
9508460	2022	0	0.9167040472493354	correct_baseline
9508460	2023	0	0.9108788174395888	correct_baseline
9508460	2024	0	0.9050128149793704	correct_baseline
9520065	2022	0	0.531028527700504	correct_baseline
9520065	2023	0	0.5100367089827759	correct_baseline
9520065	2024	0	0.4898576526586788	correct_baseline
9592414	2022			correct_baseline
9592414	2023			correct_baseline
9592414	2024			correct_baseline
9606290	2022			correct_baseline
9606290	2023			correct_baseline
9606290	2024			correct_baseline
9673106	2022	0	0.6696940719148788	correct_baseline
9673106	2023	0	0.5918294687577512	correct_baseline
9673106	2024	0	0.5178917053799812	correct_baseline
9752149	2022	3	1.0454980620770036	correct_baseline
9752149	2023	3	1.0398227575175105	correct_baseline
9752149	2024	3	1.034068794810155	correct_baseline
9823072	2022	3	1.0768413963751058	correct_baseline
9823072	2023	3	1.0899492956813186	correct_baseline
9823072	2024	3	1.1028608757369132	correct_baseline
9890104	2022	1	0.8196048878129695	correct_baseline
9890104	2023	1	0.7913439257167926	correct_baseline
9890104	2024	1	0.7637381664570765	correct_baseline
10071055	2022	1	0.9487651129091444	correct_baseline
10071055	2023	1	0.945455091660033	correct_baseline
10071055	2024	1	0.9421464526236137	correct_baseline
10095118	2022	0	0.6237332475375522	correct_baseline
10095118	2023	0	0.5443269171162854	correct_baseline
10095118	2024	0	0.4731586532620583	correct_baseline
10755213	2022	1	0.7720612110234046	correct_baseline
10755213	2023	1	0.7425524691963222	correct_baseline
10755213	2024	1	0.7135775985824886	correct_baseline
10769750	2022	1	0.8144355237967945	correct_baseline
10769750	2023	1	0.8102483114209647	correct_baseline
10769750	2024	1	0.8060620537660212	correct_baseline
10786206	2022	1	0.8905185391079091	correct_baseline
10786206	2023	1	0.8960915461163045	correct_baseline
10786206	2024	1	0.9011196256880037	correct_baseline
10801424	2022			correct_baseline
10801424	2023			correct_baseline
10801424	2024			correct_baseline
10852031	2022			correct_baseline
10852031	2023			correct_baseline
10852031	2024			correct_baseline
10902460	2022	0	0.713822296631168	correct_baseline
10902460	2023	0	0.7023871657329367	correct_baseline
10902460	2024	0	0.6908674354526453	correct_baseline
10953644	2022			correct_baseline
10953644	2023			correct_baseline
10953644	2024			correct_baseline
11007246	2022	1	0.9074099960180548	correct_baseline
11007246	2023	1	0.9026859542488866	correct_baseline
11007246	2024	1	0.8977963888441884	correct_baseline
11064584	2022			correct_baseline
11064584	2023			correct_baseline
11064584	2024			correct_baseline
11104870	2022			correct_baseline
11104870	2023			correct_baseline
11104870	2024			correct_baseline
11162940	2022	0	0.8345481349560855	correct_baseline
11162940	2023	0	0.8304122620888512	correct_baseline
11162940	2024	0	0.8262919390569985	correct_baseline
11742641	2022	3	1.0384543155633552	correct_baseline
11742641	2023	3	1.0696445348361867	correct_baseline
11742641	2024	3	1.0985301649503505	correct_baseline
11921804	2022			correct_baseline
11921804	2023			correct_baseline
11921804	2024			correct_baseline
12187916	2022	1	0.7518345958974748	correct_baseline
12187916	2023	1	0.7390069507451006	correct_baseline
12187916	2024	1	0.7261547812176118	correct_baseline
