taxonKey	year	em_status	growth	method
1017419	2022	3	1.8055150427054003	correct_baseline
1017419	2023	3	1.7508656788609158	correct_baseline
1017419	2024	3	1.6303354139283375	correct_baseline
1031394	2022	1	0.8308659872263444	correct_baseline
1031394	2023	1	0.791677772606446	correct_baseline
1031394	2024	1	0.754070099795688	correct_baseline
1031400	2022	0	0.2710692529565826	correct_baseline
1031400	2023	0	0.2078005414270448	correct_baseline
1031400	2024	0	0.15920284962528722	correct_baseline
1031684	2022	3	1.061712212428981	correct_baseline
1031684	2023	3	1.0416052514157288	correct_baseline
1031684	2024	3	1.0212938689169848	correct_baseline
1031742	2022			correct_baseline
1031742	2023			correct_baseline
1031742	2024			correct_baseline
1047536	2022	3	1.091198861893314	correct_baseline
1047536	2023	3	1.0198506773231986	correct_baseline
1047536	2024	1	0.9522919542794073	correct_baseline
1095946	2022			correct_baseline
1095946	2023			correct_baseline
1095946	2024			correct_baseline
1111797	2022			correct_baseline
1111797	2023			correct_baseline
1111797	2024			correct_baseline
1309600	2022	0	0.5547998777706203	correct_baseline
1309600	2023	0	0.4373066372473438	correct_baseline
1309600	2024	0	0.3407964758317367	correct_baseline
1309606	2022			correct_baseline
1309606	2023			correct_baseline
1309606	2024			correct_baseline
1309652	2022	1	0.8346597393096625	correct_baseline
1309652	2023	1	0.8612665749191063	correct_baseline
1309652	2024	1	0.7874144098931987	correct_baseline
1311477	2022	3	2.2720891580654095	correct_baseline
1311477	2023	3	2.3793590500527833	correct_baseline
1311477	2024	3	2.4907574552339944	correct_baseline
1316908	2022			correct_baseline
1316908	2023			correct_baseline
1316908	2024			correct_baseline
1346919	2022	0	0.6044245135072479	correct_baseline
1346919	2023	0	0.23324139334746744	correct_baseline
1346919	2024	0	0.08224357987329346	correct_baseline
1411953	2022			correct_baseline
1411953	2023			correct_baseline
1411953	2024			correct_baseline
1421091	2022	3	1.2321403831483564	correct_baseline
1421091	2023	3	1.2072990921840476	correct_baseline
1421091	2024	3	1.1825806006890711	correct_baseline
1577153	2022			correct_baseline
1577153	2023			correct_baseline
1577153	2024			correct_baseline
1579447	2022	3	1.6494878018763668	correct_baseline
1579447	2023	3	1.6609168445412603	correct_baseline
1579447	2024	3	1.6427164363718567	correct_baseline
1622599	2022	0	0.502034352882644	correct_baseline
1622599	2023	0	0.3974011772569306	correct_baseline
1622599	2024	0	0.302745408737524	correct_baseline
1622658	2022			correct_baseline
1622658	2023			correct_baseline
1622658	2024			correct_baseline
1626096	2022			correct_baseline
1626096	2023			correct_baseline
1626096	2024			correct_baseline
1651430	2022			correct_baseline
1651430	2023			correct_baseline
1651430	2024			correct_baseline
1652212	2022			correct_baseline
1652212	2023			correct_baseline
1652212	2024			correct_baseline
1690429	2022	1	0.8802486941594675	correct_baseline
1690429	2023	1	0.8606861869408143	correct_baseline
1690429	2024	1	0.8414900235813525	correct_baseline
1702101	2022			correct_baseline
1702101	2023			correct_baseline
1702101	2024			correct_baseline
1713034	2022			correct_baseline
1713034	2023			correct_baseline
1713034	2024			correct_baseline
1718308	2022	3	1.1569033470479255	correct_baseline
1718308	2023	3	1.1627533315540617	correct_baseline
1718308	2024	3	1.1685997400788344	correct_baseline
1719204	2022			correct_baseline
1719204	2023			correct_baseline
1719204	2024			correct_baseline
1722299	2022			correct_baseline
1722299	2023			correct_baseline
1722299	2024			correct_baseline
1737131	2022			correct_baseline
1737131	2023			correct_baseline
1737131	2024			correct_baseline
1749449	2022	1	0.9569436725824795	correct_baseline
1749449	2023	1	0.8555268479304879	correct_baseline
1749449	2024	1	0.7559186325881541	correct_baseline
1749580	2022	1	0.8519224004719236	correct_baseline
1749580	2023	1	0.8225689837875926	correct_baseline
1749580	2024	1	0.7939272730600321	correct_baseline
1751299	2022	1	0.9433739805495949	correct_baseline
1751299	2023	1	0.9229210077133384	correct_baseline
1751299	2024	1	0.9027198278528901	correct_baseline
1798504	2022			correct_baseline
1798504	2023			correct_baseline
1798504	2024			correct_baseline
1830823	2022			correct_baseline
1830823	2023			correct_baseline
1830823	2024			correct_baseline
1852787	2022			correct_baseline
1852787	2023			correct_baseline
1852787	2024			correct_baseline
1852831	2022			correct_baseline
1852831	2023			correct_baseline
1852831	2024			correct_baseline
1873890	2022			correct_baseline
1873890	2023			correct_baseline
1873890	2024			correct_baseline
1873903	2022			correct_baseline
1873903	2023			correct_baseline
1873903	2024			correct_baseline
1885213	2022			correct_baseline
1885213	2023			correct_baseline
1885213	2024			correct_baseline
1891245	2022			correct_baseline
1891245	2023			correct_baseline
1891245	2024			correct_baseline
1920491	2022			correct_baseline
1920491	2023			correct_baseline
1920491	2024			correct_baseline
1941864	2022			correct_baseline
1941864	2023			correct_baseline
1941864	2024			correct_baseline
1997215	2022	2	1.5774486821265352	correct_baseline
1997215	2023	2	1.2234769148112363	correct_baseline
1997215	2024	0	0.8411639286633789	correct_baseline
1998083	2022			correct_baseline
1998083	2023			correct_baseline
1998083	2024			correct_baseline
1998599	2022			correct_baseline
1998599	2023			correct_baseline
1998599	2024			correct_baseline
2000152	2022			correct_baseline
2000152	2023			correct_baseline
2000152	2024			correct_baseline
2000204	2022	3	1.2972800637269277	correct_baseline
2000204	2023	3	1.1132548826488922	correct_baseline
2000204	2024	1	0.8930462232217454	correct_baseline
2008616	2022			correct_baseline
2008616	2023			correct_baseline
2008616	2024			correct_baseline
2020655	2022	3	1.5784737227184347	correct_baseline
2020655	2023	3	1.5828020809332108	correct_baseline
2020655	2024	3	1.584236514171393	correct_baseline
2020686	2022	1	0.9816181658367031	correct_baseline
2020686	2023	1	0.956559720131045	correct_baseline
2020686	2024	1	0.9320050716562194	correct_baseline
2020779	2022			correct_baseline
2020779	2023			correct_baseline
2020779	2024			correct_baseline
2026623	2022			correct_baseline
2026623	2023			correct_baseline
2026623	2024			correct_baseline
2029273	2022			correct_baseline
2029273	2023			correct_baseline
2029273	2024			correct_baseline
2037925	2022	3	1.4911681515300768	correct_baseline
2037925	2023	3	1.4055556641520617	correct_baseline
2037925	2024	3	1.3070886424798946	correct_baseline
2037991	2022			correct_baseline
2037991	2023			correct_baseline
2037991	2024			correct_baseline
2038171	2022	1	0.9761380557922086	correct_baseline
2038171	2023	1	0.9546009354275997	correct_baseline
2038171	2024	1	0.9332066855118654	correct_baseline
2041682	2022	0	0.9684932644686796	correct_baseline
2041682	2023	0	0.9219522359871428	correct_baseline
2041682	2024	0	0.8775826902672568	correct_baseline
2049661	2022	1	0.8828820936060405	correct_baseline
2049661	2023	1	0.7335825249642984	correct_baseline
2049661	2024	1	0.5944559262679368	correct_baseline
2072196	2022			correct_baseline
2072196	2023			correct_baseline
2072196	2024			correct_baseline
2077985	2022			correct_baseline
2077985	2023			correct_baseline
2077985	2024			correct_baseline
2078259	2022			correct_baseline
2078259	2023			correct_baseline
2078259	2024			correct_baseline
2078852	2022	2	1.5421598279886728	correct_baseline
2078852	2023	2	1.284452712449713	correct_baseline
2078852	2024	2	1.053854554426996	correct_baseline
2080592	2022			correct_baseline
2080592	2023			correct_baseline
2080592	2024			correct_baseline
2095283	2022			correct_baseline
2095283	2023			correct_baseline
2095283	2024			correct_baseline
2115769	2022	1	0.9013827717375683	basic
2115769	2023	1	0.8624674348564325	basic
2115769	2024	1	0.8248278724594136	basic
2128502	2022			correct_baseline
2128502	2023			correct_baseline
2128502	2024			correct_baseline
2142456	2022	0	0.7228513248206949	correct_baseline
2142456	2023	0	0.6635709168740599	correct_baseline
2142456	2024	0	0.6084620041686953	correct_baseline
2149679	2022	0	0.725250319158356	correct_baseline
2149679	2023	0	0.5701752343633568	correct_baseline
2149679	2024	0	0.4390307821483786	correct_baseline
2153287	2022	3	1.8128486065136473	correct_baseline
2153287	2023	3	1.873280907313889	correct_baseline
2153287	2024	3	1.9258976845352695	correct_baseline
2157203	2022			correct_baseline
2157203	2023			correct_baseline
2157203	2024			correct_baseline
2157245	2022	0	0.5778486298691412	correct_baseline
2157245	2023	0	0.5073015179819765	correct_baseline
2157245	2024	0	0.4449798650068692	correct_baseline
2164198	2022			correct_baseline
2164198	2023			correct_baseline
2164198	2024			correct_baseline
2169430	2022			correct_baseline
2169430	2023			correct_baseline
2169430	2024			correct_baseline
2174528	2022	0	0.9356799738242709	correct_baseline
2174528	2023	0	0.5042806789544567	correct_baseline
2174528	2024	0	0.22039259351113455	correct_baseline
2176858	2022			correct_baseline
2176858	2023			correct_baseline
2176858	2024			correct_baseline
2177741	2022	1	0.94444283954966	correct_baseline
2177741	2023	1	0.9228176607151282	correct_baseline
2177741	2024	1	0.9007489786997452	correct_baseline
2211599	2022			correct_baseline
2211599	2023			correct_baseline
2211599	2024			correct_baseline
2217982	2022	3	1.7603169683024829	correct_baseline
2217982	2023	3	2.0956092417284564	correct_baseline
2217982	2024	3	2.4946908909655723	correct_baseline
2220312	2022			correct_baseline
2220312	2023			correct_baseline
2220312	2024			correct_baseline
2220347	2022	3	1.2411509691082407	correct_baseline
2220347	2023	3	1.2127296410059119	correct_baseline
2220347	2024	3	1.172483914676872	correct_baseline
2225772	2022	3	1.183632289168581	correct_baseline
2225772	2023	3	1.1638677329904903	correct_baseline
2225772	2024	3	1.1440886957408751	correct_baseline
2225776	2022	3	1.0304011327823368	correct_baseline
2225776	2023	3	1.0156967232341252	correct_baseline
2225776	2024	1	1.0011681762284714	correct_baseline
2227289	2022	3	1.2805628277121903	correct_baseline
2227289	2023	3	1.2563221645991454	correct_baseline
2227289	2024	3	1.2284377605627481	correct_baseline
2227300	2022	3	1.3605774652560316	correct_baseline
2227300	2023	3	1.376101811277006	correct_baseline
2227300	2024	3	1.391527718186523	correct_baseline
2227663	2022	3	1.01957741869805	correct_baseline
2227663	2023	3	1.0336797075936561	correct_baseline
2227663	2024	3	1.0478063211880926	correct_baseline
2286388	2022			correct_baseline
2286388	2023			correct_baseline
2286388	2024			correct_baseline
2287072	2022	1	0.8603657754739459	correct_baseline
2287072	2023	1	0.8495759827895272	correct_baseline
2287072	2024	1	0.8388913121387571	correct_baseline
2287073	2022			correct_baseline
2287073	2023			correct_baseline
2287073	2024			correct_baseline
2288926	2022			correct_baseline
2288926	2023			correct_baseline
2288926	2024			correct_baseline
2294275	2022			correct_baseline
2294275	2023			correct_baseline
2294275	2024			correct_baseline
2294277	2022	1	0.8851937927846468	correct_baseline
2294277	2023	1	0.8599476192026935	correct_baseline
2294277	2024	1	0.8350958751596108	correct_baseline
2294284	2022			correct_baseline
2294284	2023			correct_baseline
2294284	2024			correct_baseline
2295442	2022	3	1.168762726837829	correct_baseline
2295442	2023	3	1.213725324922865	correct_baseline
2295442	2024	3	1.2511561299370095	correct_baseline
2296807	2022	1	0.5538930759681822	correct_baseline
2296807	2023	1	0.49665350840606237	correct_baseline
2296807	2024	1	0.4450196493417712	correct_baseline
2297108	2022	0	0.5629016318049602	correct_baseline
2297108	2023	0	0.5221629532112537	correct_baseline
2297108	2024	0	0.484094611652603	correct_baseline
2307726	2022			correct_baseline
2307726	2023			correct_baseline
2307726	2024			correct_baseline
2320810	2022			correct_baseline
2320810	2023			correct_baseline
2320810	2024			correct_baseline
2327735	2022	1	0.9390448559649546	correct_baseline
2327735	2023	1	0.9342534233233034	correct_baseline
2327735	2024	1	0.9293502834950801	correct_baseline
2337607	2022	0	0.5864277810959277	basic
2337607	2023	0	0.5242634595049561	basic
2337607	2024	0	0.4678238837210152	basic
2362030	2022	1	0.8815423256490058	basic
2362030	2023	1	0.8554990011548774	basic
2362030	2024	1	0.8298930407265842	basic
2362868	2022	1	1.0045997949975194	basic
2362868	2023	1	1.0000032747508807	basic
2362868	2024	1	0.9950484386918842	basic
2366634	2022	1	1.0003854640732275	basic
2366634	2023	1	0.999903765552423	basic
2366634	2024	1	0.9991830135931525	basic
2367742	2022			basic
2367742	2023			basic
2367742	2024			basic
2367911	2022			basic
2367911	2023			basic
2367911	2024			basic
2379089	2022	0	0.8496202640624154	basic
2379089	2023	0	0.7745950995547438	basic
2379089	2024	0	0.7012068835262016	basic
2379245	2022			basic
2379245	2023			basic
2379245	2024			basic
2382155	2022	1	0.9343595853449891	basic
2382155	2023	1	0.9253892854064117	basic
2382155	2024	0	0.9164961382566582	basic
2394486	2022	3	1.123737148810042	basic
2394486	2023	3	1.128728946228889	basic
2394486	2024	3	1.1334231338427714	basic
2426640	2022	0	0.14252114138244687	correct_baseline
2426640	2023	0	0.12434893728844026	correct_baseline
2426640	2024	0	0.10848794272316613	correct_baseline
2426661	2022	3	1.295655208062795	correct_baseline
2426661	2023	3	1.3702563146279092	correct_baseline
2426661	2024	3	1.4489126778556665	correct_baseline
2427091	2022	0	0.6683985288283856	correct_baseline
2427091	2023	1	0.6443082567443892	correct_baseline
2427091	2024	1	0.6208749717016622	correct_baseline
2435035	2022	1	0.9351684275630716	correct_baseline
2435035	2023	1	0.8910421211321107	correct_baseline
2435035	2024	1	0.848532674285989	correct_baseline
2436940	2022	3	1.5250296245473745	correct_baseline
2436940	2023	3	1.5887803997964731	correct_baseline
2436940	2024	3	1.6549287549347131	correct_baseline
2437282	2022			correct_baseline
2437282	2023			correct_baseline
2437282	2024			correct_baseline
2437397	2022			correct_baseline
2437397	2023			correct_baseline
2437397	2024			correct_baseline
2437450	2022	1	0.949086170355189	correct_baseline
2437450	2023	1	0.9353393534523136	correct_baseline
2437450	2024	1	0.9216657792275293	correct_baseline
2437619	2022			correct_baseline
2437619	2023			correct_baseline
2437619	2024			correct_baseline
2439261	2022	3	1.4285383839844161	correct_baseline
2439261	2023	3	1.4474619193992853	correct_baseline
2439261	2024	3	1.46631526135888	correct_baseline
2439270	2022	3	1.0975004289941779	correct_baseline
2439270	2023	3	1.1064203733511377	correct_baseline
2439270	2024	3	1.115244020425425	correct_baseline
2440196	2022			correct_baseline
2440196	2023			correct_baseline
2440196	2024			correct_baseline
2440946	2022	0	0.8541500749251725	correct_baseline
2440946	2023	0	0.7941769773542902	correct_baseline
2440946	2024	0	0.7380343269927074	correct_baseline
2440954	2022			correct_baseline
2440954	2023			correct_baseline
2440954	2024			correct_baseline
2441905	2022			correct_baseline
2441905	2023			correct_baseline
2441905	2024			correct_baseline
2443002	2022			correct_baseline
2443002	2023			correct_baseline
2443002	2024			correct_baseline
2445034	2022			correct_baseline
2445034	2023			correct_baseline
2445034	2024			correct_baseline
2455615	2022			correct_baseline
2455615	2023			correct_baseline
2455615	2024			correct_baseline
2469188	2022	1	0.7970401824419325	correct_baseline
2469188	2023	1	0.7805002219361142	correct_baseline
2469188	2024	1	0.7623424403248987	correct_baseline
2473341	2022	1	0.9816797065201722	correct_baseline
2473341	2023	1	0.910118592683724	correct_baseline
2473341	2024	1	0.8366244458554254	correct_baseline
2473477	2022	1	0.9355936547209368	correct_baseline
2473477	2023	1	0.890375876611394	correct_baseline
2473477	2024	1	0.8461097662372775	correct_baseline
2474029	2022			correct_baseline
2474029	2023			correct_baseline
2474029	2024			correct_baseline
2474051	2022	1	0.9665463682385174	correct_baseline
2474051	2023	1	0.9603275384182408	correct_baseline
2474051	2024	1	0.9539056781420714	correct_baseline
2474416	2022			correct_baseline
2474416	2023			correct_baseline
2474416	2024			correct_baseline
2474936	2022			correct_baseline
2474936	2023			correct_baseline
2474936	2024			correct_baseline
2475235	2022			correct_baseline
2475235	2023			correct_baseline
2475235	2024			correct_baseline
2475648	2022			correct_baseline
2475648	2023			correct_baseline
2475648	2024			correct_baseline
2479226	2022	3	1.0923348099744494	correct_baseline
2479226	2023	3	1.0882968552432128	correct_baseline
2479226	2024	3	1.084202136741386	correct_baseline
2479311	2022			correct_baseline
2479311	2023			correct_baseline
2479311	2024			correct_baseline
2479329	2022	1	0.9589979581387457	correct_baseline
2479329	2023	1	0.9500247238210817	correct_baseline
2479329	2024	1	0.940796277811622	correct_baseline
2479407	2022	3	1.1230482734566785	correct_baseline
2479407	2023	3	1.134933753741628	correct_baseline
2479407	2024	3	1.1464951948975928	correct_baseline
2479544	2022			correct_baseline
2479544	2023			correct_baseline
2479544	2024			correct_baseline
2479798	2022	1	0.9810374162565267	correct_baseline
2479798	2023	1	0.9646413838696603	correct_baseline
2479798	2024	1	0.9484004734221746	correct_baseline
2479804	2022			correct_baseline
2479804	2023			correct_baseline
2479804	2024			correct_baseline
2479925	2022			correct_baseline
2479925	2023			correct_baseline
2479925	2024			correct_baseline
2479977	2022	1	0.909019461382191	correct_baseline
2479977	2023	1	0.8829188291697607	correct_baseline
2479977	2024	1	0.8573126824898482	correct_baseline
2480372	2022	0	0.41947335687457393	correct_baseline
2480372	2023	0	0.3550764871115199	correct_baseline
2480372	2024	0	0.30045984998494857	correct_baseline
2480410	2022	3	1.099748277245203	correct_baseline
2480410	2023	3	1.094181041227992	correct_baseline
2480410	2024	3	1.0883454420105072	correct_baseline
2480446	2022			correct_baseline
2480446	2023			correct_baseline
2480446	2024			correct_baseline
2480491	2022	0	0.860003550494197	correct_baseline
2480491	2023	0	0.8567374403095951	correct_baseline
2480491	2024	0	0.8533052017592505	correct_baseline
2480524	2022	0	0.4430482491325998	correct_baseline
2480524	2023	0	0.40682770736788126	correct_baseline
2480524	2024	0	0.37343893120719823	correct_baseline
2480685	2022			correct_baseline
2480685	2023			correct_baseline
2480685	2024			correct_baseline
2480764	2022	0	0.728033265010493	correct_baseline
2480764	2023	0	0.6851157080814286	correct_baseline
2480764	2024	0	0.6443736716113989	correct_baseline
2480773	2022	1	1.0099946104584092	correct_baseline
2480773	2023	3	1.0161917403596128	correct_baseline
2480773	2024	3	1.022258972030425	correct_baseline
2480906	2022	1	0.8883167814591434	correct_baseline
2480906	2023	1	0.8862871252840724	correct_baseline
2480906	2024	1	0.884118532724046	correct_baseline
2481062	2022	1	0.8954020122091882	correct_baseline
2481062	2023	1	0.892422455222539	correct_baseline
2481062	2024	1	0.8894148570028039	correct_baseline
2481134	2022	1	0.8233795777632018	correct_baseline
2481134	2023	1	0.8216940581904958	correct_baseline
2481134	2024	1	0.8198019203863285	correct_baseline
2481263	2022	0	0.8248854659753811	correct_baseline
2481263	2023	0	0.8207672006330654	correct_baseline
2481263	2024	0	0.816606097346136	correct_baseline
2481670	2022			correct_baseline
2481670	2023			correct_baseline
2481670	2024			correct_baseline
2481703	2022	0	0.6823426607241803	correct_baseline
2481703	2023	0	0.6722377300557584	correct_baseline
2481703	2024	0	0.6621746462170086	correct_baseline
2481719	2022	0	0.788994636853246	correct_baseline
2481719	2023	0	0.7793368687265518	correct_baseline
2481719	2024	0	0.7696097299585354	correct_baseline
2481744	2022	0	0.7473759948228963	correct_baseline
2481744	2023	0	0.7390742645467014	correct_baseline
2481744	2024	0	0.7308043232166298	correct_baseline
2481959	2022	0	0.8564078163310188	correct_baseline
2481959	2023	0	0.8513464651192372	correct_baseline
2481959	2024	0	0.846296909854134	correct_baseline
2481962	2022	0	0.8272994211130287	correct_baseline
2481962	2023	0	0.8232227320502383	correct_baseline
2481962	2024	0	0.8191151249426197	correct_baseline
2484605	2022	0	0.5088008773065908	correct_baseline
2484605	2023	0	0.47741848549447397	correct_baseline
2484605	2024	0	0.44764833004419596	correct_baseline
2486132	2022			correct_baseline
2486132	2023			correct_baseline
2486132	2024			correct_baseline
2489075	2022			correct_baseline
2489075	2023			correct_baseline
2489075	2024			correct_baseline
2490384	2022			correct_baseline
2490384	2023			correct_baseline
2490384	2024			correct_baseline
2492867	2022	0	0.756157933710954	correct_baseline
2492867	2023	0	0.7511709708804507	correct_baseline
2492867	2024	0	0.7461371888398535	correct_baseline
2493618	2022			correct_baseline
2493618	2023			correct_baseline
2493618	2024			correct_baseline
2493633	2022	1	0.824775541861259	correct_baseline
2493633	2023	1	0.750405561565725	correct_baseline
2493633	2024	1	0.680316020528796	correct_baseline
2494303	2022	3	1.0815698509179328	correct_baseline
2494303	2023	3	1.0592896875011482	correct_baseline
2494303	2024	3	1.0370097077305036	correct_baseline
2495414	2022	3	1.200277297162551	correct_baseline
2495414	2023	3	1.2021604641703258	correct_baseline
2495414	2024	3	1.2038850083346893	correct_baseline
2495494	2022	1	1.0018369408905916	correct_baseline
2495494	2023	1	0.9346734839238451	correct_baseline
2495494	2024	1	0.8660387753757988	correct_baseline
2498015	2022	1	0.986253861269603	correct_baseline
2498015	2023	1	0.976424042465311	correct_baseline
2498015	2024	1	0.9666066967430802	correct_baseline
2498026	2022	0	0.5461540153062071	correct_baseline
2498026	2023	0	0.5114001809290409	correct_baseline
2498026	2024	0	0.4786978207864431	correct_baseline
2498034	2022	1	0.9893944986456379	correct_baseline
2498034	2023	1	0.9859044891357526	correct_baseline
2498034	2024	1	0.9823345042408879	correct_baseline
2498035	2022	1	0.9886699956334307	correct_baseline
2498035	2023	1	0.9823389062437096	correct_baseline
2498035	2024	1	0.9760107083577123	correct_baseline
2498046	2022	3	1.0118993710841322	correct_baseline
2498046	2023	1	1.0065224222300375	correct_baseline
2498046	2024	1	1.0010776558019787	correct_baseline
2498090	2022	0	0.9051060371696108	correct_baseline
2498090	2023	0	0.8956604321836948	correct_baseline
2498090	2024	0	0.8862607342390811	correct_baseline
2498161	2022	3	1.1327294921447562	correct_baseline
2498161	2023	3	1.1429625297414403	correct_baseline
2498161	2024	3	1.1531118226827435	correct_baseline
2498163	2022	1	0.9107989995222112	correct_baseline
2498163	2023	1	0.8943118478026338	correct_baseline
2498163	2024	1	0.8779824687733255	correct_baseline
2498167	2022	0	0.836725812360355	correct_baseline
2498167	2023	0	0.8310597793008201	correct_baseline
2498167	2024	0	0.8253928703719509	correct_baseline
2498252	2022	3	1.018572892113549	correct_baseline
2498252	2023	1	1.0078350227291792	correct_baseline
2498252	2024	1	0.9971493259302324	correct_baseline
2498259	2022	0	0.6662617550935633	correct_baseline
2498259	2023	0	0.6431090208083879	correct_baseline
2498259	2024	0	0.6206649895442555	correct_baseline
2498305	2022	0	0.7208158624684626	correct_baseline
2498305	2023	0	0.7007040644593902	correct_baseline
2498305	2024	0	0.6810301683167712	correct_baseline
2498329	2022	3	1.0247565791550175	correct_baseline
2498329	2023	3	1.0231576318548026	correct_baseline
2498329	2024	3	1.020913697706833	correct_baseline
2498344	2022	3	1.0218291384736524	correct_baseline
2498344	2023	3	1.0217475391075947	correct_baseline
2498344	2024	3	1.021616839006688	correct_baseline
2498384	2022	1	1.0077548886538803	correct_baseline
2498384	2023	1	0.9976028187309123	correct_baseline
2498384	2024	1	0.9874463494661734	correct_baseline
2498387	2022	1	0.9694365010713617	correct_baseline
2498387	2023	1	0.9480230866273534	correct_baseline
2498387	2024	1	0.9268412386203024	correct_baseline
2498388	2022	1	1.0082918285811155	correct_baseline
2498388	2023	1	1.0039778935191122	correct_baseline
2498388	2024	1	0.9996201769717088	correct_baseline
2498402	2022	1	0.9888012492080047	correct_baseline
2498402	2023	1	0.9772330318884916	correct_baseline
2498402	2024	1	0.9656870750827689	correct_baseline
2498408	2022	1	0.9294587294267217	correct_baseline
2498408	2023	1	0.9236403475843037	correct_baseline
2498408	2024	1	0.9177365573313453	correct_baseline
2501248	2022			correct_baseline
2501248	2023			correct_baseline
2501248	2024			correct_baseline
2502810	2022			basic
2502810	2023			basic
2502810	2024			basic
2515351	2022			correct_baseline
2515351	2023			correct_baseline
2515351	2024			correct_baseline
2516075	2022	1	0.8718460811946239	correct_baseline
2516075	2023	1	0.8622822597316406	correct_baseline
2516075	2024	1	0.8527864322043845	correct_baseline
2516419	2022	1	0.8402833050120414	correct_baseline
2516419	2023	1	0.8161523527440199	correct_baseline
2516419	2024	1	0.791753172944948	correct_baseline
2516809	2022	1	0.8146080465717038	correct_baseline
2516809	2023	1	0.7929187621862713	correct_baseline
2516809	2024	1	0.7715960598920232	correct_baseline
2537743	2022			correct_baseline
2537743	2023			correct_baseline
2537743	2024			correct_baseline
2598552	2022	0	0.8014613898201295	correct_baseline
2598552	2023	0	0.7848991325779018	correct_baseline
2598552	2024	0	0.7686583202753435	correct_baseline
2650107	2022	3	1.1327871655228074	correct_baseline
2650107	2023	3	1.1373258971004492	correct_baseline
2650107	2024	3	1.1418107645406508	correct_baseline
2650827	2022	3	1.024134703735707	correct_baseline
2650827	2023	1	1.0061574328254455	correct_baseline
2650827	2024	1	0.9882927896800977	correct_baseline
2650829	2022	3	1.045707957669892	correct_baseline
2650829	2023	3	1.043252023515521	correct_baseline
2650829	2024	3	1.0406416035485004	correct_baseline
2650903	2022	0	0.774904064417026	correct_baseline
2650903	2023	0	0.7185657737841349	correct_baseline
2650903	2024	0	0.6655104962906866	correct_baseline
2651122	2022			correct_baseline
2651122	2023			correct_baseline
2651122	2024			correct_baseline
2651816	2022	1	0.9318803461991694	correct_baseline
2651816	2023	1	0.9103659020718604	correct_baseline
2651816	2024	1	0.888787751241594	correct_baseline
2651826	2022	1	0.9785934580434805	correct_baseline
2651826	2023	1	0.9712619543357213	correct_baseline
2651826	2024	1	0.9639097366279883	correct_baseline
2677047	2022	3	1.0111541991303685	correct_baseline
2677047	2023	1	1.0094546404506959	correct_baseline
2677047	2024	1	1.0077175790401698	correct_baseline
2683866	2022	3	1.0273511246651936	correct_baseline
2683866	2023	3	1.022164597150591	correct_baseline
2683866	2024	3	1.016652272081359	correct_baseline
2684171	2022	1	0.9060238909999313	correct_baseline
2684171	2023	1	0.8992449541658275	correct_baseline
2684171	2024	1	0.8924473144444148	correct_baseline
2684178	2022	1	0.6552097115822509	correct_baseline
2684178	2023	1	0.6395243309913097	correct_baseline
2684178	2024	1	0.623888472652099	correct_baseline
2684191	2022	1	0.7732522030684804	correct_baseline
2684191	2023	1	0.7664937611185539	correct_baseline
2684191	2024	1	0.759767997680887	correct_baseline
2684984	2022			correct_baseline
2684984	2023			correct_baseline
2684984	2024			correct_baseline
2685361	2022	1	0.8484333719660405	correct_baseline
2685361	2023	1	0.8443712119989624	correct_baseline
2685361	2024	1	0.8402715406385666	correct_baseline
2685484	2022	1	0.9407633941886359	correct_baseline
2685484	2023	1	0.9383267362763887	correct_baseline
2685484	2024	1	0.9358607065289812	correct_baseline
2685552	2022	1	0.6096032843106723	correct_baseline
2685552	2023	1	0.5942115962768088	correct_baseline
2685552	2024	1	0.5789531698336075	correct_baseline
2685796	2022	1	0.8557139444367311	correct_baseline
2685796	2023	1	0.8389884849370319	correct_baseline
2685796	2024	1	0.8222854568061673	correct_baseline
2686157	2022	1	0.9798523084555723	correct_baseline
2686157	2023	1	0.9802955079823019	correct_baseline
2686157	2024	1	0.9807209685892564	correct_baseline
2686212	2022	1	0.8962003147498324	correct_baseline
2686212	2023	1	0.893934844878811	correct_baseline
2686212	2024	1	0.8916592668674748	correct_baseline
2687182	2022			correct_baseline
2687182	2023			correct_baseline
2687182	2024			correct_baseline
2687210	2022	3	1.0480040329720945	correct_baseline
2687210	2023	3	1.0442880956798297	correct_baseline
2687210	2024	3	1.040369659497206	correct_baseline
2687885	2022			correct_baseline
2687885	2023			correct_baseline
2687885	2024			correct_baseline
2688189	2022	1	0.9203402986764814	correct_baseline
2688189	2023	1	0.882716045824711	correct_baseline
2688189	2024	1	0.8461399385796183	correct_baseline
2700768	2022			correct_baseline
2700768	2023			correct_baseline
2700768	2024			correct_baseline
2701578	2022	1	0.9764128569729056	correct_baseline
2701578	2023	1	0.9794914316574096	correct_baseline
2701578	2024	1	0.9820818018019535	correct_baseline
2701612	2022			correct_baseline
2701612	2023			correct_baseline
2701612	2024			correct_baseline
2701879	2022			correct_baseline
2701879	2023			correct_baseline
2701879	2024			correct_baseline
2701986	2022	3	1.06961175959863	correct_baseline
2701986	2023	3	1.0740440531142232	correct_baseline
2701986	2024	3	1.0784816531590267	correct_baseline
2702058	2022	1	0.8082832545841748	correct_baseline
2702058	2023	0	0.7874092867924173	correct_baseline
2702058	2024	0	0.7668041704942573	correct_baseline
2702084	2022	3	1.1126170908542992	correct_baseline
2702084	2023	3	1.1182251257595957	correct_baseline
2702084	2024	3	1.1237380088218205	correct_baseline
2702727	2022	1	0.9843291492816593	correct_baseline
2702727	2023	1	0.981313215444719	correct_baseline
2702727	2024	1	0.9782056805545392	correct_baseline
2702792	2022			correct_baseline
2702792	2023			correct_baseline
2702792	2024			correct_baseline
2702808	2022	3	1.2093829563814844	correct_baseline
2702808	2023	3	1.2289164613646963	correct_baseline
2702808	2024	3	1.2486091734181717	correct_baseline
2702816	2022	1	0.9242963572849178	correct_baseline
2702816	2023	1	0.907718948666924	correct_baseline
2702816	2024	1	0.8911637797452967	correct_baseline
2702822	2022	1	0.9150433612885681	correct_baseline
2702822	2023	1	0.9010045823482853	correct_baseline
2702822	2024	1	0.8868391146853775	correct_baseline
2703663	2022	1	0.889570977118822	correct_baseline
2703663	2023	1	0.8845491024536772	correct_baseline
2703663	2024	1	0.8795256582439219	correct_baseline
2703670	2022	1	0.9724662685862426	correct_baseline
2703670	2023	1	0.9658116208717482	correct_baseline
2703670	2024	1	0.9588669124609348	correct_baseline
2703698	2022	1	0.8495312746899553	correct_baseline
2703698	2023	1	0.8162906549676573	correct_baseline
2703698	2024	1	0.7839676112996822	correct_baseline
2703721	2022	3	1.0456635415494002	correct_baseline
2703721	2023	3	1.0441820007980864	correct_baseline
2703721	2024	3	1.0424332575435238	correct_baseline
2703723	2022	3	1.0814976326428503	correct_baseline
2703723	2023	3	1.0849980389469256	correct_baseline
2703723	2024	3	1.0884029348293751	correct_baseline
2703740	2022			correct_baseline
2703740	2023			correct_baseline
2703740	2024			correct_baseline
2703760	2022	3	1.0363538209304608	correct_baseline
2703760	2023	3	1.0293962525071512	correct_baseline
2703760	2024	3	1.0223164771485116	correct_baseline
2704038	2022	3	1.1013029947650326	correct_baseline
2704038	2023	3	1.1276744437826636	correct_baseline
2704038	2024	3	1.154313012235726	correct_baseline
2704194	2022	0	0.42533303887085716	correct_baseline
2704194	2023	0	0.392712645409187	correct_baseline
2704194	2024	0	0.35427407718501336	correct_baseline
2704394	2022	1	0.9655874317233183	correct_baseline
2704394	2023	1	0.9653738666568891	correct_baseline
2704394	2024	1	0.9649664053137174	correct_baseline
2704523	2022	3	1.0812627023355843	correct_baseline
2704523	2023	3	1.0660111080428296	correct_baseline
2704523	2024	3	1.050656767386728	correct_baseline
2704757	2022	3	1.130514099566944	correct_baseline
2704757	2023	3	1.1325891120396987	correct_baseline
2704757	2024	3	1.1343957819900108	correct_baseline
2704949	2022	3	1.0869960140624824	correct_baseline
2704949	2023	3	1.0835296929095393	correct_baseline
2704949	2024	3	1.0800390038440184	correct_baseline
2705031	2022			correct_baseline
2705031	2023			correct_baseline
2705031	2024			correct_baseline
2705081	2022	3	1.0373090282707385	correct_baseline
2705081	2023	3	1.0416636783683952	correct_baseline
2705081	2024	3	1.0458421876963935	correct_baseline
2705090	2022	3	1.0986907931365866	correct_baseline
2705090	2023	3	1.1017835414719412	correct_baseline
2705090	2024	3	1.104876077383515	correct_baseline
2705144	2022	1	0.9888550734471734	correct_baseline
2705144	2023	1	0.9881296004757355	correct_baseline
2705144	2024	1	0.987070454850964	correct_baseline
2705162	2022	3	1.0548922112848353	correct_baseline
2705162	2023	3	1.055429958400728	correct_baseline
2705162	2024	3	1.0559584536915225	correct_baseline
2705181	2022	3	1.311009351620447	correct_baseline
2705181	2023	3	1.3273742342099437	correct_baseline
2705181	2024	3	1.3439296393363311	correct_baseline
2705185	2022	3	1.0819611796782218	correct_baseline
2705185	2023	3	1.0769614035846924	correct_baseline
2705185	2024	3	1.0717844622120842	correct_baseline
2705290	2022	3	1.152623897860319	correct_baseline
2705290	2023	3	1.1572286661867304	correct_baseline
2705290	2024	3	1.161829238841529	correct_baseline
2705295	2022			correct_baseline
2705295	2023			correct_baseline
2705295	2024			correct_baseline
2705300	2022			correct_baseline
2705300	2023			correct_baseline
2705300	2024			correct_baseline
2705369	2022	1	0.8492937420359042	correct_baseline
2705369	2023	1	0.8443990853611624	correct_baseline
2705369	2024	1	0.8392140608885202	correct_baseline
2705378	2022	1	0.9400903604901654	correct_baseline
2705378	2023	1	0.9406940393251614	correct_baseline
2705378	2024	1	0.9411514374796612	correct_baseline
2705400	2022	1	0.8357810184375583	correct_baseline
2705400	2023	1	0.8076932111242386	correct_baseline
2705400	2024	1	0.7803426785034514	correct_baseline
2705401	2022	1	0.9868457927919493	correct_baseline
2705401	2023	1	0.9824825574536478	correct_baseline
2705401	2024	1	0.97812669937306	correct_baseline
2705449	2022	3	1.0217781207927756	correct_baseline
2705449	2023	3	1.0210303507465441	correct_baseline
2705449	2024	3	1.020275422980372	correct_baseline
2705953	2022	1	0.987575870994285	correct_baseline
2705953	2023	1	0.9881953484228178	correct_baseline
2705953	2024	1	0.988523918953127	correct_baseline
2705966	2022	1	0.9640433020905057	correct_baseline
2705966	2023	1	0.9325104348607064	correct_baseline
2705966	2024	1	0.9015866366356692	correct_baseline
2705972	2022	3	1.0395602505556358	correct_baseline
2705972	2023	3	1.042487299943566	correct_baseline
2705972	2024	3	1.0454050889181035	correct_baseline
2706002	2022	1	0.8815412011134215	correct_baseline
2706002	2023	1	0.8792200289780745	correct_baseline
2706002	2024	1	0.8766447061074704	correct_baseline
2706026	2022	0	0.7352271721298025	correct_baseline
2706026	2023	0	0.6970025950656618	correct_baseline
2706026	2024	0	0.6604988519098973	correct_baseline
2706052	2022	0	0.8083615501861314	correct_baseline
2706052	2023	0	0.7901714872334537	correct_baseline
2706052	2024	0	0.7721805574572541	correct_baseline
2706056	2022	0	0.948406118177333	correct_baseline
2706056	2023	0	0.8921493618976417	correct_baseline
2706056	2024	0	0.8388787746950631	correct_baseline
2715482	2022	3	1.3248612079410453	correct_baseline
2715482	2023	3	1.337552882653969	correct_baseline
2715482	2024	3	1.350195928435283	correct_baseline
2716226	2022	3	1.2797700603432793	correct_baseline
2716226	2023	3	1.2908207068839044	correct_baseline
2716226	2024	3	1.3019384652635302	correct_baseline
2716838	2022	3	1.167680789327147	correct_baseline
2716838	2023	3	1.2416617245462758	correct_baseline
2716838	2024	3	1.3183609906640004	correct_baseline
2717467	2022			correct_baseline
2717467	2023			correct_baseline
2717467	2024			correct_baseline
2718377	2022			correct_baseline
2718377	2023			correct_baseline
2718377	2024			correct_baseline
2722515	2022	0	0.5054301298746336	correct_baseline
2722515	2023	0	0.40185634361061945	correct_baseline
2722515	2024	0	0.31773972467230066	correct_baseline
2726360	2022			correct_baseline
2726360	2023			correct_baseline
2726360	2024			correct_baseline
2726538	2022			correct_baseline
2726538	2023			correct_baseline
2726538	2024			correct_baseline
2726539	2022			correct_baseline
2726539	2023			correct_baseline
2726539	2024			correct_baseline
2739071	2022	1	0.998506457932112	correct_baseline
2739071	2023	1	0.9307999105149812	correct_baseline
2739071	2024	1	0.8658402179605507	correct_baseline
2747489	2022			correct_baseline
2747489	2023			correct_baseline
2747489	2024			correct_baseline
2747564	2022	3	1.1719128925578701	correct_baseline
2747564	2023	3	1.1160131956407422	correct_baseline
2747564	2024	3	1.0607889780367807	correct_baseline
2747567	2022	3	1.3092865862314773	correct_baseline
2747567	2023	3	1.3249776656521268	correct_baseline
2747567	2024	3	1.3407249061546769	correct_baseline
2747718	2022			correct_baseline
2747718	2023			correct_baseline
2747718	2024			correct_baseline
2747750	2022	1	0.8436700320864354	correct_baseline
2747750	2023	1	0.8000571292656102	correct_baseline
2747750	2024	1	0.7568970307814341	correct_baseline
2747939	2022	3	1.2502336369509819	correct_baseline
2747939	2023	3	1.2647923022087446	correct_baseline
2747939	2024	3	1.2789636228970058	correct_baseline
2762737	2022			correct_baseline
2762737	2023			correct_baseline
2762737	2024			correct_baseline
2765156	2022	3	1.0459683108267959	correct_baseline
2765156	2023	3	1.042765532552561	correct_baseline
2765156	2024	3	1.039453046539252	correct_baseline
2765272	2022	3	1.3210590723548128	correct_baseline
2765272	2023	3	1.3328675672343586	correct_baseline
2765272	2024	3	1.3446360272951965	correct_baseline
2766030	2022	3	1.1195488740144075	correct_baseline
2766030	2023	3	1.1091317998470398	correct_baseline
2766030	2024	3	1.0985127866613542	correct_baseline
2767271	2022	0	0.5383540089452096	correct_baseline
2767271	2023	0	0.30057679873800025	correct_baseline
2767271	2024	0	0.14564847413362608	correct_baseline
2767275	2022	0	0.7892760866180942	correct_baseline
2767275	2023	0	0.5460149973896263	correct_baseline
2767275	2024	0	0.347013995896953	correct_baseline
2767428	2022			correct_baseline
2767428	2023			correct_baseline
2767428	2024			correct_baseline
2772082	2022			correct_baseline
2772082	2023			correct_baseline
2772082	2024			correct_baseline
2772094	2022	0	0.7757855135615356	correct_baseline
2772094	2023	0	0.7285672759651791	correct_baseline
2772094	2024	0	0.6839935093638435	correct_baseline
2772174	2022	3	1.1428864831354697	correct_baseline
2772174	2023	3	1.1499675245478334	correct_baseline
2772174	2024	3	1.1569855465437615	correct_baseline
2772666	2022	3	1.2461274383709835	correct_baseline
2772666	2023	3	1.2504952061370551	correct_baseline
2772666	2024	3	1.2542450491921766	correct_baseline
2773281	2022			correct_baseline
2773281	2023			correct_baseline
2773281	2024			correct_baseline
2773453	2022	3	1.0852855993200925	correct_baseline
2773453	2023	3	1.088171809848066	correct_baseline
2773453	2024	3	1.0908568014111217	correct_baseline
2775530	2022			correct_baseline
2775530	2023			correct_baseline
2775530	2024			correct_baseline
2775619	2022	1	0.9466296978907252	correct_baseline
2775619	2023	1	0.9015781055377246	correct_baseline
2775619	2024	1	0.8576766653284471	correct_baseline
2781074	2022	3	1.300635838802269	correct_baseline
2781074	2023	3	1.3131571231207109	correct_baseline
2781074	2024	3	1.325697755308312	correct_baseline
2781103	2022	1	0.9723442092759913	correct_baseline
2781103	2023	1	0.9746977914865712	correct_baseline
2781103	2024	1	0.9769591376460827	correct_baseline
2840931	2022	3	1.0117922871403096	correct_baseline
2840931	2023	3	1.017011833812768	correct_baseline
2840931	2024	3	1.021920970514878	correct_baseline
2855338	2022			correct_baseline
2855338	2023			correct_baseline
2855338	2024			correct_baseline
2855356	2022	3	1.162506902371345	correct_baseline
2855356	2023	3	1.1596586384727043	correct_baseline
2855356	2024	3	1.1566442904930867	correct_baseline
2855398	2022	1	0.9534697528324714	correct_baseline
2855398	2023	1	0.8678986611556071	correct_baseline
2855398	2024	1	0.77650119811730145	correct_baseline
2855439	2022	1	0.8828245601994423	correct_baseline
2855439	2023	1	0.8319973818204058	correct_baseline
2855439	2024	1	0.7835742558702319	correct_baseline
2855705	2022			correct_baseline
2855705	2023			correct_baseline
2855705	2024			correct_baseline
2855823	2022			correct_baseline
2855823	2023			correct_baseline
2855823	2024			correct_baseline
2855825	2022			correct_baseline
2855825	2023			correct_baseline
2855825	2024			correct_baseline
2855860	2022	3	1.1780374578066888	correct_baseline
2855860	2023	3	1.1844480430591706	correct_baseline
2855860	2024	3	1.190864994491389	correct_baseline
2855893	2022			correct_baseline
2855893	2023			correct_baseline
2855893	2024			correct_baseline
2856457	2022	1	1.0050635739964988	correct_baseline
2856457	2023	1	0.9566089387007126	correct_baseline
2856457	2024	1	0.9081327749813948	correct_baseline
2856780	2022			correct_baseline
2856780	2023			correct_baseline
2856780	2024			correct_baseline
2856920	2022			correct_baseline
2856920	2023			correct_baseline
2856920	2024			correct_baseline
2857017	2022			correct_baseline
2857017	2023			correct_baseline
2857017	2024			correct_baseline
2857697	2022	1	0.9253459980254655	correct_baseline
2857697	2023	1	0.9231312811997129	correct_baseline
2857697	2024	1	0.9208628025881396	correct_baseline
2858581	2022	1	1.0039981448994053	correct_baseline
2858581	2023	1	0.9996947193481179	correct_baseline
2858581	2024	1	0.9951766180810893	correct_baseline
2858963	2022			correct_baseline
2858963	2023			correct_baseline
2858963	2024			correct_baseline
2859597	2022	0	0.6574691627689782	correct_baseline
2859597	2023	0	0.5728781787956405	correct_baseline
2859597	2024	0	0.49583908842266355	correct_baseline
2865448	2022	1	0.932698693653129	correct_baseline
2865448	2023	1	0.9326963442199092	correct_baseline
2865448	2024	1	0.9326868257408294	correct_baseline
2865524	2022			correct_baseline
2865524	2023			correct_baseline
2865524	2024			correct_baseline
2865565	2022	1	0.8294533018129705	correct_baseline
2865565	2023	1	0.8189778671448977	correct_baseline
2865565	2024	1	0.8082969616826922	correct_baseline
2866850	2022			correct_baseline
2866850	2023			correct_baseline
2866850	2024			correct_baseline
2867614	2022	1	0.9503581790193528	correct_baseline
2867614	2023	1	0.9285703691463226	correct_baseline
2867614	2024	1	0.9070487431915634	correct_baseline
2867631	2022	0	0.6117504024687632	correct_baseline
2867631	2023	0	0.4684149266842972	correct_baseline
2867631	2024	0	0.35500626182877976	correct_baseline
2868827	2022			correct_baseline
2868827	2023			correct_baseline
2868827	2024			correct_baseline
2869311	2022	0	0.7877197653736081	correct_baseline
2869311	2023	0	0.6117971446224482	correct_baseline
2869311	2024	0	0.46215876000370043	correct_baseline
2869597	2022			correct_baseline
2869597	2023			correct_baseline
2869597	2024			correct_baseline
2870583	2022	0	0.6532684970886233	correct_baseline
2870583	2023	0	0.5190503394584578	correct_baseline
2870583	2024	0	0.4072195290693039	correct_baseline
2873769	2022	3	1.0829406774987476	correct_baseline
2873769	2023	3	1.086320482310951	correct_baseline
2873769	2024	3	1.0896335076069683	correct_baseline
2873861	2022	3	1.2242136892033728	correct_baseline
2873861	2023	3	1.2367710971633246	correct_baseline
2873861	2024	3	1.2488952033372893	correct_baseline
2873877	2022	0	0.8565990785850878	correct_baseline
2873877	2023	0	0.7736373567235406	correct_baseline
2873877	2024	0	0.6966255367898259	correct_baseline
2873926	2022			correct_baseline
2873926	2023			correct_baseline
2873926	2024			correct_baseline
2873991	2022	1	1.0049767939698273	correct_baseline
2873991	2023	1	0.9839049437104942	correct_baseline
2873991	2024	1	0.962696597691592	correct_baseline
2874199	2022	1	0.9507332119714711	correct_baseline
2874199	2023	1	0.9136456606499574	correct_baseline
2874199	2024	1	0.877202434078014	correct_baseline
2874508	2022	0	0.8125517216155883	correct_baseline
2874508	2023	0	0.7701826867182571	correct_baseline
2874508	2024	0	0.7294635494107304	correct_baseline
2874570	2022	1	0.9484231515055366	correct_baseline
2874570	2023	1	0.9447503910101631	correct_baseline
2874570	2024	1	0.9410361018454396	correct_baseline
2874621	2022	1	0.981942177610498	correct_baseline
2874621	2023	1	0.9648693034907074	correct_baseline
2874621	2024	1	0.947209557437331	correct_baseline
2874706	2022	1	0.9175852002943551	correct_baseline
2874706	2023	1	0.9058619795703288	correct_baseline
2874706	2024	1	0.89409703837652	correct_baseline
2875968	2022	1	0.8770114269415584	correct_baseline
2875968	2023	1	0.8117234158283047	correct_baseline
2875968	2024	1	0.7499398400469784	correct_baseline
2876049	2022	3	1.1236268636307325	correct_baseline
2876049	2023	3	1.129466102626604	correct_baseline
2876049	2024	3	1.1352705480419616	correct_baseline
2876571	2022	1	0.7943102744011414	correct_baseline
2876571	2023	1	0.7829659358705945	correct_baseline
2876571	2024	1	0.7713498963260735	correct_baseline
2876607	2022	3	1.167266737024907	correct_baseline
2876607	2023	3	1.1718678418535378	correct_baseline
2876607	2024	3	1.176398952272564	correct_baseline
2879098	2022	2	1.1124870657280153	correct_baseline
2879098	2023	0	0.9400039992508662	correct_baseline
2879098	2024	0	0.7763489865453961	correct_baseline
2879520	2022	3	1.1006902800724827	correct_baseline
2879520	2023	3	1.106322010017791	correct_baseline
2879520	2024	3	1.111898276384848	correct_baseline
2880539	2022	3	1.219621757021296	correct_baseline
2880539	2023	3	1.2376402504574984	correct_baseline
2880539	2024	3	1.2555809551340171	correct_baseline
2880580	2022	3	1.0612123207185151	correct_baseline
2880580	2023	3	1.0219206511786487	correct_baseline
2880580	2024	1	0.9829715998515488	correct_baseline
2882841	2022			correct_baseline
2882841	2023			correct_baseline
2882841	2024			correct_baseline
2882849	2022	3	1.0908031696042357	correct_baseline
2882849	2023	3	1.0815832670375025	correct_baseline
2882849	2024	3	1.071426772710583	correct_baseline
2888323	2022	3	1.047720074585027	correct_baseline
2888323	2023	3	1.0130770190229241	correct_baseline
2888323	2024	1	0.9785435646970962	correct_baseline
2888380	2022	3	1.5970448597743172	correct_baseline
2888380	2023	3	1.6257857310006447	correct_baseline
2888380	2024	3	1.6549183130988383	correct_baseline
2888435	2022			correct_baseline
2888435	2023			correct_baseline
2888435	2024			correct_baseline
2888437	2022			correct_baseline
2888437	2023			correct_baseline
2888437	2024			correct_baseline
2888439	2022	3	1.3039683306515093	correct_baseline
2888439	2023	3	1.31433333465784	correct_baseline
2888439	2024	3	1.324374151275994	correct_baseline
2888513	2022	3	1.100408093597337	correct_baseline
2888513	2023	3	1.1014409967344232	correct_baseline
2888513	2024	3	1.1023255691270457	correct_baseline
2888553	2022	1	0.9339122084225182	correct_baseline
2888553	2023	1	0.9306460723527206	correct_baseline
2888553	2024	1	0.9268793172055789	correct_baseline
2888564	2022			correct_baseline
2888564	2023			correct_baseline
2888564	2024			correct_baseline
2888579	2022	1	0.9402998693942473	correct_baseline
2888579	2023	1	0.8559867575129874	correct_baseline
2888579	2024	1	0.7733427152522288	correct_baseline
2888585	2022	0	0.7143704415387425	correct_baseline
2888585	2023	0	0.5328495648317702	correct_baseline
2888585	2024	0	0.3925994829762311	correct_baseline
2888622	2022	1	0.8661093118231145	correct_baseline
2888622	2023	1	0.7741495845364761	correct_baseline
2888622	2024	1	0.6836499495623731	correct_baseline
2888625	2022	3	1.1130295557694745	correct_baseline
2888625	2023	3	1.116669437197266	correct_baseline
2888625	2024	3	1.1201640834734574	correct_baseline
2888636	2022	1	0.9193400923847193	correct_baseline
2888636	2023	1	0.9194770022264839	correct_baseline
2888636	2024	1	0.919479329681623	correct_baseline
2888740	2022	3	1.1634242442984963	correct_baseline
2888740	2023	3	1.1491790626758966	correct_baseline
2888740	2024	3	1.1346481956865164	correct_baseline
2888797	2022	1	0.98318066163317	correct_baseline
2888797	2023	1	0.9669314921966663	correct_baseline
2888797	2024	1	0.9459806245503045	correct_baseline
2888806	2022	3	1.1064043539349544	correct_baseline
2888806	2023	3	1.0666705193867516	correct_baseline
2888806	2024	3	1.0246819088349455	correct_baseline
2888814	2022	3	1.108366774178613	correct_baseline
2888814	2023	3	1.1023132416128978	correct_baseline
2888814	2024	3	1.095497962907826	correct_baseline
2888859	2022	3	1.0325923171373923	correct_baseline
2888859	2023	1	0.9147717972042868	correct_baseline
2888859	2024	1	0.8048200763283526	correct_baseline
2888867	2022	1	0.8537872471498293	correct_baseline
2888867	2023	1	0.8160702598585472	correct_baseline
2888867	2024	1	0.7791279183060118	correct_baseline
2889019	2022	1	0.9266726082911253	correct_baseline
2889019	2023	1	0.9184066962083698	correct_baseline
2889019	2024	1	0.9100029909300629	correct_baseline
2889023	2022	0	0.6709592524221032	correct_baseline
2889023	2023	0	0.6275325176664036	correct_baseline
2889023	2024	0	0.5863504060976386	correct_baseline
2889037	2022			correct_baseline
2889037	2023			correct_baseline
2889037	2024			correct_baseline
2889088	2022	3	1.0664347712932811	correct_baseline
2889088	2023	3	1.06853402619229	correct_baseline
2889088	2024	3	1.070627121304712	correct_baseline
2889173	2022	3	1.1818339224766814	correct_baseline
2889173	2023	3	1.1919656478478962	correct_baseline
2889173	2024	3	1.202051483390345	correct_baseline
2889229	2022	3	1.1805216759310975	correct_baseline
2889229	2023	3	1.1911629695704453	correct_baseline
2889229	2024	3	1.2018339748270728	correct_baseline
2889304	2022	3	1.1325703168535295	correct_baseline
2889304	2023	3	1.1542461455241009	correct_baseline
2889304	2024	3	1.1756459980257445	correct_baseline
2889358	2022			correct_baseline
2889358	2023			correct_baseline
2889358	2024			correct_baseline
2889373	2022	3	1.3639340834222404	correct_baseline
2889373	2023	3	1.3767519486053232	correct_baseline
2889373	2024	3	1.3895118147793362	correct_baseline
2889378	2022	3	1.034118166335865	correct_baseline
2889378	2023	3	1.0356874947942694	correct_baseline
2889378	2024	3	1.0371483215015913	correct_baseline
2889934	2022	1	0.9909389974151109	correct_baseline
2889934	2023	1	0.9429611712138999	correct_baseline
2889934	2024	1	0.8965613806145728	correct_baseline
2890013	2022			correct_baseline
2890013	2023			correct_baseline
2890013	2024			correct_baseline
2890035	2022	3	1.0216613365293359	correct_baseline
2890035	2023	1	0.983674093931727	correct_baseline
2890035	2024	1	0.9463044515432767	correct_baseline
2890122	2022	3	1.4098290642895377	correct_baseline
2890122	2023	3	1.4543423728612865	correct_baseline
2890122	2024	3	1.4999865412212923	correct_baseline
2890287	2022	3	1.321952917917363	correct_baseline
2890287	2023	3	1.3355269646022896	correct_baseline
2890287	2024	3	1.3490936885616385	correct_baseline
2890502	2022	3	1.177728131503297	correct_baseline
2890502	2023	3	1.1844694633045991	correct_baseline
2890502	2024	3	1.1912024774388785	correct_baseline
2890541	2022	3	1.1498607196773578	correct_baseline
2890541	2023	3	1.1548400998410695	correct_baseline
2890541	2024	3	1.159686716163616	correct_baseline
2890739	2022			correct_baseline
2890739	2023			correct_baseline
2890739	2024			correct_baseline
2890995	2022			correct_baseline
2890995	2023			correct_baseline
2890995	2024			correct_baseline
2891079	2022	0	0.6988475617543577	correct_baseline
2891079	2023	0	0.5303327903379657	correct_baseline
2891079	2024	0	0.399851508999584	correct_baseline
2891390	2022	3	1.164309025208666	correct_baseline
2891390	2023	3	1.1688615813150325	correct_baseline
2891390	2024	3	1.1728934708618803	correct_baseline
2891664	2022	1	0.8725548104988416	correct_baseline
2891664	2023	1	0.7321903339713557	correct_baseline
2891664	2024	1	0.606582168212874	correct_baseline
2891677	2022	0	0.6389179153068852	correct_baseline
2891677	2023	0	0.32188855610851913	correct_baseline
2891677	2024	0	0.14294359574014398	correct_baseline
2891707	2022	3	1.2525734161345854	correct_baseline
2891707	2023	3	1.2618568557349363	correct_baseline
2891707	2024	3	1.2711654653729092	correct_baseline
2891755	2022	3	1.121067605297709	correct_baseline
2891755	2023	3	1.1232190271542675	correct_baseline
2891755	2024	3	1.1248191040694024	correct_baseline
2891770	2022	3	1.1369258395960284	correct_baseline
2891770	2023	3	1.1376050165486618	correct_baseline
2891770	2024	3	1.1380850037897896	correct_baseline
2891774	2022	3	1.2801603260636918	correct_baseline
2891774	2023	3	1.3521807000033885	correct_baseline
2891774	2024	3	1.4256869679186974	correct_baseline
2891782	2022	3	1.1559133301327362	correct_baseline
2891782	2023	3	1.150554723379105	correct_baseline
2891782	2024	3	1.1449831857380544	correct_baseline
2891783	2022	3	1.0738919795291464	correct_baseline
2891783	2023	3	1.077363984387364	correct_baseline
2891783	2024	3	1.0806825868152314	correct_baseline
2913169	2022	3	1.06612310704061	correct_baseline
2913169	2023	3	1.0692401986828517	correct_baseline
2913169	2024	3	1.0716959460226902	correct_baseline
2913219	2022			correct_baseline
2913219	2023			correct_baseline
2913219	2024			correct_baseline
2914404	2022			correct_baseline
2914404	2023			correct_baseline
2914404	2024			correct_baseline
2914590	2022	3	1.2163668619879653	correct_baseline
2914590	2023	3	1.2255149488061088	correct_baseline
2914590	2024	3	1.2337145397351557	correct_baseline
2925366	2022	3	1.0117904181294237	correct_baseline
2925366	2023	3	1.0143387649170648	correct_baseline
2925366	2024	3	1.0168092181495667	correct_baseline
2925496	2022			correct_baseline
2925496	2023			correct_baseline
2925496	2024			correct_baseline
2925514	2022	3	1.1683589816404585	correct_baseline
2925514	2023	3	1.15303329893535	correct_baseline
2925514	2024	3	1.1376123129906843	correct_baseline
2925527	2022	3	1.2661979073634921	correct_baseline
2925527	2023	3	1.291071571013725	correct_baseline
2925527	2024	3	1.3155337077450642	correct_baseline
2925756	2022	1	0.9725276996783846	correct_baseline
2925756	2023	1	0.9698491959718074	correct_baseline
2925756	2024	1	0.9671360873752243	correct_baseline
2925816	2022	0	0.8033660425883502	correct_baseline
2925816	2023	0	0.5117937076289928	correct_baseline
2925816	2024	0	0.30504451118980747	correct_baseline
2925870	2022	3	1.2321421341783638	correct_baseline
2925870	2023	3	1.2391329061264067	correct_baseline
2925870	2024	3	1.2460780526440765	correct_baseline
2925895	2022	3	1.0655698708941144	correct_baseline
2925895	2023	1	0.9540684623187236	correct_baseline
2925895	2024	1	0.851479778606504	correct_baseline
2926042	2022	3	1.1371288275955123	correct_baseline
2926042	2023	3	1.1644681195179172	correct_baseline
2926042	2024	3	1.1905501173429915	correct_baseline
2926045	2022	0	0.9621990967786429	correct_baseline
2926045	2023	0	0.883840244686919	correct_baseline
2926045	2024	0	0.8105969701766692	correct_baseline
2926048	2022	0	0.5220689795288642	correct_baseline
2926048	2023	0	0.262463070088896	correct_baseline
2926048	2024	0	0.1205910808916307	correct_baseline
2926066	2022	3	1.0457157626093834	correct_baseline
2926066	2023	3	1.0473852462024187	correct_baseline
2926066	2024	3	1.0489802095211374	correct_baseline
2926110	2022	3	1.4578440392720298	correct_baseline
2926110	2023	3	1.4764252307135761	correct_baseline
2926110	2024	3	1.4952287960934671	correct_baseline
2926130	2022	3	1.1874705991918793	correct_baseline
2926130	2023	3	1.1570320301560815	correct_baseline
2926130	2024	3	1.1269441242709075	correct_baseline
2926572	2022	3	1.0601903844672471	correct_baseline
2926572	2023	3	1.0641389537810866	correct_baseline
2926572	2024	3	1.0674054645149411	correct_baseline
2926681	2022			correct_baseline
2926681	2023			correct_baseline
2926681	2024			correct_baseline
2926885	2022			correct_baseline
2926885	2023			correct_baseline
2926885	2024			correct_baseline
2926992	2022	3	1.2104610903372803	correct_baseline
2926992	2023	3	1.1750162730584748	correct_baseline
2926992	2024	3	1.139228393608489	correct_baseline
2926995	2022	3	1.1562501509359857	correct_baseline
2926995	2023	3	1.165151390676886	correct_baseline
2926995	2024	3	1.174086743968693	correct_baseline
2927000	2022			correct_baseline
2927000	2023			correct_baseline
2927000	2024			correct_baseline
2927004	2022	1	0.8204975295629066	correct_baseline
2927004	2023	1	0.757374547367583	correct_baseline
2927004	2024	1	0.6979627959934884	correct_baseline
2927028	2022	3	1.2304234942737802	correct_baseline
2927028	2023	3	1.2328473364384172	correct_baseline
2927028	2024	3	1.234513702034358	correct_baseline
2927174	2022	1	0.9630377812430109	correct_baseline
2927174	2023	1	0.942184984691937	correct_baseline
2927174	2024	1	0.9208945575154017	correct_baseline
2927220	2022	1	0.9614523112744686	correct_baseline
2927220	2023	1	0.9702999421189382	correct_baseline
2927220	2024	1	0.9786806294437639	correct_baseline
2927230	2022	0	0.8187261768272103	correct_baseline
2927230	2023	0	0.6785324946045063	correct_baseline
2927230	2024	0	0.559345092408477	correct_baseline
2927305	2022	0	0.9253171103966905	correct_baseline
2927305	2023	0	0.8536269233946121	correct_baseline
2927305	2024	0	0.7862238285092942	correct_baseline
2927727	2022			correct_baseline
2927727	2023			correct_baseline
2927727	2024			correct_baseline
2927744	2022			correct_baseline
2927744	2023			correct_baseline
2927744	2024			correct_baseline
2927850	2022	3	1.0234872066388443	correct_baseline
2927850	2023	3	1.0215406630847732	correct_baseline
2927850	2024	3	1.0187955479521593	correct_baseline
2928026	2022	3	1.0877055452197948	correct_baseline
2928026	2023	3	1.0429126035503777	correct_baseline
2928026	2024	1	0.9974160346946261	correct_baseline
2928034	2022			correct_baseline
2928034	2023			correct_baseline
2928034	2024			correct_baseline
2928226	2022	2	1.1179650684650986	correct_baseline
2928226	2023	2	1.0547197401360306	correct_baseline
2928226	2024	0	0.9945945845128052	correct_baseline
2928238	2022			correct_baseline
2928238	2023			correct_baseline
2928238	2024			correct_baseline
2928538	2022	1	0.8894816619407256	correct_baseline
2928538	2023	1	0.8859499279264015	correct_baseline
2928538	2024	1	0.8824118495847765	correct_baseline
2928576	2022	3	1.1994070220232416	correct_baseline
2928576	2023	3	1.187825315455522	correct_baseline
2928576	2024	3	1.174419673839675	correct_baseline
2928668	2022			correct_baseline
2928668	2023			correct_baseline
2928668	2024			correct_baseline
2928751	2022	3	1.2423229443895167	correct_baseline
2928751	2023	3	1.2501107238142093	correct_baseline
2928751	2024	3	1.2577390037755685	correct_baseline
2928755	2022	1	0.9652969180938911	correct_baseline
2928755	2023	1	0.9601902993531173	correct_baseline
2928755	2024	1	0.9550160157169908	correct_baseline
2928759	2022			correct_baseline
2928759	2023			correct_baseline
2928759	2024			correct_baseline
2928761	2022	1	0.9593787269185209	correct_baseline
2928761	2023	1	0.9426149512966979	correct_baseline
2928761	2024	1	0.925544242038343	correct_baseline
2928767	2022			correct_baseline
2928767	2023			correct_baseline
2928767	2024			correct_baseline
2928774	2022	1	0.9360024907621164	correct_baseline
2928774	2023	1	0.8890030072336544	correct_baseline
2928774	2024	1	0.8431599892348505	correct_baseline
2928775	2022			correct_baseline
2928775	2023			correct_baseline
2928775	2024			correct_baseline
2928835	2022	3	1.1215279521136765	correct_baseline
2928835	2023	3	1.1265546367111656	correct_baseline
2928835	2024	3	1.131158102609354	correct_baseline
2928859	2022	3	1.103254192730579	correct_baseline
2928859	2023	3	1.1072047209575187	correct_baseline
2928859	2024	3	1.1110811930940072	correct_baseline
2929505	2022	1	0.9571827762095514	correct_baseline
2929505	2023	1	0.9575791095098617	correct_baseline
2929505	2024	1	0.9579249721804836	correct_baseline
2929800	2022	3	1.0116173156486725	correct_baseline
2929800	2023	3	1.0118757708539354	correct_baseline
2929800	2024	3	1.011392151897188	correct_baseline
2930137	2022	3	1.1020999631203434	correct_baseline
2930137	2023	3	1.1016472163483035	correct_baseline
2930137	2024	3	1.1009946150668757	correct_baseline
2930222	2022	1	0.9278512529088699	correct_baseline
2930222	2023	1	0.9198006855399328	correct_baseline
2930222	2024	1	0.9110083640263957	correct_baseline
2930262	2022	3	1.033711467737082	correct_baseline
2930262	2023	3	1.0124073554810555	correct_baseline
2930262	2024	1	0.9910046896391357	correct_baseline
2930805	2022	3	1.0873685110312066	correct_baseline
2930805	2023	3	1.0902674196070403	correct_baseline
2930805	2024	3	1.0931332402544818	correct_baseline
2931104	2022			correct_baseline
2931104	2023			correct_baseline
2931104	2024			correct_baseline
2931237	2022	3	1.0455221090664772	correct_baseline
2931237	2023	3	1.0454980126123723	correct_baseline
2931237	2024	3	1.0452454674975142	correct_baseline
2932147	2022	3	1.0297501862189737	correct_baseline
2932147	2023	3	1.0306209060349374	correct_baseline
2932147	2024	3	1.031472850948579	correct_baseline
2932184	2022	1	0.8711139615409812	correct_baseline
2932184	2023	1	0.8681111760929768	correct_baseline
2932184	2024	1	0.8651040159719021	correct_baseline
2932872	2022	3	1.066406558360565	correct_baseline
2932872	2023	3	1.0679040892023077	correct_baseline
2932872	2024	3	1.0693957561939693	correct_baseline
2932944	2022			correct_baseline
2932944	2023			correct_baseline
2932944	2024			correct_baseline
2943190	2022	1	0.8638312263431152	correct_baseline
2943190	2023	1	0.8596005031122811	correct_baseline
2943190	2024	1	0.8553280056545213	correct_baseline
2947311	2022			correct_baseline
2947311	2023			correct_baseline
2947311	2024			correct_baseline
2956441	2022	3	1.0698848073677945	correct_baseline
2956441	2023	3	1.0700559431737928	correct_baseline
2956441	2024	3	1.0694606237661943	correct_baseline
2959443	2022	0	0.9251133547723708	correct_baseline
2959443	2023	0	0.8508728285935946	correct_baseline
2959443	2024	0	0.7812089791956575	correct_baseline
2963569	2022			correct_baseline
2963569	2023			correct_baseline
2963569	2024			correct_baseline
2963817	2022	3	1.0811572435619694	correct_baseline
2963817	2023	3	1.0849003500575842	correct_baseline
2963817	2024	3	1.0885804743448326	correct_baseline
2964025	2022	3	1.1071258309981247	correct_baseline
2964025	2023	3	1.117506466535113	correct_baseline
2964025	2024	3	1.126412847122142	correct_baseline
2964355	2022	3	1.2528707935892291	correct_baseline
2964355	2023	3	1.2708348508949399	correct_baseline
2964355	2024	3	1.2885751608899183	correct_baseline
2965331	2022	3	1.1620998857562677	correct_baseline
2965331	2023	3	1.1663998717456396	correct_baseline
2965331	2024	3	1.170403967068872	correct_baseline
2965354	2022	0	0.870664330455083	correct_baseline
2965354	2023	0	0.8605235068679613	correct_baseline
2965354	2024	0	0.8503283560479878	correct_baseline
2965531	2022	0	0.8702387675699993	correct_baseline
2965531	2023	0	0.8648458406352428	correct_baseline
2965531	2024	0	0.8594711581620953	correct_baseline
2971016	2022	1	0.9720033967745149	correct_baseline
2971016	2023	1	0.9714708617526142	correct_baseline
2971016	2024	1	0.9709298406941762	correct_baseline
2971024	2022			correct_baseline
2971024	2023			correct_baseline
2971024	2024			correct_baseline
2971095	2022	3	1.192366789289069	correct_baseline
2971095	2023	3	1.2010124342776891	correct_baseline
2971095	2024	3	1.2095103147745159	correct_baseline
2972595	2022	3	1.18023997274806	correct_baseline
2972595	2023	3	1.1732267927069786	correct_baseline
2972595	2024	3	1.1651238990397503	correct_baseline
2974753	2022	1	0.930450028075071	correct_baseline
2974753	2023	1	0.9232220998335122	correct_baseline
2974753	2024	1	0.9157591951436849	correct_baseline
2974811	2022			correct_baseline
2974811	2023			correct_baseline
2974811	2024			correct_baseline
2974832	2022	3	1.3588665985696762	correct_baseline
2974832	2023	3	1.3756008475402057	correct_baseline
2974832	2024	3	1.392496357380645	correct_baseline
2974921	2022	1	0.8979094485068306	correct_baseline
2974921	2023	1	0.8937575342080124	correct_baseline
2974921	2024	1	0.8896153908306842	correct_baseline
2975132	2022			correct_baseline
2975132	2023			correct_baseline
2975132	2024			correct_baseline
2975309	2022	1	0.9986420794981263	correct_baseline
2975309	2023	1	1.0017589143867152	correct_baseline
2975309	2024	1	1.0046658846044043	correct_baseline
2975667	2022	3	1.259890287762956	correct_baseline
2975667	2023	3	1.2671434332284104	correct_baseline
2975667	2024	3	1.2739027278262676	correct_baseline
2984366	2022	3	1.2644454810638248	correct_baseline
2984366	2023	3	1.2696580314167665	correct_baseline
2984366	2024	3	1.274425430096233	correct_baseline
2984492	2022			correct_baseline
2984492	2023			correct_baseline
2984492	2024			correct_baseline
2984532	2022			correct_baseline
2984532	2023			correct_baseline
2984532	2024			correct_baseline
2984676	2022	0	0.8081750952262634	correct_baseline
2984676	2023	0	0.7443861722481508	correct_baseline
2984676	2024	0	0.6851294424526296	correct_baseline
2985863	2022	1	0.9108305724159894	correct_baseline
2985863	2023	1	0.9051590923427152	correct_baseline
2985863	2024	1	0.898980516128702	correct_baseline
2985949	2022	1	0.9723743004375555	correct_baseline
2985949	2023	1	0.9397226716457876	correct_baseline
2985949	2024	1	0.9071229164002478	correct_baseline
2985964	2022			correct_baseline
2985964	2023			correct_baseline
2985964	2024			correct_baseline
2985965	2022	3	1.1807589598547819	correct_baseline
2985965	2023	3	1.1873449962203924	correct_baseline
2985965	2024	3	1.1938468703412195	correct_baseline
2985994	2022			correct_baseline
2985994	2023			correct_baseline
2985994	2024			correct_baseline
2985995	2022			correct_baseline
2985995	2023			correct_baseline
2985995	2024			correct_baseline
2986045	2022	3	1.3603817036028083	correct_baseline
2986045	2023	3	1.3757335119674265	correct_baseline
2986045	2024	3	1.3911694491241033	correct_baseline
2986111	2022	3	1.1364584735302659	correct_baseline
2986111	2023	3	1.1410001273349373	correct_baseline
2986111	2024	3	1.1454988355504967	correct_baseline
2986130	2022	3	1.1245452893582206	correct_baseline
2986130	2023	3	1.1217025973983863	correct_baseline
2986130	2024	3	1.1187674440224686	correct_baseline
2986184	2022	3	1.0987588854783752	correct_baseline
2986184	2023	3	1.0983416109172852	correct_baseline
2986184	2024	3	1.0971161916059948	correct_baseline
2988188	2022	3	1.0999122183661718	correct_baseline
2988188	2023	3	1.0983116131268833	correct_baseline
2988188	2024	3	1.0963577360774284	correct_baseline
2988354	2022	3	1.3877472468929974	correct_baseline
2988354	2023	3	1.4051175607882371	correct_baseline
2988354	2024	3	1.4224650939918844	correct_baseline
2992543	2022	1	0.996900045878641	correct_baseline
2992543	2023	1	0.9834454160206116	correct_baseline
2992543	2024	1	0.9698522574628349	correct_baseline
2993761	2022	1	0.9093066249946795	correct_baseline
2993761	2023	1	0.8738488167867429	correct_baseline
2993761	2024	1	0.8391052570786844	correct_baseline
2994229	2022			correct_baseline
2994229	2023			correct_baseline
2994229	2024			correct_baseline
2994912	2022	0	0.4970512283331067	correct_baseline
2994912	2023	0	0.3340956955752137	correct_baseline
2994912	2024	0	0.22261017480049897	correct_baseline
2995149	2022	3	1.2608034350335995	correct_baseline
2995149	2023	3	1.2635152750913883	correct_baseline
2995149	2024	3	1.265397802471235	correct_baseline
2996525	2022	3	1.0672407951383869	correct_baseline
2996525	2023	3	1.0614936722572188	correct_baseline
2996525	2024	3	1.055451158926882	correct_baseline
3000406	2022	1	0.9627879418901889	correct_baseline
3000406	2023	1	0.9666089029113559	correct_baseline
3000406	2024	1	0.9680271918963094	correct_baseline
3000610	2022	0	0.8805582367243479	correct_baseline
3000610	2023	0	0.7547192839445372	correct_baseline
3000610	2024	0	0.6435351391760573	correct_baseline
3000679	2022	3	1.0864543042656334	correct_baseline
3000679	2023	3	1.069924405154876	correct_baseline
3000679	2024	3	1.0452808808109515	correct_baseline
3001244	2022	3	1.055222169923105	correct_baseline
3001244	2023	3	1.0663339537262209	correct_baseline
3001244	2024	3	1.0772088725200488	correct_baseline
3003244	2022	3	1.1244409573515837	correct_baseline
3003244	2023	3	1.1203433688676554	correct_baseline
3003244	2024	3	1.1160117191148118	correct_baseline
3003709	2022	3	1.0118893915316087	correct_baseline
3003709	2023	3	1.0148735957575983	correct_baseline
3003709	2024	3	1.0177523415203886	correct_baseline
3003979	2022	3	1.2088923668175662	correct_baseline
3003979	2023	3	1.2120783113856255	correct_baseline
3003979	2024	3	1.2149237328231763	correct_baseline
3012089	2022	3	1.2886341357359652	correct_baseline
3012089	2023	3	1.2903697243254229	correct_baseline
3012089	2024	3	1.291498728576905	correct_baseline
3020871	2022	0	0.8797164233137881	correct_baseline
3020871	2023	0	0.79980039187064	correct_baseline
3020871	2024	0	0.7253512078109549	correct_baseline
3021496	2022	3	1.1755426194294796	correct_baseline
3021496	2023	3	1.173209150288843	correct_baseline
3021496	2024	3	1.1707706780873957	correct_baseline
3021730	2022	3	1.2625750858184943	correct_baseline
3021730	2023	3	1.2458138780678782	correct_baseline
3021730	2024	3	1.2284495012962136	correct_baseline
3021850	2022	3	1.2364187051827447	correct_baseline
3021850	2023	3	1.2545563887370148	correct_baseline
3021850	2024	3	1.272703825668292	correct_baseline
3021922	2022	3	1.1806929123093202	correct_baseline
3021922	2023	3	1.1934590549401476	correct_baseline
3021922	2024	3	1.205580734741231	correct_baseline
3022203	2022	3	1.095077086241531	correct_baseline
3022203	2023	3	1.0943934470787229	correct_baseline
3022203	2024	3	1.0928032584460228	correct_baseline
3022668	2022			correct_baseline
3022668	2023			correct_baseline
3022668	2024			correct_baseline
3024109	2022	3	1.2334724467910625	correct_baseline
3024109	2023	3	1.2524278913715712	correct_baseline
3024109	2024	3	1.2712616626105138	correct_baseline
3025617	2022	1	0.950267335487508	correct_baseline
3025617	2023	1	0.9442436921173855	correct_baseline
3025617	2024	1	0.9382432134882168	correct_baseline
3025858	2022	1	0.8028901297526985	correct_baseline
3025858	2023	1	0.7973437769169646	correct_baseline
3025858	2024	1	0.7915691901385745	correct_baseline
3025896	2022	0	0.8303650030081939	correct_baseline
3025896	2023	0	0.8136523031225804	correct_baseline
3025896	2024	0	0.7970515066853897	correct_baseline
3026040	2022	0	0.6158967175096995	correct_baseline
3026040	2023	0	0.5166381347485924	correct_baseline
3026040	2024	0	0.4304863580467419	correct_baseline
3026049	2022			correct_baseline
3026049	2023			correct_baseline
3026049	2024			correct_baseline
3026074	2022	1	0.9710038292758921	correct_baseline
3026074	2023	1	0.9570818965379476	correct_baseline
3026074	2024	1	0.9430590137681393	correct_baseline
3026092	2022			correct_baseline
3026092	2023			correct_baseline
3026092	2024			correct_baseline
3026162	2022			correct_baseline
3026162	2023			correct_baseline
3026162	2024			correct_baseline
3026294	2022	3	1.0246326700434718	correct_baseline
3026294	2023	3	1.0235445179422937	correct_baseline
3026294	2024	3	1.0223995024103316	correct_baseline
3026334	2022	1	0.8879196950393287	correct_baseline
3026334	2023	1	0.8844396828314245	correct_baseline
3026334	2024	1	0.8803226255785703	correct_baseline
3026454	2022	1	0.9799766899025427	correct_baseline
3026454	2023	1	0.9790886576697623	correct_baseline
3026454	2024	1	0.97818337870225	correct_baseline
3026585	2022	3	1.1811957496905763	correct_baseline
3026585	2023	3	1.1905488396317858	correct_baseline
3026585	2024	3	1.19843952990543	correct_baseline
3026622	2022	3	1.0816841294750197	correct_baseline
3026622	2023	3	1.0906570885794171	correct_baseline
3026622	2024	3	1.0989949707346371	correct_baseline
3026819	2022	1	0.9098723162933542	correct_baseline
3026819	2023	1	0.9073886385748249	correct_baseline
3026819	2024	1	0.9048179351774395	correct_baseline
3027159	2022	0	0.8999965646433059	correct_baseline
3027159	2023	0	0.8654528071446705	correct_baseline
3027159	2024	0	0.8317723075601613	correct_baseline
3028528	2022	0	0.7989498937550615	correct_baseline
3028528	2023	0	0.7299946362736208	correct_baseline
3028528	2024	0	0.665883713920836	correct_baseline
3029912	2022			correct_baseline
3029912	2023			correct_baseline
3029912	2024			correct_baseline
3031774	2022	3	1.0648623726410305	correct_baseline
3031774	2023	3	1.0674656156836528	correct_baseline
3031774	2024	3	1.069801852816478	correct_baseline
3032442	2022			correct_baseline
3032442	2023			correct_baseline
3032442	2024			correct_baseline
3032611	2022			correct_baseline
3032611	2023			correct_baseline
3032611	2024			correct_baseline
3032653	2022	1	0.917293982401837	correct_baseline
3032653	2023	1	0.8628725104603895	correct_baseline
3032653	2024	1	0.8040251614264023	correct_baseline
3032698	2022	3	1.189608361253574	correct_baseline
3032698	2023	3	1.1977551373087452	correct_baseline
3032698	2024	3	1.2058721538653767	correct_baseline
3033077	2022	0	0.8232551748553614	correct_baseline
3033077	2023	0	0.7475636943514556	correct_baseline
3033077	2024	0	0.6781605450082536	correct_baseline
3033227	2022	3	1.1874803996483687	correct_baseline
3033227	2023	3	1.1944968060287868	correct_baseline
3033227	2024	3	1.2014854436018143	correct_baseline
3033242	2022	3	1.2764103633166215	correct_baseline
3033242	2023	3	1.2534400535449222	correct_baseline
3033242	2024	3	1.2296864686979205	correct_baseline
3033261	2022	3	1.0349338333978055	correct_baseline
3033261	2023	3	1.0376690022094075	correct_baseline
3033261	2024	3	1.0397368031768335	correct_baseline
3033289	2022			correct_baseline
3033289	2023			correct_baseline
3033289	2024			correct_baseline
3033434	2022			correct_baseline
3033434	2023			correct_baseline
3033434	2024			correct_baseline
3033518	2022	3	1.1478378878711613	correct_baseline
3033518	2023	3	1.1557035548247137	correct_baseline
3033518	2024	3	1.1634984162693152	correct_baseline
3033535	2022			correct_baseline
3033535	2023			correct_baseline
3033535	2024			correct_baseline
3033833	2022	3	1.2162480355126446	correct_baseline
3033833	2023	3	1.2248954704464088	correct_baseline
3033833	2024	3	1.2330293708271334	correct_baseline
3033865	2022	3	1.1618300619466397	correct_baseline
3033865	2023	3	1.1658468830963946	correct_baseline
3033865	2024	3	1.169644352900666	correct_baseline
3033896	2022	3	1.1326055983817378	correct_baseline
3033896	2023	3	1.1317768982188066	correct_baseline
3033896	2024	3	1.1304357470145974	correct_baseline
3033965	2022			correct_baseline
3033965	2023			correct_baseline
3033965	2024			correct_baseline
3034015	2022	0	0.859937055133013	correct_baseline
3034015	2023	0	0.7029873351265276	correct_baseline
3034015	2024	0	0.5674991141577886	correct_baseline
3034046	2022			correct_baseline
3034046	2023			correct_baseline
3034046	2024			correct_baseline
3034182	2022	3	1.061482867398503	correct_baseline
3034182	2023	3	1.0615823753908193	correct_baseline
3034182	2024	3	1.0616675571644965	correct_baseline
3034393	2022	3	1.151258361984532	correct_baseline
3034393	2023	3	1.1551208973538507	correct_baseline
3034393	2024	3	1.1588011340710653	correct_baseline
3034646	2022	0	0.8454498783500222	correct_baseline
3034646	2023	0	0.7773750596882647	correct_baseline
3034646	2024	0	0.7140443826732191	correct_baseline
3034681	2022	3	1.1786792021147967	correct_baseline
3034681	2023	3	1.1838942059138438	correct_baseline
3034681	2024	3	1.1887756370138796	correct_baseline
3034782	2022	0	1.0059777892780848	correct_baseline
3034782	2023	0	0.892055807336896	correct_baseline
3034782	2024	0	0.7865419087878541	correct_baseline
3034825	2022	3	1.0637594366555383	correct_baseline
3034825	2023	3	1.0653771387887452	correct_baseline
3034825	2024	3	1.0667731774794187	correct_baseline
3034871	2022	3	1.1200131431678604	correct_baseline
3034871	2023	3	1.125549996163355	correct_baseline
3034871	2024	3	1.1310873527815224	correct_baseline
3034915	2022	0	0.6635807513368116	correct_baseline
3034915	2023	0	0.49936703380964403	correct_baseline
3034915	2024	0	0.3723157359515422	correct_baseline
3034922	2022	3	1.1796104568919499	correct_baseline
3034922	2023	3	1.1853991914906425	correct_baseline
3034922	2024	3	1.1912022728363028	correct_baseline
3036033	2022	1	0.9298689616781218	correct_baseline
3036033	2023	1	0.902013802375192	correct_baseline
3036033	2024	1	0.874558240218937	correct_baseline
3036892	2022	3	1.0177988621523824	correct_baseline
3036892	2023	1	0.9914307654646031	correct_baseline
3036892	2024	1	0.9651222788550295	correct_baseline
3039046	2022			correct_baseline
3039046	2023			correct_baseline
3039046	2024			correct_baseline
3039194	2022	3	1.0936838739692536	correct_baseline
3039194	2023	3	1.095506429069912	correct_baseline
3039194	2024	3	1.097290956174136	correct_baseline
3039203	2022	1	0.937242938251914	correct_baseline
3039203	2023	1	0.9260481345939686	correct_baseline
3039203	2024	1	0.9147189542237988	correct_baseline
3039209	2022	3	1.2917295929428059	correct_baseline
3039209	2023	3	1.3059625258674588	correct_baseline
3039209	2024	3	1.3202885339765114	correct_baseline
3039267	2022	3	1.124245294834407	correct_baseline
3039267	2023	3	1.111722801465905	correct_baseline
3039267	2024	3	1.0983295609137627	correct_baseline
3039269	2022	3	1.2341928911907798	correct_baseline
3039269	2023	3	1.2399150256951803	correct_baseline
3039269	2024	3	1.2450881439911539	correct_baseline
3039270	2022	1	0.966712483485654	correct_baseline
3039270	2023	1	0.967605791537515	correct_baseline
3039270	2024	1	0.9683541390710071	correct_baseline
3040184	2022	1	0.9994810477215758	correct_baseline
3040184	2023	1	0.9997677262907099	correct_baseline
3040184	2024	1	1.0000104794896516	correct_baseline
3040185	2022	3	1.2452390008849106	correct_baseline
3040185	2023	3	1.2852464312449567	correct_baseline
3040185	2024	3	1.3262235848008335	correct_baseline
3040233	2022	3	1.1942751870129953	correct_baseline
3040233	2023	3	1.2123959562145894	correct_baseline
3040233	2024	3	1.2303590524053363	correct_baseline
3040254	2022	0	0.7792270249905882	correct_baseline
3040254	2023	0	0.685662523426635	correct_baseline
3040254	2024	0	0.6014307824672471	correct_baseline
3040999	2022			correct_baseline
3040999	2023			correct_baseline
3040999	2024			correct_baseline
3041022	2022	3	1.2227154602094659	correct_baseline
3041022	2023	3	1.2391333738699568	correct_baseline
3041022	2024	3	1.255393599551015	correct_baseline
3042291	2022	3	1.3222655684425206	correct_baseline
3042291	2023	3	1.329976731799814	correct_baseline
3042291	2024	3	1.336979253857646	correct_baseline
3042636	2022	0	0.8975447029400055	correct_baseline
3042636	2023	0	0.8922209512673501	correct_baseline
3042636	2024	0	0.8867886158483964	correct_baseline
3042751	2022	1	0.966426333922594	correct_baseline
3042751	2023	1	0.9649864987338603	correct_baseline
3042751	2024	1	0.9633581841523748	correct_baseline
3042845	2022	3	1.1541331481136694	correct_baseline
3042845	2023	3	1.1558719667856252	correct_baseline
3042845	2024	3	1.1567011668962317	correct_baseline
3045803	2022			correct_baseline
3045803	2023			correct_baseline
3045803	2024			correct_baseline
3046015	2022	3	1.048036691778147	correct_baseline
3046015	2023	3	1.0472880670134683	correct_baseline
3046015	2024	3	1.04610051519971	correct_baseline
3046736	2022	3	1.014540456476232	correct_baseline
3046736	2023	3	1.0107468461443327	correct_baseline
3046736	2024	1	1.006691031672857	correct_baseline
3046812	2022	3	1.0604152473307817	correct_baseline
3046812	2023	3	1.060805291271177	correct_baseline
3046812	2024	3	1.061180077779914	correct_baseline
3046851	2022	1	0.9460784531609022	correct_baseline
3046851	2023	1	0.942964117751902	correct_baseline
3046851	2024	1	0.9398239982672943	correct_baseline
3046875	2022	1	0.9675264375133504	correct_baseline
3046875	2023	1	0.9654210321374739	correct_baseline
3046875	2024	1	0.9632911977013752	correct_baseline
3046929	2022	1	0.8796785640886161	correct_baseline
3046929	2023	1	0.8739889793103932	correct_baseline
3046929	2024	1	0.8680949091648335	correct_baseline
3047621	2022	3	1.440634472682433	correct_baseline
3047621	2023	3	1.4547190250702056	correct_baseline
3047621	2024	3	1.4682366283608312	correct_baseline
3048203	2022	3	1.216208918412394	correct_baseline
3048203	2023	3	1.222711195495918	correct_baseline
3048203	2024	3	1.2292254724369438	correct_baseline
3048532	2022			correct_baseline
3048532	2023			correct_baseline
3048532	2024			correct_baseline
3050364	2022	1	1.0045243999372333	correct_baseline
3050364	2023	3	1.0127218262432949	correct_baseline
3050364	2024	3	1.0198881061103109	correct_baseline
3050595	2022	3	1.1523687798523008	correct_baseline
3050595	2023	3	1.1565058879186731	correct_baseline
3050595	2024	3	1.1606475303115966	correct_baseline
3053406	2022	3	1.0350353621265393	correct_baseline
3053406	2023	3	1.035914616492871	correct_baseline
3053406	2024	3	1.036773818934875	correct_baseline
3053522	2022	3	1.2136020516214625	correct_baseline
3053522	2023	3	1.2232289077770806	correct_baseline
3053522	2024	3	1.232658681998666	correct_baseline
3054110	2022	3	1.0163236935707742	correct_baseline
3054110	2023	3	1.0185638645507937	correct_baseline
3054110	2024	3	1.0187143116998727	correct_baseline
3054117	2022	0	0.501079527941576	correct_baseline
3054117	2023	0	0.2607937968608746	correct_baseline
3054117	2024	0	0.13065624813058493	correct_baseline
3054357	2022	3	1.230628018221649	correct_baseline
3054357	2023	3	1.2389871244130017	correct_baseline
3054357	2024	3	1.2472223055178047	correct_baseline
3054368	2022	3	1.1625638326842005	correct_baseline
3054368	2023	3	1.1621718494994229	correct_baseline
3054368	2024	3	1.1615521207110746	correct_baseline
3064056	2022	3	1.1225550382695482	correct_baseline
3064056	2023	3	1.1272609836163159	correct_baseline
3064056	2024	3	1.1315804157074523	correct_baseline
3064221	2022	3	1.0894074309350295	correct_baseline
3064221	2023	3	1.100144463084878	correct_baseline
3064221	2024	3	1.1104418225004602	correct_baseline
3064282	2022	1	0.9461185180220996	correct_baseline
3064282	2023	1	0.9454097775177317	correct_baseline
3064282	2024	1	0.9443092015872931	correct_baseline
3064669	2022	0	0.8343518018863265	correct_baseline
3064669	2023	0	0.6640392945194417	correct_baseline
3064669	2024	0	0.5181450345687771	correct_baseline
3065244	2022			correct_baseline
3065244	2023			correct_baseline
3065244	2024			correct_baseline
3066965	2022	3	1.2937098471063266	correct_baseline
3066965	2023	3	1.3128320090697483	correct_baseline
3066965	2024	3	1.331843302977003	correct_baseline
3067054	2022			correct_baseline
3067054	2023			correct_baseline
3067054	2024			correct_baseline
3067119	2022	3	1.39150776155918	correct_baseline
3067119	2023	3	1.4108392721496796	correct_baseline
3067119	2024	3	1.430257317970086	correct_baseline
3067353	2022	3	1.3289110161483313	correct_baseline
3067353	2023	3	1.3329959735856771	correct_baseline
3067353	2024	3	1.3361163129593712	correct_baseline
3067891	2022	3	1.0275789872563952	correct_baseline
3067891	2023	1	0.9693094936946528	correct_baseline
3067891	2024	1	0.9113095423208698	correct_baseline
3069460	2022	3	1.16466761909955	correct_baseline
3069460	2023	3	1.1736357494888143	correct_baseline
3069460	2024	3	1.1818689451042428	correct_baseline
3082244	2022	3	1.1625777138890958	correct_baseline
3082244	2023	3	1.159937966134824	correct_baseline
3082244	2024	3	1.1570380791863801	correct_baseline
3082274	2022			correct_baseline
3082274	2023			correct_baseline
3082274	2024			correct_baseline
3082279	2022			correct_baseline
3082279	2023			correct_baseline
3082279	2024			correct_baseline
3082297	2022			correct_baseline
3082297	2023			correct_baseline
3082297	2024			correct_baseline
3083488	2022			correct_baseline
3083488	2023			correct_baseline
3083488	2024			correct_baseline
3083647	2022	3	1.0194631049813927	correct_baseline
3083647	2023	1	1.0038649503035255	correct_baseline
3083647	2024	1	0.9876991627711244	correct_baseline
3083680	2022	0	0.5344071341885311	correct_baseline
3083680	2023	0	0.4729315282227941	correct_baseline
3083680	2024	0	0.4172760199703307	correct_baseline
3083761	2022	3	1.3062257014919927	correct_baseline
3083761	2023	3	1.3263172976950064	correct_baseline
3083761	2024	3	1.3464801932192187	correct_baseline
3083920	2022	0	0.8198482542628992	correct_baseline
3083920	2023	0	0.8112294987677949	correct_baseline
3083920	2024	0	0.8026414040738256	correct_baseline
3083975	2022	3	1.056159465315754	correct_baseline
3083975	2023	3	1.0591102361483649	correct_baseline
3083975	2024	3	1.0618070224468388	correct_baseline
3084015	2022	3	1.304741737728778	correct_baseline
3084015	2023	3	1.3159345551200976	correct_baseline
3084015	2024	3	1.3271410635080831	correct_baseline
3084022	2022	3	1.2995187613387087	correct_baseline
3084022	2023	3	1.2909620555135584	correct_baseline
3084022	2024	3	1.2819163333198818	correct_baseline
3084719	2022	3	1.3021344532047507	correct_baseline
3084719	2023	3	1.3092296408590918	correct_baseline
3084719	2024	3	1.316333902150309	correct_baseline
3084742	2022	3	1.1697465123707569	correct_baseline
3084742	2023	3	1.1748441962069898	correct_baseline
3084742	2024	3	1.1792897425787416	correct_baseline
3085357	2022	0	0.8690195832588615	correct_baseline
3085357	2023	0	0.70790390462338	correct_baseline
3085357	2024	0	0.5716214438639172	correct_baseline
3085360	2022	3	1.2418820249316551	correct_baseline
3085360	2023	3	1.2536738633280788	correct_baseline
3085360	2024	3	1.265320295744003	correct_baseline
3085381	2022	3	1.1668633289443464	correct_baseline
3085381	2023	3	1.1607810880935814	correct_baseline
3085381	2024	3	1.1544206081851398	correct_baseline
3085420	2022			correct_baseline
3085420	2023			correct_baseline
3085420	2024			correct_baseline
3085421	2022	3	1.2760319033236585	correct_baseline
3085421	2023	3	1.2546188971239618	correct_baseline
3085421	2024	3	1.2314744093394363	correct_baseline
3085438	2022	3	1.1536947873040326	correct_baseline
3085438	2023	3	1.140466426829073	correct_baseline
3085438	2024	3	1.1266518285202793	correct_baseline
3085623	2022	3	1.2000046193487897	correct_baseline
3085623	2023	3	1.2157328235518154	correct_baseline
3085623	2024	3	1.2307829474326093	correct_baseline
3086240	2022	0	0.9224467376918216	correct_baseline
3086240	2023	0	0.7837092099863399	correct_baseline
3086240	2024	0	0.6621670564424103	correct_baseline
3088310	2022	3	1.0172600916019074	correct_baseline
3088310	2023	1	0.9734001602909184	correct_baseline
3088310	2024	1	0.9304005523328513	correct_baseline
3088481	2022	1	0.7811561883828227	correct_baseline
3088481	2023	1	0.7701055475616896	correct_baseline
3088481	2024	1	0.7588816538123262	correct_baseline
3088488	2022	1	0.9230045136196352	correct_baseline
3088488	2023	1	0.8504970570058923	correct_baseline
3088488	2024	1	0.7797164905400904	correct_baseline
3089146	2022	3	1.206015820448925	correct_baseline
3089146	2023	3	1.2131426361395765	correct_baseline
3089146	2024	3	1.2191683634651749	correct_baseline
3089154	2022	0	0.7709305375149547	correct_baseline
3089154	2023	0	0.7634177651088472	correct_baseline
3089154	2024	0	0.7559633860048417	correct_baseline
3092576	2022			correct_baseline
3092576	2023			correct_baseline
3092576	2024			correct_baseline
3092691	2022			correct_baseline
3092691	2023			correct_baseline
3092691	2024			correct_baseline
3096529	2022	0	0.6935683495863608	correct_baseline
3096529	2023	0	0.5735837445487317	correct_baseline
3096529	2024	0	0.4715033668568869	correct_baseline
3098912	2022	3	1.5109676772028673	correct_baseline
3098912	2023	3	1.5348007961574293	correct_baseline
3098912	2024	3	1.558909516735867	correct_baseline
3098951	2022	0	0.6919325755164675	correct_baseline
3098951	2023	0	0.40833733234801195	correct_baseline
3098951	2024	0	0.21079075244483841	correct_baseline
3101184	2022	1	0.9458704556868054	correct_baseline
3101184	2023	1	0.9377209673933543	correct_baseline
3101184	2024	1	0.9290355991411157	correct_baseline
3101193	2022	3	1.0749492680050337	correct_baseline
3101193	2023	3	1.054515869200529	correct_baseline
3101193	2024	3	1.0333687227984563	correct_baseline
3103082	2022	3	1.1800930836118864	correct_baseline
3103082	2023	3	1.1538546406516925	correct_baseline
3103082	2024	3	1.1177615020563205	correct_baseline
3103158	2022			correct_baseline
3103158	2023			correct_baseline
3103158	2024			correct_baseline
3103180	2022			correct_baseline
3103180	2023			correct_baseline
3103180	2024			correct_baseline
3103791	2022	3	1.1178941385287349	correct_baseline
3103791	2023	3	1.1269616036972836	correct_baseline
3103791	2024	3	1.1358631684990477	correct_baseline
3104106	2022			correct_baseline
3104106	2023			correct_baseline
3104106	2024			correct_baseline
3104314	2022			correct_baseline
3104314	2023			correct_baseline
3104314	2024			correct_baseline
3105508	2022			correct_baseline
3105508	2023			correct_baseline
3105508	2024			correct_baseline
3105768	2022	3	1.018625198385377	correct_baseline
3105768	2023	3	1.0262411461875758	correct_baseline
3105768	2024	3	1.0324953419877199	correct_baseline
3109086	2022	3	1.1411800005652781	correct_baseline
3109086	2023	3	1.143713526691461	correct_baseline
3109086	2024	3	1.1460452843396574	correct_baseline
3111754	2022			correct_baseline
3111754	2023			correct_baseline
3111754	2024			correct_baseline
3112110	2022	1	0.949686231836196	correct_baseline
3112110	2023	1	0.9180262059060637	correct_baseline
3112110	2024	1	0.8863775814434267	correct_baseline
3112361	2022	0	0.4623024266260049	correct_baseline
3112361	2023	0	0.35293257272391865	correct_baseline
3112361	2024	0	0.2686425699402726	correct_baseline
3112364	2022	0	0.7802384485309155	correct_baseline
3112364	2023	0	0.5075934197106015	correct_baseline
3112364	2024	0	0.3045797093706946	correct_baseline
3113637	2022	1	0.9557922788010474	correct_baseline
3113637	2023	1	0.9572176242468037	correct_baseline
3113637	2024	1	0.9585365402664591	correct_baseline
3114225	2022	3	1.3740303819650752	correct_baseline
3114225	2023	3	1.3880931550557922	correct_baseline
3114225	2024	3	1.4015132066467357	correct_baseline
3114229	2022	3	1.1300578448727885	correct_baseline
3114229	2023	3	1.134572286333095	correct_baseline
3114229	2024	3	1.139019305050171	correct_baseline
3114643	2022	3	1.0790466543860322	correct_baseline
3114643	2023	3	1.0826121038863044	correct_baseline
3114643	2024	3	1.0861684136484007	correct_baseline
3114667	2022			correct_baseline
3114667	2023			correct_baseline
3114667	2024			correct_baseline
3117449	2022	3	1.1743213438220905	correct_baseline
3117449	2023	3	1.1726543466438208	correct_baseline
3117449	2024	3	1.1707699425695282	correct_baseline
3118254	2022			correct_baseline
3118254	2023			correct_baseline
3118254	2024			correct_baseline
3118430	2022	3	1.2469002429766503	correct_baseline
3118430	2023	3	1.2584362667454172	correct_baseline
3118430	2024	3	1.2697219236075443	correct_baseline
3118526	2022			correct_baseline
3118526	2023			correct_baseline
3118526	2024			correct_baseline
3119175	2022	3	1.049961552131063	correct_baseline
3119175	2023	3	1.0508056528333782	correct_baseline
3119175	2024	3	1.051339917905229	correct_baseline
3119181	2022	3	1.03805368355954	correct_baseline
3119181	2023	3	1.0328790202655733	correct_baseline
3119181	2024	3	1.0273910657184797	correct_baseline
3120024	2022			correct_baseline
3120024	2023			correct_baseline
3120024	2024			correct_baseline
3120284	2022	3	1.2032495639728187	correct_baseline
3120284	2023	3	1.2022390136005523	correct_baseline
3120284	2024	3	1.200726405737494	correct_baseline
3120692	2022	3	1.0926138387789313	correct_baseline
3120692	2023	3	1.1124838772061962	correct_baseline
3120692	2024	3	1.1318220631450806	correct_baseline
3120790	2022	1	1.003969062506223	correct_baseline
3120790	2023	1	1.0016656832424007	correct_baseline
3120790	2024	1	0.999312239541427	correct_baseline
3121226	2022	1	0.9330467111333097	correct_baseline
3121226	2023	1	0.9161930233474225	correct_baseline
3121226	2024	1	0.8992306493992951	correct_baseline
3121258	2022			correct_baseline
3121258	2023			correct_baseline
3121258	2024			correct_baseline
3121562	2022			correct_baseline
3121562	2023			correct_baseline
3121562	2024			correct_baseline
3121581	2022			correct_baseline
3121581	2023			correct_baseline
3121581	2024			correct_baseline
3122924	2022	3	1.203126365598936	correct_baseline
3122924	2023	3	1.1991201232933448	correct_baseline
3122924	2024	3	1.1948716379670348	correct_baseline
3123663	2022	3	1.0894923812031496	correct_baseline
3123663	2023	3	1.0938250414917208	correct_baseline
3123663	2024	3	1.0981442023204826	correct_baseline
3127727	2022	1	0.6903301814603798	correct_baseline
3127727	2023	1	0.5990460224358891	correct_baseline
3127727	2024	1	0.5160183219445827	correct_baseline
3128225	2022	3	1.1968110412356414	correct_baseline
3128225	2023	3	1.2257387880626602	correct_baseline
3128225	2024	3	1.2543052290051193	correct_baseline
3128888	2022	1	0.8783969772840958	correct_baseline
3128888	2023	1	0.8756844806017692	correct_baseline
3128888	2024	1	0.8727648589399514	correct_baseline
3131614	2022	0	0.7861180570865617	correct_baseline
3131614	2023	0	0.5614301007597506	correct_baseline
3131614	2024	0	0.3899072369089001	correct_baseline
3132570	2022	3	1.096174413312606	correct_baseline
3132570	2023	3	1.103240976174771	correct_baseline
3132570	2024	3	1.1100130939533632	correct_baseline
3133887	2022	0	0.5641035775579243	correct_baseline
3133887	2023	0	0.36808253901270305	correct_baseline
3133887	2024	0	0.23640985789841515	correct_baseline
3133938	2022	3	1.076712708791924	correct_baseline
3133938	2023	3	1.062846196859505	correct_baseline
3133938	2024	3	1.0485401645309476	correct_baseline
3133950	2022	0	0.7842878414162882	correct_baseline
3133950	2023	0	0.5343886504934516	correct_baseline
3133950	2024	0	0.3583953075353149	correct_baseline
3134867	2022			correct_baseline
3134867	2023			correct_baseline
3134867	2024			correct_baseline
3136320	2022	3	1.0268744903737284	correct_baseline
3136320	2023	3	1.0292448146952276	correct_baseline
3136320	2024	3	1.0315697686573368	correct_baseline
3137829	2022			correct_baseline
3137829	2023			correct_baseline
3137829	2024			correct_baseline
3138195	2022			correct_baseline
3138195	2023			correct_baseline
3138195	2024			correct_baseline
3138327	2022	3	1.036984535124381	correct_baseline
3138327	2023	3	1.0366345337849967	correct_baseline
3138327	2024	3	1.0362600465575145	correct_baseline
3139003	2022	1	0.9129738573219343	correct_baseline
3139003	2023	1	0.9193294136988915	correct_baseline
3139003	2024	1	0.9252810949050693	correct_baseline
3141890	2022	1	0.8709302250757092	correct_baseline
3141890	2023	1	0.8658987187464743	correct_baseline
3141890	2024	1	0.8608835697256043	correct_baseline
3145214	2022	3	1.2817922824654502	correct_baseline
3145214	2023	3	1.2904765589057625	correct_baseline
3145214	2024	3	1.2991949923137727	correct_baseline
3146683	2022	3	1.1628033782409566	correct_baseline
3146683	2023	3	1.1600203309982702	correct_baseline
3146683	2024	3	1.1570457171975248	correct_baseline
3146717	2022	3	1.094187783626563	correct_baseline
3146717	2023	3	1.0905199696861658	correct_baseline
3146717	2024	3	1.0867218337177031	correct_baseline
3146791	2022	3	1.1785996819298785	correct_baseline
3146791	2023	3	1.1939872613420706	correct_baseline
3146791	2024	3	1.2093693994514427	correct_baseline
3147018	2022	0	0.8178146462530724	correct_baseline
3147018	2023	0	0.7489276372395972	correct_baseline
3147018	2024	0	0.68462767486191	correct_baseline
3147168	2022	3	1.2469310526828543	correct_baseline
3147168	2023	3	1.253173382783697	correct_baseline
3147168	2024	3	1.259195561469943	correct_baseline
3147815	2022			correct_baseline
3147815	2023			correct_baseline
3147815	2024			correct_baseline
3148340	2022	3	1.140951659079409	correct_baseline
3148340	2023	3	1.1441493521015	correct_baseline
3148340	2024	3	1.1471127828954468	correct_baseline
3150935	2022			correct_baseline
3150935	2023			correct_baseline
3150935	2024			correct_baseline
3151558	2022	3	1.0556609933019787	correct_baseline
3151558	2023	3	1.056441210756641	correct_baseline
3151558	2024	3	1.0571890958754342	correct_baseline
3151618	2022	3	1.0125729171676965	correct_baseline
3151618	2023	1	1.0025521197306013	correct_baseline
3151618	2024	1	0.991917324584511	correct_baseline
3152372	2022	1	0.856307597596468	correct_baseline
3152372	2023	1	0.8244409414519438	correct_baseline
3152372	2024	1	0.7932552197676318	correct_baseline
3152377	2022	0	0.7830278949854982	correct_baseline
3152377	2023	0	0.7218793383809425	correct_baseline
3152377	2024	0	0.6645859593007974	correct_baseline
3152378	2022	1	0.981964583932411	correct_baseline
3152378	2023	1	0.9669319279777597	correct_baseline
3152378	2024	1	0.9515005562197351	correct_baseline
3152521	2022	1	0.9731600056086769	correct_baseline
3152521	2023	1	0.9787907439143309	correct_baseline
3152521	2024	1	0.9826367908867089	correct_baseline
3152560	2022	3	1.054799120358339	correct_baseline
3152560	2023	3	1.057262968009489	correct_baseline
3152560	2024	3	1.0596975903681067	correct_baseline
3152583	2022	0	0.7583560215332866	correct_baseline
3152583	2023	0	0.6329762237460114	correct_baseline
3152583	2024	0	0.5273022105355845	correct_baseline
3152614	2022			correct_baseline
3152614	2023			correct_baseline
3152614	2024			correct_baseline
3152816	2022	1	0.9855516354825357	correct_baseline
3152816	2023	1	0.9868662933830307	correct_baseline
3152816	2024	1	0.9880171601073418	correct_baseline
3152824	2022	3	1.1134797830259595	correct_baseline
3152824	2023	3	1.1157908450487344	correct_baseline
3152824	2024	3	1.1178038548252636	correct_baseline
3152861	2022	3	1.04846271681193	correct_baseline
3152861	2023	3	1.0531370584473658	correct_baseline
3152861	2024	3	1.0576079335326578	correct_baseline
3169120	2022	1	1.000231861873623	correct_baseline
3169120	2023	1	1.004054365717192	correct_baseline
3169120	2024	1	1.0074839702659895	correct_baseline
3169137	2022	3	1.1668020628964588	correct_baseline
3169137	2023	3	1.1729608509421308	correct_baseline
3169137	2024	3	1.1790802601457608	correct_baseline
3169331	2022			correct_baseline
3169331	2023			correct_baseline
3169331	2024			correct_baseline
3169340	2022	3	1.1580779984434066	correct_baseline
3169340	2023	3	1.1614031921905168	correct_baseline
3169340	2024	3	1.1647176222938986	correct_baseline
3169391	2022	0	0.6177285379028249	correct_baseline
3169391	2023	0	0.324577260245047	correct_baseline
3169391	2024	0	0.15491873454667768	correct_baseline
3169708	2022	3	1.2555083817069574	correct_baseline
3169708	2023	3	1.2621820533114096	correct_baseline
3169708	2024	3	1.268664540919812	correct_baseline
3169756	2022			correct_baseline
3169756	2023			correct_baseline
3169756	2024			correct_baseline
3170247	2022	3	1.1567015947750277	correct_baseline
3170247	2023	3	1.1668016445487641	correct_baseline
3170247	2024	3	1.1768299739364099	correct_baseline
3170823	2022	3	1.3599963062135807	correct_baseline
3170823	2023	3	1.3551764483890478	correct_baseline
3170823	2024	3	1.349782012611985	correct_baseline
3171304	2022	3	1.126944468857324	correct_baseline
3171304	2023	3	1.141439961834633	correct_baseline
3171304	2024	3	1.1546672363798718	correct_baseline
3171888	2022	0	0.7148037484563601	correct_baseline
3171888	2023	0	0.6311513749869808	correct_baseline
3171888	2024	0	0.556611828756488	correct_baseline
3171948	2022	3	1.163874911035327	correct_baseline
3171948	2023	3	1.1680772343530244	correct_baseline
3171948	2024	3	1.17226570464247	correct_baseline
3171951	2022			correct_baseline
3171951	2023			correct_baseline
3171951	2024			correct_baseline
3171952	2022	0	0.8460501458506051	correct_baseline
3171952	2023	0	0.6641216015006881	correct_baseline
3171952	2024	0	0.508868745654739	correct_baseline
3171954	2022	3	1.0384155805643658	correct_baseline
3171954	2023	3	1.039855923916031	correct_baseline
3171954	2024	3	1.041258585154042	correct_baseline
3172001	2022	3	1.1762392841223088	correct_baseline
3172001	2023	3	1.1708862854612332	correct_baseline
3172001	2024	3	1.1650881688738142	correct_baseline
3172059	2022	1	0.949188210804293	correct_baseline
3172059	2023	1	0.9457156803678243	correct_baseline
3172059	2024	1	0.9420225800931906	correct_baseline
3172068	2022	3	1.1785784594817958	correct_baseline
3172068	2023	3	1.0815358455291504	correct_baseline
3172068	2024	1	0.9878703434349413	correct_baseline
3172077	2022	3	1.322361004765418	correct_baseline
3172077	2023	3	1.3508907484500268	correct_baseline
3172077	2024	3	1.3798476275926055	correct_baseline
3172100	2022	3	1.0913919300370263	correct_baseline
3172100	2023	3	1.095705621543189	correct_baseline
3172100	2024	3	1.0997577501388758	correct_baseline
3172104	2022	3	1.220890676013869	correct_baseline
3172104	2023	3	1.2663850436575994	correct_baseline
3172104	2024	3	1.3132754568850875	correct_baseline
3172118	2022	3	1.1799838779259275	correct_baseline
3172118	2023	3	1.1902349170460584	correct_baseline
3172118	2024	3	1.200074144532361	correct_baseline
3172266	2022	3	1.0873350194126623	correct_baseline
3172266	2023	3	1.0925203930193188	correct_baseline
3172266	2024	3	1.0976142629982093	correct_baseline
3172276	2022			correct_baseline
3172276	2023			correct_baseline
3172276	2024			correct_baseline
3172291	2022	3	1.14585976491796	correct_baseline
3172291	2023	3	1.1485158188323485	correct_baseline
3172291	2024	3	1.1507540226564323	correct_baseline
3172347	2022	3	1.2624570954348655	correct_baseline
3172347	2023	3	1.270716732298209	correct_baseline
3172347	2024	3	1.2789017858947382	correct_baseline
3172348	2022	1	0.9739670310185492	correct_baseline
3172348	2023	1	0.9286222844082145	correct_baseline
3172348	2024	1	0.8847147136320538	correct_baseline
3172549	2022	3	1.2442885915368143	correct_baseline
3172549	2023	3	1.2847339637968833	correct_baseline
3172549	2024	3	1.3250717261773979	correct_baseline
3172615	2022	3	1.1978161543275925	correct_baseline
3172615	2023	3	1.1884987800215667	correct_baseline
3172615	2024	3	1.1785462021343454	correct_baseline
3173338	2022	3	1.1423398038811736	correct_baseline
3173338	2023	3	1.1431859227669958	correct_baseline
3173338	2024	3	1.143847840741603	correct_baseline
3188735	2022			correct_baseline
3188735	2023			correct_baseline
3188735	2024			correct_baseline
3188830	2022			correct_baseline
3188830	2023			correct_baseline
3188830	2024			correct_baseline
3188894	2022	3	1.2031821002417602	correct_baseline
3188894	2023	3	1.2144255874315193	correct_baseline
3188894	2024	3	1.2255111971916048	correct_baseline
3188924	2022	0	0.9343973792315581	correct_baseline
3188924	2023	0	0.9317519473334314	correct_baseline
3188924	2024	0	0.9291103781235054	correct_baseline
3189073	2022			correct_baseline
3189073	2023			correct_baseline
3189073	2024			correct_baseline
3189497	2022	0	0.6291511295176024	correct_baseline
3189497	2023	0	0.4426195628401284	correct_baseline
3189497	2024	0	0.30571187209544787	correct_baseline
3189762	2022	3	1.1006107960642293	correct_baseline
3189762	2023	3	1.104078155727432	correct_baseline
3189762	2024	3	1.1072076341872417	correct_baseline
3189815	2022	3	1.177589443729358	correct_baseline
3189815	2023	3	1.1883135449105768	correct_baseline
3189815	2024	3	1.1987620169397555	correct_baseline
3189828	2022			correct_baseline
3189828	2023			correct_baseline
3189828	2024			correct_baseline
3189837	2022	0	0.8817504336935075	correct_baseline
3189837	2023	0	0.7935463413067013	correct_baseline
3189837	2024	0	0.7123397272625662	correct_baseline
3189843	2022			correct_baseline
3189843	2023			correct_baseline
3189843	2024			correct_baseline
3189866	2022	3	1.1290839546163742	correct_baseline
3189866	2023	3	1.127134563998122	correct_baseline
3189866	2024	3	1.1246855021171114	correct_baseline
3189882	2022	3	1.084028197105876	correct_baseline
3189882	2023	3	1.090460580886749	correct_baseline
3189882	2024	3	1.0965614536444108	correct_baseline
3190382	2022	1	1.0012653213614275	correct_baseline
3190382	2023	1	0.9563141379583838	correct_baseline
3190382	2024	1	0.9118024682341657	correct_baseline
3190411	2022	1	0.7608409699108981	correct_baseline
3190411	2023	1	0.7003415786873732	correct_baseline
3190411	2024	1	0.6426968694602249	correct_baseline
3190522	2022			correct_baseline
3190522	2023			correct_baseline
3190522	2024			correct_baseline
3190538	2022	3	1.149416351980766	correct_baseline
3190538	2023	3	1.141609201552053	correct_baseline
3190538	2024	3	1.1334590100279056	correct_baseline
3190653	2022	3	1.2115622428934374	correct_baseline
3190653	2023	3	1.2144271235136097	correct_baseline
3190653	2024	3	1.2168989464583913	correct_baseline
3197314	2022	3	1.078854270085467	correct_baseline
3197314	2023	3	1.0574463104164493	correct_baseline
3197314	2024	3	1.0349133659970473	correct_baseline
3602683	2022	3	1.109235746736751	correct_baseline
3602683	2023	3	1.0633164051604558	correct_baseline
3602683	2024	3	1.0165977147756302	correct_baseline
3610757	2022	1	0.9779267195294353	correct_baseline
3610757	2023	1	0.9758626045474278	correct_baseline
3610757	2024	1	0.9733517725449787	correct_baseline
3633319	2022			correct_baseline
3633319	2023			correct_baseline
3633319	2024			correct_baseline
3663237	2022	0	0.84161260911626945	correct_baseline
3663237	2023	0	0.7757166031525903	correct_baseline
3663237	2024	0	0.712211883885199	correct_baseline
3664589	2022	0	1.0090098083858197	correct_baseline
3664589	2023	0	0.8075484600425531	correct_baseline
3664589	2024	0	0.6343564792160195	correct_baseline
3666776	2022	0	0.8515866937894653	correct_baseline
3666776	2023	0	0.7864478000300078	correct_baseline
3666776	2024	0	0.7258424766129156	correct_baseline
3667238	2022			correct_baseline
3667238	2023			correct_baseline
3667238	2024			correct_baseline
3686235	2022	0	0.9243636032606228	correct_baseline
3686235	2023	0	0.8324076212930324	correct_baseline
3686235	2024	0	0.7478124961970045	correct_baseline
3690997	2022	3	1.2465695114134523	correct_baseline
3690997	2023	3	1.2598936866026709	correct_baseline
3690997	2024	3	1.272550375214157	correct_baseline
3711564	2022	3	1.0358694880232526	correct_baseline
3711564	2023	3	1.041292992504523	correct_baseline
3711564	2024	3	1.0461019727964744	correct_baseline
3711846	2022			correct_baseline
3711846	2023			correct_baseline
3711846	2024			correct_baseline
3725062	2022	1	0.9849794822043445	correct_baseline
3725062	2023	1	0.9842665499661044	correct_baseline
3725062	2024	1	0.983527621674087	correct_baseline
3729273	2022			correct_baseline
3729273	2023			correct_baseline
3729273	2024			correct_baseline
3741446	2022			correct_baseline
3741446	2023			correct_baseline
3741446	2024			correct_baseline
3756650	2022	0	0.8269569799684648	correct_baseline
3756650	2023	0	0.4234837832506234	correct_baseline
3756650	2024	0	0.2033881760384742	correct_baseline
3767816	2022	1	0.8369946500040124	correct_baseline
3767816	2023	1	0.8206464748106718	correct_baseline
3767816	2024	1	0.8033305260349192	correct_baseline
3797084	2022	3	1.0881674068692593	correct_baseline
3797084	2023	3	1.0920752036822512	correct_baseline
3797084	2024	3	1.095982832916859	correct_baseline
3814157	2022	1	0.8146203534348512	correct_baseline
3814157	2023	1	0.7397839392964113	correct_baseline
3814157	2024	1	0.6708003071610541	correct_baseline
3883959	2022			correct_baseline
3883959	2023			correct_baseline
3883959	2024			correct_baseline
3886505	2022	0	0.9424422475447471	correct_baseline
3886505	2023	1	0.7625589821810567	correct_baseline
3886505	2024	1	0.6041985560632878	correct_baseline
3892732	2022			correct_baseline
3892732	2023			correct_baseline
3892732	2024			correct_baseline
3896282	2022			correct_baseline
3896282	2023			correct_baseline
3896282	2024			correct_baseline
3922888	2022			correct_baseline
3922888	2023			correct_baseline
3922888	2024			correct_baseline
3924221	2022			correct_baseline
3924221	2023			correct_baseline
3924221	2024			correct_baseline
3933415	2022	1	0.9652285452702681	correct_baseline
3933415	2023	1	0.9522976056000109	correct_baseline
3933415	2024	1	0.9392292541540591	correct_baseline
3935079	2022			correct_baseline
3935079	2023			correct_baseline
3935079	2024			correct_baseline
3935421	2022			correct_baseline
3935421	2023			correct_baseline
3935421	2024			correct_baseline
3940326	2022	3	1.0469668666685397	correct_baseline
3940326	2023	3	1.0518010090758383	correct_baseline
3940326	2024	3	1.0565623136950857	correct_baseline
3940423	2022			correct_baseline
3940423	2023			correct_baseline
3940423	2024			correct_baseline
3981543	2022	3	1.1684133065030426	correct_baseline
3981543	2023	3	1.1773679908712622	correct_baseline
3981543	2024	3	1.185840258623228	correct_baseline
3988701	2022	1	0.8297413064351064	correct_baseline
3988701	2023	1	0.8226365969425216	correct_baseline
3988701	2024	1	0.8155806527274371	correct_baseline
4013762	2022	0	0.7845420406628395	correct_baseline
4013762	2023	0	0.5118029954545739	correct_baseline
4013762	2024	0	0.29802732284744216	correct_baseline
4021919	2022			correct_baseline
4021919	2023			correct_baseline
4021919	2024			correct_baseline
4034001	2022			correct_baseline
4034001	2023			correct_baseline
4034001	2024			correct_baseline
4038485	2022	0	0.7714868170104103	correct_baseline
4038485	2023	0	0.7450209478149209	correct_baseline
4038485	2024	0	0.7192326701094557	correct_baseline
4046493	2022			correct_baseline
4046493	2023			correct_baseline
4046493	2024			correct_baseline
4048240	2022	1	0.9991254551564152	correct_baseline
4048240	2023	1	0.9989895774855588	correct_baseline
4048240	2024	1	0.9983845788543886	correct_baseline
4063383	2022	3	1.2743669958862043	correct_baseline
4063383	2023	3	1.295315133568281	correct_baseline
4063383	2024	3	1.315786221602231	correct_baseline
4067281	2022	0	0.9426405184230194	correct_baseline
4067281	2023	0	0.7067452188624159	correct_baseline
4067281	2024	0	0.5164997863495383	correct_baseline
4067302	2022	0	0.8995183348484084	correct_baseline
4067302	2023	0	0.7892344698156034	correct_baseline
4067302	2024	0	0.689866772441994	correct_baseline
4086523	2022			correct_baseline
4086523	2023			correct_baseline
4086523	2024			correct_baseline
4097656	2022			correct_baseline
4097656	2023			correct_baseline
4097656	2024			correct_baseline
4102952	2022	0	0.9435088199289073	correct_baseline
4102952	2023	0	0.8141358989752153	correct_baseline
4102952	2024	0	0.6991301237643226	correct_baseline
4123394	2022	1	0.813987605097056	correct_baseline
4123394	2023	1	0.8069034750441723	correct_baseline
4123394	2024	1	0.7998573526104409	correct_baseline
4123912	2022	1	0.9578407647623206	correct_baseline
4123912	2023	1	0.9545914652181482	correct_baseline
4123912	2024	1	0.9492218165617107	correct_baseline
4125308	2022	3	1.1121990459782933	correct_baseline
4125308	2023	3	1.1134225946880985	correct_baseline
4125308	2024	3	1.1146108850920147	correct_baseline
4127352	2022	1	0.9899613800267276	correct_baseline
4127352	2023	1	0.9952098062810469	correct_baseline
4127352	2024	1	1.0001245262383807	correct_baseline
4129181	2022	3	1.0726725726604247	correct_baseline
4129181	2023	3	1.0744439781656892	correct_baseline
4129181	2024	3	1.076050036882516	correct_baseline
4129708	2022	3	1.092505382313841	correct_baseline
4129708	2023	3	1.104000640978969	correct_baseline
4129708	2024	3	1.1154533986806179	correct_baseline
4131042	2022			correct_baseline
4131042	2023			correct_baseline
4131042	2024			correct_baseline
4133390	2022	1	0.8639198069479959	correct_baseline
4133390	2023	1	0.8211662236077966	correct_baseline
4133390	2024	1	0.7786331832125525	correct_baseline
4142326	2022			correct_baseline
4142326	2023			correct_baseline
4142326	2024			correct_baseline
4201607	2022	3	1.2892019305329443	correct_baseline
4201607	2023	3	1.3006364705235427	correct_baseline
4201607	2024	3	1.3116038991917809	correct_baseline
4201695	2022			correct_baseline
4201695	2023			correct_baseline
4201695	2024			correct_baseline
4201709	2022			correct_baseline
4201709	2023			correct_baseline
4201709	2024			correct_baseline
4206362	2022	0	0.4101610904702146	correct_baseline
4206362	2023	0	0.2110853602921414	correct_baseline
4206362	2024	0	0.10502556392209525	correct_baseline
4259350	2022	1	1.0049865714901927	correct_baseline
4259350	2023	1	1.0081732716173017	correct_baseline
4259350	2024	3	1.0112962481704568	correct_baseline
4264680	2022	0	0.7192783743755387	correct_baseline
4264680	2023	0	0.6689867472483011	correct_baseline
4264680	2024	0	0.6219925557265241	correct_baseline
4270548	2022	0	0.6601575575268455	correct_baseline
4270548	2023	0	0.5927427467627231	correct_baseline
4270548	2024	0	0.5319853004328612	correct_baseline
4285968	2022	0	0.804323748926864	basic
4285968	2023	0	0.74925947725989	basic
4285968	2024	0	0.6976054534714405	basic
4286942	2022	3	1.02060508833356	basic
4286942	2023	3	1.0119005383218873	basic
4286942	2024	1	1.003204874060529	basic
4286975	2022	3	1.04231389711955	basic
4286975	2023	3	1.0385817631273095	basic
4286975	2024	3	1.0347661706259101	basic
4315705	2022	1	0.8311815587470243	correct_baseline
4315705	2023	1	0.8246732170154608	correct_baseline
4315705	2024	1	0.8170122056554016	correct_baseline
4362965	2022			correct_baseline
4362965	2023			correct_baseline
4362965	2024			correct_baseline
4372686	2022	2	1.1448498345255635	correct_baseline
4372686	2023	2	1.0545970658181727	correct_baseline
4372686	2024	0	0.9701135922303152	correct_baseline
4382841	2022	3	1.0410536841072466	correct_baseline
4382841	2023	3	1.044995484018242	correct_baseline
4382841	2024	3	1.0487432909449819	correct_baseline
4400961	2022			correct_baseline
4400961	2023			correct_baseline
4400961	2024			correct_baseline
4408455	2022	1	0.8469706731096825	correct_baseline
4408455	2023	1	0.8462194220575735	correct_baseline
4408455	2024	1	0.8452589676704267	correct_baseline
4409643	2022	0	0.8208970181972631	basic
4409643	2023	0	0.8095565467605162	basic
4409643	2024	0	0.7983647542564702	basic
4427319	2022	3	1.292533431974483	correct_baseline
4427319	2023	3	1.2852320208991899	correct_baseline
4427319	2024	3	1.2760647233985905	correct_baseline
4460066	2022	0	0.8553345487008005	correct_baseline
4460066	2023	0	0.7860101077148621	correct_baseline
4460066	2024	0	0.7222099266435914	correct_baseline
4483961	2022	1	0.9775416585119717	correct_baseline
4483961	2023	1	0.9412489280374122	correct_baseline
4483961	2024	1	0.9059014946537175	correct_baseline
4483971	2022			correct_baseline
4483971	2023			correct_baseline
4483971	2024			correct_baseline
4484009	2022			correct_baseline
4484009	2023			correct_baseline
4484009	2024			correct_baseline
4484176	2022	1	0.8411564541602871	correct_baseline
4484176	2023	1	0.780899233088713	correct_baseline
4484176	2024	1	0.7243060420204911	correct_baseline
4485843	2022			correct_baseline
4485843	2023			correct_baseline
4485843	2024			correct_baseline
4486243	2022	3	1.3702605576996467	correct_baseline
4486243	2023	3	1.2412945675495055	correct_baseline
4486243	2024	3	1.1148139157447845	correct_baseline
4486297	2022	0	0.4700322314529409	correct_baseline
4486297	2023	0	0.36517630539985	correct_baseline
4486297	2024	0	0.27884974405472346	correct_baseline
4486365	2022	1	0.7320799455072341	correct_baseline
4486365	2023	1	0.5794444756066317	correct_baseline
4486365	2024	1	0.4475996838467153	correct_baseline
4486382	2022	0	0.5561023499233182	correct_baseline
4486382	2023	0	0.31701338673020757	correct_baseline
4486382	2024	0	0.16254940533616924	correct_baseline
4487370	2022			correct_baseline
4487370	2023			correct_baseline
4487370	2024			correct_baseline
4487598	2022			correct_baseline
4487598	2023			correct_baseline
4487598	2024			correct_baseline
4487799	2022			correct_baseline
4487799	2023			correct_baseline
4487799	2024			correct_baseline
4488821	2022	1	0.7109811181698545	correct_baseline
4488821	2023	1	0.6860965928395631	correct_baseline
4488821	2024	1	0.6577133015048525	correct_baseline
4497124	2022	0	0.6123687964403933	correct_baseline
4497124	2023	0	0.5326641832686505	correct_baseline
4497124	2024	0	0.4581454076195631	correct_baseline
4528100	2022	3	1.068801082638936	correct_baseline
4528100	2023	3	1.0159484585194	correct_baseline
4528100	2024	1	0.9647043870522591	correct_baseline
4532122	2022	2	1.2235337291917665	correct_baseline
4532122	2023	2	1.0992902293135478	correct_baseline
4532122	2024	0	0.9809213168558564	correct_baseline
4544661	2022			correct_baseline
4544661	2023			correct_baseline
4544661	2024			correct_baseline
4553469	2022			correct_baseline
4553469	2023			correct_baseline
4553469	2024			correct_baseline
4559541	2022			correct_baseline
4559541	2023			correct_baseline
4559541	2024			correct_baseline
4562529	2022			correct_baseline
4562529	2023			correct_baseline
4562529	2024			correct_baseline
4562917	2022	1	0.6972687044509642	correct_baseline
4562917	2023	1	0.6744322482205998	correct_baseline
4562917	2024	1	0.6520471863497793	correct_baseline
4564216	2022			correct_baseline
4564216	2023			correct_baseline
4564216	2024			correct_baseline
4565039	2022	3	1.14935861763054	correct_baseline
4565039	2023	3	1.1249027795555355	correct_baseline
4565039	2024	3	1.1006022064998162	correct_baseline
4565061	2022			correct_baseline
4565061	2023			correct_baseline
4565061	2024			correct_baseline
4565134	2022	0	0.357403345282962	correct_baseline
4565134	2023	0	0.2880664957645038	correct_baseline
4565134	2024	0	0.23176976706868804	correct_baseline
4567717	2022	1	0.6631838272622423	correct_baseline
4567717	2023	1	0.6233619633171195	correct_baseline
4567717	2024	1	0.5857978262221264	correct_baseline
4568269	2022	0	0.5632699024078001	correct_baseline
4568269	2023	0	0.5868887566176902	correct_baseline
4568269	2024	1	0.6061177485531611	correct_baseline
4598225	2022	3	1.5375053362404716	correct_baseline
4598225	2023	3	1.930378758775866	correct_baseline
4598225	2024	3	2.364754566822061	correct_baseline
4845776	2022			correct_baseline
4845776	2023			correct_baseline
4845776	2024			correct_baseline
4926336	2022			correct_baseline
4926336	2023			correct_baseline
4926336	2024			correct_baseline
4932232	2022	3	1.0989661317263957	correct_baseline
4932232	2023	3	1.1092763644406274	correct_baseline
4932232	2024	3	1.1188889613381146	correct_baseline
4933624	2022	3	1.1206608402933298	correct_baseline
4933624	2023	3	1.101957318722429	correct_baseline
4933624	2024	3	1.083147292652063	correct_baseline
4939668	2022			correct_baseline
4939668	2023			correct_baseline
4939668	2024			correct_baseline
4984851	2022			correct_baseline
4984851	2023			correct_baseline
4984851	2024			correct_baseline
4985072	2022			correct_baseline
4985072	2023			correct_baseline
4985072	2024			correct_baseline
4989904	2022	0	0.9835724523625863	correct_baseline
4989904	2023	0	0.8891342592967938	correct_baseline
4989904	2024	0	0.7996111686895463	correct_baseline
4990176	2022			correct_baseline
4990176	2023			correct_baseline
4990176	2024			correct_baseline
5041422	2022			correct_baseline
5041422	2023			correct_baseline
5041422	2024			correct_baseline
5041466	2022			correct_baseline
5041466	2023			correct_baseline
5041466	2024			correct_baseline
5073820	2022			correct_baseline
5073820	2023			correct_baseline
5073820	2024			correct_baseline
5123474	2022			correct_baseline
5123474	2023			correct_baseline
5123474	2024			correct_baseline
5153082	2022			correct_baseline
5153082	2023			correct_baseline
5153082	2024			correct_baseline
5154481	2022			correct_baseline
5154481	2023			correct_baseline
5154481	2024			correct_baseline
5156102	2022	3	1.3301062603599405	correct_baseline
5156102	2023	3	1.3137909032670068	correct_baseline
5156102	2024	3	1.297549818229897	correct_baseline
5179027	2022			correct_baseline
5179027	2023			correct_baseline
5179027	2024			correct_baseline
5185431	2022			correct_baseline
5185431	2023			correct_baseline
5185431	2024			correct_baseline
5188971	2022	3	1.1095278961607375	correct_baseline
5188971	2023	3	1.086806350486309	correct_baseline
5188971	2024	3	1.063179498915626	correct_baseline
5189032	2022			correct_baseline
5189032	2023			correct_baseline
5189032	2024			correct_baseline
5189713	2022			correct_baseline
5189713	2023			correct_baseline
5189713	2024			correct_baseline
5189806	2022	1	0.8857650916076941	correct_baseline
5189806	2023	1	0.8729768293665583	correct_baseline
5189806	2024	1	0.8603565182331524	correct_baseline
5191102	2022			correct_baseline
5191102	2023			correct_baseline
5191102	2024			correct_baseline
5192470	2022	0	0.6552079126242193	correct_baseline
5192470	2023	0	0.6388353415331014	correct_baseline
5192470	2024	0	0.6228584832449576	correct_baseline
5204019	2022			basic
5204019	2023			basic
5204019	2024			basic
5218786	2022	3	1.2627366515932927	correct_baseline
5218786	2023	3	1.2747292584244247	correct_baseline
5218786	2024	3	1.2867907987241691	correct_baseline
5219681	2022			correct_baseline
5219681	2023			correct_baseline
5219681	2024			correct_baseline
5219858	2022	3	1.1044606003846036	correct_baseline
5219858	2023	3	1.1330839916051014	correct_baseline
5219858	2024	3	1.1620475353265234	correct_baseline
5220136	2022	3	1.2618864332942217	correct_baseline
5220136	2023	3	1.2893781692879616	correct_baseline
5220136	2024	3	1.3174091930815985	correct_baseline
5227775	2022			correct_baseline
5227775	2023			correct_baseline
5227775	2024			correct_baseline
5227966	2022			correct_baseline
5227966	2023			correct_baseline
5227966	2024			correct_baseline
5228033	2022			correct_baseline
5228033	2023			correct_baseline
5228033	2024			correct_baseline
5228034	2022	3	1.0675550012190451	correct_baseline
5228034	2023	3	1.0644398218542246	correct_baseline
5228034	2024	3	1.0611481924295632	correct_baseline
5228080	2022			correct_baseline
5228080	2023			correct_baseline
5228080	2024			correct_baseline
5228229	2022	1	0.855810268471992	correct_baseline
5228229	2023	1	0.8435210387407307	correct_baseline
5228229	2024	1	0.8308831399440476	correct_baseline
5229055	2022	1	0.9950043130185352	correct_baseline
5229055	2023	1	0.9816685934862811	correct_baseline
5229055	2024	1	0.9683990235419164	correct_baseline
5229204	2022			correct_baseline
5229204	2023			correct_baseline
5229204	2024			correct_baseline
5229205	2022	3	1.1325423225587745	correct_baseline
5229205	2023	3	1.1451608355539773	correct_baseline
5229205	2024	3	1.1572725508440251	correct_baseline
5229249	2022	3	1.016170060700047	correct_baseline
5229249	2023	3	1.0179003154177524	correct_baseline
5229249	2024	3	1.0191728157903623	correct_baseline
5231398	2022			correct_baseline
5231398	2023			correct_baseline
5231398	2024			correct_baseline
5232432	2022			correct_baseline
5232432	2023			correct_baseline
5232432	2024			correct_baseline
5232437	2022	3	1.0307645266967977	correct_baseline
5232437	2023	3	1.0264026268896476	correct_baseline
5232437	2024	3	1.022052540936926	correct_baseline
5232451	2022	0	0.6677655651626396	correct_baseline
5232451	2023	0	0.6349104498174328	correct_baseline
5232451	2024	0	0.6034854979715327	correct_baseline
5232452	2022	0	0.7048087874048049	correct_baseline
5232452	2023	0	0.656793535688623	correct_baseline
5232452	2024	0	0.6117264392749999	correct_baseline
5275404	2022	1	0.7703152643735367	correct_baseline
5275404	2023	1	0.7540103913215359	correct_baseline
5275404	2024	1	0.7379251993284646	correct_baseline
5275415	2022	3	1.033840352654797	correct_baseline
5275415	2023	3	1.0504241677173567	correct_baseline
5275415	2024	3	1.0670202620404545	correct_baseline
5281901	2022	3	1.1074141884761564	correct_baseline
5281901	2023	3	1.110242278035409	correct_baseline
5281901	2024	3	1.113074064864352	correct_baseline
5284237	2022	1	0.9926685453426574	correct_baseline
5284237	2023	1	0.9963702602918972	correct_baseline
5284237	2024	1	1.0000633815238695	correct_baseline
5284809	2022	3	1.0339587924711315	correct_baseline
5284809	2023	3	1.0363371520300118	correct_baseline
5284809	2024	3	1.0387082407285924	correct_baseline
5284827	2022	3	1.0797051399172215	correct_baseline
5284827	2023	3	1.0860174654020405	correct_baseline
5284827	2024	3	1.092329157378501	correct_baseline
5284884	2022	3	1.0116667444959173	correct_baseline
5284884	2023	3	1.013654058548437	correct_baseline
5284884	2024	3	1.0155026097530961	correct_baseline
5284950	2022	1	0.841477667024433	correct_baseline
5284950	2023	1	0.837397331434163	correct_baseline
5284950	2024	1	0.8332700777223974	correct_baseline
5284982	2022	1	0.9616964276646668	correct_baseline
5284982	2023	1	0.956335474106856	correct_baseline
5284982	2024	1	0.9509834740932317	correct_baseline
5285074	2022			correct_baseline
5285074	2023			correct_baseline
5285074	2024			correct_baseline
5285565	2022	3	1.0116698707205054	correct_baseline
5285565	2023	3	1.0109549984753383	correct_baseline
5285565	2024	3	1.010227089039214	correct_baseline
5285637	2022	0	0.8375799815203304	correct_baseline
5285637	2023	0	0.8320927520482598	correct_baseline
5285637	2024	0	0.8266368904918318	correct_baseline
5289503	2022	1	0.736072990381846	correct_baseline
5289503	2023	1	0.6959871334320259	correct_baseline
5289503	2024	1	0.6578660759921358	correct_baseline
5289643	2022			correct_baseline
5289643	2023			correct_baseline
5289643	2024			correct_baseline
5289666	2022	3	1.1194564527046134	correct_baseline
5289666	2023	3	1.1268781499319853	correct_baseline
5289666	2024	3	1.1339788041913816	correct_baseline
5289679	2022	1	0.8568214647741549	correct_baseline
5289679	2023	1	0.8540830744067329	correct_baseline
5289679	2024	1	0.8513416891794069	correct_baseline
5289684	2022	3	1.1070510354787084	correct_baseline
5289684	2023	3	1.1152268786885897	correct_baseline
5289684	2024	3	1.1233245980549709	correct_baseline
5289686	2022	3	1.0142503138757408	correct_baseline
5289686	2023	3	1.012650904174973	correct_baseline
5289686	2024	3	1.0110434499008398	correct_baseline
5289693	2022	3	1.2193774546829506	correct_baseline
5289693	2023	3	1.226157606056573	correct_baseline
5289693	2024	3	1.2328808954132142	correct_baseline
5289698	2022	1	0.9600086125305146	correct_baseline
5289698	2023	1	0.9514202136615248	correct_baseline
5289698	2024	1	0.9427459397786626	correct_baseline
5289744	2022	3	1.017957333081725	correct_baseline
5289744	2023	3	1.0185332468380508	correct_baseline
5289744	2024	3	1.0191029758428498	correct_baseline
5289756	2022	0	0.9277867530846631	correct_baseline
5289756	2023	0	0.9247007433999094	correct_baseline
5289756	2024	0	0.9216220804037868	correct_baseline
5289833	2022	0	0.9296860901147218	correct_baseline
5289833	2023	0	0.8561098117343545	correct_baseline
5289833	2024	0	0.781503423168058	correct_baseline
5289906	2022	0	0.7007917655377837	correct_baseline
5289906	2023	0	0.63592958966451	correct_baseline
5289906	2024	0	0.57508021541431	correct_baseline
5289913	2022	3	1.079677136076387	correct_baseline
5289913	2023	3	1.0832857311416164	correct_baseline
5289913	2024	3	1.0866402984476202	correct_baseline
5289917	2022	3	1.1514452081959834	correct_baseline
5289917	2023	3	1.15758992523485	correct_baseline
5289917	2024	3	1.1634951964370293	correct_baseline
5289919	2022	3	1.0858715306901532	correct_baseline
5289919	2023	3	1.0707767222204891	correct_baseline
5289919	2024	3	1.0556066321448967	correct_baseline
5289972	2022	3	1.139526827026709	correct_baseline
5289972	2023	3	1.1532129378782485	correct_baseline
5289972	2024	3	1.1669607602767558	correct_baseline
5289998	2022	1	0.8904192732822588	correct_baseline
5289998	2023	1	0.8863225757581349	correct_baseline
5289998	2024	1	0.8821179861061166	correct_baseline
5290052	2022	3	1.1228621406753392	correct_baseline
5290052	2023	3	1.1276344038648958	correct_baseline
5290052	2024	3	1.1323913861847517	correct_baseline
5290177	2022	3	1.1884578441480482	correct_baseline
5290177	2023	3	1.1939571640721436	correct_baseline
5290177	2024	3	1.1992149898937379	correct_baseline
5290192	2022			correct_baseline
5290192	2023			correct_baseline
5290192	2024			correct_baseline
5296178	2022	1	0.907360803234342	correct_baseline
5296178	2023	1	0.9050326551564968	correct_baseline
5296178	2024	1	0.9026739760992948	correct_baseline
5296218	2022			correct_baseline
5296218	2023			correct_baseline
5296218	2024			correct_baseline
5296432	2022			correct_baseline
5296432	2023			correct_baseline
5296432	2024			correct_baseline
5297966	2022			correct_baseline
5297966	2023			correct_baseline
5297966	2024			correct_baseline
5298069	2022	3	1.1211545223417938	correct_baseline
5298069	2023	3	1.128247775327195	correct_baseline
5298069	2024	3	1.1352678211379321	correct_baseline
5298126	2022	3	1.0381204825586112	correct_baseline
5298126	2023	1	0.9766512328103555	correct_baseline
5298126	2024	1	0.912577625123762	correct_baseline
5298765	2022	3	1.0177159276043661	correct_baseline
5298765	2023	1	0.9596430546291401	correct_baseline
5298765	2024	1	0.8990797715633798	correct_baseline
5299536	2022	3	1.0324312446277224	correct_baseline
5299536	2023	3	1.011087702321629	correct_baseline
5299536	2024	1	0.9897012372830373	correct_baseline
5303040	2022			correct_baseline
5303040	2023			correct_baseline
5303040	2024			correct_baseline
5304187	2022			correct_baseline
5304187	2023			correct_baseline
5304187	2024			correct_baseline
5304257	2022	1	1.0028052329307284	correct_baseline
5304257	2023	1	0.9964018678920427	correct_baseline
5304257	2024	1	0.9899730597711629	correct_baseline
5304294	2022	3	1.3407924350224847	correct_baseline
5304294	2023	3	1.339276122612723	correct_baseline
5304294	2024	3	1.3374717716359692	correct_baseline
5328593	2022	3	1.0752279687869055	correct_baseline
5328593	2023	3	1.042045322918444	correct_baseline
5328593	2024	1	1.0090290229480683	correct_baseline
5328909	2022	3	1.151665395506445	correct_baseline
5328909	2023	3	1.0938508215126959	correct_baseline
5328909	2024	3	1.0346661459336353	correct_baseline
5329212	2022	1	0.995527959292522	correct_baseline
5329212	2023	1	0.9952866594805285	correct_baseline
5329212	2024	1	0.9950385106325538	correct_baseline
5329263	2022	1	0.8509142791376766	correct_baseline
5329263	2023	1	0.8310421548121193	correct_baseline
5329263	2024	1	0.811244572663366	correct_baseline
5330001	2022			correct_baseline
5330001	2023			correct_baseline
5330001	2024			correct_baseline
5330085	2022			correct_baseline
5330085	2023			correct_baseline
5330085	2024			correct_baseline
5330661	2022	3	1.2490130907880115	correct_baseline
5330661	2023	3	1.2555454352181141	correct_baseline
5330661	2024	3	1.2620976443538934	correct_baseline
5331238	2022			correct_baseline
5331238	2023			correct_baseline
5331238	2024			correct_baseline
5332305	2022			correct_baseline
5332305	2023			correct_baseline
5332305	2024			correct_baseline
5333294	2022	3	1.2732460158966001	correct_baseline
5333294	2023	3	1.2998766930407069	correct_baseline
5333294	2024	3	1.3267718095374714	correct_baseline
5334227	2022	1	0.9569202450230431	correct_baseline
5334227	2023	1	0.9554557479850124	correct_baseline
5334227	2024	1	0.9536692017113797	correct_baseline
5334240	2022	3	1.1726843877365498	correct_baseline
5334240	2023	3	1.1798501551372618	correct_baseline
5334240	2024	3	1.1864439694638524	correct_baseline
5334242	2022	3	1.1812489892000035	correct_baseline
5334242	2023	3	1.1956033842733886	correct_baseline
5334242	2024	3	1.2093939818310646	correct_baseline
5334351	2022	3	1.1480260066195542	correct_baseline
5334351	2023	3	1.152946651514654	correct_baseline
5334351	2024	3	1.1578513907906418	correct_baseline
5334527	2022			correct_baseline
5334527	2023			correct_baseline
5334527	2024			correct_baseline
5341112	2022			correct_baseline
5341112	2023			correct_baseline
5341112	2024			correct_baseline
5341201	2022	3	1.303391636221139	correct_baseline
5341201	2023	3	1.3313919759753714	correct_baseline
5341201	2024	3	1.3594610711595487	correct_baseline
5341203	2022	0	0.46373780388674607	correct_baseline
5341203	2023	0	0.2874478444895766	correct_baseline
5341203	2024	1	0.14532185868717093	correct_baseline
5341204	2022	3	1.027913401558398	correct_baseline
5341204	2023	3	1.0284115934454472	correct_baseline
5341204	2024	3	1.028900490562675	correct_baseline
5341373	2022	3	1.246048871479262	correct_baseline
5341373	2023	3	1.2450514961066055	correct_baseline
5341373	2024	3	1.240740293178631	correct_baseline
5341387	2022	0	0.5850577273411259	correct_baseline
5341387	2023	0	0.3598919981714935	correct_baseline
5341387	2024	0	0.2177930130544089	correct_baseline
5341442	2022	0	0.6072747069319981	correct_baseline
5341442	2023	0	0.42881846070810653	correct_baseline
5341442	2024	0	0.29966602332427755	correct_baseline
5341497	2022	3	1.2230897108056362	correct_baseline
5341497	2023	3	1.234385763624659	correct_baseline
5341497	2024	3	1.2451984340904385	correct_baseline
5341501	2022	3	1.284459772706917	correct_baseline
5341501	2023	3	1.2898532071910203	correct_baseline
5341501	2024	3	1.2950875610857862	correct_baseline
5341540	2022			correct_baseline
5341540	2023			correct_baseline
5341540	2024			correct_baseline
5341558	2022	0	0.4590161506986106	correct_baseline
5341558	2023	0	0.2704498630104465	correct_baseline
5341558	2024	0	0.14986134179322416	correct_baseline
5341754	2022	3	1.271551133946192	correct_baseline
5341754	2023	3	1.2803503411191641	correct_baseline
5341754	2024	3	1.2891699952495062	correct_baseline
5341784	2022	1	0.9728630459506222	correct_baseline
5341784	2023	1	0.9698289311224683	correct_baseline
5341784	2024	1	0.9667752749145355	correct_baseline
5347846	2022	3	1.1529033980727834	correct_baseline
5347846	2023	3	1.158104418679795	correct_baseline
5347846	2024	3	1.1633039520001007	correct_baseline
5350005	2022	3	1.1549928027860445	correct_baseline
5350005	2023	3	1.1581799297321365	correct_baseline
5350005	2024	3	1.1612918044126304	correct_baseline
5350466	2022			correct_baseline
5350466	2023			correct_baseline
5350466	2024			correct_baseline
5352251	2022	3	1.319546189556203	correct_baseline
5352251	2023	3	1.36506169922431	correct_baseline
5352251	2024	3	1.411953866252689	correct_baseline
5353590	2022	3	1.1880892633955236	correct_baseline
5353590	2023	3	1.2205253834724274	correct_baseline
5353590	2024	3	1.251599370156619	correct_baseline
5354707	2022	3	1.144115493708254	correct_baseline
5354707	2023	3	1.1425771473393425	correct_baseline
5354707	2024	3	1.139477174177597	correct_baseline
5355395	2022			correct_baseline
5355395	2023			correct_baseline
5355395	2024			correct_baseline
5356345	2022	3	1.062755872781563	correct_baseline
5356345	2023	3	1.062169717862658	correct_baseline
5356345	2024	3	1.0615630594312995	correct_baseline
5356514	2022	1	1.002311540049056	correct_baseline
5356514	2023	1	1.0021784482913394	correct_baseline
5356514	2024	1	1.001911378726974	correct_baseline
5356517	2022	3	1.262339566372152	correct_baseline
5356517	2023	3	1.2737269940324487	correct_baseline
5356517	2024	3	1.2848864737142083	correct_baseline
5356662	2022			correct_baseline
5356662	2023			correct_baseline
5356662	2024			correct_baseline
5356704	2022			correct_baseline
5356704	2023			correct_baseline
5356704	2024			correct_baseline
5357407	2022	1	0.9774733723715121	correct_baseline
5357407	2023	1	0.9351521471617787	correct_baseline
5357407	2024	1	0.8934903305846136	correct_baseline
5358265	2022			correct_baseline
5358265	2023			correct_baseline
5358265	2024			correct_baseline
5358266	2022	3	1.1963292714407718	correct_baseline
5358266	2023	3	1.2090135061680092	correct_baseline
5358266	2024	3	1.2217219203545482	correct_baseline
5358694	2022	1	0.9830222430781873	correct_baseline
5358694	2023	1	0.9806499633802944	correct_baseline
5358694	2024	1	0.973849424426726	correct_baseline
5358907	2022	3	1.1007527256382803	correct_baseline
5358907	2023	3	1.1096111061960425	correct_baseline
5358907	2024	3	1.1182561325726204	correct_baseline
5359175	2022	3	1.2849209047859105	correct_baseline
5359175	2023	3	1.2987947210030404	correct_baseline
5359175	2024	3	1.3119831026202524	correct_baseline
5359249	2022			correct_baseline
5359249	2023			correct_baseline
5359249	2024			correct_baseline
5359378	2022	3	1.4945871664861488	correct_baseline
5359378	2023	3	1.5079330456629427	correct_baseline
5359378	2024	3	1.5203587482100922	correct_baseline
5359395	2022			correct_baseline
5359395	2023			correct_baseline
5359395	2024			correct_baseline
5359660	2022	1	0.9717475342860757	correct_baseline
5359660	2023	1	0.9694910034171222	correct_baseline
5359660	2024	1	0.966793607068469	correct_baseline
5361762	2022	1	0.8697116630375107	correct_baseline
5361762	2023	1	0.8466869237030081	correct_baseline
5361762	2024	1	0.8238981446147967	correct_baseline
5361785	2022	1	0.9174681724556187	correct_baseline
5361785	2023	1	0.885435294800662	correct_baseline
5361785	2024	1	0.8540244224843765	correct_baseline
5361880	2022	3	1.1243045814285288	correct_baseline
5361880	2023	3	1.1275041212291539	correct_baseline
5361880	2024	3	1.13069476961909	correct_baseline
5361888	2022	1	0.9713048065975389	correct_baseline
5361888	2023	1	0.9822086091369726	correct_baseline
5361888	2024	1	0.9915972980221324	correct_baseline
5361889	2022			correct_baseline
5361889	2023			correct_baseline
5361889	2024			correct_baseline
5361909	2022	3	1.0895808132011913	correct_baseline
5361909	2023	3	1.0834464305578035	correct_baseline
5361909	2024	3	1.0771781219986052	correct_baseline
5361944	2022	1	0.921821174324508	correct_baseline
5361944	2023	1	0.9248667216301928	correct_baseline
5361944	2024	1	0.9274872814088715	correct_baseline
5361982	2022	1	0.9326413126700739	correct_baseline
5361982	2023	1	0.9342705882715158	correct_baseline
5361982	2024	1	0.9354393980596709	correct_baseline
5362004	2022	3	1.0328622954199065	correct_baseline
5362004	2023	3	1.0350658276480904	correct_baseline
5362004	2024	3	1.0368960111766907	correct_baseline
5362054	2022	3	1.0348207440183372	correct_baseline
5362054	2023	3	1.0144411867285326	correct_baseline
5362054	2024	1	0.9940422592356565	correct_baseline
5362136	2022			correct_baseline
5362136	2023			correct_baseline
5362136	2024			correct_baseline
5362215	2022	3	1.1322089933864063	correct_baseline
5362215	2023	3	1.137589524363034	correct_baseline
5362215	2024	3	1.1429104745261367	correct_baseline
5362573	2022	3	1.150627266599316	correct_baseline
5362573	2023	3	1.1560657912599661	correct_baseline
5362573	2024	3	1.1608338512329748	correct_baseline
5363613	2022	3	1.028395544210486	correct_baseline
5363613	2023	3	1.0312479125652863	correct_baseline
5363613	2024	3	1.0338805130005768	correct_baseline
5363627	2022	1	0.9280489298938789	correct_baseline
5363627	2023	1	0.9297429057316026	correct_baseline
5363627	2024	1	0.9311021219635551	correct_baseline
5365305	2022	1	0.9683888082652937	correct_baseline
5365305	2023	1	0.966814986298083	correct_baseline
5365305	2024	1	0.9651302038241096	correct_baseline
5365705	2022	0	0.9123156942627237	correct_baseline
5365705	2023	0	0.8831691873259051	correct_baseline
5365705	2024	0	0.8545935819504528	correct_baseline
5365717	2022	3	1.3083582235335045	correct_baseline
5365717	2023	3	1.3217109476548063	correct_baseline
5365717	2024	3	1.33502806953624	correct_baseline
5367294	2022	3	1.1251723492255998	correct_baseline
5367294	2023	3	1.1294686389801354	correct_baseline
5367294	2024	3	1.1337725152656222	correct_baseline
5369784	2022	3	1.3429909097962198	correct_baseline
5369784	2023	3	1.3540829833590866	correct_baseline
5369784	2024	3	1.3651422284542334	correct_baseline
5370006	2022	0	0.6485260012471662	correct_baseline
5370006	2023	0	0.4847923368543115	correct_baseline
5370006	2024	0	0.3557946090354872	correct_baseline
5370380	2022	3	1.1703453663652734	correct_baseline
5370380	2023	3	1.1782315583391043	correct_baseline
5370380	2024	3	1.1860768476999624	correct_baseline
5371450	2022	3	1.0769662664661777	correct_baseline
5371450	2023	3	1.0837721580071518	correct_baseline
5371450	2024	3	1.0902859235900395	correct_baseline
5371605	2022			correct_baseline
5371605	2023			correct_baseline
5371605	2024			correct_baseline
5371655	2022			correct_baseline
5371655	2023			correct_baseline
5371655	2024			correct_baseline
5371699	2022			correct_baseline
5371699	2023			correct_baseline
5371699	2024			correct_baseline
5371702	2022	3	1.3310894950903969	correct_baseline
5371702	2023	3	1.3487311569242	correct_baseline
5371702	2024	3	1.366433067482006	correct_baseline
5371709	2022			correct_baseline
5371709	2023			correct_baseline
5371709	2024			correct_baseline
5371746	2022	3	1.1917562886942434	correct_baseline
5371746	2023	3	1.2004523093697472	correct_baseline
5371746	2024	3	1.2091945943328677	correct_baseline
5371753	2022	3	1.3161698876332384	correct_baseline
5371753	2023	3	1.345757240380129	correct_baseline
5371753	2024	3	1.3743073908172094	correct_baseline
5371772	2022	3	1.2344206599330079	correct_baseline
5371772	2023	3	1.2226299228419628	correct_baseline
5371772	2024	3	1.2095829467365316	correct_baseline
5371808	2022	3	1.0384802139132794	correct_baseline
5371808	2023	3	1.0368687958323095	correct_baseline
5371808	2024	3	1.0352515972193188	correct_baseline
5371889	2022	1	0.9363511089900846	correct_baseline
5371889	2023	1	0.9120707431138365	correct_baseline
5371889	2024	1	0.8869764110593983	correct_baseline
5372392	2022	3	1.1281975492823515	correct_baseline
5372392	2023	3	1.134049456033721	correct_baseline
5372392	2024	3	1.1398932113802316	correct_baseline
5372614	2022	0	0.6989907378490384	correct_baseline
5372614	2023	0	0.6008069761091597	correct_baseline
5372614	2024	0	0.5143509356303871	correct_baseline
5372639	2022	1	0.9824837380040146	correct_baseline
5372639	2023	1	0.9281119701873521	correct_baseline
5372639	2024	1	0.8756781642758172	correct_baseline
5372647	2022	1	0.9068285693791007	correct_baseline
5372647	2023	1	0.903104564591815	correct_baseline
5372647	2024	1	0.8993865848006998	correct_baseline
5372655	2022	3	1.2215527400634107	correct_baseline
5372655	2023	3	1.2345298328324152	correct_baseline
5372655	2024	3	1.2472726437061408	correct_baseline
5372875	2022			correct_baseline
5372875	2023			correct_baseline
5372875	2024			correct_baseline
5373124	2022			correct_baseline
5373124	2023			correct_baseline
5373124	2024			correct_baseline
5373160	2022	0	0.6561614163348193	correct_baseline
5373160	2023	0	0.25926490535799684	correct_baseline
5373160	2024	0	0.08985185885373957	correct_baseline
5373324	2022	3	1.2938932369773777	correct_baseline
5373324	2023	3	1.3064915668138264	correct_baseline
5373324	2024	3	1.3187986518074695	correct_baseline
5373358	2022	3	1.3643925607854634	correct_baseline
5373358	2023	3	1.37186045698125	correct_baseline
5373358	2024	3	1.3788443854044499	correct_baseline
5373368	2022	3	1.0531292247276831	correct_baseline
5373368	2023	3	1.0342825400601912	correct_baseline
5373368	2024	3	1.0153615844694566	correct_baseline
5374118	2022	3	1.2424590625216836	correct_baseline
5374118	2023	3	1.1961099646930964	correct_baseline
5374118	2024	3	1.1496909488630969	correct_baseline
5374614	2022	1	1.0039237439510809	correct_baseline
5374614	2023	1	1.005921690447109	correct_baseline
5374614	2024	1	1.0076864254988933	correct_baseline
5374672	2022	3	1.1180727356855713	correct_baseline
5374672	2023	3	1.1207840032652578	correct_baseline
5374672	2024	3	1.1230020012627255	correct_baseline
5374922	2022			correct_baseline
5374922	2023			correct_baseline
5374922	2024			correct_baseline
5375012	2022			correct_baseline
5375012	2023			correct_baseline
5375012	2024			correct_baseline
5375920	2022	3	1.2988020076679343	correct_baseline
5375920	2023	3	1.3148768629115926	correct_baseline
5375920	2024	3	1.331004416058762	correct_baseline
5376179	2022			correct_baseline
5376179	2023			correct_baseline
5376179	2024			correct_baseline
5376309	2022			correct_baseline
5376309	2023			correct_baseline
5376309	2024			correct_baseline
5376565	2022	1	0.9668635491928195	correct_baseline
5376565	2023	1	0.9614597781973914	correct_baseline
5376565	2024	1	0.9555510710596054	correct_baseline
5376648	2022	3	1.1164408681053137	correct_baseline
5376648	2023	3	1.1199853372972972	correct_baseline
5376648	2024	3	1.1234045072962007	correct_baseline
5376692	2022	3	1.087209781752313	correct_baseline
5376692	2023	3	1.090217081199622	correct_baseline
5376692	2024	3	1.093185301363587	correct_baseline
5376961	2022	3	1.135407967992843	correct_baseline
5376961	2023	3	1.1405981872469086	correct_baseline
5376961	2024	3	1.1454588929281952	correct_baseline
5377060	2022	3	1.168616474794486	correct_baseline
5377060	2023	3	1.1795697425558298	correct_baseline
5377060	2024	3	1.1903378525891355	correct_baseline
5377064	2022	1	0.9280998368038009	correct_baseline
5377064	2023	1	0.9247739369222995	correct_baseline
5377064	2024	1	0.9214503082230867	correct_baseline
5377163	2022			correct_baseline
5377163	2023			correct_baseline
5377163	2024			correct_baseline
5377303	2022	3	1.1032425786511353	correct_baseline
5377303	2023	3	1.1030848943036935	correct_baseline
5377303	2024	3	1.102322460062036	correct_baseline
5377378	2022			correct_baseline
5377378	2023			correct_baseline
5377378	2024			correct_baseline
5377778	2022	0	0.7612776109064292	correct_baseline
5377778	2023	0	0.6028781542685638	correct_baseline
5377778	2024	0	0.47245450195350636	correct_baseline
5383936	2022	0	0.8449003829111796	correct_baseline
5383936	2023	0	0.8366153430568622	correct_baseline
5383936	2024	0	0.8283725944269272	correct_baseline
5383969	2022	3	1.0907967359401485	correct_baseline
5383969	2023	3	1.098768732497492	correct_baseline
5383969	2024	3	1.1066262405318512	correct_baseline
5383971	2022			correct_baseline
5383971	2023			correct_baseline
5383971	2024			correct_baseline
5384334	2022	1	0.9052285762664583	correct_baseline
5384334	2023	1	0.9029902345503135	correct_baseline
5384334	2024	1	0.900744946161227	correct_baseline
5384361	2022	0	0.9132298283283703	correct_baseline
5384361	2023	0	0.908980820716739	correct_baseline
5384361	2024	0	0.9047411695278638	correct_baseline
5384364	2022	3	1.2021284574011473	correct_baseline
5384364	2023	3	1.2074212544572316	correct_baseline
5384364	2024	3	1.2125632627326153	correct_baseline
5384390	2022	3	1.0464819571280835	correct_baseline
5384390	2023	3	1.0521354051536382	correct_baseline
5384390	2024	3	1.0544659514970993	correct_baseline
5384395	2022	3	1.0713817080050674	correct_baseline
5384395	2023	3	1.0713802002440909	correct_baseline
5384395	2024	3	1.0708064320497916	correct_baseline
5384396	2022	3	1.0301645346692934	correct_baseline
5384396	2023	3	1.035312883372358	correct_baseline
5384396	2024	3	1.0396993337058111	correct_baseline
5384466	2022			correct_baseline
5384466	2023			correct_baseline
5384466	2024			correct_baseline
5384741	2022	3	1.2996900262657858	correct_baseline
5384741	2023	3	1.305775257785344	correct_baseline
5384741	2024	3	1.3118367087508576	correct_baseline
5384818	2022	1	0.9773347350643549	correct_baseline
5384818	2023	1	0.9790405934262687	correct_baseline
5384818	2024	1	0.9805700502453615	correct_baseline
5384848	2022	1	0.9533264683607546	correct_baseline
5384848	2023	1	0.9073727906744963	correct_baseline
5384848	2024	1	0.8627264770570304	correct_baseline
5384931	2022	3	1.1570901507337021	correct_baseline
5384931	2023	3	1.0468438945975886	correct_baseline
5384931	2024	1	0.9333980921962509	correct_baseline
5384932	2022	1	1.0098318166048286	correct_baseline
5384932	2023	1	1.0048280341159939	correct_baseline
5384932	2024	1	0.9992420603443005	correct_baseline
5384950	2022			correct_baseline
5384950	2023			correct_baseline
5384950	2024			correct_baseline
5386938	2022	3	1.223434536850626	correct_baseline
5386938	2023	3	1.2345742218942453	correct_baseline
5386938	2024	3	1.24561192121576	correct_baseline
5387639	2022	3	1.3511281389006626	correct_baseline
5387639	2023	3	1.430324003715963	correct_baseline
5387639	2024	3	1.5116468988639487	correct_baseline
5388595	2022	1	0.9658744545544307	correct_baseline
5388595	2023	1	0.9139694182152704	correct_baseline
5388595	2024	1	0.8634471342331013	correct_baseline
5389017	2022	3	1.182164717518073	correct_baseline
5389017	2023	3	1.1876975238096756	correct_baseline
5389017	2024	3	1.193022911370057	correct_baseline
5389029	2022	3	1.0374267052257056	correct_baseline
5389029	2023	3	1.0380605470907573	correct_baseline
5389029	2024	3	1.0385113927605474	correct_baseline
5389173	2022	3	1.075207542001137	correct_baseline
5389173	2023	3	1.079044168935372	correct_baseline
5389173	2024	3	1.0827508388327405	correct_baseline
5390636	2022	0	0.7237158402268662	correct_baseline
5390636	2023	0	0.6685924936387386	correct_baseline
5390636	2024	0	0.6168458558330445	correct_baseline
5391480	2022	3	1.222695013042551	correct_baseline
5391480	2023	3	1.2288210625274765	correct_baseline
5391480	2024	3	1.2349331341471785	correct_baseline
5391599	2022	1	0.8846385449428932	correct_baseline
5391599	2023	1	0.8712832656056811	correct_baseline
5391599	2024	1	0.8551843353515586	correct_baseline
5392083	2022	0	0.8308598241606019	correct_baseline
5392083	2023	0	0.8212906536403546	correct_baseline
5392083	2024	0	0.8116089228754573	correct_baseline
5392145	2022	3	1.0447004780954148	correct_baseline
5392145	2023	3	1.0525952203507198	correct_baseline
5392145	2024	3	1.0594306880433517	correct_baseline
5392174	2022	3	1.1766966906565264	correct_baseline
5392174	2023	3	1.1884521255500384	correct_baseline
5392174	2024	3	1.2001638029655985	correct_baseline
5392243	2022	3	1.2984403148964188	correct_baseline
5392243	2023	3	1.311494427443188	correct_baseline
5392243	2024	3	1.3245778474190697	correct_baseline
5392683	2022	3	1.119870583590995	correct_baseline
5392683	2023	3	1.119525598730549	correct_baseline
5392683	2024	3	1.1182306354290248	correct_baseline
5392859	2022	3	1.2777276534321556	correct_baseline
5392859	2023	3	1.304031839315842	correct_baseline
5392859	2024	3	1.329686524201225	correct_baseline
5392883	2022	3	1.1175411825831238	correct_baseline
5392883	2023	3	1.1278673464077726	correct_baseline
5392883	2024	3	1.137924122551402	correct_baseline
5395475	2022			correct_baseline
5395475	2023			correct_baseline
5395475	2024			correct_baseline
5396125	2022	0	0.6458468176001367	correct_baseline
5396125	2023	0	0.4102869105338898	correct_baseline
5396125	2024	0	0.2479881739961764	correct_baseline
5396474	2022	1	0.707950164235308	correct_baseline
5396474	2023	1	0.6118570752539743	correct_baseline
5396474	2024	1	0.5235962342240593	correct_baseline
5400552	2022			correct_baseline
5400552	2023			correct_baseline
5400552	2024			correct_baseline
5401007	2022			correct_baseline
5401007	2023			correct_baseline
5401007	2024			correct_baseline
5401760	2022	3	1.0539528252326995	correct_baseline
5401760	2023	3	1.0578532906066935	correct_baseline
5401760	2024	3	1.061677265145653	correct_baseline
5403272	2022			correct_baseline
5403272	2023			correct_baseline
5403272	2024			correct_baseline
5403541	2022			correct_baseline
5403541	2023			correct_baseline
5403541	2024			correct_baseline
5406741	2022	1	0.8557939020912078	correct_baseline
5406741	2023	1	0.8508470486669938	correct_baseline
5406741	2024	1	0.8459133101879812	correct_baseline
5406789	2022	3	1.1918819451140439	correct_baseline
5406789	2023	3	1.1870591138572029	correct_baseline
5406789	2024	3	1.1819120814308077	correct_baseline
5407810	2022	3	1.0919638170862078	correct_baseline
5407810	2023	3	1.1221459511398166	correct_baseline
5407810	2024	3	1.1519322248497534	correct_baseline
5408087	2022	3	1.2546272978817472	correct_baseline
5408087	2023	3	1.2626625556510651	correct_baseline
5408087	2024	3	1.2706212094833036	correct_baseline
5408682	2022	3	1.3321436484051996	correct_baseline
5408682	2023	3	1.3461918997353188	correct_baseline
5408682	2024	3	1.3567273055583255	correct_baseline
5409120	2022			correct_baseline
5409120	2023			correct_baseline
5409120	2024			correct_baseline
5410151	2022	3	1.3657291980550426	correct_baseline
5410151	2023	3	1.3741802284115423	correct_baseline
5410151	2024	3	1.3818812208820084	correct_baseline
5410210	2022			correct_baseline
5410210	2023			correct_baseline
5410210	2024			correct_baseline
5410411	2022	3	1.3883766271044569	correct_baseline
5410411	2023	3	1.403638397208584	correct_baseline
5410411	2024	3	1.4188715153116394	correct_baseline
5410826	2022			correct_baseline
5410826	2023			correct_baseline
5410826	2024			correct_baseline
5411408	2022	1	0.956554091323972	correct_baseline
5411408	2023	1	0.9435408618624223	correct_baseline
5411408	2024	1	0.9299003472178275	correct_baseline
5414239	2022	3	1.0600034916320484	correct_baseline
5414239	2023	3	1.0204227186819605	correct_baseline
5414239	2024	1	0.9816835276532804	correct_baseline
5414551	2022			correct_baseline
5414551	2023			correct_baseline
5414551	2024			correct_baseline
5414932	2022			correct_baseline
5414932	2023			correct_baseline
5414932	2024			correct_baseline
5414959	2022			correct_baseline
5414959	2023			correct_baseline
5414959	2024			correct_baseline
5415012	2022	3	1.0971248505257754	correct_baseline
5415012	2023	3	1.0561939703425522	correct_baseline
5415012	2024	3	1.015329535228132	correct_baseline
5415016	2022	3	1.4299105576883935	correct_baseline
5415016	2023	3	1.462414181611148	correct_baseline
5415016	2024	3	1.4947412188800924	correct_baseline
5415039	2022	3	1.228436687830863	correct_baseline
5415039	2023	3	1.2339753863190317	correct_baseline
5415039	2024	3	1.2391749208217515	correct_baseline
5415054	2022	1	0.9237440764652325	correct_baseline
5415054	2023	1	0.9210281948945999	correct_baseline
5415054	2024	1	0.9182700253845164	correct_baseline
5415453	2022			correct_baseline
5415453	2023			correct_baseline
5415453	2024			correct_baseline
5415455	2022	0	0.6141427197637548	correct_baseline
5415455	2023	0	0.39143802475001316	correct_baseline
5415455	2024	0	0.23564240665774225	correct_baseline
5415463	2022			correct_baseline
5415463	2023			correct_baseline
5415463	2024			correct_baseline
5420957	2022	0	0.6224895187565069	correct_baseline
5420957	2023	0	0.5231489784047472	correct_baseline
5420957	2024	0	0.43860510537522696	correct_baseline
5420978	2022			correct_baseline
5420978	2023			correct_baseline
5420978	2024			correct_baseline
5420991	2022	1	0.9283491628069317	correct_baseline
5420991	2023	1	0.9275526750676811	correct_baseline
5420991	2024	1	0.9261800800579925	correct_baseline
5421039	2022	3	1.1287835673805455	correct_baseline
5421039	2023	3	1.1191268415928604	correct_baseline
5421039	2024	3	1.1093921327456948	correct_baseline
5421180	2022	3	1.0226621940978908	correct_baseline
5421180	2023	3	1.020090343866953	correct_baseline
5421180	2024	3	1.0171511466382928	correct_baseline
5530829	2022			correct_baseline
5530829	2023			correct_baseline
5530829	2024			correct_baseline
5530881	2022			correct_baseline
5530881	2023			correct_baseline
5530881	2024			correct_baseline
5533814	2022			correct_baseline
5533814	2023			correct_baseline
5533814	2024			correct_baseline
5538946	2022	1	0.8967923976314234	correct_baseline
5538946	2023	1	0.8905561741175684	correct_baseline
5538946	2024	1	0.8837858474206042	correct_baseline
5549949	2022			correct_baseline
5549949	2023			correct_baseline
5549949	2024			correct_baseline
5551241	2022	1	0.9918619218453105	correct_baseline
5551241	2023	1	0.8723792739188195	correct_baseline
5551241	2024	1	0.7598913295642851	correct_baseline
5554574	2022	1	0.7546230366302166	correct_baseline
5554574	2023	1	0.7378274537831994	correct_baseline
5554574	2024	1	0.7212194641225155	correct_baseline
5561475	2022	3	1.0558503161321815	correct_baseline
5561475	2023	3	1.0385895937131946	correct_baseline
5561475	2024	3	1.0210941410335257	correct_baseline
5567694	2022	1	0.8689354396879183	correct_baseline
5567694	2023	1	0.8217342937319662	correct_baseline
5567694	2024	1	0.7760271645063085	correct_baseline
5568339	2022	3	1.1403253131886546	correct_baseline
5568339	2023	3	1.1437153343977602	correct_baseline
5568339	2024	3	1.1462876938740234	correct_baseline
5568428	2022	3	1.0369988585987238	correct_baseline
5568428	2023	3	1.0370387030784818	correct_baseline
5568428	2024	3	1.0343561539627075	correct_baseline
5568446	2022	3	1.101585700288686	correct_baseline
5568446	2023	3	1.105211514899112	correct_baseline
5568446	2024	3	1.108842228582011	correct_baseline
5582033	2022	3	1.0744111319593983	correct_baseline
5582033	2023	3	1.0835218911978488	correct_baseline
5582033	2024	3	1.0920166310447221	correct_baseline
5584240	2022			correct_baseline
5584240	2023			correct_baseline
5584240	2024			correct_baseline
5584611	2022			correct_baseline
5584611	2023			correct_baseline
5584611	2024			correct_baseline
5587240	2022	3	1.0225256166956807	correct_baseline
5587240	2023	3	1.0242736375352839	correct_baseline
5587240	2024	3	1.0256949854341921	correct_baseline
5598598	2022	1	1.0029668954293285	correct_baseline
5598598	2023	1	0.983322845852376	correct_baseline
5598598	2024	1	0.9633459866686741	correct_baseline
5598839	2022			correct_baseline
5598839	2023			correct_baseline
5598839	2024			correct_baseline
5598915	2022	0	0.957764216881837	correct_baseline
5598915	2023	0	0.921895812524992	correct_baseline
5598915	2024	0	0.8868928485560504	correct_baseline
5671747	2022	1	0.9051395760977808	correct_baseline
5671747	2023	1	0.8677299303627013	correct_baseline
5671747	2024	1	0.8316534570347989	correct_baseline
5676646	2022	1	0.7346949703879702	correct_baseline
5676646	2023	1	0.7193802399066282	correct_baseline
5676646	2024	1	0.7043265630378788	correct_baseline
5701337	2022			correct_baseline
5701337	2023			correct_baseline
5701337	2024			correct_baseline
5712981	2022			correct_baseline
5712981	2023			correct_baseline
5712981	2024			correct_baseline
5806954	2022	3	1.1884739402527107	correct_baseline
5806954	2023	3	1.1822579357513023	correct_baseline
5806954	2024	3	1.1756527249691775	correct_baseline
5825913	2022	3	1.0809942750308743	correct_baseline
5825913	2023	3	1.0833151814625415	correct_baseline
5825913	2024	3	1.08552857572065	correct_baseline
5828216	2022	1	0.7057759771527397	correct_baseline
5828216	2023	1	0.6378914685372439	correct_baseline
5828216	2024	1	0.575092785919742	correct_baseline
5831060	2022	0	0.8458991696361224	correct_baseline
5831060	2023	0	0.6609189011719364	correct_baseline
5831060	2024	0	0.5074202980782345	correct_baseline
5846290	2022	1	0.8186771761043352	correct_baseline
5846290	2023	1	0.8099558357873226	correct_baseline
5846290	2024	1	0.8003107672653871	correct_baseline
5851603	2022	3	1.0493970331813638	basic
5851603	2023	3	1.0469751320567504	basic
5851603	2024	3	1.0444821690580046	basic
5864277	2022			correct_baseline
5864277	2023			correct_baseline
5864277	2024			correct_baseline
5892120	2022			basic
5892120	2023			basic
5892120	2024			basic
5930559	2022	3	1.1770882014942758	correct_baseline
5930559	2023	3	1.1699057426650892	correct_baseline
5930559	2024	3	1.162112762336324	correct_baseline
5959231	2022	3	1.1427555705153456	correct_baseline
5959231	2023	3	1.1405523725804496	correct_baseline
5959231	2024	3	1.1365919990627917	correct_baseline
6027089	2022	3	1.294961013936109	correct_baseline
6027089	2023	3	1.2898152602335473	correct_baseline
6027089	2024	3	1.2840090733999945	correct_baseline
6027176	2022			correct_baseline
6027176	2023			correct_baseline
6027176	2024			correct_baseline
6085036	2022	1	0.9718523715723096	correct_baseline
6085036	2023	1	0.9677465988045382	correct_baseline
6085036	2024	1	0.9633663446641874	correct_baseline
6096602	2022	3	1.1022677039090845	correct_baseline
6096602	2023	3	1.1045556824762848	correct_baseline
6096602	2024	3	1.1067105408319466	correct_baseline
6098843	2022	2	1.1983597120524567	correct_baseline
6098843	2023	0	0.993922692989961	correct_baseline
6098843	2024	0	0.7899110212859345	correct_baseline
6100941	2022			correct_baseline
6100941	2023			correct_baseline
6100941	2024			correct_baseline
6100962	2022			correct_baseline
6100962	2023			correct_baseline
6100962	2024			correct_baseline
6101223	2022			correct_baseline
6101223	2023			correct_baseline
6101223	2024			correct_baseline
6101224	2022			correct_baseline
6101224	2023			correct_baseline
6101224	2024			correct_baseline
6109534	2022	3	1.1224173955213195	correct_baseline
6109534	2023	3	1.130042822008929	correct_baseline
6109534	2024	3	1.137468375121765	correct_baseline
6109535	2022	3	1.0466940125840267	correct_baseline
6109535	2023	3	1.052109924218016	correct_baseline
6109535	2024	3	1.0573420977799777	correct_baseline
6109611	2022	3	1.2657459788268641	correct_baseline
6109611	2023	3	1.2748446716537307	correct_baseline
6109611	2024	3	1.2827774105897127	correct_baseline
6109637	2022	3	1.0775003084652288	correct_baseline
6109637	2023	3	1.0767096021008713	correct_baseline
6109637	2024	3	1.075778028421624	correct_baseline
6109699	2022	0	0.681145839778987	correct_baseline
6109699	2023	0	0.62301236172887	correct_baseline
6109699	2024	0	0.5696475271959731	correct_baseline
6132234	2022			correct_baseline
6132234	2023			correct_baseline
6132234	2024			correct_baseline
6157026	2022	0	0.6581464480066251	correct_baseline
6157026	2023	0	0.6419526999689835	correct_baseline
6157026	2024	0	0.6261474493957947	correct_baseline
6157035	2022	0	0.6120420549349047	correct_baseline
6157035	2023	0	0.5130208081536034	correct_baseline
6157035	2024	0	0.42718780211163804	correct_baseline
6161327	2022			correct_baseline
6161327	2023			correct_baseline
6161327	2024			correct_baseline
6164210	2022			correct_baseline
6164210	2023			correct_baseline
6164210	2024			correct_baseline
6300805	2022	0	0.8034332013959391	correct_baseline
6300805	2023	0	0.7881012457951638	correct_baseline
6300805	2024	0	0.7726953245625601	correct_baseline
6362904	2022	1	0.9668438722708801	correct_baseline
6362904	2023	1	0.9368027940097987	correct_baseline
6362904	2024	1	0.9071918959490803	correct_baseline
6363863	2022			correct_baseline
6363863	2023			correct_baseline
6363863	2024			correct_baseline
6369819	2022	1	0.785280902588369	correct_baseline
6369819	2023	1	0.7689414277904303	correct_baseline
6369819	2024	1	0.7523809934238859	correct_baseline
6374953	2022			correct_baseline
6374953	2023			correct_baseline
6374953	2024			correct_baseline
6376340	2022	0	0.8532300133789468	correct_baseline
6376340	2023	0	0.7480754246401894	correct_baseline
6376340	2024	0	0.6538736976965981	correct_baseline
6387003	2022	0	0.9642794697435434	correct_baseline
6387003	2023	0	0.9131635787375076	correct_baseline
6387003	2024	0	0.8645270362798075	correct_baseline
6391417	2022	3	1.0678498418420599	correct_baseline
6391417	2023	3	1.072895933318521	correct_baseline
6391417	2024	3	1.0770339556720234	correct_baseline
6409536	2022	0	0.7583167013983192	correct_baseline
6409536	2023	0	0.7514409749388096	correct_baseline
6409536	2024	0	0.7445882130725552	correct_baseline
6411098	2022	0	0.8169194564138959	correct_baseline
6411098	2023	0	0.7628417357873272	correct_baseline
6411098	2024	0	0.7119725039604002	correct_baseline
6443709	2022	3	1.175689512378715	correct_baseline
6443709	2023	3	1.180060890943994	correct_baseline
6443709	2024	3	1.1841002671772576	correct_baseline
6449041	2022	1	0.9248915159568453	correct_baseline
6449041	2023	1	0.9241537279527483	correct_baseline
6449041	2024	1	0.9234068746028475	correct_baseline
6476679	2022	3	1.37314721375882	basic
6476679	2023	3	1.4496369816134413	basic
6476679	2024	3	1.5256051231847472	basic
6550091	2022			correct_baseline
6550091	2023			correct_baseline
6550091	2024			correct_baseline
7062200	2022	0	0.766892370981193	correct_baseline
7062200	2023	0	0.7268011453600419	correct_baseline
7062200	2024	0	0.6883848471487735	correct_baseline
7068379	2022	1	0.8895191279436295	correct_baseline
7068379	2023	1	0.8776793524818118	correct_baseline
7068379	2024	1	0.8657418877572544	correct_baseline
7068845	2022	3	1.057306685622032	correct_baseline
7068845	2023	3	1.056680787996521	correct_baseline
7068845	2024	3	1.0553957505292053	correct_baseline
7095665	2022	3	1.0109572805753058	correct_baseline
7095665	2023	3	1.0102635796890957	correct_baseline
7095665	2024	1	1.0095650128382072	correct_baseline
7102937	2022	1	0.854566735593496	correct_baseline
7102937	2023	1	0.808120667286212	correct_baseline
7102937	2024	1	0.7636028970997473	correct_baseline
7111792	2022	1	1.0043235071618504	correct_baseline
7111792	2023	1	0.9934953064355484	correct_baseline
7111792	2024	1	0.9823808430705521	correct_baseline
7127354	2022	0	0.7387923822154946	correct_baseline
7127354	2023	0	0.35631721432336555	correct_baseline
7127354	2024	0	0.14021625629200557	correct_baseline
7127810	2022	0	0.9323905517969433	correct_baseline
7127810	2023	0	0.7136334803237192	correct_baseline
7127810	2024	0	0.5251725564922994	correct_baseline
7135755	2022	3	1.2121184060034453	correct_baseline
7135755	2023	3	1.2144988345489816	correct_baseline
7135755	2024	3	1.216246554292549	correct_baseline
7156971	2022	0	0.6601199674312567	correct_baseline
7156971	2023	0	0.4680408797127029	correct_baseline
7156971	2024	0	0.3186334496957809	correct_baseline
7157952	2022			correct_baseline
7157952	2023			correct_baseline
7157952	2024			correct_baseline
7158449	2022			correct_baseline
7158449	2023			correct_baseline
7158449	2024			correct_baseline
7162908	2022	1	0.8891093023900762	correct_baseline
7162908	2023	1	0.8364642426476927	correct_baseline
7162908	2024	1	0.7853962231110229	correct_baseline
7172720	2022			correct_baseline
7172720	2023			correct_baseline
7172720	2024			correct_baseline
7172831	2022			correct_baseline
7172831	2023			correct_baseline
7172831	2024			correct_baseline
7224157	2022	1	0.9479600838964486	correct_baseline
7224157	2023	1	0.9560355392016086	correct_baseline
7224157	2024	1	0.9638893009319349	correct_baseline
7224427	2022	0	0.8765481757399758	correct_baseline
7224427	2023	1	0.8736831826948558	correct_baseline
7224427	2024	1	0.8705180366382075	correct_baseline
7225471	2022	1	0.9986483510027035	correct_baseline
7225471	2023	1	0.9965883049785297	correct_baseline
7225471	2024	1	0.9942137681148608	correct_baseline
7226776	2022	1	0.9637196565682853	correct_baseline
7226776	2023	1	0.9717650653696103	correct_baseline
7226776	2024	1	0.9793414825031872	correct_baseline
7226794	2022	1	0.9035925702219535	correct_baseline
7226794	2023	1	0.8943659151340604	correct_baseline
7226794	2024	1	0.8847963780764269	correct_baseline
7263145	2022			correct_baseline
7263145	2023			correct_baseline
7263145	2024			correct_baseline
7266343	2022	0	0.779737389364585	correct_baseline
7266343	2023	0	0.7452781232106711	correct_baseline
7266343	2024	0	0.7118763872089447	correct_baseline
7267630	2022			correct_baseline
7267630	2023			correct_baseline
7267630	2024			correct_baseline
7291264	2022	3	1.1971679238908899	correct_baseline
7291264	2023	3	1.1769872025402128	correct_baseline
7291264	2024	3	1.1564605884814192	correct_baseline
7291643	2022			correct_baseline
7291643	2023			correct_baseline
7291643	2024			correct_baseline
7298987	2022			correct_baseline
7298987	2023			correct_baseline
7298987	2024			correct_baseline
7303104	2022			correct_baseline
7303104	2023			correct_baseline
7303104	2024			correct_baseline
7307327	2022	3	1.2230454658826078	correct_baseline
7307327	2023	3	1.2578297841418735	correct_baseline
7307327	2024	3	1.292418377307916	correct_baseline
7308335	2022	1	0.8416708772738695	correct_baseline
7308335	2023	1	0.8365574284125699	correct_baseline
7308335	2024	1	0.8309474786099474	correct_baseline
7309012	2022			correct_baseline
7309012	2023			correct_baseline
7309012	2024			correct_baseline
7315063	2022	3	1.1950234016116663	correct_baseline
7315063	2023	3	1.2026605051336519	correct_baseline
7315063	2024	3	1.2090660898690102	correct_baseline
7315072	2022	3	1.2003806095294764	correct_baseline
7315072	2023	3	1.2073848955391513	correct_baseline
7315072	2024	3	1.2142746192199392	correct_baseline
7315286	2022	3	1.061587691554272	correct_baseline
7315286	2023	3	1.061716901766247	correct_baseline
7315286	2024	3	1.0618242442656367	correct_baseline
7319302	2022	1	0.8469389920272409	correct_baseline
7319302	2023	1	0.8416217529070401	correct_baseline
7319302	2024	1	0.8363294589607916	correct_baseline
7322292	2022	1	0.7849442089740323	correct_baseline
7322292	2023	1	0.762263268293352	correct_baseline
7322292	2024	1	0.7384422000184478	correct_baseline
7322529	2022	0	0.739908690235373	correct_baseline
7322529	2023	0	0.6940132559086887	correct_baseline
7322529	2024	0	0.6505483772055496	correct_baseline
7325877	2022			correct_baseline
7325877	2023			correct_baseline
7325877	2024			correct_baseline
7327990	2022	3	1.2173371517471097	correct_baseline
7327990	2023	3	1.211922381255665	correct_baseline
7327990	2024	3	1.2059249999459845	correct_baseline
7331861	2022	1	0.7515995596305889	correct_baseline
7331861	2023	1	0.7442415238257377	correct_baseline
7331861	2024	1	0.7363734257987092	correct_baseline
7332415	2022	3	1.2657213117113866	correct_baseline
7332415	2023	3	1.3082802786796788	correct_baseline
7332415	2024	3	1.3509770698013719	correct_baseline
7334368	2022			correct_baseline
7334368	2023			correct_baseline
7334368	2024			correct_baseline
7344766	2022			correct_baseline
7344766	2023			correct_baseline
7344766	2024			correct_baseline
7346102	2022	3	1.0656368266762286	correct_baseline
7346102	2023	3	1.0641653880269497	correct_baseline
7346102	2024	3	1.0624996425379225	correct_baseline
7350989	2022	1	0.8360771294545948	correct_baseline
7350989	2023	1	0.8297604953081219	correct_baseline
7350989	2024	1	0.8234099820394818	correct_baseline
7358677	2022			correct_baseline
7358677	2023			correct_baseline
7358677	2024			correct_baseline
7358948	2022	3	1.0909060531697956	correct_baseline
7358948	2023	3	1.1234107856151323	correct_baseline
7358948	2024	3	1.15663912828782	correct_baseline
7393329	2022			correct_baseline
7393329	2023			correct_baseline
7393329	2024			correct_baseline
7400250	2022	3	1.0325337550543598	correct_baseline
7400250	2023	3	1.0229885356086557	correct_baseline
7400250	2024	3	1.0131715748142929	correct_baseline
7403263	2022	3	1.0427504464820776	correct_baseline
7403263	2023	3	1.0436804186002893	correct_baseline
7403263	2024	3	1.0445786470805218	correct_baseline
7409013	2022	0	0.7554639037325643	correct_baseline
7409013	2023	0	0.7464048321350512	correct_baseline
7409013	2024	0	0.7374317953562224	correct_baseline
7427542	2022			correct_baseline
7427542	2023			correct_baseline
7427542	2024			correct_baseline
7433196	2022			correct_baseline
7433196	2023			correct_baseline
7433196	2024			correct_baseline
7437751	2022	3	1.0279190131401805	correct_baseline
7437751	2023	1	1.0024817110278408	correct_baseline
7437751	2024	1	0.9765504693473437	correct_baseline
7443846	2022	1	0.9918712850605848	correct_baseline
7443846	2023	1	0.9937619211210017	correct_baseline
7443846	2024	1	0.9954599875334593	correct_baseline
7461690	2022			correct_baseline
7461690	2023			correct_baseline
7461690	2024			correct_baseline
7466434	2022	3	1.1922364558097287	correct_baseline
7466434	2023	3	1.1988879876407534	correct_baseline
7466434	2024	3	1.2052146726891868	correct_baseline
7520678	2022			correct_baseline
7520678	2023			correct_baseline
7520678	2024			correct_baseline
7540164	2022	0	0.5808461179483538	correct_baseline
7540164	2023	0	0.5365892477149772	correct_baseline
7540164	2024	0	0.4948495718609665	correct_baseline
7544073	2022			correct_baseline
7544073	2023			correct_baseline
7544073	2024			correct_baseline
7560711	2022			correct_baseline
7560711	2023			correct_baseline
7560711	2024			correct_baseline
7564934	2022			correct_baseline
7564934	2023			correct_baseline
7564934	2024			correct_baseline
7619206	2022			correct_baseline
7619206	2023			correct_baseline
7619206	2024			correct_baseline
7627205	2022	3	1.3340594734424276	correct_baseline
7627205	2023	3	1.3459067560829403	correct_baseline
7627205	2024	3	1.3577926708858665	correct_baseline
7636833	2022			correct_baseline
7636833	2023			correct_baseline
7636833	2024			correct_baseline
7645931	2022	1	0.9502781517570071	correct_baseline
7645931	2023	1	0.9467695681942259	correct_baseline
7645931	2024	1	0.9431450392098271	correct_baseline
7671397	2022	3	1.1272080928451467	correct_baseline
7671397	2023	3	1.1358977524734666	correct_baseline
7671397	2024	3	1.1440746810734204	correct_baseline
7678610	2022	3	1.4878740953117693	correct_baseline
7678610	2023	3	1.5243306372245624	correct_baseline
7678610	2024	3	1.5607910880043883	correct_baseline
7681436	2022	1	0.8612702739269033	correct_baseline
7681436	2023	1	0.739557777368702	correct_baseline
7681436	2024	1	0.6293380868837876	correct_baseline
7695021	2022			correct_baseline
7695021	2023			correct_baseline
7695021	2024			correct_baseline
7732986	2022	0	0.7143392454476245	correct_baseline
7732986	2023	0	0.6838946175745072	correct_baseline
7732986	2024	0	0.6545925436701822	correct_baseline
7733140	2022	3	1.2264704175886096	correct_baseline
7733140	2023	3	1.239816939181362	correct_baseline
7733140	2024	3	1.2531368346795089	correct_baseline
7738766	2022	0	0.8301555923357022	correct_baseline
7738766	2023	0	0.8083235679282451	correct_baseline
7738766	2024	0	0.7869097838927872	correct_baseline
7740617	2022			correct_baseline
7740617	2023			correct_baseline
7740617	2024			correct_baseline
7747216	2022	3	1.0416518962592938	correct_baseline
7747216	2023	3	1.0436153878901133	correct_baseline
7747216	2024	3	1.045572708660008	correct_baseline
7749287	2022	2	0.9609182308938724	correct_baseline
7749287	2023	2	0.9761238233688664	correct_baseline
7749287	2024	2	0.9913325662971301	correct_baseline
7753992	2022			correct_baseline
7753992	2023			correct_baseline
7753992	2024			correct_baseline
7763534	2022	3	1.1290955379478538	correct_baseline
7763534	2023	3	1.1153225151485477	correct_baseline
7763534	2024	3	1.1000696700716424	correct_baseline
7764700	2022	0	0.8723238267973276	correct_baseline
7764700	2023	0	0.8444717653320264	correct_baseline
7764700	2024	0	0.817122744110011	correct_baseline
7790614	2022			correct_baseline
7790614	2023			correct_baseline
7790614	2024			correct_baseline
7795888	2022	3	1.2969160522209175	correct_baseline
7795888	2023	3	1.3072797543878019	correct_baseline
7795888	2024	3	1.317706747452165	correct_baseline
7802465	2022	2	1.0887419035627135	correct_baseline
7802465	2023	0	0.9354142836728517	correct_baseline
7802465	2024	0	0.7971579580450946	correct_baseline
7810918	2022	3	1.1316847111204695	correct_baseline
7810918	2023	3	1.13631710074512	correct_baseline
7810918	2024	3	1.1409232084701106	correct_baseline
7818643	2022			correct_baseline
7818643	2023			correct_baseline
7818643	2024			correct_baseline
7820753	2022	3	1.2651462668421103	correct_baseline
7820753	2023	3	1.2648406183219747	correct_baseline
7820753	2024	3	1.2622074163332118	correct_baseline
7828157	2022	3	1.1876890385744625	correct_baseline
7828157	2023	3	1.1966460317134218	correct_baseline
7828157	2024	3	1.2055974643913736	correct_baseline
7844167	2022	3	1.1574692709630894	correct_baseline
7844167	2023	3	1.1617097844210846	correct_baseline
7844167	2024	3	1.1654587427396488	correct_baseline
7855120	2022	3	1.0445053338454746	correct_baseline
7855120	2023	3	1.038636787206682	correct_baseline
7855120	2024	3	1.0323689141185184	correct_baseline
7881150	2022	0	0.8602832141939984	correct_baseline
7881150	2023	0	0.7422529923826855	correct_baseline
7881150	2024	0	0.6319442997773528	correct_baseline
7889822	2022	0	0.8256282450168413	correct_baseline
7889822	2023	0	0.77751204752956	correct_baseline
7889822	2024	0	0.7316313321546543	correct_baseline
7901652	2022	3	1.2206897861095147	correct_baseline
7901652	2023	3	1.2452111136042494	correct_baseline
7901652	2024	3	1.267360123988686	correct_baseline
7902463	2022			correct_baseline
7902463	2023			correct_baseline
7902463	2024			correct_baseline
7903057	2022	3	1.1488366587862975	correct_baseline
7903057	2023	3	1.1537357426911006	correct_baseline
7903057	2024	3	1.158157625810336	correct_baseline
7903764	2022	1	0.9814724069697638	correct_baseline
7903764	2023	1	0.9634605042936895	correct_baseline
7903764	2024	1	0.943878969359001	correct_baseline
7905507	2022	3	1.128287912752817	correct_baseline
7905507	2023	3	1.1327198327440908	correct_baseline
7905507	2024	3	1.136898035741244	correct_baseline
7915783	2022	0	0.9468754549435832	correct_baseline
7915783	2023	0	0.8956050647675243	correct_baseline
7915783	2024	0	0.8464744076065785	correct_baseline
7925720	2022			correct_baseline
7925720	2023			correct_baseline
7925720	2024			correct_baseline
7967494	2022			correct_baseline
7967494	2023			correct_baseline
7967494	2024			correct_baseline
7978544	2022	1	0.9683802649813632	correct_baseline
7978544	2023	1	0.9535732244669234	correct_baseline
7978544	2024	1	0.9388785316584012	correct_baseline
7989836	2022	0	0.7104915879881095	correct_baseline
7989836	2023	0	0.47422653218334543	correct_baseline
7989836	2024	0	0.3063473078010558	correct_baseline
8002952	2022	3	1.1834485323771806	correct_baseline
8002952	2023	3	1.1827740613685052	correct_baseline
8002952	2024	3	1.181766181637658	correct_baseline
8012439	2022	3	1.2154969972523502	correct_baseline
8012439	2023	3	1.2308441294237853	correct_baseline
8012439	2024	3	1.2461261194494653	correct_baseline
8014163	2022	1	0.8017159616331895	correct_baseline
8014163	2023	1	0.7528551011963137	correct_baseline
8014163	2024	1	0.7052296779701879	correct_baseline
8031875	2022			correct_baseline
8031875	2023			correct_baseline
8031875	2024			correct_baseline
8052025	2022			correct_baseline
8052025	2023			correct_baseline
8052025	2024			correct_baseline
8080743	2022	0	0.860232663342151	correct_baseline
8080743	2023	0	0.7887886299692063	correct_baseline
8080743	2024	0	0.7213441696312828	correct_baseline
8091998	2022	3	1.1273925724501634	correct_baseline
8091998	2023	3	1.131094904468781	correct_baseline
8091998	2024	3	1.134575779500803	correct_baseline
8116963	2022			correct_baseline
8116963	2023			correct_baseline
8116963	2024			correct_baseline
8133114	2022	3	1.0657097537188187	correct_baseline
8133114	2023	3	1.031383154315862	correct_baseline
8133114	2024	1	0.9946832107626561	correct_baseline
8149049	2022	1	0.9372190475953794	correct_baseline
8149049	2023	1	0.9377918392796666	correct_baseline
8149049	2024	1	0.938232432675197	correct_baseline
8149923	2022	3	1.156066321936496	correct_baseline
8149923	2023	3	1.154991044049837	correct_baseline
8149923	2024	3	1.1529554042300392	correct_baseline
8153538	2022			correct_baseline
8153538	2023			correct_baseline
8153538	2024			correct_baseline
8168344	2022	0	0.7197533885610724	correct_baseline
8168344	2023	0	0.6518210056512159	correct_baseline
8168344	2024	0	0.5901296723868475	correct_baseline
8170635	2022	3	1.1523561061403322	correct_baseline
8170635	2023	3	1.1349066022754033	correct_baseline
8170635	2024	3	1.1167641050494634	correct_baseline
8183217	2022	3	1.0197898824082396	correct_baseline
8183217	2023	3	1.0191726538673256	correct_baseline
8183217	2024	3	1.0185276426874965	correct_baseline
8190077	2022	3	1.2545028713077888	correct_baseline
8190077	2023	3	1.2947168100277948	correct_baseline
8190077	2024	3	1.335562547342823	correct_baseline
8190231	2022	3	1.2328566925562958	correct_baseline
8190231	2023	3	1.246388460087551	correct_baseline
8190231	2024	3	1.2593121248022123	correct_baseline
8193111	2022	3	1.0453838423952073	correct_baseline
8193111	2023	3	1.0465442067993371	correct_baseline
8193111	2024	3	1.0474858750833487	correct_baseline
8200663	2022	3	1.2580173249288913	correct_baseline
8200663	2023	3	1.2715542722984183	correct_baseline
8200663	2024	3	1.2850666997882487	correct_baseline
8210972	2022			correct_baseline
8210972	2023			correct_baseline
8210972	2024			correct_baseline
8287616	2022			correct_baseline
8287616	2023			correct_baseline
8287616	2024			correct_baseline
8288647	2022	0	0.7167166321227749	correct_baseline
8288647	2023	0	0.5324741537943095	correct_baseline
8288647	2024	0	0.39214577716140203	correct_baseline
8288930	2022	0	0.6410084828903414	correct_baseline
8288930	2023	0	0.5865511572702259	correct_baseline
8288930	2024	0	0.5364698247235649	correct_baseline
8298495	2022	3	1.2030427387778713	correct_baseline
8298495	2023	3	1.2191763664233175	correct_baseline
8298495	2024	3	1.235276188477431	correct_baseline
8313153	2022	3	1.0968041559474218	correct_baseline
8313153	2023	3	1.0985243913760858	correct_baseline
8313153	2024	3	1.1002232574622726	correct_baseline
8323485	2022	0	0.5788548706278657	correct_baseline
8323485	2023	0	0.33151806782676835	correct_baseline
8323485	2024	0	0.17298253935778377	correct_baseline
8332019	2022	3	1.0126442654998649	correct_baseline
8332019	2023	3	1.0127079174245037	correct_baseline
8332019	2024	3	1.0122932476064836	correct_baseline
8335191	2022	1	0.8810791173656168	correct_baseline
8335191	2023	1	0.8660787427465566	correct_baseline
8335191	2024	1	0.8505436366799622	correct_baseline
8342911	2022	0	0.6510687008348265	correct_baseline
8342911	2023	0	0.4781387063420534	correct_baseline
8342911	2024	0	0.3473176609392644	correct_baseline
8358048	2022			correct_baseline
8358048	2023			correct_baseline
8358048	2024			correct_baseline
8362005	2022	1	0.837872931848992	correct_baseline
8362005	2023	1	0.7955097415259546	correct_baseline
8362005	2024	1	0.7549124635747329	correct_baseline
8373355	2022	3	1.0728290468445756	correct_baseline
8373355	2023	3	1.0761639650755068	correct_baseline
8373355	2024	3	1.0792560689429072	correct_baseline
8400045	2022			correct_baseline
8400045	2023			correct_baseline
8400045	2024			correct_baseline
8406661	2022			correct_baseline
8406661	2023			correct_baseline
8406661	2024			correct_baseline
8408816	2022			correct_baseline
8408816	2023			correct_baseline
8408816	2024			correct_baseline
8418338	2022	3	1.0688335073989519	correct_baseline
8418338	2023	3	1.084580799252572	correct_baseline
8418338	2024	3	1.0992215212616345	correct_baseline
8421432	2022			correct_baseline
8421432	2023			correct_baseline
8421432	2024			correct_baseline
8427624	2022	3	1.240588585066762	correct_baseline
8427624	2023	3	1.2443568468985664	correct_baseline
8427624	2024	3	1.2478836408435579	correct_baseline
8485639	2022	3	1.4522257047278777	correct_baseline
8485639	2023	3	1.5430099025056248	correct_baseline
8485639	2024	3	1.6367839879342045	correct_baseline
8537667	2022	3	1.202867127484341	correct_baseline
8537667	2023	3	1.2299044967565742	correct_baseline
8537667	2024	3	1.256764929919125	correct_baseline
8542672	2022	1	0.9772378518413338	correct_baseline
8542672	2023	1	0.9915714258761061	correct_baseline
8542672	2024	1	1.0035893941637903	correct_baseline
8584304	2022	3	1.075225615175432	correct_baseline
8584304	2023	3	1.0772015224331453	correct_baseline
8584304	2024	3	1.079170385629771	correct_baseline
8599762	2022	0	0.628390476837046	correct_baseline
8599762	2023	0	0.35964479938017535	correct_baseline
8599762	2024	0	0.1867916690116225	correct_baseline
8699607	2022	3	1.0439165789795228	correct_baseline
8699607	2023	3	1.0441087501054445	correct_baseline
8699607	2024	3	1.0442831838014794	correct_baseline
8701771	2022	3	1.6964291157773288	basic
8701771	2023	3	2.163145414436339	basic
8701771	2024	3	2.4726851110197745	basic
8740315	2022			basic
8740315	2023			basic
8740315	2024			basic
8741260	2022	3	1.35241095700422	correct_baseline
8741260	2023	3	1.3675283384815202	correct_baseline
8741260	2024	3	1.3826743247768805	correct_baseline
8745918	2022	2	0.9391005193964381	correct_baseline
8745918	2023	3	1.0999327551362186	correct_baseline
8745918	2024	3	1.2819247868876205	correct_baseline
8790531	2022			correct_baseline
8790531	2023			correct_baseline
8790531	2024			correct_baseline
8848208	2022	3	1.0555014059469234	correct_baseline
8848208	2023	3	1.0574569889682424	correct_baseline
8848208	2024	3	1.0593051404723772	correct_baseline
8889878	2022	1	0.8756931486615255	correct_baseline
8889878	2023	1	0.845787752998888	correct_baseline
8889878	2024	1	0.8166036983179257	correct_baseline
8909595	2022	3	1.1077130707514826	correct_baseline
8909595	2023	3	1.120569130524558	correct_baseline
8909595	2024	3	1.1332899490614523	correct_baseline
8911082	2022	3	1.2422161702813064	correct_baseline
8911082	2023	3	1.2676210030507595	correct_baseline
8911082	2024	3	1.2932900534823497	correct_baseline
8946295	2022	3	1.1153338376297208	correct_baseline
8946295	2023	3	1.140812832503033	correct_baseline
8946295	2024	3	1.1650151432787348	correct_baseline
8969026	2022	1	0.8990515818480455	correct_baseline
8969026	2023	1	0.898415302701744	correct_baseline
8969026	2024	1	0.8974719104445256	correct_baseline
8993502	2022			correct_baseline
8993502	2023			correct_baseline
8993502	2024			correct_baseline
8994150	2022	3	1.078575817553932	correct_baseline
8994150	2023	3	1.0821711013240753	correct_baseline
8994150	2024	3	1.0855549089502432	correct_baseline
9018536	2022			correct_baseline
9018536	2023			correct_baseline
9018536	2024			correct_baseline
9073641	2022	3	1.0381332415206475	correct_baseline
9073641	2023	3	1.0344303640892634	correct_baseline
9073641	2024	3	1.0295099055768255	correct_baseline
9078997	2022			correct_baseline
9078997	2023			correct_baseline
9078997	2024			correct_baseline
9080185	2022	3	1.1554174437398184	correct_baseline
9080185	2023	3	1.155150836808303	correct_baseline
9080185	2024	3	1.1543195556878483	correct_baseline
9148577	2022	3	1.093635514704227	correct_baseline
9148577	2023	3	1.1159760943292016	correct_baseline
9148577	2024	3	1.1385529808313957	correct_baseline
9151957	2022	3	1.3294648708807522	correct_baseline
9151957	2023	3	1.3516918875118609	correct_baseline
9151957	2024	3	1.374010859904823	correct_baseline
9153437	2022	1	0.9884520428491	correct_baseline
9153437	2023	1	0.9884009962349932	correct_baseline
9153437	2024	1	0.9871636042968048	correct_baseline
9177060	2022	3	1.0863721608818495	correct_baseline
9177060	2023	3	1.0886061135157714	correct_baseline
9177060	2024	3	1.0906462114583737	correct_baseline
9182765	2022			correct_baseline
9182765	2023			correct_baseline
9182765	2024			correct_baseline
9185677	2022			correct_baseline
9185677	2023			correct_baseline
9185677	2024			correct_baseline
9188840	2022	3	1.038052260294815	correct_baseline
9188840	2023	3	1.0506123076390987	correct_baseline
9188840	2024	3	1.0631240065654897	correct_baseline
9202318	2022	3	1.092601444592354	correct_baseline
9202318	2023	3	1.0944571166098302	correct_baseline
9202318	2024	3	1.096103579305265	correct_baseline
9206251	2022	3	1.1364547379512466	correct_baseline
9206251	2023	3	1.1402088298577011	correct_baseline
9206251	2024	3	1.1439640145723102	correct_baseline
9235549	2022	0	0.6252353886147196	correct_baseline
9235549	2023	0	0.614817654209258	correct_baseline
9235549	2024	0	0.6043011974472533	correct_baseline
9254355	2022			correct_baseline
9254355	2023			correct_baseline
9254355	2024			correct_baseline
9305555	2022	3	1.0811507538446248	correct_baseline
9305555	2023	3	1.0566332743694546	correct_baseline
9305555	2024	3	1.0290342376684192	correct_baseline
9326020	2022	1	0.938373219256829	correct_baseline
9326020	2023	1	0.9102192033372388	correct_baseline
9326020	2024	1	0.8828172885084014	correct_baseline
9340142	2022			correct_baseline
9340142	2023			correct_baseline
9340142	2024			correct_baseline
9350124	2022			correct_baseline
9350124	2023			correct_baseline
9350124	2024			correct_baseline
9376410	2022			correct_baseline
9376410	2023			correct_baseline
9376410	2024			correct_baseline
9382645	2022			correct_baseline
9382645	2023			correct_baseline
9382645	2024			correct_baseline
9398259	2022	1	0.9459366235999476	correct_baseline
9398259	2023	1	0.9342626373899464	correct_baseline
9398259	2024	1	0.9226264143007012	correct_baseline
9419993	2022			correct_baseline
9419993	2023			correct_baseline
9419993	2024			correct_baseline
9422220	2022	1	0.8922484888063016	correct_baseline
9422220	2023	1	0.8922115502944004	correct_baseline
9422220	2024	1	0.8920668103641776	correct_baseline
9440906	2022			correct_baseline
9440906	2023			correct_baseline
9440906	2024			correct_baseline
9442269	2022			correct_baseline
9442269	2023			correct_baseline
9442269	2024			correct_baseline
9451184	2022	3	1.0285783784081248	correct_baseline
9451184	2023	1	0.9671607246537778	correct_baseline
9451184	2024	1	0.9054187660446991	correct_baseline
9496048	2022	1	0.9900043583054036	correct_baseline
9496048	2023	1	0.9920716197694419	correct_baseline
9496048	2024	1	0.9940209161067373	correct_baseline
9508460	2022	1	0.9127877062175137	correct_baseline
9508460	2023	1	0.9057265857976547	correct_baseline
9508460	2024	1	0.8986005580768472	correct_baseline
9520065	2022	0	0.3467728495044637	correct_baseline
9520065	2023	0	0.32197775311780635	correct_baseline
9520065	2024	0	0.2989444667749842	correct_baseline
9592414	2022			correct_baseline
9592414	2023			correct_baseline
9592414	2024			correct_baseline
9606290	2022			correct_baseline
9606290	2023			correct_baseline
9606290	2024			correct_baseline
9673106	2022	0	0.6352346406600713	correct_baseline
9673106	2023	0	0.5613817020751579	correct_baseline
9673106	2024	0	0.4946161624149635	correct_baseline
9752149	2022	3	1.1000526538898994	correct_baseline
9752149	2023	3	1.1001886845737043	correct_baseline
9752149	2024	3	1.1003018723131688	correct_baseline
9823072	2022	3	1.162467597088582	correct_baseline
9823072	2023	3	1.1803004940282562	correct_baseline
9823072	2024	3	1.1981494352339563	correct_baseline
9890104	2022			correct_baseline
9890104	2023			correct_baseline
9890104	2024			correct_baseline
10071055	2022	3	1.1563388669221892	correct_baseline
10071055	2023	3	1.1595241237972782	correct_baseline
10071055	2024	3	1.1621380952286111	correct_baseline
10095118	2022			correct_baseline
10095118	2023			correct_baseline
10095118	2024			correct_baseline
10755213	2022	0	0.733150083974961	correct_baseline
10755213	2023	0	0.6985315785628606	correct_baseline
10755213	2024	0	0.6652374216416646	correct_baseline
10769750	2022	1	0.8968676279366472	correct_baseline
10769750	2023	1	0.8952238850545753	correct_baseline
10769750	2024	1	0.8935338230298492	correct_baseline
10786206	2022	1	0.7797154029966886	correct_baseline
10786206	2023	1	0.7012376910363696	correct_baseline
10786206	2024	1	0.6275833651550015	correct_baseline
10801424	2022			correct_baseline
10801424	2023			correct_baseline
10801424	2024			correct_baseline
10852031	2022			correct_baseline
10852031	2023			correct_baseline
10852031	2024			correct_baseline
10902460	2022	0	0.5050612915859091	correct_baseline
10902460	2023	0	0.34614265321379917	correct_baseline
10902460	2024	0	0.23211562526733082	correct_baseline
10953644	2022			correct_baseline
10953644	2023			correct_baseline
10953644	2024			correct_baseline
11007246	2022			correct_baseline
11007246	2023			correct_baseline
11007246	2024			correct_baseline
11104870	2022			correct_baseline
11104870	2023			correct_baseline
11104870	2024			correct_baseline
11162940	2022	1	0.9689525593853363	correct_baseline
11162940	2023	1	0.9690431131115168	correct_baseline
11162940	2024	1	0.969119627629919	correct_baseline
11921804	2022	1	0.8390970953383626	correct_baseline
11921804	2023	1	0.837412718419785	correct_baseline
11921804	2024	1	0.8351445631670126	correct_baseline
12187916	2022			correct_baseline
12187916	2023			correct_baseline
12187916	2024			correct_baseline
