taxonKey	year	em_status	growth	method
1017419	2022	3	1.9711388065761248	correct_baseline
1017419	2023	3	1.865673554417768	correct_baseline
1017419	2024	3	1.7042841493825989	correct_baseline
1031394	2022	1	0.9109544999546756	correct_baseline
1031394	2023	1	0.8969485704018665	correct_baseline
1031394	2024	1	0.861931746802347	correct_baseline
1031400	2022	0	0.46789957200939436	correct_baseline
1031400	2023	0	0.40413149745607824	correct_baseline
1031400	2024	0	0.3488052390798016	correct_baseline
1031684	2022	3	1.016398442488538	correct_baseline
1031684	2023	1	0.990553140950719	correct_baseline
1031684	2024	1	0.9650504815421541	correct_baseline
1031742	2022			correct_baseline
1031742	2023			correct_baseline
1031742	2024			correct_baseline
1047536	2022	3	1.3416738831475636	correct_baseline
1047536	2023	3	1.297757754710037	correct_baseline
1047536	2024	3	1.2544852982642292	correct_baseline
1095946	2022			correct_baseline
1095946	2023			correct_baseline
1095946	2024			correct_baseline
1111797	2022			correct_baseline
1111797	2023			correct_baseline
1111797	2024			correct_baseline
1309600	2022	0	0.6358319570878465	correct_baseline
1309600	2023	0	0.6004022318327243	correct_baseline
1309600	2024	0	0.5668538368400539	correct_baseline
1309606	2022			correct_baseline
1309606	2023			correct_baseline
1309606	2024			correct_baseline
1309652	2022	0	0.6016022653157077	correct_baseline
1309652	2023	1	0.6428541663958802	correct_baseline
1309652	2024	1	0.6431249040476403	correct_baseline
1311477	2022	3	2.4677571406801997	correct_baseline
1311477	2023	3	2.5789143595670576	correct_baseline
1311477	2024	3	2.694179683236123	correct_baseline
1316908	2022	3	1.2398454299421813	correct_baseline
1316908	2023	3	1.1227639708907171	correct_baseline
1316908	2024	1	1.002877662842269	correct_baseline
1346919	2022	0	0.2830755203245961	correct_baseline
1346919	2023	0	0.09610294166166837	correct_baseline
1346919	2024	0	0.02742457173270892	correct_baseline
1411953	2022			correct_baseline
1411953	2023			correct_baseline
1411953	2024			correct_baseline
1421091	2022	3	1.3396685235520052	correct_baseline
1421091	2023	3	1.321314945949771	correct_baseline
1421091	2024	3	1.3028578397872483	correct_baseline
1577153	2022			correct_baseline
1577153	2023			correct_baseline
1577153	2024			correct_baseline
1579447	2022	3	1.7277732731053161	correct_baseline
1579447	2023	3	1.5374824300550924	correct_baseline
1579447	2024	3	1.2822048382711313	correct_baseline
1622599	2022	0	0.6380603944818345	correct_baseline
1622599	2023	0	0.4472263188541941	correct_baseline
1622599	2024	0	0.2891759312982238	correct_baseline
1622658	2022			correct_baseline
1622658	2023			correct_baseline
1622658	2024			correct_baseline
1626096	2022			correct_baseline
1626096	2023			correct_baseline
1626096	2024			correct_baseline
1651430	2022	0	0.5765751745499541	correct_baseline
1651430	2023	0	0.5107335633817747	correct_baseline
1651430	2024	0	0.45222238619727234	correct_baseline
1652212	2022			correct_baseline
1652212	2023			correct_baseline
1652212	2024			correct_baseline
1690429	2022	0	0.7939389704870856	correct_baseline
1690429	2023	0	0.7686030604215597	correct_baseline
1690429	2024	0	0.7439982633371008	correct_baseline
1702101	2022			correct_baseline
1702101	2023			correct_baseline
1702101	2024			correct_baseline
1713034	2022			correct_baseline
1713034	2023			correct_baseline
1713034	2024			correct_baseline
1718308	2022	3	1.2359043264288996	correct_baseline
1718308	2023	3	1.253836286891689	correct_baseline
1718308	2024	3	1.2717556133178405	correct_baseline
1719204	2022			correct_baseline
1719204	2023			correct_baseline
1719204	2024			correct_baseline
1722299	2022			correct_baseline
1722299	2023			correct_baseline
1722299	2024			correct_baseline
1737131	2022			correct_baseline
1737131	2023			correct_baseline
1737131	2024			correct_baseline
1749449	2022	0	0.8482761392740225	correct_baseline
1749449	2023	0	0.6952289834122982	correct_baseline
1749449	2024	0	0.5627074325992751	correct_baseline
1749580	2022	1	0.8490553659593386	correct_baseline
1749580	2023	1	0.8152110324130769	correct_baseline
1749580	2024	1	0.7823468946371601	correct_baseline
1751299	2022	3	1.023797024094178	correct_baseline
1751299	2023	3	1.0121908849450927	correct_baseline
1751299	2024	1	1.0004972530695047	correct_baseline
1798504	2022			correct_baseline
1798504	2023			correct_baseline
1798504	2024			correct_baseline
1830823	2022			correct_baseline
1830823	2023			correct_baseline
1830823	2024			correct_baseline
1852787	2022			correct_baseline
1852787	2023			correct_baseline
1852787	2024			correct_baseline
1852831	2022			correct_baseline
1852831	2023			correct_baseline
1852831	2024			correct_baseline
1873890	2022			correct_baseline
1873890	2023			correct_baseline
1873890	2024			correct_baseline
1873903	2022			correct_baseline
1873903	2023			correct_baseline
1873903	2024			correct_baseline
1885213	2022			correct_baseline
1885213	2023			correct_baseline
1885213	2024			correct_baseline
1891245	2022			correct_baseline
1891245	2023			correct_baseline
1891245	2024			correct_baseline
1920491	2022			correct_baseline
1920491	2023			correct_baseline
1920491	2024			correct_baseline
1941864	2022			correct_baseline
1941864	2023			correct_baseline
1941864	2024			correct_baseline
1997215	2022	2	1.7949028976190464	correct_baseline
1997215	2023	2	1.4354548587613039	correct_baseline
1997215	2024	2	1.010575358031605	correct_baseline
1998083	2022			correct_baseline
1998083	2023			correct_baseline
1998083	2024			correct_baseline
1998599	2022			correct_baseline
1998599	2023			correct_baseline
1998599	2024			correct_baseline
2000152	2022			correct_baseline
2000152	2023			correct_baseline
2000152	2024			correct_baseline
2000204	2022	2	1.548560653267734	correct_baseline
2000204	2023	2	1.2119043820485962	correct_baseline
2000204	2024	0	0.8252470250109648	correct_baseline
2008616	2022			correct_baseline
2008616	2023			correct_baseline
2008616	2024			correct_baseline
2020655	2022	3	1.6357546540068981	correct_baseline
2020655	2023	3	1.6463213269738077	correct_baseline
2020655	2024	3	1.6543379490159842	correct_baseline
2020686	2022	3	1.163295619915438	correct_baseline
2020686	2023	3	1.162674956063038	correct_baseline
2020686	2024	3	1.1618041341659207	correct_baseline
2020779	2022			correct_baseline
2020779	2023			correct_baseline
2020779	2024			correct_baseline
2026623	2022			correct_baseline
2026623	2023			correct_baseline
2026623	2024			correct_baseline
2029273	2022			correct_baseline
2029273	2023			correct_baseline
2029273	2024			correct_baseline
2037925	2022	3	1.6082706429533649	correct_baseline
2037925	2023	3	1.5478067893510183	correct_baseline
2037925	2024	3	1.4760927716548187	correct_baseline
2037991	2022			correct_baseline
2037991	2023			correct_baseline
2037991	2024			correct_baseline
2038171	2022	1	0.9635754333831026	correct_baseline
2038171	2023	1	0.9342108612855392	correct_baseline
2038171	2024	1	0.9054193705968133	correct_baseline
2041682	2022	3	1.223695080181897	correct_baseline
2041682	2023	3	1.1990973277415795	correct_baseline
2041682	2024	3	1.1748497032554368	correct_baseline
2049661	2022	1	0.8482721355114926	correct_baseline
2049661	2023	1	0.7246576760976666	correct_baseline
2049661	2024	1	0.6089186827469356	correct_baseline
2072196	2022			correct_baseline
2072196	2023			correct_baseline
2072196	2024			correct_baseline
2077985	2022			correct_baseline
2077985	2023			correct_baseline
2077985	2024			correct_baseline
2078259	2022			correct_baseline
2078259	2023			correct_baseline
2078259	2024			correct_baseline
2078852	2022	3	1.4273427360173168	correct_baseline
2078852	2023	3	1.2267038373706192	correct_baseline
2078852	2024	3	1.0463870328938716	correct_baseline
2080592	2022			correct_baseline
2080592	2023			correct_baseline
2080592	2024			correct_baseline
2095283	2022			correct_baseline
2095283	2023			correct_baseline
2095283	2024			correct_baseline
2115769	2022	1	0.9099527058566649	basic
2115769	2023	1	0.8703269958466823	basic
2115769	2024	1	0.8320099017203278	basic
2128502	2022			correct_baseline
2128502	2023			correct_baseline
2128502	2024			correct_baseline
2142456	2022	3	1.1506034646856764	correct_baseline
2142456	2023	3	1.156776311286924	correct_baseline
2142456	2024	3	1.1629630690093584	correct_baseline
2149679	2022	0	0.7138252146128566	correct_baseline
2149679	2023	0	0.5559874518058538	correct_baseline
2149679	2024	0	0.42228201786792374	correct_baseline
2153287	2022	3	1.9200206691332984	correct_baseline
2153287	2023	3	1.994831689898796	correct_baseline
2153287	2024	3	2.071778991493417	correct_baseline
2157203	2022			correct_baseline
2157203	2023			correct_baseline
2157203	2024			correct_baseline
2157245	2022	0	0.9004461045657965	correct_baseline
2157245	2023	0	0.8374854296502511	correct_baseline
2157245	2024	0	0.7782594457774086	correct_baseline
2164198	2022			correct_baseline
2164198	2023			correct_baseline
2164198	2024			correct_baseline
2169430	2022			correct_baseline
2169430	2023			correct_baseline
2169430	2024			correct_baseline
2174528	2022	0	0.9232759275027124	correct_baseline
2174528	2023	0	0.746110218695674	correct_baseline
2174528	2024	0	0.5659088135273418	correct_baseline
2176858	2022			correct_baseline
2176858	2023			correct_baseline
2176858	2024			correct_baseline
2177741	2022	3	1.036611354800831	correct_baseline
2177741	2023	3	1.017145760961559	correct_baseline
2177741	2024	1	0.9968233294684964	correct_baseline
2211599	2022			correct_baseline
2211599	2023			correct_baseline
2211599	2024			correct_baseline
2217982	2022	3	1.3673109946856732	correct_baseline
2217982	2023	3	1.5361595227306255	correct_baseline
2217982	2024	3	1.7244100474828874	correct_baseline
2220312	2022			correct_baseline
2220312	2023			correct_baseline
2220312	2024			correct_baseline
2220347	2022	3	1.2523629756694181	correct_baseline
2220347	2023	3	1.2714395145591268	correct_baseline
2220347	2024	3	1.2844492864953472	correct_baseline
2225772	2022	3	1.4256146358740587	correct_baseline
2225772	2023	3	1.429611892512577	correct_baseline
2225772	2024	3	1.4327887384885531	correct_baseline
2225776	2022	1	0.921043865988842	correct_baseline
2225776	2023	1	0.8974974674243473	correct_baseline
2225776	2024	1	0.8744602751934194	correct_baseline
2227289	2022	3	1.9806838685425816	correct_baseline
2227289	2023	3	2.20567000491784	correct_baseline
2227289	2024	3	2.4461837091357452	correct_baseline
2227300	2022	3	1.4179707026364166	correct_baseline
2227300	2023	3	1.4346101218944443	correct_baseline
2227300	2024	3	1.451062633030875	correct_baseline
2227663	2022	3	1.1919882750639443	correct_baseline
2227663	2023	3	1.2282009765156165	correct_baseline
2227663	2024	3	1.2650141171020728	correct_baseline
2286388	2022			correct_baseline
2286388	2023			correct_baseline
2286388	2024			correct_baseline
2287072	2022	0	0.698144573966496	correct_baseline
2287072	2023	0	0.6816431466572125	correct_baseline
2287072	2024	0	0.6655116918048396	correct_baseline
2287073	2022			correct_baseline
2287073	2023			correct_baseline
2287073	2024			correct_baseline
2288926	2022			correct_baseline
2288926	2023			correct_baseline
2288926	2024			correct_baseline
2294275	2022			correct_baseline
2294275	2023			correct_baseline
2294275	2024			correct_baseline
2294277	2022	1	0.6391708008287503	correct_baseline
2294277	2023	1	0.5892561572424933	correct_baseline
2294277	2024	1	0.5429558703181571	correct_baseline
2294284	2022			correct_baseline
2294284	2023			correct_baseline
2294284	2024			correct_baseline
2295442	2022	1	0.9334252143122485	correct_baseline
2295442	2023	1	0.9057225468098807	correct_baseline
2295442	2024	1	0.8787376821581333	correct_baseline
2296807	2022	1	0.3834942785988121	correct_baseline
2296807	2023	1	0.32750704451496754	correct_baseline
2296807	2024	1	0.27950910246447064	correct_baseline
2297108	2022	0	0.45662267634709836	correct_baseline
2297108	2023	0	0.40692272078689645	correct_baseline
2297108	2024	0	0.3624650787226664	correct_baseline
2307726	2022			correct_baseline
2307726	2023			correct_baseline
2307726	2024			correct_baseline
2320810	2022			correct_baseline
2320810	2023			correct_baseline
2320810	2024			correct_baseline
2327735	2022	1	0.9911516964554657	correct_baseline
2327735	2023	1	0.9085629409257595	correct_baseline
2327735	2024	1	0.8292531899985528	correct_baseline
2337607	2022	0	0.3308056341137494	basic
2337607	2023	0	0.2749479803550337	basic
2337607	2024	0	0.22764373355186424	basic
2362030	2022	1	0.8758978902235245	basic
2362030	2023	1	0.8456754094802759	basic
2362030	2024	1	0.8161316261488547	basic
2362868	2022	1	0.9022595210566822	basic
2362868	2023	1	0.8890682462123115	basic
2362868	2024	1	0.8757459253136239	basic
2366634	2022	1	0.8373300197542185	basic
2366634	2023	1	0.8107076109609418	basic
2366634	2024	1	0.7845166680359308	basic
2367742	2022			basic
2367742	2023			basic
2367742	2024			basic
2367911	2022	0	0.12950433423314892	basic
2367911	2023	3	2.922055682114716	basic
2367911	2024	3	34.86891642758818	basic
2379089	2022	0	0.7580020754185363	basic
2379089	2023	0	0.6297447694474368	basic
2379089	2024	0	0.5097695378885324	basic
2379245	2022	0	0.7024201867600137	basic
2379245	2023	0	0.4268733811867229	basic
2379245	2024	0	0.2422099263561813	basic
2382155	2022	1	0.8074389786066886	basic
2382155	2023	0	0.7827257891762669	basic
2382155	2024	0	0.758581814423364	basic
2394486	2022	3	1.1607385563657513	basic
2394486	2023	3	1.1677430150201624	basic
2394486	2024	3	1.1742021910409561	basic
2426640	2022	2	0.6356524028368952	correct_baseline
2426640	2023	2	0.660796295916645	correct_baseline
2426640	2024	2	0.6835857528288547	correct_baseline
2426661	2022	3	1.2339437005455067	correct_baseline
2426661	2023	3	1.2996851597077026	correct_baseline
2426661	2024	3	1.3687981336443382	correct_baseline
2427091	2022	1	0.8690321302251535	correct_baseline
2427091	2023	1	0.8393540410902314	correct_baseline
2427091	2024	1	0.8099797872102085	correct_baseline
2435035	2022	3	1.0288936047688428	correct_baseline
2435035	2023	3	1.03584693889278	correct_baseline
2435035	2024	3	1.039570288880096	correct_baseline
2436940	2022	3	1.1155214365756263	correct_baseline
2436940	2023	3	1.1146740589627542	correct_baseline
2436940	2024	3	1.1135589911277592	correct_baseline
2437282	2022			correct_baseline
2437282	2023			correct_baseline
2437282	2024			correct_baseline
2437397	2022			correct_baseline
2437397	2023			correct_baseline
2437397	2024			correct_baseline
2437450	2022	0	0.8112372590298922	correct_baseline
2437450	2023	0	0.7602393941224737	correct_baseline
2437450	2024	0	0.7122457644219331	correct_baseline
2437619	2022			correct_baseline
2437619	2023			correct_baseline
2437619	2024			correct_baseline
2439261	2022	3	1.20931745934686	correct_baseline
2439261	2023	3	1.200837187669379	correct_baseline
2439261	2024	3	1.1921068568845032	correct_baseline
2439270	2022	1	0.8494567437887528	correct_baseline
2439270	2023	1	0.8440022010233861	correct_baseline
2439270	2024	1	0.8385757919657413	correct_baseline
2440196	2022			correct_baseline
2440196	2023			correct_baseline
2440196	2024			correct_baseline
2440946	2022	1	0.9097262818779402	correct_baseline
2440946	2023	1	0.8568592632256978	correct_baseline
2440946	2024	1	0.806239760577647	correct_baseline
2440954	2022	0	0.3249792275873094	correct_baseline
2440954	2023	0	0.24258940433842496	correct_baseline
2440954	2024	0	0.1696718648012429	correct_baseline
2441905	2022			correct_baseline
2441905	2023			correct_baseline
2441905	2024			correct_baseline
2443002	2022	3	1.0728104598079646	correct_baseline
2443002	2023	3	1.06161741639171	correct_baseline
2443002	2024	3	1.050335007585756	correct_baseline
2445034	2022			correct_baseline
2445034	2023			correct_baseline
2445034	2024			correct_baseline
2455615	2022			correct_baseline
2455615	2023			correct_baseline
2455615	2024			correct_baseline
2469188	2022			correct_baseline
2469188	2023			correct_baseline
2469188	2024			correct_baseline
2473341	2022	3	1.1647064745903806	correct_baseline
2473341	2023	3	1.169678706535646	correct_baseline
2473341	2024	3	1.1721408185134572	correct_baseline
2473477	2022	0	0.7744329891366399	correct_baseline
2473477	2023	0	0.7072367391097194	correct_baseline
2473477	2024	0	0.6448684692516199	correct_baseline
2474029	2022			correct_baseline
2474029	2023			correct_baseline
2474029	2024			correct_baseline
2474051	2022	1	0.9608952639439047	correct_baseline
2474051	2023	1	0.9560344026702232	correct_baseline
2474051	2024	1	0.9510119999035861	correct_baseline
2474416	2022			correct_baseline
2474416	2023			correct_baseline
2474416	2024			correct_baseline
2474936	2022	1	0.5328574650600864	correct_baseline
2474936	2023	1	0.486561077127306	correct_baseline
2474936	2024	1	0.44406397636572237	correct_baseline
2475235	2022			correct_baseline
2475235	2023			correct_baseline
2475235	2024			correct_baseline
2475648	2022	1	0.9438943902759895	correct_baseline
2475648	2023	1	0.9533380175060703	correct_baseline
2475648	2024	1	0.9625119007158043	correct_baseline
2479226	2022	3	1.1638853142840513	correct_baseline
2479226	2023	3	1.1641405072657653	correct_baseline
2479226	2024	3	1.1643666908636114	correct_baseline
2479311	2022			correct_baseline
2479311	2023			correct_baseline
2479311	2024			correct_baseline
2479329	2022	1	0.7974203285760667	correct_baseline
2479329	2023	1	0.772424935382216	correct_baseline
2479329	2024	1	0.7479574466662338	correct_baseline
2479407	2022	3	1.1783991863922152	correct_baseline
2479407	2023	3	1.1897201919914284	correct_baseline
2479407	2024	3	1.2009731455164805	correct_baseline
2479544	2022			correct_baseline
2479544	2023			correct_baseline
2479544	2024			correct_baseline
2479798	2022	1	0.9863708156074931	correct_baseline
2479798	2023	1	0.9689049656643789	correct_baseline
2479798	2024	1	0.9515416016622359	correct_baseline
2479804	2022			correct_baseline
2479804	2023			correct_baseline
2479804	2024			correct_baseline
2479925	2022			correct_baseline
2479925	2023			correct_baseline
2479925	2024			correct_baseline
2479977	2022	1	0.9702406775992016	correct_baseline
2479977	2023	1	0.9605536576118966	correct_baseline
2479977	2024	1	0.9507812603079021	correct_baseline
2480372	2022	0	0.44033005628887334	correct_baseline
2480372	2023	0	0.28482872481870103	correct_baseline
2480372	2024	0	0.17710102608497488	correct_baseline
2480410	2022	1	0.999142530366814	correct_baseline
2480410	2023	1	0.9791259220151531	correct_baseline
2480410	2024	1	0.9592207760619608	correct_baseline
2480446	2022			correct_baseline
2480446	2023			correct_baseline
2480446	2024			correct_baseline
2480491	2022	1	0.6635210110049613	correct_baseline
2480491	2023	1	0.6376127277290856	correct_baseline
2480491	2024	1	0.6124219774090385	correct_baseline
2480524	2022	0	0.42643214033588955	correct_baseline
2480524	2023	0	0.3950131340184047	correct_baseline
2480524	2024	0	0.365727859557002	correct_baseline
2480685	2022	1	0.7568679842802196	correct_baseline
2480685	2023	1	0.7523895488034441	correct_baseline
2480685	2024	1	0.7477352441763395	correct_baseline
2480764	2022	1	0.824185740544171	correct_baseline
2480764	2023	1	0.8182972559288958	correct_baseline
2480764	2024	1	0.8123822664380218	correct_baseline
2480773	2022	1	0.845888736507724	correct_baseline
2480773	2023	1	0.822967739857187	correct_baseline
2480773	2024	1	0.8002258076640044	correct_baseline
2480906	2022	0	0.7003628184840879	correct_baseline
2480906	2023	0	0.6896306855987001	correct_baseline
2480906	2024	0	0.679042679668309	correct_baseline
2481062	2022	0	0.8561746952135301	correct_baseline
2481062	2023	0	0.8493060236419713	correct_baseline
2481062	2024	0	0.8424793195005992	correct_baseline
2481134	2022	1	0.8456191122032148	correct_baseline
2481134	2023	1	0.8470576598932681	correct_baseline
2481134	2024	1	0.8483535076290752	correct_baseline
2481263	2022	0	0.7923583333225028	correct_baseline
2481263	2023	0	0.7864664120045544	correct_baseline
2481263	2024	0	0.7805915481639654	correct_baseline
2481670	2022			correct_baseline
2481670	2023			correct_baseline
2481670	2024			correct_baseline
2481703	2022	0	0.6078030005142799	correct_baseline
2481703	2023	0	0.6016262698956802	correct_baseline
2481703	2024	0	0.5954043332823606	correct_baseline
2481719	2022	0	0.7155933836618573	correct_baseline
2481719	2023	0	0.7074216596838094	correct_baseline
2481719	2024	0	0.6993305379949173	correct_baseline
2481744	2022	0	0.6614220772951167	correct_baseline
2481744	2023	0	0.6503747411442832	correct_baseline
2481744	2024	0	0.6394951560378354	correct_baseline
2481959	2022	0	0.8881162999994779	correct_baseline
2481959	2023	0	0.8822311439410522	correct_baseline
2481959	2024	0	0.8763760253953746	correct_baseline
2481962	2022	0	0.819533258766354	correct_baseline
2481962	2023	0	0.8116875981824706	correct_baseline
2481962	2024	0	0.8038994204115044	correct_baseline
2484605	2022	0	0.5291410105273446	correct_baseline
2484605	2023	0	0.5062462612223493	correct_baseline
2484605	2024	0	0.48413210238503923	correct_baseline
2486132	2022			correct_baseline
2486132	2023			correct_baseline
2486132	2024			correct_baseline
2489075	2022			correct_baseline
2489075	2023			correct_baseline
2489075	2024			correct_baseline
2490384	2022			correct_baseline
2490384	2023			correct_baseline
2490384	2024			correct_baseline
2492867	2022	0	0.6797068087451761	correct_baseline
2492867	2023	0	0.6729783193712782	correct_baseline
2492867	2024	0	0.6662771966990602	correct_baseline
2493618	2022			correct_baseline
2493618	2023			correct_baseline
2493618	2024			correct_baseline
2493633	2022	3	1.078896282821541	correct_baseline
2493633	2023	3	1.0763530605802238	correct_baseline
2493633	2024	3	1.0735858533915807	correct_baseline
2494303	2022	3	1.0804582771034106	correct_baseline
2494303	2023	3	1.053727833117603	correct_baseline
2494303	2024	3	1.0270603393151083	correct_baseline
2495414	2022	3	1.2565166344157086	correct_baseline
2495414	2023	3	1.2643786095322391	correct_baseline
2495414	2024	3	1.2719873299174005	correct_baseline
2495494	2022	0	0.6559278151587181	correct_baseline
2495494	2023	0	0.49174439727473407	correct_baseline
2495494	2024	0	0.3631403202723558	correct_baseline
2498015	2022	1	0.9663215920526528	correct_baseline
2498015	2023	1	0.9492256361111404	correct_baseline
2498015	2024	1	0.9322113490303304	correct_baseline
2498026	2022	0	0.5434532659079172	correct_baseline
2498026	2023	0	0.5140106817821538	correct_baseline
2498026	2024	0	0.4859550720618407	correct_baseline
2498034	2022	1	0.970099232986089	correct_baseline
2498034	2023	1	0.9593176551991484	correct_baseline
2498034	2024	1	0.9485595388585472	correct_baseline
2498035	2022	3	1.0528935527431786	correct_baseline
2498035	2023	3	1.0455109913560539	correct_baseline
2498035	2024	3	1.0381679796049936	correct_baseline
2498046	2022	1	0.9426952977128639	correct_baseline
2498046	2023	1	0.9243486241371388	correct_baseline
2498046	2024	1	0.9062195075593193	correct_baseline
2498090	2022	1	0.9129258848729089	correct_baseline
2498090	2023	1	0.9021230510585169	correct_baseline
2498090	2024	1	0.8914116870514612	correct_baseline
2498161	2022	1	0.7833464145255474	correct_baseline
2498161	2023	1	0.7766827740549861	correct_baseline
2498161	2024	1	0.7699952336527945	correct_baseline
2498163	2022	1	0.9241338712217989	correct_baseline
2498163	2023	1	0.9023000562826404	correct_baseline
2498163	2024	1	0.8803502401918377	correct_baseline
2498167	2022	0	0.7807408441858815	correct_baseline
2498167	2023	0	0.7715131944329049	correct_baseline
2498167	2024	0	0.7623669637959192	correct_baseline
2498252	2022	3	1.085055451905273	correct_baseline
2498252	2023	3	1.0863539376294	correct_baseline
2498252	2024	3	1.0875147965693568	correct_baseline
2498259	2022	0	0.629429133699475	correct_baseline
2498259	2023	0	0.6032779696833412	correct_baseline
2498259	2024	0	0.5780795309580609	correct_baseline
2498305	2022	0	0.6725287169630569	correct_baseline
2498305	2023	0	0.6575158933039296	correct_baseline
2498305	2024	0	0.642666159332434	correct_baseline
2498329	2022	1	1.0089119069490395	correct_baseline
2498329	2023	3	1.0235584863280827	correct_baseline
2498329	2024	3	1.037009453006374	correct_baseline
2498344	2022	3	1.1626295755332001	correct_baseline
2498344	2023	3	1.187535111636169	correct_baseline
2498344	2024	3	1.2127603885405027	correct_baseline
2498384	2022	1	0.9397509702338596	correct_baseline
2498384	2023	1	0.919602992955017	correct_baseline
2498384	2024	1	0.8997750746463348	correct_baseline
2498387	2022	0	0.8132087928547684	correct_baseline
2498387	2023	0	0.7577670603205515	correct_baseline
2498387	2024	0	0.7057973561886817	correct_baseline
2498388	2022	3	1.01462206207102	correct_baseline
2498388	2023	1	1.0076810483804082	correct_baseline
2498388	2024	1	1.000690169229075	correct_baseline
2498402	2022	3	1.0235313077895973	correct_baseline
2498402	2023	1	1.0044248895052303	correct_baseline
2498402	2024	1	0.9848016385445344	correct_baseline
2498408	2022	1	0.9095236468431599	correct_baseline
2498408	2023	1	0.8926364902152205	correct_baseline
2498408	2024	1	0.8754957563426019	correct_baseline
2501248	2022			correct_baseline
2501248	2023			correct_baseline
2501248	2024			correct_baseline
2502810	2022	3	1.1999823129169676	basic
2502810	2023	3	1.7696463887733154	basic
2502810	2024	3	2.514736661771946	basic
2515351	2022			correct_baseline
2515351	2023			correct_baseline
2515351	2024			correct_baseline
2516075	2022	1	0.9055845594917886	correct_baseline
2516075	2023	1	0.8973447544878426	correct_baseline
2516075	2024	1	0.8891479650659824	correct_baseline
2516419	2022	1	0.8391728317342888	correct_baseline
2516419	2023	1	0.8119337839554962	correct_baseline
2516419	2024	1	0.7846120138370083	correct_baseline
2516809	2022	1	0.8205955118909598	correct_baseline
2516809	2023	1	0.7989110607309095	correct_baseline
2516809	2024	1	0.7775949938147979	correct_baseline
2537743	2022			correct_baseline
2537743	2023			correct_baseline
2537743	2024			correct_baseline
2598552	2022	0	0.7978370805629528	correct_baseline
2598552	2023	0	0.780759571986616	correct_baseline
2598552	2024	0	0.7640242751622388	correct_baseline
2650107	2022	3	1.0898578466456996	correct_baseline
2650107	2023	3	1.0938142348364217	correct_baseline
2650107	2024	3	1.0977774168133234	correct_baseline
2650827	2022	3	1.0263469418306137	correct_baseline
2650827	2023	1	0.9351866324594064	correct_baseline
2650827	2024	1	0.8485321426046999	correct_baseline
2650829	2022	3	1.0186032483577054	correct_baseline
2650829	2023	3	1.01254022698337	correct_baseline
2650829	2024	1	1.006295743912885	correct_baseline
2650903	2022	1	0.9311459593660244	correct_baseline
2650903	2023	1	0.9036632830677953	correct_baseline
2650903	2024	1	0.875250891301232	correct_baseline
2651122	2022			correct_baseline
2651122	2023			correct_baseline
2651122	2024			correct_baseline
2651816	2022	1	1.008957090933555	correct_baseline
2651816	2023	1	1.0059847945805644	correct_baseline
2651816	2024	1	1.002829540427379	correct_baseline
2651826	2022	3	1.1412397163912804	correct_baseline
2651826	2023	3	1.1477619186041241	correct_baseline
2651826	2024	3	1.153768844748794	correct_baseline
2677047	2022	3	1.076487050204771	correct_baseline
2677047	2023	3	1.0798324699260033	correct_baseline
2677047	2024	3	1.0831841305305707	correct_baseline
2683866	2022	1	0.9818326135845085	correct_baseline
2683866	2023	1	0.9808594453544446	correct_baseline
2683866	2024	1	0.9797919060300918	correct_baseline
2684171	2022	1	0.835338028834452	correct_baseline
2684171	2023	1	0.8244020056064658	correct_baseline
2684171	2024	1	0.8135579578478676	correct_baseline
2684178	2022	0	0.5145267248183505	correct_baseline
2684178	2023	0	0.490821546817567	correct_baseline
2684178	2024	0	0.46779581250511726	correct_baseline
2684191	2022	1	0.8894913902884906	correct_baseline
2684191	2023	1	0.8876479933440665	correct_baseline
2684191	2024	1	0.8857715571210172	correct_baseline
2684984	2022			correct_baseline
2684984	2023			correct_baseline
2684984	2024			correct_baseline
2685361	2022	1	0.9548371139621425	correct_baseline
2685361	2023	1	0.9526475355242858	correct_baseline
2685361	2024	1	0.9504169268284479	correct_baseline
2685484	2022	1	0.955893396411691	correct_baseline
2685484	2023	1	0.9528191534225366	correct_baseline
2685484	2024	1	0.9497201763976413	correct_baseline
2685552	2022	2	0.7457845839188035	correct_baseline
2685552	2023	2	0.8158690996034214	correct_baseline
2685552	2024	2	0.8851613868432512	correct_baseline
2685796	2022	1	0.8323075222125573	correct_baseline
2685796	2023	1	0.8206452521300407	correct_baseline
2685796	2024	1	0.8087646413972167	correct_baseline
2686157	2022	0	0.6740249340151385	correct_baseline
2686157	2023	0	0.6527335497656789	correct_baseline
2686157	2024	0	0.6319532716811895	correct_baseline
2686212	2022	0	0.6733411035331838	correct_baseline
2686212	2023	0	0.6553622824071523	correct_baseline
2686212	2024	0	0.6377364115412724	correct_baseline
2687182	2022	1	0.7316050264568656	correct_baseline
2687182	2023	1	0.7253087206695099	correct_baseline
2687182	2024	1	0.7190319795273342	correct_baseline
2687210	2022	1	0.8149937122670186	correct_baseline
2687210	2023	1	0.7899179856680664	correct_baseline
2687210	2024	1	0.7650349607164781	correct_baseline
2687885	2022			correct_baseline
2687885	2023			correct_baseline
2687885	2024			correct_baseline
2688189	2022	0	0.7044613481462307	correct_baseline
2688189	2023	0	0.6339252692874378	correct_baseline
2688189	2024	0	0.5700813052325844	correct_baseline
2700768	2022	1	0.8221195424783178	correct_baseline
2700768	2023	1	0.754267185653485	correct_baseline
2700768	2024	1	0.6909025526680972	correct_baseline
2701578	2022	1	0.80316377234256	correct_baseline
2701578	2023	1	0.8006504314006493	correct_baseline
2701578	2024	1	0.798131928788384	correct_baseline
2701612	2022			correct_baseline
2701612	2023			correct_baseline
2701612	2024			correct_baseline
2701879	2022			correct_baseline
2701879	2023			correct_baseline
2701879	2024			correct_baseline
2701986	2022	3	1.1152642230610603	correct_baseline
2701986	2023	3	1.1229443648521804	correct_baseline
2701986	2024	3	1.1306654316091826	correct_baseline
2702058	2022	1	0.7358138228449752	correct_baseline
2702058	2023	1	0.6933369797963554	correct_baseline
2702058	2024	1	0.6500771568913378	correct_baseline
2702084	2022	3	1.096050531840088	correct_baseline
2702084	2023	3	1.0999246926200525	correct_baseline
2702084	2024	3	1.1037358933232102	correct_baseline
2702727	2022	0	0.9268551156414785	correct_baseline
2702727	2023	0	0.9225124044499939	correct_baseline
2702727	2024	0	0.9181867722791827	correct_baseline
2702792	2022	1	0.9270104205024574	correct_baseline
2702792	2023	1	0.9194338113347671	correct_baseline
2702792	2024	1	0.911354925128666	correct_baseline
2702808	2022	3	1.1674730660752008	correct_baseline
2702808	2023	3	1.1854976787589095	correct_baseline
2702808	2024	3	1.2035897450744075	correct_baseline
2702816	2022	1	0.9132333091796058	correct_baseline
2702816	2023	1	0.9019072852506036	correct_baseline
2702816	2024	1	0.8905368667727841	correct_baseline
2702822	2022	1	1.0087887591614908	correct_baseline
2702822	2023	1	1.0078422366707631	correct_baseline
2702822	2024	1	1.006882035028071	correct_baseline
2703663	2022	1	0.7881522296392927	correct_baseline
2703663	2023	1	0.7802912078249518	correct_baseline
2703663	2024	1	0.7724936820040925	correct_baseline
2703670	2022	1	0.9431901030499332	correct_baseline
2703670	2023	1	0.938587432963446	correct_baseline
2703670	2024	1	0.9338063216329917	correct_baseline
2703698	2022	1	0.8211394608285167	correct_baseline
2703698	2023	1	0.7876729455312265	correct_baseline
2703698	2024	1	0.7545361422543696	correct_baseline
2703721	2022	1	0.9817811092257863	correct_baseline
2703721	2023	1	0.9751244178020465	correct_baseline
2703721	2024	1	0.9683322710213895	correct_baseline
2703723	2022	3	1.1240350588743626	correct_baseline
2703723	2023	3	1.1255262527530763	correct_baseline
2703723	2024	3	1.1269678832217893	correct_baseline
2703740	2022			correct_baseline
2703740	2023			correct_baseline
2703740	2024			correct_baseline
2703760	2022	3	1.1019097180214619	correct_baseline
2703760	2023	3	1.1008753341584256	correct_baseline
2703760	2024	3	1.0998289481722636	correct_baseline
2704038	2022	3	1.026915830945715	correct_baseline
2704038	2023	3	1.0591292281198768	correct_baseline
2704038	2024	3	1.091653284810753	correct_baseline
2704194	2022	0	0.5832816838023264	correct_baseline
2704194	2023	0	0.4373843255249378	correct_baseline
2704194	2024	0	0.3200611946969548	correct_baseline
2704394	2022	1	0.8607870069196047	correct_baseline
2704394	2023	1	0.8463302779536708	correct_baseline
2704394	2024	1	0.8314685340011423	correct_baseline
2704523	2022	1	0.9503281818549469	correct_baseline
2704523	2023	1	0.9488806144007814	correct_baseline
2704523	2024	1	0.9474059109341957	correct_baseline
2704757	2022	3	1.2553502064444715	correct_baseline
2704757	2023	3	1.2668269881789895	correct_baseline
2704757	2024	3	1.2781801005602484	correct_baseline
2704949	2022	1	0.9465173435254035	correct_baseline
2704949	2023	1	0.9369281867641871	correct_baseline
2704949	2024	1	0.9273464423401306	correct_baseline
2705031	2022			correct_baseline
2705031	2023			correct_baseline
2705031	2024			correct_baseline
2705081	2022	1	1.0007880770292332	correct_baseline
2705081	2023	1	1.0042840463789335	correct_baseline
2705081	2024	1	1.0076216700731935	correct_baseline
2705090	2022	3	1.1041550601304313	correct_baseline
2705090	2023	3	1.1073835032618464	correct_baseline
2705090	2024	3	1.1106153318184218	correct_baseline
2705144	2022	1	0.8518110992819257	correct_baseline
2705144	2023	1	0.8495016868429259	correct_baseline
2705144	2024	1	0.8468871496958372	correct_baseline
2705162	2022	1	0.990654229190698	correct_baseline
2705162	2023	1	0.9889130926035221	correct_baseline
2705162	2024	1	0.9871682478316919	correct_baseline
2705181	2022	3	1.2416290365496259	correct_baseline
2705181	2023	3	1.2557651456989993	correct_baseline
2705181	2024	3	1.2700511255728515	correct_baseline
2705185	2022	3	1.1848172500066216	correct_baseline
2705185	2023	3	1.1937083820972916	correct_baseline
2705185	2024	3	1.2026589835724084	correct_baseline
2705290	2022	3	1.124029934631319	correct_baseline
2705290	2023	3	1.1274867356427034	correct_baseline
2705290	2024	3	1.1309408476088154	correct_baseline
2705295	2022	1	0.85047974747537	correct_baseline
2705295	2023	1	0.8114316817930469	correct_baseline
2705295	2024	1	0.7725038019530776	correct_baseline
2705300	2022			correct_baseline
2705300	2023			correct_baseline
2705300	2024			correct_baseline
2705369	2022	1	0.8051636050392235	correct_baseline
2705369	2023	1	0.7987544677534684	correct_baseline
2705369	2024	1	0.7921284005763632	correct_baseline
2705378	2022	1	0.8173226321273016	correct_baseline
2705378	2023	1	0.810572523538361	correct_baseline
2705378	2024	1	0.8029195403182146	correct_baseline
2705400	2022	1	0.9088463467979011	correct_baseline
2705400	2023	1	0.8930491156577421	correct_baseline
2705400	2024	1	0.8771010674179837	correct_baseline
2705401	2022	1	0.889878031996023	correct_baseline
2705401	2023	1	0.8822419009542152	correct_baseline
2705401	2024	1	0.8746618115227016	correct_baseline
2705449	2022	1	0.9731617332743134	correct_baseline
2705449	2023	1	0.9710300506465206	correct_baseline
2705449	2024	1	0.968897347079476	correct_baseline
2705953	2022	3	1.0448931290854904	correct_baseline
2705953	2023	3	1.0488312613521167	correct_baseline
2705953	2024	3	1.052489595388204	correct_baseline
2705966	2022	3	1.074960275551077	correct_baseline
2705966	2023	3	1.0785674562797967	correct_baseline
2705966	2024	3	1.0819005304138454	correct_baseline
2705972	2022	1	0.932537585293842	correct_baseline
2705972	2023	1	0.9223813988159957	correct_baseline
2705972	2024	1	0.9121208384191832	correct_baseline
2706002	2022	0	0.7029577304357738	correct_baseline
2706002	2023	0	0.6932602179438815	correct_baseline
2706002	2024	0	0.6835301832404687	correct_baseline
2706026	2022	0	0.6862693987878703	correct_baseline
2706026	2023	0	0.6550667659274656	correct_baseline
2706026	2024	0	0.6247204561097497	correct_baseline
2706052	2022	0	0.6570136328768266	correct_baseline
2706052	2023	0	0.6327420747481362	correct_baseline
2706052	2024	0	0.6091185889145716	correct_baseline
2706056	2022	3	1.198567201366363	correct_baseline
2706056	2023	3	1.202958934144894	correct_baseline
2706056	2024	3	1.20710774417461	correct_baseline
2715482	2022	3	1.2155907812243718	correct_baseline
2715482	2023	3	1.218923622375384	correct_baseline
2715482	2024	3	1.2221435710449704	correct_baseline
2716226	2022	3	1.2184118884616426	correct_baseline
2716226	2023	3	1.2265044301485406	correct_baseline
2716226	2024	3	1.234636013826105	correct_baseline
2716838	2022	3	1.2307634559733316	correct_baseline
2716838	2023	3	1.3910669349809954	correct_baseline
2716838	2024	3	1.5712995974253126	correct_baseline
2717467	2022			correct_baseline
2717467	2023			correct_baseline
2717467	2024			correct_baseline
2718377	2022			correct_baseline
2718377	2023			correct_baseline
2718377	2024			correct_baseline
2722515	2022	0	0.5701648800628869	correct_baseline
2722515	2023	0	0.43979873590856094	correct_baseline
2722515	2024	0	0.3383977578984528	correct_baseline
2726360	2022	3	1.343240570255447	correct_baseline
2726360	2023	3	1.434542019512917	correct_baseline
2726360	2024	3	1.5280264566533495	correct_baseline
2726538	2022			correct_baseline
2726538	2023			correct_baseline
2726538	2024			correct_baseline
2726539	2022			correct_baseline
2726539	2023			correct_baseline
2726539	2024			correct_baseline
2739071	2022	3	1.0271990031716052	correct_baseline
2739071	2023	1	0.9711785480259014	correct_baseline
2739071	2024	1	0.9171822654657054	correct_baseline
2747489	2022			correct_baseline
2747489	2023			correct_baseline
2747489	2024			correct_baseline
2747564	2022	3	1.3475226866331547	correct_baseline
2747564	2023	3	1.3387675403351404	correct_baseline
2747564	2024	3	1.3296883666849766	correct_baseline
2747567	2022	3	1.2535937284741794	correct_baseline
2747567	2023	3	1.2649149409908862	correct_baseline
2747567	2024	3	1.2762870152535055	correct_baseline
2747718	2022			correct_baseline
2747718	2023			correct_baseline
2747718	2024			correct_baseline
2747750	2022	1	0.6935879104129317	correct_baseline
2747750	2023	1	0.6793169725684898	correct_baseline
2747750	2024	1	0.6649136809365728	correct_baseline
2747939	2022	3	1.4324723961349504	correct_baseline
2747939	2023	3	1.7741987525733687	correct_baseline
2747939	2024	3	2.1722486903542584	correct_baseline
2762737	2022			correct_baseline
2762737	2023			correct_baseline
2762737	2024			correct_baseline
2765156	2022	3	1.1164636450636871	correct_baseline
2765156	2023	3	1.116038308976863	correct_baseline
2765156	2024	3	1.115507663695181	correct_baseline
2765272	2022	3	1.235161121014982	correct_baseline
2765272	2023	3	1.2434785620688338	correct_baseline
2765272	2024	3	1.2517509255816919	correct_baseline
2766030	2022	3	1.0557163773095881	correct_baseline
2766030	2023	3	1.0402316401485834	correct_baseline
2766030	2024	3	1.0239415435915526	correct_baseline
2767271	2022	0	0.5967415335841948	correct_baseline
2767271	2023	0	0.25528212638018677	correct_baseline
2767271	2024	0	0.10085212104765778	correct_baseline
2767275	2022	0	0.890843703187216	correct_baseline
2767275	2023	0	0.4647168941352687	correct_baseline
2767275	2024	0	0.22592558321647394	correct_baseline
2767428	2022			correct_baseline
2767428	2023			correct_baseline
2767428	2024			correct_baseline
2772082	2022			correct_baseline
2772082	2023			correct_baseline
2772082	2024			correct_baseline
2772094	2022	1	0.9100372071734281	correct_baseline
2772094	2023	1	0.8942335789644635	correct_baseline
2772094	2024	1	0.8784597754201161	correct_baseline
2772174	2022	3	1.0754138690400927	correct_baseline
2772174	2023	3	1.0724547013022627	correct_baseline
2772174	2024	3	1.0678920372597647	correct_baseline
2772666	2022	3	1.2535273653685364	correct_baseline
2772666	2023	3	1.266363888096801	correct_baseline
2772666	2024	3	1.2787133292139214	correct_baseline
2773281	2022	1	0.9814719679276841	correct_baseline
2773281	2023	1	0.9823825369811373	correct_baseline
2773281	2024	1	0.983250073059087	correct_baseline
2773453	2022	3	1.0637073956284646	correct_baseline
2773453	2023	3	1.0658346783088684	correct_baseline
2773453	2024	3	1.0679068637774771	correct_baseline
2775530	2022	0	0.7927157395091683	correct_baseline
2775530	2023	0	0.7723592709088116	correct_baseline
2775530	2024	0	0.7519598421964749	correct_baseline
2775619	2022	1	0.9799920722929667	correct_baseline
2775619	2023	1	0.9649712386567363	correct_baseline
2775619	2024	1	0.9494752493453968	correct_baseline
2781074	2022	3	1.1400054091926752	correct_baseline
2781074	2023	3	1.145562028025604	correct_baseline
2781074	2024	3	1.1510873593331241	correct_baseline
2781103	2022	1	0.9617644066973713	correct_baseline
2781103	2023	1	0.9657885675012716	correct_baseline
2781103	2024	1	0.9697276261073727	correct_baseline
2840931	2022	3	1.324960914579131	correct_baseline
2840931	2023	3	1.395806264451717	correct_baseline
2840931	2024	3	1.460003292350562	correct_baseline
2855338	2022			correct_baseline
2855338	2023			correct_baseline
2855338	2024			correct_baseline
2855356	2022	3	1.164356864197366	correct_baseline
2855356	2023	3	1.1685113041779318	correct_baseline
2855356	2024	3	1.1726737013064403	correct_baseline
2855398	2022	3	1.0504743735543038	correct_baseline
2855398	2023	3	1.0621639845927546	correct_baseline
2855398	2024	3	1.067602154221977	correct_baseline
2855439	2022	1	0.9645257693674867	correct_baseline
2855439	2023	1	0.8516489523236399	correct_baseline
2855439	2024	1	0.7308004677628852	correct_baseline
2855705	2022			correct_baseline
2855705	2023			correct_baseline
2855705	2024			correct_baseline
2855823	2022			correct_baseline
2855823	2023			correct_baseline
2855823	2024			correct_baseline
2855825	2022			correct_baseline
2855825	2023			correct_baseline
2855825	2024			correct_baseline
2855860	2022	3	1.1240529264985069	correct_baseline
2855860	2023	3	1.1179916780107937	correct_baseline
2855860	2024	3	1.1116050834763263	correct_baseline
2855893	2022			correct_baseline
2855893	2023			correct_baseline
2855893	2024			correct_baseline
2856457	2022	1	0.7679154393828189	correct_baseline
2856457	2023	1	0.5878447558953533	correct_baseline
2856457	2024	1	0.4282373582785769	correct_baseline
2856780	2022			correct_baseline
2856780	2023			correct_baseline
2856780	2024			correct_baseline
2856920	2022	1	0.931087360303884	correct_baseline
2856920	2023	1	0.8788825889895897	correct_baseline
2856920	2024	1	0.8253939905444724	correct_baseline
2857017	2022	2	1.027035293249971	correct_baseline
2857017	2023	0	0.668625582361385	correct_baseline
2857017	2024	0	0.3801828397453839	correct_baseline
2857697	2022			correct_baseline
2857697	2023			correct_baseline
2857697	2024			correct_baseline
2858581	2022	1	0.831036246499681	correct_baseline
2858581	2023	1	0.8103120558036202	correct_baseline
2858581	2024	1	0.7895268272514647	correct_baseline
2858963	2022			correct_baseline
2858963	2023			correct_baseline
2858963	2024			correct_baseline
2859597	2022	0	0.7912126625138481	correct_baseline
2859597	2023	0	0.6662319384333263	correct_baseline
2859597	2024	0	0.5598628486466785	correct_baseline
2865448	2022	0	0.8112095198440473	correct_baseline
2865448	2023	0	0.7999348983327973	correct_baseline
2865448	2024	0	0.7886760770634832	correct_baseline
2865524	2022			correct_baseline
2865524	2023			correct_baseline
2865524	2024			correct_baseline
2865565	2022	0	0.6822665070662206	correct_baseline
2865565	2023	0	0.6667764384666635	correct_baseline
2865565	2024	1	0.6510980107875303	correct_baseline
2866850	2022			correct_baseline
2866850	2023			correct_baseline
2866850	2024			correct_baseline
2867614	2022	1	0.9529418441133111	correct_baseline
2867614	2023	1	0.9461699581276645	correct_baseline
2867614	2024	1	0.9390176848331795	correct_baseline
2867631	2022	0	0.5421814655778474	correct_baseline
2867631	2023	0	0.39697152199463126	correct_baseline
2867631	2024	0	0.28802991765090624	correct_baseline
2868827	2022			correct_baseline
2868827	2023			correct_baseline
2868827	2024			correct_baseline
2869311	2022	1	0.9482111187913539	correct_baseline
2869311	2023	1	0.8502430987813543	correct_baseline
2869311	2024	1	0.7547461053376109	correct_baseline
2869597	2022			correct_baseline
2869597	2023			correct_baseline
2869597	2024			correct_baseline
2870583	2022			correct_baseline
2870583	2023			correct_baseline
2870583	2024			correct_baseline
2873769	2022	3	1.0781831638151	correct_baseline
2873769	2023	3	1.0815305440081846	correct_baseline
2873769	2024	3	1.0848848171219	correct_baseline
2873861	2022	3	1.150035028215833	correct_baseline
2873861	2023	3	1.158221801307406	correct_baseline
2873861	2024	3	1.1662340906959308	correct_baseline
2873877	2022	0	0.8106036996250974	correct_baseline
2873877	2023	0	0.6435450657313665	correct_baseline
2873877	2024	0	0.5073108280993668	correct_baseline
2873926	2022			correct_baseline
2873926	2023			correct_baseline
2873926	2024			correct_baseline
2873991	2022	3	1.1233093369662028	correct_baseline
2873991	2023	3	1.12831268710788	correct_baseline
2873991	2024	3	1.1331563217184033	correct_baseline
2874199	2022	1	0.9759487608951843	correct_baseline
2874199	2023	1	0.9757504031067123	correct_baseline
2874199	2024	1	0.9746288545750549	correct_baseline
2874508	2022	1	0.8679080703618584	correct_baseline
2874508	2023	1	0.8417514585190311	correct_baseline
2874508	2024	1	0.8154134672687947	correct_baseline
2874570	2022	1	0.9220150242297661	correct_baseline
2874570	2023	1	0.917342278844606	correct_baseline
2874570	2024	1	0.9126561320357549	correct_baseline
2874621	2022	1	0.9020876917570284	correct_baseline
2874621	2023	1	0.8992523154671225	correct_baseline
2874621	2024	1	0.896372002454535	correct_baseline
2874706	2022	1	0.8252320702491899	correct_baseline
2874706	2023	1	0.8129111595713076	correct_baseline
2874706	2024	1	0.8006797217066531	correct_baseline
2875968	2022			correct_baseline
2875968	2023			correct_baseline
2875968	2024			correct_baseline
2876049	2022	3	1.1759820220894048	correct_baseline
2876049	2023	3	1.1889941156486503	correct_baseline
2876049	2024	3	1.2009035060593907	correct_baseline
2876571	2022	1	0.6943982262756927	correct_baseline
2876571	2023	1	0.6535201782099913	correct_baseline
2876571	2024	1	0.6115707646387736	correct_baseline
2876607	2022	3	1.075545890652772	correct_baseline
2876607	2023	3	1.0757079384664976	correct_baseline
2876607	2024	3	1.0758062195207356	correct_baseline
2879098	2022	2	1.1081214346677768	correct_baseline
2879098	2023	0	0.7389502717974247	correct_baseline
2879098	2024	0	0.4681828913515961	correct_baseline
2879520	2022	3	1.4000266326209188	correct_baseline
2879520	2023	3	1.4306484709305392	correct_baseline
2879520	2024	3	1.459916472424632	correct_baseline
2880539	2022	3	1.0390001567239442	correct_baseline
2880539	2023	3	1.0464263028617702	correct_baseline
2880539	2024	3	1.053699336739664	correct_baseline
2880580	2022	3	1.0351301177880021	correct_baseline
2880580	2023	1	1.001991097432856	correct_baseline
2880580	2024	1	0.9671579302288279	correct_baseline
2882841	2022			correct_baseline
2882841	2023			correct_baseline
2882841	2024			correct_baseline
2882849	2022	3	1.0104447782615247	correct_baseline
2882849	2023	3	1.0107532549694058	correct_baseline
2882849	2024	3	1.0107120671969982	correct_baseline
2888323	2022	2	1.0434972460925707	correct_baseline
2888323	2023	0	0.964622954524076	correct_baseline
2888323	2024	0	0.8889280932186412	correct_baseline
2888380	2022	3	1.3445173237422257	correct_baseline
2888380	2023	3	1.3599537425457209	correct_baseline
2888380	2024	3	1.375522563328463	correct_baseline
2888435	2022			correct_baseline
2888435	2023			correct_baseline
2888435	2024			correct_baseline
2888437	2022			correct_baseline
2888437	2023			correct_baseline
2888437	2024			correct_baseline
2888439	2022	3	1.156261704443502	correct_baseline
2888439	2023	3	1.1604443780693183	correct_baseline
2888439	2024	3	1.1646334608103335	correct_baseline
2888513	2022	3	1.199483031134356	correct_baseline
2888513	2023	3	1.2042146488694492	correct_baseline
2888513	2024	3	1.2088105291643039	correct_baseline
2888553	2022	1	0.9388578845521962	correct_baseline
2888553	2023	1	0.9324643443480493	correct_baseline
2888553	2024	1	0.9257728582088304	correct_baseline
2888564	2022			correct_baseline
2888564	2023			correct_baseline
2888564	2024			correct_baseline
2888579	2022	0	0.91663129978609	correct_baseline
2888579	2023	0	0.7831546270779712	correct_baseline
2888579	2024	0	0.6604627457835281	correct_baseline
2888585	2022	0	0.7775285331565807	correct_baseline
2888585	2023	0	0.5928936309589995	correct_baseline
2888585	2024	0	0.4457469921221722	correct_baseline
2888622	2022	3	1.1860134523857766	correct_baseline
2888622	2023	3	1.2173847133939204	correct_baseline
2888622	2024	3	1.2451076484306156	correct_baseline
2888625	2022	3	1.1167790925436747	correct_baseline
2888625	2023	3	1.1194072499702468	correct_baseline
2888625	2024	3	1.1219256075525523	correct_baseline
2888636	2022	1	0.7829333967220636	correct_baseline
2888636	2023	1	0.7775116713718606	correct_baseline
2888636	2024	1	0.7720820497462967	correct_baseline
2888740	2022	3	1.385410130269239	correct_baseline
2888740	2023	3	1.416782401469125	correct_baseline
2888740	2024	3	1.448091443376139	correct_baseline
2888797	2022	3	1.260939385089977	correct_baseline
2888797	2023	3	1.3368510474024593	correct_baseline
2888797	2024	3	1.4118762624504602	correct_baseline
2888806	2022	3	1.633950814097707	correct_baseline
2888806	2023	3	1.7437430307102149	correct_baseline
2888806	2024	3	1.8556343548786385	correct_baseline
2888814	2022	3	1.1681236295384527	correct_baseline
2888814	2023	3	1.1735546395179202	correct_baseline
2888814	2024	3	1.1784909300474264	correct_baseline
2888859	2022	3	1.057351351439645	correct_baseline
2888859	2023	1	0.9651822316561737	correct_baseline
2888859	2024	1	0.8742856483694665	correct_baseline
2888867	2022	1	0.8730399670099728	correct_baseline
2888867	2023	1	0.8682706675907569	correct_baseline
2888867	2024	1	0.8634806682951474	correct_baseline
2889019	2022	0	0.8324362262129643	correct_baseline
2889019	2023	0	0.81624521811842	correct_baseline
2889019	2024	0	0.8001410639914991	correct_baseline
2889023	2022	0	0.6554942393813616	correct_baseline
2889023	2023	0	0.634883408471799	correct_baseline
2889023	2024	0	0.6148417833214079	correct_baseline
2889037	2022			correct_baseline
2889037	2023			correct_baseline
2889037	2024			correct_baseline
2889088	2022	3	1.0789063606201963	correct_baseline
2889088	2023	3	1.0816021245341194	correct_baseline
2889088	2024	3	1.0842963989462222	correct_baseline
2889173	2022	3	1.0699910339488083	correct_baseline
2889173	2023	3	1.064589283049284	correct_baseline
2889173	2024	3	1.05890623100747	correct_baseline
2889229	2022	1	0.8690862898559987	correct_baseline
2889229	2023	1	0.867510302361716	correct_baseline
2889229	2024	1	0.8659195418470842	correct_baseline
2889304	2022	3	1.036242175661276	correct_baseline
2889304	2023	3	1.0487426418268424	correct_baseline
2889304	2024	3	1.061173900205485	correct_baseline
2889358	2022			correct_baseline
2889358	2023			correct_baseline
2889358	2024			correct_baseline
2889373	2022	3	1.2757461313087401	correct_baseline
2889373	2023	3	1.284123776892432	correct_baseline
2889373	2024	3	1.2925459792832266	correct_baseline
2889378	2022	3	1.0576477880766137	correct_baseline
2889378	2023	3	1.0605685609231508	correct_baseline
2889378	2024	3	1.0634781150680097	correct_baseline
2889934	2022	1	0.9974481530532204	correct_baseline
2889934	2023	1	0.9751331492759727	correct_baseline
2889934	2024	1	0.9522071730166891	correct_baseline
2890013	2022	1	0.7220369631963027	correct_baseline
2890013	2023	1	0.5514068036654802	correct_baseline
2890013	2024	1	0.40320224616285916	correct_baseline
2890035	2022	3	1.0515337644861003	correct_baseline
2890035	2023	3	1.0201390672847566	correct_baseline
2890035	2024	1	0.9881930571211857	correct_baseline
2890122	2022	3	1.3587283680826523	correct_baseline
2890122	2023	3	1.3879229364964893	correct_baseline
2890122	2024	3	1.417356857867755	correct_baseline
2890287	2022	3	1.300774774232966	correct_baseline
2890287	2023	3	1.314665255317387	correct_baseline
2890287	2024	3	1.3286453965642477	correct_baseline
2890502	2022	3	1.1820845374890427	correct_baseline
2890502	2023	3	1.1896740388918476	correct_baseline
2890502	2024	3	1.1972892119048555	correct_baseline
2890541	2022	3	1.0793986497965042	correct_baseline
2890541	2023	3	1.0768687099922951	correct_baseline
2890541	2024	3	1.0727861790673554	correct_baseline
2890739	2022			correct_baseline
2890739	2023			correct_baseline
2890739	2024			correct_baseline
2890995	2022			correct_baseline
2890995	2023			correct_baseline
2890995	2024			correct_baseline
2891079	2022	0	0.6657900230439289	correct_baseline
2891079	2023	0	0.47598196413965455	correct_baseline
2891079	2024	0	0.33780497607139087	correct_baseline
2891390	2022	3	1.0774740197972128	correct_baseline
2891390	2023	3	1.0806374928621554	correct_baseline
2891390	2024	3	1.083802005528056	correct_baseline
2891664	2022			correct_baseline
2891664	2023			correct_baseline
2891664	2024			correct_baseline
2891677	2022	0	0.5750517515568264	correct_baseline
2891677	2023	0	0.19066049175697294	correct_baseline
2891677	2024	0	0.05214748987624535	correct_baseline
2891707	2022	3	1.2093662168922485	correct_baseline
2891707	2023	3	1.216435121163363	correct_baseline
2891707	2024	3	1.2235165374082173	correct_baseline
2891755	2022	3	1.1051540175619565	correct_baseline
2891755	2023	3	1.103580720544726	correct_baseline
2891755	2024	3	1.101613053868233	correct_baseline
2891770	2022	3	1.332741616213796	correct_baseline
2891770	2023	3	1.3369347406290264	correct_baseline
2891770	2024	3	1.3406926992938653	correct_baseline
2891774	2022	3	1.781038618713971	correct_baseline
2891774	2023	3	2.128294006135387	correct_baseline
2891774	2024	3	2.5376870879123072	correct_baseline
2891782	2022	3	1.1944560165748288	correct_baseline
2891782	2023	3	1.1849295337697074	correct_baseline
2891782	2024	3	1.175101003901383	correct_baseline
2891783	2022	3	1.0507141695448976	correct_baseline
2891783	2023	3	1.052425488945739	correct_baseline
2891783	2024	3	1.0540499741533345	correct_baseline
2913169	2022	3	1.1627798384547734	correct_baseline
2913169	2023	3	1.1674774884989805	correct_baseline
2913169	2024	3	1.171779862462582	correct_baseline
2913219	2022	1	0.769336051018533	correct_baseline
2913219	2023	1	0.7586210015311454	correct_baseline
2913219	2024	1	0.7477882556332215	correct_baseline
2914404	2022			correct_baseline
2914404	2023			correct_baseline
2914404	2024			correct_baseline
2914590	2022	3	1.2045924665338659	correct_baseline
2914590	2023	3	1.2137601269756535	correct_baseline
2914590	2024	3	1.2203284777389873	correct_baseline
2925366	2022	3	1.0281649960743637	correct_baseline
2925366	2023	3	1.029325477577174	correct_baseline
2925366	2024	3	1.0304548726265248	correct_baseline
2925496	2022			correct_baseline
2925496	2023			correct_baseline
2925496	2024			correct_baseline
2925514	2022	3	1.1853445874758508	correct_baseline
2925514	2023	3	1.1782923759320443	correct_baseline
2925514	2024	3	1.1711513531002777	correct_baseline
2925527	2022	3	1.24045457262498	correct_baseline
2925527	2023	3	1.2669055390825832	correct_baseline
2925527	2024	3	1.2883391368709778	correct_baseline
2925756	2022	3	1.0307426384227771	correct_baseline
2925756	2023	3	1.0294367462380438	correct_baseline
2925756	2024	3	1.0281061515253187	correct_baseline
2925816	2022	0	0.7940215285013669	correct_baseline
2925816	2023	0	0.4510631949709842	correct_baseline
2925816	2024	0	0.2355215188983858	correct_baseline
2925870	2022	3	1.2700532518720675	correct_baseline
2925870	2023	3	1.2849247822458565	correct_baseline
2925870	2024	3	1.2995973120843347	correct_baseline
2925895	2022	0	0.9262898106228122	correct_baseline
2925895	2023	0	0.7346374027341543	correct_baseline
2925895	2024	0	0.5787718249002953	correct_baseline
2926042	2022	3	1.05694871293618	correct_baseline
2926042	2023	3	1.0917189791847843	correct_baseline
2926042	2024	3	1.1258305338867334	correct_baseline
2926045	2022	3	1.2636086929642956	correct_baseline
2926045	2023	3	1.2819822791610571	correct_baseline
2926045	2024	3	1.3003794667901738	correct_baseline
2926048	2022	0	0.4562102943219632	correct_baseline
2926048	2023	0	0.21181899410757885	correct_baseline
2926048	2024	0	0.08894051877889682	correct_baseline
2926066	2022	1	0.9900267053176526	correct_baseline
2926066	2023	1	0.9910120240953607	correct_baseline
2926066	2024	1	0.991477128626769	correct_baseline
2926110	2022	3	1.3983343972765891	correct_baseline
2926110	2023	3	1.414115991039748	correct_baseline
2926110	2024	3	1.4300676847789173	correct_baseline
2926130	2022	3	1.2977604566959502	correct_baseline
2926130	2023	3	1.272193270230696	correct_baseline
2926130	2024	3	1.2461859621415745	correct_baseline
2926572	2022	1	0.8920217919959117	correct_baseline
2926572	2023	1	0.8900496582197149	correct_baseline
2926572	2024	1	0.8876663180385738	correct_baseline
2926681	2022			correct_baseline
2926681	2023			correct_baseline
2926681	2024			correct_baseline
2926885	2022	1	0.828212252743767	correct_baseline
2926885	2023	1	0.8199047176704515	correct_baseline
2926885	2024	1	0.811152313199879	correct_baseline
2926992	2022	3	1.1805473274342273	correct_baseline
2926992	2023	3	1.1222669821009625	correct_baseline
2926992	2024	3	1.0636278715644962	correct_baseline
2926995	2022	1	1.0034488493488192	correct_baseline
2926995	2023	1	1.0059435752909922	correct_baseline
2926995	2024	1	1.0084274795701234	correct_baseline
2927000	2022			correct_baseline
2927000	2023			correct_baseline
2927000	2024			correct_baseline
2927004	2022	1	0.9547066730217866	correct_baseline
2927004	2023	1	0.9526812626049356	correct_baseline
2927004	2024	1	0.9505128291322935	correct_baseline
2927028	2022	3	1.1900371235856422	correct_baseline
2927028	2023	3	1.1961481986811566	correct_baseline
2927028	2024	3	1.2021530221003751	correct_baseline
2927174	2022			correct_baseline
2927174	2023			correct_baseline
2927174	2024			correct_baseline
2927220	2022	3	1.028271808785527	correct_baseline
2927220	2023	3	1.0395304896447293	correct_baseline
2927220	2024	3	1.050661550679467	correct_baseline
2927230	2022	3	1.0733588502437268	correct_baseline
2927230	2023	3	1.0763261179971917	correct_baseline
2927230	2024	3	1.0790462573338828	correct_baseline
2927305	2022	0	0.9566123472398776	correct_baseline
2927305	2023	0	0.8996863660307258	correct_baseline
2927305	2024	0	0.8444013396283214	correct_baseline
2927727	2022			correct_baseline
2927727	2023			correct_baseline
2927727	2024			correct_baseline
2927744	2022			correct_baseline
2927744	2023			correct_baseline
2927744	2024			correct_baseline
2927850	2022	1	0.863510538286147	correct_baseline
2927850	2023	1	0.8606487564181268	correct_baseline
2927850	2024	1	0.8577636209505278	correct_baseline
2928026	2022	3	1.25476878801463	correct_baseline
2928026	2023	3	1.2761753588046179	correct_baseline
2928026	2024	3	1.297552205231757	correct_baseline
2928034	2022			correct_baseline
2928034	2023			correct_baseline
2928034	2024			correct_baseline
2928226	2022	3	1.399549196141225	correct_baseline
2928226	2023	3	1.4207973774009692	correct_baseline
2928226	2024	3	1.441664568689007	correct_baseline
2928238	2022			correct_baseline
2928238	2023			correct_baseline
2928238	2024			correct_baseline
2928538	2022	1	0.8429873317209746	correct_baseline
2928538	2023	1	0.8385869434899896	correct_baseline
2928538	2024	1	0.8342006241992214	correct_baseline
2928576	2022	3	1.2042198270597602	correct_baseline
2928576	2023	3	1.2112114976477242	correct_baseline
2928576	2024	3	1.2164667240992038	correct_baseline
2928668	2022			correct_baseline
2928668	2023			correct_baseline
2928668	2024			correct_baseline
2928751	2022	3	1.227112542159087	correct_baseline
2928751	2023	3	1.23363607267305	correct_baseline
2928751	2024	3	1.240121519669505	correct_baseline
2928755	2022	1	0.7948292825658575	correct_baseline
2928755	2023	1	0.7856418049021635	correct_baseline
2928755	2024	1	0.7765062695187622	correct_baseline
2928759	2022			correct_baseline
2928759	2023			correct_baseline
2928759	2024			correct_baseline
2928761	2022	1	0.8306112379121693	correct_baseline
2928761	2023	1	0.7891944278662218	correct_baseline
2928761	2024	1	0.7479131209443446	correct_baseline
2928767	2022	0	0.9027623227874484	correct_baseline
2928767	2023	0	0.7604036426475054	correct_baseline
2928767	2024	0	0.6332127707589915	correct_baseline
2928774	2022	1	0.8896547162513185	correct_baseline
2928774	2023	1	0.8881846335743163	correct_baseline
2928774	2024	1	0.8866360019677412	correct_baseline
2928775	2022	1	0.7381462599393127	correct_baseline
2928775	2023	1	0.7340465828129042	correct_baseline
2928775	2024	1	0.729853099903929	correct_baseline
2928835	2022	3	1.1463115626231608	correct_baseline
2928835	2023	3	1.1508410759728271	correct_baseline
2928835	2024	3	1.1550896013519918	correct_baseline
2928859	2022	3	1.1928275740139693	correct_baseline
2928859	2023	3	1.198888081415267	correct_baseline
2928859	2024	3	1.2049279488875104	correct_baseline
2929505	2022	1	0.9713320462273585	correct_baseline
2929505	2023	1	0.9717224341040096	correct_baseline
2929505	2024	1	0.9720843388305752	correct_baseline
2929800	2022	1	0.941988462437924	correct_baseline
2929800	2023	1	0.9410767499125656	correct_baseline
2929800	2024	1	0.9398086107044972	correct_baseline
2930137	2022	3	1.1145828628066001	correct_baseline
2930137	2023	3	1.1173385797402162	correct_baseline
2930137	2024	3	1.1199109995551089	correct_baseline
2930222	2022	1	0.7974126353294045	correct_baseline
2930222	2023	1	0.7905651357254994	correct_baseline
2930222	2024	1	0.7837560900401666	correct_baseline
2930262	2022	3	1.0279957662429153	correct_baseline
2930262	2023	3	1.0211809630467117	correct_baseline
2930262	2024	3	1.01408847252466	correct_baseline
2930805	2022	1	0.9482926933791928	correct_baseline
2930805	2023	1	0.9456648265173737	correct_baseline
2930805	2024	1	0.9430276513539643	correct_baseline
2931104	2022			correct_baseline
2931104	2023			correct_baseline
2931104	2024			correct_baseline
2931237	2022	3	1.0763083369898725	correct_baseline
2931237	2023	3	1.0775783296510453	correct_baseline
2931237	2024	3	1.0788447425012093	correct_baseline
2932147	2022	1	0.9925787315514583	correct_baseline
2932147	2023	1	0.9847050806614204	correct_baseline
2932147	2024	1	0.9766361486754336	correct_baseline
2932184	2022	0	0.7070189199182753	correct_baseline
2932184	2023	0	0.6998509792980948	correct_baseline
2932184	2024	0	0.692746149060723	correct_baseline
2932872	2022	3	1.0225503270085952	correct_baseline
2932872	2023	3	1.0195433720672693	correct_baseline
2932872	2024	3	1.0164512680625286	correct_baseline
2932944	2022	1	0.7681683532443946	correct_baseline
2932944	2023	1	0.7660378054446491	correct_baseline
2932944	2024	1	0.763435577132056	correct_baseline
2943190	2022			correct_baseline
2943190	2023			correct_baseline
2943190	2024			correct_baseline
2947311	2022			correct_baseline
2947311	2023			correct_baseline
2947311	2024			correct_baseline
2956441	2022	3	1.0176158600030998	correct_baseline
2956441	2023	3	1.0144479072776105	correct_baseline
2956441	2024	3	1.0109298993773022	correct_baseline
2959443	2022	3	1.0148871737428458	correct_baseline
2959443	2023	3	1.0202189350713826	correct_baseline
2959443	2024	3	1.0255060108638625	correct_baseline
2963569	2022	1	0.7878721771025575	correct_baseline
2963569	2023	1	0.7827827203036244	correct_baseline
2963569	2024	1	0.7775943020283536	correct_baseline
2963817	2022	1	0.8475286509287857	correct_baseline
2963817	2023	1	0.8453363952108038	correct_baseline
2963817	2024	1	0.8431281986596553	correct_baseline
2964025	2022	3	1.047546348636757	correct_baseline
2964025	2023	3	1.0753442846944694	correct_baseline
2964025	2024	3	1.0996774571884693	correct_baseline
2964355	2022	3	1.2544145005064287	correct_baseline
2964355	2023	3	1.2700703226829733	correct_baseline
2964355	2024	3	1.2856082262376316	correct_baseline
2965331	2022	3	1.2769284164810373	correct_baseline
2965331	2023	3	1.2867245072995568	correct_baseline
2965331	2024	3	1.295962507363607	correct_baseline
2965354	2022	1	0.9031522570411544	correct_baseline
2965354	2023	1	0.8885350119329504	correct_baseline
2965354	2024	1	0.8739589035957666	correct_baseline
2965531	2022	1	0.8115669354809268	correct_baseline
2965531	2023	1	0.8023500013902038	correct_baseline
2965531	2024	1	0.7931519475809975	correct_baseline
2971016	2022	3	1.0250955062345741	correct_baseline
2971016	2023	3	1.0194607678248924	correct_baseline
2971016	2024	3	1.0136701225790048	correct_baseline
2971024	2022			correct_baseline
2971024	2023			correct_baseline
2971024	2024			correct_baseline
2971095	2022	3	1.1839408222596324	correct_baseline
2971095	2023	3	1.1865363362901662	correct_baseline
2971095	2024	3	1.1888870716498832	correct_baseline
2972595	2022	3	1.2566174691783005	correct_baseline
2972595	2023	3	1.2729830987384294	correct_baseline
2972595	2024	3	1.2894653284377848	correct_baseline
2974753	2022	0	0.7875439430108759	correct_baseline
2974753	2023	0	0.7695124141752067	correct_baseline
2974753	2024	0	0.7515368001143887	correct_baseline
2974811	2022	3	1.0533751856265068	correct_baseline
2974811	2023	3	1.0645798868332466	correct_baseline
2974811	2024	3	1.0755650583933742	correct_baseline
2974832	2022	3	1.1754549308905051	correct_baseline
2974832	2023	3	1.1840410383574833	correct_baseline
2974832	2024	3	1.1926614096188048	correct_baseline
2974921	2022	1	0.8893593128818249	correct_baseline
2974921	2023	1	0.8848097531435856	correct_baseline
2974921	2024	1	0.8802759294547675	correct_baseline
2975132	2022			correct_baseline
2975132	2023			correct_baseline
2975132	2024			correct_baseline
2975309	2022	1	0.8696361135630896	correct_baseline
2975309	2023	1	0.8685147953958541	correct_baseline
2975309	2024	1	0.8672081347942617	correct_baseline
2975667	2022	3	1.2885812967999941	correct_baseline
2975667	2023	3	1.2991789136752823	correct_baseline
2975667	2024	3	1.3096418857198246	correct_baseline
2984366	2022	2	1.1788505956856483	correct_baseline
2984366	2023	2	1.0740489556527832	correct_baseline
2984366	2024	0	0.9747800934592419	correct_baseline
2984492	2022			correct_baseline
2984492	2023			correct_baseline
2984492	2024			correct_baseline
2984532	2022	0	0.7022531531330949	correct_baseline
2984532	2023	0	0.41361790131161313	correct_baseline
2984532	2024	0	0.20831951042921124	correct_baseline
2984676	2022	1	0.9695204834090037	correct_baseline
2984676	2023	1	0.970658890001225	correct_baseline
2984676	2024	1	0.9717295246404755	correct_baseline
2985863	2022	1	0.7483942715041795	correct_baseline
2985863	2023	1	0.7322922361047751	correct_baseline
2985863	2024	1	0.7164145852531331	correct_baseline
2985949	2022	1	0.857959680289786	correct_baseline
2985949	2023	1	0.8399565341358058	correct_baseline
2985949	2024	1	0.8213687148587074	correct_baseline
2985964	2022			correct_baseline
2985964	2023			correct_baseline
2985964	2024			correct_baseline
2985965	2022	3	1.0569429593377662	correct_baseline
2985965	2023	3	1.0579793032181624	correct_baseline
2985965	2024	3	1.0589667412148263	correct_baseline
2985994	2022			correct_baseline
2985994	2023			correct_baseline
2985994	2024			correct_baseline
2985995	2022			correct_baseline
2985995	2023			correct_baseline
2985995	2024			correct_baseline
2986045	2022	1	0.996764936634328	correct_baseline
2986045	2023	1	0.9963851781227547	correct_baseline
2986045	2024	1	0.9959702227193524	correct_baseline
2986111	2022	1	0.9838404084479545	correct_baseline
2986111	2023	1	0.9819977091211002	correct_baseline
2986111	2024	1	0.9801278717517737	correct_baseline
2986130	2022	3	1.1321377167773465	correct_baseline
2986130	2023	3	1.1281623543295618	correct_baseline
2986130	2024	3	1.1241517575582232	correct_baseline
2986184	2022	3	1.0228544581162176	correct_baseline
2986184	2023	3	1.0234912123307527	correct_baseline
2986184	2024	3	1.0233754600296547	correct_baseline
2988188	2022	3	1.065971149186151	correct_baseline
2988188	2023	3	1.0616993170523321	correct_baseline
2988188	2024	3	1.0572883173138843	correct_baseline
2988354	2022	3	1.099381485190137	correct_baseline
2988354	2023	3	1.104818815984081	correct_baseline
2988354	2024	3	1.110205163172962	correct_baseline
2992543	2022	1	0.9688516512820843	correct_baseline
2992543	2023	1	0.955231579264981	correct_baseline
2992543	2024	1	0.9413539318400068	correct_baseline
2993761	2022	1	0.9595917820795118	correct_baseline
2993761	2023	1	0.9583581817206145	correct_baseline
2993761	2024	1	0.9570768871909482	correct_baseline
2994229	2022			correct_baseline
2994229	2023			correct_baseline
2994229	2024			correct_baseline
2994912	2022	1	0.9557020329843804	correct_baseline
2994912	2023	1	0.9518674144557446	correct_baseline
2994912	2024	1	0.9477791494776459	correct_baseline
2995149	2022	3	1.1552608333412602	correct_baseline
2995149	2023	3	1.1609406247112497	correct_baseline
2995149	2024	3	1.1665888713887116	correct_baseline
2996525	2022	3	1.0543353838393388	correct_baseline
2996525	2023	3	1.0463808940784038	correct_baseline
2996525	2024	3	1.0370156989048132	correct_baseline
3000406	2022			correct_baseline
3000406	2023			correct_baseline
3000406	2024			correct_baseline
3000610	2022	1	0.9926851392548416	correct_baseline
3000610	2023	1	0.9856504688730646	correct_baseline
3000610	2024	1	0.9783432132479712	correct_baseline
3000679	2022			correct_baseline
3000679	2023			correct_baseline
3000679	2024			correct_baseline
3001244	2022	3	1.021969952387729	correct_baseline
3001244	2023	3	1.0261912785531946	correct_baseline
3001244	2024	3	1.030150298347736	correct_baseline
3003244	2022	3	1.0939648633253736	correct_baseline
3003244	2023	3	1.0862220648420258	correct_baseline
3003244	2024	3	1.0784318953741219	correct_baseline
3003709	2022	1	0.8957744254341649	correct_baseline
3003709	2023	1	0.8911671642229542	correct_baseline
3003709	2024	1	0.8865441002564217	correct_baseline
3003979	2022	3	1.2757695953184145	correct_baseline
3003979	2023	3	1.2836533274595467	correct_baseline
3003979	2024	3	1.29119364744642	correct_baseline
3012089	2022	3	1.1636942143272049	correct_baseline
3012089	2023	3	1.1550489703538391	correct_baseline
3012089	2024	3	1.1456002581418223	correct_baseline
3020871	2022	0	0.8628720865148737	correct_baseline
3020871	2023	0	0.7605741267939856	correct_baseline
3020871	2024	0	0.6673939509075579	correct_baseline
3021496	2022	3	1.1302070150172054	correct_baseline
3021496	2023	3	1.1244492869028717	correct_baseline
3021496	2024	3	1.1186751792513072	correct_baseline
3021730	2022	3	1.150459131048509	correct_baseline
3021730	2023	3	1.1576707965262463	correct_baseline
3021730	2024	3	1.1649173792693486	correct_baseline
3021850	2022	3	1.0959935641720975	correct_baseline
3021850	2023	3	1.1049169526631235	correct_baseline
3021850	2024	3	1.113685213618565	correct_baseline
3021922	2022	3	1.149315839532595	correct_baseline
3021922	2023	3	1.1681076751586659	correct_baseline
3021922	2024	3	1.1866466689765818	correct_baseline
3022203	2022	3	1.192079296528685	correct_baseline
3022203	2023	3	1.2808155178866982	correct_baseline
3022203	2024	3	1.373561237331485	correct_baseline
3022668	2022			correct_baseline
3022668	2023			correct_baseline
3022668	2024			correct_baseline
3024109	2022	3	1.0541616033841146	correct_baseline
3024109	2023	3	1.0448980124453158	correct_baseline
3024109	2024	3	1.0352703631537719	correct_baseline
3025617	2022	1	0.9768524841376709	correct_baseline
3025617	2023	1	0.9710945500828133	correct_baseline
3025617	2024	1	0.9653606505968189	correct_baseline
3025858	2022	1	0.7002395392771087	correct_baseline
3025858	2023	1	0.6843707837141363	correct_baseline
3025858	2024	1	0.6688097040764438	correct_baseline
3025896	2022	1	0.8593423906012101	correct_baseline
3025896	2023	1	0.8425590040428653	correct_baseline
3025896	2024	1	0.8259788441488773	correct_baseline
3026040	2022	0	0.5644086197151861	correct_baseline
3026040	2023	0	0.45398274435633507	correct_baseline
3026040	2024	0	0.3627630629123103	correct_baseline
3026049	2022			correct_baseline
3026049	2023			correct_baseline
3026049	2024			correct_baseline
3026074	2022	1	0.937638680723614	correct_baseline
3026074	2023	1	0.9233824509348662	correct_baseline
3026074	2024	1	0.9092439972410403	correct_baseline
3026092	2022	1	0.8231715344864647	correct_baseline
3026092	2023	1	0.7931407656173955	correct_baseline
3026092	2024	1	0.7637798646284584	correct_baseline
3026162	2022	1	0.9188057582195005	correct_baseline
3026162	2023	1	0.8891556291100338	correct_baseline
3026162	2024	1	0.85899973928358	correct_baseline
3026294	2022	3	1.0716905505206367	correct_baseline
3026294	2023	3	1.0597977983370273	correct_baseline
3026294	2024	3	1.0475462920834662	correct_baseline
3026334	2022	1	0.8653795393107586	correct_baseline
3026334	2023	1	0.8530392978612507	correct_baseline
3026334	2024	1	0.8404914815042636	correct_baseline
3026454	2022	1	0.8893288490293693	correct_baseline
3026454	2023	1	0.8876876220822199	correct_baseline
3026454	2024	1	0.88603713773422	correct_baseline
3026585	2022	3	1.1411741404709368	correct_baseline
3026585	2023	3	1.1555557901621407	correct_baseline
3026585	2024	3	1.1688068808021188	correct_baseline
3026622	2022	1	0.8775741834429596	correct_baseline
3026622	2023	1	0.8785072757329305	correct_baseline
3026622	2024	1	0.8793908445148892	correct_baseline
3026819	2022	0	0.7659083368822732	correct_baseline
3026819	2023	0	0.7493983605948483	correct_baseline
3026819	2024	0	0.732791943075424	correct_baseline
3027159	2022	1	0.8708408883881569	correct_baseline
3027159	2023	1	0.8513971088202712	correct_baseline
3027159	2024	1	0.8320362087022112	correct_baseline
3028528	2022	0	0.7561219957792519	correct_baseline
3028528	2023	0	0.6671359010614925	correct_baseline
3028528	2024	0	0.5874104449576377	correct_baseline
3029912	2022	0	0.7677676534576902	correct_baseline
3029912	2023	0	0.7521082851714413	correct_baseline
3029912	2024	0	0.7364943264097364	correct_baseline
3031774	2022	1	0.9831905771523083	correct_baseline
3031774	2023	1	0.9813267577727657	correct_baseline
3031774	2024	1	0.9794608910527006	correct_baseline
3032442	2022			correct_baseline
3032442	2023			correct_baseline
3032442	2024			correct_baseline
3032611	2022	1	0.7913192816392002	correct_baseline
3032611	2023	1	0.6368282630044935	correct_baseline
3032611	2024	1	0.5000111209787025	correct_baseline
3032653	2022			correct_baseline
3032653	2023			correct_baseline
3032653	2024			correct_baseline
3032698	2022	3	1.1249108509119983	correct_baseline
3032698	2023	3	1.1301995992583556	correct_baseline
3032698	2024	3	1.1354570775919353	correct_baseline
3033077	2022	1	0.9665743310384589	correct_baseline
3033077	2023	1	0.9598391827444228	correct_baseline
3033077	2024	1	0.9529330857928568	correct_baseline
3033227	2022	3	1.2100312288985882	correct_baseline
3033227	2023	3	1.2180228219917941	correct_baseline
3033227	2024	3	1.2260251311013761	correct_baseline
3033242	2022	3	1.2222862601498743	correct_baseline
3033242	2023	3	1.1682107790154332	correct_baseline
3033242	2024	3	1.1150151052304393	correct_baseline
3033261	2022	1	0.9531374125422146	correct_baseline
3033261	2023	1	0.9521755167935404	correct_baseline
3033261	2024	1	0.9507753569744951	correct_baseline
3033289	2022			correct_baseline
3033289	2023			correct_baseline
3033289	2024			correct_baseline
3033434	2022	0	0.7238950487578368	correct_baseline
3033434	2023	0	0.7129803543975515	correct_baseline
3033434	2024	0	0.701962179303064	correct_baseline
3033518	2022	3	1.093303552912766	correct_baseline
3033518	2023	3	1.098564511951019	correct_baseline
3033518	2024	3	1.1037904610710285	correct_baseline
3033535	2022			correct_baseline
3033535	2023			correct_baseline
3033535	2024			correct_baseline
3033833	2022	3	1.0932149234372517	correct_baseline
3033833	2023	3	1.0978341133368457	correct_baseline
3033833	2024	3	1.1024648622954665	correct_baseline
3033865	2022	3	1.3199224450243583	correct_baseline
3033865	2023	3	1.3304663462395414	correct_baseline
3033865	2024	3	1.3408751565005956	correct_baseline
3033896	2022	3	1.083146207019971	correct_baseline
3033896	2023	3	1.0801548549057969	correct_baseline
3033896	2024	3	1.0764014233814287	correct_baseline
3033965	2022			correct_baseline
3033965	2023			correct_baseline
3033965	2024			correct_baseline
3034015	2022	0	0.9940501036626499	correct_baseline
3034015	2023	0	0.8331349898255838	correct_baseline
3034015	2024	0	0.6898449280053494	correct_baseline
3034046	2022			correct_baseline
3034046	2023			correct_baseline
3034046	2024			correct_baseline
3034182	2022	3	1.1448752137445863	correct_baseline
3034182	2023	3	1.1479704338313492	correct_baseline
3034182	2024	3	1.1510662129284641	correct_baseline
3034393	2022	3	1.0711781477106213	correct_baseline
3034393	2023	3	1.0737629045342254	correct_baseline
3034393	2024	3	1.076294839622625	correct_baseline
3034646	2022	1	0.8828802688557356	correct_baseline
3034646	2023	1	0.878792314304359	correct_baseline
3034646	2024	1	0.874572238748119	correct_baseline
3034681	2022	3	1.0635102516124302	correct_baseline
3034681	2023	3	1.0650540661509342	correct_baseline
3034681	2024	3	1.0665886350718141	correct_baseline
3034782	2022			correct_baseline
3034782	2023			correct_baseline
3034782	2024			correct_baseline
3034825	2022	3	1.0657378678211655	correct_baseline
3034825	2023	3	1.0649415558292918	correct_baseline
3034825	2024	3	1.0641229714267695	correct_baseline
3034871	2022	3	1.022406774155571	correct_baseline
3034871	2023	3	1.0143185218434907	correct_baseline
3034871	2024	1	1.0058351026222834	correct_baseline
3034915	2022	1	0.9039497332411147	correct_baseline
3034915	2023	1	0.8970581739058877	correct_baseline
3034915	2024	1	0.8897497389260316	correct_baseline
3034922	2022	3	1.146828698225566	correct_baseline
3034922	2023	3	1.1513246980629142	correct_baseline
3034922	2024	3	1.1558290075699575	correct_baseline
3036033	2022			correct_baseline
3036033	2023			correct_baseline
3036033	2024			correct_baseline
3036892	2022	3	1.0680929709261553	correct_baseline
3036892	2023	3	1.0646430431752578	correct_baseline
3036892	2024	3	1.0596150819567138	correct_baseline
3039046	2022			correct_baseline
3039046	2023			correct_baseline
3039046	2024			correct_baseline
3039194	2022	3	1.1128498036556276	correct_baseline
3039194	2023	3	1.116550015749093	correct_baseline
3039194	2024	3	1.1200285970211175	correct_baseline
3039203	2022	0	0.8650157933906435	correct_baseline
3039203	2023	0	0.8466466677128205	correct_baseline
3039203	2024	0	0.8283801616463616	correct_baseline
3039209	2022	3	1.1297255131137816	correct_baseline
3039209	2023	3	1.1366720039589224	correct_baseline
3039209	2024	3	1.1436383414744704	correct_baseline
3039267	2022	3	1.1480465183243451	correct_baseline
3039267	2023	3	1.1810955009359871	correct_baseline
3039267	2024	3	1.2123272027759757	correct_baseline
3039269	2022	3	1.827087579896762	correct_baseline
3039269	2023	3	1.953073355735686	correct_baseline
3039269	2024	3	2.0854697972929492	correct_baseline
3039270	2022	1	0.8716888927193641	correct_baseline
3039270	2023	1	0.8684364491448784	correct_baseline
3039270	2024	1	0.8651527040313896	correct_baseline
3040184	2022	1	0.8772127256868222	correct_baseline
3040184	2023	1	0.8726998687567783	correct_baseline
3040184	2024	1	0.8681904082498426	correct_baseline
3040185	2022	3	1.098321593890927	correct_baseline
3040185	2023	3	1.1141735636929533	correct_baseline
3040185	2024	3	1.1299711103493162	correct_baseline
3040233	2022	3	1.0848098491802447	correct_baseline
3040233	2023	3	1.0936621955507557	correct_baseline
3040233	2024	3	1.1023251459180363	correct_baseline
3040254	2022			correct_baseline
3040254	2023			correct_baseline
3040254	2024			correct_baseline
3040999	2022			correct_baseline
3040999	2023			correct_baseline
3040999	2024			correct_baseline
3041022	2022	3	1.1881346324081168	correct_baseline
3041022	2023	3	1.200936887358753	correct_baseline
3041022	2024	3	1.2135784058711032	correct_baseline
3042291	2022	3	1.3040347440425606	correct_baseline
3042291	2023	3	1.316328173486676	correct_baseline
3042291	2024	3	1.3281193117114436	correct_baseline
3042636	2022	0	0.8762069698094854	correct_baseline
3042636	2023	0	0.8702787491292424	correct_baseline
3042636	2024	0	0.8643867429081714	correct_baseline
3042751	2022	1	0.8606535074160355	correct_baseline
3042751	2023	1	0.8467218690757286	correct_baseline
3042751	2024	1	0.8326375814800641	correct_baseline
3042845	2022	1	0.9747251218006324	correct_baseline
3042845	2023	1	0.9734925070651528	correct_baseline
3042845	2024	1	0.9721424961245798	correct_baseline
3045803	2022			correct_baseline
3045803	2023			correct_baseline
3045803	2024			correct_baseline
3046015	2022	1	0.985364818459203	correct_baseline
3046015	2023	1	0.9826122913315941	correct_baseline
3046015	2024	1	0.9795971855783824	correct_baseline
3046736	2022	3	1.011845052614528	correct_baseline
3046736	2023	1	1.006686582362889	correct_baseline
3046736	2024	1	1.001301191914483	correct_baseline
3046812	2022	1	1.001369769904747	correct_baseline
3046812	2023	1	0.9991583436662601	correct_baseline
3046812	2024	1	0.9969414952143253	correct_baseline
3046851	2022	1	0.8313763797015326	correct_baseline
3046851	2023	1	0.8254149322272141	correct_baseline
3046851	2024	1	0.8194756936877544	correct_baseline
3046875	2022	1	0.8259657134031908	correct_baseline
3046875	2023	1	0.8107894925896425	correct_baseline
3046875	2024	0	0.7956095860789861	correct_baseline
3046929	2022	1	0.8824353638338808	correct_baseline
3046929	2023	1	0.8784837883627017	correct_baseline
3046929	2024	1	0.8745406701432461	correct_baseline
3047621	2022	3	1.473216398075998	correct_baseline
3047621	2023	3	1.5008208349810428	correct_baseline
3047621	2024	3	1.5282561631846157	correct_baseline
3048203	2022	3	1.2308117092931994	correct_baseline
3048203	2023	3	1.2336594067378481	correct_baseline
3048203	2024	3	1.2363332405311187	correct_baseline
3048532	2022			correct_baseline
3048532	2023			correct_baseline
3048532	2024			correct_baseline
3050364	2022	3	1.0334923788407218	correct_baseline
3050364	2023	3	1.03524427908218	correct_baseline
3050364	2024	3	1.0365174960329984	correct_baseline
3050595	2022	3	1.042895768152443	correct_baseline
3050595	2023	3	1.0431071364846503	correct_baseline
3050595	2024	3	1.0433115092736993	correct_baseline
3053406	2022	3	1.1028790644755313	correct_baseline
3053406	2023	3	1.1058339989284427	correct_baseline
3053406	2024	3	1.1087810255938662	correct_baseline
3053522	2022	3	1.2575570363889976	correct_baseline
3053522	2023	3	1.2623600792383092	correct_baseline
3053522	2024	3	1.2667389870152863	correct_baseline
3054110	2022	3	1.0305940334628763	correct_baseline
3054110	2023	3	1.0559500329914957	correct_baseline
3054110	2024	3	1.0810922874705473	correct_baseline
3054117	2022	0	0.49050121691139276	correct_baseline
3054117	2023	0	0.25316442243764053	correct_baseline
3054117	2024	0	0.12534383308026398	correct_baseline
3054357	2022	3	1.1752908884562379	correct_baseline
3054357	2023	3	1.1789523057655886	correct_baseline
3054357	2024	3	1.1825224416395883	correct_baseline
3054368	2022	3	1.1703652157617794	correct_baseline
3054368	2023	3	1.1756272338943348	correct_baseline
3054368	2024	3	1.1806598986053638	correct_baseline
3064056	2022	3	1.1192484350914889	correct_baseline
3064056	2023	3	1.1238615914269086	correct_baseline
3064056	2024	3	1.128308179092679	correct_baseline
3064221	2022	3	1.0279418008014782	correct_baseline
3064221	2023	3	1.037275599346962	correct_baseline
3064221	2024	3	1.0464889204022456	correct_baseline
3064282	2022	1	0.7800425990441091	correct_baseline
3064282	2023	1	0.7725411468298317	correct_baseline
3064282	2024	1	0.7649670250594318	correct_baseline
3064669	2022	0	0.6940378798844744	correct_baseline
3064669	2023	0	0.48235609776392674	correct_baseline
3064669	2024	0	0.32522771648405674	correct_baseline
3065244	2022	1	0.8401499352722702	correct_baseline
3065244	2023	1	0.7973949498160948	correct_baseline
3065244	2024	1	0.7538995456613142	correct_baseline
3066965	2022	3	1.233741091630211	correct_baseline
3066965	2023	3	1.2537624043622106	correct_baseline
3066965	2024	3	1.2737917022352556	correct_baseline
3067054	2022			correct_baseline
3067054	2023			correct_baseline
3067054	2024			correct_baseline
3067119	2022	3	1.3285836599339875	correct_baseline
3067119	2023	3	1.3411107743072426	correct_baseline
3067119	2024	3	1.353686142227075	correct_baseline
3067353	2022	3	1.3447896185937498	correct_baseline
3067353	2023	3	1.370542256652025	correct_baseline
3067353	2024	3	1.3959699738003324	correct_baseline
3067891	2022	3	1.125579908670822	correct_baseline
3067891	2023	3	1.1457813286530678	correct_baseline
3067891	2024	3	1.1651941572422873	correct_baseline
3069460	2022	3	1.1222599079712843	correct_baseline
3069460	2023	3	1.1247147938372533	correct_baseline
3069460	2024	3	1.124776828256717	correct_baseline
3082244	2022	3	1.1734158458035349	correct_baseline
3082244	2023	3	1.1741273558063134	correct_baseline
3082244	2024	3	1.1748124315556743	correct_baseline
3082274	2022			correct_baseline
3082274	2023			correct_baseline
3082274	2024			correct_baseline
3082279	2022			correct_baseline
3082279	2023			correct_baseline
3082279	2024			correct_baseline
3082297	2022			correct_baseline
3082297	2023			correct_baseline
3082297	2024			correct_baseline
3083488	2022			correct_baseline
3083488	2023			correct_baseline
3083488	2024			correct_baseline
3083647	2022	0	0.8060447247940535	correct_baseline
3083647	2023	0	0.6433819779115701	correct_baseline
3083647	2024	0	0.5070076948047402	correct_baseline
3083680	2022	0	0.602779851152013	correct_baseline
3083680	2023	0	0.5952041759022991	correct_baseline
3083680	2024	0	0.5872277141890048	correct_baseline
3083761	2022	3	1.2092441417553865	correct_baseline
3083761	2023	3	1.2245930043677777	correct_baseline
3083761	2024	3	1.2400614806180346	correct_baseline
3083920	2022	0	0.773610809984824	correct_baseline
3083920	2023	0	0.7622947751838761	correct_baseline
3083920	2024	0	0.7511094285128643	correct_baseline
3083975	2022	3	1.1173980026672448	correct_baseline
3083975	2023	3	1.1220074856627353	correct_baseline
3083975	2024	3	1.126500343827261	correct_baseline
3084015	2022	3	1.296854946835588	correct_baseline
3084015	2023	3	1.3081418735705481	correct_baseline
3084015	2024	3	1.3194793668197176	correct_baseline
3084022	2022	3	1.3742019102595502	correct_baseline
3084022	2023	3	1.3837374302676524	correct_baseline
3084022	2024	3	1.3932850399820405	correct_baseline
3084719	2022	3	1.3097665044390387	correct_baseline
3084719	2023	3	1.3194906294175088	correct_baseline
3084719	2024	3	1.3290304122356749	correct_baseline
3084742	2022	3	1.1066987329354645	correct_baseline
3084742	2023	3	1.1115612901580698	correct_baseline
3084742	2024	3	1.116091094624768	correct_baseline
3085357	2022	0	0.8679015564018714	correct_baseline
3085357	2023	0	0.7133946860735898	correct_baseline
3085357	2024	0	0.5801071049755262	correct_baseline
3085360	2022	3	1.2650698169204413	correct_baseline
3085360	2023	3	1.2728402645316783	correct_baseline
3085360	2024	3	1.2803452689204693	correct_baseline
3085381	2022	3	1.180057227393986	correct_baseline
3085381	2023	3	1.1761981555811127	correct_baseline
3085381	2024	3	1.1721825848049665	correct_baseline
3085420	2022	1	0.7350788615768493	correct_baseline
3085420	2023	1	0.7039745624738749	correct_baseline
3085420	2024	1	0.66951037467012	correct_baseline
3085421	2022	3	1.384972362179575	correct_baseline
3085421	2023	3	1.4068557328300717	correct_baseline
3085421	2024	3	1.4282227560274794	correct_baseline
3085438	2022	3	1.0686715375388502	correct_baseline
3085438	2023	3	1.0679023873975109	correct_baseline
3085438	2024	3	1.0668800026031464	correct_baseline
3085623	2022	3	1.2974860955953371	correct_baseline
3085623	2023	3	1.3083280656362148	correct_baseline
3085623	2024	3	1.3181641371915307	correct_baseline
3086240	2022	0	0.8817350933966008	correct_baseline
3086240	2023	0	0.7422709074571399	correct_baseline
3086240	2024	0	0.6210677152087789	correct_baseline
3088310	2022	3	1.1350113664820363	correct_baseline
3088310	2023	3	1.1387864986512417	correct_baseline
3088310	2024	3	1.1423760406379573	correct_baseline
3088481	2022	1	0.6163832306219927	correct_baseline
3088481	2023	1	0.5970856143902789	correct_baseline
3088481	2024	1	0.5782188016975363	correct_baseline
3088488	2022			correct_baseline
3088488	2023			correct_baseline
3088488	2024			correct_baseline
3089146	2022	3	1.2674357638190488	correct_baseline
3089146	2023	3	1.2833882905569594	correct_baseline
3089146	2024	3	1.2977895116383233	correct_baseline
3089154	2022	0	0.7639159309443648	correct_baseline
3089154	2023	0	0.7560474009905646	correct_baseline
3089154	2024	0	0.7482478749740642	correct_baseline
3092576	2022			correct_baseline
3092576	2023			correct_baseline
3092576	2024			correct_baseline
3092691	2022			correct_baseline
3092691	2023			correct_baseline
3092691	2024			correct_baseline
3096529	2022	1	0.9497515928366683	correct_baseline
3096529	2023	1	0.9537834770349483	correct_baseline
3096529	2024	1	0.9576013009570724	correct_baseline
3098912	2022	3	1.2104732018716065	correct_baseline
3098912	2023	3	1.2193274514874408	correct_baseline
3098912	2024	3	1.2282050696267461	correct_baseline
3098951	2022	0	0.6916310823255672	correct_baseline
3098951	2023	0	0.45621411573849474	correct_baseline
3098951	2024	0	0.25922174804648684	correct_baseline
3101184	2022	1	0.9253795455862777	correct_baseline
3101184	2023	1	0.9228838329826314	correct_baseline
3101184	2024	1	0.9202402928753318	correct_baseline
3101193	2022	3	1.1632125339744954	correct_baseline
3101193	2023	3	1.175420569969768	correct_baseline
3101193	2024	3	1.1876157576178452	correct_baseline
3103082	2022	3	1.2436943507898648	correct_baseline
3103082	2023	3	1.2982051550205331	correct_baseline
3103082	2024	3	1.3511865523888948	correct_baseline
3103158	2022			correct_baseline
3103158	2023			correct_baseline
3103158	2024			correct_baseline
3103180	2022			correct_baseline
3103180	2023			correct_baseline
3103180	2024			correct_baseline
3103791	2022	3	1.0992593172874001	correct_baseline
3103791	2023	3	1.1040599001984577	correct_baseline
3103791	2024	3	1.1086994821716436	correct_baseline
3104106	2022			correct_baseline
3104106	2023			correct_baseline
3104106	2024			correct_baseline
3104314	2022			correct_baseline
3104314	2023			correct_baseline
3104314	2024			correct_baseline
3105508	2022			correct_baseline
3105508	2023			correct_baseline
3105508	2024			correct_baseline
3105768	2022			correct_baseline
3105768	2023			correct_baseline
3105768	2024			correct_baseline
3109086	2022	3	1.1339663173995622	correct_baseline
3109086	2023	3	1.137971827185317	correct_baseline
3109086	2024	3	1.1417903254287791	correct_baseline
3111754	2022			correct_baseline
3111754	2023			correct_baseline
3111754	2024			correct_baseline
3112110	2022	1	0.8322001910674945	correct_baseline
3112110	2023	1	0.8187752527723996	correct_baseline
3112110	2024	1	0.8051771425221639	correct_baseline
3112361	2022	0	0.5509172509725736	correct_baseline
3112361	2023	0	0.34988968348903604	correct_baseline
3112361	2024	0	0.20183457608531885	correct_baseline
3112364	2022	0	0.855021098882326	correct_baseline
3112364	2023	0	0.6617820700080623	correct_baseline
3112364	2024	0	0.4893570302382133	correct_baseline
3113637	2022	1	0.8569355545146369	correct_baseline
3113637	2023	1	0.8564743206636748	correct_baseline
3113637	2024	1	0.8559570686318944	correct_baseline
3114225	2022	3	1.3368585672232112	correct_baseline
3114225	2023	3	1.3550034111524178	correct_baseline
3114225	2024	3	1.372703102956887	correct_baseline
3114229	2022	3	1.3042714488173686	correct_baseline
3114229	2023	3	1.3162026167556828	correct_baseline
3114229	2024	3	1.3281799119042275	correct_baseline
3114643	2022	3	1.0696707782770902	correct_baseline
3114643	2023	3	1.0728220566124411	correct_baseline
3114643	2024	3	1.075972445849163	correct_baseline
3114667	2022			correct_baseline
3114667	2023			correct_baseline
3114667	2024			correct_baseline
3117449	2022	3	1.2932030124502294	correct_baseline
3117449	2023	3	1.2986249080034307	correct_baseline
3117449	2024	3	1.3040203844276148	correct_baseline
3118254	2022			correct_baseline
3118254	2023			correct_baseline
3118254	2024			correct_baseline
3118430	2022	3	1.1962058068030412	correct_baseline
3118430	2023	3	1.2073336997274422	correct_baseline
3118430	2024	3	1.218343156213302	correct_baseline
3118526	2022			correct_baseline
3118526	2023			correct_baseline
3118526	2024			correct_baseline
3119175	2022			correct_baseline
3119175	2023			correct_baseline
3119175	2024			correct_baseline
3119181	2022	1	0.9826994342597192	correct_baseline
3119181	2023	1	0.9731261679583975	correct_baseline
3119181	2024	1	0.9633502271400277	correct_baseline
3120024	2022			correct_baseline
3120024	2023			correct_baseline
3120024	2024			correct_baseline
3120284	2022	3	1.1788387367906927	correct_baseline
3120284	2023	3	1.1862246053570091	correct_baseline
3120284	2024	3	1.1936431395449587	correct_baseline
3120692	2022	3	1.471115113349931	correct_baseline
3120692	2023	3	1.5742563125533648	correct_baseline
3120692	2024	3	1.6727463280559505	correct_baseline
3120790	2022	1	0.9992781806757709	correct_baseline
3120790	2023	1	0.995943098524365	correct_baseline
3120790	2024	1	0.9925883868443137	correct_baseline
3121226	2022	1	0.9560545119819579	correct_baseline
3121226	2023	1	0.9420390037117551	correct_baseline
3121226	2024	1	0.9278141432396968	correct_baseline
3121258	2022	1	0.7901463893789048	correct_baseline
3121258	2023	1	0.7502821669130538	correct_baseline
3121258	2024	1	0.7106523606137682	correct_baseline
3121562	2022			correct_baseline
3121562	2023			correct_baseline
3121562	2024			correct_baseline
3121581	2022			correct_baseline
3121581	2023			correct_baseline
3121581	2024			correct_baseline
3122924	2022	3	1.2519501880762003	correct_baseline
3122924	2023	3	1.2455492793213054	correct_baseline
3122924	2024	3	1.2388122469621856	correct_baseline
3123663	2022	3	1.025037766508977	correct_baseline
3123663	2023	3	1.0278243530006552	correct_baseline
3123663	2024	3	1.0305994185262124	correct_baseline
3127727	2022	0	0.6760445642409529	correct_baseline
3127727	2023	0	0.5199848239791912	correct_baseline
3127727	2024	0	0.3940455337799272	correct_baseline
3128225	2022	1	0.8505611090376491	correct_baseline
3128225	2023	1	0.8551597793708577	correct_baseline
3128225	2024	1	0.8594375487419209	correct_baseline
3128888	2022	1	0.5413594286982338	correct_baseline
3128888	2023	1	0.5304359275312903	correct_baseline
3128888	2024	1	0.5197165236913486	correct_baseline
3131614	2022	0	0.9533533701212749	correct_baseline
3131614	2023	0	0.6574411967083496	correct_baseline
3131614	2024	0	0.43411743780657747	correct_baseline
3132570	2022	3	1.0860287797743353	correct_baseline
3132570	2023	3	1.0901074864309792	correct_baseline
3132570	2024	3	1.0939723744124976	correct_baseline
3133887	2022	0	0.5434696950752258	correct_baseline
3133887	2023	0	0.35987580792056545	correct_baseline
3133887	2024	0	0.23475318747797871	correct_baseline
3133938	2022	2	1.0257913424311773	correct_baseline
3133938	2023	0	0.8403306752005947	correct_baseline
3133938	2024	0	0.6826798083815413	correct_baseline
3133950	2022	0	0.9004561403947432	correct_baseline
3133950	2023	0	0.6535065246998656	correct_baseline
3133950	2024	0	0.46700275658863316	correct_baseline
3134867	2022			correct_baseline
3134867	2023			correct_baseline
3134867	2024			correct_baseline
3136320	2022	1	0.9084296438195396	correct_baseline
3136320	2023	1	0.9065177292446294	correct_baseline
3136320	2024	1	0.9045946061089019	correct_baseline
3137829	2022			correct_baseline
3137829	2023			correct_baseline
3137829	2024			correct_baseline
3138195	2022			correct_baseline
3138195	2023			correct_baseline
3138195	2024			correct_baseline
3138327	2022	1	0.9593238349388502	correct_baseline
3138327	2023	1	0.9554523351584802	correct_baseline
3138327	2024	1	0.9515798765424973	correct_baseline
3139003	2022	1	0.7668080672549529	correct_baseline
3139003	2023	1	0.7629016807253621	correct_baseline
3139003	2024	1	0.7586896628820695	correct_baseline
3141890	2022	1	0.8523071295144005	correct_baseline
3141890	2023	1	0.846324593078874	correct_baseline
3141890	2024	1	0.8403752216529444	correct_baseline
3145214	2022	3	1.1931099794581657	correct_baseline
3145214	2023	3	1.1982934623597339	correct_baseline
3145214	2024	3	1.2034843090168992	correct_baseline
3146683	2022	3	1.1146422336758555	correct_baseline
3146683	2023	3	1.1100371232313433	correct_baseline
3146683	2024	3	1.1054128978924451	correct_baseline
3146717	2022	3	1.1270882980784747	correct_baseline
3146717	2023	3	1.1164918276752467	correct_baseline
3146717	2024	3	1.1043849521671205	correct_baseline
3146791	2022	3	1.1293008340844357	correct_baseline
3146791	2023	3	1.1378275483429605	correct_baseline
3146791	2024	3	1.1461813940641132	correct_baseline
3147018	2022	0	0.8103836273290076	correct_baseline
3147018	2023	0	0.7377461530032844	correct_baseline
3147018	2024	0	0.6698689433971899	correct_baseline
3147168	2022	3	1.3453595214562335	correct_baseline
3147168	2023	3	1.3603597857329894	correct_baseline
3147168	2024	3	1.3754185394003915	correct_baseline
3147815	2022	1	0.9682777006493355	correct_baseline
3147815	2023	1	0.9695065560825002	correct_baseline
3147815	2024	1	0.9706781750243396	correct_baseline
3148340	2022	3	1.0222501165193842	correct_baseline
3148340	2023	1	1.0032051119758918	correct_baseline
3148340	2024	1	0.9838690684662452	correct_baseline
3150935	2022			correct_baseline
3150935	2023			correct_baseline
3150935	2024			correct_baseline
3151558	2022	3	1.1602686810550524	correct_baseline
3151558	2023	3	1.1662627248278428	correct_baseline
3151558	2024	3	1.172272326607268	correct_baseline
3151618	2022	1	0.8241748183114935	correct_baseline
3151618	2023	1	0.7507985530696073	correct_baseline
3151618	2024	1	0.6796858432006464	correct_baseline
3152372	2022	1	0.8522093451932663	correct_baseline
3152372	2023	1	0.8449470282954301	correct_baseline
3152372	2024	1	0.8377301152320578	correct_baseline
3152377	2022	1	0.9307070109301667	correct_baseline
3152377	2023	1	0.9261483268321152	correct_baseline
3152377	2024	1	0.9215186971057501	correct_baseline
3152378	2022	3	1.0116308917662207	correct_baseline
3152378	2023	1	1.0023338035627734	correct_baseline
3152378	2024	1	0.9926560589449233	correct_baseline
3152521	2022	1	0.8785323228094181	correct_baseline
3152521	2023	1	0.8760808815220523	correct_baseline
3152521	2024	1	0.8735567273805569	correct_baseline
3152560	2022	1	0.9989397877450522	correct_baseline
3152560	2023	1	0.999322243311958	correct_baseline
3152560	2024	1	0.9996838957637404	correct_baseline
3152583	2022	3	1.102218665221837	correct_baseline
3152583	2023	3	1.103944794762646	correct_baseline
3152583	2024	3	1.1054750182980286	correct_baseline
3152614	2022	1	0.9955304403329654	correct_baseline
3152614	2023	1	0.995158917499166	correct_baseline
3152614	2024	1	0.99478195576176	correct_baseline
3152816	2022	1	0.9761820619929428	correct_baseline
3152816	2023	1	0.9758320007333282	correct_baseline
3152816	2024	1	0.9754028537932046	correct_baseline
3152824	2022	3	1.0737940082214406	correct_baseline
3152824	2023	3	1.0770425316903018	correct_baseline
3152824	2024	3	1.0801787559185883	correct_baseline
3152861	2022	3	1.0154645603677235	correct_baseline
3152861	2023	3	1.0177486580877158	correct_baseline
3152861	2024	3	1.019949897745981	correct_baseline
3169120	2022	1	0.870149466609253	correct_baseline
3169120	2023	1	0.867171499840698	correct_baseline
3169120	2024	1	0.8640952456271471	correct_baseline
3169137	2022	3	1.0873405417415718	correct_baseline
3169137	2023	3	1.0911065487831797	correct_baseline
3169137	2024	3	1.0948497450510255	correct_baseline
3169331	2022			correct_baseline
3169331	2023			correct_baseline
3169331	2024			correct_baseline
3169340	2022	3	1.1141364498243218	correct_baseline
3169340	2023	3	1.115155094792511	correct_baseline
3169340	2024	3	1.116161630891333	correct_baseline
3169391	2022	0	0.6018440049677038	correct_baseline
3169391	2023	0	0.27842293895118714	correct_baseline
3169391	2024	0	0.11499754841136983	correct_baseline
3169708	2022	3	1.176225419626135	correct_baseline
3169708	2023	3	1.1803897490400468	correct_baseline
3169708	2024	3	1.1845579891051663	correct_baseline
3169756	2022			correct_baseline
3169756	2023			correct_baseline
3169756	2024			correct_baseline
3170247	2022	3	1.1775673255632177	correct_baseline
3170247	2023	3	1.1879871325367224	correct_baseline
3170247	2024	3	1.1973590652202968	correct_baseline
3170823	2022	2	1.2274535080697009	correct_baseline
3170823	2023	2	1.1290936592982024	correct_baseline
3170823	2024	2	1.0353505095565914	correct_baseline
3171304	2022			correct_baseline
3171304	2023			correct_baseline
3171304	2024			correct_baseline
3171888	2022	1	0.8822090601630217	correct_baseline
3171888	2023	1	0.8752140655096061	correct_baseline
3171888	2024	1	0.8676621048556528	correct_baseline
3171948	2022	3	1.1449659279813476	correct_baseline
3171948	2023	3	1.1473155476263717	correct_baseline
3171948	2024	3	1.1496525363449654	correct_baseline
3171951	2022			correct_baseline
3171951	2023			correct_baseline
3171951	2024			correct_baseline
3171952	2022	3	1.0197176877903504	correct_baseline
3171952	2023	1	0.869849173322345	correct_baseline
3171952	2024	1	0.7313954319840281	correct_baseline
3171954	2022	1	0.949008690334468	correct_baseline
3171954	2023	1	0.9474942897553862	correct_baseline
3171954	2024	1	0.9459592643863612	correct_baseline
3172001	2022	3	1.2540371078441044	correct_baseline
3172001	2023	3	1.2578897058457452	correct_baseline
3172001	2024	3	1.2615379476868842	correct_baseline
3172059	2022	1	0.8807431555465375	correct_baseline
3172059	2023	1	0.8689593343616787	correct_baseline
3172059	2024	1	0.8568872096736365	correct_baseline
3172068	2022	3	1.3095346428600612	correct_baseline
3172068	2023	3	1.2749492910657672	correct_baseline
3172068	2024	3	1.2355328511531236	correct_baseline
3172077	2022	3	1.31762035523243	correct_baseline
3172077	2023	3	1.3430940545790468	correct_baseline
3172077	2024	3	1.3687711744694118	correct_baseline
3172100	2022	3	1.0784550613807748	correct_baseline
3172100	2023	3	1.081334441526929	correct_baseline
3172100	2024	3	1.0840680541171512	correct_baseline
3172104	2022	3	1.1582544965800528	correct_baseline
3172104	2023	3	1.188728038719435	correct_baseline
3172104	2024	3	1.219613746167601	correct_baseline
3172118	2022	3	1.1897694650146715	correct_baseline
3172118	2023	3	1.1977199558554716	correct_baseline
3172118	2024	3	1.2057113944092168	correct_baseline
3172266	2022	3	1.0504186812987413	correct_baseline
3172266	2023	3	1.0537970973525617	correct_baseline
3172266	2024	3	1.057136421196594	correct_baseline
3172276	2022			correct_baseline
3172276	2023			correct_baseline
3172276	2024			correct_baseline
3172291	2022	3	1.1974670838128236	correct_baseline
3172291	2023	3	1.205157122637314	correct_baseline
3172291	2024	3	1.2128888826800517	correct_baseline
3172347	2022	3	1.167471405135593	correct_baseline
3172347	2023	3	1.1679255036158382	correct_baseline
3172347	2024	3	1.1683095681212887	correct_baseline
3172348	2022			correct_baseline
3172348	2023			correct_baseline
3172348	2024			correct_baseline
3172549	2022	3	1.2423578038444714	correct_baseline
3172549	2023	3	1.316527223556902	correct_baseline
3172549	2024	3	1.3889797491280191	correct_baseline
3172615	2022	3	1.2051363566241404	correct_baseline
3172615	2023	3	1.2104220828073493	correct_baseline
3172615	2024	3	1.2154019611430429	correct_baseline
3173338	2022	3	1.182009926777449	correct_baseline
3173338	2023	3	1.1884849036190452	correct_baseline
3173338	2024	3	1.1948017242000772	correct_baseline
3188735	2022			correct_baseline
3188735	2023			correct_baseline
3188735	2024			correct_baseline
3188830	2022			correct_baseline
3188830	2023			correct_baseline
3188830	2024			correct_baseline
3188894	2022	3	1.2672275805415363	correct_baseline
3188894	2023	3	1.283030107688021	correct_baseline
3188894	2024	3	1.2987716552067063	correct_baseline
3188924	2022	1	0.8834974831063022	correct_baseline
3188924	2023	0	0.8637873506568226	correct_baseline
3188924	2024	0	0.8442664282989143	correct_baseline
3189073	2022			correct_baseline
3189073	2023			correct_baseline
3189073	2024			correct_baseline
3189497	2022	0	0.6240654586229806	correct_baseline
3189497	2023	0	0.44140511806423743	correct_baseline
3189497	2024	0	0.30627329750574134	correct_baseline
3189762	2022	3	1.163358948766792	correct_baseline
3189762	2023	3	1.1695400492255261	correct_baseline
3189762	2024	3	1.1757451677226143	correct_baseline
3189815	2022	3	1.1104821095487474	correct_baseline
3189815	2023	3	1.1198821791778901	correct_baseline
3189815	2024	3	1.1290977601578307	correct_baseline
3189828	2022			correct_baseline
3189828	2023			correct_baseline
3189828	2024			correct_baseline
3189837	2022	0	0.9277660986964765	correct_baseline
3189837	2023	0	0.8472883515405626	correct_baseline
3189837	2024	0	0.772181991710069	correct_baseline
3189843	2022			correct_baseline
3189843	2023			correct_baseline
3189843	2024			correct_baseline
3189866	2022	3	1.1299956519873147	correct_baseline
3189866	2023	3	1.1328215369815773	correct_baseline
3189866	2024	3	1.1352686834244223	correct_baseline
3189882	2022	3	1.0787110094846049	correct_baseline
3189882	2023	3	1.085279659104605	correct_baseline
3189882	2024	3	1.091819085151029	correct_baseline
3190382	2022			correct_baseline
3190382	2023			correct_baseline
3190382	2024			correct_baseline
3190411	2022			correct_baseline
3190411	2023			correct_baseline
3190411	2024			correct_baseline
3190522	2022	1	0.9441961297867685	correct_baseline
3190522	2023	1	0.9407043179269051	correct_baseline
3190522	2024	1	0.9367179001480418	correct_baseline
3190538	2022	2	1.0901835247532403	correct_baseline
3190538	2023	2	1.0467633556157765	correct_baseline
3190538	2024	0	1.004120898278831	correct_baseline
3190653	2022	3	1.2899176320438388	correct_baseline
3190653	2023	3	1.3118512527430102	correct_baseline
3190653	2024	3	1.3336239839629513	correct_baseline
3197314	2022	3	1.0740030381369872	correct_baseline
3197314	2023	3	1.0433409378896092	correct_baseline
3197314	2024	3	1.0128266584815289	correct_baseline
3602683	2022	3	1.1508022189863942	correct_baseline
3602683	2023	3	1.0898008573205338	correct_baseline
3602683	2024	3	1.0286672402018557	correct_baseline
3610757	2022	3	1.110047136148929	correct_baseline
3610757	2023	3	1.1129828796161827	correct_baseline
3610757	2024	3	1.1159101581625634	correct_baseline
3633319	2022	1	0.8543427951870856	correct_baseline
3633319	2023	1	0.847719897873903	correct_baseline
3633319	2024	1	0.8410523412492307	correct_baseline
3663237	2022	0	0.8053419646133599	correct_baseline
3663237	2023	0	0.7649778345313428	correct_baseline
3663237	2024	0	0.7255447749917727	correct_baseline
3664589	2022	0	0.9645000748208291	correct_baseline
3664589	2023	0	0.7190708139714342	correct_baseline
3664589	2024	0	0.5211396003451549	correct_baseline
3666776	2022	0	0.6276564800959178	correct_baseline
3666776	2023	0	0.4676455246638679	correct_baseline
3666776	2024	0	0.3444023506243545	correct_baseline
3667238	2022			correct_baseline
3667238	2023			correct_baseline
3667238	2024			correct_baseline
3686235	2022	0	0.908941330417677	correct_baseline
3686235	2023	0	0.8210160194450479	correct_baseline
3686235	2024	0	0.7393155746751734	correct_baseline
3690997	2022	3	1.2434397391398018	correct_baseline
3690997	2023	3	1.2703873910803305	correct_baseline
3690997	2024	3	1.295755844549408	correct_baseline
3711564	2022	1	0.932263630442697	correct_baseline
3711564	2023	1	0.9280219577207056	correct_baseline
3711564	2024	1	0.9234352692937237	correct_baseline
3711846	2022			correct_baseline
3711846	2023			correct_baseline
3711846	2024			correct_baseline
3725062	2022	1	0.8773031957427572	correct_baseline
3725062	2023	1	0.8736167260744833	correct_baseline
3725062	2024	1	0.8699257204158272	correct_baseline
3729273	2022			correct_baseline
3729273	2023			correct_baseline
3729273	2024			correct_baseline
3741446	2022			correct_baseline
3741446	2023			correct_baseline
3741446	2024			correct_baseline
3756650	2022	0	0.8271893083907977	correct_baseline
3756650	2023	0	0.39785644695308797	correct_baseline
3756650	2024	0	0.17616662621242046	correct_baseline
3767816	2022	1	0.5842608897036504	correct_baseline
3767816	2023	1	0.5736483128462082	correct_baseline
3767816	2024	1	0.5632168089466993	correct_baseline
3797084	2022	3	1.0546346598172687	correct_baseline
3797084	2023	3	1.0570447797467306	correct_baseline
3797084	2024	3	1.05945075023261	correct_baseline
3814157	2022			correct_baseline
3814157	2023			correct_baseline
3814157	2024			correct_baseline
3883959	2022			correct_baseline
3883959	2023			correct_baseline
3883959	2024			correct_baseline
3886505	2022	0	0.9754934331785599	correct_baseline
3886505	2023	0	0.7994106048838544	correct_baseline
3886505	2024	0	0.6399084836602998	correct_baseline
3892732	2022			correct_baseline
3892732	2023			correct_baseline
3892732	2024			correct_baseline
3896282	2022			correct_baseline
3896282	2023			correct_baseline
3896282	2024			correct_baseline
3922888	2022			correct_baseline
3922888	2023			correct_baseline
3922888	2024			correct_baseline
3924221	2022			correct_baseline
3924221	2023			correct_baseline
3924221	2024			correct_baseline
3933415	2022	1	0.9588430586223922	correct_baseline
3933415	2023	1	0.9521526907765617	correct_baseline
3933415	2024	1	0.9417903029175966	correct_baseline
3935079	2022			correct_baseline
3935079	2023			correct_baseline
3935079	2024			correct_baseline
3935421	2022			correct_baseline
3935421	2023			correct_baseline
3935421	2024			correct_baseline
3940326	2022	1	0.9661896941626825	correct_baseline
3940326	2023	1	0.9666756108723256	correct_baseline
3940326	2024	1	0.9671150356720519	correct_baseline
3940423	2022			correct_baseline
3940423	2023			correct_baseline
3940423	2024			correct_baseline
3981543	2022	3	1.1124548904080676	correct_baseline
3981543	2023	3	1.1112580264444056	correct_baseline
3981543	2024	3	1.1093205831838875	correct_baseline
3988701	2022	0	0.4983503521960024	correct_baseline
3988701	2023	0	0.4714501930084185	correct_baseline
3988701	2024	0	0.4456192367611202	correct_baseline
4013762	2022	0	0.8421505323056264	correct_baseline
4013762	2023	0	0.5061529577049869	correct_baseline
4013762	2024	0	0.28716314091546963	correct_baseline
4021919	2022			correct_baseline
4021919	2023			correct_baseline
4021919	2024			correct_baseline
4034001	2022			correct_baseline
4034001	2023			correct_baseline
4034001	2024			correct_baseline
4038485	2022	0	0.742060183222978	correct_baseline
4038485	2023	0	0.7145835626736221	correct_baseline
4038485	2024	1	0.6867946798921983	correct_baseline
4046493	2022			correct_baseline
4046493	2023			correct_baseline
4046493	2024			correct_baseline
4048240	2022	1	0.9911877528006263	correct_baseline
4048240	2023	1	0.9862313221248679	correct_baseline
4048240	2024	1	0.9809923254063408	correct_baseline
4063383	2022	3	1.2813377072731904	correct_baseline
4063383	2023	3	1.3056306014721006	correct_baseline
4063383	2024	3	1.3300041976701813	correct_baseline
4067281	2022	0	0.9441646655246223	correct_baseline
4067281	2023	0	0.7539926696339805	correct_baseline
4067281	2024	0	0.5902863885390731	correct_baseline
4067302	2022	3	1.1536647855328592	correct_baseline
4067302	2023	3	1.1621022550478441	correct_baseline
4067302	2024	3	1.170246622391432	correct_baseline
4086523	2022			correct_baseline
4086523	2023			correct_baseline
4086523	2024			correct_baseline
4097656	2022			correct_baseline
4097656	2023			correct_baseline
4097656	2024			correct_baseline
4102952	2022	3	1.0207307694383396	correct_baseline
4102952	2023	1	0.8318838145734716	correct_baseline
4102952	2024	1	0.6446354524371812	correct_baseline
4123394	2022	1	0.8092743107001994	correct_baseline
4123394	2023	1	0.802541070038832	correct_baseline
4123394	2024	1	0.7958321669143164	correct_baseline
4123912	2022	3	1.042585318703652	correct_baseline
4123912	2023	3	1.0869769432382608	correct_baseline
4123912	2024	3	1.126454407118803	correct_baseline
4125308	2022	1	0.9291372216601123	correct_baseline
4125308	2023	1	0.9231007931491848	correct_baseline
4125308	2024	1	0.9170810822183982	correct_baseline
4127352	2022	2	0.931249888858746	correct_baseline
4127352	2023	2	0.9458652460820698	correct_baseline
4127352	2024	2	0.9593435950662486	correct_baseline
4129181	2022	1	0.9607925110478261	correct_baseline
4129181	2023	1	0.9588277823597041	correct_baseline
4129181	2024	1	0.9568578263158638	correct_baseline
4129708	2022	3	1.0252364499326387	correct_baseline
4129708	2023	3	1.0305729606705307	correct_baseline
4129708	2024	3	1.035790573913694	correct_baseline
4131042	2022			correct_baseline
4131042	2023			correct_baseline
4131042	2024			correct_baseline
4133390	2022	1	0.6935317104018528	correct_baseline
4133390	2023	1	0.6835453251927787	correct_baseline
4133390	2024	1	0.6736144758793411	correct_baseline
4142326	2022			correct_baseline
4142326	2023			correct_baseline
4142326	2024			correct_baseline
4201607	2022	3	1.3172707203410938	correct_baseline
4201607	2023	3	1.3313249283489395	correct_baseline
4201607	2024	3	1.345513469241636	correct_baseline
4201695	2022	1	0.9066011526911997	correct_baseline
4201695	2023	1	0.8681058991791136	correct_baseline
4201695	2024	1	0.8255946717031323	correct_baseline
4201709	2022			correct_baseline
4201709	2023			correct_baseline
4201709	2024			correct_baseline
4206362	2022	0	0.45086939389793335	correct_baseline
4206362	2023	0	0.22368533047775002	correct_baseline
4206362	2024	0	0.10720244556511296	correct_baseline
4259350	2022	1	0.9376458484539802	correct_baseline
4259350	2023	1	0.9392656123058427	correct_baseline
4259350	2024	1	0.9408422171220213	correct_baseline
4264680	2022	3	1.0506977474995098	correct_baseline
4264680	2023	1	1.005400351959244	correct_baseline
4264680	2024	1	0.9615794717022925	correct_baseline
4270548	2022	1	0.6732164217874759	correct_baseline
4270548	2023	1	0.4981015021026194	correct_baseline
4270548	2024	1	0.35251351999401065	correct_baseline
4285968	2022	1	0.7664499991307143	basic
4285968	2023	1	0.6938978100337015	basic
4285968	2024	1	0.608155182111491	basic
4286942	2022	3	1.0506853851003164	basic
4286942	2023	3	1.0439874401997296	basic
4286942	2024	3	1.0372690253800936	basic
4286975	2022	1	0.936031966306959	basic
4286975	2023	1	0.926860551337147	basic
4286975	2024	1	0.9176636531192565	basic
4315705	2022	1	0.7986005635501169	correct_baseline
4315705	2023	1	0.7936352048636338	correct_baseline
4315705	2024	1	0.7886508780020404	correct_baseline
4362965	2022			correct_baseline
4362965	2023			correct_baseline
4362965	2024			correct_baseline
4372686	2022	0	0.9221961232861224	correct_baseline
4372686	2023	0	0.8002688977795791	correct_baseline
4372686	2024	0	0.6852055201489501	correct_baseline
4382841	2022	3	1.0584468856309373	correct_baseline
4382841	2023	3	1.0628007173675722	correct_baseline
4382841	2024	3	1.066846254482584	correct_baseline
4400961	2022			correct_baseline
4400961	2023			correct_baseline
4400961	2024			correct_baseline
4408455	2022	0	0.8454728155389983	correct_baseline
4408455	2023	0	0.8440340213663209	correct_baseline
4408455	2024	0	0.8424654190856209	correct_baseline
4409643	2022	0	0.7275082759242573	basic
4409643	2023	0	0.7128380532319228	basic
4409643	2024	0	0.6982729497925764	basic
4427319	2022	1	1.0100255235902875	correct_baseline
4427319	2023	1	0.9373321392998238	correct_baseline
4427319	2024	1	0.8689613399132894	correct_baseline
4460066	2022	1	0.9176434687406394	correct_baseline
4460066	2023	1	0.8309663263288142	correct_baseline
4460066	2024	1	0.7469162623067481	correct_baseline
4483961	2022	1	0.8923747390143496	correct_baseline
4483961	2023	1	0.8389169489695693	correct_baseline
4483961	2024	1	0.7884218218954897	correct_baseline
4483971	2022	1	0.5618899531218695	correct_baseline
4483971	2023	0	0.399914984447711	correct_baseline
4483971	2024	0	0.26570418646756455	correct_baseline
4484009	2022			correct_baseline
4484009	2023			correct_baseline
4484009	2024			correct_baseline
4484176	2022	1	0.940013791001405	correct_baseline
4484176	2023	1	0.8875685766757685	correct_baseline
4484176	2024	1	0.8374386787365856	correct_baseline
4485843	2022			correct_baseline
4485843	2023			correct_baseline
4485843	2024			correct_baseline
4486243	2022	2	0.9166206536523114	correct_baseline
4486243	2023	3	1.2367621937217184	correct_baseline
4486243	2024	3	1.562041387660982	correct_baseline
4486297	2022	0	0.5641171550006775	correct_baseline
4486297	2023	0	0.5119874614017765	correct_baseline
4486297	2024	0	0.46443638046880437	correct_baseline
4486365	2022	1	0.7533639787504901	correct_baseline
4486365	2023	1	0.5643722828356578	correct_baseline
4486365	2024	1	0.40798847110329683	correct_baseline
4486382	2022	1	0.5393960705926618	correct_baseline
4486382	2023	1	0.3450434516979604	correct_baseline
4486382	2024	1	0.2058279085276585	correct_baseline
4487370	2022			correct_baseline
4487370	2023			correct_baseline
4487370	2024			correct_baseline
4487598	2022			correct_baseline
4487598	2023			correct_baseline
4487598	2024			correct_baseline
4487799	2022			correct_baseline
4487799	2023			correct_baseline
4487799	2024			correct_baseline
4488821	2022	2	0.8599877366152171	correct_baseline
4488821	2023	2	0.8920497145447022	correct_baseline
4488821	2024	2	0.9155926938465432	correct_baseline
4497124	2022	0	0.5946502410986362	correct_baseline
4497124	2023	0	0.5550275208580138	correct_baseline
4497124	2024	0	0.5178325285823502	correct_baseline
4528100	2022	3	1.1389793521256681	correct_baseline
4528100	2023	3	1.0983567769140148	correct_baseline
4528100	2024	3	1.058087089235415	correct_baseline
4532122	2022	0	0.8578565360459462	correct_baseline
4532122	2023	0	0.7082618913109952	correct_baseline
4532122	2024	0	0.5820490780056736	correct_baseline
4544661	2022			correct_baseline
4544661	2023			correct_baseline
4544661	2024			correct_baseline
4553469	2022			correct_baseline
4553469	2023			correct_baseline
4553469	2024			correct_baseline
4559541	2022			correct_baseline
4559541	2023			correct_baseline
4559541	2024			correct_baseline
4562529	2022			correct_baseline
4562529	2023			correct_baseline
4562529	2024			correct_baseline
4562917	2022	1	0.6155132410456027	correct_baseline
4562917	2023	1	0.5783302597175434	correct_baseline
4562917	2024	1	0.5431130371250853	correct_baseline
4564216	2022			correct_baseline
4564216	2023			correct_baseline
4564216	2024			correct_baseline
4565039	2022	3	1.1233619766604273	correct_baseline
4565039	2023	3	1.0873545546328087	correct_baseline
4565039	2024	3	1.052249723126756	correct_baseline
4565061	2022			correct_baseline
4565061	2023			correct_baseline
4565061	2024			correct_baseline
4565134	2022	0	0.3017024566987171	correct_baseline
4565134	2023	0	0.23834362908293363	correct_baseline
4565134	2024	0	0.18798141887370914	correct_baseline
4567717	2022	1	0.6628080206029455	correct_baseline
4567717	2023	1	0.6208069703516919	correct_baseline
4567717	2024	1	0.5813419743233604	correct_baseline
4568269	2022	0	0.4030957917348923	correct_baseline
4568269	2023	0	0.36788221137807453	correct_baseline
4568269	2024	0	0.33385763515898575	correct_baseline
4598225	2022	3	1.4106280579816972	correct_baseline
4598225	2023	3	1.6171844685597792	correct_baseline
4598225	2024	3	1.823595185900199	correct_baseline
4845776	2022			correct_baseline
4845776	2023			correct_baseline
4845776	2024			correct_baseline
4926336	2022	1	0.9585127243927171	correct_baseline
4926336	2023	1	0.9572547756785322	correct_baseline
4926336	2024	1	0.9556983876151016	correct_baseline
4932232	2022	1	0.8037072075644541	correct_baseline
4932232	2023	1	0.7978988065314481	correct_baseline
4932232	2024	1	0.7921198881275036	correct_baseline
4933624	2022	3	1.22165494299673	correct_baseline
4933624	2023	3	1.1979858900911786	correct_baseline
4933624	2024	3	1.172333579315496	correct_baseline
4939668	2022			correct_baseline
4939668	2023			correct_baseline
4939668	2024			correct_baseline
4984851	2022			correct_baseline
4984851	2023			correct_baseline
4984851	2024			correct_baseline
4985072	2022			correct_baseline
4985072	2023			correct_baseline
4985072	2024			correct_baseline
4989904	2022	0	0.8335367601704013	correct_baseline
4989904	2023	0	0.6879584448707419	correct_baseline
4989904	2024	0	0.5654907167049541	correct_baseline
4990176	2022			correct_baseline
4990176	2023			correct_baseline
4990176	2024			correct_baseline
5041422	2022			correct_baseline
5041422	2023			correct_baseline
5041422	2024			correct_baseline
5041466	2022			correct_baseline
5041466	2023			correct_baseline
5041466	2024			correct_baseline
5073820	2022			correct_baseline
5073820	2023			correct_baseline
5073820	2024			correct_baseline
5123474	2022			correct_baseline
5123474	2023			correct_baseline
5123474	2024			correct_baseline
5153082	2022			correct_baseline
5153082	2023			correct_baseline
5153082	2024			correct_baseline
5154481	2022			correct_baseline
5154481	2023			correct_baseline
5154481	2024			correct_baseline
5156102	2022	2	1.1304368165640923	correct_baseline
5156102	2023	2	1.0927143633995937	correct_baseline
5156102	2024	2	1.0561082747906585	correct_baseline
5179027	2022			correct_baseline
5179027	2023			correct_baseline
5179027	2024			correct_baseline
5185431	2022			correct_baseline
5185431	2023			correct_baseline
5185431	2024			correct_baseline
5188971	2022	0	0.8568751456070844	correct_baseline
5188971	2023	0	0.7454638104440486	correct_baseline
5188971	2024	0	0.6254933983638873	correct_baseline
5189032	2022			correct_baseline
5189032	2023			correct_baseline
5189032	2024			correct_baseline
5189713	2022			correct_baseline
5189713	2023			correct_baseline
5189713	2024			correct_baseline
5189806	2022	1	0.8908586138801133	correct_baseline
5189806	2023	1	0.8783794939182398	correct_baseline
5189806	2024	1	0.8660581023692411	correct_baseline
5191102	2022			correct_baseline
5191102	2023			correct_baseline
5191102	2024			correct_baseline
5192470	2022	0	0.6642553747947632	correct_baseline
5192470	2023	0	0.6484817572843227	correct_baseline
5192470	2024	0	0.6330694914434349	correct_baseline
5204019	2022			basic
5204019	2023			basic
5204019	2024			basic
5218786	2022	3	1.2586988933667151	correct_baseline
5218786	2023	3	1.2672988692093923	correct_baseline
5218786	2024	3	1.2756786349527733	correct_baseline
5219681	2022			correct_baseline
5219681	2023			correct_baseline
5219681	2024			correct_baseline
5219858	2022	2	0.9171214807425315	correct_baseline
5219858	2023	2	0.9409500826238273	correct_baseline
5219858	2024	2	0.9651491139832972	correct_baseline
5220136	2022	1	0.8376707056550048	correct_baseline
5220136	2023	1	0.7910612823960217	correct_baseline
5220136	2024	1	0.7467373350013164	correct_baseline
5227775	2022			correct_baseline
5227775	2023			correct_baseline
5227775	2024			correct_baseline
5227966	2022	3	1.1114472413654046	correct_baseline
5227966	2023	3	1.1217590228107135	correct_baseline
5227966	2024	3	1.131621961009341	correct_baseline
5228033	2022			correct_baseline
5228033	2023			correct_baseline
5228033	2024			correct_baseline
5228034	2022	3	1.0445948408997305	correct_baseline
5228034	2023	3	1.0379110079981242	correct_baseline
5228034	2024	3	1.0310001066221175	correct_baseline
5228080	2022	0	0.2556477689377306	correct_baseline
5228080	2023	0	0.15118505598396506	correct_baseline
5228080	2024	0	0.08902910162574876	correct_baseline
5228229	2022	0	0.22159844479145716	correct_baseline
5228229	2023	0	0.1393149566341447	correct_baseline
5228229	2024	0	0.08694863150219731	correct_baseline
5229055	2022	3	1.0390843184897824	correct_baseline
5229055	2023	3	1.0282453462808596	correct_baseline
5229055	2024	3	1.0173862894165082	correct_baseline
5229204	2022			correct_baseline
5229204	2023			correct_baseline
5229204	2024			correct_baseline
5229205	2022	3	1.3631701783947663	correct_baseline
5229205	2023	3	1.3882893058389671	correct_baseline
5229205	2024	3	1.413444329743196	correct_baseline
5229249	2022	1	0.8815883191436952	correct_baseline
5229249	2023	1	0.8787365582800293	correct_baseline
5229249	2024	1	0.8752174075435443	correct_baseline
5231398	2022			correct_baseline
5231398	2023			correct_baseline
5231398	2024			correct_baseline
5232432	2022	3	1.154600103928004	correct_baseline
5232432	2023	3	1.1661830979118146	correct_baseline
5232432	2024	3	1.1774347071785987	correct_baseline
5232437	2022	3	1.0971083613024186	correct_baseline
5232437	2023	3	1.1025971125995955	correct_baseline
5232437	2024	3	1.1079906698119077	correct_baseline
5232451	2022	0	0.6853277713398008	correct_baseline
5232451	2023	0	0.6681146983325457	correct_baseline
5232451	2024	0	0.6511145262865959	correct_baseline
5232452	2022	1	0.9430729664920446	correct_baseline
5232452	2023	1	0.9400741904347621	correct_baseline
5232452	2024	1	0.9369979919651273	correct_baseline
5275404	2022	1	0.5937000540148331	correct_baseline
5275404	2023	1	0.5059726752475198	correct_baseline
5275404	2024	1	0.42623690982722806	correct_baseline
5275415	2022	2	0.9384901737785629	correct_baseline
5275415	2023	2	0.954723920088861	correct_baseline
5275415	2024	2	0.9707042863133994	correct_baseline
5281901	2022	3	1.134383736893487	correct_baseline
5281901	2023	3	1.1388690261850245	correct_baseline
5281901	2024	3	1.1433661888696698	correct_baseline
5284237	2022	1	0.9664094978761836	correct_baseline
5284237	2023	1	0.9675940387948238	correct_baseline
5284237	2024	1	0.9687577767762819	correct_baseline
5284809	2022	1	0.939938787263078	correct_baseline
5284809	2023	1	0.9386142515229433	correct_baseline
5284809	2024	1	0.937285382027598	correct_baseline
5284827	2022	0	0.4630699506819616	correct_baseline
5284827	2023	0	0.4315610560346891	correct_baseline
5284827	2024	0	0.4019467910085274	correct_baseline
5284884	2022	1	0.7654245143329732	correct_baseline
5284884	2023	1	0.7572226453527463	correct_baseline
5284884	2024	1	0.7490008765372639	correct_baseline
5284950	2022	1	0.949999945226423	correct_baseline
5284950	2023	1	0.9492210762082284	correct_baseline
5284950	2024	1	0.9483725032670091	correct_baseline
5284982	2022	1	0.9309972164302305	correct_baseline
5284982	2023	1	0.9247921504006504	correct_baseline
5284982	2024	1	0.9186090098384381	correct_baseline
5285074	2022			correct_baseline
5285074	2023			correct_baseline
5285074	2024			correct_baseline
5285565	2022	3	1.0127769214685685	correct_baseline
5285565	2023	3	1.0117366582715535	correct_baseline
5285565	2024	3	1.0106896252775692	correct_baseline
5285637	2022	1	0.8670438060548477	correct_baseline
5285637	2023	1	0.8627301787232654	correct_baseline
5285637	2024	1	0.8584332094357328	correct_baseline
5289503	2022	0	0.5534380916855406	correct_baseline
5289503	2023	1	0.521557526642238	correct_baseline
5289503	2024	1	0.4790702850333383	correct_baseline
5289643	2022			correct_baseline
5289643	2023			correct_baseline
5289643	2024			correct_baseline
5289666	2022	1	0.8930597984046722	correct_baseline
5289666	2023	1	0.8898807072262443	correct_baseline
5289666	2024	1	0.8867024871800029	correct_baseline
5289679	2022	1	0.8667290661196649	correct_baseline
5289679	2023	1	0.8647071474834843	correct_baseline
5289679	2024	1	0.8626812813454751	correct_baseline
5289684	2022	3	1.0777857847957786	correct_baseline
5289684	2023	3	1.0823057543312025	correct_baseline
5289684	2024	3	1.0867277438795877	correct_baseline
5289686	2022	3	1.1266782472650498	correct_baseline
5289686	2023	3	1.1727863953643654	correct_baseline
5289686	2024	3	1.220440233125466	correct_baseline
5289693	2022	3	1.2034551565233078	correct_baseline
5289693	2023	3	1.2088557186499922	correct_baseline
5289693	2024	3	1.2142262799876578	correct_baseline
5289698	2022	1	0.8859040887849023	correct_baseline
5289698	2023	1	0.8761407298559637	correct_baseline
5289698	2024	1	0.8662617214650559	correct_baseline
5289744	2022	3	1.0150254323555534	correct_baseline
5289744	2023	3	1.015385589377268	correct_baseline
5289744	2024	3	1.0157421392118342	correct_baseline
5289756	2022	0	0.8115818708668726	correct_baseline
5289756	2023	0	0.8026341175262524	correct_baseline
5289756	2024	0	0.7937276649843436	correct_baseline
5289833	2022	0	0.8810022664252589	correct_baseline
5289833	2023	0	0.758589014802241	correct_baseline
5289833	2024	0	0.6452453901350097	correct_baseline
5289906	2022	1	0.8147833742325078	correct_baseline
5289906	2023	1	0.7368586961694523	correct_baseline
5289906	2024	1	0.6647281972352898	correct_baseline
5289913	2022	3	1.2147813146050614	correct_baseline
5289913	2023	3	1.2248561786520848	correct_baseline
5289913	2024	3	1.2310329918444545	correct_baseline
5289917	2022	3	1.0834287048371007	correct_baseline
5289917	2023	3	1.0862545180676855	correct_baseline
5289917	2024	3	1.0890764403785211	correct_baseline
5289919	2022	3	1.1031175518241663	correct_baseline
5289919	2023	3	1.0867300487110432	correct_baseline
5289919	2024	3	1.0704028147516753	correct_baseline
5289972	2022	3	1.1859282056082865	correct_baseline
5289972	2023	3	1.1987577509994998	correct_baseline
5289972	2024	3	1.2115077774106604	correct_baseline
5289998	2022	1	0.8719701575141522	correct_baseline
5289998	2023	1	0.8666137774601951	correct_baseline
5289998	2024	1	0.8612750828605004	correct_baseline
5290052	2022	1	0.9896428713765084	correct_baseline
5290052	2023	1	0.9898251806273577	correct_baseline
5290052	2024	1	0.989990077580726	correct_baseline
5290177	2022	3	1.3140690643172361	correct_baseline
5290177	2023	3	1.3274738407610618	correct_baseline
5290177	2024	3	1.3405113786985794	correct_baseline
5290192	2022			correct_baseline
5290192	2023			correct_baseline
5290192	2024			correct_baseline
5296178	2022	1	0.8323991578166337	correct_baseline
5296178	2023	1	0.8278345080723586	correct_baseline
5296178	2024	1	0.8232786202372023	correct_baseline
5296218	2022			correct_baseline
5296218	2023			correct_baseline
5296218	2024			correct_baseline
5296432	2022			correct_baseline
5296432	2023			correct_baseline
5296432	2024			correct_baseline
5297966	2022			correct_baseline
5297966	2023			correct_baseline
5297966	2024			correct_baseline
5298069	2022	3	1.1348621570344537	correct_baseline
5298069	2023	3	1.1426344231889813	correct_baseline
5298069	2024	3	1.1504050862732398	correct_baseline
5298126	2022	3	1.0787925930395676	correct_baseline
5298126	2023	3	1.0269867972983844	correct_baseline
5298126	2024	1	0.9731663928272457	correct_baseline
5298765	2022	3	1.0548553649873482	correct_baseline
5298765	2023	3	1.02032345491369	correct_baseline
5298765	2024	1	0.9864822308656586	correct_baseline
5299536	2022	3	1.1486262770446487	correct_baseline
5299536	2023	3	1.13947108287023	correct_baseline
5299536	2024	3	1.1289539275543166	correct_baseline
5303040	2022			correct_baseline
5303040	2023			correct_baseline
5303040	2024			correct_baseline
5304187	2022			correct_baseline
5304187	2023			correct_baseline
5304187	2024			correct_baseline
5304257	2022	1	0.9195687689771757	correct_baseline
5304257	2023	1	0.9094750249072144	correct_baseline
5304257	2024	1	0.8994609667659387	correct_baseline
5304294	2022	3	1.439148444478334	correct_baseline
5304294	2023	3	1.4491803458401573	correct_baseline
5304294	2024	3	1.4592154817360738	correct_baseline
5328593	2022	3	1.1957781915993864	correct_baseline
5328593	2023	3	1.1583947915957604	correct_baseline
5328593	2024	3	1.1213444400568697	correct_baseline
5328909	2022	3	1.2921776117969894	correct_baseline
5328909	2023	3	1.3259088553380844	correct_baseline
5328909	2024	3	1.3591626744180827	correct_baseline
5329212	2022	1	1.0041041816113387	correct_baseline
5329212	2023	1	1.0042052568749265	correct_baseline
5329212	2024	1	1.0043007517419114	correct_baseline
5329263	2022	1	0.6176187173636942	correct_baseline
5329263	2023	1	0.48840839648908074	correct_baseline
5329263	2024	1	0.3840149170053305	correct_baseline
5330001	2022			correct_baseline
5330001	2023			correct_baseline
5330001	2024			correct_baseline
5330085	2022	3	1.3666172219346935	correct_baseline
5330085	2023	3	1.4539639783091625	correct_baseline
5330085	2024	3	1.5434700648055497	correct_baseline
5330661	2022	3	1.206902508901749	correct_baseline
5330661	2023	3	1.206803669882976	correct_baseline
5330661	2024	3	1.2065203840606658	correct_baseline
5331238	2022			correct_baseline
5331238	2023			correct_baseline
5331238	2024			correct_baseline
5332305	2022			correct_baseline
5332305	2023			correct_baseline
5332305	2024			correct_baseline
5333294	2022	3	1.154987699620762	correct_baseline
5333294	2023	3	1.1745809736374075	correct_baseline
5333294	2024	3	1.1942447043467512	correct_baseline
5334227	2022	1	0.900866875072349	correct_baseline
5334227	2023	1	0.8994626087265315	correct_baseline
5334227	2024	1	0.8979915005989988	correct_baseline
5334240	2022	3	1.1713643793519277	correct_baseline
5334240	2023	3	1.1786408982799408	correct_baseline
5334240	2024	3	1.1855156454926723	correct_baseline
5334242	2022	3	1.1878349317907344	correct_baseline
5334242	2023	3	1.1991814598775603	correct_baseline
5334242	2024	3	1.2099041943411322	correct_baseline
5334351	2022	3	1.1795786654234879	correct_baseline
5334351	2023	3	1.1850996313334072	correct_baseline
5334351	2024	3	1.1906250995240222	correct_baseline
5334527	2022			correct_baseline
5334527	2023			correct_baseline
5334527	2024			correct_baseline
5341112	2022			correct_baseline
5341112	2023			correct_baseline
5341112	2024			correct_baseline
5341201	2022	3	1.3365621504663445	correct_baseline
5341201	2023	3	1.360624685992445	correct_baseline
5341201	2024	3	1.3846782390471968	correct_baseline
5341203	2022	0	0.4989295882311229	correct_baseline
5341203	2023	0	0.2885076083032487	correct_baseline
5341203	2024	0	0.13369777170058234	correct_baseline
5341204	2022	1	0.980459020989404	correct_baseline
5341204	2023	1	0.9684992873409937	correct_baseline
5341204	2024	1	0.9564475642421386	correct_baseline
5341373	2022	3	1.4119166636308471	correct_baseline
5341373	2023	3	1.4656034140971608	correct_baseline
5341373	2024	3	1.5170924639109427	correct_baseline
5341387	2022	1	0.8537471788518421	correct_baseline
5341387	2023	1	0.8484541491877186	correct_baseline
5341387	2024	1	0.8428680579851019	correct_baseline
5341442	2022	3	1.0497005703477085	correct_baseline
5341442	2023	3	1.0511103100550439	correct_baseline
5341442	2024	3	1.0517742038762818	correct_baseline
5341497	2022	3	1.0978796391945698	correct_baseline
5341497	2023	3	1.0882713982344012	correct_baseline
5341497	2024	3	1.0768173518122994	correct_baseline
5341501	2022	3	1.3068626252029407	correct_baseline
5341501	2023	3	1.3145399931046908	correct_baseline
5341501	2024	3	1.3220287278683738	correct_baseline
5341540	2022			correct_baseline
5341540	2023			correct_baseline
5341540	2024			correct_baseline
5341558	2022	0	0.474013760685927	correct_baseline
5341558	2023	0	0.2735557946846352	correct_baseline
5341558	2024	0	0.14550026837069424	correct_baseline
5341754	2022	3	1.2115699063546823	correct_baseline
5341754	2023	3	1.2154604019439297	correct_baseline
5341754	2024	3	1.21934713850338	correct_baseline
5341784	2022	1	0.9692440856173127	correct_baseline
5341784	2023	1	0.9652959156564629	correct_baseline
5341784	2024	1	0.9613448302515865	correct_baseline
5347846	2022	3	1.0152679500863213	correct_baseline
5347846	2023	3	1.0156178112544916	correct_baseline
5347846	2024	3	1.0159512678414853	correct_baseline
5350005	2022	3	1.2337647269860041	correct_baseline
5350005	2023	3	1.2295364739368246	correct_baseline
5350005	2024	3	1.2247915326107948	correct_baseline
5350466	2022			correct_baseline
5350466	2023			correct_baseline
5350466	2024			correct_baseline
5352251	2022	3	1.262556242624484	correct_baseline
5352251	2023	3	1.2908228642601858	correct_baseline
5352251	2024	3	1.3194353158648615	correct_baseline
5353590	2022	3	1.219373207605556	correct_baseline
5353590	2023	3	1.2682170599340203	correct_baseline
5353590	2024	3	1.315772514932328	correct_baseline
5354707	2022			correct_baseline
5354707	2023			correct_baseline
5354707	2024			correct_baseline
5355395	2022	3	1.2601616575815637	correct_baseline
5355395	2023	3	1.2783466231501837	correct_baseline
5355395	2024	3	1.2965688901565704	correct_baseline
5356345	2022	3	1.0975338968215618	correct_baseline
5356345	2023	3	1.0983186915865635	correct_baseline
5356345	2024	3	1.099091667833392	correct_baseline
5356514	2022	1	0.8757978506774042	correct_baseline
5356514	2023	1	0.8711653154825879	correct_baseline
5356514	2024	1	0.8664948425941629	correct_baseline
5356517	2022	3	1.3097403567771744	correct_baseline
5356517	2023	3	1.31952435487799	correct_baseline
5356517	2024	3	1.329120478426321	correct_baseline
5356662	2022			correct_baseline
5356662	2023			correct_baseline
5356662	2024			correct_baseline
5356704	2022			correct_baseline
5356704	2023			correct_baseline
5356704	2024			correct_baseline
5357407	2022	3	1.060656671278672	correct_baseline
5357407	2023	3	1.0579681313876916	correct_baseline
5357407	2024	3	1.055137001883657	correct_baseline
5358265	2022			correct_baseline
5358265	2023			correct_baseline
5358265	2024			correct_baseline
5358266	2022	3	1.1116113549923246	correct_baseline
5358266	2023	3	1.1215771277114348	correct_baseline
5358266	2024	3	1.1315735626115204	correct_baseline
5358694	2022	1	0.9020685795330952	correct_baseline
5358694	2023	1	0.901695994382988	correct_baseline
5358694	2024	1	0.9009826175068629	correct_baseline
5358907	2022	3	1.104698903639709	correct_baseline
5358907	2023	3	1.1118720905409918	correct_baseline
5358907	2024	3	1.119029436942979	correct_baseline
5359175	2022	3	1.0901403630895663	correct_baseline
5359175	2023	3	1.0946011381001273	correct_baseline
5359175	2024	3	1.0990701935768077	correct_baseline
5359249	2022			correct_baseline
5359249	2023			correct_baseline
5359249	2024			correct_baseline
5359378	2022	3	1.3518856427728627	correct_baseline
5359378	2023	3	1.3729680237482111	correct_baseline
5359378	2024	3	1.3936669607853993	correct_baseline
5359395	2022			correct_baseline
5359395	2023			correct_baseline
5359395	2024			correct_baseline
5359660	2022	1	0.94234069776045	correct_baseline
5359660	2023	1	0.9390426727522792	correct_baseline
5359660	2024	1	0.93550205974538	correct_baseline
5361762	2022	1	0.7517033779057566	correct_baseline
5361762	2023	1	0.7320248839867443	correct_baseline
5361762	2024	1	0.7126541805168939	correct_baseline
5361785	2022	1	0.8831508614993575	correct_baseline
5361785	2023	1	0.86943803881346	correct_baseline
5361785	2024	1	0.8559112360424039	correct_baseline
5361880	2022	3	1.1848971557301886	correct_baseline
5361880	2023	3	1.1900905398949908	correct_baseline
5361880	2024	3	1.195298268437017	correct_baseline
5361888	2022	1	0.8383953521921553	correct_baseline
5361888	2023	1	0.8361033589678315	correct_baseline
5361888	2024	1	0.833777322661677	correct_baseline
5361889	2022			correct_baseline
5361889	2023			correct_baseline
5361889	2024			correct_baseline
5361909	2022	3	1.0971269413356342	correct_baseline
5361909	2023	3	1.0916459151817368	correct_baseline
5361909	2024	3	1.086109426986476	correct_baseline
5361944	2022	1	0.7277369572297601	correct_baseline
5361944	2023	1	0.7197000479430927	correct_baseline
5361944	2024	1	0.7115790280007303	correct_baseline
5361982	2022	1	0.8588099334309733	correct_baseline
5361982	2023	1	0.8557024336396488	correct_baseline
5361982	2024	1	0.8523320152394409	correct_baseline
5362004	2022	3	1.1361923432697758	correct_baseline
5362004	2023	3	1.1413217049672315	correct_baseline
5362004	2024	3	1.1462565380741683	correct_baseline
5362054	2022	1	1.0092902154951584	correct_baseline
5362054	2023	1	0.9894369533716143	correct_baseline
5362054	2024	1	0.9692512297441513	correct_baseline
5362136	2022			correct_baseline
5362136	2023			correct_baseline
5362136	2024			correct_baseline
5362215	2022	3	1.0186750909838707	correct_baseline
5362215	2023	3	1.0192525308751261	correct_baseline
5362215	2024	3	1.019775029081501	correct_baseline
5362573	2022	1	0.9848580699240352	correct_baseline
5362573	2023	1	0.9846580530426234	correct_baseline
5362573	2024	1	0.9841875763226894	correct_baseline
5363613	2022	3	1.088229871423887	correct_baseline
5363613	2023	3	1.0922177601700969	correct_baseline
5363613	2024	3	1.0960997927350757	correct_baseline
5363627	2022	1	0.7725808548630712	correct_baseline
5363627	2023	1	0.765894319802467	correct_baseline
5363627	2024	1	0.7591926825091211	correct_baseline
5365305	2022	1	0.9776165841114104	correct_baseline
5365305	2023	1	0.9761359832492174	correct_baseline
5365305	2024	1	0.9746501629846348	correct_baseline
5365705	2022	0	0.9033225782559002	correct_baseline
5365705	2023	0	0.868747567204649	correct_baseline
5365705	2024	0	0.8351789326670817	correct_baseline
5365717	2022	3	1.366195778985938	correct_baseline
5365717	2023	3	1.404255336198461	correct_baseline
5365717	2024	3	1.4422331350544844	correct_baseline
5367294	2022	3	1.142837448291016	correct_baseline
5367294	2023	3	1.14797411829317	correct_baseline
5367294	2024	3	1.1531274676216812	correct_baseline
5369784	2022	3	1.229401290573681	correct_baseline
5369784	2023	3	1.2363495246901928	correct_baseline
5369784	2024	3	1.2432731174669027	correct_baseline
5370006	2022	0	0.6450220419732358	correct_baseline
5370006	2023	0	0.48774680153035016	correct_baseline
5370006	2024	0	0.36211618758018227	correct_baseline
5370380	2022	3	1.0142312590743245	correct_baseline
5370380	2023	3	1.015057924343847	correct_baseline
5370380	2024	3	1.015844538230872	correct_baseline
5371450	2022	3	1.0645592628077825	correct_baseline
5371450	2023	3	1.068882773132046	correct_baseline
5371450	2024	3	1.0731077712446941	correct_baseline
5371605	2022			correct_baseline
5371605	2023			correct_baseline
5371605	2024			correct_baseline
5371655	2022			correct_baseline
5371655	2023			correct_baseline
5371655	2024			correct_baseline
5371699	2022			correct_baseline
5371699	2023			correct_baseline
5371699	2024			correct_baseline
5371702	2022	2	1.0718025955292723	correct_baseline
5371702	2023	0	0.9840675949921732	correct_baseline
5371702	2024	0	0.9014159592822071	correct_baseline
5371709	2022			correct_baseline
5371709	2023			correct_baseline
5371709	2024			correct_baseline
5371746	2022	1	0.9793865926677446	correct_baseline
5371746	2023	1	0.980543267169579	correct_baseline
5371746	2024	1	0.9816890405268041	correct_baseline
5371753	2022	3	1.2093288328474439	correct_baseline
5371753	2023	3	1.2337224944927625	correct_baseline
5371753	2024	3	1.256869488534379	correct_baseline
5371772	2022	3	1.0140097724927513	correct_baseline
5371772	2023	3	1.0156758538077253	correct_baseline
5371772	2024	3	1.0168133698768005	correct_baseline
5371808	2022	3	1.1029479354634677	correct_baseline
5371808	2023	3	1.102871064667434	correct_baseline
5371808	2024	3	1.1027880874452283	correct_baseline
5371889	2022	1	0.9254309959162865	correct_baseline
5371889	2023	1	0.9273776867249558	correct_baseline
5371889	2024	1	0.9292023937519135	correct_baseline
5372392	2022	3	1.06004349529339	correct_baseline
5372392	2023	3	1.0598505239586757	correct_baseline
5372392	2024	3	1.0594771426519582	correct_baseline
5372614	2022	1	0.7985988616609386	correct_baseline
5372614	2023	1	0.7932231222180892	correct_baseline
5372614	2024	1	0.7877966454698947	correct_baseline
5372639	2022	3	1.0280863637120135	correct_baseline
5372639	2023	1	1.0027746516554246	correct_baseline
5372639	2024	1	0.9771094696582557	correct_baseline
5372647	2022	1	0.9267477317154066	correct_baseline
5372647	2023	1	0.9237333183299656	correct_baseline
5372647	2024	1	0.9207208045926745	correct_baseline
5372655	2022	3	1.1892975398336545	correct_baseline
5372655	2023	3	1.2021736945539874	correct_baseline
5372655	2024	3	1.215045901819471	correct_baseline
5372875	2022			correct_baseline
5372875	2023			correct_baseline
5372875	2024			correct_baseline
5373124	2022			correct_baseline
5373124	2023			correct_baseline
5373124	2024			correct_baseline
5373160	2022	0	0.610213049539999	correct_baseline
5373160	2023	0	0.2515558569090897	correct_baseline
5373160	2024	0	0.09244521352129724	correct_baseline
5373324	2022	3	1.2957137953693367	correct_baseline
5373324	2023	3	1.3087606410179171	correct_baseline
5373324	2024	3	1.3216777704093616	correct_baseline
5373358	2022	3	1.367068033221923	correct_baseline
5373358	2023	3	1.3798621454136941	correct_baseline
5373358	2024	3	1.3923296726335823	correct_baseline
5373368	2022	3	1.0806720837940822	correct_baseline
5373368	2023	3	1.0742192292442818	correct_baseline
5373368	2024	3	1.0676006277686265	correct_baseline
5374118	2022	3	1.3781913633270964	correct_baseline
5374118	2023	3	1.405551509674462	correct_baseline
5374118	2024	3	1.433315226394243	correct_baseline
5374614	2022	1	0.9318879301739851	correct_baseline
5374614	2023	1	0.9298808751452377	correct_baseline
5374614	2024	1	0.9278741247796617	correct_baseline
5374672	2022	3	1.075349062385774	correct_baseline
5374672	2023	3	1.076222044639236	correct_baseline
5374672	2024	3	1.0766721207797274	correct_baseline
5374922	2022	1	0.6370939580970036	correct_baseline
5374922	2023	1	0.6276285157256517	correct_baseline
5374922	2024	1	0.6182843023034094	correct_baseline
5375012	2022			correct_baseline
5375012	2023			correct_baseline
5375012	2024			correct_baseline
5375920	2022	3	1.1864429945305681	correct_baseline
5375920	2023	3	1.1947060502134959	correct_baseline
5375920	2024	3	1.202960221719199	correct_baseline
5376179	2022			correct_baseline
5376179	2023			correct_baseline
5376179	2024			correct_baseline
5376309	2022			correct_baseline
5376309	2023			correct_baseline
5376309	2024			correct_baseline
5376565	2022	1	0.8968023529497255	correct_baseline
5376565	2023	1	0.8938767021821034	correct_baseline
5376565	2024	1	0.8909512650110395	correct_baseline
5376648	2022	3	1.1342704030951025	correct_baseline
5376648	2023	3	1.1383245249478575	correct_baseline
5376648	2024	3	1.1423122049837722	correct_baseline
5376692	2022	3	1.1671967053549297	correct_baseline
5376692	2023	3	1.1718130159118847	correct_baseline
5376692	2024	3	1.1764268925749606	correct_baseline
5376961	2022	3	1.1191260733086192	correct_baseline
5376961	2023	3	1.1214630890616524	correct_baseline
5376961	2024	3	1.1234901351538404	correct_baseline
5377060	2022	3	1.1704499267970714	correct_baseline
5377060	2023	3	1.182082869876379	correct_baseline
5377060	2024	3	1.1935906842531607	correct_baseline
5377064	2022	3	1.0174155943297127	correct_baseline
5377064	2023	3	1.0168756339601108	correct_baseline
5377064	2024	3	1.0163287887208061	correct_baseline
5377163	2022			correct_baseline
5377163	2023			correct_baseline
5377163	2024			correct_baseline
5377303	2022	3	1.0558233018677756	correct_baseline
5377303	2023	3	1.058525733274546	correct_baseline
5377303	2024	3	1.0612212287911265	correct_baseline
5377378	2022			correct_baseline
5377378	2023			correct_baseline
5377378	2024			correct_baseline
5377778	2022	3	1.0175469223868472	correct_baseline
5377778	2023	3	1.0281535282172964	correct_baseline
5377778	2024	3	1.0378635934172638	correct_baseline
5383936	2022	0	0.7820876261089316	correct_baseline
5383936	2023	0	0.7715117341330513	correct_baseline
5383936	2024	0	0.7610372570065935	correct_baseline
5383969	2022	3	1.0716051760594434	correct_baseline
5383969	2023	3	1.0743282642244807	correct_baseline
5383969	2024	3	1.0769891176482091	correct_baseline
5383971	2022			correct_baseline
5383971	2023			correct_baseline
5383971	2024			correct_baseline
5384334	2022	1	0.7645103387644405	correct_baseline
5384334	2023	1	0.7580670529598219	correct_baseline
5384334	2024	1	0.7516690633567534	correct_baseline
5384361	2022	1	0.8723498446377267	correct_baseline
5384361	2023	1	0.8615815993091116	correct_baseline
5384361	2024	1	0.8507946077065308	correct_baseline
5384364	2022	3	1.2621382155836776	correct_baseline
5384364	2023	3	1.2885694300918973	correct_baseline
5384364	2024	3	1.315165277585311	correct_baseline
5384390	2022	3	1.0593226150030222	correct_baseline
5384390	2023	3	1.0745557186790058	correct_baseline
5384390	2024	3	1.0872758823640718	correct_baseline
5384395	2022	3	1.038629179117	correct_baseline
5384395	2023	3	1.0415201598329096	correct_baseline
5384395	2024	3	1.0439610420307537	correct_baseline
5384396	2022	1	0.9949161966128675	correct_baseline
5384396	2023	1	0.9995028612987443	correct_baseline
5384396	2024	1	1.0034082451720387	correct_baseline
5384466	2022			correct_baseline
5384466	2023			correct_baseline
5384466	2024			correct_baseline
5384741	2022	3	1.314307425145563	correct_baseline
5384741	2023	3	1.3222147472734918	correct_baseline
5384741	2024	3	1.3298633568415832	correct_baseline
5384818	2022	1	0.9159676473609003	correct_baseline
5384818	2023	1	0.9117861252451591	correct_baseline
5384818	2024	1	0.9075480675074936	correct_baseline
5384848	2022	3	1.0684479862944603	correct_baseline
5384848	2023	3	1.0690642801198682	correct_baseline
5384848	2024	3	1.0695815992677273	correct_baseline
5384931	2022	3	1.1936870189900812	correct_baseline
5384931	2023	3	1.2125495644364845	correct_baseline
5384931	2024	3	1.2289469370431745	correct_baseline
5384932	2022	3	1.172801876664033	correct_baseline
5384932	2023	3	1.2089148704381567	correct_baseline
5384932	2024	3	1.2399592991556454	correct_baseline
5384950	2022			correct_baseline
5384950	2023			correct_baseline
5384950	2024			correct_baseline
5386938	2022	3	1.241857300539951	correct_baseline
5386938	2023	3	1.252704575076582	correct_baseline
5386938	2024	3	1.2635364236453193	correct_baseline
5387639	2022	3	1.4709976490816472	correct_baseline
5387639	2023	3	1.436708244519126	correct_baseline
5387639	2024	3	1.3167964285805616	correct_baseline
5388595	2022	3	1.0513441224016113	correct_baseline
5388595	2023	3	1.0553593919481312	correct_baseline
5388595	2024	3	1.0592241559698168	correct_baseline
5389017	2022	3	1.2376276336564085	correct_baseline
5389017	2023	3	1.239753080108628	correct_baseline
5389017	2024	3	1.2416297712594913	correct_baseline
5389029	2022	3	1.042256340397958	correct_baseline
5389029	2023	3	1.0410520141502817	correct_baseline
5389029	2024	3	1.0396891046185208	correct_baseline
5389173	2022	3	1.0220551140366103	correct_baseline
5389173	2023	3	1.02276999967837	correct_baseline
5389173	2024	3	1.0234151686455082	correct_baseline
5390636	2022	1	0.7925593251210558	correct_baseline
5390636	2023	1	0.7827546954555453	correct_baseline
5390636	2024	1	0.773017675276426	correct_baseline
5391480	2022	3	1.267738700669458	correct_baseline
5391480	2023	3	1.2742403457078495	correct_baseline
5391480	2024	3	1.2807573869325832	correct_baseline
5391599	2022	1	0.7040171251299546	correct_baseline
5391599	2023	1	0.6958954288500893	correct_baseline
5391599	2024	1	0.687420945655378	correct_baseline
5392083	2022	0	0.643820630116487	correct_baseline
5392083	2023	0	0.6165433182619058	correct_baseline
5392083	2024	0	0.5901656375856442	correct_baseline
5392145	2022	1	0.987096350026348	correct_baseline
5392145	2023	1	0.9876981800027335	correct_baseline
5392145	2024	1	0.988227192284724	correct_baseline
5392174	2022	3	1.2108642936866787	correct_baseline
5392174	2023	3	1.2225635994014232	correct_baseline
5392174	2024	3	1.2341510792097232	correct_baseline
5392243	2022	3	1.1744079427404708	correct_baseline
5392243	2023	3	1.181440063119877	correct_baseline
5392243	2024	3	1.1884715329935767	correct_baseline
5392683	2022	3	1.1259818496397238	correct_baseline
5392683	2023	3	1.1332657289878163	correct_baseline
5392683	2024	3	1.1405601951641327	correct_baseline
5392859	2022	3	1.2919325554066827	correct_baseline
5392859	2023	3	1.3318464979895255	correct_baseline
5392859	2024	3	1.369959579279324	correct_baseline
5392883	2022	3	1.0327548487085128	correct_baseline
5392883	2023	3	1.0387679600135276	correct_baseline
5392883	2024	3	1.0447711741769645	correct_baseline
5395475	2022			correct_baseline
5395475	2023			correct_baseline
5395475	2024			correct_baseline
5396125	2022			correct_baseline
5396125	2023			correct_baseline
5396125	2024			correct_baseline
5396474	2022	1	0.8823789879350584	correct_baseline
5396474	2023	1	0.8881229242492577	correct_baseline
5396474	2024	1	0.8925380959260313	correct_baseline
5400552	2022			correct_baseline
5400552	2023			correct_baseline
5400552	2024			correct_baseline
5401007	2022	1	0.8209032250451462	correct_baseline
5401007	2023	1	0.7745874876617166	correct_baseline
5401007	2024	1	0.7289671177367637	correct_baseline
5401760	2022	1	0.9904678845058746	correct_baseline
5401760	2023	1	0.9928549574457347	correct_baseline
5401760	2024	1	0.9951924493457404	correct_baseline
5403272	2022	1	0.6166568731170436	correct_baseline
5403272	2023	1	0.596149232636185	correct_baseline
5403272	2024	1	0.5750763648709737	correct_baseline
5403541	2022			correct_baseline
5403541	2023			correct_baseline
5403541	2024			correct_baseline
5406741	2022	1	0.7939497117897535	correct_baseline
5406741	2023	1	0.7874935426953366	correct_baseline
5406741	2024	1	0.7810791974326321	correct_baseline
5406789	2022	3	1.2616509803210163	correct_baseline
5406789	2023	3	1.2639506071341051	correct_baseline
5406789	2024	3	1.2660762508054872	correct_baseline
5407810	2022	3	1.214983398467392	correct_baseline
5407810	2023	3	1.2633142834017883	correct_baseline
5407810	2024	3	1.3099597386478754	correct_baseline
5408087	2022	3	1.234782590877035	correct_baseline
5408087	2023	3	1.2389401116674417	correct_baseline
5408087	2024	3	1.243032596439846	correct_baseline
5408682	2022	3	1.2816976721472022	correct_baseline
5408682	2023	3	1.3123477553817455	correct_baseline
5408682	2024	3	1.3419597742397544	correct_baseline
5409120	2022			correct_baseline
5409120	2023			correct_baseline
5409120	2024			correct_baseline
5410151	2022	3	1.3650005183635847	correct_baseline
5410151	2023	3	1.3695987113576995	correct_baseline
5410151	2024	3	1.3737662482406496	correct_baseline
5410210	2022	1	0.7630139419277802	correct_baseline
5410210	2023	1	0.7526679939103815	correct_baseline
5410210	2024	1	0.7420919253674638	correct_baseline
5410411	2022	3	1.3578706800254112	correct_baseline
5410411	2023	3	1.3701729281415242	correct_baseline
5410411	2024	3	1.3825184823798984	correct_baseline
5410826	2022			correct_baseline
5410826	2023			correct_baseline
5410826	2024			correct_baseline
5411408	2022	3	1.0327724715193602	correct_baseline
5411408	2023	3	1.0351130441497347	correct_baseline
5411408	2024	3	1.037439502421725	correct_baseline
5414239	2022	3	1.0157311945172587	correct_baseline
5414239	2023	1	0.975715666678319	correct_baseline
5414239	2024	1	0.9364637084340468	correct_baseline
5414551	2022			correct_baseline
5414551	2023			correct_baseline
5414551	2024			correct_baseline
5414932	2022			correct_baseline
5414932	2023			correct_baseline
5414932	2024			correct_baseline
5414959	2022			correct_baseline
5414959	2023			correct_baseline
5414959	2024			correct_baseline
5415012	2022	3	1.061290335917037	correct_baseline
5415012	2023	1	1.0025361346217982	correct_baseline
5415012	2024	1	0.9447267150935168	correct_baseline
5415016	2022	3	1.336841853451591	correct_baseline
5415016	2023	3	1.360477182174685	correct_baseline
5415016	2024	3	1.3841827082280986	correct_baseline
5415039	2022	3	1.1421846448031043	correct_baseline
5415039	2023	3	1.1459535833745613	correct_baseline
5415039	2024	3	1.1497252836316	correct_baseline
5415054	2022	1	0.8705919183020395	correct_baseline
5415054	2023	1	0.8653065809737429	correct_baseline
5415054	2024	1	0.8600235962637969	correct_baseline
5415453	2022			correct_baseline
5415453	2023			correct_baseline
5415453	2024			correct_baseline
5415455	2022	0	0.6828568794902727	correct_baseline
5415455	2023	0	0.37718643549845404	correct_baseline
5415455	2024	0	0.19065572401715125	correct_baseline
5415463	2022			correct_baseline
5415463	2023			correct_baseline
5415463	2024			correct_baseline
5420957	2022			correct_baseline
5420957	2023			correct_baseline
5420957	2024			correct_baseline
5420978	2022			correct_baseline
5420978	2023			correct_baseline
5420978	2024			correct_baseline
5420991	2022	1	0.8691343736261085	correct_baseline
5420991	2023	1	0.8437195600790257	correct_baseline
5420991	2024	1	0.8173297690364036	correct_baseline
5421039	2022	2	1.0570197187229324	correct_baseline
5421039	2023	0	0.96473066068403035	correct_baseline
5421039	2024	0	0.8789376755275016	correct_baseline
5421180	2022	1	0.9616388376336674	correct_baseline
5421180	2023	1	0.957734793515433	correct_baseline
5421180	2024	1	0.9522176843850235	correct_baseline
5530829	2022			correct_baseline
5530829	2023			correct_baseline
5530829	2024			correct_baseline
5530881	2022	1	1.008770390345849	correct_baseline
5530881	2023	3	1.010443484395846	correct_baseline
5530881	2024	3	1.0120814474882256	correct_baseline
5533814	2022			correct_baseline
5533814	2023			correct_baseline
5533814	2024			correct_baseline
5538946	2022	1	0.8550582644636243	correct_baseline
5538946	2023	1	0.8461970893417095	correct_baseline
5538946	2024	1	0.8334255303064916	correct_baseline
5549949	2022			correct_baseline
5549949	2023			correct_baseline
5549949	2024			correct_baseline
5551241	2022	1	0.9642277351785888	correct_baseline
5551241	2023	1	0.8303561838023333	correct_baseline
5551241	2024	1	0.7086485678829355	correct_baseline
5554574	2022	1	0.7981421220386793	correct_baseline
5554574	2023	1	0.7882209167174771	correct_baseline
5554574	2024	1	0.7782396875343437	correct_baseline
5561475	2022	3	1.0538814086044483	correct_baseline
5561475	2023	3	1.0410117380350936	correct_baseline
5561475	2024	3	1.027760112396746	correct_baseline
5567694	2022	1	0.8385273892734832	correct_baseline
5567694	2023	1	0.8274543025880888	correct_baseline
5567694	2024	1	0.8163760761337238	correct_baseline
5568339	2022	3	1.0655972651155778	correct_baseline
5568339	2023	3	1.067778027836365	correct_baseline
5568339	2024	3	1.0699360961587132	correct_baseline
5568428	2022	1	0.9719247261091063	correct_baseline
5568428	2023	1	0.9807685457156176	correct_baseline
5568428	2024	1	0.9834659078040032	correct_baseline
5568446	2022	3	1.0766398813673492	correct_baseline
5568446	2023	3	1.079594788541103	correct_baseline
5568446	2024	3	1.0825527128178096	correct_baseline
5582033	2022	3	1.0214424687315953	correct_baseline
5582033	2023	3	1.0244388009077807	correct_baseline
5582033	2024	3	1.0247444727531918	correct_baseline
5584240	2022			correct_baseline
5584240	2023			correct_baseline
5584240	2024			correct_baseline
5584611	2022			correct_baseline
5584611	2023			correct_baseline
5584611	2024			correct_baseline
5587240	2022	1	0.9924617804271365	correct_baseline
5587240	2023	1	0.9936049610384151	correct_baseline
5587240	2024	1	0.9945086814453937	correct_baseline
5598598	2022	1	0.9367645388900095	correct_baseline
5598598	2023	1	0.830677255501733	correct_baseline
5598598	2024	1	0.7249787075479168	correct_baseline
5598839	2022			correct_baseline
5598839	2023			correct_baseline
5598839	2024			correct_baseline
5598915	2022	0	0.9378968016465286	correct_baseline
5598915	2023	0	0.9042871880322164	correct_baseline
5598915	2024	0	0.8710200041985418	correct_baseline
5671747	2022	1	0.9739892238234751	correct_baseline
5671747	2023	1	0.943262722961554	correct_baseline
5671747	2024	1	0.9129536979867774	correct_baseline
5676646	2022	1	0.8261724776713818	correct_baseline
5676646	2023	1	0.7896648567343526	correct_baseline
5676646	2024	1	0.7521192178663393	correct_baseline
5701337	2022			correct_baseline
5701337	2023			correct_baseline
5701337	2024			correct_baseline
5712981	2022			correct_baseline
5712981	2023			correct_baseline
5712981	2024			correct_baseline
5806954	2022	3	1.4208707847408595	correct_baseline
5806954	2023	3	1.4486550625575687	correct_baseline
5806954	2024	3	1.4764483199835607	correct_baseline
5825913	2022	1	0.9691329898855864	correct_baseline
5825913	2023	1	0.9674384006903735	correct_baseline
5825913	2024	1	0.9657302403602581	correct_baseline
5828216	2022	0	0.7140035142818634	correct_baseline
5828216	2023	0	0.6422485784153674	correct_baseline
5828216	2024	0	0.5758942404056854	correct_baseline
5831060	2022	0	0.7018655679425361	correct_baseline
5831060	2023	0	0.4636497547856168	correct_baseline
5831060	2024	0	0.2976479085412786	correct_baseline
5846290	2022	3	1.0271935211247551	correct_baseline
5846290	2023	3	1.0426743977975808	correct_baseline
5846290	2024	3	1.058099512543689	correct_baseline
5851603	2022	3	1.2958737782778411	basic
5851603	2023	3	1.3595791358545974	basic
5851603	2024	3	1.421940015123837	basic
5864277	2022			correct_baseline
5864277	2023			correct_baseline
5864277	2024			correct_baseline
5892120	2022			basic
5892120	2023			basic
5892120	2024			basic
5930559	2022	3	1.11190312364844	correct_baseline
5930559	2023	3	1.0995693267841602	correct_baseline
5930559	2024	3	1.0867148743651214	correct_baseline
5959231	2022	1	1.0075112195677556	correct_baseline
5959231	2023	1	0.9659493668512004	correct_baseline
5959231	2024	1	0.925364409387124	correct_baseline
6027089	2022	3	1.4080696741003704	correct_baseline
6027089	2023	3	1.4320334073741015	correct_baseline
6027089	2024	3	1.4540247864383589	correct_baseline
6027176	2022			correct_baseline
6027176	2023			correct_baseline
6027176	2024			correct_baseline
6085036	2022	3	1.1118066051089606	correct_baseline
6085036	2023	3	1.1183188032400657	correct_baseline
6085036	2024	3	1.1248430671236744	correct_baseline
6096602	2022	3	1.1368041490926215	correct_baseline
6096602	2023	3	1.1404139324018465	correct_baseline
6096602	2024	3	1.1438807925211658	correct_baseline
6098843	2022	2	1.2527354916880693	correct_baseline
6098843	2023	0	0.9530548097850591	correct_baseline
6098843	2024	0	0.7036883101015332	correct_baseline
6100941	2022			correct_baseline
6100941	2023			correct_baseline
6100941	2024			correct_baseline
6100962	2022			correct_baseline
6100962	2023			correct_baseline
6100962	2024			correct_baseline
6101223	2022			correct_baseline
6101223	2023			correct_baseline
6101223	2024			correct_baseline
6101224	2022			correct_baseline
6101224	2023			correct_baseline
6101224	2024			correct_baseline
6109534	2022	3	1.105538121844615	correct_baseline
6109534	2023	3	1.1121219409624958	correct_baseline
6109534	2024	3	1.1185657114688168	correct_baseline
6109535	2022	3	1.0427366457964957	correct_baseline
6109535	2023	3	1.0443597248877483	correct_baseline
6109535	2024	3	1.045824977461025	correct_baseline
6109611	2022	3	1.2469775120679876	correct_baseline
6109611	2023	3	1.2615285608115183	correct_baseline
6109611	2024	3	1.2752532787057709	correct_baseline
6109637	2022	3	1.1562047230370636	correct_baseline
6109637	2023	3	1.1624851728767418	correct_baseline
6109637	2024	3	1.1687921968919441	correct_baseline
6109699	2022	0	0.6952348021553705	correct_baseline
6109699	2023	0	0.4062056879575045	correct_baseline
6109699	2024	0	0.22195798169485675	correct_baseline
6132234	2022			correct_baseline
6132234	2023			correct_baseline
6132234	2024			correct_baseline
6157026	2022	0	0.6852428650280702	correct_baseline
6157026	2023	0	0.6692620531488485	correct_baseline
6157026	2024	0	0.6536418896337396	correct_baseline
6157035	2022	0	0.6191241517349819	correct_baseline
6157035	2023	0	0.5234305017048696	correct_baseline
6157035	2024	0	0.43992761780251566	correct_baseline
6161327	2022			correct_baseline
6161327	2023			correct_baseline
6161327	2024			correct_baseline
6164210	2022			correct_baseline
6164210	2023			correct_baseline
6164210	2024			correct_baseline
6300805	2022	1	0.7861094017510272	correct_baseline
6300805	2023	1	0.7692789591267476	correct_baseline
6300805	2024	1	0.7524712201096908	correct_baseline
6362904	2022	1	0.9198236899039958	correct_baseline
6362904	2023	1	0.9147306503979354	correct_baseline
6362904	2024	1	0.9096437080522918	correct_baseline
6363863	2022			correct_baseline
6363863	2023			correct_baseline
6363863	2024			correct_baseline
6369819	2022	1	0.6709007879645164	correct_baseline
6369819	2023	1	0.6582613520624555	correct_baseline
6369819	2024	1	0.6419574422980905	correct_baseline
6374953	2022			correct_baseline
6374953	2023			correct_baseline
6374953	2024			correct_baseline
6376340	2022	3	1.0398848701177852	correct_baseline
6376340	2023	3	1.0394965428566805	correct_baseline
6376340	2024	3	1.0389254617774488	correct_baseline
6387003	2022	0	0.9706308257876184	correct_baseline
6387003	2023	0	0.888169183785125	correct_baseline
6387003	2024	0	0.8097679596573378	correct_baseline
6391417	2022	1	1.0050950685699895	correct_baseline
6391417	2023	3	1.014084825919671	correct_baseline
6391417	2024	3	1.0225765179289037	correct_baseline
6409536	2022	0	0.6200701439379278	correct_baseline
6409536	2023	0	0.609709436826986	correct_baseline
6409536	2024	0	0.5995031578390642	correct_baseline
6411098	2022	0	0.8470043605877836	correct_baseline
6411098	2023	0	0.8379371436344126	correct_baseline
6411098	2024	0	0.8289600936458298	correct_baseline
6443709	2022	3	1.1531695135768465	correct_baseline
6443709	2023	3	1.157443590970044	correct_baseline
6443709	2024	3	1.1614972661372378	correct_baseline
6449041	2022	1	0.797164157550652	correct_baseline
6449041	2023	1	0.79263651092959	correct_baseline
6449041	2024	1	0.7881279475792503	correct_baseline
6476679	2022	3	1.1665979196570502	basic
6476679	2023	3	1.3243538784058584	basic
6476679	2024	3	1.3797689054384399	basic
6550091	2022	1	0.7790809831556288	correct_baseline
6550091	2023	1	0.7671375991080458	correct_baseline
6550091	2024	1	0.7518738217680683	correct_baseline
7062200	2022	0	0.8628585033414921	correct_baseline
7062200	2023	0	0.8370246047812472	correct_baseline
7062200	2024	0	0.8118408269918491	correct_baseline
7068379	2022	1	0.8903584275204957	correct_baseline
7068379	2023	1	0.8784933416561881	correct_baseline
7068379	2024	1	0.8666252792818554	correct_baseline
7068845	2022	1	0.9575700874535372	correct_baseline
7068845	2023	1	0.9566592294446613	correct_baseline
7068845	2024	1	0.9557106056306184	correct_baseline
7095665	2022	3	1.0312824147989983	correct_baseline
7095665	2023	3	1.0487026199201155	correct_baseline
7095665	2024	3	1.0661464279310395	correct_baseline
7102937	2022	1	0.9018514476016917	correct_baseline
7102937	2023	1	0.7739436518069307	correct_baseline
7102937	2024	1	0.6491220932239639	correct_baseline
7111792	2022	1	0.941797289383627	correct_baseline
7111792	2023	1	0.9427021933447104	correct_baseline
7111792	2024	1	0.9433768836457879	correct_baseline
7127354	2022	0	0.8986179322104011	correct_baseline
7127354	2023	0	0.49290805720168773	correct_baseline
7127354	2024	0	0.21790970404698382	correct_baseline
7127810	2022	0	0.8947294600482004	correct_baseline
7127810	2023	0	0.5804593077457119	correct_baseline
7127810	2024	0	0.35384240512681736	correct_baseline
7135755	2022	3	1.2006495589842603	correct_baseline
7135755	2023	3	1.2116656788795155	correct_baseline
7135755	2024	3	1.2227221987137578	correct_baseline
7156971	2022			correct_baseline
7156971	2023			correct_baseline
7156971	2024			correct_baseline
7157952	2022			correct_baseline
7157952	2023			correct_baseline
7157952	2024			correct_baseline
7158449	2022			correct_baseline
7158449	2023			correct_baseline
7158449	2024			correct_baseline
7162908	2022			correct_baseline
7162908	2023			correct_baseline
7162908	2024			correct_baseline
7172720	2022			correct_baseline
7172720	2023			correct_baseline
7172720	2024			correct_baseline
7172831	2022			correct_baseline
7172831	2023			correct_baseline
7172831	2024			correct_baseline
7224157	2022	1	0.9008702875626369	correct_baseline
7224157	2023	1	0.8983873130629039	correct_baseline
7224157	2024	1	0.8959067231671848	correct_baseline
7224427	2022	0	0.8201222433615841	correct_baseline
7224427	2023	0	0.812416984008766	correct_baseline
7224427	2024	0	0.8047777895727046	correct_baseline
7225471	2022	1	0.9612563010684765	correct_baseline
7225471	2023	1	0.9568206154361192	correct_baseline
7225471	2024	1	0.9521854398544188	correct_baseline
7226776	2022	2	0.8645716476791832	correct_baseline
7226776	2023	2	0.8923019642965053	correct_baseline
7226776	2024	2	0.9202764214632446	correct_baseline
7226794	2022	0	0.7759598244600285	correct_baseline
7226794	2023	0	0.76559820324751	correct_baseline
7226794	2024	0	0.7553109018329022	correct_baseline
7263145	2022			correct_baseline
7263145	2023			correct_baseline
7263145	2024			correct_baseline
7266343	2022	1	0.5989164313300159	correct_baseline
7266343	2023	1	0.5070687601533905	correct_baseline
7266343	2024	1	0.42669587019097355	correct_baseline
7267630	2022			correct_baseline
7267630	2023			correct_baseline
7267630	2024			correct_baseline
7291264	2022	3	1.1322852453051093	correct_baseline
7291264	2023	3	1.071096870717898	correct_baseline
7291264	2024	3	1.0121203970173351	correct_baseline
7291643	2022			correct_baseline
7291643	2023			correct_baseline
7291643	2024			correct_baseline
7298987	2022			correct_baseline
7298987	2023			correct_baseline
7298987	2024			correct_baseline
7303104	2022			correct_baseline
7303104	2023			correct_baseline
7303104	2024			correct_baseline
7307327	2022	3	1.2088177705525966	correct_baseline
7307327	2023	3	1.2377974391795288	correct_baseline
7307327	2024	3	1.258152562481193	correct_baseline
7308335	2022	1	0.90136684582229	correct_baseline
7308335	2023	1	0.8988125711391871	correct_baseline
7308335	2024	1	0.8962539347446578	correct_baseline
7309012	2022			correct_baseline
7309012	2023			correct_baseline
7309012	2024			correct_baseline
7315063	2022	3	1.1563910623980926	correct_baseline
7315063	2023	3	1.1647081021454029	correct_baseline
7315063	2024	3	1.1730351577810016	correct_baseline
7315072	2022	3	1.1786102978547857	correct_baseline
7315072	2023	3	1.1853537299186185	correct_baseline
7315072	2024	3	1.1920349287126908	correct_baseline
7315286	2022	1	0.9502282368483399	correct_baseline
7315286	2023	1	0.9277917073106459	correct_baseline
7315286	2024	1	0.9054332544225224	correct_baseline
7319302	2022	1	0.9170836537375175	correct_baseline
7319302	2023	1	0.9148752732773792	correct_baseline
7319302	2024	1	0.9126604638530408	correct_baseline
7322292	2022	1	0.9041977108536436	correct_baseline
7322292	2023	1	0.9159087615086335	correct_baseline
7322292	2024	1	0.9233728647780203	correct_baseline
7322529	2022	2	0.9326139377696855	correct_baseline
7322529	2023	2	0.9578284037225321	correct_baseline
7322529	2024	2	0.9826468007236729	correct_baseline
7325877	2022			correct_baseline
7325877	2023			correct_baseline
7325877	2024			correct_baseline
7327990	2022	3	1.1304986287003531	correct_baseline
7327990	2023	3	1.1392903558768188	correct_baseline
7327990	2024	3	1.1477614862632197	correct_baseline
7331861	2022	1	0.8474012723951739	correct_baseline
7331861	2023	1	0.840171440600187	correct_baseline
7331861	2024	1	0.8329441304321652	correct_baseline
7332415	2022	3	1.2007714889073255	correct_baseline
7332415	2023	3	1.2419576579024565	correct_baseline
7332415	2024	3	1.2821476435120205	correct_baseline
7334368	2022			correct_baseline
7334368	2023			correct_baseline
7334368	2024			correct_baseline
7344766	2022			correct_baseline
7344766	2023			correct_baseline
7344766	2024			correct_baseline
7346102	2022	3	1.125856918423654	correct_baseline
7346102	2023	3	1.1271511952979572	correct_baseline
7346102	2024	3	1.1283430993342713	correct_baseline
7350989	2022	1	0.7853987687457823	correct_baseline
7350989	2023	1	0.7757985729777019	correct_baseline
7350989	2024	1	0.7662745694279113	correct_baseline
7358677	2022	1	0.8333360579341719	correct_baseline
7358677	2023	1	0.7803221410502532	correct_baseline
7358677	2024	1	0.7244819008660508	correct_baseline
7358948	2022	3	1.1654498594488754	correct_baseline
7358948	2023	3	1.2103312968585005	correct_baseline
7358948	2024	3	1.2565047165562184	correct_baseline
7393329	2022			correct_baseline
7393329	2023			correct_baseline
7393329	2024			correct_baseline
7400250	2022	1	0.9657789548598711	correct_baseline
7400250	2023	1	0.9509990529099028	correct_baseline
7400250	2024	1	0.9361523921149093	correct_baseline
7403263	2022	3	1.0423892368405219	correct_baseline
7403263	2023	3	1.0424081442142525	correct_baseline
7403263	2024	3	1.0424088444002537	correct_baseline
7409013	2022	0	0.7519871704562265	correct_baseline
7409013	2023	0	0.741724477007248	correct_baseline
7409013	2024	0	0.7315875155804601	correct_baseline
7427542	2022			correct_baseline
7427542	2023			correct_baseline
7427542	2024			correct_baseline
7433196	2022	3	1.2546390366920606	correct_baseline
7433196	2023	3	1.2874165630256538	correct_baseline
7433196	2024	3	1.318433176989442	correct_baseline
7437751	2022	1	0.8999384019266999	correct_baseline
7437751	2023	1	0.8349206100479866	correct_baseline
7437751	2024	1	0.7679937164552465	correct_baseline
7443846	2022	3	1.103813279518677	correct_baseline
7443846	2023	3	1.1094173434565606	correct_baseline
7443846	2024	3	1.1149762675320951	correct_baseline
7461690	2022			correct_baseline
7461690	2023			correct_baseline
7461690	2024			correct_baseline
7466434	2022	3	1.1539999454645848	correct_baseline
7466434	2023	3	1.1589765580057019	correct_baseline
7466434	2024	3	1.1638409021779705	correct_baseline
7520678	2022			correct_baseline
7520678	2023			correct_baseline
7520678	2024			correct_baseline
7540164	2022	0	0.5038368892087977	correct_baseline
7540164	2023	0	0.4527771128920266	correct_baseline
7540164	2024	0	0.4068376393918093	correct_baseline
7544073	2022			correct_baseline
7544073	2023			correct_baseline
7544073	2024			correct_baseline
7560711	2022			correct_baseline
7560711	2023			correct_baseline
7560711	2024			correct_baseline
7564934	2022			correct_baseline
7564934	2023			correct_baseline
7564934	2024			correct_baseline
7619206	2022			correct_baseline
7619206	2023			correct_baseline
7619206	2024			correct_baseline
7627205	2022	3	1.0288529176385481	correct_baseline
7627205	2023	3	1.0305089825988387	correct_baseline
7627205	2024	3	1.0316597982196647	correct_baseline
7636833	2022			correct_baseline
7636833	2023			correct_baseline
7636833	2024			correct_baseline
7645931	2022	0	0.6805074370832969	correct_baseline
7645931	2023	0	0.6700709577252282	correct_baseline
7645931	2024	0	0.6597512107663661	correct_baseline
7671397	2022	3	1.1243082713730432	correct_baseline
7671397	2023	3	1.130971587391656	correct_baseline
7671397	2024	3	1.1373542124439122	correct_baseline
7678610	2022	3	1.289016767086167	correct_baseline
7678610	2023	3	1.3088763087728226	correct_baseline
7678610	2024	3	1.3285331193105159	correct_baseline
7681436	2022	0	0.9918208794921993	correct_baseline
7681436	2023	0	0.8551738499834022	correct_baseline
7681436	2024	0	0.7280668306433216	correct_baseline
7695021	2022			correct_baseline
7695021	2023			correct_baseline
7695021	2024			correct_baseline
7732986	2022	0	0.8596826148143843	correct_baseline
7732986	2023	0	0.851707354307768	correct_baseline
7732986	2024	0	0.8437998590946958	correct_baseline
7733140	2022	3	1.182685647635955	correct_baseline
7733140	2023	3	1.191942438430149	correct_baseline
7733140	2024	3	1.2011963451604322	correct_baseline
7738766	2022	0	0.7272402621925358	correct_baseline
7738766	2023	0	0.7037377742006807	correct_baseline
7738766	2024	0	0.6807657972837465	correct_baseline
7740617	2022			correct_baseline
7740617	2023			correct_baseline
7740617	2024			correct_baseline
7747216	2022	1	0.8977495171399164	correct_baseline
7747216	2023	1	0.8775363362741883	correct_baseline
7747216	2024	1	0.8575564859378577	correct_baseline
7749287	2022	1	0.9228837947030256	correct_baseline
7749287	2023	1	0.9315287281506759	correct_baseline
7749287	2024	1	0.940030770379305	correct_baseline
7753992	2022			correct_baseline
7753992	2023			correct_baseline
7753992	2024			correct_baseline
7763534	2022	3	1.0995571160491053	correct_baseline
7763534	2023	3	1.0759749277169868	correct_baseline
7763534	2024	3	1.0516936704832562	correct_baseline
7764700	2022	0	0.8665498190828215	correct_baseline
7764700	2023	0	0.8490327161962912	correct_baseline
7764700	2024	0	0.8317387872226999	correct_baseline
7790614	2022			correct_baseline
7790614	2023			correct_baseline
7790614	2024			correct_baseline
7795888	2022	3	1.1970306163854056	correct_baseline
7795888	2023	3	1.203236001676504	correct_baseline
7795888	2024	3	1.2094615966253885	correct_baseline
7802465	2022	3	1.2005696721419628	correct_baseline
7802465	2023	3	1.1640575086526996	correct_baseline
7802465	2024	3	1.1270053138907021	correct_baseline
7810918	2022	3	1.059337865513139	correct_baseline
7810918	2023	3	1.0616969988404006	correct_baseline
7810918	2024	3	1.0640309935867849	correct_baseline
7818643	2022	1	0.9744052109106651	correct_baseline
7818643	2023	1	0.9799709024639982	correct_baseline
7818643	2024	1	0.9848472313101495	correct_baseline
7820753	2022	1	0.9023668668235638	correct_baseline
7820753	2023	1	0.8780713633089355	correct_baseline
7820753	2024	1	0.8543607216207125	correct_baseline
7828157	2022	3	1.020703711703856	correct_baseline
7828157	2023	3	1.022785247989511	correct_baseline
7828157	2024	3	1.0248388440448823	correct_baseline
7844167	2022	3	1.1481687908457625	correct_baseline
7844167	2023	3	1.1543985024047627	correct_baseline
7844167	2024	3	1.1605579196586129	correct_baseline
7855120	2022			correct_baseline
7855120	2023			correct_baseline
7855120	2024			correct_baseline
7881150	2022	1	0.9825967563957225	correct_baseline
7881150	2023	1	0.9553368711774665	correct_baseline
7881150	2024	1	0.9283742910408536	correct_baseline
7889822	2022	0	0.7736370712138895	correct_baseline
7889822	2023	0	0.7468196570468983	correct_baseline
7889822	2024	0	0.72006178249424	correct_baseline
7901652	2022	3	1.1577516271580435	correct_baseline
7901652	2023	3	1.1607270437833725	correct_baseline
7901652	2024	3	1.1598825967600932	correct_baseline
7902463	2022			correct_baseline
7902463	2023			correct_baseline
7902463	2024			correct_baseline
7903057	2022	3	1.1425595825071764	correct_baseline
7903057	2023	3	1.1525601542958703	correct_baseline
7903057	2024	3	1.1623133914499961	correct_baseline
7903764	2022	3	1.0496782622183054	correct_baseline
7903764	2023	3	1.0413094397513665	correct_baseline
7903764	2024	3	1.029741041572365	correct_baseline
7905507	2022			correct_baseline
7905507	2023			correct_baseline
7905507	2024			correct_baseline
7915783	2022	3	1.0169061556414813	correct_baseline
7915783	2023	1	1.005019974631455	correct_baseline
7915783	2024	1	0.9928023985273687	correct_baseline
7925720	2022			correct_baseline
7925720	2023			correct_baseline
7925720	2024			correct_baseline
7967494	2022			correct_baseline
7967494	2023			correct_baseline
7967494	2024			correct_baseline
7978544	2022	1	0.936957993683126	correct_baseline
7978544	2023	1	0.9242795935126523	correct_baseline
7978544	2024	1	0.9105594321631176	correct_baseline
7989836	2022	0	0.7044791388582459	correct_baseline
7989836	2023	0	0.4755247470530833	correct_baseline
7989836	2024	0	0.3102823379239723	correct_baseline
8002952	2022	3	1.2241484353564434	correct_baseline
8002952	2023	3	1.2341050863387082	correct_baseline
8002952	2024	3	1.2438659416926667	correct_baseline
8012439	2022	3	1.2332855905399265	correct_baseline
8012439	2023	3	1.2469577072271703	correct_baseline
8012439	2024	3	1.2604919893849027	correct_baseline
8014163	2022	1	0.7707850432661331	correct_baseline
8014163	2023	1	0.7205892712120259	correct_baseline
8014163	2024	1	0.6735247227874654	correct_baseline
8031875	2022			correct_baseline
8031875	2023			correct_baseline
8031875	2024			correct_baseline
8052025	2022			correct_baseline
8052025	2023			correct_baseline
8052025	2024			correct_baseline
8080743	2022	0	0.9182512550403024	correct_baseline
8080743	2023	0	0.6918902244852757	correct_baseline
8080743	2024	0	0.5047696764215799	correct_baseline
8091998	2022	3	1.0274147343266757	correct_baseline
8091998	2023	3	1.0286127276643366	correct_baseline
8091998	2024	3	1.0297937808034243	correct_baseline
8116963	2022			correct_baseline
8116963	2023			correct_baseline
8116963	2024			correct_baseline
8133114	2022	3	1.079486367829853	correct_baseline
8133114	2023	3	1.0955534926653192	correct_baseline
8133114	2024	3	1.1109429421673975	correct_baseline
8149049	2022	1	0.9562712895125203	correct_baseline
8149049	2023	1	0.9567319910001091	correct_baseline
8149049	2024	1	0.9571237257103398	correct_baseline
8149923	2022	3	1.1348269862734734	correct_baseline
8149923	2023	3	1.13382665466007	correct_baseline
8149923	2024	3	1.130468933324999	correct_baseline
8153538	2022			correct_baseline
8153538	2023			correct_baseline
8153538	2024			correct_baseline
8168344	2022	0	0.6866853518805676	correct_baseline
8168344	2023	0	0.625922374070879	correct_baseline
8168344	2024	0	0.5693589565712343	correct_baseline
8170635	2022	3	1.1393951118087824	correct_baseline
8170635	2023	3	1.133888596857452	correct_baseline
8170635	2024	3	1.1281561678779715	correct_baseline
8183217	2022	1	0.8781934244831314	correct_baseline
8183217	2023	1	0.873617752140661	correct_baseline
8183217	2024	1	0.8690527630488337	correct_baseline
8190077	2022	3	1.0370628281489327	correct_baseline
8190077	2023	3	1.0740304965992282	correct_baseline
8190077	2024	3	1.111609702464467	correct_baseline
8190231	2022	3	1.011581728959585	correct_baseline
8190231	2023	1	1.0058423992785093	correct_baseline
8190231	2024	1	1.0000970335880441	correct_baseline
8193111	2022	3	1.0601499899452331	correct_baseline
8193111	2023	3	1.0488836678410183	correct_baseline
8193111	2024	3	1.0374320028645663	correct_baseline
8200663	2022	3	1.3181873360437133	correct_baseline
8200663	2023	3	1.3338958328345685	correct_baseline
8200663	2024	3	1.349596615762453	correct_baseline
8210972	2022			correct_baseline
8210972	2023			correct_baseline
8210972	2024			correct_baseline
8287616	2022			correct_baseline
8287616	2023			correct_baseline
8287616	2024			correct_baseline
8288647	2022	0	0.6865155467860053	correct_baseline
8288647	2023	0	0.4823701586240223	correct_baseline
8288647	2024	0	0.33515880951160587	correct_baseline
8288930	2022	0	0.6497902143554419	correct_baseline
8288930	2023	0	0.6143324748051457	correct_baseline
8288930	2024	0	0.580361872060142	correct_baseline
8298495	2022	3	1.2080844998224518	correct_baseline
8298495	2023	3	1.2220134607118713	correct_baseline
8298495	2024	3	1.2358599414121323	correct_baseline
8313153	2022	1	1.0097284072900596	correct_baseline
8313153	2023	1	1.0079393674935735	correct_baseline
8313153	2024	1	1.0061363821453901	correct_baseline
8323485	2022	0	0.6374467524346836	correct_baseline
8323485	2023	0	0.3315339409840697	correct_baseline
8323485	2024	0	0.15759534469829814	correct_baseline
8332019	2022	1	0.964579804926176	correct_baseline
8332019	2023	1	0.9651289916935081	correct_baseline
8332019	2024	1	0.9656537587737886	correct_baseline
8335191	2022	2	0.870109795025595	correct_baseline
8335191	2023	2	0.9027026335494457	correct_baseline
8335191	2024	2	0.932557119196925	correct_baseline
8342911	2022	1	0.9707173891538875	correct_baseline
8342911	2023	1	0.9717067523302501	correct_baseline
8342911	2024	1	0.9723167865718714	correct_baseline
8358048	2022			correct_baseline
8358048	2023			correct_baseline
8358048	2024			correct_baseline
8362005	2022	0	0.7618242937708923	correct_baseline
8362005	2023	1	0.7821680673310698	correct_baseline
8362005	2024	1	0.781347999719763	correct_baseline
8373355	2022	3	1.3983679851826818	correct_baseline
8373355	2023	3	1.5231292639672838	correct_baseline
8373355	2024	3	1.6562807628772567	correct_baseline
8400045	2022			correct_baseline
8400045	2023			correct_baseline
8400045	2024			correct_baseline
8406661	2022			correct_baseline
8406661	2023			correct_baseline
8406661	2024			correct_baseline
8408816	2022			correct_baseline
8408816	2023			correct_baseline
8408816	2024			correct_baseline
8418338	2022			correct_baseline
8418338	2023			correct_baseline
8418338	2024			correct_baseline
8421432	2022			correct_baseline
8421432	2023			correct_baseline
8421432	2024			correct_baseline
8427624	2022	3	1.3414513916854467	correct_baseline
8427624	2023	3	1.3576875978449712	correct_baseline
8427624	2024	3	1.3738579432270477	correct_baseline
8485639	2022	1	0.8368619151318875	correct_baseline
8485639	2023	1	0.8140190449882913	correct_baseline
8485639	2024	1	0.7903164754471367	correct_baseline
8537667	2022	3	1.1448352485361644	correct_baseline
8537667	2023	3	1.1491219485595052	correct_baseline
8537667	2024	3	1.1514841017245312	correct_baseline
8542672	2022	1	0.9092069390150607	correct_baseline
8542672	2023	1	0.8831708074192062	correct_baseline
8542672	2024	1	0.8554166943762446	correct_baseline
8584304	2022	3	1.0158112164129907	correct_baseline
8584304	2023	1	1.0070563889631772	correct_baseline
8584304	2024	1	0.9981434478305332	correct_baseline
8599762	2022	0	0.6547597658067454	correct_baseline
8599762	2023	0	0.3669663004456129	correct_baseline
8599762	2024	0	0.18271161638615283	correct_baseline
8699607	2022	3	1.0406617328586474	correct_baseline
8699607	2023	3	1.0407169200634836	correct_baseline
8699607	2024	3	1.0407535749493497	correct_baseline
8701771	2022	3	1.0919510168318278	basic
8701771	2023	3	1.5412239307562474	basic
8701771	2024	3	1.578691749237019	basic
8740315	2022			basic
8740315	2023			basic
8740315	2024			basic
8741260	2022	3	1.398125694699888	correct_baseline
8741260	2023	3	1.4179421458561168	correct_baseline
8741260	2024	3	1.4378823427954386	correct_baseline
8745918	2022	2	0.7665485231303847	correct_baseline
8745918	2023	2	0.8398638764458812	correct_baseline
8745918	2024	2	0.9171465467787657	correct_baseline
8790531	2022			correct_baseline
8790531	2023			correct_baseline
8790531	2024			correct_baseline
8848208	2022	3	1.057583559243715	correct_baseline
8848208	2023	3	1.0613916231239642	correct_baseline
8848208	2024	3	1.0646194355826564	correct_baseline
8889878	2022	1	0.9829362301925509	correct_baseline
8889878	2023	1	0.9462075460676774	correct_baseline
8889878	2024	1	0.9103596943879432	correct_baseline
8909595	2022	3	1.2562153630215038	correct_baseline
8909595	2023	3	1.2689862177012619	correct_baseline
8909595	2024	3	1.2818461420648257	correct_baseline
8911082	2022	3	1.2236015878934827	correct_baseline
8911082	2023	3	1.2450155881771352	correct_baseline
8911082	2024	3	1.2665456108972815	correct_baseline
8946295	2022	3	1.1504380642582108	correct_baseline
8946295	2023	3	1.1660255192126798	correct_baseline
8946295	2024	3	1.1810683136380853	correct_baseline
8969026	2022	1	0.9074481919994726	correct_baseline
8969026	2023	1	0.9019945799299669	correct_baseline
8969026	2024	1	0.896490680666695	correct_baseline
8993502	2022	0	0.692956575836276	correct_baseline
8993502	2023	0	0.5834114473521854	correct_baseline
8993502	2024	0	0.4864776295763274	correct_baseline
8994150	2022	1	0.9646951158046754	correct_baseline
8994150	2023	1	0.9629400570511699	correct_baseline
8994150	2024	1	0.9611838644898147	correct_baseline
9018536	2022			correct_baseline
9018536	2023			correct_baseline
9018536	2024			correct_baseline
9073641	2022	3	1.064236178177486	correct_baseline
9073641	2023	3	1.0731835034562043	correct_baseline
9073641	2024	3	1.0781353307571486	correct_baseline
9078997	2022			correct_baseline
9078997	2023			correct_baseline
9078997	2024			correct_baseline
9080185	2022	3	1.1277364086037993	correct_baseline
9080185	2023	3	1.1334698152606903	correct_baseline
9080185	2024	3	1.1392094675268776	correct_baseline
9148577	2022	1	0.9728520320500071	correct_baseline
9148577	2023	1	0.9769710145089442	correct_baseline
9148577	2024	1	0.980945696705364	correct_baseline
9151957	2022	3	1.3003764304960843	correct_baseline
9151957	2023	3	1.3192696468065368	correct_baseline
9151957	2024	3	1.338160364854539	correct_baseline
9153437	2022	3	1.0571728007578343	correct_baseline
9153437	2023	3	1.094348937158398	correct_baseline
9153437	2024	3	1.132157117016839	correct_baseline
9177060	2022	1	0.9849547949618666	correct_baseline
9177060	2023	1	0.9863515773614092	correct_baseline
9177060	2024	1	0.9877195201723362	correct_baseline
9182765	2022	1	0.8219036427504451	correct_baseline
9182765	2023	1	0.8206060809646673	correct_baseline
9182765	2024	1	0.8190977234648709	correct_baseline
9185677	2022			correct_baseline
9185677	2023			correct_baseline
9185677	2024			correct_baseline
9188840	2022	3	1.0347417360121933	correct_baseline
9188840	2023	3	1.0401463800557287	correct_baseline
9188840	2024	3	1.0454193139480235	correct_baseline
9202318	2022	3	1.1346069088410033	correct_baseline
9202318	2023	3	1.137820170291552	correct_baseline
9202318	2024	3	1.1410312753101735	correct_baseline
9206251	2022	3	1.0509933510934877	correct_baseline
9206251	2023	3	1.0488492718919689	correct_baseline
9206251	2024	3	1.0463091199128778	correct_baseline
9235549	2022	0	0.6292020558252784	correct_baseline
9235549	2023	0	0.6228777952034696	correct_baseline
9235549	2024	0	0.6164516552271916	correct_baseline
9254355	2022			correct_baseline
9254355	2023			correct_baseline
9254355	2024			correct_baseline
9305555	2022	3	1.0631110553754488	correct_baseline
9305555	2023	3	1.0299250237659177	correct_baseline
9305555	2024	1	0.9944145594486729	correct_baseline
9326020	2022	1	0.886783110164243	correct_baseline
9326020	2023	1	0.8364647814873655	correct_baseline
9326020	2024	1	0.7861256728240902	correct_baseline
9340142	2022			correct_baseline
9340142	2023			correct_baseline
9340142	2024			correct_baseline
9350124	2022			correct_baseline
9350124	2023			correct_baseline
9350124	2024			correct_baseline
9376410	2022	1	0.9661897655141641	correct_baseline
9376410	2023	1	0.9559381278949358	correct_baseline
9376410	2024	1	0.9435150857030411	correct_baseline
9382645	2022			correct_baseline
9382645	2023			correct_baseline
9382645	2024			correct_baseline
9398259	2022	3	1.025684467893949	correct_baseline
9398259	2023	3	1.0156410022701945	correct_baseline
9398259	2024	1	1.005562820988156	correct_baseline
9419993	2022	0	0.7556808664448048	correct_baseline
9419993	2023	0	0.6007483142685073	correct_baseline
9419993	2024	0	0.4685671958154277	correct_baseline
9422220	2022	0	0.6656379926110698	correct_baseline
9422220	2023	0	0.6578005990203205	correct_baseline
9422220	2024	0	0.6500300737110234	correct_baseline
9440906	2022			correct_baseline
9440906	2023			correct_baseline
9440906	2024			correct_baseline
9442269	2022			correct_baseline
9442269	2023			correct_baseline
9442269	2024			correct_baseline
9451184	2022	0	0.8938103512921591	correct_baseline
9451184	2023	0	0.7151618065388806	correct_baseline
9451184	2024	0	0.566953498670363	correct_baseline
9496048	2022	3	1.0116203086041962	correct_baseline
9496048	2023	3	1.0206847386750444	correct_baseline
9496048	2024	3	1.0291625817618757	correct_baseline
9508460	2022	1	0.9417549625693317	correct_baseline
9508460	2023	1	0.9359237722931528	correct_baseline
9508460	2024	1	0.929747880459777	correct_baseline
9520065	2022	0	0.4390259643149801	correct_baseline
9520065	2023	0	0.4155558611572382	correct_baseline
9520065	2024	0	0.39332688518065995	correct_baseline
9592414	2022			correct_baseline
9592414	2023			correct_baseline
9592414	2024			correct_baseline
9606290	2022			correct_baseline
9606290	2023			correct_baseline
9606290	2024			correct_baseline
9673106	2022	0	0.7271921087036167	correct_baseline
9673106	2023	0	0.7069589517453926	correct_baseline
9673106	2024	0	0.6865822797374687	correct_baseline
9752149	2022	3	1.0586067694565506	correct_baseline
9752149	2023	3	1.056507895416864	correct_baseline
9752149	2024	3	1.0543985701222542	correct_baseline
9823072	2022	3	1.146199951363924	correct_baseline
9823072	2023	3	1.1565692469102447	correct_baseline
9823072	2024	3	1.1667946002365717	correct_baseline
9890104	2022			correct_baseline
9890104	2023			correct_baseline
9890104	2024			correct_baseline
10071055	2022	3	1.0368884507680864	correct_baseline
10071055	2023	3	1.0362256602122202	correct_baseline
10071055	2024	3	1.035469807216902	correct_baseline
10095118	2022			correct_baseline
10095118	2023			correct_baseline
10095118	2024			correct_baseline
10755213	2022	0	0.7295925106063805	correct_baseline
10755213	2023	0	0.706023479863162	correct_baseline
10755213	2024	0	0.682688480084675	correct_baseline
10769750	2022	1	0.849174822535108	correct_baseline
10769750	2023	1	0.845397430647974	correct_baseline
10769750	2024	1	0.8416133002846349	correct_baseline
10786206	2022	1	0.8652388842139705	correct_baseline
10786206	2023	1	0.8672692170340939	correct_baseline
10786206	2024	1	0.868861895705079	correct_baseline
10801424	2022			correct_baseline
10801424	2023			correct_baseline
10801424	2024			correct_baseline
10852031	2022			correct_baseline
10852031	2023			correct_baseline
10852031	2024			correct_baseline
10902460	2022			correct_baseline
10902460	2023			correct_baseline
10902460	2024			correct_baseline
10953644	2022			correct_baseline
10953644	2023			correct_baseline
10953644	2024			correct_baseline
11007246	2022	3	1.0760687944597755	correct_baseline
11007246	2023	3	1.043154746726115	correct_baseline
11007246	2024	1	1.0047997684661132	correct_baseline
11104870	2022			correct_baseline
11104870	2023			correct_baseline
11104870	2024			correct_baseline
11162940	2022	1	0.9339921579905455	correct_baseline
11162940	2023	1	0.9284939135477409	correct_baseline
11162940	2024	1	0.9228828609732962	correct_baseline
11921804	2022			correct_baseline
11921804	2023			correct_baseline
11921804	2024			correct_baseline
12187916	2022	1	0.7242867897430698	correct_baseline
12187916	2023	1	0.7105823836093726	correct_baseline
12187916	2024	1	0.6970036776968898	correct_baseline
